question_id,method,itq_seed,N_archive,unique_document_codes,unique_document_code_fraction,duplicate_code_fraction,largest_collision_bucket,query_exact_code_match_count,query_exact_code_match_fraction
001be529,SIGN96_CENTERED,,514,510.0,0.9922178988326849,0.0077821011673151474,2,0.0,0.0
001be529,ITQ96_CENTERED,101.0,514,441.0,0.857976653696498,0.142023346303502,5,0.0,0.0
001be529,ITQ96_CENTERED,202.0,514,443.0,0.8618677042801557,0.1381322957198443,5,0.0,0.0
001be529,ITQ96_CENTERED,303.0,514,449.0,0.8735408560311284,0.1264591439688716,5,0.0,0.0
001be529,ITQ96_CENTERED,404.0,514,455.0,0.8852140077821011,0.11478599221789887,4,0.0,0.0
001be529,ITQ96_CENTERED,505.0,514,448.0,0.8715953307392996,0.12840466926070038,5,0.0,0.0
00ca467f,SIGN96_CENTERED,,486,486.0,1.0,0.0,1,0.0,0.0
00ca467f,ITQ96_CENTERED,101.0,486,450.0,0.9259259259259259,0.07407407407407407,5,0.0,0.0
00ca467f,ITQ96_CENTERED,202.0,486,448.0,0.9218106995884774,0.07818930041152261,4,0.0,0.0
00ca467f,ITQ96_CENTERED,303.0,486,447.0,0.9197530864197531,0.08024691358024694,4,0.0,0.0
00ca467f,ITQ96_CENTERED,404.0,486,449.0,0.9238683127572016,0.0761316872427984,4,0.0,0.0
00ca467f,ITQ96_CENTERED,505.0,486,452.0,0.9300411522633745,0.06995884773662553,4,0.0,0.0
0100672e,SIGN96_CENTERED,,486,484.0,0.9958847736625515,0.004115226337448541,3,0.0,0.0
0100672e,ITQ96_CENTERED,101.0,486,442.0,0.9094650205761317,0.09053497942386834,4,0.0,0.0
0100672e,ITQ96_CENTERED,202.0,486,445.0,0.9156378600823045,0.08436213991769548,5,0.0,0.0
0100672e,ITQ96_CENTERED,303.0,486,438.0,0.9012345679012346,0.09876543209876543,6,0.0,0.0
0100672e,ITQ96_CENTERED,404.0,486,438.0,0.9012345679012346,0.09876543209876543,4,0.0,0.0
0100672e,ITQ96_CENTERED,505.0,486,436.0,0.897119341563786,0.10288065843621397,5,0.0,0.0
01493427,SIGN96_CENTERED,,487,487.0,1.0,0.0,1,0.0,0.0
01493427,ITQ96_CENTERED,101.0,487,452.0,0.9281314168377823,0.07186858316221767,5,0.0,0.0
01493427,ITQ96_CENTERED,202.0,487,450.0,0.9240246406570842,0.07597535934291577,4,0.0,0.0
01493427,ITQ96_CENTERED,303.0,487,449.0,0.9219712525667351,0.07802874743326493,4,0.0,0.0
01493427,ITQ96_CENTERED,404.0,487,447.0,0.917864476386037,0.08213552361396304,5,0.0,0.0
01493427,ITQ96_CENTERED,505.0,487,446.0,0.9158110882956879,0.08418891170431209,5,0.0,0.0
031748ae,SIGN96_CENTERED,,494,494.0,1.0,0.0,1,0.0,0.0
031748ae,ITQ96_CENTERED,101.0,494,432.0,0.8744939271255061,0.1255060728744939,4,0.0,0.0
031748ae,ITQ96_CENTERED,202.0,494,428.0,0.8663967611336032,0.1336032388663968,4,0.0,0.0
031748ae,ITQ96_CENTERED,303.0,494,423.0,0.8562753036437247,0.14372469635627527,7,0.0,0.0
031748ae,ITQ96_CENTERED,404.0,494,423.0,0.8562753036437247,0.14372469635627527,5,0.0,0.0
031748ae,ITQ96_CENTERED,505.0,494,433.0,0.8765182186234818,0.12348178137651822,4,0.0,0.0
06878be2,SIGN96_CENTERED,,443,443.0,1.0,0.0,1,0.0,0.0
06878be2,ITQ96_CENTERED,101.0,443,419.0,0.945823927765237,0.05417607223476295,3,0.0,0.0
06878be2,ITQ96_CENTERED,202.0,443,415.0,0.9367945823927766,0.06320541760722342,4,0.0,0.0
06878be2,ITQ96_CENTERED,303.0,443,416.0,0.9390519187358917,0.060948081264108334,3,0.0,0.0
06878be2,ITQ96_CENTERED,404.0,443,419.0,0.945823927765237,0.05417607223476295,3,0.0,0.0
06878be2,ITQ96_CENTERED,505.0,443,424.0,0.9571106094808126,0.04288939051918739,4,0.0,0.0
06db6396,SIGN96_CENTERED,,479,479.0,1.0,0.0,1,0.0,0.0
06db6396,ITQ96_CENTERED,101.0,479,426.0,0.8893528183716075,0.11064718162839249,8,0.0,0.0
06db6396,ITQ96_CENTERED,202.0,479,423.0,0.8830897703549061,0.1169102296450939,8,0.0,0.0
06db6396,ITQ96_CENTERED,303.0,479,432.0,0.9018789144050104,0.09812108559498955,8,0.0,0.0
06db6396,ITQ96_CENTERED,404.0,479,426.0,0.8893528183716075,0.11064718162839249,8,0.0,0.0
06db6396,ITQ96_CENTERED,505.0,479,424.0,0.8851774530271399,0.1148225469728601,8,0.0,0.0
06f04340,SIGN96_CENTERED,,503,501.0,0.9960238568588469,0.003976143141153132,2,0.0,0.0
06f04340,ITQ96_CENTERED,101.0,503,449.0,0.8926441351888668,0.10735586481113324,3,0.0,0.0
06f04340,ITQ96_CENTERED,202.0,503,452.0,0.8986083499005965,0.10139165009940354,4,0.0,0.0
06f04340,ITQ96_CENTERED,303.0,503,448.0,0.8906560636182903,0.1093439363817097,5,0.0,0.0
06f04340,ITQ96_CENTERED,404.0,503,449.0,0.8926441351888668,0.10735586481113324,4,0.0,0.0
06f04340,ITQ96_CENTERED,505.0,503,453.0,0.9005964214711729,0.09940357852882709,5,0.0,0.0
07741c44,SIGN96_CENTERED,,513,513.0,1.0,0.0,1,0.0,0.0
07741c44,ITQ96_CENTERED,101.0,513,464.0,0.9044834307992202,0.09551656920077978,4,0.0,0.0
07741c44,ITQ96_CENTERED,202.0,513,465.0,0.9064327485380117,0.0935672514619883,5,0.0,0.0
07741c44,ITQ96_CENTERED,303.0,513,459.0,0.8947368421052632,0.10526315789473684,3,0.0,0.0
07741c44,ITQ96_CENTERED,404.0,513,462.0,0.9005847953216374,0.09941520467836262,3,0.0,0.0
07741c44,ITQ96_CENTERED,505.0,513,454.0,0.884990253411306,0.115009746588694,4,0.0,0.0
07741c45,SIGN96_CENTERED,,527,520.0,0.9867172675521821,0.013282732447817858,4,0.0,0.0
07741c45,ITQ96_CENTERED,101.0,527,450.0,0.8538899430740038,0.1461100569259962,5,0.0,0.0
07741c45,ITQ96_CENTERED,202.0,527,435.0,0.825426944971537,0.174573055028463,7,0.0,0.0
07741c45,ITQ96_CENTERED,303.0,527,451.0,0.855787476280835,0.14421252371916504,5,0.0,0.0
07741c45,ITQ96_CENTERED,404.0,527,440.0,0.8349146110056926,0.16508538899430736,5,0.0,0.0
07741c45,ITQ96_CENTERED,505.0,527,445.0,0.8444022770398482,0.15559772296015184,5,0.0,0.0
078150f1,SIGN96_CENTERED,,551,548.0,0.9945553539019963,0.005444646098003658,2,0.0,0.0
078150f1,ITQ96_CENTERED,101.0,551,473.0,0.8584392014519057,0.14156079854809434,6,0.0,0.0
078150f1,ITQ96_CENTERED,202.0,551,477.0,0.8656987295825771,0.1343012704174229,5,0.0,0.0
078150f1,ITQ96_CENTERED,303.0,551,485.0,0.8802177858439202,0.11978221415607981,5,0.0,0.0
078150f1,ITQ96_CENTERED,404.0,551,473.0,0.8584392014519057,0.14156079854809434,5,0.0,0.0
078150f1,ITQ96_CENTERED,505.0,551,475.0,0.8620689655172413,0.13793103448275867,5,0.0,0.0
07b6f563,SIGN96_CENTERED,,524,521.0,0.9942748091603053,0.005725190839694694,3,0.0,0.0
07b6f563,ITQ96_CENTERED,101.0,524,468.0,0.8931297709923665,0.10687022900763354,9,0.0,0.0
07b6f563,ITQ96_CENTERED,202.0,524,457.0,0.8721374045801527,0.12786259541984735,9,0.0,0.0
07b6f563,ITQ96_CENTERED,303.0,524,452.0,0.8625954198473282,0.13740458015267176,7,0.0,0.0
07b6f563,ITQ96_CENTERED,404.0,524,457.0,0.8721374045801527,0.12786259541984735,9,0.0,0.0
07b6f563,ITQ96_CENTERED,505.0,524,449.0,0.8568702290076335,0.14312977099236646,7,0.0,0.0
0862e8bf,SIGN96_CENTERED,,490,489.0,0.9979591836734694,0.0020408163265306367,2,0.0,0.0
0862e8bf,ITQ96_CENTERED,101.0,490,412.0,0.8408163265306122,0.15918367346938778,8,0.0,0.0
0862e8bf,ITQ96_CENTERED,202.0,490,410.0,0.8367346938775511,0.16326530612244894,7,0.0,0.0
0862e8bf,ITQ96_CENTERED,303.0,490,409.0,0.8346938775510204,0.16530612244897958,8,0.0,0.0
0862e8bf,ITQ96_CENTERED,404.0,490,405.0,0.826530612244898,0.173469387755102,7,0.0,0.0
0862e8bf,ITQ96_CENTERED,505.0,490,413.0,0.8428571428571429,0.15714285714285714,6,0.0,0.0
08e075c7,SIGN96_CENTERED,,484,482.0,0.9958677685950413,0.004132231404958664,3,0.0,0.0
08e075c7,ITQ96_CENTERED,101.0,484,419.0,0.8657024793388429,0.13429752066115708,7,0.0,0.0
08e075c7,ITQ96_CENTERED,202.0,484,428.0,0.8842975206611571,0.11570247933884292,7,0.0,0.0
08e075c7,ITQ96_CENTERED,303.0,484,420.0,0.8677685950413223,0.1322314049586777,7,0.0,0.0
08e075c7,ITQ96_CENTERED,404.0,484,432.0,0.8925619834710744,0.1074380165289256,7,0.0,0.0
08e075c7,ITQ96_CENTERED,505.0,484,426.0,0.8801652892561983,0.1198347107438017,7,0.0,0.0
08f4fc43,SIGN96_CENTERED,,480,480.0,1.0,0.0,1,0.0,0.0
08f4fc43,ITQ96_CENTERED,101.0,480,427.0,0.8895833333333333,0.11041666666666672,4,0.0,0.0
08f4fc43,ITQ96_CENTERED,202.0,480,420.0,0.875,0.125,4,0.0,0.0
08f4fc43,ITQ96_CENTERED,303.0,480,418.0,0.8708333333333333,0.12916666666666665,4,0.0,0.0
08f4fc43,ITQ96_CENTERED,404.0,480,418.0,0.8708333333333333,0.12916666666666665,4,0.0,0.0
08f4fc43,ITQ96_CENTERED,505.0,480,425.0,0.8854166666666666,0.11458333333333337,4,0.0,0.0
0977f2af,SIGN96_CENTERED,,484,480.0,0.9917355371900827,0.008264462809917328,2,0.0,0.0
0977f2af,ITQ96_CENTERED,101.0,484,422.0,0.871900826446281,0.12809917355371903,12,0.0,0.0
0977f2af,ITQ96_CENTERED,202.0,484,424.0,0.8760330578512396,0.12396694214876036,9,0.0,0.0
0977f2af,ITQ96_CENTERED,303.0,484,425.0,0.878099173553719,0.12190082644628097,9,0.0,0.0
0977f2af,ITQ96_CENTERED,404.0,484,423.0,0.8739669421487604,0.12603305785123964,11,0.0,0.0
0977f2af,ITQ96_CENTERED,505.0,484,424.0,0.8760330578512396,0.12396694214876036,12,0.0,0.0
099778bb,SIGN96_CENTERED,,466,464.0,0.9957081545064378,0.0042918454935622075,2,0.0,0.0
099778bb,ITQ96_CENTERED,101.0,466,416.0,0.8927038626609443,0.10729613733905574,6,0.0,0.0
099778bb,ITQ96_CENTERED,202.0,466,413.0,0.8862660944206009,0.11373390557939911,5,0.0,0.0
099778bb,ITQ96_CENTERED,303.0,466,414.0,0.8884120171673819,0.11158798283261806,5,0.0,0.0
099778bb,ITQ96_CENTERED,404.0,466,416.0,0.8927038626609443,0.10729613733905574,5,0.0,0.0
099778bb,ITQ96_CENTERED,505.0,466,416.0,0.8927038626609443,0.10729613733905574,5,0.0,0.0
09ba9854,SIGN96_CENTERED,,479,479.0,1.0,0.0,1,0.0,0.0
09ba9854,ITQ96_CENTERED,101.0,479,433.0,0.9039665970772442,0.09603340292275575,4,0.0,0.0
09ba9854,ITQ96_CENTERED,202.0,479,441.0,0.9206680584551148,0.07933194154488521,4,0.0,0.0
09ba9854,ITQ96_CENTERED,303.0,479,442.0,0.9227557411273486,0.0772442588726514,4,0.0,0.0
09ba9854,ITQ96_CENTERED,404.0,479,441.0,0.9206680584551148,0.07933194154488521,6,0.0,0.0
09ba9854,ITQ96_CENTERED,505.0,479,437.0,0.9123173277661796,0.08768267223382042,4,0.0,0.0
09d032c9,SIGN96_CENTERED,,481,480.0,0.997920997920998,0.0020790020790020236,2,0.0,0.0
09d032c9,ITQ96_CENTERED,101.0,481,433.0,0.9002079002079002,0.0997920997920998,6,0.0,0.0
09d032c9,ITQ96_CENTERED,202.0,481,432.0,0.8981288981288982,0.10187110187110182,6,0.0,0.0
09d032c9,ITQ96_CENTERED,303.0,481,438.0,0.9106029106029107,0.08939708939708935,7,0.0,0.0
09d032c9,ITQ96_CENTERED,404.0,481,433.0,0.9002079002079002,0.0997920997920998,6,0.0,0.0
09d032c9,ITQ96_CENTERED,505.0,481,435.0,0.9043659043659044,0.09563409563409564,6,0.0,0.0
0a34ad58,SIGN96_CENTERED,,485,484.0,0.9979381443298969,0.0020618556701030855,2,0.0,0.0
0a34ad58,ITQ96_CENTERED,101.0,485,431.0,0.8886597938144329,0.11134020618556706,7,0.0,0.0
0a34ad58,ITQ96_CENTERED,202.0,485,441.0,0.9092783505154639,0.0907216494845361,7,0.0,0.0
0a34ad58,ITQ96_CENTERED,303.0,485,442.0,0.911340206185567,0.08865979381443301,7,0.0,0.0
0a34ad58,ITQ96_CENTERED,404.0,485,440.0,0.9072164948453608,0.09278350515463918,7,0.0,0.0
0a34ad58,ITQ96_CENTERED,505.0,485,449.0,0.9257731958762887,0.0742268041237113,5,0.0,0.0
0a995998,SIGN96_CENTERED,,484,483.0,0.9979338842975206,0.0020661157024793875,2,0.0,0.0
0a995998,ITQ96_CENTERED,101.0,484,451.0,0.9318181818181818,0.06818181818181823,7,0.0,0.0
0a995998,ITQ96_CENTERED,202.0,484,446.0,0.9214876033057852,0.07851239669421484,7,0.0,0.0
0a995998,ITQ96_CENTERED,303.0,484,452.0,0.9338842975206612,0.06611570247933884,7,0.0,0.0
0a995998,ITQ96_CENTERED,404.0,484,447.0,0.9235537190082644,0.07644628099173556,7,0.0,0.0
0a995998,ITQ96_CENTERED,505.0,484,449.0,0.9276859504132231,0.0723140495867769,7,0.0,0.0
0bb5a684,SIGN96_CENTERED,,463,458.0,0.9892008639308856,0.010799136069114423,2,0.0,0.0
0bb5a684,ITQ96_CENTERED,101.0,463,419.0,0.9049676025917927,0.09503239740820735,9,0.0,0.0
0bb5a684,ITQ96_CENTERED,202.0,463,414.0,0.8941684665226782,0.10583153347732177,9,0.0,0.0
0bb5a684,ITQ96_CENTERED,303.0,463,418.0,0.9028077753779697,0.09719222462203025,9,0.0,0.0
0bb5a684,ITQ96_CENTERED,404.0,463,412.0,0.8898488120950324,0.11015118790496758,9,0.0,0.0
0bb5a684,ITQ96_CENTERED,505.0,463,417.0,0.9006479481641468,0.09935205183585316,9,0.0,0.0
0bc8ad92,SIGN96_CENTERED,,443,440.0,0.9932279909706546,0.006772009029345383,2,0.0,0.0
0bc8ad92,ITQ96_CENTERED,101.0,443,400.0,0.9029345372460497,0.09706546275395034,4,0.0,0.0
0bc8ad92,ITQ96_CENTERED,202.0,443,399.0,0.9006772009029346,0.09932279909706543,3,0.0,0.0
0bc8ad92,ITQ96_CENTERED,303.0,443,400.0,0.9029345372460497,0.09706546275395034,3,0.0,0.0
0bc8ad92,ITQ96_CENTERED,404.0,443,403.0,0.909706546275395,0.09029345372460496,3,0.0,0.0
0bc8ad92,ITQ96_CENTERED,505.0,443,401.0,0.9051918735891648,0.09480812641083525,3,0.0,0.0
0bc8ad93,SIGN96_CENTERED,,486,483.0,0.9938271604938271,0.006172839506172867,3,0.0,0.0
0bc8ad93,ITQ96_CENTERED,101.0,486,442.0,0.9094650205761317,0.09053497942386834,6,0.0,0.0
0bc8ad93,ITQ96_CENTERED,202.0,486,445.0,0.9156378600823045,0.08436213991769548,6,0.0,0.0
0bc8ad93,ITQ96_CENTERED,303.0,486,436.0,0.897119341563786,0.10288065843621397,6,0.0,0.0
0bc8ad93,ITQ96_CENTERED,404.0,486,440.0,0.9053497942386831,0.09465020576131689,7,0.0,0.0
0bc8ad93,ITQ96_CENTERED,505.0,486,437.0,0.8991769547325102,0.10082304526748975,7,0.0,0.0
0db4c65d,SIGN96_CENTERED,,462,461.0,0.9978354978354979,0.0021645021645021467,2,0.0,0.0
0db4c65d,ITQ96_CENTERED,101.0,462,420.0,0.9090909090909091,0.09090909090909094,5,0.0,0.0
0db4c65d,ITQ96_CENTERED,202.0,462,412.0,0.8917748917748918,0.10822510822510822,5,0.0,0.0
0db4c65d,ITQ96_CENTERED,303.0,462,406.0,0.8787878787878788,0.12121212121212122,5,0.0,0.0
0db4c65d,ITQ96_CENTERED,404.0,462,412.0,0.8917748917748918,0.10822510822510822,6,0.0,0.0
0db4c65d,ITQ96_CENTERED,505.0,462,417.0,0.9025974025974026,0.09740259740259738,5,0.0,0.0
0ddfec37,SIGN96_CENTERED,,483,481.0,0.9958592132505176,0.0041407867494823725,3,0.0,0.0
0ddfec37,ITQ96_CENTERED,101.0,483,422.0,0.8737060041407867,0.1262939958592133,7,0.0,0.0
0ddfec37,ITQ96_CENTERED,202.0,483,422.0,0.8737060041407867,0.1262939958592133,7,0.0,0.0
0ddfec37,ITQ96_CENTERED,303.0,483,422.0,0.8737060041407867,0.1262939958592133,7,0.0,0.0
0ddfec37,ITQ96_CENTERED,404.0,483,422.0,0.8737060041407867,0.1262939958592133,7,0.0,0.0
0ddfec37,ITQ96_CENTERED,505.0,483,424.0,0.8778467908902692,0.12215320910973082,7,0.0,0.0
0e4e4c46,SIGN96_CENTERED,,481,481.0,1.0,0.0,1,0.0,0.0
0e4e4c46,ITQ96_CENTERED,101.0,481,440.0,0.9147609147609148,0.08523908523908519,5,0.0,0.0
0e4e4c46,ITQ96_CENTERED,202.0,481,432.0,0.8981288981288982,0.10187110187110182,5,0.0,0.0
0e4e4c46,ITQ96_CENTERED,303.0,481,433.0,0.9002079002079002,0.0997920997920998,4,0.0,0.0
0e4e4c46,ITQ96_CENTERED,404.0,481,427.0,0.8877338877338877,0.11226611226611227,5,0.0,0.0
0e4e4c46,ITQ96_CENTERED,505.0,481,434.0,0.9022869022869023,0.09771309771309766,5,0.0,0.0
0e5e2d1a,SIGN96_CENTERED,,450,448.0,0.9955555555555555,0.004444444444444473,2,0.0,0.0
0e5e2d1a,ITQ96_CENTERED,101.0,450,397.0,0.8822222222222222,0.11777777777777776,4,4.0,0.008888888888888889
0e5e2d1a,ITQ96_CENTERED,202.0,450,396.0,0.88,0.12,4,1.0,0.0022222222222222222
0e5e2d1a,ITQ96_CENTERED,303.0,450,397.0,0.8822222222222222,0.11777777777777776,6,6.0,0.013333333333333334
0e5e2d1a,ITQ96_CENTERED,404.0,450,398.0,0.8844444444444445,0.11555555555555552,4,3.0,0.006666666666666667
0e5e2d1a,ITQ96_CENTERED,505.0,450,399.0,0.8866666666666667,0.11333333333333329,4,4.0,0.008888888888888889
0ea62687,SIGN96_CENTERED,,460,460.0,1.0,0.0,1,0.0,0.0
0ea62687,ITQ96_CENTERED,101.0,460,408.0,0.8869565217391304,0.11304347826086958,6,0.0,0.0
0ea62687,ITQ96_CENTERED,202.0,460,419.0,0.9108695652173913,0.08913043478260874,6,0.0,0.0
0ea62687,ITQ96_CENTERED,303.0,460,417.0,0.9065217391304348,0.09347826086956523,6,0.0,0.0
0ea62687,ITQ96_CENTERED,404.0,460,416.0,0.9043478260869565,0.09565217391304348,4,0.0,0.0
0ea62687,ITQ96_CENTERED,505.0,460,417.0,0.9065217391304348,0.09347826086956523,5,0.0,0.0
0edc2aef,SIGN96_CENTERED,,475,473.0,0.9957894736842106,0.004210526315789442,3,0.0,0.0
0edc2aef,ITQ96_CENTERED,101.0,475,420.0,0.8842105263157894,0.11578947368421055,5,0.0,0.0
0edc2aef,ITQ96_CENTERED,202.0,475,426.0,0.8968421052631579,0.10315789473684212,4,0.0,0.0
0edc2aef,ITQ96_CENTERED,303.0,475,412.0,0.8673684210526316,0.13263157894736843,6,0.0,0.0
0edc2aef,ITQ96_CENTERED,404.0,475,416.0,0.8757894736842106,0.12421052631578944,4,0.0,0.0
0edc2aef,ITQ96_CENTERED,505.0,475,417.0,0.8778947368421053,0.12210526315789472,6,0.0,0.0
0f05491a,SIGN96_CENTERED,,489,488.0,0.9979550102249489,0.002044989775051076,2,0.0,0.0
0f05491a,ITQ96_CENTERED,101.0,489,429.0,0.8773006134969326,0.12269938650306744,6,0.0,0.0
0f05491a,ITQ96_CENTERED,202.0,489,442.0,0.9038854805725971,0.0961145194274029,6,0.0,0.0
0f05491a,ITQ96_CENTERED,303.0,489,433.0,0.885480572597137,0.11451942740286303,7,0.0,0.0
0f05491a,ITQ96_CENTERED,404.0,489,432.0,0.8834355828220859,0.1165644171779141,7,0.0,0.0
0f05491a,ITQ96_CENTERED,505.0,489,432.0,0.8834355828220859,0.1165644171779141,6,0.0,0.0
10d9b85a,SIGN96_CENTERED,,466,465.0,0.9978540772532188,0.0021459227467811592,2,0.0,0.0
10d9b85a,ITQ96_CENTERED,101.0,466,434.0,0.9313304721030042,0.06866952789699576,4,0.0,0.0
10d9b85a,ITQ96_CENTERED,202.0,466,432.0,0.927038626609442,0.07296137339055797,3,0.0,0.0
10d9b85a,ITQ96_CENTERED,303.0,466,431.0,0.924892703862661,0.07510729613733902,3,0.0,0.0
10d9b85a,ITQ96_CENTERED,404.0,466,428.0,0.9184549356223176,0.08154506437768239,4,0.0,0.0
10d9b85a,ITQ96_CENTERED,505.0,466,441.0,0.9463519313304721,0.05364806866952787,3,0.0,0.0
10e09553,SIGN96_CENTERED,,472,470.0,0.9957627118644068,0.004237288135593209,2,0.0,0.0
10e09553,ITQ96_CENTERED,101.0,472,422.0,0.8940677966101694,0.10593220338983056,4,0.0,0.0
10e09553,ITQ96_CENTERED,202.0,472,422.0,0.8940677966101694,0.10593220338983056,5,0.0,0.0
10e09553,ITQ96_CENTERED,303.0,472,421.0,0.8919491525423728,0.10805084745762716,4,0.0,0.0
10e09553,ITQ96_CENTERED,404.0,472,425.0,0.9004237288135594,0.09957627118644063,4,0.0,0.0
10e09553,ITQ96_CENTERED,505.0,472,420.0,0.8898305084745762,0.11016949152542377,4,0.0,0.0
118b2229,SIGN96_CENTERED,,485,483.0,0.9958762886597938,0.004123711340206171,2,0.0,0.0
118b2229,ITQ96_CENTERED,101.0,485,430.0,0.8865979381443299,0.11340206185567014,4,0.0,0.0
118b2229,ITQ96_CENTERED,202.0,485,428.0,0.8824742268041237,0.11752577319587632,4,0.0,0.0
118b2229,ITQ96_CENTERED,303.0,485,435.0,0.8969072164948454,0.1030927835051546,4,0.0,0.0
118b2229,ITQ96_CENTERED,404.0,485,430.0,0.8865979381443299,0.11340206185567014,4,0.0,0.0
118b2229,ITQ96_CENTERED,505.0,485,426.0,0.8783505154639175,0.12164948453608249,4,0.0,0.0
1192316e,SIGN96_CENTERED,,467,467.0,1.0,0.0,1,0.0,0.0
1192316e,ITQ96_CENTERED,101.0,467,440.0,0.9421841541755889,0.05781584582441113,4,0.0,0.0
1192316e,ITQ96_CENTERED,202.0,467,429.0,0.9186295503211992,0.0813704496788008,6,0.0,0.0
1192316e,ITQ96_CENTERED,303.0,467,433.0,0.9271948608137045,0.0728051391862955,5,0.0,0.0
1192316e,ITQ96_CENTERED,404.0,467,429.0,0.9186295503211992,0.0813704496788008,5,0.0,0.0
1192316e,ITQ96_CENTERED,505.0,467,430.0,0.9207708779443254,0.07922912205567456,6,0.0,0.0
129d1232,SIGN96_CENTERED,,451,451.0,1.0,0.0,1,0.0,0.0
129d1232,ITQ96_CENTERED,101.0,451,417.0,0.9246119733924612,0.07538802660753885,6,0.0,0.0
129d1232,ITQ96_CENTERED,202.0,451,420.0,0.9312638580931264,0.0687361419068736,4,0.0,0.0
129d1232,ITQ96_CENTERED,303.0,451,418.0,0.926829268292683,0.07317073170731703,5,0.0,0.0
129d1232,ITQ96_CENTERED,404.0,451,420.0,0.9312638580931264,0.0687361419068736,4,0.0,0.0
129d1232,ITQ96_CENTERED,505.0,451,423.0,0.9379157427937915,0.06208425720620847,5,0.0,0.0
1568498a,SIGN96_CENTERED,,478,476.0,0.99581589958159,0.004184100418409997,2,0.0,0.0
1568498a,ITQ96_CENTERED,101.0,478,409.0,0.8556485355648535,0.14435146443514646,7,0.0,0.0
1568498a,ITQ96_CENTERED,202.0,478,403.0,0.8430962343096234,0.15690376569037656,7,0.0,0.0
1568498a,ITQ96_CENTERED,303.0,478,413.0,0.8640167364016736,0.13598326359832635,7,0.0,0.0
1568498a,ITQ96_CENTERED,404.0,478,403.0,0.8430962343096234,0.15690376569037656,7,0.0,0.0
1568498a,ITQ96_CENTERED,505.0,478,408.0,0.8535564853556485,0.14644351464435146,7,0.0,0.0
15745da0,SIGN96_CENTERED,,474,472.0,0.9957805907172996,0.00421940928270037,2,0.0,0.0
15745da0,ITQ96_CENTERED,101.0,474,428.0,0.9029535864978903,0.09704641350210974,5,0.0,0.0
15745da0,ITQ96_CENTERED,202.0,474,425.0,0.8966244725738397,0.1033755274261603,4,0.0,0.0
15745da0,ITQ96_CENTERED,303.0,474,429.0,0.9050632911392406,0.09493670886075944,4,0.0,0.0
15745da0,ITQ96_CENTERED,404.0,474,429.0,0.9050632911392406,0.09493670886075944,4,0.0,0.0
15745da0,ITQ96_CENTERED,505.0,474,427.0,0.9008438818565401,0.09915611814345993,4,0.0,0.0
157a136e,SIGN96_CENTERED,,503,502.0,0.9980119284294234,0.001988071570576566,2,0.0,0.0
157a136e,ITQ96_CENTERED,101.0,503,435.0,0.8648111332007953,0.13518886679920472,6,0.0,0.0
157a136e,ITQ96_CENTERED,202.0,503,434.0,0.8628230616302187,0.1371769383697813,5,0.0,0.0
157a136e,ITQ96_CENTERED,303.0,503,446.0,0.8866799204771372,0.11332007952286283,5,0.0,0.0
157a136e,ITQ96_CENTERED,404.0,503,432.0,0.8588469184890656,0.14115308151093442,8,0.0,0.0
157a136e,ITQ96_CENTERED,505.0,503,431.0,0.856858846918489,0.14314115308151099,8,0.0,0.0
16c90bf4,SIGN96_CENTERED,,509,508.0,0.9980353634577603,0.0019646365422396617,2,0.0,0.0
16c90bf4,ITQ96_CENTERED,101.0,509,454.0,0.8919449901768173,0.10805500982318272,4,0.0,0.0
16c90bf4,ITQ96_CENTERED,202.0,509,456.0,0.8958742632612967,0.10412573673870329,6,0.0,0.0
16c90bf4,ITQ96_CENTERED,303.0,509,450.0,0.8840864440078585,0.11591355599214148,5,0.0,0.0
16c90bf4,ITQ96_CENTERED,404.0,509,450.0,0.8840864440078585,0.11591355599214148,5,0.0,0.0
16c90bf4,ITQ96_CENTERED,505.0,509,454.0,0.8919449901768173,0.10805500982318272,6,0.0,0.0
184da446,SIGN96_CENTERED,,473,468.0,0.9894291754756871,0.010570824524312905,3,0.0,0.0
184da446,ITQ96_CENTERED,101.0,473,428.0,0.904862579281184,0.09513742071881603,5,0.0,0.0
184da446,ITQ96_CENTERED,202.0,473,429.0,0.9069767441860465,0.09302325581395354,5,0.0,0.0
184da446,ITQ96_CENTERED,303.0,473,424.0,0.8964059196617337,0.10359408033826634,5,0.0,0.0
184da446,ITQ96_CENTERED,404.0,473,425.0,0.8985200845665962,0.10147991543340384,4,0.0,0.0
184da446,ITQ96_CENTERED,505.0,473,428.0,0.904862579281184,0.09513742071881603,5,0.0,0.0
18bc8abd,SIGN96_CENTERED,,436,436.0,1.0,0.0,1,0.0,0.0
18bc8abd,ITQ96_CENTERED,101.0,436,399.0,0.9151376146788991,0.08486238532110091,5,0.0,0.0
18bc8abd,ITQ96_CENTERED,202.0,436,391.0,0.8967889908256881,0.10321100917431192,5,0.0,0.0
18bc8abd,ITQ96_CENTERED,303.0,436,384.0,0.8807339449541285,0.11926605504587151,5,0.0,0.0
18bc8abd,ITQ96_CENTERED,404.0,436,391.0,0.8967889908256881,0.10321100917431192,5,0.0,0.0
18bc8abd,ITQ96_CENTERED,505.0,436,392.0,0.8990825688073395,0.1009174311926605,5,0.0,0.0
18dcd5a5,SIGN96_CENTERED,,503,502.0,0.9980119284294234,0.001988071570576566,2,0.0,0.0
18dcd5a5,ITQ96_CENTERED,101.0,503,440.0,0.8747514910536779,0.1252485089463221,9,0.0,0.0
18dcd5a5,ITQ96_CENTERED,202.0,503,431.0,0.856858846918489,0.14314115308151099,7,0.0,0.0
18dcd5a5,ITQ96_CENTERED,303.0,503,436.0,0.8667992047713717,0.13320079522862827,8,0.0,0.0
18dcd5a5,ITQ96_CENTERED,404.0,503,434.0,0.8628230616302187,0.1371769383697813,7,0.0,0.0
18dcd5a5,ITQ96_CENTERED,505.0,503,425.0,0.8449304174950298,0.15506958250497016,8,0.0,0.0
1903aded,SIGN96_CENTERED,,486,486.0,1.0,0.0,1,0.0,0.0
1903aded,ITQ96_CENTERED,101.0,486,433.0,0.8909465020576132,0.10905349794238683,6,0.0,0.0
1903aded,ITQ96_CENTERED,202.0,486,426.0,0.8765432098765432,0.12345679012345678,6,0.0,0.0
1903aded,ITQ96_CENTERED,303.0,486,432.0,0.8888888888888888,0.11111111111111116,6,0.0,0.0
1903aded,ITQ96_CENTERED,404.0,486,420.0,0.8641975308641975,0.13580246913580252,5,0.0,0.0
1903aded,ITQ96_CENTERED,505.0,486,428.0,0.8806584362139918,0.11934156378600824,6,0.0,0.0
195a1a1b,SIGN96_CENTERED,,515,514.0,0.9980582524271845,0.001941747572815511,2,0.0,0.0
195a1a1b,ITQ96_CENTERED,101.0,515,473.0,0.9184466019417475,0.08155339805825246,5,0.0,0.0
195a1a1b,ITQ96_CENTERED,202.0,515,474.0,0.920388349514563,0.07961165048543695,6,0.0,0.0
195a1a1b,ITQ96_CENTERED,303.0,515,468.0,0.9087378640776699,0.09126213592233012,3,0.0,0.0
195a1a1b,ITQ96_CENTERED,404.0,515,476.0,0.9242718446601942,0.07572815533980581,6,0.0,0.0
195a1a1b,ITQ96_CENTERED,505.0,515,467.0,0.9067961165048544,0.09320388349514563,5,0.0,0.0
19b5f2b3,SIGN96_CENTERED,,482,482.0,1.0,0.0,1,0.0,0.0
19b5f2b3,ITQ96_CENTERED,101.0,482,441.0,0.9149377593360996,0.08506224066390045,4,0.0,0.0
19b5f2b3,ITQ96_CENTERED,202.0,482,439.0,0.9107883817427386,0.08921161825726143,4,0.0,0.0
19b5f2b3,ITQ96_CENTERED,303.0,482,438.0,0.9087136929460581,0.09128630705394192,5,0.0,0.0
19b5f2b3,ITQ96_CENTERED,404.0,482,436.0,0.9045643153526971,0.0954356846473029,5,0.0,0.0
19b5f2b3,ITQ96_CENTERED,505.0,482,444.0,0.921161825726141,0.07883817427385897,5,0.0,0.0
1a1907b4,SIGN96_CENTERED,,532,529.0,0.9943609022556391,0.005639097744360888,2,0.0,0.0
1a1907b4,ITQ96_CENTERED,101.0,532,482.0,0.9060150375939849,0.09398496240601506,5,0.0,0.0
1a1907b4,ITQ96_CENTERED,202.0,532,476.0,0.8947368421052632,0.10526315789473684,6,0.0,0.0
1a1907b4,ITQ96_CENTERED,303.0,532,471.0,0.8853383458646616,0.11466165413533835,6,0.0,0.0
1a1907b4,ITQ96_CENTERED,404.0,532,467.0,0.8778195488721805,0.1221804511278195,6,0.0,0.0
1a1907b4,ITQ96_CENTERED,505.0,532,465.0,0.8740601503759399,0.12593984962406013,6,0.0,0.0
1a8a66a6,SIGN96_CENTERED,,501,500.0,0.998003992015968,0.001996007984031989,2,0.0,0.0
1a8a66a6,ITQ96_CENTERED,101.0,501,437.0,0.872255489021956,0.12774451097804396,7,0.0,0.0
1a8a66a6,ITQ96_CENTERED,202.0,501,442.0,0.8822355289421158,0.11776447105788423,4,0.0,0.0
1a8a66a6,ITQ96_CENTERED,303.0,501,439.0,0.8762475049900199,0.12375249500998009,6,0.0,0.0
1a8a66a6,ITQ96_CENTERED,404.0,501,438.0,0.874251497005988,0.12574850299401197,4,0.0,0.0
1a8a66a6,ITQ96_CENTERED,505.0,501,438.0,0.874251497005988,0.12574850299401197,7,0.0,0.0
1b9b7252,SIGN96_CENTERED,,466,464.0,0.9957081545064378,0.0042918454935622075,2,0.0,0.0
1b9b7252,ITQ96_CENTERED,101.0,466,434.0,0.9313304721030042,0.06866952789699576,6,0.0,0.0
1b9b7252,ITQ96_CENTERED,202.0,466,437.0,0.9377682403433476,0.0622317596566524,6,0.0,0.0
1b9b7252,ITQ96_CENTERED,303.0,466,441.0,0.9463519313304721,0.05364806866952787,5,0.0,0.0
1b9b7252,ITQ96_CENTERED,404.0,466,430.0,0.9227467811158798,0.07725321888412018,6,0.0,0.0
1b9b7252,ITQ96_CENTERED,505.0,466,426.0,0.9141630901287554,0.0858369098712446,7,0.0,0.0
1c0ddc50,SIGN96_CENTERED,,548,547.0,0.9981751824817519,0.0018248175182481452,2,0.0,0.0
1c0ddc50,ITQ96_CENTERED,101.0,548,487.0,0.8886861313868614,0.11131386861313863,6,0.0,0.0
1c0ddc50,ITQ96_CENTERED,202.0,548,494.0,0.9014598540145985,0.0985401459854015,6,0.0,0.0
1c0ddc50,ITQ96_CENTERED,303.0,548,484.0,0.8832116788321168,0.11678832116788318,6,0.0,0.0
1c0ddc50,ITQ96_CENTERED,404.0,548,493.0,0.8996350364963503,0.10036496350364965,4,0.0,0.0
1c0ddc50,ITQ96_CENTERED,505.0,548,492.0,0.8978102189781022,0.1021897810218978,6,0.0,0.0
1c549ce4,SIGN96_CENTERED,,462,458.0,0.9913419913419913,0.008658008658008698,4,0.0,0.0
1c549ce4,ITQ96_CENTERED,101.0,462,412.0,0.8917748917748918,0.10822510822510822,5,0.0,0.0
1c549ce4,ITQ96_CENTERED,202.0,462,416.0,0.9004329004329005,0.09956709956709953,5,0.0,0.0
1c549ce4,ITQ96_CENTERED,303.0,462,408.0,0.8831168831168831,0.11688311688311692,5,0.0,0.0
1c549ce4,ITQ96_CENTERED,404.0,462,419.0,0.9069264069264069,0.09307359307359309,5,0.0,0.0
1c549ce4,ITQ96_CENTERED,505.0,462,417.0,0.9025974025974026,0.09740259740259738,5,0.0,0.0
1cea1afa,SIGN96_CENTERED,,485,482.0,0.9938144329896907,0.006185567010309256,2,0.0,0.0
1cea1afa,ITQ96_CENTERED,101.0,485,439.0,0.9051546391752577,0.09484536082474226,4,0.0,0.0
1cea1afa,ITQ96_CENTERED,202.0,485,445.0,0.9175257731958762,0.08247422680412375,4,0.0,0.0
1cea1afa,ITQ96_CENTERED,303.0,485,445.0,0.9175257731958762,0.08247422680412375,4,0.0,0.0
1cea1afa,ITQ96_CENTERED,404.0,485,436.0,0.8989690721649485,0.10103092783505152,4,0.0,0.0
1cea1afa,ITQ96_CENTERED,505.0,485,434.0,0.8948453608247423,0.10515463917525769,5,0.0,0.0
1d4da289,SIGN96_CENTERED,,506,503.0,0.9940711462450593,0.005928853754940677,4,0.0,0.0
1d4da289,ITQ96_CENTERED,101.0,506,457.0,0.9031620553359684,0.09683794466403162,4,0.0,0.0
1d4da289,ITQ96_CENTERED,202.0,506,459.0,0.9071146245059288,0.09288537549407117,4,0.0,0.0
1d4da289,ITQ96_CENTERED,303.0,506,460.0,0.9090909090909091,0.09090909090909094,4,0.0,0.0
1d4da289,ITQ96_CENTERED,404.0,506,469.0,0.9268774703557312,0.0731225296442688,5,0.0,0.0
1d4da289,ITQ96_CENTERED,505.0,506,460.0,0.9090909090909091,0.09090909090909094,4,0.0,0.0
1d4e3b97,SIGN96_CENTERED,,474,471.0,0.9936708860759493,0.006329113924050667,2,0.0,0.0
1d4e3b97,ITQ96_CENTERED,101.0,474,416.0,0.8776371308016878,0.12236286919831219,8,0.0,0.0
1d4e3b97,ITQ96_CENTERED,202.0,474,423.0,0.8924050632911392,0.10759493670886078,8,0.0,0.0
1d4e3b97,ITQ96_CENTERED,303.0,474,414.0,0.8734177215189873,0.12658227848101267,8,0.0,0.0
1d4e3b97,ITQ96_CENTERED,404.0,474,421.0,0.8881856540084389,0.11181434599156115,7,0.0,0.0
1d4e3b97,ITQ96_CENTERED,505.0,474,417.0,0.879746835443038,0.120253164556962,8,0.0,0.0
1da05512,SIGN96_CENTERED,,462,460.0,0.9956709956709957,0.0043290043290042934,2,0.0,0.0
1da05512,ITQ96_CENTERED,101.0,462,424.0,0.9177489177489178,0.08225108225108224,3,0.0,0.0
1da05512,ITQ96_CENTERED,202.0,462,430.0,0.9307359307359307,0.06926406926406925,3,0.0,0.0
1da05512,ITQ96_CENTERED,303.0,462,433.0,0.9372294372294372,0.06277056277056281,3,0.0,0.0
1da05512,ITQ96_CENTERED,404.0,462,427.0,0.9242424242424242,0.0757575757575758,4,0.0,0.0
1da05512,ITQ96_CENTERED,505.0,462,433.0,0.9372294372294372,0.06277056277056281,3,0.0,0.0
1de5cff2,SIGN96_CENTERED,,473,473.0,1.0,0.0,1,0.0,0.0
1de5cff2,ITQ96_CENTERED,101.0,473,426.0,0.9006342494714588,0.09936575052854124,5,0.0,0.0
1de5cff2,ITQ96_CENTERED,202.0,473,428.0,0.904862579281184,0.09513742071881603,5,0.0,0.0
1de5cff2,ITQ96_CENTERED,303.0,473,428.0,0.904862579281184,0.09513742071881603,4,0.0,0.0
1de5cff2,ITQ96_CENTERED,404.0,473,427.0,0.9027484143763214,0.09725158562367864,4,0.0,0.0
1de5cff2,ITQ96_CENTERED,505.0,473,423.0,0.8942917547568711,0.10570824524312894,5,0.0,0.0
1e043500,SIGN96_CENTERED,,510,509.0,0.9980392156862745,0.0019607843137254832,2,0.0,0.0
1e043500,ITQ96_CENTERED,101.0,510,449.0,0.8803921568627451,0.11960784313725492,5,0.0,0.0
1e043500,ITQ96_CENTERED,202.0,510,454.0,0.8901960784313725,0.1098039215686275,5,0.0,0.0
1e043500,ITQ96_CENTERED,303.0,510,448.0,0.8784313725490196,0.1215686274509804,4,0.0,0.0
1e043500,ITQ96_CENTERED,404.0,510,455.0,0.8921568627450981,0.10784313725490191,5,0.0,0.0
1e043500,ITQ96_CENTERED,505.0,510,444.0,0.8705882352941177,0.12941176470588234,5,0.0,0.0
1f2b8d4f,SIGN96_CENTERED,,522,518.0,0.9923371647509579,0.007662835249042099,3,0.0,0.0
1f2b8d4f,ITQ96_CENTERED,101.0,522,469.0,0.8984674329501916,0.1015325670498084,6,0.0,0.0
1f2b8d4f,ITQ96_CENTERED,202.0,522,462.0,0.8850574712643678,0.11494252873563215,6,0.0,0.0
1f2b8d4f,ITQ96_CENTERED,303.0,522,456.0,0.8735632183908046,0.12643678160919536,6,0.0,0.0
1f2b8d4f,ITQ96_CENTERED,404.0,522,463.0,0.8869731800766284,0.1130268199233716,6,0.0,0.0
1f2b8d4f,ITQ96_CENTERED,505.0,522,462.0,0.8850574712643678,0.11494252873563215,6,0.0,0.0
1faac195,SIGN96_CENTERED,,494,494.0,1.0,0.0,1,0.0,0.0
1faac195,ITQ96_CENTERED,101.0,494,443.0,0.8967611336032388,0.10323886639676116,5,0.0,0.0
1faac195,ITQ96_CENTERED,202.0,494,438.0,0.8866396761133604,0.11336032388663964,6,0.0,0.0
1faac195,ITQ96_CENTERED,303.0,494,434.0,0.8785425101214575,0.12145748987854255,5,0.0,0.0
1faac195,ITQ96_CENTERED,404.0,494,440.0,0.8906882591093117,0.10931174089068829,8,0.0,0.0
1faac195,ITQ96_CENTERED,505.0,494,446.0,0.902834008097166,0.09716599190283404,5,0.0,0.0
2133c1b5,SIGN96_CENTERED,,523,519.0,0.9923518164435946,0.007648183556405397,3,0.0,0.0
2133c1b5,ITQ96_CENTERED,101.0,523,434.0,0.8298279158699808,0.17017208413001916,10,0.0,0.0
2133c1b5,ITQ96_CENTERED,202.0,523,444.0,0.8489483747609943,0.15105162523900573,10,0.0,0.0
2133c1b5,ITQ96_CENTERED,303.0,523,446.0,0.8527724665391969,0.14722753346080308,10,0.0,0.0
2133c1b5,ITQ96_CENTERED,404.0,523,446.0,0.8527724665391969,0.14722753346080308,10,0.0,0.0
2133c1b5,ITQ96_CENTERED,505.0,523,436.0,0.8336520076481836,0.1663479923518164,10,0.0,0.0
21436231,SIGN96_CENTERED,,512,510.0,0.99609375,0.00390625,3,0.0,0.0
21436231,ITQ96_CENTERED,101.0,512,456.0,0.890625,0.109375,5,0.0,0.0
21436231,ITQ96_CENTERED,202.0,512,448.0,0.875,0.125,5,0.0,0.0
21436231,ITQ96_CENTERED,303.0,512,451.0,0.880859375,0.119140625,4,0.0,0.0
21436231,ITQ96_CENTERED,404.0,512,448.0,0.875,0.125,5,0.0,0.0
21436231,ITQ96_CENTERED,505.0,512,453.0,0.884765625,0.115234375,5,0.0,0.0
21d02d0d,SIGN96_CENTERED,,497,492.0,0.9899396378269618,0.010060362173038184,2,0.0,0.0
21d02d0d,ITQ96_CENTERED,101.0,497,435.0,0.8752515090543259,0.12474849094567408,5,0.0,0.0
21d02d0d,ITQ96_CENTERED,202.0,497,435.0,0.8752515090543259,0.12474849094567408,6,0.0,0.0
21d02d0d,ITQ96_CENTERED,303.0,497,441.0,0.8873239436619719,0.11267605633802813,5,0.0,0.0
21d02d0d,ITQ96_CENTERED,404.0,497,440.0,0.8853118712273642,0.11468812877263579,6,0.0,0.0
21d02d0d,ITQ96_CENTERED,505.0,497,436.0,0.8772635814889336,0.12273641851106643,6,0.0,0.0
22d2cb42,SIGN96_CENTERED,,473,472.0,0.9978858350951374,0.0021141649048626032,2,0.0,0.0
22d2cb42,ITQ96_CENTERED,101.0,473,429.0,0.9069767441860465,0.09302325581395354,4,0.0,0.0
22d2cb42,ITQ96_CENTERED,202.0,473,442.0,0.9344608879492601,0.06553911205073992,4,0.0,0.0
22d2cb42,ITQ96_CENTERED,303.0,473,438.0,0.9260042283298098,0.07399577167019022,4,0.0,0.0
22d2cb42,ITQ96_CENTERED,404.0,473,435.0,0.919661733615222,0.08033826638477803,4,0.0,0.0
22d2cb42,ITQ96_CENTERED,505.0,473,444.0,0.9386892177589852,0.06131078224101483,4,0.0,0.0
2311e44b,SIGN96_CENTERED,,493,492.0,0.9979716024340771,0.0020283975659228792,2,0.0,0.0
2311e44b,ITQ96_CENTERED,101.0,493,440.0,0.8924949290060852,0.10750507099391482,7,0.0,0.0
2311e44b,ITQ96_CENTERED,202.0,493,449.0,0.9107505070993914,0.08924949290060857,5,0.0,0.0
2311e44b,ITQ96_CENTERED,303.0,493,446.0,0.9046653144016227,0.09533468559837732,3,0.0,0.0
2311e44b,ITQ96_CENTERED,404.0,493,440.0,0.8924949290060852,0.10750507099391482,8,0.0,0.0
2311e44b,ITQ96_CENTERED,505.0,493,442.0,0.896551724137931,0.10344827586206895,5,0.0,0.0
2318644b,SIGN96_CENTERED,,523,511.0,0.9770554493307839,0.02294455066921608,7,0.0,0.0
2318644b,ITQ96_CENTERED,101.0,523,453.0,0.8661567877629063,0.13384321223709372,13,0.0,0.0
2318644b,ITQ96_CENTERED,202.0,523,442.0,0.8451242829827916,0.15487571701720837,13,0.0,0.0
2318644b,ITQ96_CENTERED,303.0,523,459.0,0.8776290630975143,0.12237093690248568,10,0.0,0.0
2318644b,ITQ96_CENTERED,404.0,523,451.0,0.8623326959847036,0.13766730401529637,13,0.0,0.0
2318644b,ITQ96_CENTERED,505.0,523,449.0,0.858508604206501,0.141491395793499,7,0.0,0.0
25e5aa4f,SIGN96_CENTERED,,506,501.0,0.9901185770750988,0.00988142292490124,6,0.0,0.0
25e5aa4f,ITQ96_CENTERED,101.0,506,455.0,0.8992094861660079,0.10079051383399207,8,0.0,0.0
25e5aa4f,ITQ96_CENTERED,202.0,506,454.0,0.8972332015810277,0.1027667984189723,8,0.0,0.0
25e5aa4f,ITQ96_CENTERED,303.0,506,448.0,0.8853754940711462,0.11462450592885376,8,0.0,0.0
25e5aa4f,ITQ96_CENTERED,404.0,506,443.0,0.8754940711462451,0.12450592885375489,8,0.0,0.0
25e5aa4f,ITQ96_CENTERED,505.0,506,448.0,0.8853754940711462,0.11462450592885376,8,0.0,0.0
2698e78f,SIGN96_CENTERED,,478,476.0,0.99581589958159,0.004184100418409997,2,0.0,0.0
2698e78f,ITQ96_CENTERED,101.0,478,432.0,0.9037656903765691,0.09623430962343094,4,0.0,0.0
2698e78f,ITQ96_CENTERED,202.0,478,433.0,0.9058577405857741,0.09414225941422594,4,0.0,0.0
2698e78f,ITQ96_CENTERED,303.0,478,426.0,0.891213389121339,0.10878661087866104,4,0.0,0.0
2698e78f,ITQ96_CENTERED,404.0,478,428.0,0.895397489539749,0.10460251046025104,5,0.0,0.0
2698e78f,ITQ96_CENTERED,505.0,478,424.0,0.8870292887029289,0.11297071129707115,4,0.0,0.0
26bdc477,SIGN96_CENTERED,,498,495.0,0.9939759036144579,0.0060240963855421326,3,0.0,0.0
26bdc477,ITQ96_CENTERED,101.0,498,434.0,0.8714859437751004,0.12851405622489964,7,0.0,0.0
26bdc477,ITQ96_CENTERED,202.0,498,435.0,0.8734939759036144,0.12650602409638556,8,0.0,0.0
26bdc477,ITQ96_CENTERED,303.0,498,425.0,0.8534136546184738,0.14658634538152615,8,0.0,0.0
26bdc477,ITQ96_CENTERED,404.0,498,425.0,0.8534136546184738,0.14658634538152615,6,0.0,0.0
26bdc477,ITQ96_CENTERED,505.0,498,433.0,0.8694779116465864,0.1305220883534136,9,0.0,0.0
27016adc,SIGN96_CENTERED,,491,491.0,1.0,0.0,1,0.0,0.0
27016adc,ITQ96_CENTERED,101.0,491,446.0,0.9083503054989817,0.09164969450101834,4,0.0,0.0
27016adc,ITQ96_CENTERED,202.0,491,453.0,0.9226069246435845,0.07739307535641549,4,0.0,0.0
27016adc,ITQ96_CENTERED,303.0,491,450.0,0.9164969450101833,0.0835030549898167,4,0.0,0.0
27016adc,ITQ96_CENTERED,404.0,491,452.0,0.9205702647657841,0.07942973523421593,3,0.0,0.0
27016adc,ITQ96_CENTERED,505.0,491,444.0,0.9042769857433809,0.09572301425661911,4,0.0,0.0
2788b940,SIGN96_CENTERED,,475,472.0,0.9936842105263158,0.0063157894736841635,2,0.0,0.0
2788b940,ITQ96_CENTERED,101.0,475,417.0,0.8778947368421053,0.12210526315789472,5,0.0,0.0
2788b940,ITQ96_CENTERED,202.0,475,415.0,0.8736842105263158,0.12631578947368416,4,0.0,0.0
2788b940,ITQ96_CENTERED,303.0,475,412.0,0.8673684210526316,0.13263157894736843,5,0.0,0.0
2788b940,ITQ96_CENTERED,404.0,475,426.0,0.8968421052631579,0.10315789473684212,4,0.0,0.0
2788b940,ITQ96_CENTERED,505.0,475,418.0,0.88,0.12,4,0.0,0.0
28bcfaac,SIGN96_CENTERED,,500,500.0,1.0,0.0,1,0.0,0.0
28bcfaac,ITQ96_CENTERED,101.0,500,447.0,0.894,0.10599999999999998,4,0.0,0.0
28bcfaac,ITQ96_CENTERED,202.0,500,451.0,0.902,0.09799999999999998,4,0.0,0.0
28bcfaac,ITQ96_CENTERED,303.0,500,450.0,0.9,0.09999999999999998,4,0.0,0.0
28bcfaac,ITQ96_CENTERED,404.0,500,449.0,0.898,0.10199999999999998,4,0.0,0.0
28bcfaac,ITQ96_CENTERED,505.0,500,449.0,0.898,0.10199999999999998,6,0.0,0.0
28dc39ac,SIGN96_CENTERED,,431,431.0,1.0,0.0,1,0.0,0.0
28dc39ac,ITQ96_CENTERED,101.0,431,399.0,0.925754060324826,0.07424593967517401,6,0.0,0.0
28dc39ac,ITQ96_CENTERED,202.0,431,405.0,0.9396751740139211,0.06032482598607891,6,0.0,0.0
28dc39ac,ITQ96_CENTERED,303.0,431,403.0,0.9350348027842227,0.06496519721577731,6,0.0,0.0
28dc39ac,ITQ96_CENTERED,404.0,431,401.0,0.9303944315545244,0.06960556844547561,6,0.0,0.0
28dc39ac,ITQ96_CENTERED,505.0,431,401.0,0.9303944315545244,0.06960556844547561,6,0.0,0.0
29f2956b,SIGN96_CENTERED,,496,496.0,1.0,0.0,1,0.0,0.0
29f2956b,ITQ96_CENTERED,101.0,496,444.0,0.8951612903225806,0.10483870967741937,4,0.0,0.0
29f2956b,ITQ96_CENTERED,202.0,496,442.0,0.8911290322580645,0.1088709677419355,5,0.0,0.0
29f2956b,ITQ96_CENTERED,303.0,496,430.0,0.8669354838709677,0.13306451612903225,6,0.0,0.0
29f2956b,ITQ96_CENTERED,404.0,496,433.0,0.8729838709677419,0.12701612903225812,6,0.0,0.0
29f2956b,ITQ96_CENTERED,505.0,496,443.0,0.8931451612903226,0.10685483870967738,6,0.0,0.0
2a1811e2,SIGN96_CENTERED,,479,479.0,1.0,0.0,1,0.0,0.0
2a1811e2,ITQ96_CENTERED,101.0,479,435.0,0.9081419624217119,0.09185803757828814,4,0.0,0.0
2a1811e2,ITQ96_CENTERED,202.0,479,437.0,0.9123173277661796,0.08768267223382042,5,0.0,0.0
2a1811e2,ITQ96_CENTERED,303.0,479,429.0,0.8956158663883089,0.10438413361169108,4,0.0,0.0
2a1811e2,ITQ96_CENTERED,404.0,479,440.0,0.918580375782881,0.08141962421711901,4,0.0,0.0
2a1811e2,ITQ96_CENTERED,505.0,479,433.0,0.9039665970772442,0.09603340292275575,5,0.0,0.0
2b8f3739,SIGN96_CENTERED,,491,488.0,0.9938900203665988,0.006109979633401208,2,0.0,0.0
2b8f3739,ITQ96_CENTERED,101.0,491,447.0,0.9103869653767821,0.0896130346232179,4,0.0,0.0
2b8f3739,ITQ96_CENTERED,202.0,491,454.0,0.924643584521385,0.07535641547861505,4,0.0,0.0
2b8f3739,ITQ96_CENTERED,303.0,491,447.0,0.9103869653767821,0.0896130346232179,4,0.0,0.0
2b8f3739,ITQ96_CENTERED,404.0,491,446.0,0.9083503054989817,0.09164969450101834,4,0.0,0.0
2b8f3739,ITQ96_CENTERED,505.0,491,448.0,0.9124236252545825,0.08757637474541746,4,0.0,0.0
2bf43736,SIGN96_CENTERED,,478,477.0,0.997907949790795,0.0020920502092049986,2,0.0,0.0
2bf43736,ITQ96_CENTERED,101.0,478,427.0,0.893305439330544,0.10669456066945604,6,1.0,0.0020920502092050207
2bf43736,ITQ96_CENTERED,202.0,478,427.0,0.893305439330544,0.10669456066945604,6,2.0,0.0041841004184100415
2bf43736,ITQ96_CENTERED,303.0,478,421.0,0.8807531380753139,0.11924686192468614,7,0.0,0.0
2bf43736,ITQ96_CENTERED,404.0,478,419.0,0.8765690376569037,0.12343096234309625,6,1.0,0.0020920502092050207
2bf43736,ITQ96_CENTERED,505.0,478,421.0,0.8807531380753139,0.11924686192468614,6,2.0,0.0041841004184100415
2c63a862,SIGN96_CENTERED,,529,520.0,0.9829867674858223,0.017013232514177745,5,0.0,0.0
2c63a862,ITQ96_CENTERED,101.0,529,452.0,0.8544423440453687,0.14555765595463133,6,0.0,0.0
2c63a862,ITQ96_CENTERED,202.0,529,447.0,0.8449905482041588,0.15500945179584125,5,0.0,0.0
2c63a862,ITQ96_CENTERED,303.0,529,470.0,0.888468809073724,0.11153119092627595,5,0.0,0.0
2c63a862,ITQ96_CENTERED,404.0,529,455.0,0.8601134215500945,0.13988657844990549,7,0.0,0.0
2c63a862,ITQ96_CENTERED,505.0,529,459.0,0.8676748582230623,0.13232514177693766,6,0.0,0.0
2ce6a0f2,SIGN96_CENTERED,,480,477.0,0.99375,0.006249999999999978,2,0.0,0.0
2ce6a0f2,ITQ96_CENTERED,101.0,480,439.0,0.9145833333333333,0.0854166666666667,5,0.0,0.0
2ce6a0f2,ITQ96_CENTERED,202.0,480,442.0,0.9208333333333333,0.07916666666666672,5,0.0,0.0
2ce6a0f2,ITQ96_CENTERED,303.0,480,438.0,0.9125,0.08750000000000002,5,0.0,0.0
2ce6a0f2,ITQ96_CENTERED,404.0,480,435.0,0.90625,0.09375,5,0.0,0.0
2ce6a0f2,ITQ96_CENTERED,505.0,480,435.0,0.90625,0.09375,5,0.0,0.0
2e6d26dc,SIGN96_CENTERED,,494,490.0,0.9919028340080972,0.0080971659919028,2,0.0,0.0
2e6d26dc,ITQ96_CENTERED,101.0,494,442.0,0.8947368421052632,0.10526315789473684,9,0.0,0.0
2e6d26dc,ITQ96_CENTERED,202.0,494,442.0,0.8947368421052632,0.10526315789473684,9,0.0,0.0
2e6d26dc,ITQ96_CENTERED,303.0,494,438.0,0.8866396761133604,0.11336032388663964,9,0.0,0.0
2e6d26dc,ITQ96_CENTERED,404.0,494,443.0,0.8967611336032388,0.10323886639676116,9,0.0,0.0
2e6d26dc,ITQ96_CENTERED,505.0,494,441.0,0.8927125506072875,0.10728744939271251,9,0.0,0.0
2ebe6c90,SIGN96_CENTERED,,485,482.0,0.9938144329896907,0.006185567010309256,3,0.0,0.0
2ebe6c90,ITQ96_CENTERED,101.0,485,419.0,0.8639175257731959,0.13608247422680408,7,0.0,0.0
2ebe6c90,ITQ96_CENTERED,202.0,485,425.0,0.8762886597938144,0.12371134020618557,6,0.0,0.0
2ebe6c90,ITQ96_CENTERED,303.0,485,419.0,0.8639175257731959,0.13608247422680408,7,0.0,0.0
2ebe6c90,ITQ96_CENTERED,404.0,485,423.0,0.8721649484536083,0.12783505154639174,7,0.0,0.0
2ebe6c90,ITQ96_CENTERED,505.0,485,417.0,0.8597938144329897,0.14020618556701026,6,0.0,0.0
2ebe6c92,SIGN96_CENTERED,,487,485.0,0.9958932238193019,0.004106776180698102,2,0.0,0.0
2ebe6c92,ITQ96_CENTERED,101.0,487,425.0,0.8726899383983573,0.1273100616016427,4,0.0,0.0
2ebe6c92,ITQ96_CENTERED,202.0,487,429.0,0.8809034907597536,0.1190965092402464,5,0.0,0.0
2ebe6c92,ITQ96_CENTERED,303.0,487,426.0,0.8747433264887063,0.12525667351129366,4,0.0,0.0
2ebe6c92,ITQ96_CENTERED,404.0,487,417.0,0.8562628336755647,0.14373716632443534,6,0.0,0.0
2ebe6c92,ITQ96_CENTERED,505.0,487,421.0,0.864476386036961,0.13552361396303902,5,0.0,0.0
311778f1,SIGN96_CENTERED,,500,494.0,0.988,0.01200000000000001,4,0.0,0.0
311778f1,ITQ96_CENTERED,101.0,500,452.0,0.904,0.09599999999999997,4,0.0,0.0
311778f1,ITQ96_CENTERED,202.0,500,453.0,0.906,0.09399999999999997,5,0.0,0.0
311778f1,ITQ96_CENTERED,303.0,500,455.0,0.91,0.08999999999999997,5,0.0,0.0
311778f1,ITQ96_CENTERED,404.0,500,454.0,0.908,0.09199999999999997,4,0.0,0.0
311778f1,ITQ96_CENTERED,505.0,500,454.0,0.908,0.09199999999999997,5,0.0,0.0
32260d93,SIGN96_CENTERED,,524,513.0,0.9790076335877863,0.020992366412213692,9,0.0,0.0
32260d93,ITQ96_CENTERED,101.0,524,453.0,0.8645038167938931,0.1354961832061069,9,0.0,0.0
32260d93,ITQ96_CENTERED,202.0,524,445.0,0.8492366412213741,0.1507633587786259,9,0.0,0.0
32260d93,ITQ96_CENTERED,303.0,524,456.0,0.8702290076335878,0.1297709923664122,9,0.0,0.0
32260d93,ITQ96_CENTERED,404.0,524,456.0,0.8702290076335878,0.1297709923664122,9,0.0,0.0
32260d93,ITQ96_CENTERED,505.0,524,450.0,0.8587786259541985,0.14122137404580148,9,0.0,0.0
3249768e,SIGN96_CENTERED,,475,472.0,0.9936842105263158,0.0063157894736841635,4,0.0,0.0
3249768e,ITQ96_CENTERED,101.0,475,421.0,0.8863157894736842,0.11368421052631583,6,0.0,0.0
3249768e,ITQ96_CENTERED,202.0,475,428.0,0.9010526315789473,0.09894736842105267,5,0.0,0.0
3249768e,ITQ96_CENTERED,303.0,475,426.0,0.8968421052631579,0.10315789473684212,5,0.0,0.0
3249768e,ITQ96_CENTERED,404.0,475,424.0,0.8926315789473684,0.10736842105263156,6,0.0,0.0
3249768e,ITQ96_CENTERED,505.0,475,432.0,0.9094736842105263,0.09052631578947368,5,0.0,0.0
352ab8bd,SIGN96_CENTERED,,539,535.0,0.9925788497217068,0.007421150278293154,2,0.0,0.0
352ab8bd,ITQ96_CENTERED,101.0,539,476.0,0.8831168831168831,0.11688311688311692,5,4.0,0.0074211502782931356
352ab8bd,ITQ96_CENTERED,202.0,539,470.0,0.8719851576994434,0.1280148423005566,5,0.0,0.0
352ab8bd,ITQ96_CENTERED,303.0,539,469.0,0.8701298701298701,0.1298701298701299,6,6.0,0.011131725417439703
352ab8bd,ITQ96_CENTERED,404.0,539,475.0,0.8812615955473099,0.11873840445269013,5,4.0,0.0074211502782931356
352ab8bd,ITQ96_CENTERED,505.0,539,470.0,0.8719851576994434,0.1280148423005566,5,4.0,0.0074211502782931356
35a27287,SIGN96_CENTERED,,519,516.0,0.9942196531791907,0.005780346820809301,2,0.0,0.0
35a27287,ITQ96_CENTERED,101.0,519,445.0,0.8574181117533719,0.1425818882466281,6,0.0,0.0
35a27287,ITQ96_CENTERED,202.0,519,443.0,0.8535645472061657,0.1464354527938343,6,0.0,0.0
35a27287,ITQ96_CENTERED,303.0,519,438.0,0.8439306358381503,0.1560693641618497,6,0.0,0.0
35a27287,ITQ96_CENTERED,404.0,519,449.0,0.8651252408477842,0.1348747591522158,6,0.0,0.0
35a27287,ITQ96_CENTERED,505.0,519,455.0,0.8766859344894027,0.12331406551059731,6,0.0,0.0
36580ce8,SIGN96_CENTERED,,545,542.0,0.9944954128440368,0.0055045871559632475,3,0.0,0.0
36580ce8,ITQ96_CENTERED,101.0,545,476.0,0.8733944954128441,0.12660550458715591,8,0.0,0.0
36580ce8,ITQ96_CENTERED,202.0,545,483.0,0.8862385321100917,0.11376146788990826,5,0.0,0.0
36580ce8,ITQ96_CENTERED,303.0,545,484.0,0.8880733944954129,0.1119266055045871,5,0.0,0.0
36580ce8,ITQ96_CENTERED,404.0,545,479.0,0.8788990825688073,0.12110091743119267,6,0.0,0.0
36580ce8,ITQ96_CENTERED,505.0,545,481.0,0.8825688073394495,0.11743119266055047,5,0.0,0.0
36b9f61e,SIGN96_CENTERED,,490,481.0,0.9816326530612245,0.01836734693877551,5,0.0,0.0
36b9f61e,ITQ96_CENTERED,101.0,490,431.0,0.8795918367346939,0.12040816326530612,5,0.0,0.0
36b9f61e,ITQ96_CENTERED,202.0,490,444.0,0.9061224489795918,0.09387755102040818,5,0.0,0.0
36b9f61e,ITQ96_CENTERED,303.0,490,444.0,0.9061224489795918,0.09387755102040818,5,0.0,0.0
36b9f61e,ITQ96_CENTERED,404.0,490,437.0,0.8918367346938776,0.10816326530612241,5,0.0,0.0
36b9f61e,ITQ96_CENTERED,505.0,490,445.0,0.9081632653061225,0.09183673469387754,5,0.0,0.0
370a8ff4,SIGN96_CENTERED,,498,496.0,0.9959839357429718,0.004016064257028162,2,0.0,0.0
370a8ff4,ITQ96_CENTERED,101.0,498,434.0,0.8714859437751004,0.12851405622489964,5,0.0,0.0
370a8ff4,ITQ96_CENTERED,202.0,498,429.0,0.8614457831325302,0.13855421686746983,4,0.0,0.0
370a8ff4,ITQ96_CENTERED,303.0,498,438.0,0.8795180722891566,0.12048192771084343,5,0.0,0.0
370a8ff4,ITQ96_CENTERED,404.0,498,438.0,0.8795180722891566,0.12048192771084343,6,0.0,0.0
370a8ff4,ITQ96_CENTERED,505.0,498,431.0,0.8654618473895582,0.13453815261044177,4,0.0,0.0
37d43f65,SIGN96_CENTERED,,533,531.0,0.9962476547842402,0.0037523452157598447,2,0.0,0.0
37d43f65,ITQ96_CENTERED,101.0,533,469.0,0.8799249530956847,0.12007504690431525,7,0.0,0.0
37d43f65,ITQ96_CENTERED,202.0,533,470.0,0.8818011257035647,0.11819887429643527,5,0.0,0.0
37d43f65,ITQ96_CENTERED,303.0,533,470.0,0.8818011257035647,0.11819887429643527,7,0.0,0.0
37d43f65,ITQ96_CENTERED,404.0,533,461.0,0.8649155722326454,0.13508442776735463,6,0.0,0.0
37d43f65,ITQ96_CENTERED,505.0,533,480.0,0.900562851782364,0.09943714821763605,4,0.0,0.0
37f165cf,SIGN96_CENTERED,,567,560.0,0.9876543209876543,0.012345679012345734,4,0.0,0.0
37f165cf,ITQ96_CENTERED,101.0,567,472.0,0.8324514991181657,0.16754850088183426,14,0.0,0.0
37f165cf,ITQ96_CENTERED,202.0,567,481.0,0.8483245149911817,0.15167548500881833,14,0.0,0.0
37f165cf,ITQ96_CENTERED,303.0,567,463.0,0.8165784832451499,0.18342151675485008,14,0.0,0.0
37f165cf,ITQ96_CENTERED,404.0,567,467.0,0.8236331569664903,0.1763668430335097,13,0.0,0.0
37f165cf,ITQ96_CENTERED,505.0,567,481.0,0.8483245149911817,0.15167548500881833,14,0.0,0.0
38146c39,SIGN96_CENTERED,,538,538.0,1.0,0.0,1,0.0,0.0
38146c39,ITQ96_CENTERED,101.0,538,496.0,0.9219330855018587,0.0780669144981413,3,0.0,0.0
38146c39,ITQ96_CENTERED,202.0,538,502.0,0.9330855018587361,0.06691449814126393,3,0.0,0.0
38146c39,ITQ96_CENTERED,303.0,538,507.0,0.9423791821561338,0.05762081784386619,4,0.0,0.0
38146c39,ITQ96_CENTERED,404.0,538,496.0,0.9219330855018587,0.0780669144981413,5,0.0,0.0
38146c39,ITQ96_CENTERED,505.0,538,499.0,0.9275092936802974,0.07249070631970256,4,0.0,0.0
3a704032,SIGN96_CENTERED,,479,477.0,0.9958246346555324,0.0041753653444676075,3,0.0,0.0
3a704032,ITQ96_CENTERED,101.0,479,437.0,0.9123173277661796,0.08768267223382042,4,0.0,0.0
3a704032,ITQ96_CENTERED,202.0,479,439.0,0.9164926931106472,0.08350730688935282,5,0.0,0.0
3a704032,ITQ96_CENTERED,303.0,479,432.0,0.9018789144050104,0.09812108559498955,5,0.0,0.0
3a704032,ITQ96_CENTERED,404.0,479,425.0,0.8872651356993737,0.11273486430062629,5,0.0,0.0
3a704032,ITQ96_CENTERED,505.0,479,435.0,0.9081419624217119,0.09185803757828814,4,0.0,0.0
3b6f954b,SIGN96_CENTERED,,470,470.0,1.0,0.0,1,0.0,0.0
3b6f954b,ITQ96_CENTERED,101.0,470,413.0,0.8787234042553191,0.12127659574468086,5,0.0,0.0
3b6f954b,ITQ96_CENTERED,202.0,470,420.0,0.8936170212765957,0.1063829787234043,5,0.0,0.0
3b6f954b,ITQ96_CENTERED,303.0,470,424.0,0.902127659574468,0.09787234042553195,4,0.0,0.0
3b6f954b,ITQ96_CENTERED,404.0,470,418.0,0.8893617021276595,0.11063829787234047,5,0.0,0.0
3b6f954b,ITQ96_CENTERED,505.0,470,419.0,0.8914893617021277,0.10851063829787233,4,0.0,0.0
3ba21379,SIGN96_CENTERED,,431,429.0,0.9953596287703016,0.004640371229698403,2,0.0,0.0
3ba21379,ITQ96_CENTERED,101.0,431,385.0,0.8932714617169374,0.10672853828306261,5,0.0,0.0
3ba21379,ITQ96_CENTERED,202.0,431,390.0,0.9048723897911833,0.09512761020881666,4,0.0,0.0
3ba21379,ITQ96_CENTERED,303.0,431,393.0,0.9118329466357309,0.08816705336426911,4,0.0,0.0
3ba21379,ITQ96_CENTERED,404.0,431,392.0,0.9095127610208816,0.09048723897911837,4,0.0,0.0
3ba21379,ITQ96_CENTERED,505.0,431,389.0,0.9025522041763341,0.09744779582366592,5,0.0,0.0
3c1045c8,SIGN96_CENTERED,,542,540.0,0.996309963099631,0.0036900369003689537,2,0.0,0.0
3c1045c8,ITQ96_CENTERED,101.0,542,466.0,0.8597785977859779,0.14022140221402213,6,0.0,0.0
3c1045c8,ITQ96_CENTERED,202.0,542,456.0,0.8413284132841329,0.15867158671586712,6,0.0,0.0
3c1045c8,ITQ96_CENTERED,303.0,542,457.0,0.8431734317343174,0.15682656826568264,6,0.0,0.0
3c1045c8,ITQ96_CENTERED,404.0,542,468.0,0.8634686346863468,0.13653136531365317,6,0.0,0.0
3c1045c8,ITQ96_CENTERED,505.0,542,467.0,0.8616236162361623,0.13837638376383765,6,0.0,0.0
3d86fd0a,SIGN96_CENTERED,,526,526.0,1.0,0.0,1,0.0,0.0
3d86fd0a,ITQ96_CENTERED,101.0,526,475.0,0.903041825095057,0.09695817490494296,5,0.0,0.0
3d86fd0a,ITQ96_CENTERED,202.0,526,475.0,0.903041825095057,0.09695817490494296,8,0.0,0.0
3d86fd0a,ITQ96_CENTERED,303.0,526,479.0,0.9106463878326996,0.08935361216730042,6,0.0,0.0
3d86fd0a,ITQ96_CENTERED,404.0,526,475.0,0.903041825095057,0.09695817490494296,7,0.0,0.0
3d86fd0a,ITQ96_CENTERED,505.0,526,475.0,0.903041825095057,0.09695817490494296,7,0.0,0.0
3e321797,SIGN96_CENTERED,,490,489.0,0.9979591836734694,0.0020408163265306367,2,0.0,0.0
3e321797,ITQ96_CENTERED,101.0,490,436.0,0.889795918367347,0.11020408163265305,4,0.0,0.0
3e321797,ITQ96_CENTERED,202.0,490,437.0,0.8918367346938776,0.10816326530612241,5,0.0,0.0
3e321797,ITQ96_CENTERED,303.0,490,440.0,0.8979591836734694,0.10204081632653061,5,0.0,0.0
3e321797,ITQ96_CENTERED,404.0,490,447.0,0.9122448979591836,0.08775510204081638,5,0.0,0.0
3e321797,ITQ96_CENTERED,505.0,490,443.0,0.9040816326530612,0.09591836734693882,5,0.0,0.0
3f1e9474,SIGN96_CENTERED,,515,512.0,0.9941747572815534,0.005825242718446644,3,0.0,0.0
3f1e9474,ITQ96_CENTERED,101.0,515,463.0,0.8990291262135922,0.10097087378640779,7,0.0,0.0
3f1e9474,ITQ96_CENTERED,202.0,515,468.0,0.9087378640776699,0.09126213592233012,7,0.0,0.0
3f1e9474,ITQ96_CENTERED,303.0,515,462.0,0.8970873786407767,0.1029126213592233,6,0.0,0.0
3f1e9474,ITQ96_CENTERED,404.0,515,478.0,0.9281553398058252,0.07184466019417479,6,0.0,0.0
3f1e9474,ITQ96_CENTERED,505.0,515,462.0,0.8970873786407767,0.1029126213592233,7,0.0,0.0
3fdac837,SIGN96_CENTERED,,453,453.0,1.0,0.0,1,0.0,0.0
3fdac837,ITQ96_CENTERED,101.0,453,417.0,0.9205298013245033,0.07947019867549665,5,0.0,0.0
3fdac837,ITQ96_CENTERED,202.0,453,421.0,0.9293598233995585,0.07064017660044153,5,0.0,0.0
3fdac837,ITQ96_CENTERED,303.0,453,413.0,0.9116997792494481,0.08830022075055188,5,0.0,0.0
3fdac837,ITQ96_CENTERED,404.0,453,423.0,0.9337748344370861,0.06622516556291391,5,0.0,0.0
3fdac837,ITQ96_CENTERED,505.0,453,412.0,0.9094922737306843,0.09050772626931569,5,0.0,0.0
3fe836c9,SIGN96_CENTERED,,449,448.0,0.9977728285077951,0.00222717149220486,2,0.0,0.0
3fe836c9,ITQ96_CENTERED,101.0,449,408.0,0.9086859688195991,0.09131403118040093,5,0.0,0.0
3fe836c9,ITQ96_CENTERED,202.0,449,408.0,0.9086859688195991,0.09131403118040093,4,0.0,0.0
3fe836c9,ITQ96_CENTERED,303.0,449,409.0,0.910913140311804,0.08908685968819596,4,0.0,0.0
3fe836c9,ITQ96_CENTERED,404.0,449,411.0,0.9153674832962138,0.08463251670378624,4,0.0,0.0
3fe836c9,ITQ96_CENTERED,505.0,449,401.0,0.8930957683741648,0.10690423162583518,5,0.0,0.0
4100d0a0,SIGN96_CENTERED,,523,521.0,0.9961759082217974,0.003824091778202643,2,0.0,0.0
4100d0a0,ITQ96_CENTERED,101.0,523,481.0,0.9196940726577438,0.08030592734225617,4,0.0,0.0
4100d0a0,ITQ96_CENTERED,202.0,523,476.0,0.9101338432122371,0.08986615678776289,3,0.0,0.0
4100d0a0,ITQ96_CENTERED,303.0,523,469.0,0.8967495219885278,0.10325047801147225,4,0.0,0.0
4100d0a0,ITQ96_CENTERED,404.0,523,467.0,0.892925430210325,0.107074569789675,4,0.0,0.0
4100d0a0,ITQ96_CENTERED,505.0,523,463.0,0.8852772466539197,0.11472275334608029,6,0.0,0.0
41275add,SIGN96_CENTERED,,531,529.0,0.9962335216572504,0.0037664783427495685,2,0.0,0.0
41275add,ITQ96_CENTERED,101.0,531,467.0,0.879472693032015,0.12052730696798497,9,0.0,0.0
41275add,ITQ96_CENTERED,202.0,531,470.0,0.8851224105461394,0.11487758945386062,6,0.0,0.0
41275add,ITQ96_CENTERED,303.0,531,461.0,0.8681732580037664,0.13182674199623357,6,0.0,0.0
41275add,ITQ96_CENTERED,404.0,531,472.0,0.8888888888888888,0.11111111111111116,7,0.0,0.0
41275add,ITQ96_CENTERED,505.0,531,469.0,0.8832391713747646,0.1167608286252354,6,0.0,0.0
41698283,SIGN96_CENTERED,,476,474.0,0.9957983193277311,0.004201680672268893,2,0.0,0.0
41698283,ITQ96_CENTERED,101.0,476,433.0,0.9096638655462185,0.09033613445378152,4,0.0,0.0
41698283,ITQ96_CENTERED,202.0,476,429.0,0.9012605042016807,0.09873949579831931,7,0.0,0.0
41698283,ITQ96_CENTERED,303.0,476,423.0,0.8886554621848739,0.1113445378151261,6,0.0,0.0
41698283,ITQ96_CENTERED,404.0,476,419.0,0.8802521008403361,0.11974789915966388,8,0.0,0.0
41698283,ITQ96_CENTERED,505.0,476,432.0,0.907563025210084,0.09243697478991597,4,0.0,0.0
42ec0761,SIGN96_CENTERED,,521,521.0,1.0,0.0,1,0.0,0.0
42ec0761,ITQ96_CENTERED,101.0,521,458.0,0.8790786948176583,0.12092130518234168,6,0.0,0.0
42ec0761,ITQ96_CENTERED,202.0,521,451.0,0.8656429942418427,0.13435700575815734,6,0.0,0.0
42ec0761,ITQ96_CENTERED,303.0,521,448.0,0.8598848368522073,0.1401151631477927,6,0.0,0.0
42ec0761,ITQ96_CENTERED,404.0,521,457.0,0.8771593090211133,0.12284069097888672,5,0.0,0.0
42ec0761,ITQ96_CENTERED,505.0,521,453.0,0.8694817658349329,0.13051823416506714,6,0.0,0.0
4388e9dd,SIGN96_CENTERED,,477,473.0,0.9916142557651991,0.008385744234800874,3,0.0,0.0
4388e9dd,ITQ96_CENTERED,101.0,477,403.0,0.8448637316561844,0.15513626834381555,7,0.0,0.0
4388e9dd,ITQ96_CENTERED,202.0,477,400.0,0.8385744234800838,0.16142557651991618,7,0.0,0.0
4388e9dd,ITQ96_CENTERED,303.0,477,415.0,0.870020964360587,0.12997903563941304,7,0.0,0.0
4388e9dd,ITQ96_CENTERED,404.0,477,410.0,0.859538784067086,0.14046121593291405,7,0.0,0.0
4388e9dd,ITQ96_CENTERED,505.0,477,414.0,0.8679245283018868,0.13207547169811318,7,0.0,0.0
45dc21b6,SIGN96_CENTERED,,485,485.0,1.0,0.0,1,0.0,0.0
45dc21b6,ITQ96_CENTERED,101.0,485,439.0,0.9051546391752577,0.09484536082474226,5,0.0,0.0
45dc21b6,ITQ96_CENTERED,202.0,485,428.0,0.8824742268041237,0.11752577319587632,5,0.0,0.0
45dc21b6,ITQ96_CENTERED,303.0,485,432.0,0.8907216494845361,0.10927835051546386,6,0.0,0.0
45dc21b6,ITQ96_CENTERED,404.0,485,435.0,0.8969072164948454,0.1030927835051546,5,0.0,0.0
45dc21b6,ITQ96_CENTERED,505.0,485,432.0,0.8907216494845361,0.10927835051546386,5,0.0,0.0
46a3abf7,SIGN96_CENTERED,,503,499.0,0.9920477137176938,0.007952286282306154,5,0.0,0.0
46a3abf7,ITQ96_CENTERED,101.0,503,446.0,0.8866799204771372,0.11332007952286283,8,0.0,0.0
46a3abf7,ITQ96_CENTERED,202.0,503,451.0,0.8966202783300199,0.1033797216699801,5,0.0,0.0
46a3abf7,ITQ96_CENTERED,303.0,503,450.0,0.8946322067594433,0.10536779324055667,5,0.0,0.0
46a3abf7,ITQ96_CENTERED,404.0,503,451.0,0.8966202783300199,0.1033797216699801,5,0.0,0.0
46a3abf7,ITQ96_CENTERED,505.0,503,450.0,0.8946322067594433,0.10536779324055667,5,0.0,0.0
488d3006,SIGN96_CENTERED,,509,509.0,1.0,0.0,1,0.0,0.0
488d3006,ITQ96_CENTERED,101.0,509,457.0,0.8978388998035364,0.10216110019646363,5,0.0,0.0
488d3006,ITQ96_CENTERED,202.0,509,463.0,0.9096267190569745,0.09037328094302555,5,0.0,0.0
488d3006,ITQ96_CENTERED,303.0,509,469.0,0.9214145383104125,0.07858546168958747,5,0.0,0.0
488d3006,ITQ96_CENTERED,404.0,509,460.0,0.9037328094302554,0.09626719056974464,5,2.0,0.003929273084479371
488d3006,ITQ96_CENTERED,505.0,509,467.0,0.9174852652259332,0.08251473477406679,5,1.0,0.0019646365422396855
4adc0475,SIGN96_CENTERED,,490,487.0,0.9938775510204082,0.006122448979591799,2,0.0,0.0
4adc0475,ITQ96_CENTERED,101.0,490,438.0,0.8938775510204081,0.10612244897959189,6,0.0,0.0
4adc0475,ITQ96_CENTERED,202.0,490,435.0,0.8877551020408163,0.11224489795918369,6,0.0,0.0
4adc0475,ITQ96_CENTERED,303.0,490,427.0,0.8714285714285714,0.12857142857142856,7,0.0,0.0
4adc0475,ITQ96_CENTERED,404.0,490,429.0,0.8755102040816326,0.1244897959183674,6,0.0,0.0
4adc0475,ITQ96_CENTERED,505.0,490,435.0,0.8877551020408163,0.11224489795918369,6,0.0,0.0
4b24c848,SIGN96_CENTERED,,514,512.0,0.9961089494163424,0.0038910505836575737,2,0.0,0.0
4b24c848,ITQ96_CENTERED,101.0,514,451.0,0.877431906614786,0.12256809338521402,5,0.0,0.0
4b24c848,ITQ96_CENTERED,202.0,514,444.0,0.8638132295719845,0.13618677042801552,5,0.0,0.0
4b24c848,ITQ96_CENTERED,303.0,514,460.0,0.8949416342412452,0.10505836575875482,7,0.0,0.0
4b24c848,ITQ96_CENTERED,404.0,514,443.0,0.8618677042801557,0.1381322957198443,6,0.0,0.0
4b24c848,ITQ96_CENTERED,505.0,514,455.0,0.8852140077821011,0.11478599221789887,7,0.0,0.0
4baee567,SIGN96_CENTERED,,514,513.0,0.9980544747081712,0.0019455252918287869,2,0.0,0.0
4baee567,ITQ96_CENTERED,101.0,514,443.0,0.8618677042801557,0.1381322957198443,6,0.0,0.0
4baee567,ITQ96_CENTERED,202.0,514,443.0,0.8618677042801557,0.1381322957198443,6,0.0,0.0
4baee567,ITQ96_CENTERED,303.0,514,442.0,0.8599221789883269,0.1400778210116731,6,0.0,0.0
4baee567,ITQ96_CENTERED,404.0,514,452.0,0.8793774319066148,0.12062256809338523,6,0.0,0.0
4baee567,ITQ96_CENTERED,505.0,514,444.0,0.8638132295719845,0.13618677042801552,6,0.0,0.0
4bc144e2,SIGN96_CENTERED,,530,527.0,0.9943396226415094,0.005660377358490565,3,0.0,0.0
4bc144e2,ITQ96_CENTERED,101.0,530,467.0,0.8811320754716981,0.11886792452830186,8,0.0,0.0
4bc144e2,ITQ96_CENTERED,202.0,530,462.0,0.8716981132075472,0.1283018867924528,10,0.0,0.0
4bc144e2,ITQ96_CENTERED,303.0,530,468.0,0.8830188679245283,0.11698113207547167,10,0.0,0.0
4bc144e2,ITQ96_CENTERED,404.0,530,461.0,0.869811320754717,0.130188679245283,10,0.0,0.0
4bc144e2,ITQ96_CENTERED,505.0,530,464.0,0.8754716981132076,0.12452830188679243,11,0.0,0.0
4c36ccef,SIGN96_CENTERED,,521,519.0,0.9961612284069098,0.0038387715930902067,2,0.0,0.0
4c36ccef,ITQ96_CENTERED,101.0,521,453.0,0.8694817658349329,0.13051823416506714,10,0.0,0.0
4c36ccef,ITQ96_CENTERED,202.0,521,448.0,0.8598848368522073,0.1401151631477927,10,0.0,0.0
4c36ccef,ITQ96_CENTERED,303.0,521,449.0,0.8618042226487524,0.13819577735124755,10,0.0,0.0
4c36ccef,ITQ96_CENTERED,404.0,521,446.0,0.8560460652591171,0.14395393474088292,10,0.0,0.0
4c36ccef,ITQ96_CENTERED,505.0,521,450.0,0.8637236084452975,0.1362763915547025,7,0.0,0.0
4d6b87c8,SIGN96_CENTERED,,516,516.0,1.0,0.0,1,0.0,0.0
4d6b87c8,ITQ96_CENTERED,101.0,516,472.0,0.9147286821705426,0.0852713178294574,6,0.0,0.0
4d6b87c8,ITQ96_CENTERED,202.0,516,467.0,0.9050387596899225,0.09496124031007747,5,0.0,0.0
4d6b87c8,ITQ96_CENTERED,303.0,516,467.0,0.9050387596899225,0.09496124031007747,6,0.0,0.0
4d6b87c8,ITQ96_CENTERED,404.0,516,460.0,0.8914728682170543,0.10852713178294571,6,0.0,0.0
4d6b87c8,ITQ96_CENTERED,505.0,516,471.0,0.9127906976744186,0.08720930232558144,6,0.0,0.0
4dfccbf7,SIGN96_CENTERED,,521,521.0,1.0,0.0,1,0.0,0.0
4dfccbf7,ITQ96_CENTERED,101.0,521,454.0,0.8714011516314779,0.1285988483685221,8,0.0,0.0
4dfccbf7,ITQ96_CENTERED,202.0,521,463.0,0.8886756238003839,0.1113243761996161,6,0.0,0.0
4dfccbf7,ITQ96_CENTERED,303.0,521,469.0,0.9001919385796545,0.09980806142034548,5,0.0,0.0
4dfccbf7,ITQ96_CENTERED,404.0,521,464.0,0.8905950095969289,0.10940499040307106,5,0.0,0.0
4dfccbf7,ITQ96_CENTERED,505.0,521,470.0,0.9021113243761996,0.09788867562380044,5,0.0,0.0
4dfccbf8,SIGN96_CENTERED,,455,455.0,1.0,0.0,1,0.0,0.0
4dfccbf8,ITQ96_CENTERED,101.0,455,407.0,0.8945054945054945,0.10549450549450545,6,0.0,0.0
4dfccbf8,ITQ96_CENTERED,202.0,455,399.0,0.8769230769230769,0.12307692307692308,6,0.0,0.0
4dfccbf8,ITQ96_CENTERED,303.0,455,402.0,0.8835164835164835,0.11648351648351651,5,0.0,0.0
4dfccbf8,ITQ96_CENTERED,404.0,455,404.0,0.8879120879120879,0.11208791208791213,5,0.0,0.0
4dfccbf8,ITQ96_CENTERED,505.0,455,408.0,0.8967032967032967,0.10329670329670326,10,0.0,0.0
4f54b7c9,SIGN96_CENTERED,,491,491.0,1.0,0.0,1,0.0,0.0
4f54b7c9,ITQ96_CENTERED,101.0,491,431.0,0.8778004073319755,0.12219959266802449,9,0.0,0.0
4f54b7c9,ITQ96_CENTERED,202.0,491,431.0,0.8778004073319755,0.12219959266802449,9,0.0,0.0
4f54b7c9,ITQ96_CENTERED,303.0,491,426.0,0.8676171079429735,0.13238289205702647,9,0.0,0.0
4f54b7c9,ITQ96_CENTERED,404.0,491,432.0,0.879837067209776,0.12016293279022405,9,0.0,0.0
4f54b7c9,ITQ96_CENTERED,505.0,491,425.0,0.8655804480651731,0.1344195519348269,9,0.0,0.0
4fd1909e,SIGN96_CENTERED,,554,553.0,0.9981949458483754,0.0018050541516245744,2,0.0,0.0
4fd1909e,ITQ96_CENTERED,101.0,554,456.0,0.8231046931407943,0.17689530685920574,5,0.0,0.0
4fd1909e,ITQ96_CENTERED,202.0,554,466.0,0.8411552346570397,0.15884476534296033,5,0.0,0.0
4fd1909e,ITQ96_CENTERED,303.0,554,475.0,0.8574007220216606,0.14259927797833938,7,0.0,0.0
4fd1909e,ITQ96_CENTERED,404.0,554,465.0,0.8393501805054152,0.1606498194945848,5,0.0,0.0
4fd1909e,ITQ96_CENTERED,505.0,554,470.0,0.8483754512635379,0.15162454873646214,5,0.0,0.0
5025383b,SIGN96_CENTERED,,446,445.0,0.9977578475336323,0.0022421524663677195,2,0.0,0.0
5025383b,ITQ96_CENTERED,101.0,446,415.0,0.9304932735426009,0.06950672645739908,3,0.0,0.0
5025383b,ITQ96_CENTERED,202.0,446,407.0,0.9125560538116592,0.08744394618834084,4,0.0,0.0
5025383b,ITQ96_CENTERED,303.0,446,416.0,0.9327354260089686,0.06726457399103136,4,0.0,0.0
5025383b,ITQ96_CENTERED,404.0,446,409.0,0.9170403587443946,0.0829596412556054,3,0.0,0.0
5025383b,ITQ96_CENTERED,505.0,446,401.0,0.899103139013453,0.10089686098654704,4,0.0,0.0
505af2f5,SIGN96_CENTERED,,501,498.0,0.9940119760479041,0.005988023952095856,2,0.0,0.0
505af2f5,ITQ96_CENTERED,101.0,501,413.0,0.8243512974051896,0.17564870259481036,6,0.0,0.0
505af2f5,ITQ96_CENTERED,202.0,501,429.0,0.8562874251497006,0.14371257485029942,6,0.0,0.0
505af2f5,ITQ96_CENTERED,303.0,501,428.0,0.8542914171656687,0.1457085828343313,6,0.0,0.0
505af2f5,ITQ96_CENTERED,404.0,501,421.0,0.8403193612774451,0.1596806387225549,6,0.0,0.0
505af2f5,ITQ96_CENTERED,505.0,501,424.0,0.846307385229541,0.15369261477045904,6,0.0,0.0
50635ada,SIGN96_CENTERED,,531,529.0,0.9962335216572504,0.0037664783427495685,2,0.0,0.0
50635ada,ITQ96_CENTERED,101.0,531,461.0,0.8681732580037664,0.13182674199623357,4,0.0,0.0
50635ada,ITQ96_CENTERED,202.0,531,463.0,0.871939736346516,0.128060263653484,7,0.0,0.0
50635ada,ITQ96_CENTERED,303.0,531,467.0,0.879472693032015,0.12052730696798497,4,0.0,0.0
50635ada,ITQ96_CENTERED,404.0,531,463.0,0.871939736346516,0.128060263653484,5,0.0,0.0
50635ada,ITQ96_CENTERED,505.0,531,465.0,0.8757062146892656,0.12429378531073443,4,0.0,0.0
51a45a95,SIGN96_CENTERED,,529,529.0,1.0,0.0,1,0.0,0.0
51a45a95,ITQ96_CENTERED,101.0,529,481.0,0.9092627599243857,0.09073724007561434,6,0.0,0.0
51a45a95,ITQ96_CENTERED,202.0,529,477.0,0.9017013232514177,0.09829867674858228,6,0.0,0.0
51a45a95,ITQ96_CENTERED,303.0,529,487.0,0.9206049149338374,0.07939508506616255,6,0.0,0.0
51a45a95,ITQ96_CENTERED,404.0,529,486.0,0.9187145557655955,0.08128544423440454,6,0.0,0.0
51a45a95,ITQ96_CENTERED,505.0,529,484.0,0.9149338374291115,0.0850661625708885,6,0.0,0.0
51b23612,SIGN96_CENTERED,,481,478.0,0.9937629937629938,0.006237006237006182,3,0.0,0.0
51b23612,ITQ96_CENTERED,101.0,481,436.0,0.9064449064449065,0.0935550935550935,6,0.0,0.0
51b23612,ITQ96_CENTERED,202.0,481,438.0,0.9106029106029107,0.08939708939708935,5,0.0,0.0
51b23612,ITQ96_CENTERED,303.0,481,436.0,0.9064449064449065,0.0935550935550935,3,0.0,0.0
51b23612,ITQ96_CENTERED,404.0,481,438.0,0.9106029106029107,0.08939708939708935,3,0.0,0.0
51b23612,ITQ96_CENTERED,505.0,481,440.0,0.9147609147609148,0.08523908523908519,3,0.0,0.0
51c32626,SIGN96_CENTERED,,490,487.0,0.9938775510204082,0.006122448979591799,2,0.0,0.0
51c32626,ITQ96_CENTERED,101.0,490,428.0,0.8734693877551021,0.12653061224489792,4,0.0,0.0
51c32626,ITQ96_CENTERED,202.0,490,432.0,0.8816326530612245,0.11836734693877549,6,0.0,0.0
51c32626,ITQ96_CENTERED,303.0,490,434.0,0.8857142857142857,0.11428571428571432,4,0.0,0.0
51c32626,ITQ96_CENTERED,404.0,490,434.0,0.8857142857142857,0.11428571428571432,5,0.0,0.0
51c32626,ITQ96_CENTERED,505.0,490,438.0,0.8938775510204081,0.10612244897959189,6,0.0,0.0
54026fce,SIGN96_CENTERED,,472,472.0,1.0,0.0,1,0.0,0.0
54026fce,ITQ96_CENTERED,101.0,472,444.0,0.940677966101695,0.05932203389830504,3,0.0,0.0
54026fce,ITQ96_CENTERED,202.0,472,444.0,0.940677966101695,0.05932203389830504,5,0.0,0.0
54026fce,ITQ96_CENTERED,303.0,472,447.0,0.9470338983050848,0.052966101694915224,6,0.0,0.0
54026fce,ITQ96_CENTERED,404.0,472,444.0,0.940677966101695,0.05932203389830504,4,0.0,0.0
54026fce,ITQ96_CENTERED,505.0,472,441.0,0.934322033898305,0.06567796610169496,7,0.0,0.0
545bd2b5,SIGN96_CENTERED,,461,460.0,0.9978308026030369,0.002169197396963085,2,0.0,0.0
545bd2b5,ITQ96_CENTERED,101.0,461,420.0,0.911062906724512,0.08893709327548804,4,0.0,0.0
545bd2b5,ITQ96_CENTERED,202.0,461,424.0,0.9197396963123644,0.08026030368763559,4,0.0,0.0
545bd2b5,ITQ96_CENTERED,303.0,461,423.0,0.9175704989154013,0.08242950108459868,4,0.0,0.0
545bd2b5,ITQ96_CENTERED,404.0,461,419.0,0.9088937093275488,0.09110629067245124,5,0.0,0.0
545bd2b5,ITQ96_CENTERED,505.0,461,418.0,0.9067245119305857,0.09327548806941433,4,0.0,0.0
55241a1f,SIGN96_CENTERED,,514,513.0,0.9980544747081712,0.0019455252918287869,2,0.0,0.0
55241a1f,ITQ96_CENTERED,101.0,514,443.0,0.8618677042801557,0.1381322957198443,6,0.0,0.0
55241a1f,ITQ96_CENTERED,202.0,514,441.0,0.857976653696498,0.142023346303502,6,0.0,0.0
55241a1f,ITQ96_CENTERED,303.0,514,449.0,0.8735408560311284,0.1264591439688716,7,0.0,0.0
55241a1f,ITQ96_CENTERED,404.0,514,444.0,0.8638132295719845,0.13618677042801552,5,0.0,0.0
55241a1f,ITQ96_CENTERED,505.0,514,438.0,0.8521400778210116,0.14785992217898836,6,0.0,0.0
561fabcd,SIGN96_CENTERED,,495,491.0,0.9919191919191919,0.008080808080808133,3,0.0,0.0
561fabcd,ITQ96_CENTERED,101.0,495,449.0,0.907070707070707,0.09292929292929297,4,0.0,0.0
561fabcd,ITQ96_CENTERED,202.0,495,444.0,0.896969696969697,0.10303030303030303,4,0.0,0.0
561fabcd,ITQ96_CENTERED,303.0,495,457.0,0.9232323232323232,0.07676767676767682,4,0.0,0.0
561fabcd,ITQ96_CENTERED,404.0,495,450.0,0.9090909090909091,0.09090909090909094,4,0.0,0.0
561fabcd,ITQ96_CENTERED,505.0,495,455.0,0.9191919191919192,0.08080808080808077,4,0.0,0.0
577d4d32,SIGN96_CENTERED,,487,483.0,0.9917864476386037,0.008213552361396315,4,0.0,0.0
577d4d32,ITQ96_CENTERED,101.0,487,436.0,0.8952772073921971,0.10472279260780293,5,0.0,0.0
577d4d32,ITQ96_CENTERED,202.0,487,456.0,0.9363449691991786,0.06365503080082136,4,0.0,0.0
577d4d32,ITQ96_CENTERED,303.0,487,450.0,0.9240246406570842,0.07597535934291577,4,0.0,0.0
577d4d32,ITQ96_CENTERED,404.0,487,451.0,0.9260780287474333,0.07392197125256672,4,0.0,0.0
577d4d32,ITQ96_CENTERED,505.0,487,446.0,0.9158110882956879,0.08418891170431209,4,0.0,0.0
57f827a0,SIGN96_CENTERED,,495,493.0,0.9959595959595959,0.004040404040404066,2,0.0,0.0
57f827a0,ITQ96_CENTERED,101.0,495,444.0,0.896969696969697,0.10303030303030303,5,0.0,0.0
57f827a0,ITQ96_CENTERED,202.0,495,445.0,0.898989898989899,0.101010101010101,6,0.0,0.0
57f827a0,ITQ96_CENTERED,303.0,495,442.0,0.8929292929292929,0.1070707070707071,6,0.0,0.0
57f827a0,ITQ96_CENTERED,404.0,495,435.0,0.8787878787878788,0.12121212121212122,5,0.0,0.0
57f827a0,ITQ96_CENTERED,505.0,495,437.0,0.8828282828282829,0.11717171717171715,6,0.0,0.0
5809eb10,SIGN96_CENTERED,,606,599.0,0.9884488448844885,0.011551155115511524,3,0.0,0.0
5809eb10,ITQ96_CENTERED,101.0,606,509.0,0.8399339933993399,0.16006600660066006,11,5.0,0.00825082508250825
5809eb10,ITQ96_CENTERED,202.0,606,501.0,0.8267326732673267,0.1732673267326733,12,6.0,0.009900990099009901
5809eb10,ITQ96_CENTERED,303.0,606,497.0,0.8201320132013201,0.17986798679867988,11,3.0,0.0049504950495049506
5809eb10,ITQ96_CENTERED,404.0,606,507.0,0.8366336633663366,0.1633663366336634,12,6.0,0.009900990099009901
5809eb10,ITQ96_CENTERED,505.0,606,513.0,0.8465346534653465,0.1534653465346535,6,1.0,0.0016501650165016502
5831f84d,SIGN96_CENTERED,,422,420.0,0.995260663507109,0.004739336492891044,2,0.0,0.0
5831f84d,ITQ96_CENTERED,101.0,422,379.0,0.8981042654028436,0.1018957345971564,5,0.0,0.0
5831f84d,ITQ96_CENTERED,202.0,422,386.0,0.9146919431279621,0.08530805687203791,4,0.0,0.0
5831f84d,ITQ96_CENTERED,303.0,422,379.0,0.8981042654028436,0.1018957345971564,5,0.0,0.0
5831f84d,ITQ96_CENTERED,404.0,422,383.0,0.9075829383886256,0.09241706161137442,4,0.0,0.0
5831f84d,ITQ96_CENTERED,505.0,422,378.0,0.8957345971563981,0.10426540284360186,5,0.0,0.0
58470ed2,SIGN96_CENTERED,,471,470.0,0.9978768577494692,0.002123142250530785,2,0.0,0.0
58470ed2,ITQ96_CENTERED,101.0,471,423.0,0.8980891719745223,0.10191082802547768,5,0.0,0.0
58470ed2,ITQ96_CENTERED,202.0,471,423.0,0.8980891719745223,0.10191082802547768,5,0.0,0.0
58470ed2,ITQ96_CENTERED,303.0,471,430.0,0.9129511677282378,0.08704883227176219,6,0.0,0.0
58470ed2,ITQ96_CENTERED,404.0,471,425.0,0.9023354564755839,0.09766454352441611,4,0.0,0.0
58470ed2,ITQ96_CENTERED,505.0,471,416.0,0.8832271762208068,0.11677282377919318,5,0.0,0.0
58bf7951,SIGN96_CENTERED,,616,607.0,0.9853896103896104,0.01461038961038963,4,0.0,0.0
58bf7951,ITQ96_CENTERED,101.0,616,471.0,0.7646103896103896,0.23538961038961037,8,0.0,0.0
58bf7951,ITQ96_CENTERED,202.0,616,477.0,0.7743506493506493,0.22564935064935066,9,0.0,0.0
58bf7951,ITQ96_CENTERED,303.0,616,493.0,0.8003246753246753,0.19967532467532467,6,0.0,0.0
58bf7951,ITQ96_CENTERED,404.0,616,491.0,0.797077922077922,0.20292207792207795,7,0.0,0.0
58bf7951,ITQ96_CENTERED,505.0,616,477.0,0.7743506493506493,0.22564935064935066,10,0.0,0.0
58ef2f1c,SIGN96_CENTERED,,518,512.0,0.9884169884169884,0.01158301158301156,2,0.0,0.0
58ef2f1c,ITQ96_CENTERED,101.0,518,459.0,0.8861003861003861,0.1138996138996139,6,0.0,0.0
58ef2f1c,ITQ96_CENTERED,202.0,518,464.0,0.8957528957528957,0.10424710424710426,6,0.0,0.0
58ef2f1c,ITQ96_CENTERED,303.0,518,461.0,0.88996138996139,0.11003861003861004,6,0.0,0.0
58ef2f1c,ITQ96_CENTERED,404.0,518,468.0,0.9034749034749034,0.09652509652509655,6,0.0,0.0
58ef2f1c,ITQ96_CENTERED,505.0,518,456.0,0.8803088803088803,0.11969111969111967,6,0.0,0.0
59524333,SIGN96_CENTERED,,528,524.0,0.9924242424242424,0.007575757575757569,3,0.0,0.0
59524333,ITQ96_CENTERED,101.0,528,424.0,0.803030303030303,0.19696969696969702,14,0.0,0.0
59524333,ITQ96_CENTERED,202.0,528,420.0,0.7954545454545454,0.20454545454545459,14,0.0,0.0
59524333,ITQ96_CENTERED,303.0,528,423.0,0.8011363636363636,0.19886363636363635,14,0.0,0.0
59524333,ITQ96_CENTERED,404.0,528,429.0,0.8125,0.1875,14,0.0,0.0
59524333,ITQ96_CENTERED,505.0,528,415.0,0.7859848484848485,0.2140151515151515,14,0.0,0.0
5a4f22c0,SIGN96_CENTERED,,487,481.0,0.9876796714579056,0.012320328542094416,5,0.0,0.0
5a4f22c0,ITQ96_CENTERED,101.0,487,436.0,0.8952772073921971,0.10472279260780293,5,0.0,0.0
5a4f22c0,ITQ96_CENTERED,202.0,487,423.0,0.8685831622176592,0.1314168377823408,5,0.0,0.0
5a4f22c0,ITQ96_CENTERED,303.0,487,422.0,0.86652977412731,0.13347022587268997,5,0.0,0.0
5a4f22c0,ITQ96_CENTERED,404.0,487,435.0,0.893223819301848,0.10677618069815198,5,0.0,0.0
5a4f22c0,ITQ96_CENTERED,505.0,487,434.0,0.891170431211499,0.10882956878850103,5,0.0,0.0
5a7937c8,SIGN96_CENTERED,,419,418.0,0.9976133651551312,0.0023866348448687846,2,0.0,0.0
5a7937c8,ITQ96_CENTERED,101.0,419,383.0,0.9140811455847255,0.08591885441527447,6,0.0,0.0
5a7937c8,ITQ96_CENTERED,202.0,419,384.0,0.9164677804295943,0.08353221957040569,4,0.0,0.0
5a7937c8,ITQ96_CENTERED,303.0,419,383.0,0.9140811455847255,0.08591885441527447,4,0.0,0.0
5a7937c8,ITQ96_CENTERED,404.0,419,379.0,0.9045346062052506,0.09546539379474939,4,0.0,0.0
5a7937c8,ITQ96_CENTERED,505.0,419,381.0,0.9093078758949881,0.09069212410501193,4,0.0,0.0
5c40ec5b,SIGN96_CENTERED,,479,477.0,0.9958246346555324,0.0041753653444676075,3,0.0,0.0
5c40ec5b,ITQ96_CENTERED,101.0,479,434.0,0.906054279749478,0.09394572025052195,5,0.0,0.0
5c40ec5b,ITQ96_CENTERED,202.0,479,437.0,0.9123173277661796,0.08768267223382042,5,0.0,0.0
5c40ec5b,ITQ96_CENTERED,303.0,479,433.0,0.9039665970772442,0.09603340292275575,4,0.0,0.0
5c40ec5b,ITQ96_CENTERED,404.0,479,432.0,0.9018789144050104,0.09812108559498955,5,0.0,0.0
5c40ec5b,ITQ96_CENTERED,505.0,479,439.0,0.9164926931106472,0.08350730688935282,4,0.0,0.0
5d3d2817,SIGN96_CENTERED,,510,510.0,1.0,0.0,1,0.0,0.0
5d3d2817,ITQ96_CENTERED,101.0,510,449.0,0.8803921568627451,0.11960784313725492,5,0.0,0.0
5d3d2817,ITQ96_CENTERED,202.0,510,451.0,0.884313725490196,0.11568627450980395,5,0.0,0.0
5d3d2817,ITQ96_CENTERED,303.0,510,452.0,0.8862745098039215,0.11372549019607847,5,0.0,0.0
5d3d2817,ITQ96_CENTERED,404.0,510,442.0,0.8666666666666667,0.1333333333333333,5,0.0,0.0
5d3d2817,ITQ96_CENTERED,505.0,510,448.0,0.8784313725490196,0.1215686274509804,5,0.0,0.0
5e1b23de,SIGN96_CENTERED,,445,443.0,0.9955056179775281,0.004494382022471877,2,0.0,0.0
5e1b23de,ITQ96_CENTERED,101.0,445,408.0,0.9168539325842696,0.08314606741573038,5,0.0,0.0
5e1b23de,ITQ96_CENTERED,202.0,445,406.0,0.9123595505617977,0.08764044943820226,4,0.0,0.0
5e1b23de,ITQ96_CENTERED,303.0,445,409.0,0.9191011235955057,0.08089887640449434,4,0.0,0.0
5e1b23de,ITQ96_CENTERED,404.0,445,406.0,0.9123595505617977,0.08764044943820226,5,0.0,0.0
5e1b23de,ITQ96_CENTERED,505.0,445,407.0,0.9146067415730337,0.08539325842696632,4,0.0,0.0
60036106,SIGN96_CENTERED,,483,478.0,0.989648033126294,0.010351966873705987,2,0.0,0.0
60036106,ITQ96_CENTERED,101.0,483,423.0,0.8757763975155279,0.12422360248447206,5,0.0,0.0
60036106,ITQ96_CENTERED,202.0,483,426.0,0.8819875776397516,0.11801242236024845,5,0.0,0.0
60036106,ITQ96_CENTERED,303.0,483,423.0,0.8757763975155279,0.12422360248447206,5,0.0,0.0
60036106,ITQ96_CENTERED,404.0,483,426.0,0.8819875776397516,0.11801242236024845,6,0.0,0.0
60036106,ITQ96_CENTERED,505.0,483,424.0,0.8778467908902692,0.12215320910973082,6,0.0,0.0
60159905,SIGN96_CENTERED,,448,446.0,0.9955357142857143,0.004464285714285698,2,0.0,0.0
60159905,ITQ96_CENTERED,101.0,448,428.0,0.9553571428571429,0.044642857142857095,4,0.0,0.0
60159905,ITQ96_CENTERED,202.0,448,432.0,0.9642857142857143,0.0357142857142857,5,0.0,0.0
60159905,ITQ96_CENTERED,303.0,448,427.0,0.953125,0.046875,3,0.0,0.0
60159905,ITQ96_CENTERED,404.0,448,424.0,0.9464285714285714,0.0535714285714286,4,0.0,0.0
60159905,ITQ96_CENTERED,505.0,448,428.0,0.9553571428571429,0.044642857142857095,3,0.0,0.0
603deb26,SIGN96_CENTERED,,472,472.0,1.0,0.0,1,0.0,0.0
603deb26,ITQ96_CENTERED,101.0,472,410.0,0.8686440677966102,0.1313559322033898,4,0.0,0.0
603deb26,ITQ96_CENTERED,202.0,472,416.0,0.8813559322033898,0.11864406779661019,6,0.0,0.0
603deb26,ITQ96_CENTERED,303.0,472,418.0,0.885593220338983,0.11440677966101698,4,0.0,0.0
603deb26,ITQ96_CENTERED,404.0,472,412.0,0.8728813559322034,0.1271186440677966,4,0.0,0.0
603deb26,ITQ96_CENTERED,505.0,472,418.0,0.885593220338983,0.11440677966101698,5,0.0,0.0
60472f9c,SIGN96_CENTERED,,454,453.0,0.9977973568281938,0.0022026431718061845,2,0.0,0.0
60472f9c,ITQ96_CENTERED,101.0,454,404.0,0.8898678414096917,0.11013215859030834,5,0.0,0.0
60472f9c,ITQ96_CENTERED,202.0,454,403.0,0.8876651982378855,0.11233480176211452,5,0.0,0.0
60472f9c,ITQ96_CENTERED,303.0,454,406.0,0.8942731277533039,0.10572687224669608,5,0.0,0.0
60472f9c,ITQ96_CENTERED,404.0,454,401.0,0.8832599118942731,0.11674008810572689,5,0.0,0.0
60472f9c,ITQ96_CENTERED,505.0,454,406.0,0.8942731277533039,0.10572687224669608,5,0.0,0.0
6071bd76,SIGN96_CENTERED,,482,482.0,1.0,0.0,1,0.0,0.0
6071bd76,ITQ96_CENTERED,101.0,482,436.0,0.9045643153526971,0.0954356846473029,4,0.0,0.0
6071bd76,ITQ96_CENTERED,202.0,482,438.0,0.9087136929460581,0.09128630705394192,5,0.0,0.0
6071bd76,ITQ96_CENTERED,303.0,482,441.0,0.9149377593360996,0.08506224066390045,5,0.0,0.0
6071bd76,ITQ96_CENTERED,404.0,482,434.0,0.9004149377593361,0.09958506224066388,4,0.0,0.0
6071bd76,ITQ96_CENTERED,505.0,482,438.0,0.9087136929460581,0.09128630705394192,5,0.0,0.0
60bf93ed,SIGN96_CENTERED,,494,488.0,0.9878542510121457,0.012145748987854255,4,0.0,0.0
60bf93ed,ITQ96_CENTERED,101.0,494,455.0,0.9210526315789473,0.07894736842105265,4,0.0,0.0
60bf93ed,ITQ96_CENTERED,202.0,494,460.0,0.9311740890688259,0.06882591093117407,4,0.0,0.0
60bf93ed,ITQ96_CENTERED,303.0,494,464.0,0.9392712550607287,0.06072874493927127,4,0.0,0.0
60bf93ed,ITQ96_CENTERED,404.0,494,463.0,0.937246963562753,0.06275303643724695,4,0.0,0.0
60bf93ed,ITQ96_CENTERED,505.0,494,456.0,0.9230769230769231,0.07692307692307687,4,0.0,0.0
60d45044,SIGN96_CENTERED,,541,538.0,0.9944547134935305,0.00554528650646946,2,0.0,0.0
60d45044,ITQ96_CENTERED,101.0,541,467.0,0.8632162661737524,0.13678373382624764,5,0.0,0.0
60d45044,ITQ96_CENTERED,202.0,541,467.0,0.8632162661737524,0.13678373382624764,5,0.0,0.0
60d45044,ITQ96_CENTERED,303.0,541,467.0,0.8632162661737524,0.13678373382624764,5,0.0,0.0
60d45044,ITQ96_CENTERED,404.0,541,476.0,0.8798521256931608,0.12014787430683915,5,0.0,0.0
60d45044,ITQ96_CENTERED,505.0,541,475.0,0.878003696857671,0.12199630314232901,5,0.0,0.0
618f13b2,SIGN96_CENTERED,,506,506.0,1.0,0.0,1,0.0,0.0
618f13b2,ITQ96_CENTERED,101.0,506,464.0,0.9169960474308301,0.08300395256916993,5,0.0,0.0
618f13b2,ITQ96_CENTERED,202.0,506,458.0,0.9051383399209486,0.09486166007905139,4,0.0,0.0
618f13b2,ITQ96_CENTERED,303.0,506,457.0,0.9031620553359684,0.09683794466403162,4,0.0,0.0
618f13b2,ITQ96_CENTERED,404.0,506,452.0,0.8932806324110671,0.10671936758893286,5,0.0,0.0
618f13b2,ITQ96_CENTERED,505.0,506,450.0,0.8893280632411067,0.11067193675889331,5,0.0,0.0
61f8c8f8,SIGN96_CENTERED,,459,458.0,0.9978213507625272,0.002178649237472796,2,0.0,0.0
61f8c8f8,ITQ96_CENTERED,101.0,459,433.0,0.9433551198257081,0.05664488017429192,3,0.0,0.0
61f8c8f8,ITQ96_CENTERED,202.0,459,434.0,0.9455337690631809,0.05446623093681913,4,0.0,0.0
61f8c8f8,ITQ96_CENTERED,303.0,459,435.0,0.9477124183006536,0.05228758169934644,3,0.0,0.0
61f8c8f8,ITQ96_CENTERED,404.0,459,436.0,0.9498910675381264,0.050108932461873645,3,0.0,0.0
61f8c8f8,ITQ96_CENTERED,505.0,459,430.0,0.9368191721132898,0.0631808278867102,3,0.0,0.0
6222b6eb,SIGN96_CENTERED,,497,491.0,0.9879275653923542,0.012072434607645843,6,0.0,0.0
6222b6eb,ITQ96_CENTERED,101.0,497,440.0,0.8853118712273642,0.11468812877263579,6,0.0,0.0
6222b6eb,ITQ96_CENTERED,202.0,497,440.0,0.8853118712273642,0.11468812877263579,6,0.0,0.0
6222b6eb,ITQ96_CENTERED,303.0,497,441.0,0.8873239436619719,0.11267605633802813,6,0.0,0.0
6222b6eb,ITQ96_CENTERED,404.0,497,443.0,0.8913480885311871,0.10865191146881292,6,0.0,0.0
6222b6eb,ITQ96_CENTERED,505.0,497,433.0,0.8712273641851107,0.1287726358148893,6,0.0,0.0
6456829e,SIGN96_CENTERED,,488,483.0,0.9897540983606558,0.010245901639344246,2,0.0,0.0
6456829e,ITQ96_CENTERED,101.0,488,435.0,0.8913934426229508,0.10860655737704916,4,0.0,0.0
6456829e,ITQ96_CENTERED,202.0,488,429.0,0.8790983606557377,0.12090163934426235,5,0.0,0.0
6456829e,ITQ96_CENTERED,303.0,488,434.0,0.889344262295082,0.11065573770491799,4,0.0,0.0
6456829e,ITQ96_CENTERED,404.0,488,429.0,0.8790983606557377,0.12090163934426235,4,0.0,0.0
6456829e,ITQ96_CENTERED,505.0,488,431.0,0.8831967213114754,0.11680327868852458,4,0.0,0.0
65240037,SIGN96_CENTERED,,489,488.0,0.9979550102249489,0.002044989775051076,2,0.0,0.0
65240037,ITQ96_CENTERED,101.0,489,431.0,0.8813905930470347,0.11860940695296529,6,1.0,0.002044989775051125
65240037,ITQ96_CENTERED,202.0,489,440.0,0.8997955010224948,0.10020449897750516,6,4.0,0.0081799591002045
65240037,ITQ96_CENTERED,303.0,489,430.0,0.8793456032719836,0.12065439672801637,7,3.0,0.006134969325153374
65240037,ITQ96_CENTERED,404.0,489,433.0,0.885480572597137,0.11451942740286303,6,1.0,0.002044989775051125
65240037,ITQ96_CENTERED,505.0,489,426.0,0.8711656441717791,0.1288343558282209,6,2.0,0.00408997955010225
6613b389,SIGN96_CENTERED,,452,452.0,1.0,0.0,1,0.0,0.0
6613b389,ITQ96_CENTERED,101.0,452,432.0,0.9557522123893806,0.04424778761061943,3,0.0,0.0
6613b389,ITQ96_CENTERED,202.0,452,430.0,0.9513274336283186,0.04867256637168138,4,0.0,0.0
6613b389,ITQ96_CENTERED,303.0,452,424.0,0.9380530973451328,0.06194690265486724,3,0.0,0.0
6613b389,ITQ96_CENTERED,404.0,452,432.0,0.9557522123893806,0.04424778761061943,3,0.0,0.0
6613b389,ITQ96_CENTERED,505.0,452,431.0,0.9535398230088495,0.04646017699115046,3,0.0,0.0
66f24dbb,SIGN96_CENTERED,,507,505.0,0.9960552268244576,0.0039447731755424265,2,0.0,0.0
66f24dbb,ITQ96_CENTERED,101.0,507,447.0,0.8816568047337278,0.11834319526627224,4,0.0,0.0
66f24dbb,ITQ96_CENTERED,202.0,507,445.0,0.8777120315581854,0.12228796844181455,5,0.0,0.0
66f24dbb,ITQ96_CENTERED,303.0,507,452.0,0.8915187376725838,0.10848126232741617,5,0.0,0.0
66f24dbb,ITQ96_CENTERED,404.0,507,452.0,0.8915187376725838,0.10848126232741617,4,0.0,0.0
66f24dbb,ITQ96_CENTERED,505.0,507,444.0,0.8757396449704142,0.12426035502958577,5,0.0,0.0
67e0d0f2,SIGN96_CENTERED,,510,510.0,1.0,0.0,1,0.0,0.0
67e0d0f2,ITQ96_CENTERED,101.0,510,460.0,0.9019607843137255,0.0980392156862745,5,0.0,0.0
67e0d0f2,ITQ96_CENTERED,202.0,510,447.0,0.8764705882352941,0.12352941176470589,6,0.0,0.0
67e0d0f2,ITQ96_CENTERED,303.0,510,452.0,0.8862745098039215,0.11372549019607847,6,0.0,0.0
67e0d0f2,ITQ96_CENTERED,404.0,510,458.0,0.8980392156862745,0.10196078431372546,4,0.0,0.0
67e0d0f2,ITQ96_CENTERED,505.0,510,461.0,0.903921568627451,0.09607843137254901,6,0.0,0.0
681a1674,SIGN96_CENTERED,,476,476.0,1.0,0.0,1,0.0,0.0
681a1674,ITQ96_CENTERED,101.0,476,434.0,0.9117647058823529,0.08823529411764708,5,0.0,0.0
681a1674,ITQ96_CENTERED,202.0,476,434.0,0.9117647058823529,0.08823529411764708,5,0.0,0.0
681a1674,ITQ96_CENTERED,303.0,476,436.0,0.9159663865546218,0.08403361344537819,6,0.0,0.0
681a1674,ITQ96_CENTERED,404.0,476,424.0,0.8907563025210085,0.10924369747899154,6,0.0,0.0
681a1674,ITQ96_CENTERED,505.0,476,432.0,0.907563025210084,0.09243697478991597,6,0.0,0.0
69fee5aa,SIGN96_CENTERED,,483,483.0,1.0,0.0,1,0.0,0.0
69fee5aa,ITQ96_CENTERED,101.0,483,433.0,0.8964803312629399,0.10351966873706009,7,0.0,0.0
69fee5aa,ITQ96_CENTERED,202.0,483,432.0,0.8944099378881988,0.10559006211180122,7,0.0,0.0
69fee5aa,ITQ96_CENTERED,303.0,483,430.0,0.8902691511387164,0.10973084886128359,7,0.0,0.0
69fee5aa,ITQ96_CENTERED,404.0,483,432.0,0.8944099378881988,0.10559006211180122,7,0.0,0.0
69fee5aa,ITQ96_CENTERED,505.0,483,431.0,0.8923395445134575,0.10766045548654246,7,0.0,0.0
6a1eabeb,SIGN96_CENTERED,,413,409.0,0.9903147699757869,0.009685230024213065,4,0.0,0.0
6a1eabeb,ITQ96_CENTERED,101.0,413,382.0,0.9249394673123487,0.07506053268765134,4,0.0,0.0
6a1eabeb,ITQ96_CENTERED,202.0,413,381.0,0.9225181598062954,0.07748184019370463,4,0.0,0.0
6a1eabeb,ITQ96_CENTERED,303.0,413,382.0,0.9249394673123487,0.07506053268765134,4,0.0,0.0
6a1eabeb,ITQ96_CENTERED,404.0,413,374.0,0.9055690072639225,0.09443099273607747,4,0.0,0.0
6a1eabeb,ITQ96_CENTERED,505.0,413,375.0,0.9079903147699758,0.09200968523002417,5,0.0,0.0
6a27ffc2,SIGN96_CENTERED,,493,489.0,0.9918864097363083,0.008113590263691739,2,0.0,0.0
6a27ffc2,ITQ96_CENTERED,101.0,493,448.0,0.9087221095334685,0.09127789046653145,4,0.0,0.0
6a27ffc2,ITQ96_CENTERED,202.0,493,440.0,0.8924949290060852,0.10750507099391482,5,0.0,0.0
6a27ffc2,ITQ96_CENTERED,303.0,493,442.0,0.896551724137931,0.10344827586206895,7,0.0,0.0
6a27ffc2,ITQ96_CENTERED,404.0,493,442.0,0.896551724137931,0.10344827586206895,6,0.0,0.0
6a27ffc2,ITQ96_CENTERED,505.0,493,443.0,0.8985801217038539,0.10141987829614607,6,0.0,0.0
6ade9755,SIGN96_CENTERED,,513,511.0,0.9961013645224172,0.003898635477582846,2,0.0,0.0
6ade9755,ITQ96_CENTERED,101.0,513,460.0,0.8966861598440545,0.10331384015594547,5,0.0,0.0
6ade9755,ITQ96_CENTERED,202.0,513,461.0,0.898635477582846,0.10136452241715399,4,0.0,0.0
6ade9755,ITQ96_CENTERED,303.0,513,466.0,0.9083820662768031,0.09161793372319693,4,0.0,0.0
6ade9755,ITQ96_CENTERED,404.0,513,460.0,0.8966861598440545,0.10331384015594547,4,0.0,0.0
6ade9755,ITQ96_CENTERED,505.0,513,459.0,0.8947368421052632,0.10526315789473684,4,0.0,0.0
6ae235be,SIGN96_CENTERED,,454,454.0,1.0,0.0,1,0.0,0.0
6ae235be,ITQ96_CENTERED,101.0,454,415.0,0.9140969162995595,0.08590308370044053,5,0.0,0.0
6ae235be,ITQ96_CENTERED,202.0,454,415.0,0.9140969162995595,0.08590308370044053,5,0.0,0.0
6ae235be,ITQ96_CENTERED,303.0,454,411.0,0.9052863436123348,0.09471365638766516,5,0.0,0.0
6ae235be,ITQ96_CENTERED,404.0,454,405.0,0.8920704845814978,0.10792951541850215,5,0.0,0.0
6ae235be,ITQ96_CENTERED,505.0,454,407.0,0.8964757709251101,0.1035242290748899,5,0.0,0.0
6aeb4375,SIGN96_CENTERED,,468,464.0,0.9914529914529915,0.008547008547008517,4,0.0,0.0
6aeb4375,ITQ96_CENTERED,101.0,468,423.0,0.9038461538461539,0.09615384615384615,5,0.0,0.0
6aeb4375,ITQ96_CENTERED,202.0,468,423.0,0.9038461538461539,0.09615384615384615,4,0.0,0.0
6aeb4375,ITQ96_CENTERED,303.0,468,422.0,0.9017094017094017,0.09829059829059827,5,0.0,0.0
6aeb4375,ITQ96_CENTERED,404.0,468,424.0,0.905982905982906,0.09401709401709402,5,0.0,0.0
6aeb4375,ITQ96_CENTERED,505.0,468,420.0,0.8974358974358975,0.10256410256410253,4,0.0,0.0
6b168ec8,SIGN96_CENTERED,,482,478.0,0.991701244813278,0.008298755186721962,2,0.0,0.0
6b168ec8,ITQ96_CENTERED,101.0,482,433.0,0.8983402489626556,0.10165975103734437,4,0.0,0.0
6b168ec8,ITQ96_CENTERED,202.0,482,432.0,0.8962655601659751,0.10373443983402486,5,0.0,0.0
6b168ec8,ITQ96_CENTERED,303.0,482,441.0,0.9149377593360996,0.08506224066390045,4,0.0,0.0
6b168ec8,ITQ96_CENTERED,404.0,482,439.0,0.9107883817427386,0.08921161825726143,5,0.0,0.0
6b168ec8,ITQ96_CENTERED,505.0,482,438.0,0.9087136929460581,0.09128630705394192,4,0.0,0.0
6b7dfb22,SIGN96_CENTERED,,471,470.0,0.9978768577494692,0.002123142250530785,2,0.0,0.0
6b7dfb22,ITQ96_CENTERED,101.0,471,433.0,0.9193205944798302,0.08067940552016983,5,0.0,0.0
6b7dfb22,ITQ96_CENTERED,202.0,471,422.0,0.8959660297239915,0.10403397027600847,5,0.0,0.0
6b7dfb22,ITQ96_CENTERED,303.0,471,429.0,0.910828025477707,0.08917197452229297,5,0.0,0.0
6b7dfb22,ITQ96_CENTERED,404.0,471,419.0,0.8895966029723992,0.11040339702760082,5,0.0,0.0
6b7dfb22,ITQ96_CENTERED,505.0,471,418.0,0.8874734607218684,0.11252653927813161,5,0.0,0.0
6c49646a,SIGN96_CENTERED,,429,429.0,1.0,0.0,1,0.0,0.0
6c49646a,ITQ96_CENTERED,101.0,429,398.0,0.9277389277389277,0.07226107226107226,4,0.0,0.0
6c49646a,ITQ96_CENTERED,202.0,429,399.0,0.9300699300699301,0.0699300699300699,3,0.0,0.0
6c49646a,ITQ96_CENTERED,303.0,429,401.0,0.9347319347319347,0.06526806526806528,3,0.0,0.0
6c49646a,ITQ96_CENTERED,404.0,429,397.0,0.9254079254079254,0.07459207459207462,3,0.0,0.0
6c49646a,ITQ96_CENTERED,505.0,429,395.0,0.9207459207459208,0.07925407925407923,3,0.0,0.0
6cb6f249,SIGN96_CENTERED,,470,469.0,0.997872340425532,0.0021276595744680327,2,0.0,0.0
6cb6f249,ITQ96_CENTERED,101.0,470,414.0,0.8808510638297873,0.11914893617021272,6,0.0,0.0
6cb6f249,ITQ96_CENTERED,202.0,470,426.0,0.9063829787234042,0.09361702127659577,4,0.0,0.0
6cb6f249,ITQ96_CENTERED,303.0,470,425.0,0.9042553191489362,0.0957446808510638,4,0.0,0.0
6cb6f249,ITQ96_CENTERED,404.0,470,424.0,0.902127659574468,0.09787234042553195,7,0.0,0.0
6cb6f249,ITQ96_CENTERED,505.0,470,420.0,0.8936170212765957,0.1063829787234043,4,0.0,0.0
6d550036,SIGN96_CENTERED,,505,502.0,0.994059405940594,0.005940594059405946,2,0.0,0.0
6d550036,ITQ96_CENTERED,101.0,505,435.0,0.8613861386138614,0.13861386138613863,6,0.0,0.0
6d550036,ITQ96_CENTERED,202.0,505,440.0,0.8712871287128713,0.12871287128712872,7,0.0,0.0
6d550036,ITQ96_CENTERED,303.0,505,444.0,0.8792079207920792,0.12079207920792079,6,0.0,0.0
6d550036,ITQ96_CENTERED,404.0,505,440.0,0.8712871287128713,0.12871287128712872,6,0.0,0.0
6d550036,ITQ96_CENTERED,505.0,505,450.0,0.8910891089108911,0.1089108910891089,6,0.0,0.0
6e984301,SIGN96_CENTERED,,513,513.0,1.0,0.0,1,0.0,0.0
6e984301,ITQ96_CENTERED,101.0,513,443.0,0.8635477582846004,0.1364522417153996,5,0.0,0.0
6e984301,ITQ96_CENTERED,202.0,513,439.0,0.8557504873294347,0.1442495126705653,7,0.0,0.0
6e984301,ITQ96_CENTERED,303.0,513,437.0,0.8518518518518519,0.14814814814814814,5,0.0,0.0
6e984301,ITQ96_CENTERED,404.0,513,433.0,0.8440545808966862,0.15594541910331383,7,0.0,0.0
6e984301,ITQ96_CENTERED,505.0,513,440.0,0.8576998050682261,0.14230019493177393,7,0.0,0.0
6e984302,SIGN96_CENTERED,,460,460.0,1.0,0.0,1,0.0,0.0
6e984302,ITQ96_CENTERED,101.0,460,428.0,0.9304347826086956,0.06956521739130439,3,0.0,0.0
6e984302,ITQ96_CENTERED,202.0,460,423.0,0.9195652173913044,0.08043478260869563,4,0.0,0.0
6e984302,ITQ96_CENTERED,303.0,460,424.0,0.9217391304347826,0.07826086956521738,3,0.0,0.0
6e984302,ITQ96_CENTERED,404.0,460,429.0,0.9326086956521739,0.06739130434782614,3,0.0,0.0
6e984302,ITQ96_CENTERED,505.0,460,423.0,0.9195652173913044,0.08043478260869563,4,0.0,0.0
6f9b354f,SIGN96_CENTERED,,500,491.0,0.982,0.018000000000000016,5,0.0,0.0
6f9b354f,ITQ96_CENTERED,101.0,500,434.0,0.868,0.132,8,0.0,0.0
6f9b354f,ITQ96_CENTERED,202.0,500,434.0,0.868,0.132,8,0.0,0.0
6f9b354f,ITQ96_CENTERED,303.0,500,435.0,0.87,0.13,8,0.0,0.0
6f9b354f,ITQ96_CENTERED,404.0,500,424.0,0.848,0.15200000000000002,8,0.0,0.0
6f9b354f,ITQ96_CENTERED,505.0,500,426.0,0.852,0.14800000000000002,8,0.0,0.0
7024f17c,SIGN96_CENTERED,,483,483.0,1.0,0.0,1,0.0,0.0
7024f17c,ITQ96_CENTERED,101.0,483,447.0,0.9254658385093167,0.07453416149068326,4,0.0,0.0
7024f17c,ITQ96_CENTERED,202.0,483,442.0,0.9151138716356108,0.08488612836438925,4,0.0,0.0
7024f17c,ITQ96_CENTERED,303.0,483,441.0,0.9130434782608695,0.08695652173913049,4,0.0,0.0
7024f17c,ITQ96_CENTERED,404.0,483,441.0,0.9130434782608695,0.08695652173913049,4,0.0,0.0
7024f17c,ITQ96_CENTERED,505.0,483,442.0,0.9151138716356108,0.08488612836438925,5,0.0,0.0
70b3e69b,SIGN96_CENTERED,,495,491.0,0.9919191919191919,0.008080808080808133,3,0.0,0.0
70b3e69b,ITQ96_CENTERED,101.0,495,451.0,0.9111111111111111,0.0888888888888889,4,0.0,0.0
70b3e69b,ITQ96_CENTERED,202.0,495,441.0,0.8909090909090909,0.10909090909090913,6,1.0,0.00202020202020202
70b3e69b,ITQ96_CENTERED,303.0,495,443.0,0.8949494949494949,0.10505050505050506,4,0.0,0.0
70b3e69b,ITQ96_CENTERED,404.0,495,443.0,0.8949494949494949,0.10505050505050506,4,1.0,0.00202020202020202
70b3e69b,ITQ96_CENTERED,505.0,495,447.0,0.9030303030303031,0.09696969696969693,4,0.0,0.0
71017276,SIGN96_CENTERED,,614,601.0,0.9788273615635179,0.021172638436482094,7,0.0,0.0
71017276,ITQ96_CENTERED,101.0,614,483.0,0.7866449511400652,0.21335504885993484,14,0.0,0.0
71017276,ITQ96_CENTERED,202.0,614,485.0,0.7899022801302932,0.21009771986970682,15,0.0,0.0
71017276,ITQ96_CENTERED,303.0,614,481.0,0.7833876221498371,0.21661237785016285,13,0.0,0.0
71017276,ITQ96_CENTERED,404.0,614,495.0,0.8061889250814332,0.19381107491856675,14,0.0,0.0
71017276,ITQ96_CENTERED,505.0,614,487.0,0.7931596091205212,0.2068403908794788,12,0.0,0.0
71017277,SIGN96_CENTERED,,493,493.0,1.0,0.0,1,0.0,0.0
71017277,ITQ96_CENTERED,101.0,493,444.0,0.9006085192697769,0.09939148073022308,4,0.0,0.0
71017277,ITQ96_CENTERED,202.0,493,451.0,0.9148073022312373,0.0851926977687627,4,0.0,0.0
71017277,ITQ96_CENTERED,303.0,493,440.0,0.8924949290060852,0.10750507099391482,4,0.0,0.0
71017277,ITQ96_CENTERED,404.0,493,449.0,0.9107505070993914,0.08924949290060857,6,0.0,0.0
71017277,ITQ96_CENTERED,505.0,493,442.0,0.896551724137931,0.10344827586206895,6,0.0,0.0
71315a70,SIGN96_CENTERED,,514,511.0,0.9941634241245136,0.005836575875486361,2,0.0,0.0
71315a70,ITQ96_CENTERED,101.0,514,458.0,0.8910505836575876,0.1089494163424124,3,0.0,0.0
71315a70,ITQ96_CENTERED,202.0,514,456.0,0.8871595330739299,0.11284046692607008,5,0.0,0.0
71315a70,ITQ96_CENTERED,303.0,514,454.0,0.8832684824902723,0.11673151750972766,5,0.0,0.0
71315a70,ITQ96_CENTERED,404.0,514,458.0,0.8910505836575876,0.1089494163424124,5,0.0,0.0
71315a70,ITQ96_CENTERED,505.0,514,458.0,0.8910505836575876,0.1089494163424124,6,0.0,0.0
7161e7e2,SIGN96_CENTERED,,550,544.0,0.9890909090909091,0.010909090909090868,4,0.0,0.0
7161e7e2,ITQ96_CENTERED,101.0,550,477.0,0.8672727272727273,0.1327272727272727,10,7.0,0.012727272727272728
7161e7e2,ITQ96_CENTERED,202.0,550,467.0,0.8490909090909091,0.15090909090909088,11,7.0,0.012727272727272728
7161e7e2,ITQ96_CENTERED,303.0,550,463.0,0.8418181818181818,0.1581818181818182,10,0.0,0.0
7161e7e2,ITQ96_CENTERED,404.0,550,474.0,0.8618181818181818,0.13818181818181818,10,6.0,0.01090909090909091
7161e7e2,ITQ96_CENTERED,505.0,550,467.0,0.8490909090909091,0.15090909090909088,9,7.0,0.012727272727272728
71a3fd6b,SIGN96_CENTERED,,439,438.0,0.9977220956719818,0.002277904328018221,2,0.0,0.0
71a3fd6b,ITQ96_CENTERED,101.0,439,393.0,0.8952164009111617,0.10478359908883828,5,0.0,0.0
71a3fd6b,ITQ96_CENTERED,202.0,439,392.0,0.8929384965831435,0.1070615034168565,4,0.0,0.0
71a3fd6b,ITQ96_CENTERED,303.0,439,393.0,0.8952164009111617,0.10478359908883828,4,0.0,0.0
71a3fd6b,ITQ96_CENTERED,404.0,439,389.0,0.8861047835990888,0.11389521640091116,4,0.0,0.0
71a3fd6b,ITQ96_CENTERED,505.0,439,398.0,0.9066059225512528,0.09339407744874717,4,0.0,0.0
720133ac,SIGN96_CENTERED,,466,464.0,0.9957081545064378,0.0042918454935622075,2,0.0,0.0
720133ac,ITQ96_CENTERED,101.0,466,425.0,0.9120171673819742,0.08798283261802575,6,0.0,0.0
720133ac,ITQ96_CENTERED,202.0,466,421.0,0.9034334763948498,0.09656652360515017,5,0.0,0.0
720133ac,ITQ96_CENTERED,303.0,466,415.0,0.8905579399141631,0.1094420600858369,5,0.0,0.0
720133ac,ITQ96_CENTERED,404.0,466,412.0,0.8841201716738197,0.11587982832618027,6,0.0,0.0
720133ac,ITQ96_CENTERED,505.0,466,407.0,0.8733905579399142,0.12660944206008584,5,0.0,0.0
726462e0,SIGN96_CENTERED,,501,496.0,0.9900199600798403,0.009980039920159722,5,0.0,0.0
726462e0,ITQ96_CENTERED,101.0,501,435.0,0.8682634730538922,0.13173652694610782,5,0.0,0.0
726462e0,ITQ96_CENTERED,202.0,501,421.0,0.8403193612774451,0.1596806387225549,7,0.0,0.0
726462e0,ITQ96_CENTERED,303.0,501,433.0,0.8642714570858283,0.1357285429141717,5,0.0,0.0
726462e0,ITQ96_CENTERED,404.0,501,418.0,0.8343313373253493,0.16566866267465075,5,0.0,0.0
726462e0,ITQ96_CENTERED,505.0,501,430.0,0.8582834331337326,0.14171656686626743,5,0.0,0.0
72e3ee87,SIGN96_CENTERED,,496,496.0,1.0,0.0,1,0.0,0.0
72e3ee87,ITQ96_CENTERED,101.0,496,448.0,0.9032258064516129,0.09677419354838712,3,0.0,0.0
72e3ee87,ITQ96_CENTERED,202.0,496,448.0,0.9032258064516129,0.09677419354838712,4,0.0,0.0
72e3ee87,ITQ96_CENTERED,303.0,496,434.0,0.875,0.125,4,0.0,0.0
72e3ee87,ITQ96_CENTERED,404.0,496,447.0,0.9012096774193549,0.09879032258064513,4,0.0,0.0
72e3ee87,ITQ96_CENTERED,505.0,496,448.0,0.9032258064516129,0.09677419354838712,5,0.0,0.0
73d42213,SIGN96_CENTERED,,516,512.0,0.9922480620155039,0.007751937984496138,2,0.0,0.0
73d42213,ITQ96_CENTERED,101.0,516,435.0,0.8430232558139535,0.15697674418604646,6,0.0,0.0
73d42213,ITQ96_CENTERED,202.0,516,436.0,0.8449612403100775,0.15503875968992253,10,0.0,0.0
73d42213,ITQ96_CENTERED,303.0,516,445.0,0.8624031007751938,0.13759689922480622,6,0.0,0.0
73d42213,ITQ96_CENTERED,404.0,516,442.0,0.8565891472868217,0.14341085271317833,7,0.0,0.0
73d42213,ITQ96_CENTERED,505.0,516,438.0,0.8488372093023255,0.15116279069767447,6,0.0,0.0
7401057b,SIGN96_CENTERED,,446,445.0,0.9977578475336323,0.0022421524663677195,2,0.0,0.0
7401057b,ITQ96_CENTERED,101.0,446,400.0,0.8968609865470852,0.10313901345291476,5,0.0,0.0
7401057b,ITQ96_CENTERED,202.0,446,403.0,0.9035874439461884,0.0964125560538116,5,0.0,0.0
7401057b,ITQ96_CENTERED,303.0,446,408.0,0.9147982062780269,0.08520179372197312,4,0.0,0.0
7401057b,ITQ96_CENTERED,404.0,446,403.0,0.9035874439461884,0.0964125560538116,3,0.0,0.0
7401057b,ITQ96_CENTERED,505.0,446,406.0,0.9103139013452914,0.08968609865470856,3,0.0,0.0
7405e8b1,SIGN96_CENTERED,,469,468.0,0.997867803837953,0.002132196162046962,2,0.0,0.0
7405e8b1,ITQ96_CENTERED,101.0,469,435.0,0.9275053304904051,0.07249466950959493,4,0.0,0.0
7405e8b1,ITQ96_CENTERED,202.0,469,434.0,0.9253731343283582,0.07462686567164178,4,0.0,0.0
7405e8b1,ITQ96_CENTERED,303.0,469,432.0,0.9211087420042644,0.0788912579957356,4,0.0,0.0
7405e8b1,ITQ96_CENTERED,404.0,469,439.0,0.9360341151385928,0.0639658848614072,5,0.0,0.0
7405e8b1,ITQ96_CENTERED,505.0,469,433.0,0.9232409381663113,0.07675906183368875,6,0.0,0.0
7527f7e2,SIGN96_CENTERED,,490,485.0,0.9897959183673469,0.010204081632653073,5,0.0,0.0
7527f7e2,ITQ96_CENTERED,101.0,490,444.0,0.9061224489795918,0.09387755102040818,5,0.0,0.0
7527f7e2,ITQ96_CENTERED,202.0,490,434.0,0.8857142857142857,0.11428571428571432,6,0.0,0.0
7527f7e2,ITQ96_CENTERED,303.0,490,439.0,0.8959183673469387,0.10408163265306125,5,0.0,0.0
7527f7e2,ITQ96_CENTERED,404.0,490,438.0,0.8938775510204081,0.10612244897959189,5,0.0,0.0
7527f7e2,ITQ96_CENTERED,505.0,490,437.0,0.8918367346938776,0.10816326530612241,5,0.0,0.0
75499fd8,SIGN96_CENTERED,,491,478.0,0.9735234215885947,0.02647657841140527,4,0.0,0.0
75499fd8,ITQ96_CENTERED,101.0,491,421.0,0.8574338085539714,0.14256619144602856,5,0.0,0.0
75499fd8,ITQ96_CENTERED,202.0,491,418.0,0.8513238289205702,0.14867617107942976,5,0.0,0.0
75499fd8,ITQ96_CENTERED,303.0,491,422.0,0.8594704684317719,0.14052953156822812,5,0.0,0.0
75499fd8,ITQ96_CENTERED,404.0,491,416.0,0.8472505091649695,0.15274949083503053,5,0.0,0.0
75499fd8,ITQ96_CENTERED,505.0,491,415.0,0.845213849287169,0.15478615071283097,6,0.0,0.0
75832dbd,SIGN96_CENTERED,,474,472.0,0.9957805907172996,0.00421940928270037,2,0.0,0.0
75832dbd,ITQ96_CENTERED,101.0,474,406.0,0.8565400843881856,0.14345991561181437,6,0.0,0.0
75832dbd,ITQ96_CENTERED,202.0,474,415.0,0.8755274261603375,0.12447257383966248,5,0.0,0.0
75832dbd,ITQ96_CENTERED,303.0,474,413.0,0.8713080168776371,0.12869198312236285,5,0.0,0.0
75832dbd,ITQ96_CENTERED,404.0,474,412.0,0.869198312236287,0.13080168776371304,7,0.0,0.0
75832dbd,ITQ96_CENTERED,505.0,474,404.0,0.8523206751054853,0.14767932489451474,7,0.0,0.0
75f70248,SIGN96_CENTERED,,466,459.0,0.9849785407725322,0.015021459227467782,4,0.0,0.0
75f70248,ITQ96_CENTERED,101.0,466,420.0,0.9012875536480687,0.09871244635193133,4,0.0,0.0
75f70248,ITQ96_CENTERED,202.0,466,424.0,0.9098712446351931,0.09012875536480691,4,0.0,0.0
75f70248,ITQ96_CENTERED,303.0,466,421.0,0.9034334763948498,0.09656652360515017,4,0.0,0.0
75f70248,ITQ96_CENTERED,404.0,466,419.0,0.8991416309012875,0.10085836909871249,4,0.0,0.0
75f70248,ITQ96_CENTERED,505.0,466,420.0,0.9012875536480687,0.09871244635193133,4,0.0,0.0
76d63226,SIGN96_CENTERED,,489,488.0,0.9979550102249489,0.002044989775051076,2,0.0,0.0
76d63226,ITQ96_CENTERED,101.0,489,439.0,0.8977505112474438,0.10224948875255624,5,0.0,0.0
76d63226,ITQ96_CENTERED,202.0,489,429.0,0.8773006134969326,0.12269938650306744,5,0.0,0.0
76d63226,ITQ96_CENTERED,303.0,489,431.0,0.8813905930470347,0.11860940695296529,4,0.0,0.0
76d63226,ITQ96_CENTERED,404.0,489,439.0,0.8977505112474438,0.10224948875255624,4,0.0,0.0
76d63226,ITQ96_CENTERED,505.0,489,439.0,0.8977505112474438,0.10224948875255624,4,0.0,0.0
778164c6,SIGN96_CENTERED,,542,530.0,0.977859778597786,0.022140221402214055,11,0.0,0.0
778164c6,ITQ96_CENTERED,101.0,542,443.0,0.8173431734317343,0.18265682656826565,11,0.0,0.0
778164c6,ITQ96_CENTERED,202.0,542,450.0,0.8302583025830258,0.1697416974169742,11,0.0,0.0
778164c6,ITQ96_CENTERED,303.0,542,449.0,0.8284132841328413,0.17158671586715868,11,0.0,0.0
778164c6,ITQ96_CENTERED,404.0,542,447.0,0.8247232472324724,0.17527675276752763,11,0.0,0.0
778164c6,ITQ96_CENTERED,505.0,542,452.0,0.8339483394833949,0.16605166051660514,11,0.0,0.0
77eafa52,SIGN96_CENTERED,,527,516.0,0.9791271347248577,0.020872865275142316,11,0.0,0.0
77eafa52,ITQ96_CENTERED,101.0,527,457.0,0.8671726755218216,0.13282732447817835,11,0.0,0.0
77eafa52,ITQ96_CENTERED,202.0,527,462.0,0.8766603415559773,0.12333965844402273,11,0.0,0.0
77eafa52,ITQ96_CENTERED,303.0,527,463.0,0.8785578747628083,0.12144212523719167,11,0.0,0.0
77eafa52,ITQ96_CENTERED,404.0,527,461.0,0.8747628083491461,0.1252371916508539,11,0.0,0.0
77eafa52,ITQ96_CENTERED,505.0,527,454.0,0.8614800759013282,0.13851992409867175,11,0.0,0.0
7a87bd0c,SIGN96_CENTERED,,506,505.0,0.9980237154150198,0.0019762845849802257,2,0.0,0.0
7a87bd0c,ITQ96_CENTERED,101.0,506,433.0,0.8557312252964426,0.14426877470355737,6,0.0,0.0
7a87bd0c,ITQ96_CENTERED,202.0,506,427.0,0.8438735177865613,0.15612648221343872,5,0.0,0.0
7a87bd0c,ITQ96_CENTERED,303.0,506,443.0,0.8754940711462451,0.12450592885375489,5,0.0,0.0
7a87bd0c,ITQ96_CENTERED,404.0,506,438.0,0.8656126482213439,0.13438735177865613,5,0.0,0.0
7a87bd0c,ITQ96_CENTERED,505.0,506,417.0,0.8241106719367589,0.1758893280632411,6,0.0,0.0
7a8d0b71,SIGN96_CENTERED,,489,487.0,0.9959100204498977,0.004089979550102263,2,0.0,0.0
7a8d0b71,ITQ96_CENTERED,101.0,489,439.0,0.8977505112474438,0.10224948875255624,6,0.0,0.0
7a8d0b71,ITQ96_CENTERED,202.0,489,433.0,0.885480572597137,0.11451942740286303,6,0.0,0.0
7a8d0b71,ITQ96_CENTERED,303.0,489,430.0,0.8793456032719836,0.12065439672801637,6,0.0,0.0
7a8d0b71,ITQ96_CENTERED,404.0,489,429.0,0.8773006134969326,0.12269938650306744,6,0.0,0.0
7a8d0b71,ITQ96_CENTERED,505.0,489,430.0,0.8793456032719836,0.12065439672801637,6,0.0,0.0
7e00a6cb,SIGN96_CENTERED,,564,564.0,1.0,0.0,1,0.0,0.0
7e00a6cb,ITQ96_CENTERED,101.0,564,478.0,0.8475177304964538,0.15248226950354615,7,0.0,0.0
7e00a6cb,ITQ96_CENTERED,202.0,564,483.0,0.8563829787234043,0.1436170212765957,6,0.0,0.0
7e00a6cb,ITQ96_CENTERED,303.0,564,486.0,0.8617021276595744,0.13829787234042556,7,0.0,0.0
7e00a6cb,ITQ96_CENTERED,404.0,564,482.0,0.8546099290780141,0.14539007092198586,7,0.0,0.0
7e00a6cb,ITQ96_CENTERED,505.0,564,468.0,0.8297872340425532,0.17021276595744683,6,0.0,0.0
7e974930,SIGN96_CENTERED,,502,502.0,1.0,0.0,1,0.0,0.0
7e974930,ITQ96_CENTERED,101.0,502,433.0,0.8625498007968128,0.13745019920318724,8,0.0,0.0
7e974930,ITQ96_CENTERED,202.0,502,429.0,0.8545816733067729,0.14541832669322707,7,0.0,0.0
7e974930,ITQ96_CENTERED,303.0,502,427.0,0.850597609561753,0.149402390438247,8,0.0,0.0
7e974930,ITQ96_CENTERED,404.0,502,428.0,0.852589641434263,0.14741035856573703,5,0.0,0.0
7e974930,ITQ96_CENTERED,505.0,502,428.0,0.852589641434263,0.14741035856573703,9,0.0,0.0
8077ef71,SIGN96_CENTERED,,554,533.0,0.9620938628158845,0.03790613718411551,7,0.0,0.0
8077ef71,ITQ96_CENTERED,101.0,554,456.0,0.8231046931407943,0.17689530685920574,9,0.0,0.0
8077ef71,ITQ96_CENTERED,202.0,554,462.0,0.8339350180505415,0.1660649819494585,12,0.0,0.0
8077ef71,ITQ96_CENTERED,303.0,554,463.0,0.8357400722021661,0.16425992779783394,11,0.0,0.0
8077ef71,ITQ96_CENTERED,404.0,554,462.0,0.8339350180505415,0.1660649819494585,8,0.0,0.0
8077ef71,ITQ96_CENTERED,505.0,554,457.0,0.8249097472924187,0.17509025270758127,9,0.0,0.0
80ec1f4f,SIGN96_CENTERED,,487,486.0,0.997946611909651,0.002053388090349051,2,0.0,0.0
80ec1f4f,ITQ96_CENTERED,101.0,487,432.0,0.8870636550308009,0.11293634496919913,6,0.0,0.0
80ec1f4f,ITQ96_CENTERED,202.0,487,439.0,0.9014373716632443,0.09856262833675566,6,0.0,0.0
80ec1f4f,ITQ96_CENTERED,303.0,487,435.0,0.893223819301848,0.10677618069815198,6,0.0,0.0
80ec1f4f,ITQ96_CENTERED,404.0,487,444.0,0.9117043121149897,0.0882956878850103,6,0.0,0.0
80ec1f4f,ITQ96_CENTERED,505.0,487,446.0,0.9158110882956879,0.08418891170431209,5,0.0,0.0
81507db6,SIGN96_CENTERED,,510,510.0,1.0,0.0,1,0.0,0.0
81507db6,ITQ96_CENTERED,101.0,510,461.0,0.903921568627451,0.09607843137254901,5,0.0,0.0
81507db6,ITQ96_CENTERED,202.0,510,455.0,0.8921568627450981,0.10784313725490191,5,0.0,0.0
81507db6,ITQ96_CENTERED,303.0,510,460.0,0.9019607843137255,0.0980392156862745,4,0.0,0.0
81507db6,ITQ96_CENTERED,404.0,510,460.0,0.9019607843137255,0.0980392156862745,4,0.0,0.0
81507db6,ITQ96_CENTERED,505.0,510,460.0,0.9019607843137255,0.0980392156862745,4,0.0,0.0
830ce83f,SIGN96_CENTERED,,511,506.0,0.9902152641878669,0.009784735812133127,3,0.0,0.0
830ce83f,ITQ96_CENTERED,101.0,511,439.0,0.8590998043052838,0.14090019569471623,9,0.0,0.0
830ce83f,ITQ96_CENTERED,202.0,511,444.0,0.8688845401174168,0.13111545988258322,9,0.0,0.0
830ce83f,ITQ96_CENTERED,303.0,511,442.0,0.8649706457925636,0.13502935420743645,8,0.0,0.0
830ce83f,ITQ96_CENTERED,404.0,511,445.0,0.8708414872798435,0.12915851272015655,8,0.0,0.0
830ce83f,ITQ96_CENTERED,505.0,511,452.0,0.8845401174168297,0.1154598825831703,7,0.0,0.0
8464fc84,SIGN96_CENTERED,,484,483.0,0.9979338842975206,0.0020661157024793875,2,0.0,0.0
8464fc84,ITQ96_CENTERED,101.0,484,429.0,0.8863636363636364,0.11363636363636365,6,0.0,0.0
8464fc84,ITQ96_CENTERED,202.0,484,423.0,0.8739669421487604,0.12603305785123964,5,0.0,0.0
8464fc84,ITQ96_CENTERED,303.0,484,432.0,0.8925619834710744,0.1074380165289256,8,0.0,0.0
8464fc84,ITQ96_CENTERED,404.0,484,434.0,0.8966942148760331,0.10330578512396693,7,0.0,0.0
8464fc84,ITQ96_CENTERED,505.0,484,441.0,0.9111570247933884,0.08884297520661155,5,0.0,0.0
852ce960,SIGN96_CENTERED,,396,396.0,1.0,0.0,1,0.0,0.0
852ce960,ITQ96_CENTERED,101.0,396,375.0,0.946969696969697,0.05303030303030298,3,0.0,0.0
852ce960,ITQ96_CENTERED,202.0,396,381.0,0.9621212121212122,0.037878787878787845,2,0.0,0.0
852ce960,ITQ96_CENTERED,303.0,396,381.0,0.9621212121212122,0.037878787878787845,2,0.0,0.0
852ce960,ITQ96_CENTERED,404.0,396,378.0,0.9545454545454546,0.045454545454545414,3,0.0,0.0
852ce960,ITQ96_CENTERED,505.0,396,380.0,0.9595959595959596,0.04040404040404044,2,0.0,0.0
853b0a1d,SIGN96_CENTERED,,512,510.0,0.99609375,0.00390625,2,0.0,0.0
853b0a1d,ITQ96_CENTERED,101.0,512,439.0,0.857421875,0.142578125,9,0.0,0.0
853b0a1d,ITQ96_CENTERED,202.0,512,446.0,0.87109375,0.12890625,7,0.0,0.0
853b0a1d,ITQ96_CENTERED,303.0,512,443.0,0.865234375,0.134765625,7,0.0,0.0
853b0a1d,ITQ96_CENTERED,404.0,512,447.0,0.873046875,0.126953125,11,0.0,0.0
853b0a1d,ITQ96_CENTERED,505.0,512,443.0,0.865234375,0.134765625,10,0.0,0.0
8550ddae,SIGN96_CENTERED,,453,452.0,0.9977924944812362,0.002207505518763808,2,0.0,0.0
8550ddae,ITQ96_CENTERED,101.0,453,401.0,0.8852097130242825,0.11479028697571747,6,0.0,0.0
8550ddae,ITQ96_CENTERED,202.0,453,393.0,0.8675496688741722,0.13245033112582782,6,0.0,0.0
8550ddae,ITQ96_CENTERED,303.0,453,398.0,0.8785871964679912,0.12141280353200878,6,0.0,0.0
8550ddae,ITQ96_CENTERED,404.0,453,401.0,0.8852097130242825,0.11479028697571747,4,0.0,0.0
8550ddae,ITQ96_CENTERED,505.0,453,394.0,0.869757174392936,0.13024282560706402,6,0.0,0.0
85fa3a3f,SIGN96_CENTERED,,493,493.0,1.0,0.0,1,0.0,0.0
85fa3a3f,ITQ96_CENTERED,101.0,493,445.0,0.9026369168356998,0.0973630831643002,5,0.0,0.0
85fa3a3f,ITQ96_CENTERED,202.0,493,441.0,0.8945233265720081,0.10547667342799194,4,0.0,0.0
85fa3a3f,ITQ96_CENTERED,303.0,493,442.0,0.896551724137931,0.10344827586206895,5,0.0,0.0
85fa3a3f,ITQ96_CENTERED,404.0,493,446.0,0.9046653144016227,0.09533468559837732,4,0.0,0.0
85fa3a3f,ITQ96_CENTERED,505.0,493,444.0,0.9006085192697769,0.09939148073022308,4,0.0,0.0
86b68151,SIGN96_CENTERED,,485,485.0,1.0,0.0,1,0.0,0.0
86b68151,ITQ96_CENTERED,101.0,485,437.0,0.9010309278350516,0.09896907216494844,4,0.0,0.0
86b68151,ITQ96_CENTERED,202.0,485,437.0,0.9010309278350516,0.09896907216494844,4,0.0,0.0
86b68151,ITQ96_CENTERED,303.0,485,436.0,0.8989690721649485,0.10103092783505152,4,0.0,0.0
86b68151,ITQ96_CENTERED,404.0,485,437.0,0.9010309278350516,0.09896907216494844,4,0.0,0.0
86b68151,ITQ96_CENTERED,505.0,485,437.0,0.9010309278350516,0.09896907216494844,4,0.0,0.0
86f00804,SIGN96_CENTERED,,503,500.0,0.9940357852882704,0.005964214711729587,2,0.0,0.0
86f00804,ITQ96_CENTERED,101.0,503,427.0,0.8489065606361829,0.15109343936381714,10,0.0,0.0
86f00804,ITQ96_CENTERED,202.0,503,411.0,0.8170974155069582,0.18290258449304175,10,0.0,0.0
86f00804,ITQ96_CENTERED,303.0,503,415.0,0.8250497017892644,0.1749502982107356,8,0.0,0.0
86f00804,ITQ96_CENTERED,404.0,503,424.0,0.8429423459244533,0.15705765407554673,5,0.0,0.0
86f00804,ITQ96_CENTERED,505.0,503,419.0,0.8330019880715706,0.16699801192842945,10,0.0,0.0
8752c811,SIGN96_CENTERED,,493,490.0,0.9939148073022313,0.006085192697768749,2,0.0,0.0
8752c811,ITQ96_CENTERED,101.0,493,439.0,0.8904665314401623,0.1095334685598377,4,0.0,0.0
8752c811,ITQ96_CENTERED,202.0,493,434.0,0.8803245436105477,0.11967545638945232,4,0.0,0.0
8752c811,ITQ96_CENTERED,303.0,493,446.0,0.9046653144016227,0.09533468559837732,4,0.0,0.0
8752c811,ITQ96_CENTERED,404.0,493,440.0,0.8924949290060852,0.10750507099391482,5,0.0,0.0
8752c811,ITQ96_CENTERED,505.0,493,437.0,0.8864097363083164,0.11359026369168357,4,0.0,0.0
87f22b4a,SIGN96_CENTERED,,474,474.0,1.0,0.0,1,0.0,0.0
87f22b4a,ITQ96_CENTERED,101.0,474,432.0,0.9113924050632911,0.08860759493670889,5,0.0,0.0
87f22b4a,ITQ96_CENTERED,202.0,474,435.0,0.9177215189873418,0.08227848101265822,5,0.0,0.0
87f22b4a,ITQ96_CENTERED,303.0,474,431.0,0.9092827004219409,0.09071729957805907,5,0.0,0.0
87f22b4a,ITQ96_CENTERED,404.0,474,435.0,0.9177215189873418,0.08227848101265822,5,0.0,0.0
87f22b4a,ITQ96_CENTERED,505.0,474,439.0,0.9261603375527426,0.07383966244725737,5,0.0,0.0
88432d0a,SIGN96_CENTERED,,479,478.0,0.9979123173277662,0.0020876826722338038,2,0.0,0.0
88432d0a,ITQ96_CENTERED,101.0,479,441.0,0.9206680584551148,0.07933194154488521,4,0.0,0.0
88432d0a,ITQ96_CENTERED,202.0,479,437.0,0.9123173277661796,0.08768267223382042,5,0.0,0.0
88432d0a,ITQ96_CENTERED,303.0,479,439.0,0.9164926931106472,0.08350730688935282,5,0.0,0.0
88432d0a,ITQ96_CENTERED,404.0,479,434.0,0.906054279749478,0.09394572025052195,5,0.0,0.0
88432d0a,ITQ96_CENTERED,505.0,479,438.0,0.9144050104384134,0.08559498956158662,6,0.0,0.0
89527b6b,SIGN96_CENTERED,,467,464.0,0.9935760171306209,0.0064239828693790635,3,0.0,0.0
89527b6b,ITQ96_CENTERED,101.0,467,418.0,0.8950749464668094,0.1049250535331906,4,0.0,0.0
89527b6b,ITQ96_CENTERED,202.0,467,414.0,0.8865096359743041,0.1134903640256959,4,0.0,0.0
89527b6b,ITQ96_CENTERED,303.0,467,419.0,0.8972162740899358,0.10278372591006424,4,0.0,0.0
89527b6b,ITQ96_CENTERED,404.0,467,419.0,0.8972162740899358,0.10278372591006424,3,0.0,0.0
89527b6b,ITQ96_CENTERED,505.0,467,419.0,0.8972162740899358,0.10278372591006424,3,0.0,0.0
8979f9ec,SIGN96_CENTERED,,469,469.0,1.0,0.0,1,0.0,0.0
8979f9ec,ITQ96_CENTERED,101.0,469,425.0,0.906183368869936,0.093816631130064,4,0.0,0.0
8979f9ec,ITQ96_CENTERED,202.0,469,433.0,0.9232409381663113,0.07675906183368875,4,0.0,0.0
8979f9ec,ITQ96_CENTERED,303.0,469,436.0,0.929637526652452,0.07036247334754797,3,0.0,0.0
8979f9ec,ITQ96_CENTERED,404.0,469,438.0,0.9339019189765458,0.06609808102345416,4,0.0,0.0
8979f9ec,ITQ96_CENTERED,505.0,469,433.0,0.9232409381663113,0.07675906183368875,3,0.0,0.0
89941a93,SIGN96_CENTERED,,528,519.0,0.9829545454545454,0.017045454545454586,4,0.0,0.0
89941a93,ITQ96_CENTERED,101.0,528,459.0,0.8693181818181818,0.13068181818181823,7,0.0,0.0
89941a93,ITQ96_CENTERED,202.0,528,444.0,0.8409090909090909,0.15909090909090906,8,0.0,0.0
89941a93,ITQ96_CENTERED,303.0,528,441.0,0.8352272727272727,0.1647727272727273,7,0.0,0.0
89941a93,ITQ96_CENTERED,404.0,528,449.0,0.8503787878787878,0.14962121212121215,7,0.0,0.0
89941a93,ITQ96_CENTERED,505.0,528,453.0,0.8579545454545454,0.14204545454545459,7,0.0,0.0
89941a94,SIGN96_CENTERED,,523,522.0,0.9980879541108987,0.0019120458891013214,2,0.0,0.0
89941a94,ITQ96_CENTERED,101.0,523,467.0,0.892925430210325,0.107074569789675,5,0.0,0.0
89941a94,ITQ96_CENTERED,202.0,523,460.0,0.8795411089866156,0.12045889101338436,6,0.0,0.0
89941a94,ITQ96_CENTERED,303.0,523,462.0,0.8833652007648184,0.11663479923518161,6,0.0,0.0
89941a94,ITQ96_CENTERED,404.0,523,466.0,0.8910133843212237,0.10898661567877632,6,0.0,0.0
89941a94,ITQ96_CENTERED,505.0,523,458.0,0.875717017208413,0.124282982791587,5,0.0,0.0
8a137a7f,SIGN96_CENTERED,,512,508.0,0.9921875,0.0078125,4,0.0,0.0
8a137a7f,ITQ96_CENTERED,101.0,512,461.0,0.900390625,0.099609375,5,0.0,0.0
8a137a7f,ITQ96_CENTERED,202.0,512,454.0,0.88671875,0.11328125,5,0.0,0.0
8a137a7f,ITQ96_CENTERED,303.0,512,454.0,0.88671875,0.11328125,5,0.0,0.0
8a137a7f,ITQ96_CENTERED,404.0,512,447.0,0.873046875,0.126953125,5,0.0,0.0
8a137a7f,ITQ96_CENTERED,505.0,512,454.0,0.88671875,0.11328125,5,0.0,0.0
8a2466db,SIGN96_CENTERED,,508,506.0,0.9960629921259843,0.003937007874015741,2,0.0,0.0
8a2466db,ITQ96_CENTERED,101.0,508,437.0,0.860236220472441,0.13976377952755903,6,0.0,0.0
8a2466db,ITQ96_CENTERED,202.0,508,431.0,0.8484251968503937,0.15157480314960625,5,0.0,0.0
8a2466db,ITQ96_CENTERED,303.0,508,435.0,0.8562992125984252,0.14370078740157477,8,0.0,0.0
8a2466db,ITQ96_CENTERED,404.0,508,443.0,0.8720472440944882,0.1279527559055118,5,0.0,0.0
8a2466db,ITQ96_CENTERED,505.0,508,430.0,0.8464566929133859,0.15354330708661412,7,0.0,0.0
8aef76bc,SIGN96_CENTERED,,492,491.0,0.9979674796747967,0.002032520325203291,2,0.0,0.0
8aef76bc,ITQ96_CENTERED,101.0,492,435.0,0.8841463414634146,0.11585365853658536,4,0.0,0.0
8aef76bc,ITQ96_CENTERED,202.0,492,429.0,0.8719512195121951,0.12804878048780488,6,1.0,0.0020325203252032522
8aef76bc,ITQ96_CENTERED,303.0,492,435.0,0.8841463414634146,0.11585365853658536,4,0.0,0.0
8aef76bc,ITQ96_CENTERED,404.0,492,433.0,0.8800813008130082,0.11991869918699183,6,0.0,0.0
8aef76bc,ITQ96_CENTERED,505.0,492,437.0,0.8882113821138211,0.11178861788617889,4,0.0,0.0
8b9d4367,SIGN96_CENTERED,,537,536.0,0.9981378026070763,0.0018621973929237035,2,0.0,0.0
8b9d4367,ITQ96_CENTERED,101.0,537,474.0,0.88268156424581,0.11731843575418999,5,0.0,0.0
8b9d4367,ITQ96_CENTERED,202.0,537,468.0,0.8715083798882681,0.12849162011173187,5,0.0,0.0
8b9d4367,ITQ96_CENTERED,303.0,537,471.0,0.8770949720670391,0.12290502793296088,5,0.0,0.0
8b9d4367,ITQ96_CENTERED,404.0,537,465.0,0.8659217877094972,0.13407821229050276,5,0.0,0.0
8b9d4367,ITQ96_CENTERED,505.0,537,460.0,0.8566108007448789,0.14338919925512106,5,0.0,0.0
8c18457d,SIGN96_CENTERED,,434,434.0,1.0,0.0,1,0.0,0.0
8c18457d,ITQ96_CENTERED,101.0,434,393.0,0.9055299539170507,0.09447004608294929,4,0.0,0.0
8c18457d,ITQ96_CENTERED,202.0,434,401.0,0.923963133640553,0.07603686635944695,4,0.0,0.0
8c18457d,ITQ96_CENTERED,303.0,434,404.0,0.9308755760368663,0.06912442396313367,5,0.0,0.0
8c18457d,ITQ96_CENTERED,404.0,434,401.0,0.923963133640553,0.07603686635944695,4,0.0,0.0
8c18457d,ITQ96_CENTERED,505.0,434,395.0,0.9101382488479263,0.08986175115207373,5,0.0,0.0
8cf4d046,SIGN96_CENTERED,,468,459.0,0.9807692307692307,0.019230769230769273,5,0.0,0.0
8cf4d046,ITQ96_CENTERED,101.0,468,408.0,0.8717948717948718,0.1282051282051282,7,0.0,0.0
8cf4d046,ITQ96_CENTERED,202.0,468,416.0,0.8888888888888888,0.11111111111111116,6,0.0,0.0
8cf4d046,ITQ96_CENTERED,303.0,468,405.0,0.8653846153846154,0.13461538461538458,6,0.0,0.0
8cf4d046,ITQ96_CENTERED,404.0,468,409.0,0.8739316239316239,0.12606837606837606,7,0.0,0.0
8cf4d046,ITQ96_CENTERED,505.0,468,417.0,0.8910256410256411,0.10897435897435892,6,0.0,0.0
8cf51dda,SIGN96_CENTERED,,454,453.0,0.9977973568281938,0.0022026431718061845,2,0.0,0.0
8cf51dda,ITQ96_CENTERED,101.0,454,411.0,0.9052863436123348,0.09471365638766516,5,0.0,0.0
8cf51dda,ITQ96_CENTERED,202.0,454,411.0,0.9052863436123348,0.09471365638766516,3,0.0,0.0
8cf51dda,ITQ96_CENTERED,303.0,454,411.0,0.9052863436123348,0.09471365638766516,6,0.0,0.0
8cf51dda,ITQ96_CENTERED,404.0,454,412.0,0.9074889867841409,0.09251101321585908,4,0.0,0.0
8cf51dda,ITQ96_CENTERED,505.0,454,417.0,0.9185022026431718,0.08149779735682816,5,0.0,0.0
8e91e7d9,SIGN96_CENTERED,,498,493.0,0.9899598393574297,0.010040160642570295,2,0.0,0.0
8e91e7d9,ITQ96_CENTERED,101.0,498,429.0,0.8614457831325302,0.13855421686746983,5,0.0,0.0
8e91e7d9,ITQ96_CENTERED,202.0,498,427.0,0.857429718875502,0.142570281124498,6,0.0,0.0
8e91e7d9,ITQ96_CENTERED,303.0,498,436.0,0.8755020080321285,0.12449799196787148,6,0.0,0.0
8e91e7d9,ITQ96_CENTERED,404.0,498,430.0,0.8634538152610441,0.13654618473895586,4,0.0,0.0
8e91e7d9,ITQ96_CENTERED,505.0,498,429.0,0.8614457831325302,0.13855421686746983,5,0.0,0.0
8e9d538c,SIGN96_CENTERED,,486,486.0,1.0,0.0,1,0.0,0.0
8e9d538c,ITQ96_CENTERED,101.0,486,449.0,0.9238683127572016,0.0761316872427984,4,0.0,0.0
8e9d538c,ITQ96_CENTERED,202.0,486,440.0,0.9053497942386831,0.09465020576131689,4,0.0,0.0
8e9d538c,ITQ96_CENTERED,303.0,486,442.0,0.9094650205761317,0.09053497942386834,3,0.0,0.0
8e9d538c,ITQ96_CENTERED,404.0,486,447.0,0.9197530864197531,0.08024691358024694,6,0.0,0.0
8e9d538c,ITQ96_CENTERED,505.0,486,443.0,0.911522633744856,0.08847736625514402,5,0.0,0.0
8ebdbe50,SIGN96_CENTERED,,487,487.0,1.0,0.0,1,0.0,0.0
8ebdbe50,ITQ96_CENTERED,101.0,487,428.0,0.8788501026694046,0.12114989733059545,5,0.0,0.0
8ebdbe50,ITQ96_CENTERED,202.0,487,434.0,0.891170431211499,0.10882956878850103,4,0.0,0.0
8ebdbe50,ITQ96_CENTERED,303.0,487,434.0,0.891170431211499,0.10882956878850103,5,0.0,0.0
8ebdbe50,ITQ96_CENTERED,404.0,487,437.0,0.8973305954825462,0.10266940451745377,4,0.0,0.0
8ebdbe50,ITQ96_CENTERED,505.0,487,430.0,0.8829568788501027,0.11704312114989734,5,0.0,0.0
8fb83627,SIGN96_CENTERED,,485,483.0,0.9958762886597938,0.004123711340206171,2,0.0,0.0
8fb83627,ITQ96_CENTERED,101.0,485,430.0,0.8865979381443299,0.11340206185567014,5,0.0,0.0
8fb83627,ITQ96_CENTERED,202.0,485,432.0,0.8907216494845361,0.10927835051546386,5,0.0,0.0
8fb83627,ITQ96_CENTERED,303.0,485,431.0,0.8886597938144329,0.11134020618556706,6,0.0,0.0
8fb83627,ITQ96_CENTERED,404.0,485,429.0,0.8845360824742268,0.11546391752577323,5,0.0,0.0
8fb83627,ITQ96_CENTERED,505.0,485,424.0,0.8742268041237113,0.12577319587628866,6,0.0,0.0
91b15a6e,SIGN96_CENTERED,,489,486.0,0.9938650306748467,0.006134969325153339,2,0.0,0.0
91b15a6e,ITQ96_CENTERED,101.0,489,425.0,0.869120654396728,0.13087934560327197,5,0.0,0.0
91b15a6e,ITQ96_CENTERED,202.0,489,424.0,0.8670756646216768,0.13292433537832316,6,0.0,0.0
91b15a6e,ITQ96_CENTERED,303.0,489,415.0,0.8486707566462167,0.15132924335378328,6,0.0,0.0
91b15a6e,ITQ96_CENTERED,404.0,489,420.0,0.8588957055214724,0.14110429447852757,5,0.0,0.0
91b15a6e,ITQ96_CENTERED,505.0,489,420.0,0.8588957055214724,0.14110429447852757,5,0.0,0.0
92a0aa75,SIGN96_CENTERED,,455,452.0,0.9934065934065934,0.00659340659340657,3,0.0,0.0
92a0aa75,ITQ96_CENTERED,101.0,455,401.0,0.8813186813186813,0.1186813186813187,5,0.0,0.0
92a0aa75,ITQ96_CENTERED,202.0,455,402.0,0.8835164835164835,0.11648351648351651,6,0.0,0.0
92a0aa75,ITQ96_CENTERED,303.0,455,406.0,0.8923076923076924,0.10769230769230764,6,0.0,0.0
92a0aa75,ITQ96_CENTERED,404.0,455,408.0,0.8967032967032967,0.10329670329670326,5,0.0,0.0
92a0aa75,ITQ96_CENTERED,505.0,455,409.0,0.8989010989010989,0.10109890109890107,5,0.0,0.0
945e3d21,SIGN96_CENTERED,,489,489.0,1.0,0.0,1,0.0,0.0
945e3d21,ITQ96_CENTERED,101.0,489,443.0,0.9059304703476483,0.09406952965235171,4,0.0,0.0
945e3d21,ITQ96_CENTERED,202.0,489,439.0,0.8977505112474438,0.10224948875255624,4,0.0,0.0
945e3d21,ITQ96_CENTERED,303.0,489,444.0,0.9079754601226994,0.09202453987730064,4,0.0,0.0
945e3d21,ITQ96_CENTERED,404.0,489,444.0,0.9079754601226994,0.09202453987730064,4,0.0,0.0
945e3d21,ITQ96_CENTERED,505.0,489,441.0,0.901840490797546,0.09815950920245398,5,0.0,0.0
94f70d80,SIGN96_CENTERED,,510,510.0,1.0,0.0,1,0.0,0.0
94f70d80,ITQ96_CENTERED,101.0,510,458.0,0.8980392156862745,0.10196078431372546,10,0.0,0.0
94f70d80,ITQ96_CENTERED,202.0,510,454.0,0.8901960784313725,0.1098039215686275,10,0.0,0.0
94f70d80,ITQ96_CENTERED,303.0,510,459.0,0.9,0.09999999999999998,7,0.0,0.0
94f70d80,ITQ96_CENTERED,404.0,510,456.0,0.8941176470588236,0.10588235294117643,8,0.0,0.0
94f70d80,ITQ96_CENTERED,505.0,510,450.0,0.8823529411764706,0.11764705882352944,10,0.0,0.0
95228167,SIGN96_CENTERED,,507,506.0,0.9980276134122288,0.0019723865877712132,2,0.0,0.0
95228167,ITQ96_CENTERED,101.0,507,473.0,0.9329388560157791,0.06706114398422092,5,0.0,0.0
95228167,ITQ96_CENTERED,202.0,507,461.0,0.9092702169625246,0.09072978303747536,5,0.0,0.0
95228167,ITQ96_CENTERED,303.0,507,472.0,0.9309664694280079,0.06903353057199213,5,0.0,0.0
95228167,ITQ96_CENTERED,404.0,507,470.0,0.9270216962524654,0.07297830374753456,5,0.0,0.0
95228167,ITQ96_CENTERED,505.0,507,473.0,0.9329388560157791,0.06706114398422092,5,0.0,0.0
95bcc1c8,SIGN96_CENTERED,,487,487.0,1.0,0.0,1,0.0,0.0
95bcc1c8,ITQ96_CENTERED,101.0,487,444.0,0.9117043121149897,0.0882956878850103,5,0.0,0.0
95bcc1c8,ITQ96_CENTERED,202.0,487,449.0,0.9219712525667351,0.07802874743326493,5,0.0,0.0
95bcc1c8,ITQ96_CENTERED,303.0,487,446.0,0.9158110882956879,0.08418891170431209,5,0.0,0.0
95bcc1c8,ITQ96_CENTERED,404.0,487,449.0,0.9219712525667351,0.07802874743326493,5,0.0,0.0
95bcc1c8,ITQ96_CENTERED,505.0,487,444.0,0.9117043121149897,0.0882956878850103,5,0.0,0.0
982b5123,SIGN96_CENTERED,,473,472.0,0.9978858350951374,0.0021141649048626032,2,0.0,0.0
982b5123,ITQ96_CENTERED,101.0,473,438.0,0.9260042283298098,0.07399577167019022,4,0.0,0.0
982b5123,ITQ96_CENTERED,202.0,473,443.0,0.9365750528541226,0.06342494714587743,3,0.0,0.0
982b5123,ITQ96_CENTERED,303.0,473,436.0,0.9217758985200846,0.07822410147991543,5,0.0,0.0
982b5123,ITQ96_CENTERED,404.0,473,438.0,0.9260042283298098,0.07399577167019022,3,0.0,0.0
982b5123,ITQ96_CENTERED,505.0,473,437.0,0.9238900634249472,0.07610993657505283,4,0.0,0.0
993da5e2,SIGN96_CENTERED,,486,486.0,1.0,0.0,1,0.0,0.0
993da5e2,ITQ96_CENTERED,101.0,486,456.0,0.9382716049382716,0.06172839506172845,4,0.0,0.0
993da5e2,ITQ96_CENTERED,202.0,486,450.0,0.9259259259259259,0.07407407407407407,3,0.0,0.0
993da5e2,ITQ96_CENTERED,303.0,486,451.0,0.9279835390946503,0.07201646090534974,3,0.0,0.0
993da5e2,ITQ96_CENTERED,404.0,486,454.0,0.934156378600823,0.06584362139917699,3,0.0,0.0
993da5e2,ITQ96_CENTERED,505.0,486,451.0,0.9279835390946503,0.07201646090534974,3,0.0,0.0
9a707b81,SIGN96_CENTERED,,530,530.0,1.0,0.0,1,0.0,0.0
9a707b81,ITQ96_CENTERED,101.0,530,464.0,0.8754716981132076,0.12452830188679243,5,0.0,0.0
9a707b81,ITQ96_CENTERED,202.0,530,462.0,0.8716981132075472,0.1283018867924528,6,0.0,0.0
9a707b81,ITQ96_CENTERED,303.0,530,466.0,0.879245283018868,0.12075471698113205,6,0.0,0.0
9a707b81,ITQ96_CENTERED,404.0,530,460.0,0.8679245283018868,0.13207547169811318,6,0.0,0.0
9a707b81,ITQ96_CENTERED,505.0,530,452.0,0.8528301886792453,0.14716981132075468,6,0.0,0.0
9a707b82,SIGN96_CENTERED,,532,532.0,1.0,0.0,1,0.0,0.0
9a707b82,ITQ96_CENTERED,101.0,532,491.0,0.9229323308270677,0.07706766917293228,3,0.0,0.0
9a707b82,ITQ96_CENTERED,202.0,532,494.0,0.9285714285714286,0.0714285714285714,4,0.0,0.0
9a707b82,ITQ96_CENTERED,303.0,532,493.0,0.9266917293233082,0.07330827067669177,5,0.0,0.0
9a707b82,ITQ96_CENTERED,404.0,532,495.0,0.9304511278195489,0.06954887218045114,4,0.0,0.0
9a707b82,ITQ96_CENTERED,505.0,532,497.0,0.9342105263157895,0.06578947368421051,3,0.0,0.0
9aaed6a3,SIGN96_CENTERED,,541,539.0,0.9963031423290203,0.003696857670979714,2,0.0,0.0
9aaed6a3,ITQ96_CENTERED,101.0,541,476.0,0.8798521256931608,0.12014787430683915,4,0.0,0.0
9aaed6a3,ITQ96_CENTERED,202.0,541,478.0,0.8835489833641405,0.11645101663585955,6,0.0,0.0
9aaed6a3,ITQ96_CENTERED,303.0,541,477.0,0.8817005545286506,0.11829944547134941,4,0.0,0.0
9aaed6a3,ITQ96_CENTERED,404.0,541,487.0,0.9001848428835489,0.09981515711645106,4,0.0,0.0
9aaed6a3,ITQ96_CENTERED,505.0,541,471.0,0.8706099815157117,0.12939001848428833,4,0.0,0.0
9bbe84a2,SIGN96_CENTERED,,459,458.0,0.9978213507625272,0.002178649237472796,2,0.0,0.0
9bbe84a2,ITQ96_CENTERED,101.0,459,418.0,0.9106753812636166,0.08932461873638342,4,0.0,0.0
9bbe84a2,ITQ96_CENTERED,202.0,459,416.0,0.906318082788671,0.09368191721132901,4,0.0,0.0
9bbe84a2,ITQ96_CENTERED,303.0,459,416.0,0.906318082788671,0.09368191721132901,4,0.0,0.0
9bbe84a2,ITQ96_CENTERED,404.0,459,419.0,0.9128540305010894,0.08714596949891062,4,0.0,0.0
9bbe84a2,ITQ96_CENTERED,505.0,459,420.0,0.9150326797385621,0.08496732026143794,4,0.0,0.0
9d25d4e0,SIGN96_CENTERED,,493,491.0,0.9959432048681541,0.0040567951318458695,2,0.0,0.0
9d25d4e0,ITQ96_CENTERED,101.0,493,432.0,0.8762677484787018,0.12373225152129819,6,0.0,0.0
9d25d4e0,ITQ96_CENTERED,202.0,493,431.0,0.8742393509127789,0.12576064908722107,7,0.0,0.0
9d25d4e0,ITQ96_CENTERED,303.0,493,432.0,0.8762677484787018,0.12373225152129819,5,0.0,0.0
9d25d4e0,ITQ96_CENTERED,404.0,493,439.0,0.8904665314401623,0.1095334685598377,5,0.0,0.0
9d25d4e0,ITQ96_CENTERED,505.0,493,435.0,0.8823529411764706,0.11764705882352944,6,0.0,0.0
9ea5eabc,SIGN96_CENTERED,,537,534.0,0.994413407821229,0.005586592178770999,3,0.0,0.0
9ea5eabc,ITQ96_CENTERED,101.0,537,486.0,0.9050279329608939,0.0949720670391061,6,0.0,0.0
9ea5eabc,ITQ96_CENTERED,202.0,537,485.0,0.9031657355679702,0.0968342644320298,4,0.0,0.0
9ea5eabc,ITQ96_CENTERED,303.0,537,478.0,0.8901303538175046,0.1098696461824954,5,0.0,0.0
9ea5eabc,ITQ96_CENTERED,404.0,537,478.0,0.8901303538175046,0.1098696461824954,4,0.0,0.0
9ea5eabc,ITQ96_CENTERED,505.0,537,477.0,0.888268156424581,0.11173184357541899,5,0.0,0.0
9ee3ecd6,SIGN96_CENTERED,,476,476.0,1.0,0.0,1,0.0,0.0
9ee3ecd6,ITQ96_CENTERED,101.0,476,447.0,0.9390756302521008,0.060924369747899165,4,0.0,0.0
9ee3ecd6,ITQ96_CENTERED,202.0,476,443.0,0.930672268907563,0.06932773109243695,4,0.0,0.0
9ee3ecd6,ITQ96_CENTERED,303.0,476,443.0,0.930672268907563,0.06932773109243695,3,0.0,0.0
9ee3ecd6,ITQ96_CENTERED,404.0,476,433.0,0.9096638655462185,0.09033613445378152,3,0.0,0.0
9ee3ecd6,ITQ96_CENTERED,505.0,476,444.0,0.9327731092436975,0.0672268907563025,4,0.0,0.0
a06e4cfe,SIGN96_CENTERED,,534,525.0,0.9831460674157303,0.016853932584269704,6,0.0,0.0
a06e4cfe,ITQ96_CENTERED,101.0,534,484.0,0.9063670411985019,0.09363295880149813,6,0.0,0.0
a06e4cfe,ITQ96_CENTERED,202.0,534,487.0,0.9119850187265918,0.08801498127340823,6,0.0,0.0
a06e4cfe,ITQ96_CENTERED,303.0,534,482.0,0.9026217228464419,0.09737827715355807,6,0.0,0.0
a06e4cfe,ITQ96_CENTERED,404.0,534,476.0,0.8913857677902621,0.10861423220973787,6,0.0,0.0
a06e4cfe,ITQ96_CENTERED,505.0,534,479.0,0.897003745318352,0.10299625468164797,6,0.0,0.0
a08a253f,SIGN96_CENTERED,,560,556.0,0.9928571428571429,0.0071428571428571175,2,0.0,0.0
a08a253f,ITQ96_CENTERED,101.0,560,476.0,0.85,0.15000000000000002,8,0.0,0.0
a08a253f,ITQ96_CENTERED,202.0,560,477.0,0.8517857142857143,0.14821428571428574,9,0.0,0.0
a08a253f,ITQ96_CENTERED,303.0,560,474.0,0.8464285714285714,0.15357142857142858,10,0.0,0.0
a08a253f,ITQ96_CENTERED,404.0,560,468.0,0.8357142857142857,0.16428571428571426,10,0.0,0.0
a08a253f,ITQ96_CENTERED,505.0,560,471.0,0.8410714285714286,0.15892857142857142,9,0.0,0.0
a11281a2,SIGN96_CENTERED,,457,455.0,0.9956236323851203,0.004376367614879695,3,0.0,0.0
a11281a2,ITQ96_CENTERED,101.0,457,413.0,0.9037199124726477,0.09628008752735229,6,0.0,0.0
a11281a2,ITQ96_CENTERED,202.0,457,409.0,0.8949671772428884,0.10503282275711157,6,0.0,0.0
a11281a2,ITQ96_CENTERED,303.0,457,412.0,0.9015317286652079,0.09846827133479208,6,0.0,0.0
a11281a2,ITQ96_CENTERED,404.0,457,413.0,0.9037199124726477,0.09628008752735229,6,0.0,0.0
a11281a2,ITQ96_CENTERED,505.0,457,408.0,0.8927789934354485,0.10722100656455147,6,0.0,0.0
a1cc6108,SIGN96_CENTERED,,492,489.0,0.9939024390243902,0.0060975609756097615,3,0.0,0.0
a1cc6108,ITQ96_CENTERED,101.0,492,450.0,0.9146341463414634,0.08536585365853655,6,0.0,0.0
a1cc6108,ITQ96_CENTERED,202.0,492,445.0,0.9044715447154471,0.0955284552845529,6,0.0,0.0
a1cc6108,ITQ96_CENTERED,303.0,492,459.0,0.9329268292682927,0.06707317073170727,6,0.0,0.0
a1cc6108,ITQ96_CENTERED,404.0,492,454.0,0.9227642276422764,0.07723577235772361,6,0.0,0.0
a1cc6108,ITQ96_CENTERED,505.0,492,456.0,0.926829268292683,0.07317073170731703,6,0.0,0.0
a1eacc2a,SIGN96_CENTERED,,474,469.0,0.989451476793249,0.010548523206751037,3,0.0,0.0
a1eacc2a,ITQ96_CENTERED,101.0,474,428.0,0.9029535864978903,0.09704641350210974,4,0.0,0.0
a1eacc2a,ITQ96_CENTERED,202.0,474,438.0,0.9240506329113924,0.07594936708860756,4,0.0,0.0
a1eacc2a,ITQ96_CENTERED,303.0,474,426.0,0.8987341772151899,0.10126582278481011,4,0.0,0.0
a1eacc2a,ITQ96_CENTERED,404.0,474,435.0,0.9177215189873418,0.08227848101265822,4,0.0,0.0
a1eacc2a,ITQ96_CENTERED,505.0,474,429.0,0.9050632911392406,0.09493670886075944,4,0.0,0.0
a2f3aa27,SIGN96_CENTERED,,448,448.0,1.0,0.0,1,0.0,0.0
a2f3aa27,ITQ96_CENTERED,101.0,448,415.0,0.9263392857142857,0.0736607142857143,5,0.0,0.0
a2f3aa27,ITQ96_CENTERED,202.0,448,417.0,0.9308035714285714,0.0691964285714286,4,0.0,0.0
a2f3aa27,ITQ96_CENTERED,303.0,448,415.0,0.9263392857142857,0.0736607142857143,5,0.0,0.0
a2f3aa27,ITQ96_CENTERED,404.0,448,418.0,0.9330357142857143,0.0669642857142857,4,0.0,0.0
a2f3aa27,ITQ96_CENTERED,505.0,448,411.0,0.9174107142857143,0.0825892857142857,5,0.0,0.0
a3045048,SIGN96_CENTERED,,584,582.0,0.9965753424657534,0.003424657534246589,2,0.0,0.0
a3045048,ITQ96_CENTERED,101.0,584,501.0,0.8578767123287672,0.14212328767123283,20,0.0,0.0
a3045048,ITQ96_CENTERED,202.0,584,494.0,0.8458904109589042,0.15410958904109584,22,0.0,0.0
a3045048,ITQ96_CENTERED,303.0,584,496.0,0.8493150684931506,0.15068493150684936,19,0.0,0.0
a3045048,ITQ96_CENTERED,404.0,584,507.0,0.8681506849315068,0.13184931506849318,19,0.0,0.0
a3045048,ITQ96_CENTERED,505.0,584,497.0,0.851027397260274,0.148972602739726,12,0.0,0.0
a3332713,SIGN96_CENTERED,,467,465.0,0.9957173447537473,0.004282655246252709,2,0.0,0.0
a3332713,ITQ96_CENTERED,101.0,467,425.0,0.9100642398286938,0.08993576017130622,9,0.0,0.0
a3332713,ITQ96_CENTERED,202.0,467,431.0,0.9229122055674518,0.0770877944325482,8,0.0,0.0
a3332713,ITQ96_CENTERED,303.0,467,430.0,0.9207708779443254,0.07922912205567456,6,0.0,0.0
a3332713,ITQ96_CENTERED,404.0,467,431.0,0.9229122055674518,0.0770877944325482,6,0.0,0.0
a3332713,ITQ96_CENTERED,505.0,467,438.0,0.9379014989293362,0.062098501070663836,6,0.0,0.0
a346bb18,SIGN96_CENTERED,,478,478.0,1.0,0.0,1,0.0,0.0
a346bb18,ITQ96_CENTERED,101.0,478,439.0,0.9184100418410042,0.08158995815899583,4,0.0,0.0
a346bb18,ITQ96_CENTERED,202.0,478,443.0,0.9267782426778243,0.07322175732217573,5,0.0,0.0
a346bb18,ITQ96_CENTERED,303.0,478,448.0,0.9372384937238494,0.06276150627615062,4,0.0,0.0
a346bb18,ITQ96_CENTERED,404.0,478,451.0,0.9435146443514645,0.05648535564853552,3,0.0,0.0
a346bb18,ITQ96_CENTERED,505.0,478,444.0,0.9288702928870293,0.07112970711297073,5,0.0,0.0
a3838d2b,SIGN96_CENTERED,,484,483.0,0.9979338842975206,0.0020661157024793875,2,0.0,0.0
a3838d2b,ITQ96_CENTERED,101.0,484,459.0,0.9483471074380165,0.051652892561983466,4,0.0,0.0
a3838d2b,ITQ96_CENTERED,202.0,484,455.0,0.9400826446280992,0.05991735537190079,4,0.0,0.0
a3838d2b,ITQ96_CENTERED,303.0,484,456.0,0.9421487603305785,0.05785123966942152,4,0.0,0.0
a3838d2b,ITQ96_CENTERED,404.0,484,452.0,0.9338842975206612,0.06611570247933884,4,0.0,0.0
a3838d2b,ITQ96_CENTERED,505.0,484,459.0,0.9483471074380165,0.051652892561983466,4,0.0,0.0
a40e080f,SIGN96_CENTERED,,529,520.0,0.9829867674858223,0.017013232514177745,5,0.0,0.0
a40e080f,ITQ96_CENTERED,101.0,529,439.0,0.8298676748582231,0.1701323251417769,5,0.0,0.0
a40e080f,ITQ96_CENTERED,202.0,529,455.0,0.8601134215500945,0.13988657844990549,5,2.0,0.003780718336483932
a40e080f,ITQ96_CENTERED,303.0,529,444.0,0.8393194706994329,0.1606805293005671,5,2.0,0.003780718336483932
a40e080f,ITQ96_CENTERED,404.0,529,442.0,0.8355387523629489,0.16446124763705106,6,0.0,0.0
a40e080f,ITQ96_CENTERED,505.0,529,450.0,0.8506616257088847,0.1493383742911153,5,2.0,0.003780718336483932
a4996e51,SIGN96_CENTERED,,512,511.0,0.998046875,0.001953125,2,0.0,0.0
a4996e51,ITQ96_CENTERED,101.0,512,466.0,0.91015625,0.08984375,5,0.0,0.0
a4996e51,ITQ96_CENTERED,202.0,512,464.0,0.90625,0.09375,8,0.0,0.0
a4996e51,ITQ96_CENTERED,303.0,512,465.0,0.908203125,0.091796875,8,0.0,0.0
a4996e51,ITQ96_CENTERED,404.0,512,470.0,0.91796875,0.08203125,7,0.0,0.0
a4996e51,ITQ96_CENTERED,505.0,512,469.0,0.916015625,0.083984375,7,0.0,0.0
a82c026e,SIGN96_CENTERED,,476,471.0,0.9894957983193278,0.010504201680672232,3,0.0,0.0
a82c026e,ITQ96_CENTERED,101.0,476,412.0,0.865546218487395,0.134453781512605,5,0.0,0.0
a82c026e,ITQ96_CENTERED,202.0,476,414.0,0.8697478991596639,0.13025210084033612,7,0.0,0.0
a82c026e,ITQ96_CENTERED,303.0,476,404.0,0.8487394957983193,0.1512605042016807,6,0.0,0.0
a82c026e,ITQ96_CENTERED,404.0,476,410.0,0.8613445378151261,0.1386554621848739,5,0.0,0.0
a82c026e,ITQ96_CENTERED,505.0,476,419.0,0.8802521008403361,0.11974789915966388,4,0.0,0.0
a89d7624,SIGN96_CENTERED,,496,494.0,0.9959677419354839,0.0040322580645161255,3,0.0,0.0
a89d7624,ITQ96_CENTERED,101.0,496,448.0,0.9032258064516129,0.09677419354838712,3,0.0,0.0
a89d7624,ITQ96_CENTERED,202.0,496,443.0,0.8931451612903226,0.10685483870967738,4,0.0,0.0
a89d7624,ITQ96_CENTERED,303.0,496,444.0,0.8951612903225806,0.10483870967741937,10,0.0,0.0
a89d7624,ITQ96_CENTERED,404.0,496,436.0,0.8790322580645161,0.12096774193548387,5,0.0,0.0
a89d7624,ITQ96_CENTERED,505.0,496,452.0,0.9112903225806451,0.08870967741935487,3,0.0,0.0
a96c20ee,SIGN96_CENTERED,,489,488.0,0.9979550102249489,0.002044989775051076,2,0.0,0.0
a96c20ee,ITQ96_CENTERED,101.0,489,440.0,0.8997955010224948,0.10020449897750516,5,0.0,0.0
a96c20ee,ITQ96_CENTERED,202.0,489,437.0,0.8936605316973415,0.1063394683026585,4,0.0,0.0
a96c20ee,ITQ96_CENTERED,303.0,489,439.0,0.8977505112474438,0.10224948875255624,4,0.0,0.0
a96c20ee,ITQ96_CENTERED,404.0,489,445.0,0.9100204498977505,0.08997955010224945,4,0.0,0.0
a96c20ee,ITQ96_CENTERED,505.0,489,432.0,0.8834355828220859,0.1165644171779141,6,0.0,0.0
a9f6b44c,SIGN96_CENTERED,,476,473.0,0.9936974789915967,0.006302521008403339,4,0.0,0.0
a9f6b44c,ITQ96_CENTERED,101.0,476,442.0,0.9285714285714286,0.0714285714285714,4,0.0,0.0
a9f6b44c,ITQ96_CENTERED,202.0,476,442.0,0.9285714285714286,0.0714285714285714,4,0.0,0.0
a9f6b44c,ITQ96_CENTERED,303.0,476,444.0,0.9327731092436975,0.0672268907563025,4,0.0,0.0
a9f6b44c,ITQ96_CENTERED,404.0,476,444.0,0.9327731092436975,0.0672268907563025,4,0.0,0.0
a9f6b44c,ITQ96_CENTERED,505.0,476,442.0,0.9285714285714286,0.0714285714285714,5,0.0,0.0
aae3761f,SIGN96_CENTERED,,485,480.0,0.9896907216494846,0.010309278350515427,2,0.0,0.0
aae3761f,ITQ96_CENTERED,101.0,485,422.0,0.8701030927835052,0.12989690721649483,5,0.0,0.0
aae3761f,ITQ96_CENTERED,202.0,485,418.0,0.8618556701030928,0.13814432989690717,5,0.0,0.0
aae3761f,ITQ96_CENTERED,303.0,485,426.0,0.8783505154639175,0.12164948453608249,4,0.0,0.0
aae3761f,ITQ96_CENTERED,404.0,485,432.0,0.8907216494845361,0.10927835051546386,5,0.0,0.0
aae3761f,ITQ96_CENTERED,505.0,485,419.0,0.8639175257731959,0.13608247422680408,5,0.0,0.0
ac031881,SIGN96_CENTERED,,529,528.0,0.998109640831758,0.001890359168241984,2,0.0,0.0
ac031881,ITQ96_CENTERED,101.0,529,468.0,0.8846880907372401,0.11531190926275992,6,0.0,0.0
ac031881,ITQ96_CENTERED,202.0,529,470.0,0.888468809073724,0.11153119092627595,6,0.0,0.0
ac031881,ITQ96_CENTERED,303.0,529,475.0,0.8979206049149339,0.10207939508506614,6,0.0,0.0
ac031881,ITQ96_CENTERED,404.0,529,461.0,0.8714555765595463,0.1285444234404537,6,0.0,0.0
ac031881,ITQ96_CENTERED,505.0,529,459.0,0.8676748582230623,0.13232514177693766,6,0.0,0.0
ad7109d1,SIGN96_CENTERED,,466,466.0,1.0,0.0,1,0.0,0.0
ad7109d1,ITQ96_CENTERED,101.0,466,416.0,0.8927038626609443,0.10729613733905574,6,0.0,0.0
ad7109d1,ITQ96_CENTERED,202.0,466,409.0,0.8776824034334764,0.12231759656652363,4,0.0,0.0
ad7109d1,ITQ96_CENTERED,303.0,466,427.0,0.9163090128755365,0.08369098712446355,4,0.0,0.0
ad7109d1,ITQ96_CENTERED,404.0,466,417.0,0.8948497854077253,0.1051502145922747,6,0.0,0.0
ad7109d1,ITQ96_CENTERED,505.0,466,426.0,0.9141630901287554,0.0858369098712446,6,0.0,0.0
af082822,SIGN96_CENTERED,,495,495.0,1.0,0.0,1,0.0,0.0
af082822,ITQ96_CENTERED,101.0,495,444.0,0.896969696969697,0.10303030303030303,7,0.0,0.0
af082822,ITQ96_CENTERED,202.0,495,452.0,0.9131313131313131,0.08686868686868687,4,0.0,0.0
af082822,ITQ96_CENTERED,303.0,495,452.0,0.9131313131313131,0.08686868686868687,4,0.0,0.0
af082822,ITQ96_CENTERED,404.0,495,452.0,0.9131313131313131,0.08686868686868687,5,0.0,0.0
af082822,ITQ96_CENTERED,505.0,495,447.0,0.9030303030303031,0.09696969696969693,4,0.0,0.0
af8d2e46,SIGN96_CENTERED,,495,494.0,0.997979797979798,0.002020202020202033,2,0.0,0.0
af8d2e46,ITQ96_CENTERED,101.0,495,437.0,0.8828282828282829,0.11717171717171715,6,0.0,0.0
af8d2e46,ITQ96_CENTERED,202.0,495,438.0,0.8848484848484849,0.11515151515151512,6,0.0,0.0
af8d2e46,ITQ96_CENTERED,303.0,495,449.0,0.907070707070707,0.09292929292929297,6,0.0,0.0
af8d2e46,ITQ96_CENTERED,404.0,495,443.0,0.8949494949494949,0.10505050505050506,5,0.0,0.0
af8d2e46,ITQ96_CENTERED,505.0,495,444.0,0.896969696969697,0.10303030303030303,5,0.0,0.0
afdc33df,SIGN96_CENTERED,,502,501.0,0.99800796812749,0.0019920318725099584,2,0.0,0.0
afdc33df,ITQ96_CENTERED,101.0,502,456.0,0.9083665338645418,0.0916334661354582,4,0.0,0.0
afdc33df,ITQ96_CENTERED,202.0,502,461.0,0.9183266932270916,0.0816733067729084,5,0.0,0.0
afdc33df,ITQ96_CENTERED,303.0,502,454.0,0.9043824701195219,0.09561752988047811,5,0.0,0.0
afdc33df,ITQ96_CENTERED,404.0,502,462.0,0.9203187250996016,0.07968127490039845,4,0.0,0.0
afdc33df,ITQ96_CENTERED,505.0,502,465.0,0.9262948207171314,0.07370517928286857,4,0.0,0.0
affe2881,SIGN96_CENTERED,,484,481.0,0.993801652892562,0.006198347107438051,3,0.0,0.0
affe2881,ITQ96_CENTERED,101.0,484,431.0,0.890495867768595,0.10950413223140498,14,0.0,0.0
affe2881,ITQ96_CENTERED,202.0,484,433.0,0.8946280991735537,0.10537190082644632,13,0.0,0.0
affe2881,ITQ96_CENTERED,303.0,484,429.0,0.8863636363636364,0.11363636363636365,15,0.0,0.0
affe2881,ITQ96_CENTERED,404.0,484,439.0,0.9070247933884298,0.09297520661157022,11,0.0,0.0
affe2881,ITQ96_CENTERED,505.0,484,424.0,0.8760330578512396,0.12396694214876036,15,0.0,0.0
b01defab,SIGN96_CENTERED,,503,496.0,0.9860834990059643,0.013916500994035741,6,0.0,0.0
b01defab,ITQ96_CENTERED,101.0,503,435.0,0.8648111332007953,0.13518886679920472,6,0.0,0.0
b01defab,ITQ96_CENTERED,202.0,503,433.0,0.8608349900596421,0.13916500994035785,6,0.0,0.0
b01defab,ITQ96_CENTERED,303.0,503,443.0,0.8807157057654076,0.11928429423459241,6,0.0,0.0
b01defab,ITQ96_CENTERED,404.0,503,442.0,0.878727634194831,0.12127236580516898,6,0.0,0.0
b01defab,ITQ96_CENTERED,505.0,503,438.0,0.8707753479125249,0.12922465208747513,6,0.0,0.0
b0479f84,SIGN96_CENTERED,,502,501.0,0.99800796812749,0.0019920318725099584,2,0.0,0.0
b0479f84,ITQ96_CENTERED,101.0,502,459.0,0.9143426294820717,0.08565737051792832,4,0.0,0.0
b0479f84,ITQ96_CENTERED,202.0,502,459.0,0.9143426294820717,0.08565737051792832,4,0.0,0.0
b0479f84,ITQ96_CENTERED,303.0,502,466.0,0.9282868525896414,0.07171314741035861,4,0.0,0.0
b0479f84,ITQ96_CENTERED,404.0,502,461.0,0.9183266932270916,0.0816733067729084,4,0.0,0.0
b0479f84,ITQ96_CENTERED,505.0,502,462.0,0.9203187250996016,0.07968127490039845,4,0.0,0.0
b29f3365,SIGN96_CENTERED,,494,491.0,0.9939271255060729,0.006072874493927127,2,0.0,0.0
b29f3365,ITQ96_CENTERED,101.0,494,447.0,0.9048582995951417,0.09514170040485825,5,0.0,0.0
b29f3365,ITQ96_CENTERED,202.0,494,454.0,0.9190283400809717,0.08097165991902833,4,0.0,0.0
b29f3365,ITQ96_CENTERED,303.0,494,444.0,0.8987854251012146,0.10121457489878538,5,0.0,0.0
b29f3365,ITQ96_CENTERED,404.0,494,449.0,0.9089068825910931,0.09109311740890691,4,0.0,0.0
b29f3365,ITQ96_CENTERED,505.0,494,450.0,0.9109311740890689,0.08906882591093113,4,0.0,0.0
b320f3f8,SIGN96_CENTERED,,463,457.0,0.9870410367170627,0.01295896328293733,4,0.0,0.0
b320f3f8,ITQ96_CENTERED,101.0,463,413.0,0.8920086393088553,0.10799136069114468,4,0.0,0.0
b320f3f8,ITQ96_CENTERED,202.0,463,416.0,0.8984881209503239,0.10151187904967607,4,0.0,0.0
b320f3f8,ITQ96_CENTERED,303.0,463,417.0,0.9006479481641468,0.09935205183585316,4,0.0,0.0
b320f3f8,ITQ96_CENTERED,404.0,463,405.0,0.8747300215982722,0.12526997840172782,4,0.0,0.0
b320f3f8,ITQ96_CENTERED,505.0,463,404.0,0.8725701943844493,0.12742980561555073,4,0.0,0.0
b3c15d39,SIGN96_CENTERED,,502,500.0,0.9960159362549801,0.003984063745019917,2,0.0,0.0
b3c15d39,ITQ96_CENTERED,101.0,502,451.0,0.898406374501992,0.10159362549800799,5,0.0,0.0
b3c15d39,ITQ96_CENTERED,202.0,502,452.0,0.900398406374502,0.09960159362549803,5,0.0,0.0
b3c15d39,ITQ96_CENTERED,303.0,502,445.0,0.8864541832669323,0.11354581673306774,5,0.0,0.0
b3c15d39,ITQ96_CENTERED,404.0,502,447.0,0.8904382470119522,0.10956175298804782,6,0.0,0.0
b3c15d39,ITQ96_CENTERED,505.0,502,450.0,0.896414342629482,0.10358565737051795,5,0.0,0.0
b46e15ed,SIGN96_CENTERED,,478,477.0,0.997907949790795,0.0020920502092049986,2,0.0,0.0
b46e15ed,ITQ96_CENTERED,101.0,478,429.0,0.897489539748954,0.10251046025104604,5,0.0,0.0
b46e15ed,ITQ96_CENTERED,202.0,478,428.0,0.895397489539749,0.10460251046025104,4,0.0,0.0
b46e15ed,ITQ96_CENTERED,303.0,478,435.0,0.9100418410041841,0.08995815899581594,4,0.0,0.0
b46e15ed,ITQ96_CENTERED,404.0,478,435.0,0.9100418410041841,0.08995815899581594,4,0.0,0.0
b46e15ed,ITQ96_CENTERED,505.0,478,430.0,0.899581589958159,0.10041841004184104,5,0.0,0.0
b46e15ee,SIGN96_CENTERED,,457,457.0,1.0,0.0,1,0.0,0.0
b46e15ee,ITQ96_CENTERED,101.0,457,427.0,0.9343544857768052,0.06564551422319476,7,0.0,0.0
b46e15ee,ITQ96_CENTERED,202.0,457,426.0,0.9321663019693655,0.06783369803063455,4,0.0,0.0
b46e15ee,ITQ96_CENTERED,303.0,457,432.0,0.9452954048140044,0.054704595185995575,4,0.0,0.0
b46e15ee,ITQ96_CENTERED,404.0,457,426.0,0.9321663019693655,0.06783369803063455,4,0.0,0.0
b46e15ee,ITQ96_CENTERED,505.0,457,432.0,0.9452954048140044,0.054704595185995575,4,0.0,0.0
b5ef892d,SIGN96_CENTERED,,516,514.0,0.9961240310077519,0.003875968992248069,3,0.0,0.0
b5ef892d,ITQ96_CENTERED,101.0,516,459.0,0.8895348837209303,0.11046511627906974,6,0.0,0.0
b5ef892d,ITQ96_CENTERED,202.0,516,464.0,0.8992248062015504,0.10077519379844957,5,0.0,0.0
b5ef892d,ITQ96_CENTERED,303.0,516,455.0,0.8817829457364341,0.11821705426356588,6,0.0,0.0
b5ef892d,ITQ96_CENTERED,404.0,516,470.0,0.9108527131782945,0.08914728682170547,5,0.0,0.0
b5ef892d,ITQ96_CENTERED,505.0,516,462.0,0.8953488372093024,0.10465116279069764,5,0.0,0.0
b6019101,SIGN96_CENTERED,,510,510.0,1.0,0.0,1,0.0,0.0
b6019101,ITQ96_CENTERED,101.0,510,462.0,0.9058823529411765,0.09411764705882353,11,0.0,0.0
b6019101,ITQ96_CENTERED,202.0,510,452.0,0.8862745098039215,0.11372549019607847,11,0.0,0.0
b6019101,ITQ96_CENTERED,303.0,510,458.0,0.8980392156862745,0.10196078431372546,11,0.0,0.0
b6019101,ITQ96_CENTERED,404.0,510,450.0,0.8823529411764706,0.11764705882352944,11,0.0,0.0
b6019101,ITQ96_CENTERED,505.0,510,447.0,0.8764705882352941,0.12352941176470589,12,0.0,0.0
b6025781,SIGN96_CENTERED,,460,458.0,0.9956521739130435,0.004347826086956497,3,0.0,0.0
b6025781,ITQ96_CENTERED,101.0,460,416.0,0.9043478260869565,0.09565217391304348,3,0.0,0.0
b6025781,ITQ96_CENTERED,202.0,460,418.0,0.908695652173913,0.09130434782608698,4,0.0,0.0
b6025781,ITQ96_CENTERED,303.0,460,412.0,0.8956521739130435,0.10434782608695647,5,0.0,0.0
b6025781,ITQ96_CENTERED,404.0,460,407.0,0.8847826086956522,0.11521739130434783,4,0.0,0.0
b6025781,ITQ96_CENTERED,505.0,460,416.0,0.9043478260869565,0.09565217391304348,5,0.0,0.0
b759caee,SIGN96_CENTERED,,516,512.0,0.9922480620155039,0.007751937984496138,3,0.0,0.0
b759caee,ITQ96_CENTERED,101.0,516,458.0,0.8875968992248062,0.11240310077519378,6,0.0,0.0
b759caee,ITQ96_CENTERED,202.0,516,460.0,0.8914728682170543,0.10852713178294571,6,0.0,0.0
b759caee,ITQ96_CENTERED,303.0,516,457.0,0.8856589147286822,0.11434108527131781,6,0.0,0.0
b759caee,ITQ96_CENTERED,404.0,516,460.0,0.8914728682170543,0.10852713178294571,6,0.0,0.0
b759caee,ITQ96_CENTERED,505.0,516,466.0,0.9031007751937985,0.0968992248062015,5,0.0,0.0
b86304ba,SIGN96_CENTERED,,456,450.0,0.9868421052631579,0.013157894736842146,3,0.0,0.0
b86304ba,ITQ96_CENTERED,101.0,456,421.0,0.9232456140350878,0.07675438596491224,7,0.0,0.0
b86304ba,ITQ96_CENTERED,202.0,456,428.0,0.9385964912280702,0.06140350877192979,7,0.0,0.0
b86304ba,ITQ96_CENTERED,303.0,456,428.0,0.9385964912280702,0.06140350877192979,6,0.0,0.0
b86304ba,ITQ96_CENTERED,404.0,456,422.0,0.9254385964912281,0.07456140350877194,7,0.0,0.0
b86304ba,ITQ96_CENTERED,505.0,456,422.0,0.9254385964912281,0.07456140350877194,7,0.0,0.0
b9cfe692,SIGN96_CENTERED,,492,491.0,0.9979674796747967,0.002032520325203291,2,0.0,0.0
b9cfe692,ITQ96_CENTERED,101.0,492,444.0,0.9024390243902439,0.09756097560975607,4,0.0,0.0
b9cfe692,ITQ96_CENTERED,202.0,492,446.0,0.9065040650406504,0.0934959349593496,4,0.0,0.0
b9cfe692,ITQ96_CENTERED,303.0,492,447.0,0.9085365853658537,0.09146341463414631,4,0.0,0.0
b9cfe692,ITQ96_CENTERED,404.0,492,454.0,0.9227642276422764,0.07723577235772361,4,0.0,0.0
b9cfe692,ITQ96_CENTERED,505.0,492,445.0,0.9044715447154471,0.0955284552845529,5,0.0,0.0
ba358f49,SIGN96_CENTERED,,409,409.0,1.0,0.0,1,0.0,0.0
ba358f49,ITQ96_CENTERED,101.0,409,380.0,0.9290953545232273,0.07090464547677267,3,0.0,0.0
ba358f49,ITQ96_CENTERED,202.0,409,379.0,0.9266503667481663,0.07334963325183375,3,0.0,0.0
ba358f49,ITQ96_CENTERED,303.0,409,378.0,0.9242053789731052,0.07579462102689483,5,0.0,0.0
ba358f49,ITQ96_CENTERED,404.0,409,385.0,0.941320293398533,0.05867970660146704,3,0.0,0.0
ba358f49,ITQ96_CENTERED,505.0,409,378.0,0.9242053789731052,0.07579462102689483,3,0.0,0.0
ba61f0b9,SIGN96_CENTERED,,454,453.0,0.9977973568281938,0.0022026431718061845,2,0.0,0.0
ba61f0b9,ITQ96_CENTERED,101.0,454,409.0,0.9008810572687225,0.09911894273127753,4,0.0,0.0
ba61f0b9,ITQ96_CENTERED,202.0,454,412.0,0.9074889867841409,0.09251101321585908,3,0.0,0.0
ba61f0b9,ITQ96_CENTERED,303.0,454,405.0,0.8920704845814978,0.10792951541850215,4,0.0,0.0
ba61f0b9,ITQ96_CENTERED,404.0,454,409.0,0.9008810572687225,0.09911894273127753,4,0.0,0.0
ba61f0b9,ITQ96_CENTERED,505.0,454,405.0,0.8920704845814978,0.10792951541850215,4,0.0,0.0
bb7c3b45,SIGN96_CENTERED,,495,493.0,0.9959595959595959,0.004040404040404066,2,0.0,0.0
bb7c3b45,ITQ96_CENTERED,101.0,495,452.0,0.9131313131313131,0.08686868686868687,4,0.0,0.0
bb7c3b45,ITQ96_CENTERED,202.0,495,455.0,0.9191919191919192,0.08080808080808077,4,0.0,0.0
bb7c3b45,ITQ96_CENTERED,303.0,495,460.0,0.9292929292929293,0.07070707070707072,4,0.0,0.0
bb7c3b45,ITQ96_CENTERED,404.0,495,454.0,0.9171717171717172,0.0828282828282828,4,0.0,0.0
bb7c3b45,ITQ96_CENTERED,505.0,495,456.0,0.9212121212121213,0.07878787878787874,4,0.0,0.0
bbf86515,SIGN96_CENTERED,,487,479.0,0.9835728952772074,0.01642710472279263,4,0.0,0.0
bbf86515,ITQ96_CENTERED,101.0,487,435.0,0.893223819301848,0.10677618069815198,5,0.0,0.0
bbf86515,ITQ96_CENTERED,202.0,487,435.0,0.893223819301848,0.10677618069815198,6,0.0,0.0
bbf86515,ITQ96_CENTERED,303.0,487,442.0,0.9075975359342916,0.0924024640657084,5,0.0,0.0
bbf86515,ITQ96_CENTERED,404.0,487,444.0,0.9117043121149897,0.0882956878850103,5,0.0,0.0
bbf86515,ITQ96_CENTERED,505.0,487,440.0,0.9034907597535934,0.09650924024640661,5,0.0,0.0
bc149d6b,SIGN96_CENTERED,,467,466.0,0.9978586723768736,0.0021413276231263545,2,0.0,0.0
bc149d6b,ITQ96_CENTERED,101.0,467,420.0,0.8993576017130621,0.10064239828693788,4,0.0,0.0
bc149d6b,ITQ96_CENTERED,202.0,467,418.0,0.8950749464668094,0.1049250535331906,5,0.0,0.0
bc149d6b,ITQ96_CENTERED,303.0,467,423.0,0.9057815845824411,0.09421841541755893,3,0.0,0.0
bc149d6b,ITQ96_CENTERED,404.0,467,417.0,0.892933618843683,0.10706638115631695,3,0.0,0.0
bc149d6b,ITQ96_CENTERED,505.0,467,419.0,0.8972162740899358,0.10278372591006424,4,0.0,0.0
bc8a6e93,SIGN96_CENTERED,,537,533.0,0.9925512104283054,0.007448789571694592,4,0.0,0.0
bc8a6e93,ITQ96_CENTERED,101.0,537,491.0,0.9143389199255121,0.08566108007448792,5,0.0,0.0
bc8a6e93,ITQ96_CENTERED,202.0,537,488.0,0.9087523277467412,0.0912476722532588,5,0.0,0.0
bc8a6e93,ITQ96_CENTERED,303.0,537,490.0,0.9124767225325885,0.08752327746741151,5,0.0,0.0
bc8a6e93,ITQ96_CENTERED,404.0,537,487.0,0.9068901303538175,0.09310986964618251,5,0.0,0.0
bc8a6e93,ITQ96_CENTERED,505.0,537,501.0,0.9329608938547486,0.06703910614525144,4,0.0,0.0
bcbe585f,SIGN96_CENTERED,,453,452.0,0.9977924944812362,0.002207505518763808,2,0.0,0.0
bcbe585f,ITQ96_CENTERED,101.0,453,411.0,0.9072847682119205,0.0927152317880795,5,0.0,0.0
bcbe585f,ITQ96_CENTERED,202.0,453,407.0,0.8984547461368654,0.10154525386313462,5,0.0,0.0
bcbe585f,ITQ96_CENTERED,303.0,453,415.0,0.9161147902869757,0.08388520971302427,5,0.0,0.0
bcbe585f,ITQ96_CENTERED,404.0,453,412.0,0.9094922737306843,0.09050772626931569,5,0.0,0.0
bcbe585f,ITQ96_CENTERED,505.0,453,411.0,0.9072847682119205,0.0927152317880795,5,0.0,0.0
bf659f65,SIGN96_CENTERED,,516,514.0,0.9961240310077519,0.003875968992248069,3,0.0,0.0
bf659f65,ITQ96_CENTERED,101.0,516,465.0,0.9011627906976745,0.09883720930232553,4,0.0,0.0
bf659f65,ITQ96_CENTERED,202.0,516,461.0,0.8934108527131783,0.10658914728682167,4,0.0,0.0
bf659f65,ITQ96_CENTERED,303.0,516,457.0,0.8856589147286822,0.11434108527131781,5,0.0,0.0
bf659f65,ITQ96_CENTERED,404.0,516,465.0,0.9011627906976745,0.09883720930232553,5,0.0,0.0
bf659f65,ITQ96_CENTERED,505.0,516,456.0,0.8837209302325582,0.11627906976744184,6,0.0,0.0
c14c00dd,SIGN96_CENTERED,,492,491.0,0.9979674796747967,0.002032520325203291,2,0.0,0.0
c14c00dd,ITQ96_CENTERED,101.0,492,448.0,0.9105691056910569,0.08943089430894313,5,0.0,0.0
c14c00dd,ITQ96_CENTERED,202.0,492,456.0,0.926829268292683,0.07317073170731703,3,0.0,0.0
c14c00dd,ITQ96_CENTERED,303.0,492,451.0,0.9166666666666666,0.08333333333333337,4,0.0,0.0
c14c00dd,ITQ96_CENTERED,404.0,492,458.0,0.9308943089430894,0.06910569105691056,3,0.0,0.0
c14c00dd,ITQ96_CENTERED,505.0,492,457.0,0.9288617886178862,0.07113821138211385,4,0.0,0.0
c18a7dc8,SIGN96_CENTERED,,509,508.0,0.9980353634577603,0.0019646365422396617,2,0.0,0.0
c18a7dc8,ITQ96_CENTERED,101.0,509,475.0,0.9332023575638507,0.06679764243614927,5,0.0,0.0
c18a7dc8,ITQ96_CENTERED,202.0,509,476.0,0.9351669941060904,0.06483300589390961,5,0.0,0.0
c18a7dc8,ITQ96_CENTERED,303.0,509,468.0,0.9194499017681729,0.08055009823182713,4,0.0,0.0
c18a7dc8,ITQ96_CENTERED,404.0,509,471.0,0.925343811394892,0.07465618860510803,5,0.0,0.0
c18a7dc8,ITQ96_CENTERED,505.0,509,471.0,0.925343811394892,0.07465618860510803,5,0.0,0.0
c19f7a0b,SIGN96_CENTERED,,478,473.0,0.9895397489539749,0.010460251046025104,2,0.0,0.0
c19f7a0b,ITQ96_CENTERED,101.0,478,430.0,0.899581589958159,0.10041841004184104,5,0.0,0.0
c19f7a0b,ITQ96_CENTERED,202.0,478,433.0,0.9058577405857741,0.09414225941422594,6,0.0,0.0
c19f7a0b,ITQ96_CENTERED,303.0,478,436.0,0.9121338912133892,0.08786610878661083,6,0.0,0.0
c19f7a0b,ITQ96_CENTERED,404.0,478,431.0,0.9016736401673641,0.09832635983263593,6,0.0,0.0
c19f7a0b,ITQ96_CENTERED,505.0,478,427.0,0.893305439330544,0.10669456066945604,6,0.0,0.0
c2ac3c61,SIGN96_CENTERED,,528,526.0,0.9962121212121212,0.0037878787878787845,3,0.0,0.0
c2ac3c61,ITQ96_CENTERED,101.0,528,460.0,0.8712121212121212,0.12878787878787878,5,0.0,0.0
c2ac3c61,ITQ96_CENTERED,202.0,528,468.0,0.8863636363636364,0.11363636363636365,5,0.0,0.0
c2ac3c61,ITQ96_CENTERED,303.0,528,468.0,0.8863636363636364,0.11363636363636365,5,0.0,0.0
c2ac3c61,ITQ96_CENTERED,404.0,528,472.0,0.8939393939393939,0.10606060606060608,4,0.0,0.0
c2ac3c61,ITQ96_CENTERED,505.0,528,472.0,0.8939393939393939,0.10606060606060608,5,0.0,0.0
c4a1ceb8,SIGN96_CENTERED,,488,487.0,0.9979508196721312,0.002049180327868827,2,0.0,0.0
c4a1ceb8,ITQ96_CENTERED,101.0,488,462.0,0.9467213114754098,0.05327868852459017,4,0.0,0.0
c4a1ceb8,ITQ96_CENTERED,202.0,488,454.0,0.930327868852459,0.069672131147541,4,0.0,0.0
c4a1ceb8,ITQ96_CENTERED,303.0,488,458.0,0.9385245901639344,0.061475409836065587,4,0.0,0.0
c4a1ceb8,ITQ96_CENTERED,404.0,488,460.0,0.9426229508196722,0.05737704918032782,4,0.0,0.0
c4a1ceb8,ITQ96_CENTERED,505.0,488,455.0,0.9323770491803278,0.06762295081967218,4,0.0,0.0
c4ea545c,SIGN96_CENTERED,,490,487.0,0.9938775510204082,0.006122448979591799,2,0.0,0.0
c4ea545c,ITQ96_CENTERED,101.0,490,413.0,0.8428571428571429,0.15714285714285714,6,0.0,0.0
c4ea545c,ITQ96_CENTERED,202.0,490,424.0,0.8653061224489796,0.13469387755102036,6,0.0,0.0
c4ea545c,ITQ96_CENTERED,303.0,490,413.0,0.8428571428571429,0.15714285714285714,6,0.0,0.0
c4ea545c,ITQ96_CENTERED,404.0,490,417.0,0.8510204081632653,0.1489795918367347,6,0.0,0.0
c4ea545c,ITQ96_CENTERED,505.0,490,418.0,0.8530612244897959,0.14693877551020407,6,0.0,0.0
c4f10528,SIGN96_CENTERED,,485,484.0,0.9979381443298969,0.0020618556701030855,2,0.0,0.0
c4f10528,ITQ96_CENTERED,101.0,485,437.0,0.9010309278350516,0.09896907216494844,5,0.0,0.0
c4f10528,ITQ96_CENTERED,202.0,485,436.0,0.8989690721649485,0.10103092783505152,5,0.0,0.0
c4f10528,ITQ96_CENTERED,303.0,485,443.0,0.9134020618556701,0.08659793814432992,5,0.0,0.0
c4f10528,ITQ96_CENTERED,404.0,485,429.0,0.8845360824742268,0.11546391752577323,5,0.0,0.0
c4f10528,ITQ96_CENTERED,505.0,485,433.0,0.8927835051546392,0.10721649484536078,5,0.0,0.0
c5e8278d,SIGN96_CENTERED,,469,468.0,0.997867803837953,0.002132196162046962,2,0.0,0.0
c5e8278d,ITQ96_CENTERED,101.0,469,429.0,0.9147121535181236,0.08528784648187637,5,0.0,0.0
c5e8278d,ITQ96_CENTERED,202.0,469,429.0,0.9147121535181236,0.08528784648187637,6,0.0,0.0
c5e8278d,ITQ96_CENTERED,303.0,469,427.0,0.9104477611940298,0.08955223880597019,6,0.0,0.0
c5e8278d,ITQ96_CENTERED,404.0,469,428.0,0.9125799573560768,0.08742004264392322,6,0.0,0.0
c5e8278d,ITQ96_CENTERED,505.0,469,425.0,0.906183368869936,0.093816631130064,6,0.0,0.0
c6853660,SIGN96_CENTERED,,477,472.0,0.989517819706499,0.010482180293501009,6,0.0,0.0
c6853660,ITQ96_CENTERED,101.0,477,433.0,0.9077568134171907,0.09224318658280928,6,0.0,0.0
c6853660,ITQ96_CENTERED,202.0,477,436.0,0.9140461215932913,0.08595387840670865,6,0.0,0.0
c6853660,ITQ96_CENTERED,303.0,477,435.0,0.9119496855345912,0.08805031446540879,7,0.0,0.0
c6853660,ITQ96_CENTERED,404.0,477,439.0,0.9203354297693921,0.07966457023060791,7,0.0,0.0
c6853660,ITQ96_CENTERED,505.0,477,434.0,0.909853249475891,0.09014675052410903,6,0.0,0.0
c7cf7dfd,SIGN96_CENTERED,,520,516.0,0.9923076923076923,0.007692307692307665,2,0.0,0.0
c7cf7dfd,ITQ96_CENTERED,101.0,520,450.0,0.8653846153846154,0.13461538461538458,5,1.0,0.0019230769230769232
c7cf7dfd,ITQ96_CENTERED,202.0,520,465.0,0.8942307692307693,0.10576923076923073,5,0.0,0.0
c7cf7dfd,ITQ96_CENTERED,303.0,520,448.0,0.8615384615384616,0.1384615384615384,5,1.0,0.0019230769230769232
c7cf7dfd,ITQ96_CENTERED,404.0,520,458.0,0.8807692307692307,0.11923076923076925,5,0.0,0.0
c7cf7dfd,ITQ96_CENTERED,505.0,520,451.0,0.8673076923076923,0.13269230769230766,5,2.0,0.0038461538461538464
c7dc5443,SIGN96_CENTERED,,478,477.0,0.997907949790795,0.0020920502092049986,2,0.0,0.0
c7dc5443,ITQ96_CENTERED,101.0,478,431.0,0.9016736401673641,0.09832635983263593,4,0.0,0.0
c7dc5443,ITQ96_CENTERED,202.0,478,432.0,0.9037656903765691,0.09623430962343094,4,0.0,0.0
c7dc5443,ITQ96_CENTERED,303.0,478,431.0,0.9016736401673641,0.09832635983263593,4,0.0,0.0
c7dc5443,ITQ96_CENTERED,404.0,478,424.0,0.8870292887029289,0.11297071129707115,4,0.0,0.0
c7dc5443,ITQ96_CENTERED,505.0,478,428.0,0.895397489539749,0.10460251046025104,4,0.0,0.0
c8090214,SIGN96_CENTERED,,459,459.0,1.0,0.0,1,0.0,0.0
c8090214,ITQ96_CENTERED,101.0,459,427.0,0.9302832244008714,0.06971677559912859,4,0.0,0.0
c8090214,ITQ96_CENTERED,202.0,459,428.0,0.9324618736383442,0.06753812636165579,4,0.0,0.0
c8090214,ITQ96_CENTERED,303.0,459,422.0,0.9193899782135077,0.08061002178649235,5,0.0,0.0
c8090214,ITQ96_CENTERED,404.0,459,419.0,0.9128540305010894,0.08714596949891062,5,0.0,0.0
c8090214,ITQ96_CENTERED,505.0,459,422.0,0.9193899782135077,0.08061002178649235,4,0.0,0.0
c8c3f81d,SIGN96_CENTERED,,487,484.0,0.9938398357289527,0.006160164271047264,3,0.0,0.0
c8c3f81d,ITQ96_CENTERED,101.0,487,440.0,0.9034907597535934,0.09650924024640661,4,0.0,0.0
c8c3f81d,ITQ96_CENTERED,202.0,487,436.0,0.8952772073921971,0.10472279260780293,4,0.0,0.0
c8c3f81d,ITQ96_CENTERED,303.0,487,446.0,0.9158110882956879,0.08418891170431209,4,0.0,0.0
c8c3f81d,ITQ96_CENTERED,404.0,487,443.0,0.9096509240246407,0.09034907597535935,4,0.0,0.0
c8c3f81d,ITQ96_CENTERED,505.0,487,442.0,0.9075975359342916,0.0924024640657084,3,0.0,0.0
c8f1aeed,SIGN96_CENTERED,,504,504.0,1.0,0.0,1,0.0,0.0
c8f1aeed,ITQ96_CENTERED,101.0,504,446.0,0.8849206349206349,0.11507936507936511,4,0.0,0.0
c8f1aeed,ITQ96_CENTERED,202.0,504,446.0,0.8849206349206349,0.11507936507936511,4,1.0,0.001984126984126984
c8f1aeed,ITQ96_CENTERED,303.0,504,446.0,0.8849206349206349,0.11507936507936511,4,0.0,0.0
c8f1aeed,ITQ96_CENTERED,404.0,504,449.0,0.8908730158730159,0.10912698412698407,4,0.0,0.0
c8f1aeed,ITQ96_CENTERED,505.0,504,443.0,0.878968253968254,0.12103174603174605,4,0.0,0.0
c960da58,SIGN96_CENTERED,,504,499.0,0.9900793650793651,0.009920634920634885,2,0.0,0.0
c960da58,ITQ96_CENTERED,101.0,504,441.0,0.875,0.125,5,0.0,0.0
c960da58,ITQ96_CENTERED,202.0,504,443.0,0.878968253968254,0.12103174603174605,6,0.0,0.0
c960da58,ITQ96_CENTERED,303.0,504,444.0,0.8809523809523809,0.11904761904761907,5,0.0,0.0
c960da58,ITQ96_CENTERED,404.0,504,446.0,0.8849206349206349,0.11507936507936511,5,0.0,0.0
c960da58,ITQ96_CENTERED,505.0,504,438.0,0.8690476190476191,0.13095238095238093,5,0.0,0.0
c9f37c46,SIGN96_CENTERED,,511,508.0,0.9941291585127201,0.005870841487279899,2,0.0,0.0
c9f37c46,ITQ96_CENTERED,101.0,511,456.0,0.8923679060665362,0.10763209393346385,6,0.0,0.0
c9f37c46,ITQ96_CENTERED,202.0,511,460.0,0.9001956947162426,0.09980430528375739,5,0.0,0.0
c9f37c46,ITQ96_CENTERED,303.0,511,451.0,0.8825831702544031,0.11741682974559686,6,0.0,0.0
c9f37c46,ITQ96_CENTERED,404.0,511,452.0,0.8845401174168297,0.1154598825831703,6,0.0,0.0
c9f37c46,ITQ96_CENTERED,505.0,511,457.0,0.8943248532289628,0.10567514677103718,6,0.0,0.0
caf03d32,SIGN96_CENTERED,,493,491.0,0.9959432048681541,0.0040567951318458695,2,0.0,0.0
caf03d32,ITQ96_CENTERED,101.0,493,441.0,0.8945233265720081,0.10547667342799194,6,0.0,0.0
caf03d32,ITQ96_CENTERED,202.0,493,444.0,0.9006085192697769,0.09939148073022308,6,0.0,0.0
caf03d32,ITQ96_CENTERED,303.0,493,443.0,0.8985801217038539,0.10141987829614607,6,0.0,0.0
caf03d32,ITQ96_CENTERED,404.0,493,441.0,0.8945233265720081,0.10547667342799194,5,0.0,0.0
caf03d32,ITQ96_CENTERED,505.0,493,450.0,0.9127789046653144,0.08722109533468558,6,0.0,0.0
caf9ead2,SIGN96_CENTERED,,466,465.0,0.9978540772532188,0.0021459227467811592,2,0.0,0.0
caf9ead2,ITQ96_CENTERED,101.0,466,430.0,0.9227467811158798,0.07725321888412018,4,0.0,0.0
caf9ead2,ITQ96_CENTERED,202.0,466,438.0,0.9399141630901288,0.06008583690987124,4,0.0,0.0
caf9ead2,ITQ96_CENTERED,303.0,466,442.0,0.9484978540772532,0.05150214592274682,4,0.0,0.0
caf9ead2,ITQ96_CENTERED,404.0,466,442.0,0.9484978540772532,0.05150214592274682,4,0.0,0.0
caf9ead2,ITQ96_CENTERED,505.0,466,432.0,0.927038626609442,0.07296137339055797,3,0.0,0.0
cc06de0d,SIGN96_CENTERED,,462,462.0,1.0,0.0,1,0.0,0.0
cc06de0d,ITQ96_CENTERED,101.0,462,418.0,0.9047619047619048,0.09523809523809523,6,0.0,0.0
cc06de0d,ITQ96_CENTERED,202.0,462,419.0,0.9069264069264069,0.09307359307359309,5,0.0,0.0
cc06de0d,ITQ96_CENTERED,303.0,462,420.0,0.9090909090909091,0.09090909090909094,5,0.0,0.0
cc06de0d,ITQ96_CENTERED,404.0,462,419.0,0.9069264069264069,0.09307359307359309,5,0.0,0.0
cc06de0d,ITQ96_CENTERED,505.0,462,420.0,0.9090909090909091,0.09090909090909094,5,0.0,0.0
cc539528,SIGN96_CENTERED,,496,496.0,1.0,0.0,1,0.0,0.0
cc539528,ITQ96_CENTERED,101.0,496,438.0,0.8830645161290323,0.11693548387096775,6,0.0,0.0
cc539528,ITQ96_CENTERED,202.0,496,435.0,0.8770161290322581,0.12298387096774188,4,0.0,0.0
cc539528,ITQ96_CENTERED,303.0,496,435.0,0.8770161290322581,0.12298387096774188,5,0.0,0.0
cc539528,ITQ96_CENTERED,404.0,496,445.0,0.8971774193548387,0.10282258064516125,4,0.0,0.0
cc539528,ITQ96_CENTERED,505.0,496,446.0,0.8991935483870968,0.10080645161290325,5,1.0,0.0020161290322580645
cc5ded98,SIGN96_CENTERED,,493,492.0,0.9979716024340771,0.0020283975659228792,2,0.0,0.0
cc5ded98,ITQ96_CENTERED,101.0,493,456.0,0.9249492900608519,0.07505070993914809,3,0.0,0.0
cc5ded98,ITQ96_CENTERED,202.0,493,454.0,0.920892494929006,0.07910750507099396,3,0.0,0.0
cc5ded98,ITQ96_CENTERED,303.0,493,451.0,0.9148073022312373,0.0851926977687627,3,0.0,0.0
cc5ded98,ITQ96_CENTERED,404.0,493,450.0,0.9127789046653144,0.08722109533468558,3,0.0,0.0
cc5ded98,ITQ96_CENTERED,505.0,493,457.0,0.9269776876267748,0.0730223123732252,3,0.0,0.0
cc6d1ec1,SIGN96_CENTERED,,457,456.0,0.9978118161925602,0.002188183807439792,2,0.0,0.0
cc6d1ec1,ITQ96_CENTERED,101.0,457,424.0,0.9277899343544858,0.07221006564551424,4,0.0,0.0
cc6d1ec1,ITQ96_CENTERED,202.0,457,424.0,0.9277899343544858,0.07221006564551424,4,0.0,0.0
cc6d1ec1,ITQ96_CENTERED,303.0,457,422.0,0.9234135667396062,0.07658643326039383,4,0.0,0.0
cc6d1ec1,ITQ96_CENTERED,404.0,457,421.0,0.9212253829321663,0.07877461706783373,3,0.0,0.0
cc6d1ec1,ITQ96_CENTERED,505.0,457,417.0,0.912472647702407,0.08752735229759301,4,0.0,0.0
ccb36322,SIGN96_CENTERED,,471,471.0,1.0,0.0,1,0.0,0.0
ccb36322,ITQ96_CENTERED,101.0,471,424.0,0.9002123142250531,0.0997876857749469,4,0.0,0.0
ccb36322,ITQ96_CENTERED,202.0,471,427.0,0.9065817409766455,0.09341825902335454,3,0.0,0.0
ccb36322,ITQ96_CENTERED,303.0,471,442.0,0.9384288747346072,0.06157112526539277,3,0.0,0.0
ccb36322,ITQ96_CENTERED,404.0,471,437.0,0.9278131634819533,0.0721868365180467,3,0.0,0.0
ccb36322,ITQ96_CENTERED,505.0,471,429.0,0.910828025477707,0.08917197452229297,3,0.0,0.0
ce6d2d27,SIGN96_CENTERED,,521,517.0,0.9923224568138196,0.007677543186180413,5,0.0,0.0
ce6d2d27,ITQ96_CENTERED,101.0,521,462.0,0.8867562380038387,0.11324376199616126,6,0.0,0.0
ce6d2d27,ITQ96_CENTERED,202.0,521,463.0,0.8886756238003839,0.1113243761996161,5,0.0,0.0
ce6d2d27,ITQ96_CENTERED,303.0,521,456.0,0.8752399232245681,0.12476007677543188,5,0.0,0.0
ce6d2d27,ITQ96_CENTERED,404.0,521,467.0,0.8963531669865643,0.10364683301343569,5,0.0,0.0
ce6d2d27,ITQ96_CENTERED,505.0,521,467.0,0.8963531669865643,0.10364683301343569,5,0.0,0.0
ceb54acb,SIGN96_CENTERED,,493,493.0,1.0,0.0,1,0.0,0.0
ceb54acb,ITQ96_CENTERED,101.0,493,439.0,0.8904665314401623,0.1095334685598377,5,0.0,0.0
ceb54acb,ITQ96_CENTERED,202.0,493,444.0,0.9006085192697769,0.09939148073022308,4,0.0,0.0
ceb54acb,ITQ96_CENTERED,303.0,493,445.0,0.9026369168356998,0.0973630831643002,5,0.0,0.0
ceb54acb,ITQ96_CENTERED,404.0,493,441.0,0.8945233265720081,0.10547667342799194,4,0.0,0.0
ceb54acb,ITQ96_CENTERED,505.0,493,443.0,0.8985801217038539,0.10141987829614607,4,0.0,0.0
cf22b7bf,SIGN96_CENTERED,,550,546.0,0.9927272727272727,0.0072727272727273196,2,0.0,0.0
cf22b7bf,ITQ96_CENTERED,101.0,550,458.0,0.8327272727272728,0.16727272727272724,5,0.0,0.0
cf22b7bf,ITQ96_CENTERED,202.0,550,470.0,0.8545454545454545,0.1454545454545455,5,0.0,0.0
cf22b7bf,ITQ96_CENTERED,303.0,550,466.0,0.8472727272727273,0.1527272727272727,6,0.0,0.0
cf22b7bf,ITQ96_CENTERED,404.0,550,461.0,0.8381818181818181,0.16181818181818186,6,0.0,0.0
cf22b7bf,ITQ96_CENTERED,505.0,550,457.0,0.8309090909090909,0.16909090909090907,6,0.0,0.0
d01c6aa8,SIGN96_CENTERED,,429,428.0,0.9976689976689976,0.002331002331002363,2,0.0,0.0
d01c6aa8,ITQ96_CENTERED,101.0,429,398.0,0.9277389277389277,0.07226107226107226,4,0.0,0.0
d01c6aa8,ITQ96_CENTERED,202.0,429,397.0,0.9254079254079254,0.07459207459207462,6,0.0,0.0
d01c6aa8,ITQ96_CENTERED,303.0,429,397.0,0.9254079254079254,0.07459207459207462,4,0.0,0.0
d01c6aa8,ITQ96_CENTERED,404.0,429,398.0,0.9277389277389277,0.07226107226107226,3,0.0,0.0
d01c6aa8,ITQ96_CENTERED,505.0,429,401.0,0.9347319347319347,0.06526806526806528,3,0.0,0.0
d23cf73b,SIGN96_CENTERED,,512,512.0,1.0,0.0,1,0.0,0.0
d23cf73b,ITQ96_CENTERED,101.0,512,451.0,0.880859375,0.119140625,5,0.0,0.0
d23cf73b,ITQ96_CENTERED,202.0,512,460.0,0.8984375,0.1015625,5,0.0,0.0
d23cf73b,ITQ96_CENTERED,303.0,512,455.0,0.888671875,0.111328125,4,0.0,0.0
d23cf73b,ITQ96_CENTERED,404.0,512,451.0,0.880859375,0.119140625,6,0.0,0.0
d23cf73b,ITQ96_CENTERED,505.0,512,451.0,0.880859375,0.119140625,5,0.0,0.0
d24813b1,SIGN96_CENTERED,,485,483.0,0.9958762886597938,0.004123711340206171,2,0.0,0.0
d24813b1,ITQ96_CENTERED,101.0,485,440.0,0.9072164948453608,0.09278350515463918,5,0.0,0.0
d24813b1,ITQ96_CENTERED,202.0,485,438.0,0.9030927835051547,0.09690721649484535,7,0.0,0.0
d24813b1,ITQ96_CENTERED,303.0,485,438.0,0.9030927835051547,0.09690721649484535,4,0.0,0.0
d24813b1,ITQ96_CENTERED,404.0,485,430.0,0.8865979381443299,0.11340206185567014,6,0.0,0.0
d24813b1,ITQ96_CENTERED,505.0,485,441.0,0.9092783505154639,0.0907216494845361,5,0.0,0.0
d3ab962e,SIGN96_CENTERED,,530,530.0,1.0,0.0,1,0.0,0.0
d3ab962e,ITQ96_CENTERED,101.0,530,477.0,0.9,0.09999999999999998,6,0.0,0.0
d3ab962e,ITQ96_CENTERED,202.0,530,469.0,0.8849056603773585,0.11509433962264148,6,0.0,0.0
d3ab962e,ITQ96_CENTERED,303.0,530,465.0,0.8773584905660378,0.12264150943396224,5,0.0,0.0
d3ab962e,ITQ96_CENTERED,404.0,530,468.0,0.8830188679245283,0.11698113207547167,4,0.0,0.0
d3ab962e,ITQ96_CENTERED,505.0,530,480.0,0.9056603773584906,0.09433962264150941,5,0.0,0.0
d52b4f67,SIGN96_CENTERED,,479,479.0,1.0,0.0,1,0.0,0.0
d52b4f67,ITQ96_CENTERED,101.0,479,424.0,0.8851774530271399,0.1148225469728601,4,0.0,0.0
d52b4f67,ITQ96_CENTERED,202.0,479,431.0,0.8997912317327766,0.10020876826722336,4,0.0,0.0
d52b4f67,ITQ96_CENTERED,303.0,479,435.0,0.9081419624217119,0.09185803757828814,4,0.0,0.0
d52b4f67,ITQ96_CENTERED,404.0,479,427.0,0.8914405010438413,0.10855949895615868,4,0.0,0.0
d52b4f67,ITQ96_CENTERED,505.0,479,430.0,0.8977035490605428,0.10229645093945716,4,0.0,0.0
d596882b,SIGN96_CENTERED,,474,473.0,0.9978902953586498,0.002109704641350185,2,0.0,0.0
d596882b,ITQ96_CENTERED,101.0,474,436.0,0.919831223628692,0.08016877637130804,5,0.0,0.0
d596882b,ITQ96_CENTERED,202.0,474,451.0,0.9514767932489452,0.048523206751054815,3,0.0,0.0
d596882b,ITQ96_CENTERED,303.0,474,446.0,0.9409282700421941,0.05907172995780585,3,0.0,0.0
d596882b,ITQ96_CENTERED,404.0,474,448.0,0.9451476793248945,0.05485232067510548,3,0.0,0.0
d596882b,ITQ96_CENTERED,505.0,474,447.0,0.9430379746835443,0.05696202531645567,3,0.0,0.0
d6062bb9,SIGN96_CENTERED,,532,532.0,1.0,0.0,1,0.0,0.0
d6062bb9,ITQ96_CENTERED,101.0,532,483.0,0.9078947368421053,0.09210526315789469,7,0.0,0.0
d6062bb9,ITQ96_CENTERED,202.0,532,488.0,0.9172932330827067,0.08270676691729328,6,0.0,0.0
d6062bb9,ITQ96_CENTERED,303.0,532,484.0,0.9097744360902256,0.09022556390977443,7,0.0,0.0
d6062bb9,ITQ96_CENTERED,404.0,532,486.0,0.9135338345864662,0.0864661654135338,6,0.0,0.0
d6062bb9,ITQ96_CENTERED,505.0,532,487.0,0.9154135338345865,0.08458646616541354,6,0.0,0.0
d6233ab6,SIGN96_CENTERED,,437,432.0,0.988558352402746,0.011441647597253968,2,0.0,0.0
d6233ab6,ITQ96_CENTERED,101.0,437,393.0,0.8993135011441648,0.10068649885583525,5,0.0,0.0
d6233ab6,ITQ96_CENTERED,202.0,437,389.0,0.8901601830663616,0.10983981693363842,5,0.0,0.0
d6233ab6,ITQ96_CENTERED,303.0,437,398.0,0.9107551487414187,0.08924485125858128,4,0.0,0.0
d6233ab6,ITQ96_CENTERED,404.0,437,384.0,0.8787185354691075,0.1212814645308925,5,0.0,0.0
d6233ab6,ITQ96_CENTERED,505.0,437,391.0,0.8947368421052632,0.10526315789473684,4,0.0,0.0
d682f1a2,SIGN96_CENTERED,,469,467.0,0.9957356076759062,0.004264392324093813,3,0.0,0.0
d682f1a2,ITQ96_CENTERED,101.0,469,427.0,0.9104477611940298,0.08955223880597019,4,0.0,0.0
d682f1a2,ITQ96_CENTERED,202.0,469,422.0,0.8997867803837953,0.10021321961620466,4,0.0,0.0
d682f1a2,ITQ96_CENTERED,303.0,469,432.0,0.9211087420042644,0.0788912579957356,4,0.0,0.0
d682f1a2,ITQ96_CENTERED,404.0,469,428.0,0.9125799573560768,0.08742004264392322,4,0.0,0.0
d682f1a2,ITQ96_CENTERED,505.0,469,430.0,0.9168443496801706,0.08315565031982941,4,0.0,0.0
d7c942c3,SIGN96_CENTERED,,520,517.0,0.9942307692307693,0.005769230769230749,3,0.0,0.0
d7c942c3,ITQ96_CENTERED,101.0,520,452.0,0.8692307692307693,0.13076923076923075,6,0.0,0.0
d7c942c3,ITQ96_CENTERED,202.0,520,447.0,0.8596153846153847,0.14038461538461533,6,0.0,0.0
d7c942c3,ITQ96_CENTERED,303.0,520,450.0,0.8653846153846154,0.13461538461538458,6,0.0,0.0
d7c942c3,ITQ96_CENTERED,404.0,520,447.0,0.8596153846153847,0.14038461538461533,6,0.0,0.0
d7c942c3,ITQ96_CENTERED,505.0,520,455.0,0.875,0.125,6,0.0,0.0
d851d5ba,SIGN96_CENTERED,,533,529.0,0.9924953095684803,0.007504690431519689,3,0.0,0.0
d851d5ba,ITQ96_CENTERED,101.0,533,465.0,0.8724202626641651,0.12757973733583494,11,0.0,0.0
d851d5ba,ITQ96_CENTERED,202.0,533,461.0,0.8649155722326454,0.13508442776735463,9,0.0,0.0
d851d5ba,ITQ96_CENTERED,303.0,533,466.0,0.874296435272045,0.12570356472795496,8,0.0,0.0
d851d5ba,ITQ96_CENTERED,404.0,533,470.0,0.8818011257035647,0.11819887429643527,6,0.0,0.0
d851d5ba,ITQ96_CENTERED,505.0,533,465.0,0.8724202626641651,0.12757973733583494,6,0.0,0.0
d905b33f,SIGN96_CENTERED,,504,501.0,0.9940476190476191,0.005952380952380931,3,0.0,0.0
d905b33f,ITQ96_CENTERED,101.0,504,445.0,0.8829365079365079,0.11706349206349209,5,0.0,0.0
d905b33f,ITQ96_CENTERED,202.0,504,447.0,0.8869047619047619,0.11309523809523814,5,0.0,0.0
d905b33f,ITQ96_CENTERED,303.0,504,456.0,0.9047619047619048,0.09523809523809523,5,0.0,0.0
d905b33f,ITQ96_CENTERED,404.0,504,446.0,0.8849206349206349,0.11507936507936511,6,0.0,0.0
d905b33f,ITQ96_CENTERED,505.0,504,450.0,0.8928571428571429,0.1071428571428571,4,0.0,0.0
dad224aa,SIGN96_CENTERED,,521,521.0,1.0,0.0,1,0.0,0.0
dad224aa,ITQ96_CENTERED,101.0,521,479.0,0.9193857965451055,0.08061420345489445,6,0.0,0.0
dad224aa,ITQ96_CENTERED,202.0,521,473.0,0.9078694817658349,0.09213051823416507,4,0.0,0.0
dad224aa,ITQ96_CENTERED,303.0,521,470.0,0.9021113243761996,0.09788867562380044,6,0.0,0.0
dad224aa,ITQ96_CENTERED,404.0,521,475.0,0.9117082533589251,0.08829174664107486,5,0.0,0.0
dad224aa,ITQ96_CENTERED,505.0,521,477.0,0.9155470249520153,0.08445297504798466,6,0.0,0.0
db467c8c,SIGN96_CENTERED,,475,473.0,0.9957894736842106,0.004210526315789442,2,0.0,0.0
db467c8c,ITQ96_CENTERED,101.0,475,428.0,0.9010526315789473,0.09894736842105267,6,0.0,0.0
db467c8c,ITQ96_CENTERED,202.0,475,428.0,0.9010526315789473,0.09894736842105267,6,0.0,0.0
db467c8c,ITQ96_CENTERED,303.0,475,432.0,0.9094736842105263,0.09052631578947368,7,0.0,0.0
db467c8c,ITQ96_CENTERED,404.0,475,426.0,0.8968421052631579,0.10315789473684212,7,0.0,0.0
db467c8c,ITQ96_CENTERED,505.0,475,426.0,0.8968421052631579,0.10315789473684212,5,0.0,0.0
dc439ea3,SIGN96_CENTERED,,476,476.0,1.0,0.0,1,0.0,0.0
dc439ea3,ITQ96_CENTERED,101.0,476,430.0,0.9033613445378151,0.09663865546218486,4,0.0,0.0
dc439ea3,ITQ96_CENTERED,202.0,476,432.0,0.907563025210084,0.09243697478991597,4,0.0,0.0
dc439ea3,ITQ96_CENTERED,303.0,476,438.0,0.9201680672268907,0.0798319327731093,4,0.0,0.0
dc439ea3,ITQ96_CENTERED,404.0,476,437.0,0.9180672268907563,0.08193277310924374,4,0.0,0.0
dc439ea3,ITQ96_CENTERED,505.0,476,442.0,0.9285714285714286,0.0714285714285714,4,0.0,0.0
dccbc061,SIGN96_CENTERED,,505,503.0,0.996039603960396,0.003960396039603964,3,0.0,0.0
dccbc061,ITQ96_CENTERED,101.0,505,459.0,0.9089108910891089,0.09108910891089106,6,0.0,0.0
dccbc061,ITQ96_CENTERED,202.0,505,460.0,0.9108910891089109,0.08910891089108908,5,0.0,0.0
dccbc061,ITQ96_CENTERED,303.0,505,463.0,0.9168316831683169,0.08316831683168313,5,0.0,0.0
dccbc061,ITQ96_CENTERED,404.0,505,460.0,0.9108910891089109,0.08910891089108908,6,0.0,0.0
dccbc061,ITQ96_CENTERED,505.0,505,456.0,0.902970297029703,0.097029702970297,6,0.0,0.0
dcfa8644,SIGN96_CENTERED,,470,469.0,0.997872340425532,0.0021276595744680327,2,0.0,0.0
dcfa8644,ITQ96_CENTERED,101.0,470,426.0,0.9063829787234042,0.09361702127659577,4,0.0,0.0
dcfa8644,ITQ96_CENTERED,202.0,470,433.0,0.9212765957446809,0.0787234042553191,5,0.0,0.0
dcfa8644,ITQ96_CENTERED,303.0,470,431.0,0.9170212765957447,0.08297872340425527,4,0.0,0.0
dcfa8644,ITQ96_CENTERED,404.0,470,424.0,0.902127659574468,0.09787234042553195,5,0.0,0.0
dcfa8644,ITQ96_CENTERED,505.0,470,429.0,0.9127659574468086,0.08723404255319145,4,0.0,0.0
dd2973ad,SIGN96_CENTERED,,516,516.0,1.0,0.0,1,0.0,0.0
dd2973ad,ITQ96_CENTERED,101.0,516,463.0,0.8972868217054264,0.1027131782945736,5,0.0,0.0
dd2973ad,ITQ96_CENTERED,202.0,516,462.0,0.8953488372093024,0.10465116279069764,4,0.0,0.0
dd2973ad,ITQ96_CENTERED,303.0,516,455.0,0.8817829457364341,0.11821705426356588,4,0.0,0.0
dd2973ad,ITQ96_CENTERED,404.0,516,456.0,0.8837209302325582,0.11627906976744184,6,0.0,0.0
dd2973ad,ITQ96_CENTERED,505.0,516,454.0,0.8798449612403101,0.12015503875968991,6,0.0,0.0
dfde3500,SIGN96_CENTERED,,480,480.0,1.0,0.0,1,0.0,0.0
dfde3500,ITQ96_CENTERED,101.0,480,436.0,0.9083333333333333,0.09166666666666667,4,0.0,0.0
dfde3500,ITQ96_CENTERED,202.0,480,436.0,0.9083333333333333,0.09166666666666667,5,0.0,0.0
dfde3500,ITQ96_CENTERED,303.0,480,438.0,0.9125,0.08750000000000002,5,0.0,0.0
dfde3500,ITQ96_CENTERED,404.0,480,442.0,0.9208333333333333,0.07916666666666672,4,0.0,0.0
dfde3500,ITQ96_CENTERED,505.0,480,439.0,0.9145833333333333,0.0854166666666667,4,0.0,0.0
e01b8e2f,SIGN96_CENTERED,,523,523.0,1.0,0.0,1,0.0,0.0
e01b8e2f,ITQ96_CENTERED,101.0,523,482.0,0.9216061185468452,0.07839388145315485,5,0.0,0.0
e01b8e2f,ITQ96_CENTERED,202.0,523,475.0,0.9082217973231358,0.0917782026768642,5,0.0,0.0
e01b8e2f,ITQ96_CENTERED,303.0,523,472.0,0.9024856596558317,0.09751434034416828,5,0.0,0.0
e01b8e2f,ITQ96_CENTERED,404.0,523,476.0,0.9101338432122371,0.08986615678776289,5,0.0,0.0
e01b8e2f,ITQ96_CENTERED,505.0,523,477.0,0.9120458891013384,0.08795411089866156,5,0.0,0.0
e25c3b8d,SIGN96_CENTERED,,530,527.0,0.9943396226415094,0.005660377358490565,2,0.0,0.0
e25c3b8d,ITQ96_CENTERED,101.0,530,468.0,0.8830188679245283,0.11698113207547167,5,0.0,0.0
e25c3b8d,ITQ96_CENTERED,202.0,530,467.0,0.8811320754716981,0.11886792452830186,5,0.0,0.0
e25c3b8d,ITQ96_CENTERED,303.0,530,472.0,0.8905660377358491,0.10943396226415092,4,0.0,0.0
e25c3b8d,ITQ96_CENTERED,404.0,530,472.0,0.8905660377358491,0.10943396226415092,4,0.0,0.0
e25c3b8d,ITQ96_CENTERED,505.0,530,477.0,0.9,0.09999999999999998,4,0.0,0.0
e3038f8c,SIGN96_CENTERED,,458,456.0,0.9956331877729258,0.004366812227074246,2,0.0,0.0
e3038f8c,ITQ96_CENTERED,101.0,458,427.0,0.9323144104803494,0.06768558951965065,4,0.0,0.0
e3038f8c,ITQ96_CENTERED,202.0,458,415.0,0.9061135371179039,0.09388646288209612,4,0.0,0.0
e3038f8c,ITQ96_CENTERED,303.0,458,415.0,0.9061135371179039,0.09388646288209612,4,0.0,0.0
e3038f8c,ITQ96_CENTERED,404.0,458,428.0,0.9344978165938864,0.06550218340611358,4,0.0,0.0
e3038f8c,ITQ96_CENTERED,505.0,458,429.0,0.9366812227074236,0.0633187772925764,4,0.0,0.0
e3fc4d6e,SIGN96_CENTERED,,519,517.0,0.9961464354527938,0.003853564547206201,2,0.0,0.0
e3fc4d6e,ITQ96_CENTERED,101.0,519,461.0,0.8882466281310212,0.11175337186897882,4,0.0,0.0
e3fc4d6e,ITQ96_CENTERED,202.0,519,456.0,0.8786127167630058,0.12138728323699421,4,0.0,0.0
e3fc4d6e,ITQ96_CENTERED,303.0,519,455.0,0.8766859344894027,0.12331406551059731,4,0.0,0.0
e3fc4d6e,ITQ96_CENTERED,404.0,519,459.0,0.884393063583815,0.11560693641618502,4,0.0,0.0
e3fc4d6e,ITQ96_CENTERED,505.0,519,451.0,0.8689788053949904,0.1310211946050096,4,0.0,0.0
e47becba,SIGN96_CENTERED,,550,548.0,0.9963636363636363,0.0036363636363636598,3,0.0,0.0
e47becba,ITQ96_CENTERED,101.0,550,500.0,0.9090909090909091,0.09090909090909094,5,0.0,0.0
e47becba,ITQ96_CENTERED,202.0,550,486.0,0.8836363636363637,0.11636363636363634,6,0.0,0.0
e47becba,ITQ96_CENTERED,303.0,550,491.0,0.8927272727272727,0.1072727272727273,4,0.0,0.0
e47becba,ITQ96_CENTERED,404.0,550,491.0,0.8927272727272727,0.1072727272727273,4,0.0,0.0
e47becba,ITQ96_CENTERED,505.0,550,494.0,0.8981818181818182,0.10181818181818181,4,0.0,0.0
e48988bc,SIGN96_CENTERED,,530,527.0,0.9943396226415094,0.005660377358490565,2,0.0,0.0
e48988bc,ITQ96_CENTERED,101.0,530,478.0,0.9018867924528302,0.09811320754716979,4,0.0,0.0
e48988bc,ITQ96_CENTERED,202.0,530,474.0,0.8943396226415095,0.10566037735849054,6,0.0,0.0
e48988bc,ITQ96_CENTERED,303.0,530,481.0,0.9075471698113208,0.09245283018867922,5,0.0,0.0
e48988bc,ITQ96_CENTERED,404.0,530,475.0,0.8962264150943396,0.10377358490566035,5,0.0,0.0
e48988bc,ITQ96_CENTERED,505.0,530,482.0,0.909433962264151,0.09056603773584904,4,0.0,0.0
e493bb7c,SIGN96_CENTERED,,506,506.0,1.0,0.0,1,0.0,0.0
e493bb7c,ITQ96_CENTERED,101.0,506,456.0,0.9011857707509882,0.09881422924901184,4,0.0,0.0
e493bb7c,ITQ96_CENTERED,202.0,506,452.0,0.8932806324110671,0.10671936758893286,4,0.0,0.0
e493bb7c,ITQ96_CENTERED,303.0,506,444.0,0.8774703557312253,0.12252964426877466,4,0.0,0.0
e493bb7c,ITQ96_CENTERED,404.0,506,452.0,0.8932806324110671,0.10671936758893286,4,0.0,0.0
e493bb7c,ITQ96_CENTERED,505.0,506,465.0,0.9189723320158103,0.0810276679841897,3,0.0,0.0
e4e14d04,SIGN96_CENTERED,,461,460.0,0.9978308026030369,0.002169197396963085,2,0.0,0.0
e4e14d04,ITQ96_CENTERED,101.0,461,425.0,0.9219088937093276,0.0780911062906724,4,0.0,0.0
e4e14d04,ITQ96_CENTERED,202.0,461,419.0,0.9088937093275488,0.09110629067245124,4,0.0,0.0
e4e14d04,ITQ96_CENTERED,303.0,461,413.0,0.89587852494577,0.10412147505422997,4,0.0,0.0
e4e14d04,ITQ96_CENTERED,404.0,461,414.0,0.8980477223427332,0.10195227765726678,4,0.0,0.0
e4e14d04,ITQ96_CENTERED,505.0,461,412.0,0.8937093275488069,0.10629067245119306,4,0.0,0.0
e56a43b9,SIGN96_CENTERED,,448,448.0,1.0,0.0,1,0.0,0.0
e56a43b9,ITQ96_CENTERED,101.0,448,400.0,0.8928571428571429,0.1071428571428571,6,0.0,0.0
e56a43b9,ITQ96_CENTERED,202.0,448,406.0,0.90625,0.09375,7,0.0,0.0
e56a43b9,ITQ96_CENTERED,303.0,448,403.0,0.8995535714285714,0.1004464285714286,7,0.0,0.0
e56a43b9,ITQ96_CENTERED,404.0,448,402.0,0.8973214285714286,0.1026785714285714,8,0.0,0.0
e56a43b9,ITQ96_CENTERED,505.0,448,407.0,0.9084821428571429,0.0915178571428571,8,0.0,0.0
e6041065,SIGN96_CENTERED,,493,486.0,0.9858012170385395,0.014198782961460488,5,0.0,0.0
e6041065,ITQ96_CENTERED,101.0,493,456.0,0.9249492900608519,0.07505070993914809,5,0.0,0.0
e6041065,ITQ96_CENTERED,202.0,493,454.0,0.920892494929006,0.07910750507099396,5,0.0,0.0
e6041065,ITQ96_CENTERED,303.0,493,454.0,0.920892494929006,0.07910750507099396,5,0.0,0.0
e6041065,ITQ96_CENTERED,404.0,493,452.0,0.9168356997971603,0.08316430020283971,5,0.0,0.0
e6041065,ITQ96_CENTERED,505.0,493,450.0,0.9127789046653144,0.08722109533468558,5,0.0,0.0
e61a7584,SIGN96_CENTERED,,496,494.0,0.9959677419354839,0.0040322580645161255,3,0.0,0.0
e61a7584,ITQ96_CENTERED,101.0,496,450.0,0.907258064516129,0.092741935483871,5,0.0,0.0
e61a7584,ITQ96_CENTERED,202.0,496,441.0,0.8891129032258065,0.1108870967741935,5,0.0,0.0
e61a7584,ITQ96_CENTERED,303.0,496,449.0,0.905241935483871,0.094758064516129,6,0.0,0.0
e61a7584,ITQ96_CENTERED,404.0,496,446.0,0.8991935483870968,0.10080645161290325,5,0.0,0.0
e61a7584,ITQ96_CENTERED,505.0,496,444.0,0.8951612903225806,0.10483870967741937,5,0.0,0.0
e66b632c,SIGN96_CENTERED,,506,505.0,0.9980237154150198,0.0019762845849802257,2,0.0,0.0
e66b632c,ITQ96_CENTERED,101.0,506,451.0,0.8913043478260869,0.10869565217391308,4,0.0,0.0
e66b632c,ITQ96_CENTERED,202.0,506,457.0,0.9031620553359684,0.09683794466403162,4,0.0,0.0
e66b632c,ITQ96_CENTERED,303.0,506,448.0,0.8853754940711462,0.11462450592885376,5,0.0,0.0
e66b632c,ITQ96_CENTERED,404.0,506,447.0,0.883399209486166,0.11660079051383399,4,0.0,0.0
e66b632c,ITQ96_CENTERED,505.0,506,452.0,0.8932806324110671,0.10671936758893286,5,0.0,0.0
e831120c,SIGN96_CENTERED,,481,480.0,0.997920997920998,0.0020790020790020236,2,0.0,0.0
e831120c,ITQ96_CENTERED,101.0,481,417.0,0.8669438669438669,0.13305613305613306,4,0.0,0.0
e831120c,ITQ96_CENTERED,202.0,481,416.0,0.8648648648648649,0.1351351351351351,5,0.0,0.0
e831120c,ITQ96_CENTERED,303.0,481,424.0,0.8814968814968815,0.11850311850311845,6,0.0,0.0
e831120c,ITQ96_CENTERED,404.0,481,410.0,0.8523908523908524,0.14760914760914756,5,0.0,0.0
e831120c,ITQ96_CENTERED,505.0,481,408.0,0.8482328482328483,0.15176715176715172,4,0.0,0.0
e8a79c70,SIGN96_CENTERED,,483,482.0,0.9979296066252588,0.0020703933747412417,2,0.0,0.0
e8a79c70,ITQ96_CENTERED,101.0,483,449.0,0.9296066252587992,0.07039337474120078,5,0.0,0.0
e8a79c70,ITQ96_CENTERED,202.0,483,443.0,0.917184265010352,0.082815734989648,5,0.0,0.0
e8a79c70,ITQ96_CENTERED,303.0,483,447.0,0.9254658385093167,0.07453416149068326,5,0.0,0.0
e8a79c70,ITQ96_CENTERED,404.0,483,448.0,0.927536231884058,0.07246376811594202,5,0.0,0.0
e8a79c70,ITQ96_CENTERED,505.0,483,447.0,0.9254658385093167,0.07453416149068326,5,0.0,0.0
e9327a54,SIGN96_CENTERED,,533,533.0,1.0,0.0,1,0.0,0.0
e9327a54,ITQ96_CENTERED,101.0,533,442.0,0.8292682926829268,0.1707317073170732,5,0.0,0.0
e9327a54,ITQ96_CENTERED,202.0,533,453.0,0.849906191369606,0.150093808630394,5,0.0,0.0
e9327a54,ITQ96_CENTERED,303.0,533,459.0,0.8611632270168855,0.13883677298311448,5,0.0,0.0
e9327a54,ITQ96_CENTERED,404.0,533,442.0,0.8292682926829268,0.1707317073170732,5,0.0,0.0
e9327a54,ITQ96_CENTERED,505.0,533,455.0,0.8536585365853658,0.14634146341463417,4,0.0,0.0
e982271f,SIGN96_CENTERED,,589,586.0,0.9949066213921901,0.005093378607809895,3,0.0,0.0
e982271f,ITQ96_CENTERED,101.0,589,511.0,0.8675721561969439,0.13242784380305606,14,1.0,0.001697792869269949
e982271f,ITQ96_CENTERED,202.0,589,514.0,0.8726655348047538,0.12733446519524616,12,0.0,0.0
e982271f,ITQ96_CENTERED,303.0,589,508.0,0.8624787775891342,0.13752122241086584,7,0.0,0.0
e982271f,ITQ96_CENTERED,404.0,589,511.0,0.8675721561969439,0.13242784380305606,10,0.0,0.0
e982271f,ITQ96_CENTERED,505.0,589,506.0,0.8590831918505942,0.14091680814940577,13,0.0,0.0
eac54adc,SIGN96_CENTERED,,464,462.0,0.9956896551724138,0.004310344827586188,3,0.0,0.0
eac54adc,ITQ96_CENTERED,101.0,464,411.0,0.8857758620689655,0.11422413793103448,4,0.0,0.0
eac54adc,ITQ96_CENTERED,202.0,464,421.0,0.9073275862068966,0.09267241379310343,5,0.0,0.0
eac54adc,ITQ96_CENTERED,303.0,464,417.0,0.8987068965517241,0.10129310344827591,5,0.0,0.0
eac54adc,ITQ96_CENTERED,404.0,464,415.0,0.8943965517241379,0.1056034482758621,4,0.0,0.0
eac54adc,ITQ96_CENTERED,505.0,464,418.0,0.9008620689655172,0.09913793103448276,4,0.0,0.0
eac54add,SIGN96_CENTERED,,476,476.0,1.0,0.0,1,0.0,0.0
eac54add,ITQ96_CENTERED,101.0,476,447.0,0.9390756302521008,0.060924369747899165,4,0.0,0.0
eac54add,ITQ96_CENTERED,202.0,476,438.0,0.9201680672268907,0.0798319327731093,4,0.0,0.0
eac54add,ITQ96_CENTERED,303.0,476,445.0,0.9348739495798319,0.06512605042016806,3,0.0,0.0
eac54add,ITQ96_CENTERED,404.0,476,443.0,0.930672268907563,0.06932773109243695,3,0.0,0.0
eac54add,ITQ96_CENTERED,505.0,476,446.0,0.9369747899159664,0.06302521008403361,3,0.0,0.0
eaca4986,SIGN96_CENTERED,,513,509.0,0.9922027290448343,0.007797270955165692,3,0.0,0.0
eaca4986,ITQ96_CENTERED,101.0,513,439.0,0.8557504873294347,0.1442495126705653,5,0.0,0.0
eaca4986,ITQ96_CENTERED,202.0,513,444.0,0.8654970760233918,0.13450292397660824,7,0.0,0.0
eaca4986,ITQ96_CENTERED,303.0,513,454.0,0.884990253411306,0.115009746588694,7,0.0,0.0
eaca4986,ITQ96_CENTERED,404.0,513,445.0,0.8674463937621832,0.13255360623781676,6,0.0,0.0
eaca4986,ITQ96_CENTERED,505.0,513,447.0,0.8713450292397661,0.1286549707602339,7,0.0,0.0
eace081b,SIGN96_CENTERED,,489,488.0,0.9979550102249489,0.002044989775051076,2,0.0,0.0
eace081b,ITQ96_CENTERED,101.0,489,422.0,0.8629856850715747,0.1370143149284253,6,0.0,0.0
eace081b,ITQ96_CENTERED,202.0,489,427.0,0.8732106339468303,0.1267893660531697,6,0.0,0.0
eace081b,ITQ96_CENTERED,303.0,489,428.0,0.8752556237218814,0.12474437627811863,6,0.0,0.0
eace081b,ITQ96_CENTERED,404.0,489,426.0,0.8711656441717791,0.1288343558282209,6,0.0,0.0
eace081b,ITQ96_CENTERED,505.0,489,424.0,0.8670756646216768,0.13292433537832316,6,0.0,0.0
ec81a493,SIGN96_CENTERED,,495,495.0,1.0,0.0,1,0.0,0.0
ec81a493,ITQ96_CENTERED,101.0,495,445.0,0.898989898989899,0.101010101010101,4,0.0,0.0
ec81a493,ITQ96_CENTERED,202.0,495,452.0,0.9131313131313131,0.08686868686868687,5,0.0,0.0
ec81a493,ITQ96_CENTERED,303.0,495,445.0,0.898989898989899,0.101010101010101,7,0.0,0.0
ec81a493,ITQ96_CENTERED,404.0,495,449.0,0.907070707070707,0.09292929292929297,5,0.0,0.0
ec81a493,ITQ96_CENTERED,505.0,495,438.0,0.8848484848484849,0.11515151515151512,5,0.0,0.0
ed4ddc30,SIGN96_CENTERED,,543,540.0,0.994475138121547,0.0055248618784530246,2,0.0,0.0
ed4ddc30,ITQ96_CENTERED,101.0,543,454.0,0.8360957642725598,0.16390423572744017,13,0.0,0.0
ed4ddc30,ITQ96_CENTERED,202.0,543,454.0,0.8360957642725598,0.16390423572744017,10,0.0,0.0
ed4ddc30,ITQ96_CENTERED,303.0,543,456.0,0.8397790055248618,0.16022099447513816,12,0.0,0.0
ed4ddc30,ITQ96_CENTERED,404.0,543,467.0,0.860036832412523,0.13996316758747696,12,0.0,0.0
ed4ddc30,ITQ96_CENTERED,505.0,543,454.0,0.8360957642725598,0.16390423572744017,12,0.0,0.0
edced276,SIGN96_CENTERED,,482,481.0,0.9979253112033195,0.0020746887966804906,2,0.0,0.0
edced276,ITQ96_CENTERED,101.0,482,422.0,0.8755186721991701,0.12448132780082988,5,0.0,0.0
edced276,ITQ96_CENTERED,202.0,482,432.0,0.8962655601659751,0.10373443983402486,5,0.0,0.0
edced276,ITQ96_CENTERED,303.0,482,427.0,0.8858921161825726,0.11410788381742742,4,0.0,0.0
edced276,ITQ96_CENTERED,404.0,482,430.0,0.8921161825726142,0.10788381742738584,5,0.0,0.0
edced276,ITQ96_CENTERED,505.0,482,425.0,0.8817427385892116,0.1182572614107884,5,0.0,0.0
eeda8a6d,SIGN96_CENTERED,,513,509.0,0.9922027290448343,0.007797270955165692,4,0.0,0.0
eeda8a6d,ITQ96_CENTERED,101.0,513,453.0,0.8830409356725146,0.11695906432748537,6,0.0,0.0
eeda8a6d,ITQ96_CENTERED,202.0,513,458.0,0.8927875243664717,0.10721247563352831,6,0.0,0.0
eeda8a6d,ITQ96_CENTERED,303.0,513,455.0,0.8869395711500975,0.11306042884990253,5,0.0,0.0
eeda8a6d,ITQ96_CENTERED,404.0,513,455.0,0.8869395711500975,0.11306042884990253,6,0.0,0.0
eeda8a6d,ITQ96_CENTERED,505.0,513,454.0,0.884990253411306,0.115009746588694,6,0.0,0.0
ef66a6e5,SIGN96_CENTERED,,445,444.0,0.9977528089887641,0.0022471910112359383,2,0.0,0.0
ef66a6e5,ITQ96_CENTERED,101.0,445,408.0,0.9168539325842696,0.08314606741573038,4,0.0,0.0
ef66a6e5,ITQ96_CENTERED,202.0,445,408.0,0.9168539325842696,0.08314606741573038,4,0.0,0.0
ef66a6e5,ITQ96_CENTERED,303.0,445,409.0,0.9191011235955057,0.08089887640449434,4,0.0,0.0
ef66a6e5,ITQ96_CENTERED,404.0,445,406.0,0.9123595505617977,0.08764044943820226,4,0.0,0.0
ef66a6e5,ITQ96_CENTERED,505.0,445,399.0,0.8966292134831461,0.10337078651685394,6,0.0,0.0
ef9cf60a,SIGN96_CENTERED,,522,519.0,0.9942528735632183,0.005747126436781658,3,0.0,0.0
ef9cf60a,ITQ96_CENTERED,101.0,522,456.0,0.8735632183908046,0.12643678160919536,4,0.0,0.0
ef9cf60a,ITQ96_CENTERED,202.0,522,461.0,0.8831417624521073,0.11685823754789271,4,0.0,0.0
ef9cf60a,ITQ96_CENTERED,303.0,522,457.0,0.8754789272030651,0.12452107279693492,7,0.0,0.0
ef9cf60a,ITQ96_CENTERED,404.0,522,455.0,0.8716475095785441,0.1283524904214559,5,0.0,0.0
ef9cf60a,ITQ96_CENTERED,505.0,522,459.0,0.8793103448275862,0.12068965517241381,5,0.0,0.0
efc3f7c2,SIGN96_CENTERED,,497,494.0,0.993963782696177,0.006036217303822977,2,0.0,0.0
efc3f7c2,ITQ96_CENTERED,101.0,497,458.0,0.9215291750503019,0.07847082494969815,4,0.0,0.0
efc3f7c2,ITQ96_CENTERED,202.0,497,452.0,0.9094567404426559,0.0905432595573441,5,0.0,0.0
efc3f7c2,ITQ96_CENTERED,303.0,497,457.0,0.9195171026156942,0.08048289738430581,4,0.0,0.0
efc3f7c2,ITQ96_CENTERED,404.0,497,452.0,0.9094567404426559,0.0905432595573441,5,0.0,0.0
efc3f7c2,ITQ96_CENTERED,505.0,497,448.0,0.9014084507042254,0.09859154929577463,4,0.0,0.0
f0853d11,SIGN96_CENTERED,,500,498.0,0.996,0.0040000000000000036,2,0.0,0.0
f0853d11,ITQ96_CENTERED,101.0,500,457.0,0.914,0.08599999999999997,4,0.0,0.0
f0853d11,ITQ96_CENTERED,202.0,500,453.0,0.906,0.09399999999999997,4,0.0,0.0
f0853d11,ITQ96_CENTERED,303.0,500,457.0,0.914,0.08599999999999997,4,0.0,0.0
f0853d11,ITQ96_CENTERED,404.0,500,462.0,0.924,0.07599999999999996,4,0.0,0.0
f0853d11,ITQ96_CENTERED,505.0,500,458.0,0.916,0.08399999999999996,4,0.0,0.0
f0e564bc,SIGN96_CENTERED,,508,508.0,1.0,0.0,1,0.0,0.0
f0e564bc,ITQ96_CENTERED,101.0,508,460.0,0.905511811023622,0.09448818897637801,5,0.0,0.0
f0e564bc,ITQ96_CENTERED,202.0,508,457.0,0.8996062992125984,0.10039370078740162,5,0.0,0.0
f0e564bc,ITQ96_CENTERED,303.0,508,461.0,0.90748031496063,0.09251968503937003,5,0.0,0.0
f0e564bc,ITQ96_CENTERED,404.0,508,459.0,0.9035433070866141,0.09645669291338588,8,0.0,0.0
f0e564bc,ITQ96_CENTERED,505.0,508,453.0,0.8917322834645669,0.1082677165354331,7,0.0,0.0
f35224e0,SIGN96_CENTERED,,515,513.0,0.996116504854369,0.003883495145631022,2,0.0,0.0
f35224e0,ITQ96_CENTERED,101.0,515,451.0,0.8757281553398059,0.12427184466019414,7,0.0,0.0
f35224e0,ITQ96_CENTERED,202.0,515,448.0,0.8699029126213592,0.13009708737864079,5,0.0,0.0
f35224e0,ITQ96_CENTERED,303.0,515,446.0,0.8660194174757282,0.1339805825242718,5,0.0,0.0
f35224e0,ITQ96_CENTERED,404.0,515,445.0,0.8640776699029126,0.13592233009708743,5,0.0,0.0
f35224e0,ITQ96_CENTERED,505.0,515,446.0,0.8660194174757282,0.1339805825242718,5,0.0,0.0
f4f1d8a4,SIGN96_CENTERED,,585,577.0,0.9863247863247864,0.013675213675213627,4,0.0,0.0
f4f1d8a4,ITQ96_CENTERED,101.0,585,484.0,0.8273504273504273,0.1726495726495727,14,0.0,0.0
f4f1d8a4,ITQ96_CENTERED,202.0,585,480.0,0.8205128205128205,0.17948717948717952,13,0.0,0.0
f4f1d8a4,ITQ96_CENTERED,303.0,585,478.0,0.8170940170940171,0.18290598290598292,14,0.0,0.0
f4f1d8a4,ITQ96_CENTERED,404.0,585,478.0,0.8170940170940171,0.18290598290598292,14,0.0,0.0
f4f1d8a4,ITQ96_CENTERED,505.0,585,485.0,0.8290598290598291,0.1709401709401709,14,0.0,0.0
f523d9fe,SIGN96_CENTERED,,484,483.0,0.9979338842975206,0.0020661157024793875,2,0.0,0.0
f523d9fe,ITQ96_CENTERED,101.0,484,437.0,0.9028925619834711,0.09710743801652888,4,0.0,0.0
f523d9fe,ITQ96_CENTERED,202.0,484,441.0,0.9111570247933884,0.08884297520661155,5,0.0,0.0
f523d9fe,ITQ96_CENTERED,303.0,484,438.0,0.9049586776859504,0.0950413223140496,4,0.0,0.0
f523d9fe,ITQ96_CENTERED,404.0,484,447.0,0.9235537190082644,0.07644628099173556,4,0.0,0.0
f523d9fe,ITQ96_CENTERED,505.0,484,440.0,0.9090909090909091,0.09090909090909094,4,0.0,0.0
f685340e,SIGN96_CENTERED,,424,423.0,0.9976415094339622,0.002358490566037763,2,0.0,0.0
f685340e,ITQ96_CENTERED,101.0,424,393.0,0.9268867924528302,0.07311320754716977,4,0.0,0.0
f685340e,ITQ96_CENTERED,202.0,424,392.0,0.9245283018867925,0.07547169811320753,4,0.0,0.0
f685340e,ITQ96_CENTERED,303.0,424,393.0,0.9268867924528302,0.07311320754716977,3,0.0,0.0
f685340e,ITQ96_CENTERED,404.0,424,394.0,0.9292452830188679,0.07075471698113212,4,0.0,0.0
f685340e,ITQ96_CENTERED,505.0,424,390.0,0.9198113207547169,0.08018867924528306,4,0.0,0.0
f8c5f88b,SIGN96_CENTERED,,487,487.0,1.0,0.0,1,0.0,0.0
f8c5f88b,ITQ96_CENTERED,101.0,487,438.0,0.8993839835728953,0.10061601642710472,7,0.0,0.0
f8c5f88b,ITQ96_CENTERED,202.0,487,442.0,0.9075975359342916,0.0924024640657084,5,0.0,0.0
f8c5f88b,ITQ96_CENTERED,303.0,487,441.0,0.9055441478439425,0.09445585215605745,4,0.0,0.0
f8c5f88b,ITQ96_CENTERED,404.0,487,439.0,0.9014373716632443,0.09856262833675566,8,0.0,0.0
f8c5f88b,ITQ96_CENTERED,505.0,487,430.0,0.8829568788501027,0.11704312114989734,8,0.0,0.0
f9e8c073,SIGN96_CENTERED,,504,504.0,1.0,0.0,1,0.0,0.0
f9e8c073,ITQ96_CENTERED,101.0,504,436.0,0.8650793650793651,0.13492063492063489,6,0.0,0.0
f9e8c073,ITQ96_CENTERED,202.0,504,438.0,0.8690476190476191,0.13095238095238093,6,0.0,0.0
f9e8c073,ITQ96_CENTERED,303.0,504,440.0,0.873015873015873,0.12698412698412698,5,0.0,0.0
f9e8c073,ITQ96_CENTERED,404.0,504,443.0,0.878968253968254,0.12103174603174605,8,0.0,0.0
f9e8c073,ITQ96_CENTERED,505.0,504,436.0,0.8650793650793651,0.13492063492063489,5,0.0,0.0
faba32e5,SIGN96_CENTERED,,473,464.0,0.9809725158562368,0.019027484143763207,7,0.0,0.0
faba32e5,ITQ96_CENTERED,101.0,473,431.0,0.9112050739957717,0.08879492600422834,7,0.0,0.0
faba32e5,ITQ96_CENTERED,202.0,473,429.0,0.9069767441860465,0.09302325581395354,7,0.0,0.0
faba32e5,ITQ96_CENTERED,303.0,473,425.0,0.8985200845665962,0.10147991543340384,7,0.0,0.0
faba32e5,ITQ96_CENTERED,404.0,473,431.0,0.9112050739957717,0.08879492600422834,7,0.0,0.0
faba32e5,ITQ96_CENTERED,505.0,473,428.0,0.904862579281184,0.09513742071881603,7,0.0,0.0
fca70973,SIGN96_CENTERED,,442,441.0,0.997737556561086,0.002262443438914019,2,0.0,0.0
fca70973,ITQ96_CENTERED,101.0,442,411.0,0.9298642533936652,0.07013574660633481,4,0.0,0.0
fca70973,ITQ96_CENTERED,202.0,442,398.0,0.9004524886877828,0.09954751131221717,5,0.0,0.0
fca70973,ITQ96_CENTERED,303.0,442,401.0,0.9072398190045249,0.09276018099547512,4,0.0,0.0
fca70973,ITQ96_CENTERED,404.0,442,410.0,0.9276018099547512,0.07239819004524883,3,0.0,0.0
fca70973,ITQ96_CENTERED,505.0,442,400.0,0.9049773755656109,0.09502262443438914,4,0.0,0.0
fca762bc,SIGN96_CENTERED,,459,458.0,0.9978213507625272,0.002178649237472796,2,0.0,0.0
fca762bc,ITQ96_CENTERED,101.0,459,410.0,0.8932461873638344,0.10675381263616557,5,0.0,0.0
fca762bc,ITQ96_CENTERED,202.0,459,416.0,0.906318082788671,0.09368191721132901,5,0.0,0.0
fca762bc,ITQ96_CENTERED,303.0,459,409.0,0.8910675381263616,0.10893246187363836,5,0.0,0.0
fca762bc,ITQ96_CENTERED,404.0,459,413.0,0.8997821350762527,0.10021786492374729,5,0.0,0.0
fca762bc,ITQ96_CENTERED,505.0,459,413.0,0.8997821350762527,0.10021786492374729,7,0.0,0.0
fea54f57,SIGN96_CENTERED,,527,526.0,0.9981024667931688,0.00189753320683117,2,0.0,0.0
fea54f57,ITQ96_CENTERED,101.0,527,484.0,0.9184060721062619,0.0815939278937381,9,0.0,0.0
fea54f57,ITQ96_CENTERED,202.0,527,468.0,0.888045540796964,0.11195445920303604,7,0.0,0.0
fea54f57,ITQ96_CENTERED,303.0,527,471.0,0.8937381404174574,0.10626185958254264,9,0.0,0.0
fea54f57,ITQ96_CENTERED,404.0,527,466.0,0.8842504743833017,0.11574952561669827,10,0.0,0.0
fea54f57,ITQ96_CENTERED,505.0,527,465.0,0.8823529411764706,0.11764705882352944,10,0.0,0.0
gpt4_0a05b494,SIGN96_CENTERED,,506,506.0,1.0,0.0,1,0.0,0.0
gpt4_0a05b494,ITQ96_CENTERED,101.0,506,461.0,0.9110671936758893,0.08893280632411071,5,0.0,0.0
gpt4_0a05b494,ITQ96_CENTERED,202.0,506,470.0,0.9288537549407114,0.07114624505928857,5,0.0,0.0
gpt4_0a05b494,ITQ96_CENTERED,303.0,506,469.0,0.9268774703557312,0.0731225296442688,5,0.0,0.0
gpt4_0a05b494,ITQ96_CENTERED,404.0,506,473.0,0.9347826086956522,0.06521739130434778,4,0.0,0.0
gpt4_0a05b494,ITQ96_CENTERED,505.0,506,466.0,0.9209486166007905,0.07905138339920947,6,0.0,0.0
gpt4_0b2f1d21,SIGN96_CENTERED,,497,491.0,0.9879275653923542,0.012072434607645843,6,0.0,0.0
gpt4_0b2f1d21,ITQ96_CENTERED,101.0,497,431.0,0.8672032193158954,0.1327967806841046,6,0.0,0.0
gpt4_0b2f1d21,ITQ96_CENTERED,202.0,497,439.0,0.8832997987927566,0.11670020120724345,6,0.0,0.0
gpt4_0b2f1d21,ITQ96_CENTERED,303.0,497,448.0,0.9014084507042254,0.09859154929577463,6,0.0,0.0
gpt4_0b2f1d21,ITQ96_CENTERED,404.0,497,432.0,0.869215291750503,0.13078470824949695,7,0.0,0.0
gpt4_0b2f1d21,ITQ96_CENTERED,505.0,497,442.0,0.8893360160965795,0.11066398390342047,7,0.0,0.0
gpt4_15e38248,SIGN96_CENTERED,,470,470.0,1.0,0.0,1,0.0,0.0
gpt4_15e38248,ITQ96_CENTERED,101.0,470,428.0,0.9106382978723404,0.08936170212765959,3,0.0,0.0
gpt4_15e38248,ITQ96_CENTERED,202.0,470,428.0,0.9106382978723404,0.08936170212765959,5,0.0,0.0
gpt4_15e38248,ITQ96_CENTERED,303.0,470,430.0,0.9148936170212766,0.08510638297872342,4,0.0,0.0
gpt4_15e38248,ITQ96_CENTERED,404.0,470,424.0,0.902127659574468,0.09787234042553195,3,0.0,0.0
gpt4_15e38248,ITQ96_CENTERED,505.0,470,427.0,0.9085106382978724,0.09148936170212763,4,0.0,0.0
gpt4_18c2b244,SIGN96_CENTERED,,495,493.0,0.9959595959595959,0.004040404040404066,2,0.0,0.0
gpt4_18c2b244,ITQ96_CENTERED,101.0,495,446.0,0.901010101010101,0.09898989898989896,5,0.0,0.0
gpt4_18c2b244,ITQ96_CENTERED,202.0,495,437.0,0.8828282828282829,0.11717171717171715,6,0.0,0.0
gpt4_18c2b244,ITQ96_CENTERED,303.0,495,436.0,0.8808080808080808,0.11919191919191918,5,0.0,0.0
gpt4_18c2b244,ITQ96_CENTERED,404.0,495,442.0,0.8929292929292929,0.1070707070707071,4,0.0,0.0
gpt4_18c2b244,ITQ96_CENTERED,505.0,495,436.0,0.8808080808080808,0.11919191919191918,5,0.0,0.0
gpt4_1916e0ea,SIGN96_CENTERED,,533,529.0,0.9924953095684803,0.007504690431519689,5,0.0,0.0
gpt4_1916e0ea,ITQ96_CENTERED,101.0,533,476.0,0.8930581613508443,0.10694183864915574,5,0.0,0.0
gpt4_1916e0ea,ITQ96_CENTERED,202.0,533,474.0,0.8893058161350844,0.11069418386491559,5,0.0,0.0
gpt4_1916e0ea,ITQ96_CENTERED,303.0,533,484.0,0.9080675422138836,0.09193245778611636,5,0.0,0.0
gpt4_1916e0ea,ITQ96_CENTERED,404.0,533,478.0,0.8968105065666041,0.1031894934333959,5,0.0,0.0
gpt4_1916e0ea,ITQ96_CENTERED,505.0,533,479.0,0.8986866791744841,0.10131332082551592,5,0.0,0.0
gpt4_194be4b3,SIGN96_CENTERED,,474,474.0,1.0,0.0,1,0.0,0.0
gpt4_194be4b3,ITQ96_CENTERED,101.0,474,434.0,0.9156118143459916,0.08438818565400841,5,0.0,0.0
gpt4_194be4b3,ITQ96_CENTERED,202.0,474,445.0,0.9388185654008439,0.06118143459915615,3,0.0,0.0
gpt4_194be4b3,ITQ96_CENTERED,303.0,474,443.0,0.9345991561181435,0.06540084388185652,4,0.0,0.0
gpt4_194be4b3,ITQ96_CENTERED,404.0,474,446.0,0.9409282700421941,0.05907172995780585,3,0.0,0.0
gpt4_194be4b3,ITQ96_CENTERED,505.0,474,440.0,0.9282700421940928,0.07172995780590719,4,0.0,0.0
gpt4_1a1dc16d,SIGN96_CENTERED,,453,448.0,0.9889624724061811,0.01103752759381893,3,0.0,0.0
gpt4_1a1dc16d,ITQ96_CENTERED,101.0,453,414.0,0.9139072847682119,0.08609271523178808,4,0.0,0.0
gpt4_1a1dc16d,ITQ96_CENTERED,202.0,453,411.0,0.9072847682119205,0.0927152317880795,4,0.0,0.0
gpt4_1a1dc16d,ITQ96_CENTERED,303.0,453,408.0,0.9006622516556292,0.09933774834437081,4,0.0,0.0
gpt4_1a1dc16d,ITQ96_CENTERED,404.0,453,412.0,0.9094922737306843,0.09050772626931569,4,0.0,0.0
gpt4_1a1dc16d,ITQ96_CENTERED,505.0,453,415.0,0.9161147902869757,0.08388520971302427,4,0.0,0.0
gpt4_1d4ab0c9,SIGN96_CENTERED,,483,481.0,0.9958592132505176,0.0041407867494823725,2,0.0,0.0
gpt4_1d4ab0c9,ITQ96_CENTERED,101.0,483,437.0,0.9047619047619048,0.09523809523809523,4,0.0,0.0
gpt4_1d4ab0c9,ITQ96_CENTERED,202.0,483,442.0,0.9151138716356108,0.08488612836438925,3,0.0,0.0
gpt4_1d4ab0c9,ITQ96_CENTERED,303.0,483,451.0,0.9337474120082816,0.0662525879917184,4,0.0,0.0
gpt4_1d4ab0c9,ITQ96_CENTERED,404.0,483,445.0,0.9213250517598344,0.07867494824016563,4,0.0,0.0
gpt4_1d4ab0c9,ITQ96_CENTERED,505.0,483,448.0,0.927536231884058,0.07246376811594202,3,0.0,0.0
gpt4_1d80365e,SIGN96_CENTERED,,517,517.0,1.0,0.0,1,0.0,0.0
gpt4_1d80365e,ITQ96_CENTERED,101.0,517,446.0,0.8626692456479691,0.1373307543520309,5,0.0,0.0
gpt4_1d80365e,ITQ96_CENTERED,202.0,517,443.0,0.8568665377176016,0.14313346228239843,8,0.0,0.0
gpt4_1d80365e,ITQ96_CENTERED,303.0,517,439.0,0.8491295938104448,0.15087040618955516,5,0.0,0.0
gpt4_1d80365e,ITQ96_CENTERED,404.0,517,448.0,0.8665377176015474,0.1334622823984526,4,0.0,0.0
gpt4_1d80365e,ITQ96_CENTERED,505.0,517,444.0,0.8588007736943907,0.14119922630560933,8,0.0,0.0
gpt4_1e4a8aeb,SIGN96_CENTERED,,479,476.0,0.9937369519832986,0.006263048016701411,2,0.0,0.0
gpt4_1e4a8aeb,ITQ96_CENTERED,101.0,479,433.0,0.9039665970772442,0.09603340292275575,4,0.0,0.0
gpt4_1e4a8aeb,ITQ96_CENTERED,202.0,479,438.0,0.9144050104384134,0.08559498956158662,3,0.0,0.0
gpt4_1e4a8aeb,ITQ96_CENTERED,303.0,479,439.0,0.9164926931106472,0.08350730688935282,4,0.0,0.0
gpt4_1e4a8aeb,ITQ96_CENTERED,404.0,479,439.0,0.9164926931106472,0.08350730688935282,3,0.0,0.0
gpt4_1e4a8aeb,ITQ96_CENTERED,505.0,479,438.0,0.9144050104384134,0.08559498956158662,3,0.0,0.0
gpt4_1e4a8aec,SIGN96_CENTERED,,498,496.0,0.9959839357429718,0.004016064257028162,2,0.0,0.0
gpt4_1e4a8aec,ITQ96_CENTERED,101.0,498,446.0,0.8955823293172691,0.10441767068273089,4,0.0,0.0
gpt4_1e4a8aec,ITQ96_CENTERED,202.0,498,455.0,0.9136546184738956,0.08634538152610438,4,0.0,0.0
gpt4_1e4a8aec,ITQ96_CENTERED,303.0,498,441.0,0.8855421686746988,0.11445783132530118,4,0.0,0.0
gpt4_1e4a8aec,ITQ96_CENTERED,404.0,498,445.0,0.893574297188755,0.10642570281124497,4,0.0,0.0
gpt4_1e4a8aec,ITQ96_CENTERED,505.0,498,456.0,0.9156626506024096,0.08433734939759041,4,0.0,0.0
gpt4_213fd887,SIGN96_CENTERED,,446,446.0,1.0,0.0,1,0.0,0.0
gpt4_213fd887,ITQ96_CENTERED,101.0,446,410.0,0.9192825112107623,0.08071748878923768,5,0.0,0.0
gpt4_213fd887,ITQ96_CENTERED,202.0,446,405.0,0.9080717488789237,0.09192825112107628,5,0.0,0.0
gpt4_213fd887,ITQ96_CENTERED,303.0,446,417.0,0.9349775784753364,0.06502242152466364,5,0.0,0.0
gpt4_213fd887,ITQ96_CENTERED,404.0,446,405.0,0.9080717488789237,0.09192825112107628,5,0.0,0.0
gpt4_213fd887,ITQ96_CENTERED,505.0,446,406.0,0.9103139013452914,0.08968609865470856,5,0.0,0.0
gpt4_21adecb5,SIGN96_CENTERED,,511,511.0,1.0,0.0,1,0.0,0.0
gpt4_21adecb5,ITQ96_CENTERED,101.0,511,436.0,0.8532289628180039,0.14677103718199613,5,0.0,0.0
gpt4_21adecb5,ITQ96_CENTERED,202.0,511,435.0,0.8512720156555773,0.1487279843444227,6,0.0,0.0
gpt4_21adecb5,ITQ96_CENTERED,303.0,511,434.0,0.8493150684931506,0.15068493150684936,6,0.0,0.0
gpt4_21adecb5,ITQ96_CENTERED,404.0,511,440.0,0.8610567514677103,0.13894324853228968,8,0.0,0.0
gpt4_21adecb5,ITQ96_CENTERED,505.0,511,441.0,0.863013698630137,0.136986301369863,5,0.0,0.0
gpt4_2312f94c,SIGN96_CENTERED,,467,467.0,1.0,0.0,1,0.0,0.0
gpt4_2312f94c,ITQ96_CENTERED,101.0,467,438.0,0.9379014989293362,0.062098501070663836,3,0.0,0.0
gpt4_2312f94c,ITQ96_CENTERED,202.0,467,435.0,0.9314775160599572,0.06852248394004279,3,0.0,0.0
gpt4_2312f94c,ITQ96_CENTERED,303.0,467,431.0,0.9229122055674518,0.0770877944325482,3,0.0,0.0
gpt4_2312f94c,ITQ96_CENTERED,404.0,467,435.0,0.9314775160599572,0.06852248394004279,3,0.0,0.0
gpt4_2312f94c,ITQ96_CENTERED,505.0,467,439.0,0.9400428265524625,0.05995717344753748,3,0.0,0.0
gpt4_2487a7cb,SIGN96_CENTERED,,495,492.0,0.9939393939393939,0.0060606060606061,2,0.0,0.0
gpt4_2487a7cb,ITQ96_CENTERED,101.0,495,442.0,0.8929292929292929,0.1070707070707071,6,0.0,0.0
gpt4_2487a7cb,ITQ96_CENTERED,202.0,495,445.0,0.898989898989899,0.101010101010101,5,0.0,0.0
gpt4_2487a7cb,ITQ96_CENTERED,303.0,495,445.0,0.898989898989899,0.101010101010101,7,0.0,0.0
gpt4_2487a7cb,ITQ96_CENTERED,404.0,495,443.0,0.8949494949494949,0.10505050505050506,6,0.0,0.0
gpt4_2487a7cb,ITQ96_CENTERED,505.0,495,444.0,0.896969696969697,0.10303030303030303,5,0.0,0.0
gpt4_2655b836,SIGN96_CENTERED,,465,462.0,0.9935483870967742,0.006451612903225823,3,0.0,0.0
gpt4_2655b836,ITQ96_CENTERED,101.0,465,426.0,0.9161290322580645,0.08387096774193548,6,0.0,0.0
gpt4_2655b836,ITQ96_CENTERED,202.0,465,419.0,0.9010752688172043,0.09892473118279566,6,0.0,0.0
gpt4_2655b836,ITQ96_CENTERED,303.0,465,420.0,0.9032258064516129,0.09677419354838712,4,0.0,0.0
gpt4_2655b836,ITQ96_CENTERED,404.0,465,430.0,0.9247311827956989,0.07526881720430112,4,0.0,0.0
gpt4_2655b836,ITQ96_CENTERED,505.0,465,421.0,0.9053763440860215,0.09462365591397848,5,0.0,0.0
gpt4_2ba83207,SIGN96_CENTERED,,502,502.0,1.0,0.0,1,0.0,0.0
gpt4_2ba83207,ITQ96_CENTERED,101.0,502,460.0,0.9163346613545816,0.08366533864541836,4,0.0,0.0
gpt4_2ba83207,ITQ96_CENTERED,202.0,502,457.0,0.9103585657370518,0.08964143426294824,4,0.0,0.0
gpt4_2ba83207,ITQ96_CENTERED,303.0,502,463.0,0.9223107569721115,0.07768924302788849,4,0.0,0.0
gpt4_2ba83207,ITQ96_CENTERED,404.0,502,466.0,0.9282868525896414,0.07171314741035861,4,0.0,0.0
gpt4_2ba83207,ITQ96_CENTERED,505.0,502,464.0,0.9243027888446215,0.07569721115537853,4,0.0,0.0
gpt4_2c50253f,SIGN96_CENTERED,,591,590.0,0.9983079526226735,0.0016920473773265332,2,0.0,0.0
gpt4_2c50253f,ITQ96_CENTERED,101.0,591,526.0,0.8900169204737732,0.10998307952622677,12,0.0,0.0
gpt4_2c50253f,ITQ96_CENTERED,202.0,591,510.0,0.8629441624365483,0.13705583756345174,11,0.0,0.0
gpt4_2c50253f,ITQ96_CENTERED,303.0,591,519.0,0.8781725888324873,0.12182741116751272,13,0.0,0.0
gpt4_2c50253f,ITQ96_CENTERED,404.0,591,520.0,0.8798646362098139,0.12013536379018608,11,0.0,0.0
gpt4_2c50253f,ITQ96_CENTERED,505.0,591,523.0,0.8849407783417935,0.11505922165820648,13,0.0,0.0
gpt4_2d58bcd6,SIGN96_CENTERED,,483,478.0,0.989648033126294,0.010351966873705987,6,0.0,0.0
gpt4_2d58bcd6,ITQ96_CENTERED,101.0,483,435.0,0.9006211180124224,0.0993788819875776,6,0.0,0.0
gpt4_2d58bcd6,ITQ96_CENTERED,202.0,483,433.0,0.8964803312629399,0.10351966873706009,6,0.0,0.0
gpt4_2d58bcd6,ITQ96_CENTERED,303.0,483,434.0,0.8985507246376812,0.10144927536231885,6,0.0,0.0
gpt4_2d58bcd6,ITQ96_CENTERED,404.0,483,429.0,0.8881987577639752,0.11180124223602483,6,0.0,0.0
gpt4_2d58bcd6,ITQ96_CENTERED,505.0,483,430.0,0.8902691511387164,0.10973084886128359,6,0.0,0.0
gpt4_2f56ae70,SIGN96_CENTERED,,458,458.0,1.0,0.0,1,0.0,0.0
gpt4_2f56ae70,ITQ96_CENTERED,101.0,458,426.0,0.9301310043668122,0.06986899563318782,7,0.0,0.0
gpt4_2f56ae70,ITQ96_CENTERED,202.0,458,421.0,0.9192139737991266,0.08078602620087338,5,0.0,0.0
gpt4_2f56ae70,ITQ96_CENTERED,303.0,458,422.0,0.9213973799126638,0.0786026200873362,6,0.0,0.0
gpt4_2f56ae70,ITQ96_CENTERED,404.0,458,420.0,0.9170305676855895,0.08296943231441045,5,0.0,0.0
gpt4_2f56ae70,ITQ96_CENTERED,505.0,458,422.0,0.9213973799126638,0.0786026200873362,6,0.0,0.0
gpt4_2f584639,SIGN96_CENTERED,,472,470.0,0.9957627118644068,0.004237288135593209,2,0.0,0.0
gpt4_2f584639,ITQ96_CENTERED,101.0,472,439.0,0.9300847457627118,0.06991525423728817,3,0.0,0.0
gpt4_2f584639,ITQ96_CENTERED,202.0,472,435.0,0.9216101694915254,0.07838983050847459,4,0.0,0.0
gpt4_2f584639,ITQ96_CENTERED,303.0,472,439.0,0.9300847457627118,0.06991525423728817,3,0.0,0.0
gpt4_2f584639,ITQ96_CENTERED,404.0,472,434.0,0.9194915254237288,0.0805084745762712,3,0.0,0.0
gpt4_2f584639,ITQ96_CENTERED,505.0,472,433.0,0.9173728813559322,0.0826271186440678,4,0.0,0.0
gpt4_2f8be40d,SIGN96_CENTERED,,474,471.0,0.9936708860759493,0.006329113924050667,4,0.0,0.0
gpt4_2f8be40d,ITQ96_CENTERED,101.0,474,426.0,0.8987341772151899,0.10126582278481011,5,0.0,0.0
gpt4_2f8be40d,ITQ96_CENTERED,202.0,474,422.0,0.890295358649789,0.10970464135021096,5,0.0,0.0
gpt4_2f8be40d,ITQ96_CENTERED,303.0,474,421.0,0.8881856540084389,0.11181434599156115,5,0.0,0.0
gpt4_2f8be40d,ITQ96_CENTERED,404.0,474,421.0,0.8881856540084389,0.11181434599156115,5,0.0,0.0
gpt4_2f8be40d,ITQ96_CENTERED,505.0,474,418.0,0.8818565400843882,0.11814345991561181,5,0.0,0.0
gpt4_2f91af09,SIGN96_CENTERED,,515,513.0,0.996116504854369,0.003883495145631022,3,0.0,0.0
gpt4_2f91af09,ITQ96_CENTERED,101.0,515,435.0,0.8446601941747572,0.15533980582524276,7,0.0,0.0
gpt4_2f91af09,ITQ96_CENTERED,202.0,515,449.0,0.8718446601941747,0.12815533980582527,8,0.0,0.0
gpt4_2f91af09,ITQ96_CENTERED,303.0,515,446.0,0.8660194174757282,0.1339805825242718,7,0.0,0.0
gpt4_2f91af09,ITQ96_CENTERED,404.0,515,444.0,0.8621359223300971,0.13786407766990294,7,0.0,0.0
gpt4_2f91af09,ITQ96_CENTERED,505.0,515,439.0,0.8524271844660194,0.1475728155339806,7,0.0,0.0
gpt4_31ff4165,SIGN96_CENTERED,,457,457.0,1.0,0.0,1,0.0,0.0
gpt4_31ff4165,ITQ96_CENTERED,101.0,457,422.0,0.9234135667396062,0.07658643326039383,4,0.0,0.0
gpt4_31ff4165,ITQ96_CENTERED,202.0,457,420.0,0.9190371991247265,0.08096280087527352,4,0.0,0.0
gpt4_31ff4165,ITQ96_CENTERED,303.0,457,414.0,0.9059080962800875,0.0940919037199125,4,0.0,0.0
gpt4_31ff4165,ITQ96_CENTERED,404.0,457,424.0,0.9277899343544858,0.07221006564551424,4,0.0,0.0
gpt4_31ff4165,ITQ96_CENTERED,505.0,457,428.0,0.936542669584245,0.06345733041575496,4,0.0,0.0
gpt4_372c3eed,SIGN96_CENTERED,,465,465.0,1.0,0.0,1,0.0,0.0
gpt4_372c3eed,ITQ96_CENTERED,101.0,465,433.0,0.9311827956989247,0.0688172043010753,5,0.0,0.0
gpt4_372c3eed,ITQ96_CENTERED,202.0,465,432.0,0.9290322580645162,0.07096774193548383,5,0.0,0.0
gpt4_372c3eed,ITQ96_CENTERED,303.0,465,434.0,0.9333333333333333,0.06666666666666665,4,0.0,0.0
gpt4_372c3eed,ITQ96_CENTERED,404.0,465,428.0,0.9204301075268817,0.0795698924731183,5,0.0,0.0
gpt4_372c3eed,ITQ96_CENTERED,505.0,465,426.0,0.9161290322580645,0.08387096774193548,6,0.0,0.0
gpt4_385a5000,SIGN96_CENTERED,,493,493.0,1.0,0.0,1,0.0,0.0
gpt4_385a5000,ITQ96_CENTERED,101.0,493,453.0,0.9188640973630832,0.08113590263691683,4,0.0,0.0
gpt4_385a5000,ITQ96_CENTERED,202.0,493,448.0,0.9087221095334685,0.09127789046653145,6,0.0,0.0
gpt4_385a5000,ITQ96_CENTERED,303.0,493,444.0,0.9006085192697769,0.09939148073022308,4,0.0,0.0
gpt4_385a5000,ITQ96_CENTERED,404.0,493,442.0,0.896551724137931,0.10344827586206895,4,0.0,0.0
gpt4_385a5000,ITQ96_CENTERED,505.0,493,449.0,0.9107505070993914,0.08924949290060857,4,0.0,0.0
gpt4_45189cb4,SIGN96_CENTERED,,501,501.0,1.0,0.0,1,0.0,0.0
gpt4_45189cb4,ITQ96_CENTERED,101.0,501,457.0,0.9121756487025948,0.08782435129740518,4,0.0,0.0
gpt4_45189cb4,ITQ96_CENTERED,202.0,501,457.0,0.9121756487025948,0.08782435129740518,4,0.0,0.0
gpt4_45189cb4,ITQ96_CENTERED,303.0,501,460.0,0.9181636726546906,0.08183632734530943,3,0.0,0.0
gpt4_45189cb4,ITQ96_CENTERED,404.0,501,465.0,0.9281437125748503,0.07185628742514971,3,0.0,0.0
gpt4_45189cb4,ITQ96_CENTERED,505.0,501,461.0,0.9201596806387226,0.07984031936127745,3,0.0,0.0
gpt4_468eb063,SIGN96_CENTERED,,498,496.0,0.9959839357429718,0.004016064257028162,2,0.0,0.0
gpt4_468eb063,ITQ96_CENTERED,101.0,498,444.0,0.891566265060241,0.10843373493975905,5,0.0,0.0
gpt4_468eb063,ITQ96_CENTERED,202.0,498,437.0,0.8775100401606426,0.1224899598393574,6,0.0,0.0
gpt4_468eb063,ITQ96_CENTERED,303.0,498,447.0,0.8975903614457831,0.10240963855421692,6,0.0,0.0
gpt4_468eb063,ITQ96_CENTERED,404.0,498,440.0,0.8835341365461847,0.11646586345381527,6,0.0,0.0
gpt4_468eb063,ITQ96_CENTERED,505.0,498,437.0,0.8775100401606426,0.1224899598393574,6,0.0,0.0
gpt4_468eb064,SIGN96_CENTERED,,460,459.0,0.9978260869565218,0.0021739130434782483,2,0.0,0.0
gpt4_468eb064,ITQ96_CENTERED,101.0,460,425.0,0.9239130434782609,0.07608695652173914,3,0.0,0.0
gpt4_468eb064,ITQ96_CENTERED,202.0,460,423.0,0.9195652173913044,0.08043478260869563,4,0.0,0.0
gpt4_468eb064,ITQ96_CENTERED,303.0,460,417.0,0.9065217391304348,0.09347826086956523,3,0.0,0.0
gpt4_468eb064,ITQ96_CENTERED,404.0,460,425.0,0.9239130434782609,0.07608695652173914,3,0.0,0.0
gpt4_468eb064,ITQ96_CENTERED,505.0,460,426.0,0.9260869565217391,0.07391304347826089,3,0.0,0.0
gpt4_483dd43c,SIGN96_CENTERED,,532,527.0,0.9906015037593985,0.009398496240601517,3,0.0,0.0
gpt4_483dd43c,ITQ96_CENTERED,101.0,532,477.0,0.8966165413533834,0.10338345864661658,5,0.0,0.0
gpt4_483dd43c,ITQ96_CENTERED,202.0,532,496.0,0.9323308270676691,0.06766917293233088,5,0.0,0.0
gpt4_483dd43c,ITQ96_CENTERED,303.0,532,480.0,0.9022556390977443,0.09774436090225569,5,0.0,0.0
gpt4_483dd43c,ITQ96_CENTERED,404.0,532,480.0,0.9022556390977443,0.09774436090225569,5,0.0,0.0
gpt4_483dd43c,ITQ96_CENTERED,505.0,532,478.0,0.8984962406015038,0.10150375939849621,5,0.0,0.0
gpt4_4929293a,SIGN96_CENTERED,,486,486.0,1.0,0.0,1,0.0,0.0
gpt4_4929293a,ITQ96_CENTERED,101.0,486,454.0,0.934156378600823,0.06584362139917699,5,0.0,0.0
gpt4_4929293a,ITQ96_CENTERED,202.0,486,460.0,0.9465020576131687,0.053497942386831254,4,0.0,0.0
gpt4_4929293a,ITQ96_CENTERED,303.0,486,454.0,0.934156378600823,0.06584362139917699,4,0.0,0.0
gpt4_4929293a,ITQ96_CENTERED,404.0,486,458.0,0.9423868312757202,0.057613168724279795,3,0.0,0.0
gpt4_4929293a,ITQ96_CENTERED,505.0,486,457.0,0.9403292181069959,0.05967078189300412,4,0.0,0.0
gpt4_4929293b,SIGN96_CENTERED,,469,469.0,1.0,0.0,1,0.0,0.0
gpt4_4929293b,ITQ96_CENTERED,101.0,469,409.0,0.8720682302771855,0.1279317697228145,5,0.0,0.0
gpt4_4929293b,ITQ96_CENTERED,202.0,469,408.0,0.8699360341151386,0.13006396588486135,5,0.0,0.0
gpt4_4929293b,ITQ96_CENTERED,303.0,469,412.0,0.8784648187633263,0.12153518123667373,8,0.0,0.0
gpt4_4929293b,ITQ96_CENTERED,404.0,469,408.0,0.8699360341151386,0.13006396588486135,6,0.0,0.0
gpt4_4929293b,ITQ96_CENTERED,505.0,469,416.0,0.8869936034115139,0.1130063965884861,5,0.0,0.0
gpt4_4cd9eba1,SIGN96_CENTERED,,500,499.0,0.998,0.0020000000000000018,2,0.0,0.0
gpt4_4cd9eba1,ITQ96_CENTERED,101.0,500,466.0,0.932,0.06799999999999995,5,0.0,0.0
gpt4_4cd9eba1,ITQ96_CENTERED,202.0,500,472.0,0.944,0.05600000000000005,5,0.0,0.0
gpt4_4cd9eba1,ITQ96_CENTERED,303.0,500,475.0,0.95,0.050000000000000044,4,0.0,0.0
gpt4_4cd9eba1,ITQ96_CENTERED,404.0,500,473.0,0.946,0.05400000000000005,5,0.0,0.0
gpt4_4cd9eba1,ITQ96_CENTERED,505.0,500,470.0,0.94,0.06000000000000005,5,0.0,0.0
gpt4_4edbafa2,SIGN96_CENTERED,,460,460.0,1.0,0.0,1,0.0,0.0
gpt4_4edbafa2,ITQ96_CENTERED,101.0,460,422.0,0.9173913043478261,0.08260869565217388,4,0.0,0.0
gpt4_4edbafa2,ITQ96_CENTERED,202.0,460,427.0,0.9282608695652174,0.07173913043478264,3,0.0,0.0
gpt4_4edbafa2,ITQ96_CENTERED,303.0,460,421.0,0.9152173913043479,0.08478260869565213,4,0.0,0.0
gpt4_4edbafa2,ITQ96_CENTERED,404.0,460,439.0,0.9543478260869566,0.04565217391304344,3,0.0,0.0
gpt4_4edbafa2,ITQ96_CENTERED,505.0,460,428.0,0.9304347826086956,0.06956521739130439,3,0.0,0.0
gpt4_4ef30696,SIGN96_CENTERED,,520,519.0,0.9980769230769231,0.0019230769230769162,2,0.0,0.0
gpt4_4ef30696,ITQ96_CENTERED,101.0,520,488.0,0.9384615384615385,0.06153846153846154,5,0.0,0.0
gpt4_4ef30696,ITQ96_CENTERED,202.0,520,481.0,0.925,0.07499999999999996,6,0.0,0.0
gpt4_4ef30696,ITQ96_CENTERED,303.0,520,487.0,0.9365384615384615,0.06346153846153846,6,0.0,0.0
gpt4_4ef30696,ITQ96_CENTERED,404.0,520,485.0,0.9326923076923077,0.06730769230769229,6,0.0,0.0
gpt4_4ef30696,ITQ96_CENTERED,505.0,520,488.0,0.9384615384615385,0.06153846153846154,6,0.0,0.0
gpt4_4fc4f797,SIGN96_CENTERED,,472,471.0,0.9978813559322034,0.0021186440677966045,2,0.0,0.0
gpt4_4fc4f797,ITQ96_CENTERED,101.0,472,437.0,0.9258474576271186,0.07415254237288138,4,0.0,0.0
gpt4_4fc4f797,ITQ96_CENTERED,202.0,472,444.0,0.940677966101695,0.05932203389830504,4,0.0,0.0
gpt4_4fc4f797,ITQ96_CENTERED,303.0,472,438.0,0.9279661016949152,0.07203389830508478,4,0.0,0.0
gpt4_4fc4f797,ITQ96_CENTERED,404.0,472,446.0,0.9449152542372882,0.05508474576271183,4,0.0,0.0
gpt4_4fc4f797,ITQ96_CENTERED,505.0,472,438.0,0.9279661016949152,0.07203389830508478,4,0.0,0.0
gpt4_5438fa52,SIGN96_CENTERED,,513,512.0,0.9980506822612085,0.0019493177387914784,2,0.0,0.0
gpt4_5438fa52,ITQ96_CENTERED,101.0,513,455.0,0.8869395711500975,0.11306042884990253,5,0.0,0.0
gpt4_5438fa52,ITQ96_CENTERED,202.0,513,457.0,0.8908382066276803,0.10916179337231968,6,0.0,0.0
gpt4_5438fa52,ITQ96_CENTERED,303.0,513,453.0,0.8830409356725146,0.11695906432748537,9,0.0,0.0
gpt4_5438fa52,ITQ96_CENTERED,404.0,513,452.0,0.8810916179337231,0.11890838206627685,5,0.0,0.0
gpt4_5438fa52,ITQ96_CENTERED,505.0,513,450.0,0.8771929824561403,0.1228070175438597,6,0.0,0.0
gpt4_5501fe77,SIGN96_CENTERED,,516,511.0,0.9903100775193798,0.009689922480620172,3,0.0,0.0
gpt4_5501fe77,ITQ96_CENTERED,101.0,516,464.0,0.8992248062015504,0.10077519379844957,5,0.0,0.0
gpt4_5501fe77,ITQ96_CENTERED,202.0,516,470.0,0.9108527131782945,0.08914728682170547,5,0.0,0.0
gpt4_5501fe77,ITQ96_CENTERED,303.0,516,466.0,0.9031007751937985,0.0968992248062015,5,0.0,0.0
gpt4_5501fe77,ITQ96_CENTERED,404.0,516,460.0,0.8914728682170543,0.10852713178294571,5,0.0,0.0
gpt4_5501fe77,ITQ96_CENTERED,505.0,516,469.0,0.9089147286821705,0.09108527131782951,5,0.0,0.0
gpt4_59149c77,SIGN96_CENTERED,,484,483.0,0.9979338842975206,0.0020661157024793875,2,0.0,0.0
gpt4_59149c77,ITQ96_CENTERED,101.0,484,434.0,0.8966942148760331,0.10330578512396693,6,0.0,0.0
gpt4_59149c77,ITQ96_CENTERED,202.0,484,431.0,0.890495867768595,0.10950413223140498,6,0.0,0.0
gpt4_59149c77,ITQ96_CENTERED,303.0,484,439.0,0.9070247933884298,0.09297520661157022,7,0.0,0.0
gpt4_59149c77,ITQ96_CENTERED,404.0,484,432.0,0.8925619834710744,0.1074380165289256,8,0.0,0.0
gpt4_59149c77,ITQ96_CENTERED,505.0,484,431.0,0.890495867768595,0.10950413223140498,5,0.0,0.0
gpt4_59149c78,SIGN96_CENTERED,,497,492.0,0.9899396378269618,0.010060362173038184,3,0.0,0.0
gpt4_59149c78,ITQ96_CENTERED,101.0,497,455.0,0.9154929577464789,0.08450704225352113,4,0.0,0.0
gpt4_59149c78,ITQ96_CENTERED,202.0,497,453.0,0.9114688128772636,0.08853118712273644,4,0.0,0.0
gpt4_59149c78,ITQ96_CENTERED,303.0,497,455.0,0.9154929577464789,0.08450704225352113,4,0.0,0.0
gpt4_59149c78,ITQ96_CENTERED,404.0,497,458.0,0.9215291750503019,0.07847082494969815,4,0.0,0.0
gpt4_59149c78,ITQ96_CENTERED,505.0,497,456.0,0.9175050301810865,0.08249496981891347,4,0.0,0.0
gpt4_59c863d7,SIGN96_CENTERED,,481,479.0,0.9958419958419958,0.004158004158004158,2,0.0,0.0
gpt4_59c863d7,ITQ96_CENTERED,101.0,481,434.0,0.9022869022869023,0.09771309771309766,4,0.0,0.0
gpt4_59c863d7,ITQ96_CENTERED,202.0,481,436.0,0.9064449064449065,0.0935550935550935,4,0.0,0.0
gpt4_59c863d7,ITQ96_CENTERED,303.0,481,433.0,0.9002079002079002,0.0997920997920998,4,0.0,0.0
gpt4_59c863d7,ITQ96_CENTERED,404.0,481,436.0,0.9064449064449065,0.0935550935550935,5,0.0,0.0
gpt4_59c863d7,ITQ96_CENTERED,505.0,481,436.0,0.9064449064449065,0.0935550935550935,4,0.0,0.0
gpt4_5dcc0aab,SIGN96_CENTERED,,547,544.0,0.9945155393053017,0.005484460694698323,2,0.0,0.0
gpt4_5dcc0aab,ITQ96_CENTERED,101.0,547,494.0,0.903107861060329,0.09689213893967097,5,0.0,0.0
gpt4_5dcc0aab,ITQ96_CENTERED,202.0,547,493.0,0.9012797074954296,0.09872029250457037,5,0.0,0.0
gpt4_5dcc0aab,ITQ96_CENTERED,303.0,547,492.0,0.8994515539305301,0.10054844606946989,5,0.0,0.0
gpt4_5dcc0aab,ITQ96_CENTERED,404.0,547,487.0,0.8903107861060329,0.10968921389396713,5,0.0,0.0
gpt4_5dcc0aab,ITQ96_CENTERED,505.0,547,488.0,0.8921389396709324,0.10786106032906762,5,0.0,0.0
gpt4_61e13b3c,SIGN96_CENTERED,,467,462.0,0.9892933618843683,0.010706638115631661,2,0.0,0.0
gpt4_61e13b3c,ITQ96_CENTERED,101.0,467,405.0,0.867237687366167,0.13276231263383298,5,0.0,0.0
gpt4_61e13b3c,ITQ96_CENTERED,202.0,467,406.0,0.8693790149892934,0.13062098501070663,5,0.0,0.0
gpt4_61e13b3c,ITQ96_CENTERED,303.0,467,404.0,0.8650963597430407,0.13490364025695933,4,0.0,0.0
gpt4_61e13b3c,ITQ96_CENTERED,404.0,467,409.0,0.8758029978586723,0.12419700214132767,4,0.0,0.0
gpt4_61e13b3c,ITQ96_CENTERED,505.0,467,406.0,0.8693790149892934,0.13062098501070663,5,0.0,0.0
gpt4_65aabe59,SIGN96_CENTERED,,452,451.0,0.9977876106194691,0.0022123893805309214,2,0.0,0.0
gpt4_65aabe59,ITQ96_CENTERED,101.0,452,417.0,0.922566371681416,0.07743362831858402,5,0.0,0.0
gpt4_65aabe59,ITQ96_CENTERED,202.0,452,419.0,0.9269911504424779,0.07300884955752207,4,0.0,0.0
gpt4_65aabe59,ITQ96_CENTERED,303.0,452,416.0,0.9203539823008849,0.07964601769911506,4,0.0,0.0
gpt4_65aabe59,ITQ96_CENTERED,404.0,452,408.0,0.9026548672566371,0.09734513274336287,5,0.0,0.0
gpt4_65aabe59,ITQ96_CENTERED,505.0,452,415.0,0.918141592920354,0.08185840707964598,5,0.0,0.0
gpt4_68e94287,SIGN96_CENTERED,,491,488.0,0.9938900203665988,0.006109979633401208,2,0.0,0.0
gpt4_68e94287,ITQ96_CENTERED,101.0,491,431.0,0.8778004073319755,0.12219959266802449,6,0.0,0.0
gpt4_68e94287,ITQ96_CENTERED,202.0,491,438.0,0.8920570264765784,0.10794297352342164,4,0.0,0.0
gpt4_68e94287,ITQ96_CENTERED,303.0,491,434.0,0.8839103869653768,0.11608961303462317,5,0.0,0.0
gpt4_68e94287,ITQ96_CENTERED,404.0,491,439.0,0.8940936863543788,0.1059063136456212,5,0.0,0.0
gpt4_68e94287,ITQ96_CENTERED,505.0,491,429.0,0.8737270875763747,0.12627291242362526,5,0.0,0.0
gpt4_68e94288,SIGN96_CENTERED,,459,457.0,0.9956427015250545,0.004357298474945481,2,0.0,0.0
gpt4_68e94288,ITQ96_CENTERED,101.0,459,411.0,0.8954248366013072,0.10457516339869277,7,0.0,0.0
gpt4_68e94288,ITQ96_CENTERED,202.0,459,410.0,0.8932461873638344,0.10675381263616557,6,0.0,0.0
gpt4_68e94288,ITQ96_CENTERED,303.0,459,414.0,0.9019607843137255,0.0980392156862745,6,0.0,0.0
gpt4_68e94288,ITQ96_CENTERED,404.0,459,417.0,0.9084967320261438,0.09150326797385622,6,0.0,0.0
gpt4_68e94288,ITQ96_CENTERED,505.0,459,410.0,0.8932461873638344,0.10675381263616557,7,0.0,0.0
gpt4_6dc9b45b,SIGN96_CENTERED,,565,502.0,0.8884955752212389,0.1115044247787611,17,0.0,0.0
gpt4_6dc9b45b,ITQ96_CENTERED,101.0,565,445.0,0.7876106194690266,0.21238938053097345,23,0.0,0.0
gpt4_6dc9b45b,ITQ96_CENTERED,202.0,565,441.0,0.7805309734513274,0.21946902654867262,23,0.0,0.0
gpt4_6dc9b45b,ITQ96_CENTERED,303.0,565,450.0,0.7964601769911505,0.20353982300884954,23,0.0,0.0
gpt4_6dc9b45b,ITQ96_CENTERED,404.0,565,442.0,0.7823008849557522,0.21769911504424777,23,0.0,0.0
gpt4_6dc9b45b,ITQ96_CENTERED,505.0,565,443.0,0.784070796460177,0.21592920353982303,23,0.0,0.0
gpt4_6ed717ea,SIGN96_CENTERED,,489,489.0,1.0,0.0,1,0.0,0.0
gpt4_6ed717ea,ITQ96_CENTERED,101.0,489,442.0,0.9038854805725971,0.0961145194274029,6,0.0,0.0
gpt4_6ed717ea,ITQ96_CENTERED,202.0,489,457.0,0.934560327198364,0.06543967280163598,4,0.0,0.0
gpt4_6ed717ea,ITQ96_CENTERED,303.0,489,447.0,0.9141104294478528,0.08588957055214719,6,0.0,0.0
gpt4_6ed717ea,ITQ96_CENTERED,404.0,489,448.0,0.9161554192229039,0.08384458077709611,6,0.0,0.0
gpt4_6ed717ea,ITQ96_CENTERED,505.0,489,450.0,0.9202453987730062,0.07975460122699385,5,0.0,0.0
gpt4_70e84552,SIGN96_CENTERED,,467,466.0,0.9978586723768736,0.0021413276231263545,2,0.0,0.0
gpt4_70e84552,ITQ96_CENTERED,101.0,467,425.0,0.9100642398286938,0.08993576017130622,4,0.0,0.0
gpt4_70e84552,ITQ96_CENTERED,202.0,467,424.0,0.9079229122055674,0.09207708779443258,7,0.0,0.0
gpt4_70e84552,ITQ96_CENTERED,303.0,467,421.0,0.9014989293361885,0.09850107066381153,7,0.0,0.0
gpt4_70e84552,ITQ96_CENTERED,404.0,467,428.0,0.9164882226980728,0.08351177730192716,5,0.0,0.0
gpt4_70e84552,ITQ96_CENTERED,505.0,467,424.0,0.9079229122055674,0.09207708779443258,4,0.0,0.0
gpt4_731e37d7,SIGN96_CENTERED,,525,523.0,0.9961904761904762,0.003809523809523818,2,0.0,0.0
gpt4_731e37d7,ITQ96_CENTERED,101.0,525,469.0,0.8933333333333333,0.10666666666666669,5,0.0,0.0
gpt4_731e37d7,ITQ96_CENTERED,202.0,525,457.0,0.8704761904761905,0.12952380952380949,6,0.0,0.0
gpt4_731e37d7,ITQ96_CENTERED,303.0,525,464.0,0.8838095238095238,0.11619047619047618,6,0.0,0.0
gpt4_731e37d7,ITQ96_CENTERED,404.0,525,463.0,0.8819047619047619,0.11809523809523814,6,0.0,0.0
gpt4_731e37d7,ITQ96_CENTERED,505.0,525,458.0,0.8723809523809524,0.12761904761904763,6,0.0,0.0
gpt4_74aed68e,SIGN96_CENTERED,,480,479.0,0.9979166666666667,0.002083333333333326,2,0.0,0.0
gpt4_74aed68e,ITQ96_CENTERED,101.0,480,439.0,0.9145833333333333,0.0854166666666667,5,0.0,0.0
gpt4_74aed68e,ITQ96_CENTERED,202.0,480,433.0,0.9020833333333333,0.09791666666666665,5,0.0,0.0
gpt4_74aed68e,ITQ96_CENTERED,303.0,480,444.0,0.925,0.07499999999999996,4,0.0,0.0
gpt4_74aed68e,ITQ96_CENTERED,404.0,480,437.0,0.9104166666666667,0.08958333333333335,4,0.0,0.0
gpt4_74aed68e,ITQ96_CENTERED,505.0,480,436.0,0.9083333333333333,0.09166666666666667,5,0.0,0.0
gpt4_76048e76,SIGN96_CENTERED,,482,475.0,0.9854771784232366,0.014522821576763434,4,0.0,0.0
gpt4_76048e76,ITQ96_CENTERED,101.0,482,427.0,0.8858921161825726,0.11410788381742742,4,0.0,0.0
gpt4_76048e76,ITQ96_CENTERED,202.0,482,423.0,0.8775933609958506,0.12240663900414939,5,0.0,0.0
gpt4_76048e76,ITQ96_CENTERED,303.0,482,420.0,0.8713692946058091,0.12863070539419086,5,0.0,0.0
gpt4_76048e76,ITQ96_CENTERED,404.0,482,421.0,0.8734439834024896,0.12655601659751037,4,0.0,0.0
gpt4_76048e76,ITQ96_CENTERED,505.0,482,424.0,0.8796680497925311,0.1203319502074689,5,0.0,0.0
gpt4_78cf46a3,SIGN96_CENTERED,,505,504.0,0.998019801980198,0.001980198019801982,2,0.0,0.0
gpt4_78cf46a3,ITQ96_CENTERED,101.0,505,452.0,0.8950495049504951,0.10495049504950493,4,0.0,0.0
gpt4_78cf46a3,ITQ96_CENTERED,202.0,505,461.0,0.9128712871287129,0.0871287128712871,5,0.0,0.0
gpt4_78cf46a3,ITQ96_CENTERED,303.0,505,453.0,0.897029702970297,0.10297029702970295,4,0.0,0.0
gpt4_78cf46a3,ITQ96_CENTERED,404.0,505,457.0,0.904950495049505,0.09504950495049502,5,0.0,0.0
gpt4_78cf46a3,ITQ96_CENTERED,505.0,505,449.0,0.8891089108910891,0.11089108910891088,4,0.0,0.0
gpt4_7a0daae1,SIGN96_CENTERED,,561,560.0,0.9982174688057041,0.0017825311942959443,2,0.0,0.0
gpt4_7a0daae1,ITQ96_CENTERED,101.0,561,487.0,0.8680926916221033,0.13190730837789666,6,0.0,0.0
gpt4_7a0daae1,ITQ96_CENTERED,202.0,561,492.0,0.8770053475935828,0.12299465240641716,5,0.0,0.0
gpt4_7a0daae1,ITQ96_CENTERED,303.0,561,496.0,0.8841354723707665,0.1158645276292335,5,0.0,0.0
gpt4_7a0daae1,ITQ96_CENTERED,404.0,561,486.0,0.8663101604278075,0.1336898395721925,5,0.0,0.0
gpt4_7a0daae1,ITQ96_CENTERED,505.0,561,488.0,0.8698752228163993,0.13012477718360071,5,0.0,0.0
gpt4_7abb270c,SIGN96_CENTERED,,467,467.0,1.0,0.0,1,0.0,0.0
gpt4_7abb270c,ITQ96_CENTERED,101.0,467,424.0,0.9079229122055674,0.09207708779443258,6,0.0,0.0
gpt4_7abb270c,ITQ96_CENTERED,202.0,467,430.0,0.9207708779443254,0.07922912205567456,6,0.0,0.0
gpt4_7abb270c,ITQ96_CENTERED,303.0,467,419.0,0.8972162740899358,0.10278372591006424,6,0.0,0.0
gpt4_7abb270c,ITQ96_CENTERED,404.0,467,422.0,0.9036402569593148,0.09635974304068518,5,0.0,0.0
gpt4_7abb270c,ITQ96_CENTERED,505.0,467,424.0,0.9079229122055674,0.09207708779443258,6,0.0,0.0
gpt4_7bc6cf22,SIGN96_CENTERED,,519,515.0,0.9922928709055877,0.0077071290944122905,3,0.0,0.0
gpt4_7bc6cf22,ITQ96_CENTERED,101.0,519,442.0,0.8516377649325626,0.1483622350674374,6,0.0,0.0
gpt4_7bc6cf22,ITQ96_CENTERED,202.0,519,456.0,0.8786127167630058,0.12138728323699421,6,0.0,0.0
gpt4_7bc6cf22,ITQ96_CENTERED,303.0,519,453.0,0.8728323699421965,0.12716763005780352,5,0.0,0.0
gpt4_7bc6cf22,ITQ96_CENTERED,404.0,519,454.0,0.8747591522157996,0.12524084778420042,7,0.0,0.0
gpt4_7bc6cf22,ITQ96_CENTERED,505.0,519,442.0,0.8516377649325626,0.1483622350674374,7,0.0,0.0
gpt4_7ca326fa,SIGN96_CENTERED,,516,515.0,0.998062015503876,0.0019379844961240345,2,0.0,0.0
gpt4_7ca326fa,ITQ96_CENTERED,101.0,516,453.0,0.877906976744186,0.12209302325581395,6,0.0,0.0
gpt4_7ca326fa,ITQ96_CENTERED,202.0,516,458.0,0.8875968992248062,0.11240310077519378,4,0.0,0.0
gpt4_7ca326fa,ITQ96_CENTERED,303.0,516,455.0,0.8817829457364341,0.11821705426356588,6,0.0,0.0
gpt4_7ca326fa,ITQ96_CENTERED,404.0,516,452.0,0.875968992248062,0.12403100775193798,4,0.0,0.0
gpt4_7ca326fa,ITQ96_CENTERED,505.0,516,456.0,0.8837209302325582,0.11627906976744184,8,0.0,0.0
gpt4_7ddcf75f,SIGN96_CENTERED,,480,478.0,0.9958333333333333,0.004166666666666652,2,0.0,0.0
gpt4_7ddcf75f,ITQ96_CENTERED,101.0,480,427.0,0.8895833333333333,0.11041666666666672,4,0.0,0.0
gpt4_7ddcf75f,ITQ96_CENTERED,202.0,480,426.0,0.8875,0.11250000000000004,4,0.0,0.0
gpt4_7ddcf75f,ITQ96_CENTERED,303.0,480,429.0,0.89375,0.10624999999999996,5,0.0,0.0
gpt4_7ddcf75f,ITQ96_CENTERED,404.0,480,431.0,0.8979166666666667,0.1020833333333333,4,0.0,0.0
gpt4_7ddcf75f,ITQ96_CENTERED,505.0,480,426.0,0.8875,0.11250000000000004,4,0.0,0.0
gpt4_7de946e7,SIGN96_CENTERED,,533,531.0,0.9962476547842402,0.0037523452157598447,2,0.0,0.0
gpt4_7de946e7,ITQ96_CENTERED,101.0,533,462.0,0.8667917448405253,0.13320825515947465,9,0.0,0.0
gpt4_7de946e7,ITQ96_CENTERED,202.0,533,470.0,0.8818011257035647,0.11819887429643527,9,0.0,0.0
gpt4_7de946e7,ITQ96_CENTERED,303.0,533,464.0,0.8705440900562852,0.1294559099437148,9,0.0,0.0
gpt4_7de946e7,ITQ96_CENTERED,404.0,533,466.0,0.874296435272045,0.12570356472795496,9,0.0,0.0
gpt4_7de946e7,ITQ96_CENTERED,505.0,533,464.0,0.8705440900562852,0.1294559099437148,7,0.0,0.0
gpt4_7f6b06db,SIGN96_CENTERED,,558,555.0,0.9946236559139785,0.005376344086021501,2,0.0,0.0
gpt4_7f6b06db,ITQ96_CENTERED,101.0,558,472.0,0.8458781362007168,0.15412186379928317,10,0.0,0.0
gpt4_7f6b06db,ITQ96_CENTERED,202.0,558,465.0,0.8333333333333334,0.16666666666666663,11,0.0,0.0
gpt4_7f6b06db,ITQ96_CENTERED,303.0,558,475.0,0.8512544802867383,0.14874551971326166,12,0.0,0.0
gpt4_7f6b06db,ITQ96_CENTERED,404.0,558,466.0,0.8351254480286738,0.16487455197132617,11,0.0,0.0
gpt4_7f6b06db,ITQ96_CENTERED,505.0,558,467.0,0.8369175627240143,0.1630824372759857,11,0.0,0.0
gpt4_7fce9456,SIGN96_CENTERED,,497,488.0,0.9818913480885312,0.01810865191146882,4,0.0,0.0
gpt4_7fce9456,ITQ96_CENTERED,101.0,497,444.0,0.8933601609657947,0.10663983903420526,5,0.0,0.0
gpt4_7fce9456,ITQ96_CENTERED,202.0,497,446.0,0.89738430583501,0.10261569416498995,5,0.0,0.0
gpt4_7fce9456,ITQ96_CENTERED,303.0,497,453.0,0.9114688128772636,0.08853118712273644,5,0.0,0.0
gpt4_7fce9456,ITQ96_CENTERED,404.0,497,449.0,0.903420523138833,0.09657947686116697,5,0.0,0.0
gpt4_7fce9456,ITQ96_CENTERED,505.0,497,457.0,0.9195171026156942,0.08048289738430581,5,0.0,0.0
gpt4_8279ba02,SIGN96_CENTERED,,489,487.0,0.9959100204498977,0.004089979550102263,2,0.0,0.0
gpt4_8279ba02,ITQ96_CENTERED,101.0,489,432.0,0.8834355828220859,0.1165644171779141,6,0.0,0.0
gpt4_8279ba02,ITQ96_CENTERED,202.0,489,421.0,0.8609406952965235,0.1390593047034765,8,0.0,0.0
gpt4_8279ba02,ITQ96_CENTERED,303.0,489,441.0,0.901840490797546,0.09815950920245398,5,0.0,0.0
gpt4_8279ba02,ITQ96_CENTERED,404.0,489,441.0,0.901840490797546,0.09815950920245398,6,0.0,0.0
gpt4_8279ba02,ITQ96_CENTERED,505.0,489,432.0,0.8834355828220859,0.1165644171779141,7,0.0,0.0
gpt4_8279ba03,SIGN96_CENTERED,,500,498.0,0.996,0.0040000000000000036,2,0.0,0.0
gpt4_8279ba03,ITQ96_CENTERED,101.0,500,441.0,0.882,0.118,5,0.0,0.0
gpt4_8279ba03,ITQ96_CENTERED,202.0,500,454.0,0.908,0.09199999999999997,4,0.0,0.0
gpt4_8279ba03,ITQ96_CENTERED,303.0,500,444.0,0.888,0.11199999999999999,7,0.0,0.0
gpt4_8279ba03,ITQ96_CENTERED,404.0,500,445.0,0.89,0.10999999999999999,5,0.0,0.0
gpt4_8279ba03,ITQ96_CENTERED,505.0,500,449.0,0.898,0.10199999999999998,7,0.0,0.0
gpt4_85da3956,SIGN96_CENTERED,,505,502.0,0.994059405940594,0.005940594059405946,3,0.0,0.0
gpt4_85da3956,ITQ96_CENTERED,101.0,505,438.0,0.8673267326732673,0.13267326732673268,4,0.0,0.0
gpt4_85da3956,ITQ96_CENTERED,202.0,505,425.0,0.8415841584158416,0.15841584158415845,6,0.0,0.0
gpt4_85da3956,ITQ96_CENTERED,303.0,505,439.0,0.8693069306930693,0.1306930693069307,6,0.0,0.0
gpt4_85da3956,ITQ96_CENTERED,404.0,505,438.0,0.8673267326732673,0.13267326732673268,5,0.0,0.0
gpt4_85da3956,ITQ96_CENTERED,505.0,505,428.0,0.8475247524752475,0.1524752475247525,4,0.0,0.0
gpt4_88806d6e,SIGN96_CENTERED,,493,492.0,0.9979716024340771,0.0020283975659228792,2,0.0,0.0
gpt4_88806d6e,ITQ96_CENTERED,101.0,493,445.0,0.9026369168356998,0.0973630831643002,4,0.0,0.0
gpt4_88806d6e,ITQ96_CENTERED,202.0,493,448.0,0.9087221095334685,0.09127789046653145,4,0.0,0.0
gpt4_88806d6e,ITQ96_CENTERED,303.0,493,453.0,0.9188640973630832,0.08113590263691683,5,0.0,0.0
gpt4_88806d6e,ITQ96_CENTERED,404.0,493,453.0,0.9188640973630832,0.08113590263691683,4,0.0,0.0
gpt4_88806d6e,ITQ96_CENTERED,505.0,493,453.0,0.9188640973630832,0.08113590263691683,4,0.0,0.0
gpt4_8c8961ae,SIGN96_CENTERED,,485,485.0,1.0,0.0,1,0.0,0.0
gpt4_8c8961ae,ITQ96_CENTERED,101.0,485,450.0,0.9278350515463918,0.07216494845360821,4,0.0,0.0
gpt4_8c8961ae,ITQ96_CENTERED,202.0,485,452.0,0.931958762886598,0.06804123711340204,3,0.0,0.0
gpt4_8c8961ae,ITQ96_CENTERED,303.0,485,449.0,0.9257731958762887,0.0742268041237113,5,0.0,0.0
gpt4_8c8961ae,ITQ96_CENTERED,404.0,485,451.0,0.9298969072164949,0.07010309278350513,6,0.0,0.0
gpt4_8c8961ae,ITQ96_CENTERED,505.0,485,449.0,0.9257731958762887,0.0742268041237113,4,0.0,0.0
gpt4_8e165409,SIGN96_CENTERED,,480,480.0,1.0,0.0,1,0.0,0.0
gpt4_8e165409,ITQ96_CENTERED,101.0,480,432.0,0.9,0.09999999999999998,6,0.0,0.0
gpt4_8e165409,ITQ96_CENTERED,202.0,480,437.0,0.9104166666666667,0.08958333333333335,5,0.0,0.0
gpt4_8e165409,ITQ96_CENTERED,303.0,480,436.0,0.9083333333333333,0.09166666666666667,6,0.0,0.0
gpt4_8e165409,ITQ96_CENTERED,404.0,480,439.0,0.9145833333333333,0.0854166666666667,5,0.0,0.0
gpt4_8e165409,ITQ96_CENTERED,505.0,480,436.0,0.9083333333333333,0.09166666666666667,4,0.0,0.0
gpt4_93159ced,SIGN96_CENTERED,,444,443.0,0.9977477477477478,0.0022522522522522292,2,0.0,0.0
gpt4_93159ced,ITQ96_CENTERED,101.0,444,416.0,0.9369369369369369,0.06306306306306309,3,0.0,0.0
gpt4_93159ced,ITQ96_CENTERED,202.0,444,411.0,0.9256756756756757,0.07432432432432434,3,0.0,0.0
gpt4_93159ced,ITQ96_CENTERED,303.0,444,412.0,0.9279279279279279,0.07207207207207211,4,0.0,0.0
gpt4_93159ced,ITQ96_CENTERED,404.0,444,414.0,0.9324324324324325,0.06756756756756754,4,0.0,0.0
gpt4_93159ced,ITQ96_CENTERED,505.0,444,419.0,0.9436936936936937,0.056306306306306286,3,0.0,0.0
gpt4_93f6379c,SIGN96_CENTERED,,445,445.0,1.0,0.0,1,0.0,0.0
gpt4_93f6379c,ITQ96_CENTERED,101.0,445,399.0,0.8966292134831461,0.10337078651685394,5,0.0,0.0
gpt4_93f6379c,ITQ96_CENTERED,202.0,445,395.0,0.8876404494382022,0.1123595505617978,4,0.0,0.0
gpt4_93f6379c,ITQ96_CENTERED,303.0,445,394.0,0.8853932584269663,0.11460674157303374,4,0.0,0.0
gpt4_93f6379c,ITQ96_CENTERED,404.0,445,392.0,0.8808988764044944,0.11910112359550562,4,0.0,0.0
gpt4_93f6379c,ITQ96_CENTERED,505.0,445,394.0,0.8853932584269663,0.11460674157303374,4,0.0,0.0
gpt4_98f46fc6,SIGN96_CENTERED,,490,490.0,1.0,0.0,1,0.0,0.0
gpt4_98f46fc6,ITQ96_CENTERED,101.0,490,429.0,0.8755102040816326,0.1244897959183674,7,0.0,0.0
gpt4_98f46fc6,ITQ96_CENTERED,202.0,490,431.0,0.8795918367346939,0.12040816326530612,5,0.0,0.0
gpt4_98f46fc6,ITQ96_CENTERED,303.0,490,413.0,0.8428571428571429,0.15714285714285714,9,0.0,0.0
gpt4_98f46fc6,ITQ96_CENTERED,404.0,490,434.0,0.8857142857142857,0.11428571428571432,6,0.0,0.0
gpt4_98f46fc6,ITQ96_CENTERED,505.0,490,429.0,0.8755102040816326,0.1244897959183674,7,0.0,0.0
gpt4_9a159967,SIGN96_CENTERED,,470,469.0,0.997872340425532,0.0021276595744680327,2,0.0,0.0
gpt4_9a159967,ITQ96_CENTERED,101.0,470,429.0,0.9127659574468086,0.08723404255319145,5,0.0,0.0
gpt4_9a159967,ITQ96_CENTERED,202.0,470,423.0,0.9,0.09999999999999998,5,0.0,0.0
gpt4_9a159967,ITQ96_CENTERED,303.0,470,417.0,0.8872340425531915,0.1127659574468085,6,0.0,0.0
gpt4_9a159967,ITQ96_CENTERED,404.0,470,420.0,0.8936170212765957,0.1063829787234043,4,0.0,0.0
gpt4_9a159967,ITQ96_CENTERED,505.0,470,430.0,0.9148936170212766,0.08510638297872342,3,0.0,0.0
gpt4_a1b77f9c,SIGN96_CENTERED,,498,496.0,0.9959839357429718,0.004016064257028162,2,0.0,0.0
gpt4_a1b77f9c,ITQ96_CENTERED,101.0,498,439.0,0.8815261044176707,0.11847389558232935,9,0.0,0.0
gpt4_a1b77f9c,ITQ96_CENTERED,202.0,498,442.0,0.8875502008032129,0.1124497991967871,9,0.0,0.0
gpt4_a1b77f9c,ITQ96_CENTERED,303.0,498,440.0,0.8835341365461847,0.11646586345381527,9,0.0,0.0
gpt4_a1b77f9c,ITQ96_CENTERED,404.0,498,444.0,0.891566265060241,0.10843373493975905,9,0.0,0.0
gpt4_a1b77f9c,ITQ96_CENTERED,505.0,498,447.0,0.8975903614457831,0.10240963855421692,9,0.0,0.0
gpt4_a2d1d1f6,SIGN96_CENTERED,,476,474.0,0.9957983193277311,0.004201680672268893,3,0.0,0.0
gpt4_a2d1d1f6,ITQ96_CENTERED,101.0,476,420.0,0.8823529411764706,0.11764705882352944,5,0.0,0.0
gpt4_a2d1d1f6,ITQ96_CENTERED,202.0,476,420.0,0.8823529411764706,0.11764705882352944,5,0.0,0.0
gpt4_a2d1d1f6,ITQ96_CENTERED,303.0,476,419.0,0.8802521008403361,0.11974789915966388,5,0.0,0.0
gpt4_a2d1d1f6,ITQ96_CENTERED,404.0,476,426.0,0.8949579831932774,0.10504201680672265,5,0.0,0.0
gpt4_a2d1d1f6,ITQ96_CENTERED,505.0,476,424.0,0.8907563025210085,0.10924369747899154,5,0.0,0.0
gpt4_a56e767c,SIGN96_CENTERED,,477,477.0,1.0,0.0,1,0.0,0.0
gpt4_a56e767c,ITQ96_CENTERED,101.0,477,418.0,0.8763102725366876,0.12368972746331242,7,0.0,0.0
gpt4_a56e767c,ITQ96_CENTERED,202.0,477,427.0,0.8951781970649895,0.10482180293501053,6,0.0,0.0
gpt4_a56e767c,ITQ96_CENTERED,303.0,477,423.0,0.8867924528301887,0.1132075471698113,6,0.0,0.0
gpt4_a56e767c,ITQ96_CENTERED,404.0,477,423.0,0.8867924528301887,0.1132075471698113,5,0.0,0.0
gpt4_a56e767c,ITQ96_CENTERED,505.0,477,423.0,0.8867924528301887,0.1132075471698113,7,0.0,0.0
gpt4_ab202e7f,SIGN96_CENTERED,,481,480.0,0.997920997920998,0.0020790020790020236,2,0.0,0.0
gpt4_ab202e7f,ITQ96_CENTERED,101.0,481,429.0,0.8918918918918919,0.10810810810810811,7,0.0,0.0
gpt4_ab202e7f,ITQ96_CENTERED,202.0,481,429.0,0.8918918918918919,0.10810810810810811,4,0.0,0.0
gpt4_ab202e7f,ITQ96_CENTERED,303.0,481,434.0,0.9022869022869023,0.09771309771309766,4,0.0,0.0
gpt4_ab202e7f,ITQ96_CENTERED,404.0,481,432.0,0.8981288981288982,0.10187110187110182,7,0.0,0.0
gpt4_ab202e7f,ITQ96_CENTERED,505.0,481,425.0,0.8835758835758836,0.11642411642411643,6,0.0,0.0
gpt4_af6db32f,SIGN96_CENTERED,,476,475.0,0.9978991596638656,0.0021008403361344463,2,0.0,0.0
gpt4_af6db32f,ITQ96_CENTERED,101.0,476,430.0,0.9033613445378151,0.09663865546218486,8,0.0,0.0
gpt4_af6db32f,ITQ96_CENTERED,202.0,476,427.0,0.8970588235294118,0.1029411764705882,4,0.0,0.0
gpt4_af6db32f,ITQ96_CENTERED,303.0,476,438.0,0.9201680672268907,0.0798319327731093,5,0.0,0.0
gpt4_af6db32f,ITQ96_CENTERED,404.0,476,433.0,0.9096638655462185,0.09033613445378152,4,0.0,0.0
gpt4_af6db32f,ITQ96_CENTERED,505.0,476,432.0,0.907563025210084,0.09243697478991597,5,0.0,0.0
gpt4_b0863698,SIGN96_CENTERED,,457,456.0,0.9978118161925602,0.002188183807439792,2,0.0,0.0
gpt4_b0863698,ITQ96_CENTERED,101.0,457,431.0,0.9431072210065645,0.05689277899343548,3,0.0,0.0
gpt4_b0863698,ITQ96_CENTERED,202.0,457,430.0,0.9409190371991247,0.05908096280087527,3,0.0,0.0
gpt4_b0863698,ITQ96_CENTERED,303.0,457,428.0,0.936542669584245,0.06345733041575496,3,0.0,0.0
gpt4_b0863698,ITQ96_CENTERED,404.0,457,429.0,0.9387308533916849,0.06126914660831506,3,0.0,0.0
gpt4_b0863698,ITQ96_CENTERED,505.0,457,432.0,0.9452954048140044,0.054704595185995575,3,0.0,0.0
gpt4_b4a80587,SIGN96_CENTERED,,542,536.0,0.988929889298893,0.011070110701106972,2,0.0,0.0
gpt4_b4a80587,ITQ96_CENTERED,101.0,542,458.0,0.8450184501845018,0.15498154981549817,9,0.0,0.0
gpt4_b4a80587,ITQ96_CENTERED,202.0,542,462.0,0.8523985239852399,0.14760147601476015,9,0.0,0.0
gpt4_b4a80587,ITQ96_CENTERED,303.0,542,458.0,0.8450184501845018,0.15498154981549817,7,0.0,0.0
gpt4_b4a80587,ITQ96_CENTERED,404.0,542,454.0,0.8376383763837638,0.16236162361623618,7,0.0,0.0
gpt4_b4a80587,ITQ96_CENTERED,505.0,542,456.0,0.8413284132841329,0.15867158671586712,6,0.0,0.0
gpt4_b5700ca0,SIGN96_CENTERED,,500,500.0,1.0,0.0,1,0.0,0.0
gpt4_b5700ca0,ITQ96_CENTERED,101.0,500,443.0,0.886,0.11399999999999999,5,0.0,0.0
gpt4_b5700ca0,ITQ96_CENTERED,202.0,500,438.0,0.876,0.124,5,0.0,0.0
gpt4_b5700ca0,ITQ96_CENTERED,303.0,500,438.0,0.876,0.124,5,0.0,0.0
gpt4_b5700ca0,ITQ96_CENTERED,404.0,500,439.0,0.878,0.122,5,0.0,0.0
gpt4_b5700ca0,ITQ96_CENTERED,505.0,500,452.0,0.904,0.09599999999999997,5,0.0,0.0
gpt4_b5700ca9,SIGN96_CENTERED,,537,537.0,1.0,0.0,1,0.0,0.0
gpt4_b5700ca9,ITQ96_CENTERED,101.0,537,487.0,0.9068901303538175,0.09310986964618251,7,0.0,0.0
gpt4_b5700ca9,ITQ96_CENTERED,202.0,537,481.0,0.8957169459962756,0.1042830540037244,7,0.0,0.0
gpt4_b5700ca9,ITQ96_CENTERED,303.0,537,489.0,0.9106145251396648,0.08938547486033521,5,0.0,0.0
gpt4_b5700ca9,ITQ96_CENTERED,404.0,537,482.0,0.8975791433891993,0.10242085661080069,8,0.0,0.0
gpt4_b5700ca9,ITQ96_CENTERED,505.0,537,480.0,0.8938547486033519,0.1061452513966481,8,0.0,0.0
gpt4_c27434e8,SIGN96_CENTERED,,500,500.0,1.0,0.0,1,0.0,0.0
gpt4_c27434e8,ITQ96_CENTERED,101.0,500,476.0,0.952,0.04800000000000004,4,0.0,0.0
gpt4_c27434e8,ITQ96_CENTERED,202.0,500,470.0,0.94,0.06000000000000005,4,0.0,0.0
gpt4_c27434e8,ITQ96_CENTERED,303.0,500,464.0,0.928,0.07199999999999995,5,0.0,0.0
gpt4_c27434e8,ITQ96_CENTERED,404.0,500,469.0,0.938,0.062000000000000055,4,0.0,0.0
gpt4_c27434e8,ITQ96_CENTERED,505.0,500,466.0,0.932,0.06799999999999995,4,0.0,0.0
gpt4_cd90e484,SIGN96_CENTERED,,508,507.0,0.9980314960629921,0.0019685039370078705,2,0.0,0.0
gpt4_cd90e484,ITQ96_CENTERED,101.0,508,446.0,0.8779527559055118,0.1220472440944882,7,0.0,0.0
gpt4_cd90e484,ITQ96_CENTERED,202.0,508,446.0,0.8779527559055118,0.1220472440944882,5,0.0,0.0
gpt4_cd90e484,ITQ96_CENTERED,303.0,508,443.0,0.8720472440944882,0.1279527559055118,7,0.0,0.0
gpt4_cd90e484,ITQ96_CENTERED,404.0,508,449.0,0.8838582677165354,0.11614173228346458,5,0.0,0.0
gpt4_cd90e484,ITQ96_CENTERED,505.0,508,452.0,0.889763779527559,0.11023622047244097,6,0.0,0.0
gpt4_d12ceb0e,SIGN96_CENTERED,,477,471.0,0.9874213836477987,0.012578616352201255,3,0.0,0.0
gpt4_d12ceb0e,ITQ96_CENTERED,101.0,477,419.0,0.8784067085953878,0.12159329140461217,8,0.0,0.0
gpt4_d12ceb0e,ITQ96_CENTERED,202.0,477,417.0,0.8742138364779874,0.12578616352201255,8,0.0,0.0
gpt4_d12ceb0e,ITQ96_CENTERED,303.0,477,416.0,0.8721174004192872,0.1278825995807128,8,0.0,0.0
gpt4_d12ceb0e,ITQ96_CENTERED,404.0,477,419.0,0.8784067085953878,0.12159329140461217,7,0.0,0.0
gpt4_d12ceb0e,ITQ96_CENTERED,505.0,477,421.0,0.8825995807127882,0.11740041928721179,8,0.0,0.0
gpt4_d31cdae3,SIGN96_CENTERED,,480,478.0,0.9958333333333333,0.004166666666666652,3,0.0,0.0
gpt4_d31cdae3,ITQ96_CENTERED,101.0,480,427.0,0.8895833333333333,0.11041666666666672,5,0.0,0.0
gpt4_d31cdae3,ITQ96_CENTERED,202.0,480,429.0,0.89375,0.10624999999999996,5,0.0,0.0
gpt4_d31cdae3,ITQ96_CENTERED,303.0,480,431.0,0.8979166666666667,0.1020833333333333,5,0.0,0.0
gpt4_d31cdae3,ITQ96_CENTERED,404.0,480,437.0,0.9104166666666667,0.08958333333333335,5,0.0,0.0
gpt4_d31cdae3,ITQ96_CENTERED,505.0,480,429.0,0.89375,0.10624999999999996,5,0.0,0.0
gpt4_d6585ce8,SIGN96_CENTERED,,491,489.0,0.9959266802443992,0.004073319755600768,2,0.0,0.0
gpt4_d6585ce8,ITQ96_CENTERED,101.0,491,436.0,0.8879837067209776,0.1120162932790224,7,0.0,0.0
gpt4_d6585ce8,ITQ96_CENTERED,202.0,491,431.0,0.8778004073319755,0.12219959266802449,7,0.0,0.0
gpt4_d6585ce8,ITQ96_CENTERED,303.0,491,434.0,0.8839103869653768,0.11608961303462317,7,0.0,0.0
gpt4_d6585ce8,ITQ96_CENTERED,404.0,491,435.0,0.8859470468431772,0.11405295315682284,7,0.0,0.0
gpt4_d6585ce8,ITQ96_CENTERED,505.0,491,431.0,0.8778004073319755,0.12219959266802449,7,0.0,0.0
gpt4_d6585ce9,SIGN96_CENTERED,,438,438.0,1.0,0.0,1,0.0,0.0
gpt4_d6585ce9,ITQ96_CENTERED,101.0,438,402.0,0.9178082191780822,0.0821917808219178,4,0.0,0.0
gpt4_d6585ce9,ITQ96_CENTERED,202.0,438,403.0,0.9200913242009132,0.07990867579908678,4,0.0,0.0
gpt4_d6585ce9,ITQ96_CENTERED,303.0,438,401.0,0.9155251141552512,0.08447488584474883,4,0.0,0.0
gpt4_d6585ce9,ITQ96_CENTERED,404.0,438,397.0,0.906392694063927,0.09360730593607303,4,0.0,0.0
gpt4_d6585ce9,ITQ96_CENTERED,505.0,438,403.0,0.9200913242009132,0.07990867579908678,4,0.0,0.0
gpt4_d84a3211,SIGN96_CENTERED,,495,491.0,0.9919191919191919,0.008080808080808133,4,0.0,0.0
gpt4_d84a3211,ITQ96_CENTERED,101.0,495,454.0,0.9171717171717172,0.0828282828282828,5,0.0,0.0
gpt4_d84a3211,ITQ96_CENTERED,202.0,495,445.0,0.898989898989899,0.101010101010101,6,0.0,0.0
gpt4_d84a3211,ITQ96_CENTERED,303.0,495,443.0,0.8949494949494949,0.10505050505050506,6,0.0,0.0
gpt4_d84a3211,ITQ96_CENTERED,404.0,495,449.0,0.907070707070707,0.09292929292929297,5,0.0,0.0
gpt4_d84a3211,ITQ96_CENTERED,505.0,495,440.0,0.8888888888888888,0.11111111111111116,6,0.0,0.0
gpt4_d9af6064,SIGN96_CENTERED,,534,532.0,0.9962546816479401,0.0037453183520599342,2,0.0,0.0
gpt4_d9af6064,ITQ96_CENTERED,101.0,534,472.0,0.8838951310861424,0.11610486891385763,6,0.0,0.0
gpt4_d9af6064,ITQ96_CENTERED,202.0,534,474.0,0.8876404494382022,0.1123595505617978,6,0.0,0.0
gpt4_d9af6064,ITQ96_CENTERED,303.0,534,462.0,0.8651685393258427,0.1348314606741573,6,0.0,0.0
gpt4_d9af6064,ITQ96_CENTERED,404.0,534,466.0,0.8726591760299626,0.12734082397003743,6,0.0,0.0
gpt4_d9af6064,ITQ96_CENTERED,505.0,534,472.0,0.8838951310861424,0.11610486891385763,5,0.0,0.0
gpt4_e05b82a6,SIGN96_CENTERED,,497,497.0,1.0,0.0,1,0.0,0.0
gpt4_e05b82a6,ITQ96_CENTERED,101.0,497,456.0,0.9175050301810865,0.08249496981891347,6,0.0,0.0
gpt4_e05b82a6,ITQ96_CENTERED,202.0,497,457.0,0.9195171026156942,0.08048289738430581,4,0.0,0.0
gpt4_e05b82a6,ITQ96_CENTERED,303.0,497,455.0,0.9154929577464789,0.08450704225352113,5,0.0,0.0
gpt4_e05b82a6,ITQ96_CENTERED,404.0,497,454.0,0.9134808853118712,0.08651911468812878,4,0.0,0.0
gpt4_e05b82a6,ITQ96_CENTERED,505.0,497,455.0,0.9154929577464789,0.08450704225352113,7,0.0,0.0
gpt4_e061b84f,SIGN96_CENTERED,,467,467.0,1.0,0.0,1,0.0,0.0
gpt4_e061b84f,ITQ96_CENTERED,101.0,467,434.0,0.9293361884368309,0.07066381156316914,4,0.0,0.0
gpt4_e061b84f,ITQ96_CENTERED,202.0,467,434.0,0.9293361884368309,0.07066381156316914,4,0.0,0.0
gpt4_e061b84f,ITQ96_CENTERED,303.0,467,434.0,0.9293361884368309,0.07066381156316914,4,0.0,0.0
gpt4_e061b84f,ITQ96_CENTERED,404.0,467,431.0,0.9229122055674518,0.0770877944325482,4,0.0,0.0
gpt4_e061b84f,ITQ96_CENTERED,505.0,467,434.0,0.9293361884368309,0.07066381156316914,4,0.0,0.0
gpt4_e061b84g,SIGN96_CENTERED,,566,565.0,0.9982332155477032,0.0017667844522968323,2,0.0,0.0
gpt4_e061b84g,ITQ96_CENTERED,101.0,566,490.0,0.8657243816254417,0.13427561837455826,12,0.0,0.0
gpt4_e061b84g,ITQ96_CENTERED,202.0,566,486.0,0.8586572438162544,0.1413427561837456,12,0.0,0.0
gpt4_e061b84g,ITQ96_CENTERED,303.0,566,472.0,0.833922261484099,0.16607773851590102,12,0.0,0.0
gpt4_e061b84g,ITQ96_CENTERED,404.0,566,478.0,0.8445229681978799,0.15547703180212014,12,0.0,0.0
gpt4_e061b84g,ITQ96_CENTERED,505.0,566,487.0,0.8604240282685512,0.13957597173144876,12,0.0,0.0
gpt4_e072b769,SIGN96_CENTERED,,444,443.0,0.9977477477477478,0.0022522522522522292,2,0.0,0.0
gpt4_e072b769,ITQ96_CENTERED,101.0,444,409.0,0.9211711711711712,0.0788288288288288,5,0.0,0.0
gpt4_e072b769,ITQ96_CENTERED,202.0,444,398.0,0.8963963963963963,0.10360360360360366,5,0.0,0.0
gpt4_e072b769,ITQ96_CENTERED,303.0,444,401.0,0.9031531531531531,0.09684684684684686,5,0.0,0.0
gpt4_e072b769,ITQ96_CENTERED,404.0,444,399.0,0.8986486486486487,0.10135135135135132,5,0.0,0.0
gpt4_e072b769,ITQ96_CENTERED,505.0,444,400.0,0.9009009009009009,0.09909909909909909,5,0.0,0.0
gpt4_e414231e,SIGN96_CENTERED,,507,502.0,0.9901380670611439,0.009861932938856066,4,0.0,0.0
gpt4_e414231e,ITQ96_CENTERED,101.0,507,438.0,0.863905325443787,0.13609467455621305,5,0.0,0.0
gpt4_e414231e,ITQ96_CENTERED,202.0,507,447.0,0.8816568047337278,0.11834319526627224,6,0.0,0.0
gpt4_e414231e,ITQ96_CENTERED,303.0,507,433.0,0.854043392504931,0.145956607495069,6,0.0,0.0
gpt4_e414231e,ITQ96_CENTERED,404.0,507,432.0,0.8520710059171598,0.14792899408284022,6,0.0,0.0
gpt4_e414231e,ITQ96_CENTERED,505.0,507,442.0,0.8717948717948718,0.1282051282051282,5,0.0,0.0
gpt4_e414231f,SIGN96_CENTERED,,490,488.0,0.9959183673469387,0.004081632653061273,2,0.0,0.0
gpt4_e414231f,ITQ96_CENTERED,101.0,490,433.0,0.8836734693877552,0.11632653061224485,8,0.0,0.0
gpt4_e414231f,ITQ96_CENTERED,202.0,490,440.0,0.8979591836734694,0.10204081632653061,8,0.0,0.0
gpt4_e414231f,ITQ96_CENTERED,303.0,490,447.0,0.9122448979591836,0.08775510204081638,8,0.0,0.0
gpt4_e414231f,ITQ96_CENTERED,404.0,490,439.0,0.8959183673469387,0.10408163265306125,9,0.0,0.0
gpt4_e414231f,ITQ96_CENTERED,505.0,490,439.0,0.8959183673469387,0.10408163265306125,9,0.0,0.0
gpt4_ec93e27f,SIGN96_CENTERED,,516,516.0,1.0,0.0,1,0.0,0.0
gpt4_ec93e27f,ITQ96_CENTERED,101.0,516,469.0,0.9089147286821705,0.09108527131782951,5,0.0,0.0
gpt4_ec93e27f,ITQ96_CENTERED,202.0,516,460.0,0.8914728682170543,0.10852713178294571,7,0.0,0.0
gpt4_ec93e27f,ITQ96_CENTERED,303.0,516,460.0,0.8914728682170543,0.10852713178294571,5,0.0,0.0
gpt4_ec93e27f,ITQ96_CENTERED,404.0,516,465.0,0.9011627906976745,0.09883720930232553,6,0.0,0.0
gpt4_ec93e27f,ITQ96_CENTERED,505.0,516,463.0,0.8972868217054264,0.1027131782945736,5,0.0,0.0
gpt4_f2262a51,SIGN96_CENTERED,,479,477.0,0.9958246346555324,0.0041753653444676075,2,0.0,0.0
gpt4_f2262a51,ITQ96_CENTERED,101.0,479,414.0,0.8643006263048016,0.13569937369519836,4,0.0,0.0
gpt4_f2262a51,ITQ96_CENTERED,202.0,479,412.0,0.860125260960334,0.13987473903966596,4,0.0,0.0
gpt4_f2262a51,ITQ96_CENTERED,303.0,479,418.0,0.872651356993737,0.12734864300626303,5,0.0,0.0
gpt4_f2262a51,ITQ96_CENTERED,404.0,479,418.0,0.872651356993737,0.12734864300626303,7,0.0,0.0
gpt4_f2262a51,ITQ96_CENTERED,505.0,479,424.0,0.8851774530271399,0.1148225469728601,4,0.0,0.0
gpt4_f420262c,SIGN96_CENTERED,,495,491.0,0.9919191919191919,0.008080808080808133,4,0.0,0.0
gpt4_f420262c,ITQ96_CENTERED,101.0,495,436.0,0.8808080808080808,0.11919191919191918,6,0.0,0.0
gpt4_f420262c,ITQ96_CENTERED,202.0,495,429.0,0.8666666666666667,0.1333333333333333,6,0.0,0.0
gpt4_f420262c,ITQ96_CENTERED,303.0,495,432.0,0.8727272727272727,0.12727272727272732,5,0.0,0.0
gpt4_f420262c,ITQ96_CENTERED,404.0,495,423.0,0.8545454545454545,0.1454545454545455,6,0.0,0.0
gpt4_f420262c,ITQ96_CENTERED,505.0,495,435.0,0.8787878787878788,0.12121212121212122,6,0.0,0.0
gpt4_f420262d,SIGN96_CENTERED,,454,452.0,0.9955947136563876,0.004405286343612369,3,0.0,0.0
gpt4_f420262d,ITQ96_CENTERED,101.0,454,410.0,0.9030837004405287,0.09691629955947134,5,0.0,0.0
gpt4_f420262d,ITQ96_CENTERED,202.0,454,412.0,0.9074889867841409,0.09251101321585908,5,0.0,0.0
gpt4_f420262d,ITQ96_CENTERED,303.0,454,410.0,0.9030837004405287,0.09691629955947134,5,0.0,0.0
gpt4_f420262d,ITQ96_CENTERED,404.0,454,406.0,0.8942731277533039,0.10572687224669608,6,0.0,0.0
gpt4_f420262d,ITQ96_CENTERED,505.0,454,413.0,0.9096916299559471,0.0903083700440529,5,0.0,0.0
gpt4_f49edff3,SIGN96_CENTERED,,498,496.0,0.9959839357429718,0.004016064257028162,2,0.0,0.0
gpt4_f49edff3,ITQ96_CENTERED,101.0,498,443.0,0.8895582329317269,0.11044176706827313,6,0.0,0.0
gpt4_f49edff3,ITQ96_CENTERED,202.0,498,443.0,0.8895582329317269,0.11044176706827313,5,0.0,0.0
gpt4_f49edff3,ITQ96_CENTERED,303.0,498,443.0,0.8895582329317269,0.11044176706827313,5,0.0,0.0
gpt4_f49edff3,ITQ96_CENTERED,404.0,498,446.0,0.8955823293172691,0.10441767068273089,6,0.0,0.0
gpt4_f49edff3,ITQ96_CENTERED,505.0,498,448.0,0.8995983935742972,0.10040160642570284,5,0.0,0.0
gpt4_fa19884c,SIGN96_CENTERED,,507,506.0,0.9980276134122288,0.0019723865877712132,2,0.0,0.0
gpt4_fa19884c,ITQ96_CENTERED,101.0,507,445.0,0.8777120315581854,0.12228796844181455,5,0.0,0.0
gpt4_fa19884c,ITQ96_CENTERED,202.0,507,445.0,0.8777120315581854,0.12228796844181455,5,0.0,0.0
gpt4_fa19884c,ITQ96_CENTERED,303.0,507,448.0,0.883629191321499,0.11637080867850103,5,0.0,0.0
gpt4_fa19884c,ITQ96_CENTERED,404.0,507,441.0,0.8698224852071006,0.1301775147928994,5,0.0,0.0
gpt4_fa19884c,ITQ96_CENTERED,505.0,507,444.0,0.8757396449704142,0.12426035502958577,5,0.0,0.0
gpt4_fa19884d,SIGN96_CENTERED,,556,555.0,0.9982014388489209,0.0017985611510791255,2,0.0,0.0
gpt4_fa19884d,ITQ96_CENTERED,101.0,556,481.0,0.8651079136690647,0.1348920863309353,6,0.0,0.0
gpt4_fa19884d,ITQ96_CENTERED,202.0,556,481.0,0.8651079136690647,0.1348920863309353,6,0.0,0.0
gpt4_fa19884d,ITQ96_CENTERED,303.0,556,475.0,0.85431654676259,0.14568345323741005,6,0.0,0.0
gpt4_fa19884d,ITQ96_CENTERED,404.0,556,473.0,0.8507194244604317,0.1492805755395683,6,0.0,0.0
gpt4_fa19884d,ITQ96_CENTERED,505.0,556,472.0,0.8489208633093526,0.15107913669064743,6,0.0,0.0
gpt4_fe651585,SIGN96_CENTERED,,471,471.0,1.0,0.0,1,0.0,0.0
gpt4_fe651585,ITQ96_CENTERED,101.0,471,430.0,0.9129511677282378,0.08704883227176219,4,0.0,0.0
gpt4_fe651585,ITQ96_CENTERED,202.0,471,432.0,0.9171974522292994,0.08280254777070062,5,0.0,0.0
gpt4_fe651585,ITQ96_CENTERED,303.0,471,433.0,0.9193205944798302,0.08067940552016983,4,0.0,0.0
gpt4_fe651585,ITQ96_CENTERED,404.0,471,430.0,0.9129511677282378,0.08704883227176219,6,0.0,0.0
gpt4_fe651585,ITQ96_CENTERED,505.0,471,434.0,0.921443736730361,0.07855626326963905,5,0.0,0.0
__SUMMARY__,ITQ96_CENTERED,101.0,231606,,0.8940229239534612,0.10597707604653882,23,0.05106382978723404,9.584265266716177e-05
__SUMMARY__,ITQ96_CENTERED,202.0,231606,,0.894136569527668,0.10586343047233207,23,0.05319148936170213,0.00010006832390028847
__SUMMARY__,ITQ96_CENTERED,303.0,231606,,0.8945338694926356,0.10546613050736446,23,0.04468085106382979,8.777514549998345e-05
__SUMMARY__,ITQ96_CENTERED,404.0,231606,,0.8941717522461569,0.1058282477538431,23,0.05106382978723404,9.571151711063436e-05
__SUMMARY__,ITQ96_CENTERED,505.0,231606,,0.8936974068810942,0.10630259311890576,23,0.05531914893617021,0.0001075940311417111
__SUMMARY__,SIGN96_CENTERED,,231606,,0.995505393516143,0.004494606483857035,17,0.0,0.0
