question_id,itq_seed,N_archive,spearman_sign_hamming_vs_itq_hamming,sign_distance_mean,itq_distance_mean,spearman_median,spearman_min,spearman_max
001be529,101,514,0.21408380661514687,48.11089494163424,48.19844357976654,,,
001be529,202,514,0.28433615527500467,48.11089494163424,47.96498054474708,,,
001be529,303,514,0.21977746856199648,48.11089494163424,48.10505836575876,,,
001be529,404,514,0.127903289320322,48.11089494163424,47.824902723735406,,,
001be529,505,514,0.2658212510567973,48.11089494163424,47.675097276264594,,,
00ca467f,101,486,0.21266049808216247,47.32304526748971,47.91975308641975,,,
00ca467f,202,486,0.26623862604213056,47.32304526748971,47.88065843621399,,,
00ca467f,303,486,0.21945675488439323,47.32304526748971,47.89917695473251,,,
00ca467f,404,486,0.17290333738360641,47.32304526748971,47.97942386831276,,,
00ca467f,505,486,0.2595895383378047,47.32304526748971,47.56172839506173,,,
0100672e,101,486,0.1690404215637086,47.751028806584365,48.01851851851852,,,
0100672e,202,486,0.31241870388227855,47.751028806584365,47.8559670781893,,,
0100672e,303,486,0.28988118355960013,47.751028806584365,47.81069958847737,,,
0100672e,404,486,0.17778086389949269,47.751028806584365,48.01234567901235,,,
0100672e,505,486,0.27692919066483335,47.751028806584365,48.00205761316872,,,
01493427,101,487,0.023072917289994634,47.80492813141684,47.889117043121146,,,
01493427,202,487,-0.0065472061945253965,47.80492813141684,47.92813141683778,,,
01493427,303,487,0.024899781205437302,47.80492813141684,47.91991786447639,,,
01493427,404,487,0.1620845183702563,47.80492813141684,48.252566735112936,,,
01493427,505,487,0.1511145950624666,47.80492813141684,47.831622176591374,,,
031748ae,101,494,0.08734904682450427,47.85222672064777,47.983805668016196,,,
031748ae,202,494,0.0749738286282098,47.85222672064777,47.85425101214575,,,
031748ae,303,494,0.09641465395445638,47.85222672064777,47.86032388663968,,,
031748ae,404,494,0.18430911440337883,47.85222672064777,47.92307692307692,,,
031748ae,505,494,0.17318726816332547,47.85222672064777,48.0668016194332,,,
06878be2,101,443,0.2889042955690326,48.25959367945824,48.01354401805869,,,
06878be2,202,443,0.27989538378244333,48.25959367945824,48.065462753950335,,,
06878be2,303,443,0.30711065018505596,48.25959367945824,47.893905191873586,,,
06878be2,404,443,0.26862386445167824,48.25959367945824,47.88261851015801,,,
06878be2,505,443,0.2751817559840845,48.25959367945824,48.10158013544018,,,
06db6396,101,479,0.051776132678306684,47.4258872651357,47.544885177453025,,,
06db6396,202,479,0.052463623021074816,47.4258872651357,47.59916492693111,,,
06db6396,303,479,0.023290979402675924,47.4258872651357,48.05010438413361,,,
06db6396,404,479,0.11180954384229405,47.4258872651357,48.05427974947808,,,
06db6396,505,479,0.10738048264917623,47.4258872651357,48.085594989561585,,,
06f04340,101,503,0.1923542621105641,47.20278330019881,48.12326043737575,,,
06f04340,202,503,0.09726346109973417,47.20278330019881,47.813121272365805,,,
06f04340,303,503,0.13337828198817037,47.20278330019881,47.91451292246521,,,
06f04340,404,503,0.1132715617669697,47.20278330019881,47.912524850894634,,,
06f04340,505,503,0.15448844605161327,47.20278330019881,47.96819085487078,,,
07741c44,101,513,0.09751356058930137,48.06432748538012,48.06237816764133,,,
07741c44,202,513,0.009460952032668305,48.06432748538012,47.6588693957115,,,
07741c44,303,513,0.12836547465276496,48.06432748538012,48.007797270955166,,,
07741c44,404,513,0.1017896123555204,48.06432748538012,48.019493177387915,,,
07741c44,505,513,0.15169424493740136,48.06432748538012,47.72319688109162,,,
07741c45,101,527,0.171922879246428,48.110056925996204,48.15180265654649,,,
07741c45,202,527,0.19753100256781858,48.110056925996204,47.95445920303605,,,
07741c45,303,527,0.09994010614056661,48.110056925996204,48.01897533206831,,,
07741c45,404,527,0.22888766186342102,48.110056925996204,47.98671726755218,,,
07741c45,505,527,0.16083811312969842,48.110056925996204,47.584440227703986,,,
078150f1,101,551,0.3457831094711302,48.01814882032668,47.98548094373866,,,
078150f1,202,551,0.35611875956193967,48.01814882032668,47.79491833030853,,,
078150f1,303,551,0.30727368187984366,48.01814882032668,48.04174228675136,,,
078150f1,404,551,0.35158349087132085,48.01814882032668,47.8021778584392,,,
078150f1,505,551,0.19641500087669742,48.01814882032668,48.225045372050815,,,
07b6f563,101,524,0.1816524855089109,47.79007633587786,48.22328244274809,,,
07b6f563,202,524,0.2495139435789483,47.79007633587786,48.045801526717554,,,
07b6f563,303,524,0.32092230557629947,47.79007633587786,48.23664122137404,,,
07b6f563,404,524,0.23353198486052726,47.79007633587786,48.036259541984734,,,
07b6f563,505,524,0.25175626797162093,47.79007633587786,48.091603053435115,,,
0862e8bf,101,490,0.11858562069045854,48.23877551020408,47.78163265306122,,,
0862e8bf,202,490,0.11174379187834975,48.23877551020408,47.96938775510204,,,
0862e8bf,303,490,0.06548085948138815,48.23877551020408,47.75918367346939,,,
0862e8bf,404,490,0.1981755457875572,48.23877551020408,47.679591836734694,,,
0862e8bf,505,490,0.07687057285973199,48.23877551020408,48.14693877551021,,,
08e075c7,101,484,0.2149366407214598,48.18801652892562,48.247933884297524,,,
08e075c7,202,484,0.09278406437045472,48.18801652892562,48.09504132231405,,,
08e075c7,303,484,0.09010913857129041,48.18801652892562,47.997933884297524,,,
08e075c7,404,484,0.10047605104309631,48.18801652892562,47.99586776859504,,,
08e075c7,505,484,0.06355030366145215,48.18801652892562,48.19214876033058,,,
08f4fc43,101,480,0.1134371826945824,47.93958333333333,47.947916666666664,,,
08f4fc43,202,480,0.13816670059757427,47.93958333333333,48.14375,,,
08f4fc43,303,480,0.13105690664962838,47.93958333333333,48.19166666666667,,,
08f4fc43,404,480,0.17907882157507432,47.93958333333333,48.03333333333333,,,
08f4fc43,505,480,0.11946393068429635,47.93958333333333,47.860416666666666,,,
0977f2af,101,484,0.23037683735433734,48.20454545454545,48.09297520661157,,,
0977f2af,202,484,0.27362915054882503,48.20454545454545,47.892561983471076,,,
0977f2af,303,484,0.24254415591761783,48.20454545454545,48.12809917355372,,,
0977f2af,404,484,0.2856962507589395,48.20454545454545,48.11776859504132,,,
0977f2af,505,484,0.2832178975068417,48.20454545454545,47.71694214876033,,,
099778bb,101,466,0.06966697590272404,48.291845493562235,47.81974248927039,,,
099778bb,202,466,0.161177875560398,48.291845493562235,48.2038626609442,,,
099778bb,303,466,0.05152480228930842,48.291845493562235,48.22961373390558,,,
099778bb,404,466,0.10034743505235734,48.291845493562235,47.71030042918455,,,
099778bb,505,466,0.1375983326834021,48.291845493562235,47.75107296137339,,,
09ba9854,101,479,0.08566800462014593,47.56367432150313,48.09812108559499,,,
09ba9854,202,479,0.09754328745740293,47.56367432150313,47.94363256784969,,,
09ba9854,303,479,0.10775831361016552,47.56367432150313,48.08768267223382,,,
09ba9854,404,479,0.12191452589330387,47.56367432150313,48.15240083507307,,,
09ba9854,505,479,0.1918388042701841,47.56367432150313,47.75991649269311,,,
09d032c9,101,481,0.1910677769665275,47.88149688149688,47.893970893970895,,,
09d032c9,202,481,0.2692565153527161,47.88149688149688,48.20790020790021,,,
09d032c9,303,481,0.3113842041721139,47.88149688149688,48.04573804573805,,,
09d032c9,404,481,0.2772743391234074,47.88149688149688,47.83575883575884,,,
09d032c9,505,481,0.2935889019239346,47.88149688149688,47.972972972972975,,,
0a34ad58,101,485,0.2416415052680885,47.76494845360825,48.14639175257732,,,
0a34ad58,202,485,0.30473862110192884,47.76494845360825,48.00206185567011,,,
0a34ad58,303,485,0.21258943636746946,47.76494845360825,48.05154639175258,,,
0a34ad58,404,485,0.30391816150791257,47.76494845360825,48.11340206185567,,,
0a34ad58,505,485,0.2644403253559459,47.76494845360825,48.06185567010309,,,
0a995998,101,484,0.2148996357522608,47.611570247933884,47.92768595041322,,,
0a995998,202,484,0.05836670697684317,47.611570247933884,47.84297520661157,,,
0a995998,303,484,0.13129049800578216,47.611570247933884,47.921487603305785,,,
0a995998,404,484,0.09105935451793297,47.611570247933884,48.26652892561984,,,
0a995998,505,484,0.1492050709697265,47.611570247933884,47.917355371900825,,,
0bb5a684,101,463,0.08296108250364853,47.70194384449244,48.13390928725702,,,
0bb5a684,202,463,0.03577755435550852,47.70194384449244,47.9719222462203,,,
0bb5a684,303,463,0.050198761260952185,47.70194384449244,47.885529157667385,,,
0bb5a684,404,463,0.039300268902772814,47.70194384449244,48.043196544276455,,,
0bb5a684,505,463,0.06607354385063145,47.70194384449244,47.70194384449244,,,
0bc8ad92,101,443,0.243583830120038,48.43115124153499,47.747178329571106,,,
0bc8ad92,202,443,0.20969622358588993,48.43115124153499,47.81489841986456,,,
0bc8ad92,303,443,0.16323337361522527,48.43115124153499,47.75620767494357,,,
0bc8ad92,404,443,0.17166297720205997,48.43115124153499,47.8058690744921,,,
0bc8ad92,505,443,0.098377726611936,48.43115124153499,48.011286681715575,,,
0bc8ad93,101,486,0.13064252936042453,48.09670781893004,48.09465020576132,,,
0bc8ad93,202,486,0.1513636800791655,48.09670781893004,48.1522633744856,,,
0bc8ad93,303,486,0.0950436267712197,48.09670781893004,48.04320987654321,,,
0bc8ad93,404,486,0.12044711015543356,48.09670781893004,48.047325102880656,,,
0bc8ad93,505,486,0.16808617001349452,48.09670781893004,47.81687242798354,,,
0db4c65d,101,462,0.1946211336493644,47.79220779220779,47.83549783549783,,,
0db4c65d,202,462,-0.007816852476033457,47.79220779220779,47.874458874458874,,,
0db4c65d,303,462,0.23669824788120034,47.79220779220779,47.833333333333336,,,
0db4c65d,404,462,0.061678824853641755,47.79220779220779,47.68614718614719,,,
0db4c65d,505,462,0.25619705325182435,47.79220779220779,47.74242424242424,,,
0ddfec37,101,483,0.054541101472936754,47.32298136645963,47.94824016563147,,,
0ddfec37,202,483,0.10820138464465054,47.32298136645963,47.87577639751553,,,
0ddfec37,303,483,0.09530128098541772,47.32298136645963,48.47412008281574,,,
0ddfec37,404,483,0.10529805433401614,47.32298136645963,47.87163561076605,,,
0ddfec37,505,483,0.09036917254256255,47.32298136645963,48.13457556935818,,,
0e4e4c46,101,481,0.1292515804862413,47.983367983367984,48.03534303534303,,,
0e4e4c46,202,481,0.1608017298037983,47.983367983367984,47.7962577962578,,,
0e4e4c46,303,481,0.21852959169063324,47.983367983367984,47.81912681912682,,,
0e4e4c46,404,481,0.05524356441712804,47.983367983367984,47.95426195426195,,,
0e4e4c46,505,481,0.22274059874928212,47.983367983367984,47.80873180873181,,,
0e5e2d1a,101,450,0.18362121804261233,47.62222222222222,47.95111111111111,,,
0e5e2d1a,202,450,0.06710673027796621,47.62222222222222,47.971111111111114,,,
0e5e2d1a,303,450,0.11481615445938342,47.62222222222222,48.02444444444444,,,
0e5e2d1a,404,450,-0.05294557999160224,47.62222222222222,48.297777777777775,,,
0e5e2d1a,505,450,0.04231170187026628,47.62222222222222,47.888888888888886,,,
0ea62687,101,460,0.14856525857818248,47.721739130434784,48.13695652173913,,,
0ea62687,202,460,0.17676769439093834,47.721739130434784,47.97391304347826,,,
0ea62687,303,460,0.05621715365994362,47.721739130434784,48.208695652173915,,,
0ea62687,404,460,0.16145939859226893,47.721739130434784,47.97826086956522,,,
0ea62687,505,460,0.11164294729823714,47.721739130434784,47.969565217391306,,,
0edc2aef,101,475,0.21112517716385357,47.69894736842105,47.95578947368421,,,
0edc2aef,202,475,0.21321985610763364,47.69894736842105,47.741052631578945,,,
0edc2aef,303,475,0.1656186763242269,47.69894736842105,47.86526315789474,,,
0edc2aef,404,475,0.22183592671182412,47.69894736842105,48.1178947368421,,,
0edc2aef,505,475,0.19811416727396344,47.69894736842105,47.98947368421052,,,
0f05491a,101,489,0.18013083171842373,47.58895705521472,47.8118609406953,,,
0f05491a,202,489,0.015542793364541545,47.58895705521472,47.84049079754601,,,
0f05491a,303,489,0.11722508044353736,47.58895705521472,48.32719836400818,,,
0f05491a,404,489,0.03199494550759906,47.58895705521472,47.84662576687116,,,
0f05491a,505,489,0.13253983605980224,47.58895705521472,48.13087934560327,,,
10d9b85a,101,466,0.26898333565336713,48.223175965665234,48.072961373390555,,,
10d9b85a,202,466,0.3107707579656836,48.223175965665234,47.81330472103004,,,
10d9b85a,303,466,0.3644492915987248,48.223175965665234,48.081545064377686,,,
10d9b85a,404,466,0.2841663319176211,48.223175965665234,48.182403433476395,,,
10d9b85a,505,466,0.2707200889275155,48.223175965665234,47.896995708154506,,,
10e09553,101,472,0.21165099584968367,47.55084745762712,48.07627118644068,,,
10e09553,202,472,0.13444341196787346,47.55084745762712,48.139830508474574,,,
10e09553,303,472,0.17840415915931168,47.55084745762712,48.141949152542374,,,
10e09553,404,472,0.06140946325405151,47.55084745762712,47.92796610169491,,,
10e09553,505,472,0.10792600063416771,47.55084745762712,47.91737288135593,,,
118b2229,101,485,0.2087674450235219,47.65979381443299,48.24948453608248,,,
118b2229,202,485,0.24800526618554886,47.65979381443299,47.83711340206185,,,
118b2229,303,485,0.28067123995573967,47.65979381443299,48.035051546391756,,,
118b2229,404,485,0.26427147405161167,47.65979381443299,47.34226804123711,,,
118b2229,505,485,0.19385622866404506,47.65979381443299,47.608247422680414,,,
1192316e,101,467,0.24945682411133624,47.940042826552464,48.02997858672377,,,
1192316e,202,467,0.2669157215012291,47.940042826552464,47.805139186295506,,,
1192316e,303,467,0.26227915235677346,47.940042826552464,47.91434689507495,,,
1192316e,404,467,0.1984360351225616,47.940042826552464,47.92077087794433,,,
1192316e,505,467,0.3068983958897408,47.940042826552464,48.12419700214133,,,
129d1232,101,451,0.21474957428889666,48.248337028824835,47.89578713968958,,,
129d1232,202,451,0.20735090594227462,48.248337028824835,47.933481152993345,,,
129d1232,303,451,0.28909715163684396,48.248337028824835,48.29711751662971,,,
129d1232,404,451,0.29977743296372517,48.248337028824835,48.09534368070953,,,
129d1232,505,451,0.2557925317295386,48.248337028824835,48.13968957871397,,,
1568498a,101,478,0.12236515537225413,47.77405857740586,48.14225941422594,,,
1568498a,202,478,0.17161883316187945,47.77405857740586,48.03138075313807,,,
1568498a,303,478,0.1806657200085912,47.77405857740586,48.36401673640167,,,
1568498a,404,478,0.1169354259634413,47.77405857740586,48.14644351464435,,,
1568498a,505,478,0.2166796755793244,47.77405857740586,47.94142259414226,,,
15745da0,101,474,0.0007015180157741503,47.80801687763713,47.67088607594937,,,
15745da0,202,474,0.039793435858640896,47.80801687763713,47.95569620253165,,,
15745da0,303,474,0.08983526255759125,47.80801687763713,48.00632911392405,,,
15745da0,404,474,0.09088746554533501,47.80801687763713,47.86286919831224,,,
15745da0,505,474,0.17086767401763234,47.80801687763713,47.881856540084385,,,
157a136e,101,503,0.1901801689433662,47.76938369781312,47.8727634194831,,,
157a136e,202,503,0.20988972329534936,47.76938369781312,47.95825049701789,,,
157a136e,303,503,0.20537569071849548,47.76938369781312,48.07157057654076,,,
157a136e,404,503,0.2168597813057497,47.76938369781312,48.363817097415506,,,
157a136e,505,503,0.210372304823754,47.76938369781312,48.19681908548708,,,
16c90bf4,101,509,0.14995794856907904,47.5049115913556,47.99803536345776,,,
16c90bf4,202,509,0.27224046716182293,47.5049115913556,48.23968565815324,,,
16c90bf4,303,509,0.15914543443409915,47.5049115913556,47.854616895874265,,,
16c90bf4,404,509,0.260967274464352,47.5049115913556,47.90569744597249,,,
16c90bf4,505,509,0.1944165483763201,47.5049115913556,48.084479371316306,,,
184da446,101,473,0.30280803423016095,47.48625792811839,48.05496828752643,,,
184da446,202,473,0.17393529352618825,47.48625792811839,47.832980972515855,,,
184da446,303,473,0.09472103108778789,47.48625792811839,48.01902748414376,,,
184da446,404,473,0.11099512597216521,47.48625792811839,48.13530655391121,,,
184da446,505,473,0.12963268896233288,47.48625792811839,47.71247357293869,,,
18bc8abd,101,436,0.10084516367282442,48.17201834862385,47.97477064220183,,,
18bc8abd,202,436,0.14588760082743357,48.17201834862385,47.81880733944954,,,
18bc8abd,303,436,0.10563922221467704,48.17201834862385,47.8348623853211,,,
18bc8abd,404,436,0.0922441481316507,48.17201834862385,48.0,,,
18bc8abd,505,436,0.16321320323306537,48.17201834862385,48.03211009174312,,,
18dcd5a5,101,503,0.45469956278870394,48.14314115308151,47.8051689860835,,,
18dcd5a5,202,503,0.40989474017196287,48.14314115308151,47.95228628230616,,,
18dcd5a5,303,503,0.3739521616548521,48.14314115308151,48.06958250497018,,,
18dcd5a5,404,503,0.45721610280538993,48.14314115308151,48.009940357852884,,,
18dcd5a5,505,503,0.36500212399392024,48.14314115308151,47.79324055666004,,,
1903aded,101,486,0.28655484522174135,48.148148148148145,47.91769547325103,,,
1903aded,202,486,0.23883244504677717,48.148148148148145,48.224279835390945,,,
1903aded,303,486,0.21438764554407966,48.148148148148145,48.48148148148148,,,
1903aded,404,486,0.2304357088439898,48.148148148148145,48.053497942386834,,,
1903aded,505,486,0.22431448238518484,48.148148148148145,47.915637860082306,,,
195a1a1b,101,515,0.29990406976475353,47.918446601941746,47.949514563106796,,,
195a1a1b,202,515,0.2151371683384873,47.918446601941746,48.05825242718446,,,
195a1a1b,303,515,0.29431703467796044,47.918446601941746,48.0252427184466,,,
195a1a1b,404,515,0.28654461977234835,47.918446601941746,48.067961165048544,,,
195a1a1b,505,515,0.2739545536930017,47.918446601941746,48.12621359223301,,,
19b5f2b3,101,482,0.20818236525786765,48.03941908713693,47.912863070539416,,,
19b5f2b3,202,482,0.2667960606604611,48.03941908713693,47.99792531120332,,,
19b5f2b3,303,482,0.253819289148439,48.03941908713693,47.850622406639005,,,
19b5f2b3,404,482,0.23513336832647086,48.03941908713693,47.829875518672196,,,
19b5f2b3,505,482,0.21355745798227516,48.03941908713693,47.98755186721991,,,
1a1907b4,101,532,0.29425101776223506,48.14473684210526,47.714285714285715,,,
1a1907b4,202,532,0.14419480703633325,48.14473684210526,47.9812030075188,,,
1a1907b4,303,532,0.2603335765731721,48.14473684210526,47.857142857142854,,,
1a1907b4,404,532,0.2121829794614089,48.14473684210526,47.74812030075188,,,
1a1907b4,505,532,0.26946351859732426,48.14473684210526,48.12593984962406,,,
1a8a66a6,101,501,0.19031909191909036,48.05588822355289,47.800399201596804,,,
1a8a66a6,202,501,0.12812130914975214,48.05588822355289,47.91017964071856,,,
1a8a66a6,303,501,0.12209948234780656,48.05588822355289,47.80439121756487,,,
1a8a66a6,404,501,0.21241838263395713,48.05588822355289,47.82035928143713,,,
1a8a66a6,505,501,0.2674613399706666,48.05588822355289,47.96007984031936,,,
1b9b7252,101,466,0.20320745524996814,47.88841201716738,47.84334763948498,,,
1b9b7252,202,466,0.28433282130899185,47.88841201716738,48.09012875536481,,,
1b9b7252,303,466,0.2587460761587757,47.88841201716738,47.802575107296136,,,
1b9b7252,404,466,0.2908999801974164,47.88841201716738,48.14377682403433,,,
1b9b7252,505,466,0.22882647814316748,47.88841201716738,47.84549356223176,,,
1c0ddc50,101,548,0.18577078922937995,47.80474452554745,47.917883211678834,,,
1c0ddc50,202,548,0.12844086064560717,47.80474452554745,47.93978102189781,,,
1c0ddc50,303,548,0.23404289292008787,47.80474452554745,47.90693430656934,,,
1c0ddc50,404,548,0.1587194782752379,47.80474452554745,47.87043795620438,,,
1c0ddc50,505,548,0.2658505134950681,47.80474452554745,47.943430656934304,,,
1c549ce4,101,462,0.17534655498375132,47.298701298701296,48.002164502164504,,,
1c549ce4,202,462,0.07153520749128763,47.298701298701296,48.05194805194805,,,
1c549ce4,303,462,0.08590125809925085,47.298701298701296,47.811688311688314,,,
1c549ce4,404,462,0.10607342259048563,47.298701298701296,48.073593073593074,,,
1c549ce4,505,462,0.13991036368396306,47.298701298701296,47.97186147186147,,,
1cea1afa,101,485,0.19768944135770303,47.83092783505155,47.64123711340206,,,
1cea1afa,202,485,0.16999919360947766,47.83092783505155,48.057731958762886,,,
1cea1afa,303,485,0.12130424182325207,47.83092783505155,47.82680412371134,,,
1cea1afa,404,485,0.26306703157342975,47.83092783505155,47.89278350515464,,,
1cea1afa,505,485,0.1486837923393375,47.83092783505155,48.21443298969072,,,
1d4da289,101,506,0.12360987386430018,48.58498023715415,47.82213438735178,,,
1d4da289,202,506,0.12656675307405044,48.58498023715415,47.630434782608695,,,
1d4da289,303,506,0.17632229241675695,48.58498023715415,47.873517786561266,,,
1d4da289,404,506,0.10282490379158726,48.58498023715415,48.04347826086956,,,
1d4da289,505,506,0.26276794450575736,48.58498023715415,47.784584980237156,,,
1d4e3b97,101,474,0.17671891125248015,48.11603375527426,47.90295358649789,,,
1d4e3b97,202,474,0.12451771614385028,48.11603375527426,48.02320675105485,,,
1d4e3b97,303,474,0.11489696132454912,48.11603375527426,47.79324894514768,,,
1d4e3b97,404,474,0.12038957570114656,48.11603375527426,48.01898734177215,,,
1d4e3b97,505,474,0.20456705783347176,48.11603375527426,47.91561181434599,,,
1da05512,101,462,0.15627180717374567,47.46969696969697,47.976190476190474,,,
1da05512,202,462,0.18912455710779794,47.46969696969697,47.904761904761905,,,
1da05512,303,462,0.21858367196046907,47.46969696969697,48.14718614718615,,,
1da05512,404,462,0.26658013676687464,47.46969696969697,47.8982683982684,,,
1da05512,505,462,0.3239010893572805,47.46969696969697,48.01298701298701,,,
1de5cff2,101,473,0.057059043525908806,47.1585623678647,47.77589852008457,,,
1de5cff2,202,473,0.08988194360240064,47.1585623678647,47.79281183932347,,,
1de5cff2,303,473,0.1297508699296196,47.1585623678647,47.551797040169134,,,
1de5cff2,404,473,0.0917340586708056,47.1585623678647,48.0,,,
1de5cff2,505,473,0.12388571894480363,47.1585623678647,47.887949260042284,,,
1e043500,101,510,0.07055003559005234,47.51372549019608,47.884313725490195,,,
1e043500,202,510,0.04516833307277359,47.51372549019608,47.80196078431373,,,
1e043500,303,510,0.021551719348049468,47.51372549019608,48.227450980392156,,,
1e043500,404,510,0.10212343774501362,47.51372549019608,47.970588235294116,,,
1e043500,505,510,0.11650255472314963,47.51372549019608,47.85098039215686,,,
1f2b8d4f,101,522,0.09557609258963712,47.6360153256705,47.940613026819925,,,
1f2b8d4f,202,522,0.23195492522803746,47.6360153256705,47.911877394636015,,,
1f2b8d4f,303,522,0.06955663118316209,47.6360153256705,48.371647509578544,,,
1f2b8d4f,404,522,0.15901710187231566,47.6360153256705,47.86206896551724,,,
1f2b8d4f,505,522,0.1461313196687873,47.6360153256705,48.1455938697318,,,
1faac195,101,494,0.16829629096275817,48.26923076923077,48.21052631578947,,,
1faac195,202,494,0.13788026146038584,48.26923076923077,47.58097165991903,,,
1faac195,303,494,0.18260586761856304,48.26923076923077,48.54858299595141,,,
1faac195,404,494,0.11427651212918075,48.26923076923077,47.87246963562753,,,
1faac195,505,494,0.1519885412929462,48.26923076923077,47.97570850202429,,,
2133c1b5,101,523,0.23872916085675547,48.541108986615676,48.17973231357553,,,
2133c1b5,202,523,0.2474113785195131,48.541108986615676,47.46271510516252,,,
2133c1b5,303,523,0.24240901742356352,48.541108986615676,48.16634799235182,,,
2133c1b5,404,523,0.31948140972442307,48.541108986615676,47.95028680688336,,,
2133c1b5,505,523,0.3105107575584597,48.541108986615676,48.04206500956023,,,
21436231,101,512,0.14290972627173126,47.537109375,48.0,,,
21436231,202,512,0.06768155911560968,47.537109375,47.935546875,,,
21436231,303,512,0.06388841252904263,47.537109375,47.962890625,,,
21436231,404,512,0.13652788444828068,47.537109375,48.111328125,,,
21436231,505,512,0.06671113404712807,47.537109375,47.97265625,,,
21d02d0d,101,497,0.2459911533633946,47.91146881287727,48.04627766599597,,,
21d02d0d,202,497,0.2194293584099249,47.91146881287727,48.12072434607646,,,
21d02d0d,303,497,0.18330292536689258,47.91146881287727,47.79476861167002,,,
21d02d0d,404,497,0.23080445278872386,47.91146881287727,48.43460764587525,,,
21d02d0d,505,497,0.24841414020728692,47.91146881287727,47.84507042253521,,,
22d2cb42,101,473,0.05730692195914037,47.809725158562365,48.02325581395349,,,
22d2cb42,202,473,0.08218612268060636,47.809725158562365,48.00211416490486,,,
22d2cb42,303,473,0.0973739095579891,47.809725158562365,47.56025369978858,,,
22d2cb42,404,473,0.08166740743802281,47.809725158562365,47.95137420718816,,,
22d2cb42,505,473,0.11077672687699884,47.809725158562365,47.758985200845665,,,
2311e44b,101,493,0.0008367502156126096,47.782961460446245,48.21501014198783,,,
2311e44b,202,493,0.12479645177804768,47.782961460446245,48.17038539553752,,,
2311e44b,303,493,0.19653691608183413,47.782961460446245,48.04868154158215,,,
2311e44b,404,493,0.05179584722558726,47.782961460446245,47.65111561866126,,,
2311e44b,505,493,0.15997114135684265,47.782961460446245,48.01622718052738,,,
2318644b,101,523,0.24260976097017203,47.48374760994264,48.31166347992352,,,
2318644b,202,523,0.2817336357022732,47.48374760994264,47.95219885277247,,,
2318644b,303,523,0.2524248867404187,47.48374760994264,47.927342256214146,,,
2318644b,404,523,0.24390331599203796,47.48374760994264,48.003824091778206,,,
2318644b,505,523,0.20068254463995708,47.48374760994264,48.29445506692161,,,
25e5aa4f,101,506,0.1400883607929464,47.26877470355731,47.95454545454545,,,
25e5aa4f,202,506,0.154574657912645,47.26877470355731,47.86166007905138,,,
25e5aa4f,303,506,0.24152844235204576,47.26877470355731,47.984189723320156,,,
25e5aa4f,404,506,0.20575732349671233,47.26877470355731,47.962450592885375,,,
25e5aa4f,505,506,0.12268681769739073,47.26877470355731,47.958498023715414,,,
2698e78f,101,478,0.16342892075040086,48.06066945606695,47.77615062761506,,,
2698e78f,202,478,-0.001088330312383275,48.06066945606695,47.55439330543933,,,
2698e78f,303,478,0.0916421445453404,48.06066945606695,47.89539748953975,,,
2698e78f,404,478,0.14348500151579194,48.06066945606695,48.03765690376569,,,
2698e78f,505,478,0.13986374211341893,48.06066945606695,47.93933054393305,,,
26bdc477,101,498,0.092952796100567,48.47791164658634,47.84738955823293,,,
26bdc477,202,498,0.20919182482043372,48.47791164658634,47.903614457831324,,,
26bdc477,303,498,0.1623088081846938,48.47791164658634,47.889558232931726,,,
26bdc477,404,498,0.17479160859986306,48.47791164658634,48.3574297188755,,,
26bdc477,505,498,0.04283707709813043,48.47791164658634,48.0140562248996,,,
27016adc,101,491,0.07445292281502595,48.085539714867615,48.16293279022403,,,
27016adc,202,491,0.11304063070322012,48.085539714867615,47.76374745417515,,,
27016adc,303,491,0.02787837543743605,48.085539714867615,48.091649694501015,,,
27016adc,404,491,0.010898307018251478,48.085539714867615,48.08961303462322,,,
27016adc,505,491,-0.02246069173060707,48.085539714867615,47.96334012219959,,,
2788b940,101,475,0.1610584475096627,48.44421052631579,47.816842105263156,,,
2788b940,202,475,0.18577136826224902,48.44421052631579,48.1978947368421,,,
2788b940,303,475,0.13754606811534645,48.44421052631579,47.77263157894737,,,
2788b940,404,475,0.2037053750835951,48.44421052631579,48.31578947368421,,,
2788b940,505,475,0.1709447630798075,48.44421052631579,47.58526315789474,,,
28bcfaac,101,500,0.09226073659065592,48.11,48.242,,,
28bcfaac,202,500,0.13156301154412484,48.11,48.096,,,
28bcfaac,303,500,0.09993926943536457,48.11,48.23,,,
28bcfaac,404,500,0.2245491832122815,48.11,48.036,,,
28bcfaac,505,500,0.10912573708019253,48.11,47.746,,,
28dc39ac,101,431,0.14660807683595886,48.167053364269144,48.00232018561485,,,
28dc39ac,202,431,0.27034072609301607,48.167053364269144,48.19721577726218,,,
28dc39ac,303,431,0.21505693749263194,48.167053364269144,48.208816705336424,,,
28dc39ac,404,431,0.21492054206264474,48.167053364269144,47.96055684454756,,,
28dc39ac,505,431,0.2307508501325945,48.167053364269144,48.45475638051044,,,
29f2956b,101,496,0.23587134668879875,48.028225806451616,48.15120967741935,,,
29f2956b,202,496,0.1631210222062474,48.028225806451616,47.97782258064516,,,
29f2956b,303,496,0.13105010786473523,48.028225806451616,48.118951612903224,,,
29f2956b,404,496,0.22379508976451898,48.028225806451616,48.07056451612903,,,
29f2956b,505,496,0.2533681727522533,48.028225806451616,47.95564516129032,,,
2a1811e2,101,479,0.22575285692953756,48.48016701461378,48.2713987473904,,,
2a1811e2,202,479,0.22691947009088317,48.48016701461378,47.822546972860124,,,
2a1811e2,303,479,0.2028171892601377,48.48016701461378,47.64509394572025,,,
2a1811e2,404,479,0.16638391889587192,48.48016701461378,47.86012526096033,,,
2a1811e2,505,479,0.2212604474814106,48.48016701461378,47.94572025052192,,,
2b8f3739,101,491,0.20008557738656801,48.06109979633401,48.04073319755601,,,
2b8f3739,202,491,0.24187163567436423,48.06109979633401,47.89613034623218,,,
2b8f3739,303,491,0.11031629734888547,48.06109979633401,47.883910386965375,,,
2b8f3739,404,491,0.17712693462093,48.06109979633401,48.032586558044805,,,
2b8f3739,505,491,0.1263815912733771,48.06109979633401,48.13034623217923,,,
2bf43736,101,478,0.04948455776737473,48.19665271966527,47.67573221757322,,,
2bf43736,202,478,0.06562884742537428,48.19665271966527,48.24476987447699,,,
2bf43736,303,478,0.08434620474199601,48.19665271966527,48.24476987447699,,,
2bf43736,404,478,0.08345476167076563,48.19665271966527,47.7928870292887,,,
2bf43736,505,478,-0.09229371283755819,48.19665271966527,47.7907949790795,,,
2c63a862,101,529,0.36238704253713394,48.04347826086956,47.93761814744801,,,
2c63a862,202,529,0.2989360518542021,48.04347826086956,47.57277882797732,,,
2c63a862,303,529,0.2757399706069387,48.04347826086956,47.93194706994329,,,
2c63a862,404,529,0.3142525726765949,48.04347826086956,47.98109640831758,,,
2c63a862,505,529,0.2515183107543764,48.04347826086956,47.896030245746694,,,
2ce6a0f2,101,480,0.18942085494400984,47.83541666666667,48.06666666666667,,,
2ce6a0f2,202,480,0.14438761499067704,47.83541666666667,47.925,,,
2ce6a0f2,303,480,0.1742273916413426,47.83541666666667,47.86666666666667,,,
2ce6a0f2,404,480,0.23334130055168856,47.83541666666667,47.93125,,,
2ce6a0f2,505,480,0.1914875683231419,47.83541666666667,48.05,,,
2e6d26dc,101,494,0.2316073395380402,47.92307692307692,48.058704453441294,,,
2e6d26dc,202,494,0.2259113631978352,47.92307692307692,47.888663967611336,,,
2e6d26dc,303,494,0.25858500743444984,47.92307692307692,48.03238866396761,,,
2e6d26dc,404,494,0.19183888466203353,47.92307692307692,47.61538461538461,,,
2e6d26dc,505,494,0.2580866605209999,47.92307692307692,47.78542510121458,,,
2ebe6c90,101,485,0.1439137224921682,48.00824742268041,47.72989690721649,,,
2ebe6c90,202,485,0.08826732196184221,48.00824742268041,47.929896907216495,,,
2ebe6c90,303,485,0.1826709859636138,48.00824742268041,47.72989690721649,,,
2ebe6c90,404,485,0.15662068080808858,48.00824742268041,48.20618556701031,,,
2ebe6c90,505,485,0.18975966593064084,48.00824742268041,47.87422680412371,,,
2ebe6c92,101,487,0.27145378420677174,48.303901437371664,47.65503080082136,,,
2ebe6c92,202,487,0.2902705074850692,48.303901437371664,48.02669404517454,,,
2ebe6c92,303,487,0.1593119738665085,48.303901437371664,48.36139630390144,,,
2ebe6c92,404,487,0.2997836531113342,48.303901437371664,48.034907597535934,,,
2ebe6c92,505,487,0.2951212131210283,48.303901437371664,47.84804928131417,,,
311778f1,101,500,0.22192619117075438,47.772,48.032,,,
311778f1,202,500,0.18349895332993446,47.772,48.008,,,
311778f1,303,500,0.2148714241635165,47.772,47.904,,,
311778f1,404,500,0.220816455074373,47.772,48.072,,,
311778f1,505,500,0.2547957932512626,47.772,47.802,,,
32260d93,101,524,0.2690836694216455,47.93511450381679,48.337786259541986,,,
32260d93,202,524,0.3141070414923326,47.93511450381679,47.92557251908397,,,
32260d93,303,524,0.3683009070424667,47.93511450381679,48.23854961832061,,,
32260d93,404,524,0.17880518075399726,47.93511450381679,48.06106870229008,,,
32260d93,505,524,0.2794891817441601,47.93511450381679,47.98854961832061,,,
3249768e,101,475,0.11431389899268361,48.09684210526316,48.282105263157895,,,
3249768e,202,475,0.06441653592381633,48.09684210526316,47.92631578947368,,,
3249768e,303,475,0.08952512640116413,48.09684210526316,47.99368421052632,,,
3249768e,404,475,0.12019039941460784,48.09684210526316,48.04421052631579,,,
3249768e,505,475,0.06511030143595523,48.09684210526316,47.938947368421054,,,
352ab8bd,101,539,0.14685261936713312,47.69387755102041,48.037105751391465,,,
352ab8bd,202,539,0.12242884867936794,47.69387755102041,47.79777365491651,,,
352ab8bd,303,539,0.09183654980580859,47.69387755102041,48.191094619666046,,,
352ab8bd,404,539,0.08834449889181738,47.69387755102041,48.2430426716141,,,
352ab8bd,505,539,0.1159825008121174,47.69387755102041,48.27458256029685,,,
35a27287,101,519,0.2669719708448853,48.02312138728324,47.96146435452794,,,
35a27287,202,519,0.25346466546717206,48.02312138728324,48.262042389210016,,,
35a27287,303,519,0.15932553818723078,48.02312138728324,47.616570327552985,,,
35a27287,404,519,0.23585589381103247,48.02312138728324,47.737957610789984,,,
35a27287,505,519,0.13914793491852298,48.02312138728324,47.72832369942196,,,
36580ce8,101,545,0.3333971935836354,48.25137614678899,47.74311926605505,,,
36580ce8,202,545,0.30491552740866507,48.25137614678899,47.95229357798165,,,
36580ce8,303,545,0.3459430973433032,48.25137614678899,47.972477064220186,,,
36580ce8,404,545,0.2800062130540486,48.25137614678899,47.88623853211009,,,
36580ce8,505,545,0.32785331735612244,48.25137614678899,47.862385321100916,,,
36b9f61e,101,490,0.13196320993967506,48.06122448979592,47.779591836734696,,,
36b9f61e,202,490,0.06868319279628862,48.06122448979592,48.26326530612245,,,
36b9f61e,303,490,0.04358393541102175,48.06122448979592,47.795918367346935,,,
36b9f61e,404,490,0.08608637626429726,48.06122448979592,48.17142857142857,,,
36b9f61e,505,490,0.1367647433300837,48.06122448979592,47.95918367346939,,,
370a8ff4,101,498,0.039823232336564936,47.963855421686745,48.002008032128515,,,
370a8ff4,202,498,0.08289983496582508,47.963855421686745,47.71285140562249,,,
370a8ff4,303,498,0.08866607097308507,47.963855421686745,47.80120481927711,,,
370a8ff4,404,498,0.016398677405067646,47.963855421686745,47.8855421686747,,,
370a8ff4,505,498,-0.007286690947256744,47.963855421686745,47.833333333333336,,,
37d43f65,101,533,0.17674377866484425,47.8968105065666,47.690431519699814,,,
37d43f65,202,533,0.16771845246961958,47.8968105065666,47.78048780487805,,,
37d43f65,303,533,0.12451339423046894,47.8968105065666,48.1031894934334,,,
37d43f65,404,533,0.2138676089737784,47.8968105065666,48.09756097560975,,,
37d43f65,505,533,0.13083679832308812,47.8968105065666,47.9906191369606,,,
37f165cf,101,567,0.07240582847066562,47.310405643738974,47.61199294532628,,,
37f165cf,202,567,0.18981623256903454,47.310405643738974,48.054673721340386,,,
37f165cf,303,567,0.17193759610812331,47.310405643738974,47.95061728395062,,,
37f165cf,404,567,0.07479796748347745,47.310405643738974,47.89417989417989,,,
37f165cf,505,567,0.12062632729897343,47.310405643738974,47.87477954144621,,,
38146c39,101,538,0.19608951345961706,47.5092936802974,47.60408921933085,,,
38146c39,202,538,0.26625744898376613,47.5092936802974,48.00371747211896,,,
38146c39,303,538,0.26119009110570096,47.5092936802974,48.059479553903344,,,
38146c39,404,538,0.2270735907056432,47.5092936802974,47.72862453531599,,,
38146c39,505,538,0.2754528211710012,47.5092936802974,48.28624535315985,,,
3a704032,101,479,0.3002830448524294,47.85386221294363,47.94572025052192,,,
3a704032,202,479,0.271403092391236,47.85386221294363,48.01670146137787,,,
3a704032,303,479,0.31755726482661456,47.85386221294363,48.20668058455115,,,
3a704032,404,479,0.33421325481115016,47.85386221294363,48.10855949895616,,,
3a704032,505,479,0.2972102635236866,47.85386221294363,48.03340292275574,,,
3b6f954b,101,470,0.2406326080070147,47.96382978723404,48.193617021276594,,,
3b6f954b,202,470,0.23142989803097713,47.96382978723404,48.05106382978723,,,
3b6f954b,303,470,0.15570771556705623,47.96382978723404,47.66595744680851,,,
3b6f954b,404,470,0.14721124203589697,47.96382978723404,47.748936170212765,,,
3b6f954b,505,470,0.24278466253879533,47.96382978723404,48.242553191489364,,,
3ba21379,101,431,0.28533982082081355,48.146171693735496,48.1600928074246,,,
3ba21379,202,431,0.24126863460082143,48.146171693735496,48.07424593967517,,,
3ba21379,303,431,0.2339171732818601,48.146171693735496,48.13457076566125,,,
3ba21379,404,431,0.340781340924106,48.146171693735496,48.17865429234339,,,
3ba21379,505,431,0.33545939023625826,48.146171693735496,48.030162412993036,,,
3c1045c8,101,542,0.18210956116650398,48.19557195571956,47.798892988929886,,,
3c1045c8,202,542,0.10683217219602124,48.19557195571956,47.77121771217712,,,
3c1045c8,303,542,0.19927771777928072,48.19557195571956,47.92435424354244,,,
3c1045c8,404,542,0.32336134508853476,48.19557195571956,48.162361623616235,,,
3c1045c8,505,542,0.18717917307115925,48.19557195571956,48.035055350553506,,,
3d86fd0a,101,526,0.19381817414360694,47.77946768060836,48.131178707224336,,,
3d86fd0a,202,526,0.153274853732081,47.77946768060836,47.81749049429658,,,
3d86fd0a,303,526,0.20268978803756812,47.77946768060836,48.19961977186312,,,
3d86fd0a,404,526,0.12783679891622707,47.77946768060836,47.80228136882129,,,
3d86fd0a,505,526,0.13974198036152752,47.77946768060836,47.96958174904943,,,
3e321797,101,490,0.16555435507745844,48.52448979591837,47.90204081632653,,,
3e321797,202,490,0.09158365519539542,48.52448979591837,47.83265306122449,,,
3e321797,303,490,0.0977940690782863,48.52448979591837,47.93265306122449,,,
3e321797,404,490,0.09199259475381502,48.52448979591837,47.68163265306122,,,
3e321797,505,490,0.06742852477838214,48.52448979591837,47.90204081632653,,,
3f1e9474,101,515,0.26405411637687476,47.86796116504854,47.95533980582524,,,
3f1e9474,202,515,0.17002606499188336,47.86796116504854,48.04466019417476,,,
3f1e9474,303,515,0.18759686445300977,47.86796116504854,47.650485436893206,,,
3f1e9474,404,515,0.17126255124688233,47.86796116504854,48.28543689320389,,,
3f1e9474,505,515,0.1900695182607531,47.86796116504854,47.63106796116505,,,
3fdac837,101,453,0.19911377328167712,47.615894039735096,47.83222958057395,,,
3fdac837,202,453,0.12928027887035878,47.615894039735096,48.090507726269315,,,
3fdac837,303,453,0.21650346228601772,47.615894039735096,48.00441501103753,,,
3fdac837,404,453,0.19863187444336722,47.615894039735096,48.09933774834437,,,
3fdac837,505,453,0.2012077689115701,47.615894039735096,47.94922737306843,,,
3fe836c9,101,449,0.1045705485387757,48.23608017817372,48.057906458797326,,,
3fe836c9,202,449,0.1982670321031795,48.23608017817372,48.17594654788419,,,
3fe836c9,303,449,0.1410150967254017,48.23608017817372,47.87305122494432,,,
3fe836c9,404,449,0.2567309768407476,48.23608017817372,47.90423162583519,,,
3fe836c9,505,449,0.11355917133594347,48.23608017817372,48.17594654788419,,,
4100d0a0,101,523,0.1657710592870405,47.50095602294455,48.07074569789675,,,
4100d0a0,202,523,0.14894626315255044,47.50095602294455,47.93116634799235,,,
4100d0a0,303,523,0.2142417987826828,47.50095602294455,48.003824091778206,,,
4100d0a0,404,523,0.006057076769954376,47.50095602294455,47.76099426386233,,,
4100d0a0,505,523,0.14296548107921708,47.50095602294455,47.77629063097514,,,
41275add,101,531,0.27728434544532915,48.26177024482109,48.26553672316384,,,
41275add,202,531,0.2233345733584024,48.26177024482109,48.19209039548023,,,
41275add,303,531,0.21357334340805315,48.26177024482109,47.77024482109228,,,
41275add,404,531,0.24545930817609082,48.26177024482109,47.94538606403013,,,
41275add,505,531,0.25862947662759894,48.26177024482109,47.919020715630886,,,
41698283,101,476,0.20529908543289668,47.516806722689076,48.05882352941177,,,
41698283,202,476,0.1822050966716329,47.516806722689076,47.97899159663866,,,
41698283,303,476,0.33738632734436524,47.516806722689076,47.773109243697476,,,
41698283,404,476,0.2130581972057208,47.516806722689076,47.89705882352941,,,
41698283,505,476,0.2946099387826222,47.516806722689076,48.096638655462186,,,
42ec0761,101,521,0.0813037196550953,47.24568138195777,47.98464491362764,,,
42ec0761,202,521,0.040296543834395224,47.24568138195777,48.10940499040307,,,
42ec0761,303,521,0.12312996573604686,47.24568138195777,48.036468330134355,,,
42ec0761,404,521,0.04041501292058404,47.24568138195777,48.021113243761995,,,
42ec0761,505,521,0.06470007520383173,47.24568138195777,48.00191938579655,,,
4388e9dd,101,477,0.14230315556708115,48.0230607966457,48.094339622641506,,,
4388e9dd,202,477,0.02580905070863226,48.0230607966457,48.140461215932916,,,
4388e9dd,303,477,0.20315968778395607,48.0230607966457,47.9538784067086,,,
4388e9dd,404,477,0.07011712105240667,48.0230607966457,47.666666666666664,,,
4388e9dd,505,477,0.03200854460865195,48.0230607966457,48.308176100628934,,,
45dc21b6,101,485,0.17767672980758964,48.94020618556701,47.865979381443296,,,
45dc21b6,202,485,0.2625019813519699,48.94020618556701,48.18144329896907,,,
45dc21b6,303,485,0.2094450249226978,48.94020618556701,48.48659793814433,,,
45dc21b6,404,485,0.10475117692310962,48.94020618556701,47.77731958762887,,,
45dc21b6,505,485,0.23954939766956965,48.94020618556701,48.25567010309278,,,
46a3abf7,101,503,0.19944167261684087,47.75347912524851,48.015904572564615,,,
46a3abf7,202,503,0.2080796741462269,47.75347912524851,48.059642147117295,,,
46a3abf7,303,503,0.21228957748089458,47.75347912524851,48.007952286282304,,,
46a3abf7,404,503,0.29634877879803995,47.75347912524851,47.711729622266404,,,
46a3abf7,505,503,0.24592358677604065,47.75347912524851,47.88071570576541,,,
488d3006,101,509,0.137739860354564,47.554027504911595,47.96070726915521,,,
488d3006,202,509,0.07062521176746132,47.554027504911595,47.84086444007858,,,
488d3006,303,509,0.16178233004837927,47.554027504911595,47.84282907662082,,,
488d3006,404,509,0.1768870833711954,47.554027504911595,47.84282907662082,,,
488d3006,505,509,0.029761812384475787,47.554027504911595,47.93320235756385,,,
4adc0475,101,490,0.1412390720070906,48.179591836734694,47.840816326530614,,,
4adc0475,202,490,0.04091948230014147,48.179591836734694,47.655102040816324,,,
4adc0475,303,490,0.07719386808188188,48.179591836734694,48.08163265306123,,,
4adc0475,404,490,-0.03713429453401456,48.179591836734694,47.82448979591837,,,
4adc0475,505,490,0.11205422627798756,48.179591836734694,47.95510204081633,,,
4b24c848,101,514,0.13737869811361947,47.94163424124513,48.17898832684825,,,
4b24c848,202,514,0.1647513040278003,47.94163424124513,48.02723735408561,,,
4b24c848,303,514,0.06929335133765001,47.94163424124513,47.947470817120625,,,
4b24c848,404,514,0.12135546205041976,47.94163424124513,47.83852140077821,,,
4b24c848,505,514,0.08947893708177967,47.94163424124513,47.98443579766537,,,
4baee567,101,514,0.10338906760299828,47.431906614785994,48.01945525291829,,,
4baee567,202,514,0.198070912656189,47.431906614785994,48.08171206225681,,,
4baee567,303,514,0.13197480285046306,47.431906614785994,48.05058365758755,,,
4baee567,404,514,0.16980862747561615,47.431906614785994,47.947470817120625,,,
4baee567,505,514,0.14051814749142402,47.431906614785994,47.929961089494164,,,
4bc144e2,101,530,0.02201810627455099,47.869811320754714,47.98301886792453,,,
4bc144e2,202,530,0.10461246737065709,47.869811320754714,48.424528301886795,,,
4bc144e2,303,530,0.03807994736880938,47.869811320754714,48.08867924528302,,,
4bc144e2,404,530,-0.013526345343463794,47.869811320754714,48.14528301886792,,,
4bc144e2,505,530,0.13349213393988513,47.869811320754714,48.19622641509434,,,
4c36ccef,101,521,0.26351231126867647,48.38963531669866,47.71976967370441,,,
4c36ccef,202,521,0.17538885418072897,48.38963531669866,48.088291746641076,,,
4c36ccef,303,521,0.2484873826730695,48.38963531669866,48.11516314779271,,,
4c36ccef,404,521,0.2107479295365461,48.38963531669866,48.063339731285986,,,
4c36ccef,505,521,0.23590290171479247,48.38963531669866,47.80038387715931,,,
4d6b87c8,101,516,0.04218392246359463,47.6375968992248,47.957364341085274,,,
4d6b87c8,202,516,0.04754979626259345,47.6375968992248,47.91472868217054,,,
4d6b87c8,303,516,0.017740083435069005,47.6375968992248,47.90503875968992,,,
4d6b87c8,404,516,0.05639139208013884,47.6375968992248,48.065891472868216,,,
4d6b87c8,505,516,0.05403572504557495,47.6375968992248,47.939922480620154,,,
4dfccbf7,101,521,0.14119669984025837,48.161228406909785,48.02495201535508,,,
4dfccbf7,202,521,0.19894305383564628,48.161228406909785,47.869481765834934,,,
4dfccbf7,303,521,0.21152935358803443,48.161228406909785,47.55854126679463,,,
4dfccbf7,404,521,0.19212816905053115,48.161228406909785,48.063339731285986,,,
4dfccbf7,505,521,0.1913150058006615,48.161228406909785,48.0595009596929,,,
4dfccbf8,101,455,0.3682522032927608,47.21098901098901,48.16043956043956,,,
4dfccbf8,202,455,0.2583921344713978,47.21098901098901,48.112087912087915,,,
4dfccbf8,303,455,0.3003579995655235,47.21098901098901,48.14065934065934,,,
4dfccbf8,404,455,0.2930094815447271,47.21098901098901,47.76043956043956,,,
4dfccbf8,505,455,0.27839588723340614,47.21098901098901,48.42197802197802,,,
4f54b7c9,101,491,0.06315048383273811,47.81670061099796,48.010183299389,,,
4f54b7c9,202,491,0.18395671869385735,47.81670061099796,47.89205702647658,,,
4f54b7c9,303,491,0.18120482704485727,47.81670061099796,47.70672097759674,,,
4f54b7c9,404,491,0.10166884595929324,47.81670061099796,48.193482688391036,,,
4f54b7c9,505,491,0.12156579960289937,47.81670061099796,48.026476578411405,,,
4fd1909e,101,554,0.1764957758266292,47.62274368231047,47.92057761732852,,,
4fd1909e,202,554,0.16362581447754487,47.62274368231047,48.01263537906137,,,
4fd1909e,303,554,0.14672372599189026,47.62274368231047,47.7057761732852,,,
4fd1909e,404,554,0.21613163560102755,47.62274368231047,47.691335740072205,,,
4fd1909e,505,554,0.1840006764987587,47.62274368231047,47.75451263537906,,,
5025383b,101,446,0.20878012378116778,47.30717488789238,47.73094170403587,,,
5025383b,202,446,0.14367319074419735,47.30717488789238,48.16816143497758,,,
5025383b,303,446,0.18517442602343476,47.30717488789238,48.07847533632287,,,
5025383b,404,446,0.2144131542365541,47.30717488789238,47.88789237668161,,,
5025383b,505,446,0.17760264646403795,47.30717488789238,47.66591928251121,,,
505af2f5,101,501,0.15678364798104627,48.03792415169661,48.10578842315369,,,
505af2f5,202,501,0.21266868948722759,48.03792415169661,47.74451097804391,,,
505af2f5,303,501,0.11980092270579164,48.03792415169661,48.069860279441116,,,
505af2f5,404,501,0.17982337407651475,48.03792415169661,48.199600798403196,,,
505af2f5,505,501,0.12785366939027928,48.03792415169661,48.10778443113772,,,
50635ada,101,531,0.035024114757807555,47.4180790960452,48.03389830508475,,,
50635ada,202,531,0.08601606733978703,47.4180790960452,47.811676082862526,,,
50635ada,303,531,0.04365516457417635,47.4180790960452,47.877589453860644,,,
50635ada,404,531,0.027653568453738907,47.4180790960452,47.91525423728814,,,
50635ada,505,531,0.04283905235341996,47.4180790960452,47.89265536723164,,,
51a45a95,101,529,0.19074990692372987,48.27788279773157,48.092627599243855,,,
51a45a95,202,529,0.15451477278676676,48.27788279773157,47.742911153119096,,,
51a45a95,303,529,0.2317542587970822,48.27788279773157,47.882797731569,,,
51a45a95,404,529,0.14962442572011833,48.27788279773157,47.88846880907372,,,
51a45a95,505,529,0.19578770104768012,48.27788279773157,48.05293005671078,,,
51b23612,101,481,0.26437860699069765,47.84823284823285,47.84823284823285,,,
51b23612,202,481,0.13839355019468086,47.84823284823285,48.064449064449065,,,
51b23612,303,481,0.22764101249387728,47.84823284823285,47.59043659043659,,,
51b23612,404,481,0.1785540816399006,47.84823284823285,47.87525987525988,,,
51b23612,505,481,0.1885486356128818,47.84823284823285,47.96465696465697,,,
51c32626,101,490,-0.052500092020051146,47.46326530612245,47.99795918367347,,,
51c32626,202,490,0.006833794444690752,47.46326530612245,48.0265306122449,,,
51c32626,303,490,-0.000629779805234322,47.46326530612245,48.210204081632654,,,
51c32626,404,490,0.04677105871891875,47.46326530612245,48.04081632653061,,,
51c32626,505,490,0.04470015205469956,47.46326530612245,48.093877551020405,,,
54026fce,101,472,0.3503197205132916,48.095338983050844,48.28177966101695,,,
54026fce,202,472,0.27713368926635096,48.095338983050844,47.91525423728814,,,
54026fce,303,472,0.2469927744217943,48.095338983050844,48.21610169491525,,,
54026fce,404,472,0.2958407263191819,48.095338983050844,47.766949152542374,,,
54026fce,505,472,0.33553203073930443,48.095338983050844,48.0,,,
545bd2b5,101,461,0.2120217796556684,47.78741865509761,47.90238611713666,,,
545bd2b5,202,461,0.17784281263667207,47.78741865509761,48.01952277657267,,,
545bd2b5,303,461,0.15837274204967025,47.78741865509761,48.1822125813449,,,
545bd2b5,404,461,0.147304173183229,47.78741865509761,47.86550976138829,,,
545bd2b5,505,461,0.20697520240306463,47.78741865509761,47.95444685466377,,,
55241a1f,101,514,0.048664974220142765,47.1011673151751,47.98054474708171,,,
55241a1f,202,514,-0.054987851142407465,47.1011673151751,48.282101167315176,,,
55241a1f,303,514,0.09301659811315906,47.1011673151751,47.916342412451364,,,
55241a1f,404,514,0.1297503667210628,47.1011673151751,48.00194552529183,,,
55241a1f,505,514,0.13744319138214608,47.1011673151751,47.961089494163424,,,
561fabcd,101,495,0.16052708115527264,47.775757575757574,47.80808080808081,,,
561fabcd,202,495,0.15017518730177484,47.775757575757574,47.91919191919192,,,
561fabcd,303,495,0.09582102057874643,47.775757575757574,47.915151515151514,,,
561fabcd,404,495,0.15525462267697845,47.775757575757574,47.763636363636365,,,
561fabcd,505,495,0.19665613196541182,47.775757575757574,47.862626262626264,,,
577d4d32,101,487,0.30609409060040904,47.90759753593429,47.87679671457906,,,
577d4d32,202,487,0.33838258996497006,47.90759753593429,48.02669404517454,,,
577d4d32,303,487,0.3369604053037062,47.90759753593429,48.04517453798768,,,
577d4d32,404,487,0.33161362938918354,47.90759753593429,48.17659137577002,,,
577d4d32,505,487,0.3075915579432414,47.90759753593429,47.562628336755644,,,
57f827a0,101,495,0.3352853004507293,47.494949494949495,48.08888888888889,,,
57f827a0,202,495,0.3143762248809594,47.494949494949495,48.111111111111114,,,
57f827a0,303,495,0.2824674458309097,47.494949494949495,47.842424242424244,,,
57f827a0,404,495,0.3066196409583182,47.494949494949495,47.882828282828285,,,
57f827a0,505,495,0.3165804558808347,47.494949494949495,48.05050505050505,,,
5809eb10,101,606,0.08491106517066377,47.636963696369634,47.943894389438945,,,
5809eb10,202,606,0.03957090516721588,47.636963696369634,48.03630363036304,,,
5809eb10,303,606,0.13184757480424955,47.636963696369634,47.584158415841586,,,
5809eb10,404,606,0.11212475025132,47.636963696369634,47.65346534653465,,,
5809eb10,505,606,0.07069415945465095,47.636963696369634,47.96699669966997,,,
5831f84d,101,422,0.1267239863096543,47.687203791469194,47.74644549763033,,,
5831f84d,202,422,0.10395715711785412,47.687203791469194,47.796208530805686,,,
5831f84d,303,422,0.08355495042038776,47.687203791469194,47.77725118483412,,,
5831f84d,404,422,0.11203769984033543,47.687203791469194,48.161137440758296,,,
5831f84d,505,422,0.21535317972373358,47.687203791469194,48.15165876777251,,,
58470ed2,101,471,0.37649672472870244,48.00636942675159,48.1380042462845,,,
58470ed2,202,471,0.2837579026811154,48.00636942675159,47.93630573248408,,,
58470ed2,303,471,0.2821420783275055,48.00636942675159,47.73460721868365,,,
58470ed2,404,471,0.3349734327412685,48.00636942675159,47.938428874734605,,,
58470ed2,505,471,0.3105774748450243,48.00636942675159,48.11252653927813,,,
58bf7951,101,616,0.17462124375559607,47.592532467532465,47.91558441558441,,,
58bf7951,202,616,0.1961254216060848,47.592532467532465,47.77922077922078,,,
58bf7951,303,616,0.18650935801393803,47.592532467532465,47.62662337662338,,,
58bf7951,404,616,0.09946567962948138,47.592532467532465,47.86525974025974,,,
58bf7951,505,616,0.16841295771996828,47.592532467532465,47.824675324675326,,,
58ef2f1c,101,518,0.18338050334537676,47.61389961389961,47.835907335907336,,,
58ef2f1c,202,518,0.16297900100722731,47.61389961389961,48.15250965250965,,,
58ef2f1c,303,518,0.15608971172979164,47.61389961389961,48.02895752895753,,,
58ef2f1c,404,518,0.15237547578791233,47.61389961389961,48.05019305019305,,,
58ef2f1c,505,518,0.13182617905326624,47.61389961389961,48.1042471042471,,,
59524333,101,528,0.041724787539164025,47.54356060606061,47.84848484848485,,,
59524333,202,528,-0.002595616896539356,47.54356060606061,47.753787878787875,,,
59524333,303,528,0.04052190839411541,47.54356060606061,47.97348484848485,,,
59524333,404,528,0.04756395749087355,47.54356060606061,47.916666666666664,,,
59524333,505,528,0.02705962433861243,47.54356060606061,48.14772727272727,,,
5a4f22c0,101,487,0.24817690652448574,47.765913757700204,47.91991786447639,,,
5a4f22c0,202,487,0.1796270619753298,47.765913757700204,47.936344969199176,,,
5a4f22c0,303,487,0.1407342796919027,47.765913757700204,48.07597535934291,,,
5a4f22c0,404,487,0.2008977155975108,47.765913757700204,47.87268993839836,,,
5a4f22c0,505,487,0.2286531682084015,47.765913757700204,48.17453798767967,,,
5a7937c8,101,419,0.23822663148360534,47.78042959427208,48.0763723150358,,,
5a7937c8,202,419,0.2754082336263633,47.78042959427208,47.83770883054893,,,
5a7937c8,303,419,0.2533807448911945,47.78042959427208,48.19331742243437,,,
5a7937c8,404,419,0.24301693773928065,47.78042959427208,48.031026252983295,,,
5a7937c8,505,419,0.22425264836135939,47.78042959427208,48.014319809069214,,,
5c40ec5b,101,479,0.10722320409308977,47.96868475991649,48.03340292275574,,,
5c40ec5b,202,479,0.09599486664049812,47.96868475991649,47.91858037578288,,,
5c40ec5b,303,479,0.1138809802310029,47.96868475991649,48.10647181628392,,,
5c40ec5b,404,479,0.044607599802608706,47.96868475991649,48.03131524008351,,,
5c40ec5b,505,479,0.1250392849773701,47.96868475991649,47.822546972860124,,,
5d3d2817,101,510,0.1894595882035092,47.719607843137254,48.331372549019605,,,
5d3d2817,202,510,0.21081370247918357,47.719607843137254,47.984313725490196,,,
5d3d2817,303,510,0.19810909379895866,47.719607843137254,47.923529411764704,,,
5d3d2817,404,510,0.1110477939849403,47.719607843137254,48.01764705882353,,,
5d3d2817,505,510,0.2280227886623208,47.719607843137254,47.998039215686276,,,
5e1b23de,101,445,0.2703048793056379,47.78202247191011,47.710112359550564,,,
5e1b23de,202,445,0.13753305990982526,47.78202247191011,48.20674157303371,,,
5e1b23de,303,445,0.2569459284833581,47.78202247191011,47.853932584269664,,,
5e1b23de,404,445,0.11887744675524788,47.78202247191011,47.94606741573034,,,
5e1b23de,505,445,0.14502037590626402,47.78202247191011,47.8561797752809,,,
60036106,101,483,0.1439908551749454,47.2815734989648,48.03105590062112,,,
60036106,202,483,0.057651428374326734,47.2815734989648,47.65631469979296,,,
60036106,303,483,0.0999670834744955,47.2815734989648,48.19875776397515,,,
60036106,404,483,0.15739188664141918,47.2815734989648,48.184265010351965,,,
60036106,505,483,0.07458622806391886,47.2815734989648,48.076604554865426,,,
60159905,101,448,0.23209946647725527,48.263392857142854,47.986607142857146,,,
60159905,202,448,0.18917446780956212,48.263392857142854,47.872767857142854,,,
60159905,303,448,0.2090023619798954,48.263392857142854,48.095982142857146,,,
60159905,404,448,0.2070827513162296,48.263392857142854,47.904017857142854,,,
60159905,505,448,0.23110639471085898,48.263392857142854,48.00669642857143,,,
603deb26,101,472,0.11922950166363809,47.7521186440678,47.79449152542373,,,
603deb26,202,472,0.07705285315549626,47.7521186440678,47.91101694915254,,,
603deb26,303,472,0.11595783040957681,47.7521186440678,47.99364406779661,,,
603deb26,404,472,0.09981444378859802,47.7521186440678,47.66313559322034,,,
603deb26,505,472,0.1089915603480634,47.7521186440678,47.88771186440678,,,
60472f9c,101,454,0.10271678883296652,47.870044052863435,48.07929515418502,,,
60472f9c,202,454,0.02818379350138138,47.870044052863435,47.82599118942731,,,
60472f9c,303,454,-0.028697842741146132,47.870044052863435,47.81718061674009,,,
60472f9c,404,454,0.08660348731085676,47.870044052863435,47.713656387665196,,,
60472f9c,505,454,0.000854310268429486,47.870044052863435,48.01541850220264,,,
6071bd76,101,482,0.09350859244381811,47.87551867219917,48.28423236514523,,,
6071bd76,202,482,0.028419215849862022,47.87551867219917,47.84647302904564,,,
6071bd76,303,482,0.18101424440957997,47.87551867219917,47.89626556016597,,,
6071bd76,404,482,0.005096097876825765,47.87551867219917,47.87759336099585,,,
6071bd76,505,482,0.17579765521215146,47.87551867219917,48.06224066390042,,,
60bf93ed,101,494,0.16721621273721426,47.811740890688256,48.08502024291498,,,
60bf93ed,202,494,0.17811153963711474,47.811740890688256,47.91497975708502,,,
60bf93ed,303,494,0.24832190665057563,47.811740890688256,48.034412955465584,,,
60bf93ed,404,494,0.24370188015495836,47.811740890688256,48.1336032388664,,,
60bf93ed,505,494,0.20833775963116877,47.811740890688256,47.92914979757085,,,
60d45044,101,541,0.3094370448207867,47.67837338262477,48.02218114602588,,,
60d45044,202,541,0.2609002014369731,47.67837338262477,48.266173752310536,,,
60d45044,303,541,0.26531060220378716,47.67837338262477,47.75231053604436,,,
60d45044,404,541,0.24608746680123286,47.67837338262477,47.613678373382626,,,
60d45044,505,541,0.3165690529365604,47.67837338262477,48.036968576709796,,,
618f13b2,101,506,0.1774355530072417,47.90316205533597,48.52569169960474,,,
618f13b2,202,506,0.14406544131349658,47.90316205533597,47.873517786561266,,,
618f13b2,303,506,0.14559141633208247,47.90316205533597,47.74703557312253,,,
618f13b2,404,506,0.18044304608941084,47.90316205533597,47.883399209486164,,,
618f13b2,505,506,0.10909373617922583,47.90316205533597,47.93478260869565,,,
61f8c8f8,101,459,0.19892285810108626,47.830065359477125,47.91503267973856,,,
61f8c8f8,202,459,0.17255279184126562,47.830065359477125,48.05664488017429,,,
61f8c8f8,303,459,0.23792592150916364,47.830065359477125,47.888888888888886,,,
61f8c8f8,404,459,0.13505295418770366,47.830065359477125,48.1764705882353,,,
61f8c8f8,505,459,0.21769441595301045,47.830065359477125,48.15686274509804,,,
6222b6eb,101,497,0.21244743872564056,47.39235412474849,47.84708249496982,,,
6222b6eb,202,497,0.12648817730025605,47.39235412474849,48.27162977867203,,,
6222b6eb,303,497,0.08118009357819389,47.39235412474849,48.14688128772636,,,
6222b6eb,404,497,0.11622096865889743,47.39235412474849,47.734406438631794,,,
6222b6eb,505,497,0.13978600713142486,47.39235412474849,47.85311871227364,,,
6456829e,101,488,-0.07316031964498239,47.700819672131146,48.34426229508197,,,
6456829e,202,488,-0.044244425746845395,47.700819672131146,47.73565573770492,,,
6456829e,303,488,0.03013573941164252,47.700819672131146,47.84836065573771,,,
6456829e,404,488,-0.0333912695044575,47.700819672131146,48.30327868852459,,,
6456829e,505,488,-0.021363129835485332,47.700819672131146,48.26844262295082,,,
65240037,101,489,0.006517166662808515,47.95501022494888,47.75051124744376,,,
65240037,202,489,0.005116882550232644,47.95501022494888,47.6319018404908,,,
65240037,303,489,0.055790608803754964,47.95501022494888,48.01840490797546,,,
65240037,404,489,-0.05942229687135508,47.95501022494888,47.938650306748464,,,
65240037,505,489,0.09039499222832112,47.95501022494888,48.34560327198364,,,
6613b389,101,452,0.14551807830821256,47.915929203539825,48.03761061946903,,,
6613b389,202,452,0.012244201794127399,47.915929203539825,47.889380530973455,,,
6613b389,303,452,0.09119719734630856,47.915929203539825,48.14601769911504,,,
6613b389,404,452,0.01666554145018344,47.915929203539825,47.67256637168141,,,
6613b389,505,452,0.1023132887398115,47.915929203539825,47.75221238938053,,,
66f24dbb,101,507,0.04910367398013751,47.89349112426036,47.71992110453649,,,
66f24dbb,202,507,0.059032478752815865,47.89349112426036,47.75739644970414,,,
66f24dbb,303,507,0.004474072431806652,47.89349112426036,48.061143984220905,,,
66f24dbb,404,507,0.03740586980479784,47.89349112426036,47.972386587771204,,,
66f24dbb,505,507,0.05365250307433771,47.89349112426036,48.19132149901381,,,
67e0d0f2,101,510,0.22580507130794356,47.48039215686274,47.85098039215686,,,
67e0d0f2,202,510,0.174861933289904,47.48039215686274,47.8156862745098,,,
67e0d0f2,303,510,0.20724337169282975,47.48039215686274,48.12549019607843,,,
67e0d0f2,404,510,0.31056947124442286,47.48039215686274,48.12352941176471,,,
67e0d0f2,505,510,0.24603946060589124,47.48039215686274,48.11372549019608,,,
681a1674,101,476,0.08317612120877223,47.64495798319328,48.134453781512605,,,
681a1674,202,476,-0.016946059014289992,47.64495798319328,48.109243697478995,,,
681a1674,303,476,-0.015220793881241002,47.64495798319328,47.918067226890756,,,
681a1674,404,476,-0.0035143731224487203,47.64495798319328,48.10504201680672,,,
681a1674,505,476,0.025738403077821072,47.64495798319328,47.96638655462185,,,
69fee5aa,101,483,0.007211116565802505,47.93167701863354,47.93167701863354,,,
69fee5aa,202,483,-0.04977529391343841,47.93167701863354,47.91511387163561,,,
69fee5aa,303,483,0.08964249317546281,47.93167701863354,48.07453416149068,,,
69fee5aa,404,483,0.07117220140479119,47.93167701863354,47.6231884057971,,,
69fee5aa,505,483,-0.0032660214807091817,47.93167701863354,47.64596273291925,,,
6a1eabeb,101,413,0.1967092674991857,48.506053268765136,48.062953995157386,,,
6a1eabeb,202,413,0.1581425944239566,48.506053268765136,47.76029055690073,,,
6a1eabeb,303,413,0.1470273357405687,48.506053268765136,48.20823244552058,,,
6a1eabeb,404,413,0.2506703510399295,48.506053268765136,47.73365617433414,,,
6a1eabeb,505,413,0.1700699587954893,48.506053268765136,48.116222760290555,,,
6a27ffc2,101,493,0.15960880429181054,48.217038539553755,47.77281947261663,,,
6a27ffc2,202,493,0.06440362132784216,48.217038539553755,47.945233265720084,,,
6a27ffc2,303,493,0.11829834677881122,48.217038539553755,47.99391480730223,,,
6a27ffc2,404,493,0.07011717145591642,48.217038539553755,48.03448275862069,,,
6a27ffc2,505,493,0.09445946485476872,48.217038539553755,48.19675456389452,,,
6ade9755,101,513,0.049819181173098116,47.61598440545809,47.80701754385965,,,
6ade9755,202,513,0.019187576456193664,47.61598440545809,48.01169590643275,,,
6ade9755,303,513,0.062698137646732,47.61598440545809,48.10721247563353,,,
6ade9755,404,513,-0.07525030712135482,47.61598440545809,47.81481481481482,,,
6ade9755,505,513,0.0021671344745604498,47.61598440545809,47.8187134502924,,,
6ae235be,101,454,0.19508940713910314,47.79955947136564,48.05506607929515,,,
6ae235be,202,454,0.03772686251353386,47.79955947136564,47.870044052863435,,,
6ae235be,303,454,0.10962912426226777,47.79955947136564,48.04625550660793,,,
6ae235be,404,454,0.13907489580849783,47.79955947136564,48.01101321585903,,,
6ae235be,505,454,0.003992639927086088,47.79955947136564,47.680616740088105,,,
6aeb4375,101,468,0.08981929608250179,47.9059829059829,47.96367521367522,,,
6aeb4375,202,468,0.0577171715625383,47.9059829059829,48.047008547008545,,,
6aeb4375,303,468,0.14534836549025215,47.9059829059829,48.004273504273506,,,
6aeb4375,404,468,0.14020237529642976,47.9059829059829,47.873931623931625,,,
6aeb4375,505,468,0.17510805886243538,47.9059829059829,48.202991452991455,,,
6b168ec8,101,482,0.09643076833382552,47.767634854771785,47.522821576763484,,,
6b168ec8,202,482,-0.0281586479849825,47.767634854771785,47.95228215767635,,,
6b168ec8,303,482,-0.007846960416180715,47.767634854771785,47.82780082987552,,,
6b168ec8,404,482,-0.010860151665451005,47.767634854771785,48.03526970954357,,,
6b168ec8,505,482,0.044942057777842596,47.767634854771785,47.912863070539416,,,
6b7dfb22,101,471,0.2646866796776569,47.81528662420382,47.817409766454354,,,
6b7dfb22,202,471,0.26455024407027605,47.81528662420382,48.16348195329087,,,
6b7dfb22,303,471,0.21124993567439362,47.81528662420382,47.98726114649681,,,
6b7dfb22,404,471,0.35257254602503896,47.81528662420382,48.27388535031847,,,
6b7dfb22,505,471,0.21799144115140554,47.81528662420382,47.859872611464965,,,
6c49646a,101,429,0.08135075345211046,47.95804195804196,47.99300699300699,,,
6c49646a,202,429,0.21570542266430787,47.95804195804196,48.00932400932401,,,
6c49646a,303,429,0.12319546125547888,47.95804195804196,47.99300699300699,,,
6c49646a,404,429,0.07257705304729241,47.95804195804196,47.75524475524475,,,
6c49646a,505,429,0.0662911653249595,47.95804195804196,47.722610722610725,,,
6cb6f249,101,470,0.24844764279389156,47.64468085106383,47.96382978723404,,,
6cb6f249,202,470,0.06618175001038411,47.64468085106383,47.83191489361702,,,
6cb6f249,303,470,0.11165943575000657,47.64468085106383,47.874468085106386,,,
6cb6f249,404,470,0.1805134430434758,47.64468085106383,47.759574468085106,,,
6cb6f249,505,470,0.13775362288698173,47.64468085106383,48.214893617021275,,,
6d550036,101,505,0.19857093465179534,48.01782178217822,47.576237623762374,,,
6d550036,202,505,0.207526313162208,48.01782178217822,48.02574257425743,,,
6d550036,303,505,0.2486489060680353,48.01782178217822,48.144554455445544,,,
6d550036,404,505,0.16700601321175854,48.01782178217822,47.768316831683165,,,
6d550036,505,505,0.16857345040442606,48.01782178217822,48.10891089108911,,,
6e984301,101,513,0.3083857744129934,47.85769980506823,47.86744639376219,,,
6e984301,202,513,0.10285981348414193,47.85769980506823,48.058479532163744,,,
6e984301,303,513,0.22014987493247082,47.85769980506823,47.86939571150098,,,
6e984301,404,513,0.16972601271326004,47.85769980506823,48.09551656920078,,,
6e984301,505,513,0.16459927746906383,47.85769980506823,48.09356725146199,,,
6e984302,101,460,0.34744910244617694,47.78478260869565,48.05652173913043,,,
6e984302,202,460,0.3131334937666036,47.78478260869565,47.96086956521739,,,
6e984302,303,460,0.34469203153837524,47.78478260869565,48.14782608695652,,,
6e984302,404,460,0.2608143880567937,47.78478260869565,47.90869565217391,,,
6e984302,505,460,0.2925070316372945,47.78478260869565,47.87173913043478,,,
6f9b354f,101,500,0.24468338068840312,48.446,48.116,,,
6f9b354f,202,500,0.2959317110848628,48.446,48.416,,,
6f9b354f,303,500,0.18569274391166934,48.446,48.346,,,
6f9b354f,404,500,0.2648612772794432,48.446,48.094,,,
6f9b354f,505,500,0.27120282277237623,48.446,48.02,,,
7024f17c,101,483,0.11881695196554394,48.52173913043478,47.66873706004141,,,
7024f17c,202,483,0.16038975439790185,48.52173913043478,48.161490683229815,,,
7024f17c,303,483,0.20343381343435668,48.52173913043478,48.07453416149068,,,
7024f17c,404,483,0.24723067173331786,48.52173913043478,47.821946169772254,,,
7024f17c,505,483,0.08521748843986195,48.52173913043478,47.68737060041408,,,
70b3e69b,101,495,0.06421491953229935,47.98585858585859,48.25050505050505,,,
70b3e69b,202,495,0.05982730111847627,47.98585858585859,47.96363636363636,,,
70b3e69b,303,495,-0.0130830788907404,47.98585858585859,47.91717171717172,,,
70b3e69b,404,495,0.011250283605062016,47.98585858585859,47.75757575757576,,,
70b3e69b,505,495,-0.03354596401722663,47.98585858585859,48.11919191919192,,,
71017276,101,614,0.24837529539624562,48.21986970684039,47.79153094462541,,,
71017276,202,614,0.27145623050104734,48.21986970684039,48.127035830618894,,,
71017276,303,614,0.1880445951867993,48.21986970684039,48.09609120521173,,,
71017276,404,614,0.269057860170569,48.21986970684039,47.9527687296417,,,
71017276,505,614,0.2529596439412167,48.21986970684039,48.01465798045603,,,
71017277,101,493,0.22408947760741102,48.33671399594321,48.156186612576064,,,
71017277,202,493,0.22823336887102588,48.33671399594321,47.809330628803245,,,
71017277,303,493,0.17594236480869033,48.33671399594321,47.78498985801217,,,
71017277,404,493,0.1603037981703438,48.33671399594321,48.06288032454361,,,
71017277,505,493,0.2241757587966793,48.33671399594321,48.21501014198783,,,
71315a70,101,514,0.2193985874755938,47.82101167315175,47.929961089494164,,,
71315a70,202,514,0.18074023751741664,47.82101167315175,47.706225680933855,,,
71315a70,303,514,0.10950506739027463,47.82101167315175,48.17898832684825,,,
71315a70,404,514,0.15429373085702158,47.82101167315175,48.040856031128406,,,
71315a70,505,514,0.13918297583019806,47.82101167315175,47.8988326848249,,,
7161e7e2,101,550,0.07207849727764427,47.67454545454545,48.096363636363634,,,
7161e7e2,202,550,0.05371281134983336,47.67454545454545,47.95090909090909,,,
7161e7e2,303,550,0.12639099385684904,47.67454545454545,48.012727272727275,,,
7161e7e2,404,550,-0.012716637555796238,47.67454545454545,47.843636363636364,,,
7161e7e2,505,550,0.14213234247952938,47.67454545454545,47.903636363636366,,,
71a3fd6b,101,439,0.13722807482689028,48.37129840546697,47.97266514806378,,,
71a3fd6b,202,439,0.07854295129190102,48.37129840546697,47.73348519362187,,,
71a3fd6b,303,439,0.05354725295333641,48.37129840546697,47.747152619589976,,,
71a3fd6b,404,439,0.10832575622221724,48.37129840546697,47.995444191343964,,,
71a3fd6b,505,439,0.11512357821293041,48.37129840546697,47.98861047835991,,,
720133ac,101,466,0.15141721204754183,47.63304721030043,47.79399141630901,,,
720133ac,202,466,0.2074335209969064,47.63304721030043,47.993562231759654,,,
720133ac,303,466,0.24678042034613107,47.63304721030043,47.66523605150215,,,
720133ac,404,466,0.16087274771580487,47.63304721030043,48.16523605150215,,,
720133ac,505,466,0.13978287060625588,47.63304721030043,48.05793991416309,,,
726462e0,101,501,0.36392323002386745,47.812375249500995,48.20558882235529,,,
726462e0,202,501,0.3380088856866805,47.812375249500995,47.87225548902195,,,
726462e0,303,501,0.39401700704601716,47.812375249500995,47.98003992015968,,,
726462e0,404,501,0.3524999137904573,47.812375249500995,48.147704590818364,,,
726462e0,505,501,0.3494009804838049,47.812375249500995,48.137724550898206,,,
72e3ee87,101,496,0.14669837840591385,47.91532258064516,48.167338709677416,,,
72e3ee87,202,496,0.12325273910634418,47.91532258064516,48.07459677419355,,,
72e3ee87,303,496,0.12784508053651736,47.91532258064516,47.667338709677416,,,
72e3ee87,404,496,0.14793518276196846,47.91532258064516,47.92540322580645,,,
72e3ee87,505,496,0.14597626225452195,47.91532258064516,48.45161290322581,,,
73d42213,101,516,0.25531288237824595,48.17635658914729,48.001937984496124,,,
73d42213,202,516,0.1790845279214011,48.17635658914729,48.20348837209303,,,
73d42213,303,516,0.25600236446411795,48.17635658914729,48.2093023255814,,,
73d42213,404,516,0.21209939089975008,48.17635658914729,48.10271317829457,,,
73d42213,505,516,0.21687338716380025,48.17635658914729,47.59496124031008,,,
7401057b,101,446,0.005917449330782614,48.087443946188344,48.446188340807176,,,
7401057b,202,446,0.22012144173682005,48.087443946188344,47.946188340807176,,,
7401057b,303,446,0.04661696921106745,48.087443946188344,47.7914798206278,,,
7401057b,404,446,0.09152557813720635,48.087443946188344,47.96188340807175,,,
7401057b,505,446,0.19313395452204224,48.087443946188344,48.08968609865471,,,
7405e8b1,101,469,0.11431554261332591,47.57356076759062,47.73560767590618,,,
7405e8b1,202,469,0.14880688200823972,47.57356076759062,48.09381663113006,,,
7405e8b1,303,469,0.11754045735873951,47.57356076759062,47.89125799573561,,,
7405e8b1,404,469,0.10574815624691691,47.57356076759062,47.74413646055437,,,
7405e8b1,505,469,0.1440694670381828,47.57356076759062,47.95095948827292,,,
7527f7e2,101,490,0.16077666387492126,47.75714285714286,48.07959183673469,,,
7527f7e2,202,490,0.15892729182245638,47.75714285714286,48.00816326530612,,,
7527f7e2,303,490,0.10049546551353299,47.75714285714286,48.08571428571429,,,
7527f7e2,404,490,0.07453372465182774,47.75714285714286,47.88367346938775,,,
7527f7e2,505,490,0.14848999341928604,47.75714285714286,47.885714285714286,,,
75499fd8,101,491,0.07199902968785962,48.287169042769854,48.08757637474542,,,
75499fd8,202,491,0.09158578953148798,48.287169042769854,47.983706720977594,,,
75499fd8,303,491,0.08566150908156711,48.287169042769854,48.164969450101836,,,
75499fd8,404,491,0.06073576227762807,48.287169042769854,47.81670061099796,,,
75499fd8,505,491,-0.01789075552130729,48.287169042769854,48.24439918533605,,,
75832dbd,101,474,0.2007804066713039,47.68354430379747,48.20675105485232,,,
75832dbd,202,474,0.22279832746834527,47.68354430379747,48.061181434599156,,,
75832dbd,303,474,0.279650941005838,47.68354430379747,48.24683544303797,,,
75832dbd,404,474,0.23458520575662342,47.68354430379747,48.04852320675106,,,
75832dbd,505,474,0.2756729873793264,47.68354430379747,48.28481012658228,,,
75f70248,101,466,0.2107893094567184,47.648068669527895,47.74463519313305,,,
75f70248,202,466,0.10262466680263517,47.648068669527895,47.952789699570815,,,
75f70248,303,466,0.09101497228026934,47.648068669527895,48.13519313304721,,,
75f70248,404,466,0.13074571732191215,47.648068669527895,47.8412017167382,,,
75f70248,505,466,0.17057017015930764,47.648068669527895,47.97639484978541,,,
76d63226,101,489,0.2818462116026074,47.90593047034765,47.77096114519427,,,
76d63226,202,489,0.3079530226088369,47.90593047034765,48.04703476482618,,,
76d63226,303,489,0.32096191043059047,47.90593047034765,47.85889570552147,,,
76d63226,404,489,0.2950727527137985,47.90593047034765,47.850715746421265,,,
76d63226,505,489,0.283327595470756,47.90593047034765,47.93660531697341,,,
778164c6,101,542,-0.0018572817767399511,47.78044280442804,47.91143911439114,,,
778164c6,202,542,0.16549422839298528,47.78044280442804,48.4169741697417,,,
778164c6,303,542,0.04866773754863468,47.78044280442804,48.09409594095941,,,
778164c6,404,542,0.1173637523476266,47.78044280442804,47.84870848708487,,,
778164c6,505,542,0.15498069634218947,47.78044280442804,47.808118081180815,,,
77eafa52,101,527,0.30095637825255045,48.14421252371916,47.6831119544592,,,
77eafa52,202,527,0.30629760185215943,48.14421252371916,48.0607210626186,,,
77eafa52,303,527,0.155480471987916,48.14421252371916,48.01897533206831,,,
77eafa52,404,527,0.30313782172349996,48.14421252371916,48.17457305502846,,,
77eafa52,505,527,0.3206336219793277,48.14421252371916,47.730550284629985,,,
7a87bd0c,101,506,0.12294686022208397,47.78260869565217,48.08102766798419,,,
7a87bd0c,202,506,0.07854814928155901,47.78260869565217,47.56521739130435,,,
7a87bd0c,303,506,0.009765604264053717,47.78260869565217,47.737154150197625,,,
7a87bd0c,404,506,0.10916296828179269,47.78260869565217,47.97430830039526,,,
7a87bd0c,505,506,0.12689854423338398,47.78260869565217,48.280632411067195,,,
7a8d0b71,101,489,0.1779199903014514,47.5439672801636,47.85685071574642,,,
7a8d0b71,202,489,0.2120157325099789,47.5439672801636,47.86298568507157,,,
7a8d0b71,303,489,0.21080895735675065,47.5439672801636,47.826175869120654,,,
7a8d0b71,404,489,0.21047484517102402,47.5439672801636,47.715746421267895,,,
7a8d0b71,505,489,0.19890593400407522,47.5439672801636,47.7321063394683,,,
7e00a6cb,101,564,0.22406109437066837,48.13120567375886,48.17198581560284,,,
7e00a6cb,202,564,0.2484391244860075,48.13120567375886,47.7145390070922,,,
7e00a6cb,303,564,0.31764985506036414,48.13120567375886,47.952127659574465,,,
7e00a6cb,404,564,0.323728059221434,48.13120567375886,48.030141843971634,,,
7e00a6cb,505,564,0.287412188712767,48.13120567375886,48.22517730496454,,,
7e974930,101,502,0.13682063630036662,47.908366533864545,47.84661354581673,,,
7e974930,202,502,0.0958076558230874,47.908366533864545,48.33665338645418,,,
7e974930,303,502,0.0792356540541213,47.908366533864545,47.81274900398407,,,
7e974930,404,502,0.052961928490278955,47.908366533864545,48.0199203187251,,,
7e974930,505,502,0.14745586218634457,47.908366533864545,48.29282868525896,,,
8077ef71,101,554,0.21875990826598124,47.738267148014444,48.05415162454874,,,
8077ef71,202,554,0.20133083614433506,47.738267148014444,47.72382671480145,,,
8077ef71,303,554,0.25294349360723567,47.738267148014444,47.99638989169675,,,
8077ef71,404,554,0.23139735416982488,47.738267148014444,48.191335740072205,,,
8077ef71,505,554,0.18488674958008247,47.738267148014444,48.03610108303249,,,
80ec1f4f,101,487,0.18421792296344838,48.18275154004107,48.05133470225873,,,
80ec1f4f,202,487,0.1967139149650751,48.18275154004107,47.72073921971253,,,
80ec1f4f,303,487,0.22985419639619753,48.18275154004107,48.059548254620125,,,
80ec1f4f,404,487,0.20150296969559683,48.18275154004107,47.80492813141684,,,
80ec1f4f,505,487,0.1695176366476969,48.18275154004107,47.60164271047228,,,
81507db6,101,510,0.13750621029359475,48.01372549019608,48.13333333333333,,,
81507db6,202,510,0.112184659275348,48.01372549019608,48.009803921568626,,,
81507db6,303,510,0.10352120714581002,48.01372549019608,48.023529411764706,,,
81507db6,404,510,0.23719250523728383,48.01372549019608,48.01960784313726,,,
81507db6,505,510,0.1634362135818717,48.01372549019608,47.98235294117647,,,
830ce83f,101,511,0.26812847369599824,47.917808219178085,48.136986301369866,,,
830ce83f,202,511,0.27865331320456116,47.917808219178085,48.02739726027397,,,
830ce83f,303,511,0.19949320065972675,47.917808219178085,47.86692759295499,,,
830ce83f,404,511,0.2134899326808865,47.917808219178085,48.25048923679061,,,
830ce83f,505,511,0.19583401061077396,47.917808219178085,48.043052837573384,,,
8464fc84,101,484,0.08851505350910752,47.54338842975206,48.09090909090909,,,
8464fc84,202,484,0.15625923455843416,47.54338842975206,47.68595041322314,,,
8464fc84,303,484,0.13462517010499664,47.54338842975206,47.75826446280992,,,
8464fc84,404,484,0.236248211580449,47.54338842975206,47.90289256198347,,,
8464fc84,505,484,0.2760482494654226,47.54338842975206,47.78719008264463,,,
852ce960,101,396,0.2318133846449114,48.176767676767675,47.833333333333336,,,
852ce960,202,396,0.10483253630375136,48.176767676767675,47.90151515151515,,,
852ce960,303,396,0.16534740982556115,48.176767676767675,47.74747474747475,,,
852ce960,404,396,0.18795528044280518,48.176767676767675,48.111111111111114,,,
852ce960,505,396,0.18941932754960802,48.176767676767675,48.11868686868687,,,
853b0a1d,101,512,0.08143397847011999,47.5234375,48.208984375,,,
853b0a1d,202,512,0.04142495551877462,47.5234375,47.83984375,,,
853b0a1d,303,512,0.13246981930345567,47.5234375,48.1640625,,,
853b0a1d,404,512,0.025865701722497532,47.5234375,47.9296875,,,
853b0a1d,505,512,0.12446452912894877,47.5234375,47.76171875,,,
8550ddae,101,453,0.3741965149254438,48.5364238410596,47.86534216335541,,,
8550ddae,202,453,0.2817174109670319,48.5364238410596,47.81236203090508,,,
8550ddae,303,453,0.31965215980844586,48.5364238410596,47.969094922737305,,,
8550ddae,404,453,0.26663174824506364,48.5364238410596,47.94260485651214,,,
8550ddae,505,453,0.26033169093374264,48.5364238410596,47.63355408388521,,,
85fa3a3f,101,493,-0.047284774539633166,47.740365111561864,48.00811359026369,,,
85fa3a3f,202,493,0.021108715111071586,47.740365111561864,47.835699797160245,,,
85fa3a3f,303,493,0.07816424564497179,47.740365111561864,48.11967545638945,,,
85fa3a3f,404,493,-0.12440781705124142,47.740365111561864,47.8316430020284,,,
85fa3a3f,505,493,0.16362104124698115,47.740365111561864,48.21501014198783,,,
86b68151,101,485,0.07504701611625947,47.575257731958764,47.68041237113402,,,
86b68151,202,485,0.16108861360405194,47.575257731958764,47.78556701030928,,,
86b68151,303,485,0.1296354893459118,47.575257731958764,47.99381443298969,,,
86b68151,404,485,0.2097463161185179,47.575257731958764,48.05567010309279,,,
86b68151,505,485,0.18538550318571995,47.575257731958764,47.705154639175255,,,
86f00804,101,503,0.0928577503883518,46.66799204771372,47.992047713717696,,,
86f00804,202,503,0.050869361247606604,46.66799204771372,47.72962226640159,,,
86f00804,303,503,0.10391179504872966,46.66799204771372,48.24850894632207,,,
86f00804,404,503,0.10664630912137449,46.66799204771372,47.92047713717694,,,
86f00804,505,503,0.13577157091200048,46.66799204771372,47.964214711729625,,,
8752c811,101,493,0.1840705738760139,47.48275862068966,47.76470588235294,,,
8752c811,202,493,0.1287963963629183,47.48275862068966,47.97160243407708,,,
8752c811,303,493,0.17110873197510745,47.48275862068966,47.622718052738335,,,
8752c811,404,493,0.1547708177569504,47.48275862068966,48.089249492900606,,,
8752c811,505,493,0.170730459554896,47.48275862068966,47.825557809330626,,,
87f22b4a,101,474,0.2878707031792505,48.061181434599156,47.65822784810127,,,
87f22b4a,202,474,0.30654655272984954,48.061181434599156,47.881856540084385,,,
87f22b4a,303,474,0.2442907867491614,48.061181434599156,47.89451476793249,,,
87f22b4a,404,474,0.3297131229703796,48.061181434599156,48.14978902953587,,,
87f22b4a,505,474,0.34039803213181413,48.061181434599156,47.91561181434599,,,
88432d0a,101,479,0.302167006154715,47.93945720250522,48.0187891440501,,,
88432d0a,202,479,0.21184676810977007,47.93945720250522,47.83716075156576,,,
88432d0a,303,479,0.1383151982591792,47.93945720250522,48.04801670146138,,,
88432d0a,404,479,0.2414642219764267,47.93945720250522,47.970772442588725,,,
88432d0a,505,479,0.20070314010282433,47.93945720250522,48.18580375782881,,,
89527b6b,101,467,0.30900520689706046,48.0406852248394,47.90792291220557,,,
89527b6b,202,467,0.3419790898921065,48.0406852248394,47.897216274089935,,,
89527b6b,303,467,0.3156303776866381,48.0406852248394,48.12633832976445,,,
89527b6b,404,467,0.2620028216985383,48.0406852248394,47.79229122055675,,,
89527b6b,505,467,0.319862614721363,48.0406852248394,48.12633832976445,,,
8979f9ec,101,469,0.1375524323967448,48.17484008528785,48.0362473347548,,,
8979f9ec,202,469,0.08866176172402478,48.17484008528785,47.92963752665245,,,
8979f9ec,303,469,0.0808918404992513,48.17484008528785,47.76119402985075,,,
8979f9ec,404,469,0.07002328508123748,48.17484008528785,47.73560767590618,,,
8979f9ec,505,469,0.11493184036802095,48.17484008528785,48.03411513859275,,,
89941a93,101,528,0.05258582320229729,47.68181818181818,47.96022727272727,,,
89941a93,202,528,0.14721368416064565,47.68181818181818,47.70075757575758,,,
89941a93,303,528,0.05477633515449753,47.68181818181818,48.12310606060606,,,
89941a93,404,528,0.10711848436488416,47.68181818181818,47.484848484848484,,,
89941a93,505,528,0.049082755958860524,47.68181818181818,48.03977272727273,,,
89941a94,101,523,0.049353751230487845,47.32313575525813,47.602294455066925,,,
89941a94,202,523,0.006476612773297474,47.32313575525813,47.961759082217974,,,
89941a94,303,523,0.04778578482496594,47.32313575525813,48.0,,,
89941a94,404,523,0.027444698116273373,47.32313575525813,47.82791586998088,,,
89941a94,505,523,0.17580015819019534,47.32313575525813,47.92351816443595,,,
8a137a7f,101,512,0.19819041481030628,48.0703125,48.03515625,,,
8a137a7f,202,512,0.1551888791076511,48.0703125,47.60546875,,,
8a137a7f,303,512,0.17441720531510133,48.0703125,47.625,,,
8a137a7f,404,512,0.032076653054877176,48.0703125,48.04296875,,,
8a137a7f,505,512,0.1192487179121398,48.0703125,48.025390625,,,
8a2466db,101,508,0.16402470179313944,47.76377952755905,48.06299212598425,,,
8a2466db,202,508,0.19886467808660865,47.76377952755905,48.07874015748032,,,
8a2466db,303,508,0.3201728484762075,47.76377952755905,48.14763779527559,,,
8a2466db,404,508,0.3625416797901689,47.76377952755905,48.039370078740156,,,
8a2466db,505,508,0.192283506466865,47.76377952755905,47.98622047244095,,,
8aef76bc,101,492,0.07779255686084958,48.109756097560975,47.9369918699187,,,
8aef76bc,202,492,0.09233566259255839,48.109756097560975,48.203252032520325,,,
8aef76bc,303,492,0.06673198614686632,48.109756097560975,47.729674796747965,,,
8aef76bc,404,492,0.18388172008363377,48.109756097560975,48.21951219512195,,,
8aef76bc,505,492,0.13147328782916967,48.109756097560975,47.770325203252035,,,
8b9d4367,101,537,0.18374121413493158,47.57355679702049,47.97020484171322,,,
8b9d4367,202,537,0.1553716968126867,47.57355679702049,48.229050279329606,,,
8b9d4367,303,537,0.22386911667074139,47.57355679702049,48.09869646182495,,,
8b9d4367,404,537,0.051691370045818856,47.57355679702049,48.031657355679705,,,
8b9d4367,505,537,0.1255828131244617,47.57355679702049,48.02979515828678,,,
8c18457d,101,434,0.12019575883566398,47.774193548387096,48.09216589861751,,,
8c18457d,202,434,0.1356768995033474,47.774193548387096,47.83179723502304,,,
8c18457d,303,434,0.0930718005514014,47.774193548387096,47.84101382488479,,,
8c18457d,404,434,0.10329899165359721,47.774193548387096,48.115207373271886,,,
8c18457d,505,434,0.03341857765509464,47.774193548387096,47.74654377880184,,,
8cf4d046,101,468,0.1794757588363905,47.24145299145299,48.1559829059829,,,
8cf4d046,202,468,0.1741196788981624,47.24145299145299,47.993589743589745,,,
8cf4d046,303,468,0.20298678903135955,47.24145299145299,48.26923076923077,,,
8cf4d046,404,468,0.20627966292107983,47.24145299145299,48.06837606837607,,,
8cf4d046,505,468,0.22151844919801666,47.24145299145299,47.9465811965812,,,
8cf51dda,101,454,0.333310102761208,47.86784140969163,48.090308370044056,,,
8cf51dda,202,454,0.17321733861841057,47.86784140969163,48.05506607929515,,,
8cf51dda,303,454,0.21400428722467424,47.86784140969163,47.94493392070485,,,
8cf51dda,404,454,0.20311846708383904,47.86784140969163,47.55726872246696,,,
8cf51dda,505,454,0.32118917499540983,47.86784140969163,47.830396475770925,,,
8e91e7d9,101,498,0.11866888808795016,47.78313253012048,48.3714859437751,,,
8e91e7d9,202,498,0.1568764317190525,47.78313253012048,48.11646586345382,,,
8e91e7d9,303,498,0.08917873751315138,47.78313253012048,48.100401606425706,,,
8e91e7d9,404,498,0.22971896327605884,47.78313253012048,47.907630522088354,,,
8e91e7d9,505,498,0.21498467286443837,47.78313253012048,48.09437751004016,,,
8e9d538c,101,486,0.08812490780862331,47.96090534979424,48.05144032921811,,,
8e9d538c,202,486,0.1277596862191161,47.96090534979424,47.8477366255144,,,
8e9d538c,303,486,0.023372081521563476,47.96090534979424,48.10699588477366,,,
8e9d538c,404,486,0.034571832879022185,47.96090534979424,48.05555555555556,,,
8e9d538c,505,486,0.011815891915247638,47.96090534979424,48.016460905349795,,,
8ebdbe50,101,487,0.23706786308597455,48.0082135523614,48.186858316221766,,,
8ebdbe50,202,487,0.10716984625624562,48.0082135523614,47.73921971252567,,,
8ebdbe50,303,487,0.12845545315205759,48.0082135523614,47.92402464065709,,,
8ebdbe50,404,487,0.2737745169911195,48.0082135523614,48.38193018480493,,,
8ebdbe50,505,487,0.20259745197248039,48.0082135523614,48.08624229979466,,,
8fb83627,101,485,0.022900063536682003,47.49690721649485,48.175257731958766,,,
8fb83627,202,485,0.04262382692722994,47.49690721649485,47.99381443298969,,,
8fb83627,303,485,0.12937616591899245,47.49690721649485,48.01855670103093,,,
8fb83627,404,485,0.09533182349217338,47.49690721649485,48.057731958762886,,,
8fb83627,505,485,0.05585522091237705,47.49690721649485,48.16701030927835,,,
91b15a6e,101,489,0.06162208677576875,48.33537832310839,47.71165644171779,,,
91b15a6e,202,489,0.003071956227462331,48.33537832310839,47.9161554192229,,,
91b15a6e,303,489,0.1443179216779144,48.33537832310839,48.351738241308794,,,
91b15a6e,404,489,0.023419214351777656,48.33537832310839,47.895705521472394,,,
91b15a6e,505,489,0.13334175125719241,48.33537832310839,47.79959100204499,,,
92a0aa75,101,455,0.2398793476815623,47.918681318681315,47.894505494505495,,,
92a0aa75,202,455,0.3072023913023701,47.918681318681315,48.07912087912088,,,
92a0aa75,303,455,0.2763887274508386,47.918681318681315,48.13846153846154,,,
92a0aa75,404,455,0.23912042939269254,47.918681318681315,47.78901098901099,,,
92a0aa75,505,455,0.27457056114451817,47.918681318681315,47.90769230769231,,,
945e3d21,101,489,0.1407821452089464,47.79754601226994,47.97546012269939,,,
945e3d21,202,489,0.29870272568042794,47.79754601226994,48.355828220858896,,,
945e3d21,303,489,0.3190571512762337,47.79754601226994,47.92842535787321,,,
945e3d21,404,489,0.23772294568630517,47.79754601226994,48.16564417177914,,,
945e3d21,505,489,0.2506852574794272,47.79754601226994,47.68711656441718,,,
94f70d80,101,510,0.15641485533548544,47.92745098039216,48.06470588235294,,,
94f70d80,202,510,0.12728716087265723,47.92745098039216,48.333333333333336,,,
94f70d80,303,510,0.12835739582543662,47.92745098039216,47.96666666666667,,,
94f70d80,404,510,0.10048310095254233,47.92745098039216,48.02156862745098,,,
94f70d80,505,510,0.21210940574930792,47.92745098039216,47.76862745098039,,,
95228167,101,507,0.3735490394657048,47.47337278106509,47.8974358974359,,,
95228167,202,507,0.3745374877376998,47.47337278106509,48.108481262327416,,,
95228167,303,507,0.27269958314231113,47.47337278106509,47.8698224852071,,,
95228167,404,507,0.33315281382160933,47.47337278106509,48.10650887573964,,,
95228167,505,507,0.3234097882248269,47.47337278106509,48.145956607495066,,,
95bcc1c8,101,487,0.16298695421224438,48.17864476386037,47.68993839835729,,,
95bcc1c8,202,487,0.12776035916163236,48.17864476386037,47.880903490759756,,,
95bcc1c8,303,487,0.08647199790825483,48.17864476386037,47.794661190965094,,,
95bcc1c8,404,487,0.16352950392351379,48.17864476386037,47.874743326488705,,,
95bcc1c8,505,487,0.13477309817050212,48.17864476386037,48.02258726899384,,,
982b5123,101,473,0.14025647519546455,48.22198731501057,48.15010570824524,,,
982b5123,202,473,0.1380783091344375,48.22198731501057,48.07610993657505,,,
982b5123,303,473,0.11879212178504606,48.22198731501057,47.86469344608879,,,
982b5123,404,473,0.043481425517587054,48.22198731501057,48.323467230443974,,,
982b5123,505,473,0.17177416917562172,48.22198731501057,47.959830866807614,,,
993da5e2,101,486,0.08760828701317201,48.065843621399175,47.882716049382715,,,
993da5e2,202,486,0.1643587025515097,48.065843621399175,48.36625514403292,,,
993da5e2,303,486,0.15822463696980651,48.065843621399175,48.10288065843621,,,
993da5e2,404,486,0.1074672399498486,48.065843621399175,47.66255144032922,,,
993da5e2,505,486,0.16104990781773978,48.065843621399175,48.022633744855966,,,
9a707b81,101,530,0.3568275244290885,48.24716981132075,48.071698113207546,,,
9a707b81,202,530,0.26363654460683283,48.24716981132075,48.06603773584906,,,
9a707b81,303,530,0.2769532496756539,48.24716981132075,47.87169811320755,,,
9a707b81,404,530,0.27581640578242356,48.24716981132075,47.764150943396224,,,
9a707b81,505,530,0.3332324701469331,48.24716981132075,48.0188679245283,,,
9a707b82,101,532,0.2950644209760666,48.07706766917293,47.69736842105263,,,
9a707b82,202,532,0.2702472152686524,48.07706766917293,48.150375939849624,,,
9a707b82,303,532,0.28212060113353965,48.07706766917293,48.11842105263158,,,
9a707b82,404,532,0.25681162005215624,48.07706766917293,47.94736842105263,,,
9a707b82,505,532,0.31383140688411987,48.07706766917293,47.96616541353384,,,
9aaed6a3,101,541,0.08506615310500723,47.66358595194085,48.17929759704251,,,
9aaed6a3,202,541,-0.040540797816954244,47.66358595194085,48.35859519408503,,,
9aaed6a3,303,541,0.03326399119622019,47.66358595194085,48.52310536044362,,,
9aaed6a3,404,541,0.04811640293063324,47.66358595194085,48.14232902033272,,,
9aaed6a3,505,541,0.14298558361412783,47.66358595194085,48.11645101663586,,,
9bbe84a2,101,459,0.03829047344721593,47.694989106753816,48.108932461873636,,,
9bbe84a2,202,459,0.15471594732809127,47.694989106753816,47.910675381263616,,,
9bbe84a2,303,459,0.1352382311765595,47.694989106753816,48.29193899782135,,,
9bbe84a2,404,459,0.034034808598938815,47.694989106753816,48.0,,,
9bbe84a2,505,459,0.25598368371274544,47.694989106753816,47.989106753812635,,,
9d25d4e0,101,493,0.09987719363492761,48.095334685598374,48.046653144016226,,,
9d25d4e0,202,493,0.10963807672791556,48.095334685598374,47.98377281947262,,,
9d25d4e0,303,493,0.11438326574928384,48.095334685598374,47.878296146044626,,,
9d25d4e0,404,493,0.042693563297145784,48.095334685598374,47.8235294117647,,,
9d25d4e0,505,493,0.2089405877768255,48.095334685598374,48.004056795131845,,,
9ea5eabc,101,537,0.06095370704714731,47.31098696461825,47.88081936685288,,,
9ea5eabc,202,537,0.10897123358775966,47.31098696461825,48.01675977653631,,,
9ea5eabc,303,537,0.05818170321897774,47.31098696461825,47.75977653631285,,,
9ea5eabc,404,537,0.138953817383007,47.31098696461825,47.97951582867784,,,
9ea5eabc,505,537,0.06357128346916145,47.31098696461825,47.8975791433892,,,
9ee3ecd6,101,476,0.22852022108085898,47.47899159663866,48.25,,,
9ee3ecd6,202,476,0.12553921087740103,47.47899159663866,47.989495798319325,,,
9ee3ecd6,303,476,0.12457777664267419,47.47899159663866,47.680672268907564,,,
9ee3ecd6,404,476,0.19776876743555613,47.47899159663866,47.95798319327731,,,
9ee3ecd6,505,476,0.21608410976683742,47.47899159663866,48.016806722689076,,,
a06e4cfe,101,534,0.1987642722174585,47.40823970037453,47.7752808988764,,,
a06e4cfe,202,534,0.2434921635969959,47.40823970037453,48.10299625468165,,,
a06e4cfe,303,534,0.22839989389173926,47.40823970037453,47.79775280898876,,,
a06e4cfe,404,534,0.17671781792871025,47.40823970037453,47.95692883895131,,,
a06e4cfe,505,534,0.15960984244616785,47.40823970037453,48.09550561797753,,,
a08a253f,101,560,0.11531995270647512,48.32857142857143,47.871428571428574,,,
a08a253f,202,560,0.16067897632440623,48.32857142857143,47.77857142857143,,,
a08a253f,303,560,0.1405746778915992,48.32857142857143,47.92142857142857,,,
a08a253f,404,560,0.09437733075290684,48.32857142857143,47.642857142857146,,,
a08a253f,505,560,0.21065866283690243,48.32857142857143,48.00714285714286,,,
a11281a2,101,457,0.039500642152902,47.671772428884026,47.81181619256017,,,
a11281a2,202,457,0.06400325083311686,47.671772428884026,47.94091903719912,,,
a11281a2,303,457,0.18919145318339833,47.671772428884026,47.689277899343544,,,
a11281a2,404,457,0.0008103004595162689,47.671772428884026,47.80306345733042,,,
a11281a2,505,457,0.15589481506952554,47.671772428884026,47.647702407002186,,,
a1cc6108,101,492,0.17852505384975959,47.47764227642276,48.0609756097561,,,
a1cc6108,202,492,0.13305354342306458,47.47764227642276,47.89430894308943,,,
a1cc6108,303,492,0.1425235620054538,47.47764227642276,47.957317073170735,,,
a1cc6108,404,492,0.15860370502818716,47.47764227642276,47.82113821138211,,,
a1cc6108,505,492,0.16429757951180712,47.47764227642276,47.86585365853659,,,
a1eacc2a,101,474,0.10369030641009588,48.12447257383966,48.09915611814346,,,
a1eacc2a,202,474,-0.0803617330625043,48.12447257383966,47.82067510548523,,,
a1eacc2a,303,474,0.10886909378461362,48.12447257383966,47.74050632911393,,,
a1eacc2a,404,474,0.09977748670020661,48.12447257383966,48.255274261603375,,,
a1eacc2a,505,474,0.1420263388449287,48.12447257383966,47.970464135021096,,,
a2f3aa27,101,448,0.02542874070292626,47.488839285714285,47.814732142857146,,,
a2f3aa27,202,448,-0.017646930536152003,47.488839285714285,48.232142857142854,,,
a2f3aa27,303,448,0.016722668255351677,47.488839285714285,47.625,,,
a2f3aa27,404,448,0.0722383436953842,47.488839285714285,47.841517857142854,,,
a2f3aa27,505,448,0.05580530622986602,47.488839285714285,47.941964285714285,,,
a3045048,101,584,0.04453879656846992,47.23458904109589,48.022260273972606,,,
a3045048,202,584,0.1231916784071826,47.23458904109589,47.830479452054796,,,
a3045048,303,584,0.051317576623595415,47.23458904109589,47.98972602739726,,,
a3045048,404,584,0.12476440406877184,47.23458904109589,48.41267123287671,,,
a3045048,505,584,0.045369617287633245,47.23458904109589,47.554794520547944,,,
a3332713,101,467,0.06957879233874789,47.48394004282655,47.92719486081371,,,
a3332713,202,467,0.034920615858698434,47.48394004282655,48.03854389721627,,,
a3332713,303,467,0.08095549980400668,47.48394004282655,48.31049250535332,,,
a3332713,404,467,-0.012562926795241175,47.48394004282655,47.80085653104925,,,
a3332713,505,467,0.12987835296293795,47.48394004282655,47.97002141327623,,,
a346bb18,101,478,0.23598120483744295,47.8744769874477,48.09623430962343,,,
a346bb18,202,478,0.22443934019826345,47.8744769874477,48.13598326359833,,,
a346bb18,303,478,0.12765947580759968,47.8744769874477,47.65062761506276,,,
a346bb18,404,478,0.19243481367691354,47.8744769874477,47.80753138075314,,,
a346bb18,505,478,0.11508022368437408,47.8744769874477,47.75941422594142,,,
a3838d2b,101,484,0.10374183089955383,47.91942148760331,47.53512396694215,,,
a3838d2b,202,484,0.18378099374137596,47.91942148760331,47.78719008264463,,,
a3838d2b,303,484,0.1430608170611575,47.91942148760331,47.71487603305785,,,
a3838d2b,404,484,0.08227821219454716,47.91942148760331,48.03719008264463,,,
a3838d2b,505,484,0.1475475606588029,47.91942148760331,47.57644628099174,,,
a40e080f,101,529,0.10350023964089956,47.65973534971645,48.034026465028354,,,
a40e080f,202,529,0.14544876325634384,47.65973534971645,47.886578449905485,,,
a40e080f,303,529,0.1745256588463609,47.65973534971645,47.699432892249526,,,
a40e080f,404,529,0.08729368683007425,47.65973534971645,47.852551984877124,,,
a40e080f,505,529,0.04824148103980846,47.65973534971645,47.928166351606805,,,
a4996e51,101,512,0.21053212722458808,47.798828125,47.978515625,,,
a4996e51,202,512,0.19010785127210167,47.798828125,47.7734375,,,
a4996e51,303,512,0.23313652680829094,47.798828125,48.21875,,,
a4996e51,404,512,0.13939125403582087,47.798828125,47.880859375,,,
a4996e51,505,512,0.20245457661175018,47.798828125,47.66796875,,,
a82c026e,101,476,0.18868310512572917,47.52100840336134,48.14915966386555,,,
a82c026e,202,476,0.18291925243941443,47.52100840336134,48.21008403361345,,,
a82c026e,303,476,0.21299783707253003,47.52100840336134,47.72899159663866,,,
a82c026e,404,476,0.2532078354706341,47.52100840336134,47.865546218487395,,,
a82c026e,505,476,0.20950268734505817,47.52100840336134,47.76890756302521,,,
a89d7624,101,496,0.2728118684505111,48.41129032258065,48.127016129032256,,,
a89d7624,202,496,0.17087250466919798,48.41129032258065,48.17540322580645,,,
a89d7624,303,496,0.2599416300662609,48.41129032258065,48.225806451612904,,,
a89d7624,404,496,0.21557573647213912,48.41129032258065,47.846774193548384,,,
a89d7624,505,496,0.22465549800161352,48.41129032258065,48.090725806451616,,,
a96c20ee,101,489,0.1768857354708155,47.59100204498978,47.895705521472394,,,
a96c20ee,202,489,0.14588177365786584,47.59100204498978,48.030674846625764,,,
a96c20ee,303,489,0.12449351575064052,47.59100204498978,47.70347648261759,,,
a96c20ee,404,489,0.16581897857022304,47.59100204498978,48.10633946830266,,,
a96c20ee,505,489,0.14763701740674579,47.59100204498978,48.11451942740286,,,
a9f6b44c,101,476,0.2473503219676582,48.03361344537815,47.84243697478992,,,
a9f6b44c,202,476,0.2896574704437679,48.03361344537815,47.989495798319325,,,
a9f6b44c,303,476,0.2730433220835826,48.03361344537815,47.85504201680672,,,
a9f6b44c,404,476,0.19551039914259252,48.03361344537815,47.84873949579832,,,
a9f6b44c,505,476,0.3203418000543779,48.03361344537815,47.57983193277311,,,
aae3761f,101,485,0.12877374420298085,47.74639175257732,48.241237113402065,,,
aae3761f,202,485,0.1403223434405416,47.74639175257732,48.070103092783505,,,
aae3761f,303,485,0.14807757420494452,47.74639175257732,48.09278350515464,,,
aae3761f,404,485,0.09234739643468745,47.74639175257732,47.983505154639175,,,
aae3761f,505,485,0.18662922500399268,47.74639175257732,48.16701030927835,,,
ac031881,101,529,0.08871161356584233,47.65973534971645,47.68052930056711,,,
ac031881,202,529,0.15237977360879779,47.65973534971645,47.78260869565217,,,
ac031881,303,529,0.15324202916038757,47.65973534971645,47.98298676748582,,,
ac031881,404,529,0.18326719368801753,47.65973534971645,48.071833648393195,,,
ac031881,505,529,0.1994120259108525,47.65973534971645,48.03024574669187,,,
ad7109d1,101,466,0.4006033812816228,47.83047210300429,48.062231759656655,,,
ad7109d1,202,466,0.3807002460966169,47.83047210300429,47.83476394849785,,,
ad7109d1,303,466,0.47661043864289016,47.83047210300429,47.85407725321888,,,
ad7109d1,404,466,0.34424933440070854,47.83047210300429,48.07510729613734,,,
ad7109d1,505,466,0.4140343006680096,47.83047210300429,48.30901287553648,,,
af082822,101,495,0.19545963007022438,48.48888888888889,47.878787878787875,,,
af082822,202,495,0.23533851508320267,48.48888888888889,47.79191919191919,,,
af082822,303,495,0.18362839099462996,48.48888888888889,48.05050505050505,,,
af082822,404,495,0.25083718501171914,48.48888888888889,47.925252525252525,,,
af082822,505,495,0.1766120861601436,48.48888888888889,48.153535353535354,,,
af8d2e46,101,495,0.07473085289257785,47.01616161616162,48.16565656565657,,,
af8d2e46,202,495,0.05280499636602605,47.01616161616162,48.236363636363635,,,
af8d2e46,303,495,0.027054480652735722,47.01616161616162,48.13333333333333,,,
af8d2e46,404,495,0.043257876256980396,47.01616161616162,47.91111111111111,,,
af8d2e46,505,495,0.10322544214309246,47.01616161616162,48.147474747474746,,,
afdc33df,101,502,0.27675557808307083,47.72908366533864,47.701195219123505,,,
afdc33df,202,502,0.24272840299647605,47.72908366533864,48.1195219123506,,,
afdc33df,303,502,0.14800102771111542,47.72908366533864,48.113545816733065,,,
afdc33df,404,502,0.27807204968348087,47.72908366533864,47.84661354581673,,,
afdc33df,505,502,0.24414839810949024,47.72908366533864,47.844621513944226,,,
affe2881,101,484,0.16546269920726497,47.696280991735534,47.985537190082646,,,
affe2881,202,484,0.10968258952870141,47.696280991735534,48.256198347107436,,,
affe2881,303,484,0.13626595003402162,47.696280991735534,47.997933884297524,,,
affe2881,404,484,0.14445843846194048,47.696280991735534,47.993801652892564,,,
affe2881,505,484,0.1435733366348607,47.696280991735534,47.92768595041322,,,
b01defab,101,503,0.1557745349565152,48.04771371769384,48.04771371769384,,,
b01defab,202,503,0.0796592232129771,48.04771371769384,47.91848906560636,,,
b01defab,303,503,0.03472596997874192,48.04771371769384,47.912524850894634,,,
b01defab,404,503,0.23379168906482853,48.04771371769384,48.238568588469185,,,
b01defab,505,503,0.05553996143582343,48.04771371769384,47.90854870775348,,,
b0479f84,101,502,0.3981925786479555,48.342629482071715,47.89243027888446,,,
b0479f84,202,502,0.34213255989253166,48.342629482071715,48.18127490039841,,,
b0479f84,303,502,0.4286176403469872,48.342629482071715,47.864541832669325,,,
b0479f84,404,502,0.38229960354002746,48.342629482071715,47.97011952191235,,,
b0479f84,505,502,0.4173797043453855,48.342629482071715,47.93625498007968,,,
b29f3365,101,494,0.02800575405826498,48.11740890688259,47.68623481781376,,,
b29f3365,202,494,0.1385736919426182,48.11740890688259,47.89068825910931,,,
b29f3365,303,494,0.023532034692762202,48.11740890688259,47.921052631578945,,,
b29f3365,404,494,0.1446327202727848,48.11740890688259,47.98987854251012,,,
b29f3365,505,494,0.10225144273227,48.11740890688259,48.02834008097166,,,
b320f3f8,101,463,0.3208278334310032,48.28725701943844,47.909287257019436,,,
b320f3f8,202,463,0.1675504707016137,48.28725701943844,47.80777537796976,,,
b320f3f8,303,463,0.23196341042416613,48.28725701943844,47.67818574514039,,,
b320f3f8,404,463,0.2953030386877691,48.28725701943844,48.172786177105834,,,
b320f3f8,505,463,0.23393502394405769,48.28725701943844,47.87041036717063,,,
b3c15d39,101,502,0.14729469816427307,47.569721115537845,47.87250996015936,,,
b3c15d39,202,502,0.017580388872935022,47.569721115537845,47.97211155378486,,,
b3c15d39,303,502,0.04467828984417429,47.569721115537845,48.09362549800797,,,
b3c15d39,404,502,0.1746057500627239,47.569721115537845,47.940239043824704,,,
b3c15d39,505,502,0.03753406420014176,47.569721115537845,47.75298804780876,,,
b46e15ed,101,478,0.18446621290974335,48.11924686192469,48.2928870292887,,,
b46e15ed,202,478,0.22815309683210747,48.11924686192469,47.68619246861925,,,
b46e15ed,303,478,0.1984891576445006,48.11924686192469,48.12970711297071,,,
b46e15ed,404,478,0.17382727334835585,48.11924686192469,47.74686192468619,,,
b46e15ed,505,478,0.30692828197650573,48.11924686192469,47.96861924686193,,,
b46e15ee,101,457,0.16404670355779574,48.562363238512035,47.74617067833698,,,
b46e15ee,202,457,0.2160697062124504,48.562363238512035,48.056892778993436,,,
b46e15ee,303,457,0.1781089631653207,48.562363238512035,48.12253829321663,,,
b46e15ee,404,457,0.22960484691033242,48.562363238512035,47.89715536105033,,,
b46e15ee,505,457,0.2616816660778474,48.562363238512035,47.95404814004377,,,
b5ef892d,101,516,0.19899508600834814,48.151162790697676,47.63953488372093,,,
b5ef892d,202,516,0.1935687902168055,48.151162790697676,48.0562015503876,,,
b5ef892d,303,516,0.12837046284137082,48.151162790697676,48.498062015503876,,,
b5ef892d,404,516,0.12185207081213394,48.151162790697676,48.12596899224806,,,
b5ef892d,505,516,0.09736011287061705,48.151162790697676,48.00581395348837,,,
b6019101,101,510,0.14071629537182298,48.0843137254902,48.02745098039216,,,
b6019101,202,510,0.15418441729980153,48.0843137254902,48.325490196078434,,,
b6019101,303,510,0.1648591268727343,48.0843137254902,48.1921568627451,,,
b6019101,404,510,0.1879555836325576,48.0843137254902,48.050980392156866,,,
b6019101,505,510,0.18382465224118333,48.0843137254902,48.10588235294118,,,
b6025781,101,460,0.20404056080931257,48.21304347826087,48.01086956521739,,,
b6025781,202,460,0.17002515996202716,48.21304347826087,47.82608695652174,,,
b6025781,303,460,0.17752795865961557,48.21304347826087,47.81956521739131,,,
b6025781,404,460,0.22293025783305534,48.21304347826087,48.11521739130435,,,
b6025781,505,460,0.20366798105394585,48.21304347826087,48.00869565217391,,,
b759caee,101,516,0.21806951121318496,48.05038759689923,48.13178294573643,,,
b759caee,202,516,0.23601074329195545,48.05038759689923,47.78875968992248,,,
b759caee,303,516,0.3819410331520108,48.05038759689923,48.07364341085271,,,
b759caee,404,516,0.4079662747053981,48.05038759689923,47.74418604651163,,,
b759caee,505,516,0.3810906538707308,48.05038759689923,47.97868217054263,,,
b86304ba,101,456,0.1632198404597468,47.85087719298246,47.8421052631579,,,
b86304ba,202,456,0.25335901179957027,47.85087719298246,47.969298245614034,,,
b86304ba,303,456,0.18204132088008695,47.85087719298246,48.05482456140351,,,
b86304ba,404,456,0.1761388722500156,47.85087719298246,47.99122807017544,,,
b86304ba,505,456,0.2634697211800529,47.85087719298246,47.60964912280702,,,
b9cfe692,101,492,0.13140673779599935,47.859756097560975,48.10162601626016,,,
b9cfe692,202,492,0.1730751456984294,47.859756097560975,47.83739837398374,,,
b9cfe692,303,492,0.06935618206650476,47.859756097560975,48.14837398373984,,,
b9cfe692,404,492,0.034632267229801825,47.859756097560975,48.11178861788618,,,
b9cfe692,505,492,0.1438870531196887,47.859756097560975,47.84552845528455,,,
ba358f49,101,409,0.29675718624744823,48.62102689486552,48.12469437652812,,,
ba358f49,202,409,0.2194512815083538,48.62102689486552,47.75305623471883,,,
ba358f49,303,409,0.24097365491284112,48.62102689486552,48.298288508557455,,,
ba358f49,404,409,0.20284686125250365,48.62102689486552,48.271393643031786,,,
ba358f49,505,409,0.3140389653584016,48.62102689486552,47.89731051344743,,,
ba61f0b9,101,454,0.029031042888653075,48.1784140969163,47.5726872246696,,,
ba61f0b9,202,454,-0.07758556414218801,48.1784140969163,47.98898678414097,,,
ba61f0b9,303,454,0.10583792808417902,48.1784140969163,48.07929515418502,,,
ba61f0b9,404,454,-0.012189442107072589,48.1784140969163,48.10132158590309,,,
ba61f0b9,505,454,-0.006420955711974491,48.1784140969163,47.87224669603524,,,
bb7c3b45,101,495,0.21063366034729167,47.89494949494949,47.836363636363636,,,
bb7c3b45,202,495,0.005540473816988606,47.89494949494949,48.012121212121215,,,
bb7c3b45,303,495,0.05931690172445913,47.89494949494949,47.903030303030306,,,
bb7c3b45,404,495,0.03808744998426687,47.89494949494949,47.84040404040404,,,
bb7c3b45,505,495,0.10268197622364798,47.89494949494949,48.07272727272727,,,
bbf86515,101,487,0.044238332939347355,48.31416837782341,47.98973305954826,,,
bbf86515,202,487,-0.02850312543525172,48.31416837782341,48.275154004106774,,,
bbf86515,303,487,0.05649291155783574,48.31416837782341,47.75975359342916,,,
bbf86515,404,487,0.0591960696940092,48.31416837782341,47.97125256673511,,,
bbf86515,505,487,0.17543413158652446,48.31416837782341,47.86242299794661,,,
bc149d6b,101,467,0.22200759006795995,47.95074946466809,48.08565310492505,,,
bc149d6b,202,467,0.05195728652475808,47.95074946466809,47.892933618843685,,,
bc149d6b,303,467,0.2012794513744281,47.95074946466809,47.892933618843685,,,
bc149d6b,404,467,0.2029003676387589,47.95074946466809,47.96573875802998,,,
bc149d6b,505,467,0.15108881108700872,47.95074946466809,48.02355460385439,,,
bc8a6e93,101,537,0.1399875001427268,47.86405959031657,48.00931098696462,,,
bc8a6e93,202,537,0.1595935268926725,47.86405959031657,47.89199255121043,,,
bc8a6e93,303,537,0.18039842744586132,47.86405959031657,47.811918063314714,,,
bc8a6e93,404,537,0.21014383611553336,47.86405959031657,48.02048417132216,,,
bc8a6e93,505,537,0.19026474221333226,47.86405959031657,47.75232774674115,,,
bcbe585f,101,453,0.17084211833386245,48.11037527593819,47.675496688741724,,,
bcbe585f,202,453,0.12085610116145465,48.11037527593819,47.905077262693155,,,
bcbe585f,303,453,0.11858551593760226,48.11037527593819,48.09271523178808,,,
bcbe585f,404,453,0.1395405716058649,48.11037527593819,47.973509933774835,,,
bcbe585f,505,453,0.09591643848761852,48.11037527593819,48.0728476821192,,,
bf659f65,101,516,0.11716544808741099,47.52906976744186,48.01744186046512,,,
bf659f65,202,516,0.21111707665645132,47.52906976744186,47.74612403100775,,,
bf659f65,303,516,0.13544569705958687,47.52906976744186,47.87984496124031,,,
bf659f65,404,516,0.24976739486065433,47.52906976744186,48.25968992248062,,,
bf659f65,505,516,0.16658707010668172,47.52906976744186,47.96705426356589,,,
c14c00dd,101,492,0.2745513717385318,47.729674796747965,47.90447154471545,,,
c14c00dd,202,492,0.2359770214354182,47.729674796747965,47.892276422764226,,,
c14c00dd,303,492,0.28589322216147334,47.729674796747965,47.66869918699187,,,
c14c00dd,404,492,0.3354000304521243,47.729674796747965,47.84349593495935,,,
c14c00dd,505,492,0.3071935464931398,47.729674796747965,48.38008130081301,,,
c18a7dc8,101,509,0.22322558009797322,48.184675834970534,48.15717092337918,,,
c18a7dc8,202,509,0.30238602850767604,48.184675834970534,47.89783889980354,,,
c18a7dc8,303,509,0.3510022288387644,48.184675834970534,47.93909626719057,,,
c18a7dc8,404,509,0.3124677591431513,48.184675834970534,47.53045186640472,,,
c18a7dc8,505,509,0.3193361037427416,48.184675834970534,48.25540275049116,,,
c19f7a0b,101,478,0.26293975967103855,47.31171548117155,47.93933054393305,,,
c19f7a0b,202,478,0.17356074915213132,47.31171548117155,48.21129707112971,,,
c19f7a0b,303,478,0.2387016754816926,47.31171548117155,47.88493723849373,,,
c19f7a0b,404,478,0.323284773437765,47.31171548117155,48.03974895397489,,,
c19f7a0b,505,478,0.2183888515903999,47.31171548117155,47.98117154811715,,,
c2ac3c61,101,528,0.14221042391631958,47.60795454545455,47.89204545454545,,,
c2ac3c61,202,528,0.15706224082504344,47.60795454545455,48.04356060606061,,,
c2ac3c61,303,528,0.08490664307890679,47.60795454545455,47.93939393939394,,,
c2ac3c61,404,528,0.10414693172791106,47.60795454545455,47.91287878787879,,,
c2ac3c61,505,528,0.10974736006314671,47.60795454545455,47.91098484848485,,,
c4a1ceb8,101,488,0.2307475884033818,48.20286885245902,47.90573770491803,,,
c4a1ceb8,202,488,0.188799649569543,48.20286885245902,47.78483606557377,,,
c4a1ceb8,303,488,0.11785558180788085,48.20286885245902,48.17622950819672,,,
c4a1ceb8,404,488,0.12731843436306697,48.20286885245902,47.842213114754095,,,
c4a1ceb8,505,488,0.2045786974540358,48.20286885245902,47.98155737704918,,,
c4ea545c,101,490,0.15786329829249376,47.96938775510204,47.90408163265306,,,
c4ea545c,202,490,0.1895938615270863,47.96938775510204,48.142857142857146,,,
c4ea545c,303,490,0.18572833400643163,47.96938775510204,48.09795918367347,,,
c4ea545c,404,490,0.1047328266057824,47.96938775510204,47.940816326530616,,,
c4ea545c,505,490,0.18127874668187058,47.96938775510204,48.26734693877551,,,
c4f10528,101,485,0.11069570621961845,47.67628865979381,47.98144329896907,,,
c4f10528,202,485,0.11698367521724083,47.67628865979381,48.16288659793815,,,
c4f10528,303,485,0.14332299216037997,47.67628865979381,48.263917525773195,,,
c4f10528,404,485,0.20484807000496336,47.67628865979381,48.27010309278351,,,
c4f10528,505,485,0.2519041943624803,47.67628865979381,47.64536082474227,,,
c5e8278d,101,469,0.09754404295329752,47.38805970149254,47.97228144989339,,,
c5e8278d,202,469,-0.005003911164479277,47.38805970149254,48.40724946695096,,,
c5e8278d,303,469,0.0676979066871718,47.38805970149254,47.76119402985075,,,
c5e8278d,404,469,0.056386944160378386,47.38805970149254,47.859275053304906,,,
c5e8278d,505,469,0.06356062420307651,47.38805970149254,47.82302771855011,,,
c6853660,101,477,0.06926915006395426,47.926624737945495,47.58909853249476,,,
c6853660,202,477,0.1446689388558108,47.926624737945495,47.9895178197065,,,
c6853660,303,477,0.14726591787627613,47.926624737945495,47.83647798742138,,,
c6853660,404,477,0.25179970510231436,47.926624737945495,47.84067085953878,,,
c6853660,505,477,0.2912333323173986,47.926624737945495,47.9538784067086,,,
c7cf7dfd,101,520,0.1598436126028888,47.75,47.792307692307695,,,
c7cf7dfd,202,520,0.07674431096522946,47.75,47.81346153846154,,,
c7cf7dfd,303,520,0.016357823184434378,47.75,48.13269230769231,,,
c7cf7dfd,404,520,0.03844533466594816,47.75,48.02884615384615,,,
c7cf7dfd,505,520,0.030141739260746155,47.75,47.79038461538462,,,
c7dc5443,101,478,-0.001968384201128262,47.96025104602511,47.7907949790795,,,
c7dc5443,202,478,0.02936743901973505,47.96025104602511,48.0418410041841,,,
c7dc5443,303,478,0.04456625949814964,47.96025104602511,48.13389121338912,,,
c7dc5443,404,478,0.07696454047189899,47.96025104602511,47.98326359832636,,,
c7dc5443,505,478,0.12289867385511234,47.96025104602511,47.85355648535565,,,
c8090214,101,459,0.19278942509446112,48.13507625272331,48.04357298474945,,,
c8090214,202,459,0.2626284291608049,48.13507625272331,47.86056644880174,,,
c8090214,303,459,0.20617103301619158,48.13507625272331,48.091503267973856,,,
c8090214,404,459,0.22651772420993596,48.13507625272331,48.16122004357298,,,
c8090214,505,459,0.22197159026792168,48.13507625272331,47.89542483660131,,,
c8c3f81d,101,487,0.10647812034987277,48.29158110882957,47.69199178644764,,,
c8c3f81d,202,487,0.01983855658485602,48.29158110882957,48.121149897330596,,,
c8c3f81d,303,487,0.13168182572532164,48.29158110882957,47.993839835728956,,,
c8c3f81d,404,487,0.18527322549482064,48.29158110882957,47.71047227926078,,,
c8c3f81d,505,487,0.024688095061659268,48.29158110882957,47.80492813141684,,,
c8f1aeed,101,504,0.1499332746060547,47.851190476190474,48.23015873015873,,,
c8f1aeed,202,504,0.05975029070803517,47.851190476190474,47.80952380952381,,,
c8f1aeed,303,504,0.10623533866315718,47.851190476190474,47.867063492063494,,,
c8f1aeed,404,504,0.039621725539149666,47.851190476190474,47.80555555555556,,,
c8f1aeed,505,504,0.10269867960057665,47.851190476190474,48.00198412698413,,,
c960da58,101,504,0.13007213988789984,47.48015873015873,48.25396825396825,,,
c960da58,202,504,0.12419275071641553,47.48015873015873,47.60515873015873,,,
c960da58,303,504,0.2562418112507238,47.48015873015873,48.20039682539682,,,
c960da58,404,504,0.18965845843125262,47.48015873015873,47.91865079365079,,,
c960da58,505,504,0.1584368870121879,47.48015873015873,47.96825396825397,,,
c9f37c46,101,511,0.17308134998215438,47.76125244618395,48.510763209393346,,,
c9f37c46,202,511,0.1516449413643182,47.76125244618395,47.56360078277886,,,
c9f37c46,303,511,0.2253314079490979,47.76125244618395,47.726027397260275,,,
c9f37c46,404,511,0.12348178684263007,47.76125244618395,47.72211350293542,,,
c9f37c46,505,511,0.22021974903506672,47.76125244618395,47.906066536203525,,,
caf03d32,101,493,0.2272949525784043,47.95131845841785,48.01622718052738,,,
caf03d32,202,493,0.2755202261141648,47.95131845841785,47.95131845841785,,,
caf03d32,303,493,0.16879857555528072,47.95131845841785,48.064908722109536,,,
caf03d32,404,493,0.13795639549994793,47.95131845841785,47.97971602434077,,,
caf03d32,505,493,0.18408755559919912,47.95131845841785,48.07707910750507,,,
caf9ead2,101,466,0.12110179881680602,48.08583690987125,48.06437768240343,,,
caf9ead2,202,466,0.0004131820848969901,48.08583690987125,48.227467811158796,,,
caf9ead2,303,466,0.05857223104951977,48.08583690987125,47.862660944206006,,,
caf9ead2,404,466,0.10925814311359938,48.08583690987125,48.22532188841202,,,
caf9ead2,505,466,0.0823892692724573,48.08583690987125,47.90557939914163,,,
cc06de0d,101,462,0.14746973876668268,48.064935064935064,47.83766233766234,,,
cc06de0d,202,462,0.07748689000927368,48.064935064935064,47.586580086580085,,,
cc06de0d,303,462,0.08832626989198913,48.064935064935064,47.95238095238095,,,
cc06de0d,404,462,0.14486527713489028,48.064935064935064,48.07142857142857,,,
cc06de0d,505,462,0.10287879386960558,48.064935064935064,48.09307359307359,,,
cc539528,101,496,0.01767792873219216,47.832661290322584,47.993951612903224,,,
cc539528,202,496,0.1514683338467485,47.832661290322584,47.63911290322581,,,
cc539528,303,496,0.05144313612058039,47.832661290322584,47.792338709677416,,,
cc539528,404,496,0.05992146888763258,47.832661290322584,47.604838709677416,,,
cc539528,505,496,0.12081938114582592,47.832661290322584,47.98588709677419,,,
cc5ded98,101,493,0.08893771371216506,48.07910750507099,48.206896551724135,,,
cc5ded98,202,493,0.10134613141228907,48.07910750507099,48.15212981744422,,,
cc5ded98,303,493,0.21208114886189966,48.07910750507099,47.69574036511156,,,
cc5ded98,404,493,0.15130897023854337,48.07910750507099,48.08316430020284,,,
cc5ded98,505,493,0.10150456761637427,48.07910750507099,47.80730223123732,,,
cc6d1ec1,101,457,0.1931878510779,48.29321663019694,47.94091903719912,,,
cc6d1ec1,202,457,0.09530146414160723,48.29321663019694,47.85120350109409,,,
cc6d1ec1,303,457,0.1415834445147001,48.29321663019694,47.98687089715536,,,
cc6d1ec1,404,457,0.1681371101928506,48.29321663019694,48.00437636761488,,,
cc6d1ec1,505,457,0.17498426421938762,48.29321663019694,47.96061269146608,,,
ccb36322,101,471,0.22120087837568722,48.05732484076433,47.832271762208066,,,
ccb36322,202,471,0.27638474753569076,48.05732484076433,48.03609341825902,,,
ccb36322,303,471,0.3553074532261024,48.05732484076433,48.03609341825902,,,
ccb36322,404,471,0.32144822295110725,48.05732484076433,47.8619957537155,,,
ccb36322,505,471,0.2963136412314845,48.05732484076433,47.910828025477706,,,
ce6d2d27,101,521,0.13373676645027763,47.6679462571977,47.95969289827255,,,
ce6d2d27,202,521,0.007477270995758101,47.6679462571977,47.798464491362765,,,
ce6d2d27,303,521,0.11951630948542497,47.6679462571977,47.93474088291747,,,
ce6d2d27,404,521,0.14050441455567958,47.6679462571977,47.8637236084453,,,
ce6d2d27,505,521,0.08785996387606128,47.6679462571977,47.91554702495201,,,
ceb54acb,101,493,0.36721865086206484,48.14401622718053,47.9290060851927,,,
ceb54acb,202,493,0.3812692038478517,48.14401622718053,47.65314401622718,,,
ceb54acb,303,493,0.3593249096808516,48.14401622718053,47.91683569979716,,,
ceb54acb,404,493,0.3187736541239195,48.14401622718053,47.8316430020284,,,
ceb54acb,505,493,0.2840574970368847,48.14401622718053,47.70385395537525,,,
cf22b7bf,101,550,0.24639474757108173,48.22909090909091,47.734545454545454,,,
cf22b7bf,202,550,0.24182605364616508,48.22909090909091,47.723636363636366,,,
cf22b7bf,303,550,0.29781309805958456,48.22909090909091,47.70363636363636,,,
cf22b7bf,404,550,0.27638089170256713,48.22909090909091,48.18545454545455,,,
cf22b7bf,505,550,0.21043739063213174,48.22909090909091,47.79090909090909,,,
d01c6aa8,101,429,0.14320184321727972,47.63170163170163,48.02097902097902,,,
d01c6aa8,202,429,0.17504213131991062,47.63170163170163,48.11421911421911,,,
d01c6aa8,303,429,0.03210355707411573,47.63170163170163,48.02097902097902,,,
d01c6aa8,404,429,0.029999747826045666,47.63170163170163,47.80885780885781,,,
d01c6aa8,505,429,0.11061158818782367,47.63170163170163,48.34265734265734,,,
d23cf73b,101,512,0.3698417792154415,48.35546875,47.845703125,,,
d23cf73b,202,512,0.3062857970929146,48.35546875,47.94140625,,,
d23cf73b,303,512,0.28843564735042443,48.35546875,47.875,,,
d23cf73b,404,512,0.3056777541207859,48.35546875,48.173828125,,,
d23cf73b,505,512,0.3716758983152724,48.35546875,47.916015625,,,
d24813b1,101,485,0.29029182806654896,47.76288659793814,47.84123711340206,,,
d24813b1,202,485,0.28163570251169595,47.76288659793814,48.3340206185567,,,
d24813b1,303,485,0.2872645258500454,47.76288659793814,47.84948453608247,,,
d24813b1,404,485,0.29431357216922255,47.76288659793814,48.02474226804124,,,
d24813b1,505,485,0.34140029776923536,47.76288659793814,47.64329896907216,,,
d3ab962e,101,530,0.2595161797319077,47.90377358490566,47.820754716981135,,,
d3ab962e,202,530,0.2431331487212317,47.90377358490566,47.56037735849057,,,
d3ab962e,303,530,0.3292306790713866,47.90377358490566,48.12452830188679,,,
d3ab962e,404,530,0.22485697911227326,47.90377358490566,48.054716981132074,,,
d3ab962e,505,530,0.1811411917910346,47.90377358490566,47.79622641509434,,,
d52b4f67,101,479,0.1439600864605472,48.004175365344466,47.76409185803758,,,
d52b4f67,202,479,0.19778015085468914,48.004175365344466,48.062630480167016,,,
d52b4f67,303,479,0.08452395063527905,48.004175365344466,47.77035490605428,,,
d52b4f67,404,479,0.12182070506400954,48.004175365344466,47.88726513569937,,,
d52b4f67,505,479,0.09947435298757683,48.004175365344466,48.079331941544886,,,
d596882b,101,474,0.2811262949404014,47.75316455696203,47.91772151898734,,,
d596882b,202,474,0.2860498284526958,47.75316455696203,47.83966244725738,,,
d596882b,303,474,0.23807253839600426,47.75316455696203,47.856540084388186,,,
d596882b,404,474,0.23191245812337838,47.75316455696203,47.90717299578059,,,
d596882b,505,474,0.27903388437431137,47.75316455696203,48.07172995780591,,,
d6062bb9,101,532,0.20172722295515375,47.971804511278194,48.08458646616541,,,
d6062bb9,202,532,0.21481955573297712,47.971804511278194,48.00187969924812,,,
d6062bb9,303,532,0.22467381242812728,47.971804511278194,47.96992481203007,,,
d6062bb9,404,532,0.298043779830243,47.971804511278194,47.61842105263158,,,
d6062bb9,505,532,0.22433266587127393,47.971804511278194,47.766917293233085,,,
d6233ab6,101,437,0.3329316913221633,47.75743707093822,48.10526315789474,,,
d6233ab6,202,437,0.2801003697917534,47.75743707093822,48.18764302059497,,,
d6233ab6,303,437,0.2135605472207365,47.75743707093822,47.71853546910755,,,
d6233ab6,404,437,0.3364191996871611,47.75743707093822,48.16475972540046,,,
d6233ab6,505,437,0.33252785788632777,47.75743707093822,48.2700228832952,,,
d682f1a2,101,469,0.17815206043731005,47.80383795309169,48.15778251599147,,,
d682f1a2,202,469,0.31024832951794973,47.80383795309169,48.11727078891258,,,
d682f1a2,303,469,0.24560214486386814,47.80383795309169,48.25159914712154,,,
d682f1a2,404,469,0.22275379109347615,47.80383795309169,48.127931769722814,,,
d682f1a2,505,469,0.2313272271461152,47.80383795309169,48.14498933901919,,,
d7c942c3,101,520,0.1786106410260139,47.04615384615385,48.16538461538462,,,
d7c942c3,202,520,0.18462411630287656,47.04615384615385,48.06346153846154,,,
d7c942c3,303,520,0.21686721986341953,47.04615384615385,48.00192307692308,,,
d7c942c3,404,520,0.12199222744438167,47.04615384615385,47.659615384615385,,,
d7c942c3,505,520,0.08028343949529845,47.04615384615385,47.996153846153845,,,
d851d5ba,101,533,0.03442281379934794,47.89868667917448,47.69418386491557,,,
d851d5ba,202,533,0.15897395993966182,47.89868667917448,48.06754221388368,,,
d851d5ba,303,533,0.09858877156920122,47.89868667917448,48.06754221388368,,,
d851d5ba,404,533,0.09220115335074444,47.89868667917448,47.911819887429644,,,
d851d5ba,505,533,0.09206990004832365,47.89868667917448,48.04502814258912,,,
d905b33f,101,504,0.1568522667645362,47.98412698412698,47.823412698412696,,,
d905b33f,202,504,0.25812810758098664,47.98412698412698,47.62698412698413,,,
d905b33f,303,504,0.13671813518912593,47.98412698412698,48.19642857142857,,,
d905b33f,404,504,0.2342988538365382,47.98412698412698,47.942460317460316,,,
d905b33f,505,504,0.2317211049349139,47.98412698412698,48.17460317460318,,,
dad224aa,101,521,0.1298851614042698,47.90978886756238,47.94241842610365,,,
dad224aa,202,521,0.1026295125200014,47.90978886756238,47.907869481765836,,,
dad224aa,303,521,0.11187190150836022,47.90978886756238,47.70825335892514,,,
dad224aa,404,521,0.09192058344358386,47.90978886756238,47.938579654510555,,,
dad224aa,505,521,0.16389929014738264,47.90978886756238,48.159309021113245,,,
db467c8c,101,475,0.12095848541639785,47.427368421052634,47.783157894736846,,,
db467c8c,202,475,0.22755697442794093,47.427368421052634,47.56421052631579,,,
db467c8c,303,475,0.18807834041584334,47.427368421052634,47.85473684210526,,,
db467c8c,404,475,0.1769669104225652,47.427368421052634,48.09473684210526,,,
db467c8c,505,475,0.23306472675949721,47.427368421052634,48.00421052631579,,,
dc439ea3,101,476,0.1681126526292518,47.82983193277311,48.30672268907563,,,
dc439ea3,202,476,0.1264460064105582,47.82983193277311,48.04201680672269,,,
dc439ea3,303,476,0.1669983019982135,47.82983193277311,47.76260504201681,,,
dc439ea3,404,476,0.15170362799288326,47.82983193277311,47.89705882352941,,,
dc439ea3,505,476,0.16546408168831303,47.82983193277311,47.85294117647059,,,
dccbc061,101,505,0.2680625526020002,48.04752475247525,48.15049504950495,,,
dccbc061,202,505,0.2237644586088636,48.04752475247525,47.904950495049505,,,
dccbc061,303,505,0.25537797621520125,48.04752475247525,48.007920792079204,,,
dccbc061,404,505,0.20642910387591445,48.04752475247525,48.06138613861386,,,
dccbc061,505,505,0.28848855820256847,48.04752475247525,47.8990099009901,,,
dcfa8644,101,470,0.08926812499294619,47.56382978723404,47.84255319148936,,,
dcfa8644,202,470,0.06958980625205408,47.56382978723404,47.85744680851064,,,
dcfa8644,303,470,0.07566248601067284,47.56382978723404,47.63404255319149,,,
dcfa8644,404,470,0.13126329394991043,47.56382978723404,47.87659574468085,,,
dcfa8644,505,470,0.13779403326244552,47.56382978723404,47.93617021276596,,,
dd2973ad,101,516,0.22849858253351524,47.88953488372093,47.99031007751938,,,
dd2973ad,202,516,0.2070498726406865,47.88953488372093,47.916666666666664,,,
dd2973ad,303,516,0.22410969577027,47.88953488372093,47.895348837209305,,,
dd2973ad,404,516,0.19397009143604949,47.88953488372093,47.695736434108525,,,
dd2973ad,505,516,0.1333226773513933,47.88953488372093,48.12403100775194,,,
dfde3500,101,480,0.13281237975849586,47.54375,47.79375,,,
dfde3500,202,480,0.18807856018245178,47.54375,48.06041666666667,,,
dfde3500,303,480,0.13071384529013436,47.54375,48.36666666666667,,,
dfde3500,404,480,0.1837840138274297,47.54375,47.864583333333336,,,
dfde3500,505,480,0.13492869351925468,47.54375,48.295833333333334,,,
e01b8e2f,101,523,0.289906797510937,47.96558317399617,48.120458891013385,,,
e01b8e2f,202,523,0.31235145908844686,47.96558317399617,48.152963671128106,,,
e01b8e2f,303,523,0.2300654229932825,47.96558317399617,47.89866156787763,,,
e01b8e2f,404,523,0.2685728815126259,47.96558317399617,48.1414913957935,,,
e01b8e2f,505,523,0.34201956223638674,47.96558317399617,48.089866156787764,,,
e25c3b8d,101,530,0.24005564581795918,48.575471698113205,47.97547169811321,,,
e25c3b8d,202,530,0.15053588657993358,48.575471698113205,47.573584905660375,,,
e25c3b8d,303,530,0.08434496635206395,48.575471698113205,48.18490566037736,,,
e25c3b8d,404,530,0.09897733319829265,48.575471698113205,47.77735849056604,,,
e25c3b8d,505,530,0.00035660862606996417,48.575471698113205,48.239622641509435,,,
e3038f8c,101,458,0.07227891579891917,47.96506550218341,47.9410480349345,,,
e3038f8c,202,458,0.19328603835936992,47.96506550218341,48.27292576419214,,,
e3038f8c,303,458,0.20927362436686245,47.96506550218341,48.03056768558952,,,
e3038f8c,404,458,0.2278433855402733,47.96506550218341,47.8471615720524,,,
e3038f8c,505,458,0.19204155965678113,47.96506550218341,47.98689956331878,,,
e3fc4d6e,101,519,0.2027684050786498,47.88824662813102,48.08477842003854,,,
e3fc4d6e,202,519,0.18619864147616688,47.88824662813102,47.9383429672447,,,
e3fc4d6e,303,519,0.214781788854161,47.88824662813102,48.358381502890175,,,
e3fc4d6e,404,519,0.14400153082740255,47.88824662813102,47.946050096339114,,,
e3fc4d6e,505,519,0.1877932105594372,47.88824662813102,48.028901734104046,,,
e47becba,101,550,0.18384668721326447,47.985454545454544,47.99090909090909,,,
e47becba,202,550,0.15323170251367108,47.985454545454544,47.81272727272727,,,
e47becba,303,550,0.15049736353406662,47.985454545454544,48.31090909090909,,,
e47becba,404,550,0.17584058900476957,47.985454545454544,47.732727272727274,,,
e47becba,505,550,0.11632906480017408,47.985454545454544,47.93818181818182,,,
e48988bc,101,530,0.12702239530970616,47.93962264150943,47.96415094339623,,,
e48988bc,202,530,0.11092090177712217,47.93962264150943,48.030188679245285,,,
e48988bc,303,530,0.1335928609683702,47.93962264150943,48.154716981132076,,,
e48988bc,404,530,0.06993107058564314,47.93962264150943,47.98490566037736,,,
e48988bc,505,530,0.1139388068010045,47.93962264150943,47.884905660377356,,,
e493bb7c,101,506,0.12222538196078667,47.9901185770751,47.93280632411067,,,
e493bb7c,202,506,0.10291331014100555,47.9901185770751,47.705533596837945,,,
e493bb7c,303,506,0.07056867535554973,47.9901185770751,47.83794466403162,,,
e493bb7c,404,506,0.17381257702604525,47.9901185770751,48.04347826086956,,,
e493bb7c,505,506,0.0945703555689946,47.9901185770751,48.27272727272727,,,
e4e14d04,101,461,0.10966943429873073,48.38177874186551,47.91973969631236,,,
e4e14d04,202,461,0.16957032667967123,48.38177874186551,47.83947939262473,,,
e4e14d04,303,461,0.09792803870325717,48.38177874186551,47.99349240780911,,,
e4e14d04,404,461,0.03307874758995075,48.38177874186551,48.14750542299349,,,
e4e14d04,505,461,0.12185996359066052,48.38177874186551,48.039045553145336,,,
e56a43b9,101,448,0.16834208881305923,48.47767857142857,47.636160714285715,,,
e56a43b9,202,448,0.18518805560818238,48.47767857142857,47.776785714285715,,,
e56a43b9,303,448,0.10935618883027937,48.47767857142857,48.18080357142857,,,
e56a43b9,404,448,0.18792476610476114,48.47767857142857,47.816964285714285,,,
e56a43b9,505,448,0.17703515038408824,48.47767857142857,47.799107142857146,,,
e6041065,101,493,0.19890394556577404,48.129817444219064,47.886409736308316,,,
e6041065,202,493,0.10317422033262974,48.129817444219064,48.281947261663284,,,
e6041065,303,493,0.08771405617540262,48.129817444219064,47.523326572008116,,,
e6041065,404,493,0.05699689348126684,48.129817444219064,48.1683569979716,,,
e6041065,505,493,0.0897150279105647,48.129817444219064,47.689655172413794,,,
e61a7584,101,496,0.012610759002523267,48.04435483870968,47.895161290322584,,,
e61a7584,202,496,0.04080293748742305,48.04435483870968,48.086693548387096,,,
e61a7584,303,496,0.03771448838555668,48.04435483870968,47.82056451612903,,,
e61a7584,404,496,0.14272069329713205,48.04435483870968,48.17338709677419,,,
e61a7584,505,496,0.10522914955562872,48.04435483870968,48.09879032258065,,,
e66b632c,101,506,0.12169034253280124,48.140316205533594,48.18181818181818,,,
e66b632c,202,506,0.22467078903431642,48.140316205533594,47.69960474308301,,,
e66b632c,303,506,0.15675364968116098,48.140316205533594,47.944664031620555,,,
e66b632c,404,506,0.26592201042911195,48.140316205533594,48.16205533596838,,,
e66b632c,505,506,0.13680482251525014,48.140316205533594,48.19762845849802,,,
e831120c,101,481,0.14238216815902405,48.28274428274428,48.0,,,
e831120c,202,481,0.08439100716672744,48.28274428274428,48.182952182952185,,,
e831120c,303,481,0.07317919894584865,48.28274428274428,47.95426195426195,,,
e831120c,404,481,0.11194657152686506,48.28274428274428,48.056133056133056,,,
e831120c,505,481,0.10437819980555353,48.28274428274428,47.733887733887734,,,
e8a79c70,101,483,0.14267376579115887,48.037267080745345,48.00828157349896,,,
e8a79c70,202,483,0.1479877200286943,48.037267080745345,48.091097308488614,,,
e8a79c70,303,483,0.20490141934641903,48.037267080745345,47.97308488612836,,,
e8a79c70,404,483,0.2305797828107923,48.037267080745345,47.90683229813665,,,
e8a79c70,505,483,0.18649503252275548,48.037267080745345,48.08695652173913,,,
e9327a54,101,533,0.1777717312769165,47.46529080675422,48.09568480300187,,,
e9327a54,202,533,0.18274374905984325,47.46529080675422,47.831144465290805,,,
e9327a54,303,533,0.04438888831928583,47.46529080675422,47.870544090056285,,,
e9327a54,404,533,0.16214776112709314,47.46529080675422,48.17448405253283,,,
e9327a54,505,533,0.21993945827565173,47.46529080675422,47.906191369606006,,,
e982271f,101,589,0.2162683712373954,47.835314091680814,47.511035653650254,,,
e982271f,202,589,0.2242384782856471,47.835314091680814,47.67572156196944,,,
e982271f,303,589,0.12115051055901056,47.835314091680814,47.93378607809847,,,
e982271f,404,589,0.1197297724421157,47.835314091680814,48.115449915110354,,,
e982271f,505,589,0.214693775389461,47.835314091680814,48.03735144312394,,,
eac54adc,101,464,0.21687561644076897,47.88577586206897,47.769396551724135,,,
eac54adc,202,464,0.26716753185258824,47.88577586206897,48.10129310344828,,,
eac54adc,303,464,0.23382535044653818,47.88577586206897,47.95474137931034,,,
eac54adc,404,464,0.21323155794286736,47.88577586206897,48.01724137931034,,,
eac54adc,505,464,0.25533112202198444,47.88577586206897,47.831896551724135,,,
eac54add,101,476,0.29994795133753505,47.955882352941174,48.28151260504202,,,
eac54add,202,476,0.3392040867451424,47.955882352941174,48.00840336134454,,,
eac54add,303,476,0.2832960114898151,47.955882352941174,48.11134453781513,,,
eac54add,404,476,0.1615948016313348,47.955882352941174,47.65126050420168,,,
eac54add,505,476,0.3403330661516677,47.955882352941174,48.029411764705884,,,
eaca4986,101,513,0.24786902178478368,48.060428849902536,47.91228070175438,,,
eaca4986,202,513,0.30391560149469027,48.060428849902536,48.19688109161793,,,
eaca4986,303,513,0.2998652550521025,48.060428849902536,47.886939571150094,,,
eaca4986,404,513,0.2748498061848871,48.060428849902536,47.9317738791423,,,
eaca4986,505,513,0.2655222139780205,48.060428849902536,47.719298245614034,,,
eace081b,101,489,0.11270944025236727,47.92433537832311,48.030674846625764,,,
eace081b,202,489,0.08190009349889028,47.92433537832311,48.13087934560327,,,
eace081b,303,489,0.0766299586727174,47.92433537832311,48.22494887525562,,,
eace081b,404,489,0.13742788930641087,47.92433537832311,48.13905930470348,,,
eace081b,505,489,0.11562535923374716,47.92433537832311,48.030674846625764,,,
ec81a493,101,495,0.14586679693471022,47.76969696969697,48.31515151515151,,,
ec81a493,202,495,0.1635097718836562,47.76969696969697,47.82424242424243,,,
ec81a493,303,495,0.1922459906897748,47.76969696969697,48.17575757575757,,,
ec81a493,404,495,0.19140235804219372,47.76969696969697,47.888888888888886,,,
ec81a493,505,495,0.1252062334384967,47.76969696969697,48.23232323232323,,,
ed4ddc30,101,543,0.20899016292215153,47.355432780847146,48.29281767955801,,,
ed4ddc30,202,543,0.17248634486586897,47.355432780847146,47.758747697974215,,,
ed4ddc30,303,543,0.18500695545325557,47.355432780847146,48.058931860036836,,,
ed4ddc30,404,543,0.10939079083955934,47.355432780847146,47.8232044198895,,,
ed4ddc30,505,543,0.15279537524648698,47.355432780847146,48.110497237569064,,,
edced276,101,482,0.24365180416924745,48.29045643153527,47.821576763485474,,,
edced276,202,482,0.19388907211222658,48.29045643153527,47.780082987551864,,,
edced276,303,482,0.32885099107591426,48.29045643153527,48.02074688796681,,,
edced276,404,482,0.2916272008001566,48.29045643153527,47.82365145228216,,,
edced276,505,482,0.2847036747102443,48.29045643153527,47.89626556016597,,,
eeda8a6d,101,513,0.16392486540096843,47.446393762183234,47.97076023391813,,,
eeda8a6d,202,513,0.1332947232503977,47.446393762183234,47.81481481481482,,,
eeda8a6d,303,513,0.07338750906719643,47.446393762183234,47.80506822612086,,,
eeda8a6d,404,513,0.2198998393595709,47.446393762183234,47.86159844054581,,,
eeda8a6d,505,513,0.11272876710705694,47.446393762183234,48.10526315789474,,,
ef66a6e5,101,445,0.12145332542878522,48.065168539325846,47.69438202247191,,,
ef66a6e5,202,445,0.12134696651317009,48.065168539325846,47.77078651685393,,,
ef66a6e5,303,445,0.024891258257829247,48.065168539325846,47.79325842696629,,,
ef66a6e5,404,445,0.21965441995165022,48.065168539325846,48.013483146067415,,,
ef66a6e5,505,445,0.16262565001050722,48.065168539325846,48.18651685393258,,,
ef9cf60a,101,522,0.21628304574298737,48.082375478927204,47.75670498084291,,,
ef9cf60a,202,522,0.12068503014904526,48.082375478927204,47.93869731800766,,,
ef9cf60a,303,522,0.13697995719569145,48.082375478927204,47.772030651341,,,
ef9cf60a,404,522,0.15138954145434877,48.082375478927204,47.75670498084291,,,
ef9cf60a,505,522,0.12145504543680379,48.082375478927204,47.952107279693486,,,
efc3f7c2,101,497,0.14611143339486762,47.712273641851105,48.014084507042256,,,
efc3f7c2,202,497,0.14558808212992708,47.712273641851105,47.95975855130785,,,
efc3f7c2,303,497,0.2012364721870777,47.712273641851105,48.16297786720322,,,
efc3f7c2,404,497,0.15646990754424422,47.712273641851105,48.283702213279675,,,
efc3f7c2,505,497,0.1350405860072444,47.712273641851105,48.30181086519115,,,
f0853d11,101,500,0.15813013146155372,48.322,48.024,,,
f0853d11,202,500,0.07357032841740055,48.322,47.888,,,
f0853d11,303,500,0.021242717730770425,48.322,48.472,,,
f0853d11,404,500,0.15084523791572294,48.322,48.12,,,
f0853d11,505,500,0.061223976589950616,48.322,48.106,,,
f0e564bc,101,508,0.2144314932526725,48.04330708661417,47.94291338582677,,,
f0e564bc,202,508,0.21414499333564513,48.04330708661417,47.98031496062992,,,
f0e564bc,303,508,0.2262464835450693,48.04330708661417,47.63385826771653,,,
f0e564bc,404,508,0.13025108751840203,48.04330708661417,47.92125984251968,,,
f0e564bc,505,508,0.17689713194303527,48.04330708661417,48.08267716535433,,,
f35224e0,101,515,0.09649702309922296,48.081553398058254,47.966990291262135,,,
f35224e0,202,515,0.2355620323951758,48.081553398058254,47.86019417475728,,,
f35224e0,303,515,0.08926409297561007,48.081553398058254,48.10097087378641,,,
f35224e0,404,515,0.18759124686150586,48.081553398058254,48.0,,,
f35224e0,505,515,0.2072862592151089,48.081553398058254,48.001941747572815,,,
f4f1d8a4,101,585,0.14481123778397548,47.73675213675214,47.84957264957265,,,
f4f1d8a4,202,585,0.20107581637139013,47.73675213675214,47.82393162393162,,,
f4f1d8a4,303,585,0.1977140164213859,47.73675213675214,48.08717948717949,,,
f4f1d8a4,404,585,0.12319829879302703,47.73675213675214,48.02905982905983,,,
f4f1d8a4,505,585,0.15581457759714923,47.73675213675214,47.9025641025641,,,
f523d9fe,101,484,0.23262448794388813,47.51239669421488,47.75826446280992,,,
f523d9fe,202,484,0.13260423903474294,47.51239669421488,48.19834710743802,,,
f523d9fe,303,484,0.21939529264058039,47.51239669421488,47.94214876033058,,,
f523d9fe,404,484,0.2947865840337423,47.51239669421488,47.82231404958678,,,
f523d9fe,505,484,0.15136665073107217,47.51239669421488,48.03099173553719,,,
f685340e,101,424,0.21077861885316534,47.554245283018865,47.67216981132076,,,
f685340e,202,424,0.16326846293662378,47.554245283018865,47.969339622641506,,,
f685340e,303,424,0.23799618856254556,47.554245283018865,47.97405660377358,,,
f685340e,404,424,0.07272779721888878,47.554245283018865,47.91509433962264,,,
f685340e,505,424,0.18801675510695437,47.554245283018865,47.945754716981135,,,
f8c5f88b,101,487,0.034829867962648746,47.6735112936345,47.93018480492813,,,
f8c5f88b,202,487,0.16056964880283678,47.6735112936345,48.08829568788501,,,
f8c5f88b,303,487,0.07724537587871762,47.6735112936345,48.05749486652977,,,
f8c5f88b,404,487,0.042337040196783374,47.6735112936345,47.84804928131417,,,
f8c5f88b,505,487,0.0040597999855797465,47.6735112936345,47.860369609856264,,,
f9e8c073,101,504,0.1820126489789116,47.807539682539684,47.69047619047619,,,
f9e8c073,202,504,0.09756882963414594,47.807539682539684,48.05555555555556,,,
f9e8c073,303,504,0.11006284370015801,47.807539682539684,48.01587301587302,,,
f9e8c073,404,504,0.21550844478269426,47.807539682539684,47.98809523809524,,,
f9e8c073,505,504,0.12825060132695612,47.807539682539684,47.84325396825397,,,
faba32e5,101,473,0.15559651661866145,47.6384778012685,47.74630021141649,,,
faba32e5,202,473,0.007658103830884404,47.6384778012685,47.92600422832981,,,
faba32e5,303,473,0.18508286525983508,47.6384778012685,47.835095137420716,,,
faba32e5,404,473,0.09861918324754873,47.6384778012685,47.89640591966173,,,
faba32e5,505,473,0.1030716215829348,47.6384778012685,48.05285412262157,,,
fca70973,101,442,0.15093432226189926,48.03393665158371,48.31447963800905,,,
fca70973,202,442,0.06930118762500607,48.03393665158371,47.821266968325794,,,
fca70973,303,442,0.11667810849224955,48.03393665158371,48.23076923076923,,,
fca70973,404,442,0.1935889743395316,48.03393665158371,48.081447963800905,,,
fca70973,505,442,0.10945674424049738,48.03393665158371,48.23303167420814,,,
fca762bc,101,459,0.20050616013320818,47.52287581699346,48.05882352941177,,,
fca762bc,202,459,0.28188445718905136,47.52287581699346,47.949891067538125,,,
fca762bc,303,459,0.20172250264495742,47.52287581699346,48.108932461873636,,,
fca762bc,404,459,0.2707825181593866,47.52287581699346,48.028322440087145,,,
fca762bc,505,459,0.20359535772720153,47.52287581699346,47.71459694989107,,,
fea54f57,101,527,-0.011260760044555668,47.516129032258064,47.84060721062619,,,
fea54f57,202,527,0.07583087597943836,47.516129032258064,47.93738140417457,,,
fea54f57,303,527,0.027956296973458163,47.516129032258064,47.9696394686907,,,
fea54f57,404,527,0.08923490918216895,47.516129032258064,47.81404174573055,,,
fea54f57,505,527,0.058334928540255265,47.516129032258064,47.91650853889943,,,
gpt4_0a05b494,101,506,0.1939444367341855,47.71343873517787,48.00790513833992,,,
gpt4_0a05b494,202,506,0.20598346949079227,47.71343873517787,47.798418972332016,,,
gpt4_0a05b494,303,506,0.17253643204597813,47.71343873517787,47.87549407114624,,,
gpt4_0a05b494,404,506,0.17033264229123776,47.71343873517787,47.92292490118577,,,
gpt4_0a05b494,505,506,0.19183418680314657,47.71343873517787,47.816205533596836,,,
gpt4_0b2f1d21,101,497,0.13587846507927417,47.76458752515091,48.08651911468813,,,
gpt4_0b2f1d21,202,497,0.09767897902973216,47.76458752515091,48.08450704225352,,,
gpt4_0b2f1d21,303,497,0.028944966269771406,47.76458752515091,48.00402414486921,,,
gpt4_0b2f1d21,404,497,0.12419894348033492,47.76458752515091,48.012072434607646,,,
gpt4_0b2f1d21,505,497,0.13332080169501484,47.76458752515091,48.2112676056338,,,
gpt4_15e38248,101,470,0.3256698703994869,48.304255319148936,48.01702127659574,,,
gpt4_15e38248,202,470,0.3977312712185469,48.304255319148936,48.285106382978725,,,
gpt4_15e38248,303,470,0.39383112148048416,48.304255319148936,48.04893617021276,,,
gpt4_15e38248,404,470,0.3830805625256472,48.304255319148936,48.276595744680854,,,
gpt4_15e38248,505,470,0.3807971047108161,48.304255319148936,48.07446808510638,,,
gpt4_18c2b244,101,495,0.12552370163479376,48.282828282828284,47.87474747474747,,,
gpt4_18c2b244,202,495,0.16180012012501327,48.282828282828284,47.82020202020202,,,
gpt4_18c2b244,303,495,0.1624858485278157,48.282828282828284,48.008080808080805,,,
gpt4_18c2b244,404,495,0.15457900559599322,48.282828282828284,47.971717171717174,,,
gpt4_18c2b244,505,495,0.13835359411695416,48.282828282828284,47.96161616161616,,,
gpt4_1916e0ea,101,533,0.2254580334083859,47.76360225140713,48.11819887429643,,,
gpt4_1916e0ea,202,533,0.15245212323088447,47.76360225140713,48.23452157598499,,,
gpt4_1916e0ea,303,533,0.1785407666767513,47.76360225140713,47.78048780487805,,,
gpt4_1916e0ea,404,533,0.223712669898544,47.76360225140713,47.8968105065666,,,
gpt4_1916e0ea,505,533,0.18024388199436717,47.76360225140713,47.848030018761726,,,
gpt4_194be4b3,101,474,0.24352224183102436,47.20253164556962,48.09915611814346,,,
gpt4_194be4b3,202,474,0.28798323194352154,47.20253164556962,47.892405063291136,,,
gpt4_194be4b3,303,474,0.3146962542459914,47.20253164556962,48.21518987341772,,,
gpt4_194be4b3,404,474,0.3401932482330781,47.20253164556962,47.90295358649789,,,
gpt4_194be4b3,505,474,0.22969306629165645,47.20253164556962,48.17932489451477,,,
gpt4_1a1dc16d,101,453,0.2024168965896507,48.041942604856516,47.89403973509934,,,
gpt4_1a1dc16d,202,453,0.18515755959750332,48.041942604856516,47.739514348785875,,,
gpt4_1a1dc16d,303,453,0.16106554877958723,48.041942604856516,48.22958057395144,,,
gpt4_1a1dc16d,404,453,0.23204230021508623,48.041942604856516,48.1766004415011,,,
gpt4_1a1dc16d,505,453,0.284380925148684,48.041942604856516,48.154525386313466,,,
gpt4_1d4ab0c9,101,483,0.04321556132406675,47.79089026915114,48.028985507246375,,,
gpt4_1d4ab0c9,202,483,0.03615802984381164,47.79089026915114,48.06625258799172,,,
gpt4_1d4ab0c9,303,483,0.07419248245068208,47.79089026915114,48.04761904761905,,,
gpt4_1d4ab0c9,404,483,0.10234374907758287,47.79089026915114,47.90683229813665,,,
gpt4_1d4ab0c9,505,483,0.08325421367283763,47.79089026915114,47.95238095238095,,,
gpt4_1d80365e,101,517,0.11120983642132003,47.49323017408124,47.90522243713733,,,
gpt4_1d80365e,202,517,0.14938868280177703,47.49323017408124,47.93810444874275,,,
gpt4_1d80365e,303,517,0.11797904395749054,47.49323017408124,47.65377176015474,,,
gpt4_1d80365e,404,517,0.05764997383894694,47.49323017408124,47.89748549323017,,,
gpt4_1d80365e,505,517,0.13447038537890033,47.49323017408124,47.806576402321085,,,
gpt4_1e4a8aeb,101,479,0.18535734963765554,47.65344467640919,47.86638830897704,,,
gpt4_1e4a8aeb,202,479,0.21659779770289883,47.65344467640919,48.242171189979125,,,
gpt4_1e4a8aeb,303,479,0.18703951792461698,47.65344467640919,48.08977035490605,,,
gpt4_1e4a8aeb,404,479,0.22412298895758115,47.65344467640919,48.13152400835073,,,
gpt4_1e4a8aeb,505,479,0.22044920107148025,47.65344467640919,47.964509394572026,,,
gpt4_1e4a8aec,101,498,0.23255780521829658,48.05020080321285,47.96184738955823,,,
gpt4_1e4a8aec,202,498,0.1410011178752123,48.05020080321285,47.88755020080321,,,
gpt4_1e4a8aec,303,498,0.39197486175225815,48.05020080321285,47.87550200803213,,,
gpt4_1e4a8aec,404,498,0.22892462505558786,48.05020080321285,48.18473895582329,,,
gpt4_1e4a8aec,505,498,0.28248849140317056,48.05020080321285,47.65863453815261,,,
gpt4_213fd887,101,446,0.14176573804160528,47.98206278026906,48.062780269058294,,,
gpt4_213fd887,202,446,0.2113207188110521,47.98206278026906,48.54708520179372,,,
gpt4_213fd887,303,446,0.1402502064615676,47.98206278026906,47.988789237668165,,,
gpt4_213fd887,404,446,0.05256090121544979,47.98206278026906,47.908071748878925,,,
gpt4_213fd887,505,446,0.13791942070047006,47.98206278026906,48.002242152466366,,,
gpt4_21adecb5,101,511,0.20012983396400807,48.0587084148728,48.23679060665362,,,
gpt4_21adecb5,202,511,0.15320512827260863,48.0587084148728,48.10958904109589,,,
gpt4_21adecb5,303,511,0.20862473063711745,48.0587084148728,47.84931506849315,,,
gpt4_21adecb5,404,511,0.22422570549950074,48.0587084148728,47.90215264187867,,,
gpt4_21adecb5,505,511,0.25774057620965307,48.0587084148728,48.41095890410959,,,
gpt4_2312f94c,101,467,0.19423497946908258,47.357601713062095,47.95289079229122,,,
gpt4_2312f94c,202,467,0.135980335245275,47.357601713062095,47.685224839400426,,,
gpt4_2312f94c,303,467,0.10471174496203185,47.357601713062095,47.892933618843685,,,
gpt4_2312f94c,404,467,0.0987774868034696,47.357601713062095,48.154175588865094,,,
gpt4_2312f94c,505,467,0.24004549544854903,47.357601713062095,47.97002141327623,,,
gpt4_2487a7cb,101,495,0.06888250505816047,47.852525252525254,47.882828282828285,,,
gpt4_2487a7cb,202,495,0.16602890110987342,47.852525252525254,48.02020202020202,,,
gpt4_2487a7cb,303,495,0.11151486279216229,47.852525252525254,48.07676767676767,,,
gpt4_2487a7cb,404,495,0.04637749255381672,47.852525252525254,47.75959595959596,,,
gpt4_2487a7cb,505,495,0.12321598802775656,47.852525252525254,47.81010101010101,,,
gpt4_2655b836,101,465,0.22794359933185604,47.96774193548387,47.86021505376344,,,
gpt4_2655b836,202,465,0.12005668181607355,47.96774193548387,47.78064516129032,,,
gpt4_2655b836,303,465,0.22611791817090132,47.96774193548387,48.18064516129032,,,
gpt4_2655b836,404,465,0.02811040523226107,47.96774193548387,47.86021505376344,,,
gpt4_2655b836,505,465,0.11502184541281583,47.96774193548387,47.87741935483871,,,
gpt4_2ba83207,101,502,0.2253501092030093,47.65139442231076,48.04581673306773,,,
gpt4_2ba83207,202,502,0.26096649290916896,47.65139442231076,47.98406374501992,,,
gpt4_2ba83207,303,502,0.2894018206723727,47.65139442231076,47.95019920318725,,,
gpt4_2ba83207,404,502,0.30417271999068396,47.65139442231076,47.8406374501992,,,
gpt4_2ba83207,505,502,0.2943938299401769,47.65139442231076,47.77290836653386,,,
gpt4_2c50253f,101,591,0.12695244222996574,48.20812182741117,48.142131979695435,,,
gpt4_2c50253f,202,591,0.22968363732611785,48.20812182741117,47.76142131979695,,,
gpt4_2c50253f,303,591,0.23240912476317052,48.20812182741117,48.20812182741117,,,
gpt4_2c50253f,404,591,0.13935362807145005,48.20812182741117,47.82233502538071,,,
gpt4_2c50253f,505,591,0.2594026723959211,48.20812182741117,48.01353637901861,,,
gpt4_2d58bcd6,101,483,0.15155530889035632,47.68737060041408,48.033126293995856,,,
gpt4_2d58bcd6,202,483,0.11461817315561533,47.68737060041408,47.86128364389234,,,
gpt4_2d58bcd6,303,483,0.1133831787058461,47.68737060041408,47.75155279503105,,,
gpt4_2d58bcd6,404,483,0.14054609317084235,47.68737060041408,48.316770186335404,,,
gpt4_2d58bcd6,505,483,0.11043745755862457,47.68737060041408,47.84886128364389,,,
gpt4_2f56ae70,101,458,0.3947545738507659,47.46069868995633,48.37117903930131,,,
gpt4_2f56ae70,202,458,0.4255706598469602,47.46069868995633,48.30349344978166,,,
gpt4_2f56ae70,303,458,0.41147968945317465,47.46069868995633,48.006550218340614,,,
gpt4_2f56ae70,404,458,0.38139665181323296,47.46069868995633,47.84061135371179,,,
gpt4_2f56ae70,505,458,0.3494240444527597,47.46069868995633,48.11572052401747,,,
gpt4_2f584639,101,472,0.1246875243638427,47.57627118644068,48.09322033898305,,,
gpt4_2f584639,202,472,0.035286820625904484,47.57627118644068,48.13771186440678,,,
gpt4_2f584639,303,472,0.06956161044013255,47.57627118644068,47.847457627118644,,,
gpt4_2f584639,404,472,0.17579378876844515,47.57627118644068,47.82415254237288,,,
gpt4_2f584639,505,472,0.1770063621322968,47.57627118644068,47.80296610169491,,,
gpt4_2f8be40d,101,474,0.3308429529781593,48.06751054852321,48.13291139240506,,,
gpt4_2f8be40d,202,474,0.25699199421849583,48.06751054852321,47.620253164556964,,,
gpt4_2f8be40d,303,474,0.2593971654429338,48.06751054852321,48.13713080168776,,,
gpt4_2f8be40d,404,474,0.2828374536436863,48.06751054852321,47.742616033755276,,,
gpt4_2f8be40d,505,474,0.2725183434032585,48.06751054852321,48.10126582278481,,,
gpt4_2f91af09,101,515,0.11505558739186278,47.06990291262136,47.702912621359225,,,
gpt4_2f91af09,202,515,0.09934389330227292,47.06990291262136,48.095145631067965,,,
gpt4_2f91af09,303,515,0.1583191938112444,47.06990291262136,48.17281553398058,,,
gpt4_2f91af09,404,515,0.10690111430769836,47.06990291262136,48.023300970873784,,,
gpt4_2f91af09,505,515,0.13777451851095573,47.06990291262136,48.213592233009706,,,
gpt4_31ff4165,101,457,0.26195051381305234,48.04157549234136,47.903719912472646,,,
gpt4_31ff4165,202,457,0.2879033828261207,48.04157549234136,48.10722100656455,,,
gpt4_31ff4165,303,457,0.2509507313711086,48.04157549234136,48.20787746170679,,,
gpt4_31ff4165,404,457,0.22356995666642693,48.04157549234136,48.03938730853392,,,
gpt4_31ff4165,505,457,0.308202278540845,48.04157549234136,48.306345733041574,,,
gpt4_372c3eed,101,465,0.1967604780379176,47.89247311827957,47.748387096774195,,,
gpt4_372c3eed,202,465,0.06728125811413019,47.89247311827957,47.946236559139784,,,
gpt4_372c3eed,303,465,0.16445117550558724,47.89247311827957,48.22150537634408,,,
gpt4_372c3eed,404,465,0.1707518487855431,47.89247311827957,48.07741935483871,,,
gpt4_372c3eed,505,465,0.15603895686399433,47.89247311827957,47.93333333333333,,,
gpt4_385a5000,101,493,0.09151456839030098,48.20892494929006,47.630831643002026,,,
gpt4_385a5000,202,493,0.20874561533907873,48.20892494929006,47.8498985801217,,,
gpt4_385a5000,303,493,0.13146865461465607,48.20892494929006,48.174442190669374,,,
gpt4_385a5000,404,493,0.07323790054204996,48.20892494929006,47.912778904665316,,,
gpt4_385a5000,505,493,0.17416822007622865,48.20892494929006,47.995943204868155,,,
gpt4_45189cb4,101,501,0.23455476230147462,47.63273453093812,48.0,,,
gpt4_45189cb4,202,501,0.2653717238678128,47.63273453093812,47.461077844311376,,,
gpt4_45189cb4,303,501,0.30143930542129643,47.63273453093812,47.75848303393214,,,
gpt4_45189cb4,404,501,0.20407818456219565,47.63273453093812,48.191616766467064,,,
gpt4_45189cb4,505,501,0.25778315598503015,47.63273453093812,48.025948103792416,,,
gpt4_468eb063,101,498,0.19708234814099204,47.630522088353416,48.066265060240966,,,
gpt4_468eb063,202,498,0.24041142666551465,47.630522088353416,48.02008032128514,,,
gpt4_468eb063,303,498,0.232630199023096,47.630522088353416,48.0,,,
gpt4_468eb063,404,498,0.2595722453332115,47.630522088353416,48.136546184738954,,,
gpt4_468eb063,505,498,0.29430266238532365,47.630522088353416,47.87550200803213,,,
gpt4_468eb064,101,460,0.32666014566915885,48.03260869565217,47.8304347826087,,,
gpt4_468eb064,202,460,0.20009575845958041,48.03260869565217,47.84347826086957,,,
gpt4_468eb064,303,460,0.1290536529296439,48.03260869565217,48.36304347826087,,,
gpt4_468eb064,404,460,0.14327159902247244,48.03260869565217,47.87608695652174,,,
gpt4_468eb064,505,460,0.07486794500490113,48.03260869565217,48.00217391304348,,,
gpt4_483dd43c,101,532,0.12944807514474277,47.454887218045116,47.79887218045113,,,
gpt4_483dd43c,202,532,0.18425094519319138,47.454887218045116,47.90413533834587,,,
gpt4_483dd43c,303,532,0.11677618247056183,47.454887218045116,47.902255639097746,,,
gpt4_483dd43c,404,532,0.056297720842280304,47.454887218045116,47.70676691729323,,,
gpt4_483dd43c,505,532,0.09125661487426888,47.454887218045116,47.86466165413534,,,
gpt4_4929293a,101,486,0.20676302535349203,48.05761316872428,47.88065843621399,,,
gpt4_4929293a,202,486,0.09619003478714651,48.05761316872428,47.781893004115226,,,
gpt4_4929293a,303,486,0.13760042994907457,48.05761316872428,47.851851851851855,,,
gpt4_4929293a,404,486,0.11448646271460822,48.05761316872428,48.111111111111114,,,
gpt4_4929293a,505,486,0.11174727248382753,48.05761316872428,47.77160493827161,,,
gpt4_4929293b,101,469,0.35284676106668983,48.15565031982943,47.87420042643923,,,
gpt4_4929293b,202,469,0.25094703651281386,48.15565031982943,47.940298507462686,,,
gpt4_4929293b,303,469,0.3474619818421737,48.15565031982943,48.06396588486141,,,
gpt4_4929293b,404,469,0.34560057239250486,48.15565031982943,47.87633262260128,,,
gpt4_4929293b,505,469,0.3586607746898796,48.15565031982943,48.15565031982943,,,
gpt4_4cd9eba1,101,500,0.09308546315595893,47.4,47.99,,,
gpt4_4cd9eba1,202,500,0.14115256758044104,47.4,47.898,,,
gpt4_4cd9eba1,303,500,0.10228029794273726,47.4,48.132,,,
gpt4_4cd9eba1,404,500,0.16959591451928469,47.4,47.802,,,
gpt4_4cd9eba1,505,500,0.15068556023657437,47.4,48.002,,,
gpt4_4edbafa2,101,460,0.16203311473691126,48.22391304347826,47.77173913043478,,,
gpt4_4edbafa2,202,460,0.1239845929180629,48.22391304347826,47.7,,,
gpt4_4edbafa2,303,460,0.15135813098603332,48.22391304347826,47.87826086956522,,,
gpt4_4edbafa2,404,460,0.1614177903205896,48.22391304347826,48.14565217391304,,,
gpt4_4edbafa2,505,460,0.17432564136169534,48.22391304347826,48.12826086956522,,,
gpt4_4ef30696,101,520,0.23292319112771714,48.10961538461538,48.24423076923077,,,
gpt4_4ef30696,202,520,0.3113696730133485,48.10961538461538,47.80384615384615,,,
gpt4_4ef30696,303,520,0.20600280549800168,48.10961538461538,47.80769230769231,,,
gpt4_4ef30696,404,520,0.3298327702015507,48.10961538461538,48.175,,,
gpt4_4ef30696,505,520,0.2816355179227635,48.10961538461538,47.840384615384615,,,
gpt4_4fc4f797,101,472,0.1215123653444809,47.95550847457627,48.04025423728814,,,
gpt4_4fc4f797,202,472,0.11805355665964376,47.95550847457627,47.938559322033896,,,
gpt4_4fc4f797,303,472,0.20351597641508704,47.95550847457627,48.09110169491525,,,
gpt4_4fc4f797,404,472,0.0882347126174663,47.95550847457627,47.845338983050844,,,
gpt4_4fc4f797,505,472,0.19499332223917262,47.95550847457627,47.940677966101696,,,
gpt4_5438fa52,101,513,0.18778501924218025,47.955165692007796,47.801169590643276,,,
gpt4_5438fa52,202,513,0.27031966683380476,47.955165692007796,47.863547758284604,,,
gpt4_5438fa52,303,513,0.17565342180615143,47.955165692007796,48.05653021442495,,,
gpt4_5438fa52,404,513,0.1859299251798788,47.955165692007796,48.05263157894737,,,
gpt4_5438fa52,505,513,0.2441125857717258,47.955165692007796,47.69980506822612,,,
gpt4_5501fe77,101,516,0.16474547780042292,48.457364341085274,47.77325581395349,,,
gpt4_5501fe77,202,516,0.24314532152572443,48.457364341085274,47.88178294573643,,,
gpt4_5501fe77,303,516,0.1777738918685377,48.457364341085274,47.88178294573643,,,
gpt4_5501fe77,404,516,0.22868401269678784,48.457364341085274,47.76937984496124,,,
gpt4_5501fe77,505,516,0.19737567942321427,48.457364341085274,47.73449612403101,,,
gpt4_59149c77,101,484,0.10302619379046436,47.5,48.32231404958678,,,
gpt4_59149c77,202,484,-0.07715960754764362,47.5,47.74173553719008,,,
gpt4_59149c77,303,484,-0.013523262562542798,47.5,47.93388429752066,,,
gpt4_59149c77,404,484,0.08691246765353788,47.5,47.96487603305785,,,
gpt4_59149c77,505,484,0.13981117477755298,47.5,47.81611570247934,,,
gpt4_59149c78,101,497,0.277149862434747,48.46076458752515,48.13480885311871,,,
gpt4_59149c78,202,497,0.28653596124542996,48.46076458752515,47.96177062374245,,,
gpt4_59149c78,303,497,0.31201522775788254,48.46076458752515,48.16901408450704,,,
gpt4_59149c78,404,497,0.25184844661392963,48.46076458752515,47.985915492957744,,,
gpt4_59149c78,505,497,0.24967565562942656,48.46076458752515,48.06841046277666,,,
gpt4_59c863d7,101,481,0.23519721427407372,48.17463617463618,48.018711018711016,,,
gpt4_59c863d7,202,481,0.17324837926568104,48.17463617463618,47.67359667359668,,,
gpt4_59c863d7,303,481,0.1376535859388109,48.17463617463618,47.86694386694387,,,
gpt4_59c863d7,404,481,0.2411338723407805,48.17463617463618,47.92931392931393,,,
gpt4_59c863d7,505,481,0.23598977465511534,48.17463617463618,47.681912681912685,,,
gpt4_5dcc0aab,101,547,0.12267382013573185,48.446069469835464,48.111517367458866,,,
gpt4_5dcc0aab,202,547,0.057539067936613605,48.446069469835464,47.840950639853745,,,
gpt4_5dcc0aab,303,547,0.15883008153839276,48.446069469835464,48.05850091407678,,,
gpt4_5dcc0aab,404,547,0.13518503398031018,48.446069469835464,48.074954296160875,,,
gpt4_5dcc0aab,505,547,0.12284437806047269,48.446069469835464,47.979890310786104,,,
gpt4_61e13b3c,101,467,0.1916744431966694,47.84368308351178,47.95717344753747,,,
gpt4_61e13b3c,202,467,0.214023210991939,47.84368308351178,47.93147751605996,,,
gpt4_61e13b3c,303,467,0.10477231839004629,47.84368308351178,47.8779443254818,,,
gpt4_61e13b3c,404,467,0.19438659279445136,47.84368308351178,47.852248394004285,,,
gpt4_61e13b3c,505,467,0.14075749885581074,47.84368308351178,48.055674518201286,,,
gpt4_65aabe59,101,452,0.1191832543702115,47.61946902654867,48.07964601769911,,,
gpt4_65aabe59,202,452,0.09113960465454711,47.61946902654867,47.86504424778761,,,
gpt4_65aabe59,303,452,0.14214788597042916,47.61946902654867,47.767699115044245,,,
gpt4_65aabe59,404,452,0.17253378585996493,47.61946902654867,48.139380530973455,,,
gpt4_65aabe59,505,452,0.11125129054687243,47.61946902654867,47.95132743362832,,,
gpt4_68e94287,101,491,0.2968635556543479,47.60081466395112,48.26680244399186,,,
gpt4_68e94287,202,491,0.2425460352478034,47.60081466395112,48.016293279022406,,,
gpt4_68e94287,303,491,0.2727454656378346,47.60081466395112,47.80040733197556,,,
gpt4_68e94287,404,491,0.29984660243357203,47.60081466395112,47.989816700611,,,
gpt4_68e94287,505,491,0.21220350233463675,47.60081466395112,47.94704684317719,,,
gpt4_68e94288,101,459,0.11859250047983405,47.3202614379085,48.04357298474945,,,
gpt4_68e94288,202,459,0.13746430476411073,47.3202614379085,48.145969498910674,,,
gpt4_68e94288,303,459,0.3516566793188847,47.3202614379085,47.95860566448802,,,
gpt4_68e94288,404,459,0.12855473523651825,47.3202614379085,48.00871459694989,,,
gpt4_68e94288,505,459,0.3097774293702638,47.3202614379085,47.891067538126364,,,
gpt4_6dc9b45b,101,565,0.24731548280539614,47.65132743362832,48.26194690265487,,,
gpt4_6dc9b45b,202,565,0.26329850920306436,47.65132743362832,48.15929203539823,,,
gpt4_6dc9b45b,303,565,0.22526584170124464,47.65132743362832,47.994690265486724,,,
gpt4_6dc9b45b,404,565,0.2689404344306658,47.65132743362832,47.998230088495575,,,
gpt4_6dc9b45b,505,565,0.07702970249489359,47.65132743362832,48.120353982300884,,,
gpt4_6ed717ea,101,489,0.06320819348709308,48.061349693251536,48.13905930470348,,,
gpt4_6ed717ea,202,489,0.047016566126339844,48.061349693251536,47.90593047034765,,,
gpt4_6ed717ea,303,489,0.09016525539450056,48.061349693251536,48.01431492842536,,,
gpt4_6ed717ea,404,489,0.07960859980123494,48.061349693251536,48.06748466257669,,,
gpt4_6ed717ea,505,489,0.19360315202744058,48.061349693251536,47.97750511247444,,,
gpt4_70e84552,101,467,0.1960387247565518,47.355460385438974,47.852248394004285,,,
gpt4_70e84552,202,467,0.20871327886402485,47.355460385438974,47.74304068522484,,,
gpt4_70e84552,303,467,0.14932613582485454,47.355460385438974,47.845824411134906,,,
gpt4_70e84552,404,467,0.15680606340050374,47.355460385438974,47.94646680942184,,,
gpt4_70e84552,505,467,0.15668306611994684,47.355460385438974,47.845824411134906,,,
gpt4_731e37d7,101,525,0.16040223872607928,47.9752380952381,47.98095238095238,,,
gpt4_731e37d7,202,525,0.21849869157127555,47.9752380952381,47.95238095238095,,,
gpt4_731e37d7,303,525,0.1779981570509754,47.9752380952381,48.10857142857143,,,
gpt4_731e37d7,404,525,0.1208489331203482,47.9752380952381,47.94285714285714,,,
gpt4_731e37d7,505,525,0.15386307513456385,47.9752380952381,47.74666666666667,,,
gpt4_74aed68e,101,480,0.11483703925980748,48.083333333333336,47.7125,,,
gpt4_74aed68e,202,480,0.0530651715471679,48.083333333333336,47.40208333333333,,,
gpt4_74aed68e,303,480,0.15035031847141425,48.083333333333336,48.1375,,,
gpt4_74aed68e,404,480,0.12010860604695668,48.083333333333336,47.91875,,,
gpt4_74aed68e,505,480,0.16747594817899097,48.083333333333336,47.84375,,,
gpt4_76048e76,101,482,0.06758389098546173,47.81742738589212,47.86929460580913,,,
gpt4_76048e76,202,482,0.06557176213010896,47.81742738589212,48.0,,,
gpt4_76048e76,303,482,0.09633563457014659,47.81742738589212,47.87966804979253,,,
gpt4_76048e76,404,482,0.08461155590404248,47.81742738589212,47.821576763485474,,,
gpt4_76048e76,505,482,0.0028186087444458043,47.81742738589212,48.01244813278009,,,
gpt4_78cf46a3,101,505,0.15545234902686475,47.68118811881188,48.09108910891089,,,
gpt4_78cf46a3,202,505,0.11629941000417905,47.68118811881188,47.85940594059406,,,
gpt4_78cf46a3,303,505,0.10156890759324819,47.68118811881188,48.05940594059406,,,
gpt4_78cf46a3,404,505,0.11375109720424366,47.68118811881188,48.04950495049505,,,
gpt4_78cf46a3,505,505,0.1215448580882221,47.68118811881188,47.988118811881186,,,
gpt4_7a0daae1,101,561,0.1375485570903907,48.68983957219251,47.92513368983957,,,
gpt4_7a0daae1,202,561,0.14075557160331978,48.68983957219251,48.08199643493761,,,
gpt4_7a0daae1,303,561,0.22438004355731156,48.68983957219251,48.2174688057041,,,
gpt4_7a0daae1,404,561,0.1950590695388125,48.68983957219251,48.174688057040996,,,
gpt4_7a0daae1,505,561,0.23510517546905893,48.68983957219251,47.962566844919785,,,
gpt4_7abb270c,101,467,0.22425005711373647,48.0406852248394,47.88222698072805,,,
gpt4_7abb270c,202,467,0.26192138616061367,48.0406852248394,47.75160599571735,,,
gpt4_7abb270c,303,467,0.3147010172397693,48.0406852248394,47.738758029978584,,,
gpt4_7abb270c,404,467,0.31038977536712886,48.0406852248394,47.603854389721626,,,
gpt4_7abb270c,505,467,0.23326617702677588,48.0406852248394,48.11777301927195,,,
gpt4_7bc6cf22,101,519,0.306785723796976,47.460500963391134,47.932562620423894,,,
gpt4_7bc6cf22,202,519,0.25205281428125886,47.460500963391134,47.91522157996146,,,
gpt4_7bc6cf22,303,519,0.3232505239448055,47.460500963391134,48.03275529865125,,,
gpt4_7bc6cf22,404,519,0.2588940405204792,47.460500963391134,48.078998073217726,,,
gpt4_7bc6cf22,505,519,0.2645888136106313,47.460500963391134,48.308285163776496,,,
gpt4_7ca326fa,101,516,-0.01226834715275386,48.34108527131783,48.01937984496124,,,
gpt4_7ca326fa,202,516,0.11215141804435513,48.34108527131783,47.854651162790695,,,
gpt4_7ca326fa,303,516,0.13879590370267753,48.34108527131783,47.82751937984496,,,
gpt4_7ca326fa,404,516,0.18689781071935135,48.34108527131783,47.825581395348834,,,
gpt4_7ca326fa,505,516,0.10782639576093256,48.34108527131783,47.9437984496124,,,
gpt4_7ddcf75f,101,480,0.05609769374023189,47.61875,48.21041666666667,,,
gpt4_7ddcf75f,202,480,0.06437829490731149,47.61875,48.27291666666667,,,
gpt4_7ddcf75f,303,480,0.11182038347498553,47.61875,48.29375,,,
gpt4_7ddcf75f,404,480,0.04339275429988321,47.61875,48.020833333333336,,,
gpt4_7ddcf75f,505,480,0.09674340634560591,47.61875,47.71041666666667,,,
gpt4_7de946e7,101,533,0.22098706031554205,47.928705440900565,47.690431519699814,,,
gpt4_7de946e7,202,533,0.2549926994332281,47.928705440900565,47.84240150093809,,,
gpt4_7de946e7,303,533,0.21713902669654317,47.928705440900565,47.86116322701689,,,
gpt4_7de946e7,404,533,0.22551726137614628,47.928705440900565,47.831144465290805,,,
gpt4_7de946e7,505,533,0.28455116496937916,47.928705440900565,47.84615384615385,,,
gpt4_7f6b06db,101,558,0.19319745122214457,47.191756272401435,47.71326164874552,,,
gpt4_7f6b06db,202,558,0.2122521151993244,47.191756272401435,47.831541218637994,,,
gpt4_7f6b06db,303,558,0.21203435660214098,47.191756272401435,48.028673835125446,,,
gpt4_7f6b06db,404,558,0.3112483823510804,47.191756272401435,47.72401433691756,,,
gpt4_7f6b06db,505,558,0.22666914010444256,47.191756272401435,47.808243727598565,,,
gpt4_7fce9456,101,497,0.258086659272406,47.714285714285715,47.754527162977865,,,
gpt4_7fce9456,202,497,0.2054511268985588,47.714285714285715,47.80684104627767,,,
gpt4_7fce9456,303,497,0.237808146244372,47.714285714285715,47.91348088531187,,,
gpt4_7fce9456,404,497,0.21148026086421132,47.714285714285715,47.9215291750503,,,
gpt4_7fce9456,505,497,0.2445858660136902,47.714285714285715,47.883299798792756,,,
gpt4_8279ba02,101,489,0.2934760074394936,47.852760736196316,48.03680981595092,,,
gpt4_8279ba02,202,489,0.30993474254715375,47.852760736196316,48.192229038854805,,,
gpt4_8279ba02,303,489,0.27484964333312123,47.852760736196316,48.280163599182,,,
gpt4_8279ba02,404,489,0.22561002194955074,47.852760736196316,48.061349693251536,,,
gpt4_8279ba02,505,489,0.2731216735348177,47.852760736196316,47.88343558282209,,,
gpt4_8279ba03,101,500,0.33766476311932647,48.188,47.966,,,
gpt4_8279ba03,202,500,0.4538333716365784,48.188,48.24,,,
gpt4_8279ba03,303,500,0.3856436999297223,48.188,48.11,,,
gpt4_8279ba03,404,500,0.3694185982878414,48.188,48.194,,,
gpt4_8279ba03,505,500,0.33572501437263086,48.188,47.94,,,
gpt4_85da3956,101,505,0.1419750639190328,48.01782178217822,48.05346534653465,,,
gpt4_85da3956,202,505,0.21109245683625885,48.01782178217822,48.0019801980198,,,
gpt4_85da3956,303,505,0.14879820337824298,48.01782178217822,47.60990099009901,,,
gpt4_85da3956,404,505,0.126527678478922,48.01782178217822,48.01980198019802,,,
gpt4_85da3956,505,505,0.1017373840461651,48.01782178217822,47.92277227722772,,,
gpt4_88806d6e,101,493,0.05038747889351825,48.28600405679513,47.900608519269774,,,
gpt4_88806d6e,202,493,0.11699794930920679,48.28600405679513,48.22312373225152,,,
gpt4_88806d6e,303,493,0.05444355484414441,48.28600405679513,48.05882352941177,,,
gpt4_88806d6e,404,493,0.02861570939915862,48.28600405679513,47.91480730223124,,,
gpt4_88806d6e,505,493,0.04128281312226393,48.28600405679513,48.030425963488845,,,
gpt4_8c8961ae,101,485,0.0227618393740853,47.585567010309276,47.82886597938144,,,
gpt4_8c8961ae,202,485,0.12261501985182298,47.585567010309276,48.18144329896907,,,
gpt4_8c8961ae,303,485,0.13267741967246208,47.585567010309276,48.035051546391756,,,
gpt4_8c8961ae,404,485,0.07856364970331405,47.585567010309276,47.88041237113402,,,
gpt4_8c8961ae,505,485,0.15076320127259712,47.585567010309276,47.929896907216495,,,
gpt4_8e165409,101,480,0.23589242366935442,47.725,47.65,,,
gpt4_8e165409,202,480,0.20946361141119046,47.725,47.975,,,
gpt4_8e165409,303,480,0.052187174511351915,47.725,48.00833333333333,,,
gpt4_8e165409,404,480,0.08825357324020278,47.725,47.9125,,,
gpt4_8e165409,505,480,0.12686768356971517,47.725,47.666666666666664,,,
gpt4_93159ced,101,444,0.331781210197791,47.810810810810814,47.804054054054056,,,
gpt4_93159ced,202,444,0.2555790054963176,47.810810810810814,48.28603603603604,,,
gpt4_93159ced,303,444,0.3374508409432013,47.810810810810814,48.22747747747748,,,
gpt4_93159ced,404,444,0.28628082620697043,47.810810810810814,48.14414414414414,,,
gpt4_93159ced,505,444,0.20424271970254101,47.810810810810814,48.193693693693696,,,
gpt4_93f6379c,101,445,0.18005700267845945,48.05393258426966,47.71685393258427,,,
gpt4_93f6379c,202,445,0.29457515688177993,48.05393258426966,47.83370786516854,,,
gpt4_93f6379c,303,445,0.25689569334487283,48.05393258426966,47.923595505617975,,,
gpt4_93f6379c,404,445,0.1747016385516894,48.05393258426966,48.18651685393258,,,
gpt4_93f6379c,505,445,0.17906560549105396,48.05393258426966,48.013483146067415,,,
gpt4_98f46fc6,101,490,0.10751764492193841,47.981632653061226,47.926530612244896,,,
gpt4_98f46fc6,202,490,0.10544702680933771,47.981632653061226,48.03061224489796,,,
gpt4_98f46fc6,303,490,0.10405892357531975,47.981632653061226,48.042857142857144,,,
gpt4_98f46fc6,404,490,0.05486042916162767,47.981632653061226,48.179591836734694,,,
gpt4_98f46fc6,505,490,0.08136081630769555,47.981632653061226,48.05102040816327,,,
gpt4_9a159967,101,470,0.31667541129720794,47.56382978723404,47.86595744680851,,,
gpt4_9a159967,202,470,0.24013503394756164,47.56382978723404,48.217021276595744,,,
gpt4_9a159967,303,470,0.25063612621037756,47.56382978723404,47.814893617021276,,,
gpt4_9a159967,404,470,0.2408687884159692,47.56382978723404,47.785106382978725,,,
gpt4_9a159967,505,470,0.2777330403122497,47.56382978723404,47.91063829787234,,,
gpt4_a1b77f9c,101,498,0.13742605942316635,48.38353413654618,47.68072289156626,,,
gpt4_a1b77f9c,202,498,0.11352723876080682,48.38353413654618,48.01204819277108,,,
gpt4_a1b77f9c,303,498,0.2029333192318841,48.38353413654618,47.821285140562246,,,
gpt4_a1b77f9c,404,498,0.10517379173768501,48.38353413654618,48.02008032128514,,,
gpt4_a1b77f9c,505,498,0.1978619611343277,48.38353413654618,48.13253012048193,,,
gpt4_a2d1d1f6,101,476,0.10222827774742389,47.80252100840336,47.642857142857146,,,
gpt4_a2d1d1f6,202,476,0.052475965914155966,47.80252100840336,47.9327731092437,,,
gpt4_a2d1d1f6,303,476,0.23127835791326573,47.80252100840336,48.214285714285715,,,
gpt4_a2d1d1f6,404,476,0.0800649114154053,47.80252100840336,47.82773109243698,,,
gpt4_a2d1d1f6,505,476,0.0871289490084004,47.80252100840336,47.804621848739494,,,
gpt4_a56e767c,101,477,0.1577549941192291,47.878406708595385,48.075471698113205,,,
gpt4_a56e767c,202,477,0.2097886814710221,47.878406708595385,47.876310272536685,,,
gpt4_a56e767c,303,477,0.14727423018541463,47.878406708595385,47.723270440251575,,,
gpt4_a56e767c,404,477,0.12903235626890652,47.878406708595385,48.062893081761004,,,
gpt4_a56e767c,505,477,0.17938620076856826,47.878406708595385,48.0104821802935,,,
gpt4_ab202e7f,101,481,0.21830363938687647,48.30769230769231,48.20582120582121,,,
gpt4_ab202e7f,202,481,0.2650813690953444,48.30769230769231,48.17671517671518,,,
gpt4_ab202e7f,303,481,0.27870774064557324,48.30769230769231,47.84823284823285,,,
gpt4_ab202e7f,404,481,0.171201591651099,48.30769230769231,48.08316008316008,,,
gpt4_ab202e7f,505,481,0.20957649719447818,48.30769230769231,47.92099792099792,,,
gpt4_af6db32f,101,476,0.24489494466680467,48.260504201680675,48.0672268907563,,,
gpt4_af6db32f,202,476,0.26447584538120766,48.260504201680675,48.32773109243698,,,
gpt4_af6db32f,303,476,0.25568978796814773,48.260504201680675,48.279411764705884,,,
gpt4_af6db32f,404,476,0.07364255308367006,48.260504201680675,48.153361344537814,,,
gpt4_af6db32f,505,476,0.21146577018879298,48.260504201680675,47.82773109243698,,,
gpt4_b0863698,101,457,0.28738327404625363,48.02625820568928,48.0218818380744,,,
gpt4_b0863698,202,457,0.21272404312712917,48.02625820568928,47.93873085339168,,,
gpt4_b0863698,303,457,0.22802054168785243,48.02625820568928,48.12691466083151,,,
gpt4_b0863698,404,457,0.16898266541143586,48.02625820568928,47.57986870897155,,,
gpt4_b0863698,505,457,0.24749065135987236,48.02625820568928,47.7855579868709,,,
gpt4_b4a80587,101,542,0.2868480013723227,47.50738007380074,47.952029520295206,,,
gpt4_b4a80587,202,542,0.2877418886230477,47.50738007380074,48.06273062730627,,,
gpt4_b4a80587,303,542,0.3845364711585179,47.50738007380074,47.87269372693727,,,
gpt4_b4a80587,404,542,0.27570109150681255,47.50738007380074,47.760147601476014,,,
gpt4_b4a80587,505,542,0.3211341127307635,47.50738007380074,48.047970479704794,,,
gpt4_b5700ca0,101,500,0.28020932660528197,47.994,48.236,,,
gpt4_b5700ca0,202,500,0.30358503026547046,47.994,47.648,,,
gpt4_b5700ca0,303,500,0.30490209297461024,47.994,48.084,,,
gpt4_b5700ca0,404,500,0.35913954013517435,47.994,48.11,,,
gpt4_b5700ca0,505,500,0.3387494273407752,47.994,48.188,,,
gpt4_b5700ca9,101,537,0.14729693424864312,47.36871508379888,47.93296089385475,,,
gpt4_b5700ca9,202,537,0.147277770761604,47.36871508379888,47.95903165735568,,,
gpt4_b5700ca9,303,537,0.1329554415452824,47.36871508379888,48.15270018621974,,,
gpt4_b5700ca9,404,537,0.09703762159750104,47.36871508379888,47.76908752327747,,,
gpt4_b5700ca9,505,537,0.16944850229847835,47.36871508379888,47.8975791433892,,,
gpt4_c27434e8,101,500,0.07796180848423404,48.0,47.702,,,
gpt4_c27434e8,202,500,0.08369865494371609,48.0,48.066,,,
gpt4_c27434e8,303,500,0.15727714000771825,48.0,47.904,,,
gpt4_c27434e8,404,500,0.1448654325850237,48.0,47.922,,,
gpt4_c27434e8,505,500,0.15863362708812923,48.0,47.776,,,
gpt4_cd90e484,101,508,0.15664903180016812,48.40551181102362,47.7992125984252,,,
gpt4_cd90e484,202,508,0.17888253390811948,48.40551181102362,47.62992125984252,,,
gpt4_cd90e484,303,508,0.2184874044461048,48.40551181102362,48.00984251968504,,,
gpt4_cd90e484,404,508,0.29002344317528106,48.40551181102362,47.65944881889764,,,
gpt4_cd90e484,505,508,0.2040450045652024,48.40551181102362,47.94488188976378,,,
gpt4_d12ceb0e,101,477,0.22198354151593172,47.85324947589098,47.979035639413,,,
gpt4_d12ceb0e,202,477,0.23645648178170364,47.85324947589098,47.943396226415096,,,
gpt4_d12ceb0e,303,477,0.1747417751056381,47.85324947589098,48.073375262054505,,,
gpt4_d12ceb0e,404,477,0.20190865824831733,47.85324947589098,47.80922431865828,,,
gpt4_d12ceb0e,505,477,0.2387836852869875,47.85324947589098,47.712788259958074,,,
gpt4_d31cdae3,101,480,0.10256440030009652,48.235416666666666,47.979166666666664,,,
gpt4_d31cdae3,202,480,0.19843060206483923,48.235416666666666,48.229166666666664,,,
gpt4_d31cdae3,303,480,0.195325116008787,48.235416666666666,47.96041666666667,,,
gpt4_d31cdae3,404,480,0.19094022295295363,48.235416666666666,48.00625,,,
gpt4_d31cdae3,505,480,0.1471809458727808,48.235416666666666,47.96666666666667,,,
gpt4_d6585ce8,101,491,0.2511389057402811,47.317718940936864,48.02851323828921,,,
gpt4_d6585ce8,202,491,0.29625213649279175,47.317718940936864,47.96334012219959,,,
gpt4_d6585ce8,303,491,0.2559004103717399,47.317718940936864,47.83299389002037,,,
gpt4_d6585ce8,404,491,0.3107311976805216,47.317718940936864,47.89613034623218,,,
gpt4_d6585ce8,505,491,0.21600493100753898,47.317718940936864,47.908350305498985,,,
gpt4_d6585ce9,101,438,0.30098088803344086,48.13470319634703,47.93607305936073,,,
gpt4_d6585ce9,202,438,0.24398175748179593,48.13470319634703,48.321917808219176,,,
gpt4_d6585ce9,303,438,0.3576191675115913,48.13470319634703,47.80365296803653,,,
gpt4_d6585ce9,404,438,0.3023883300962978,48.13470319634703,47.98858447488585,,,
gpt4_d6585ce9,505,438,0.2561694803941253,48.13470319634703,48.029680365296805,,,
gpt4_d84a3211,101,495,0.17684523502624602,48.10909090909091,47.95959595959596,,,
gpt4_d84a3211,202,495,0.2964264207792466,48.10909090909091,48.10909090909091,,,
gpt4_d84a3211,303,495,0.29272507905470396,48.10909090909091,47.8,,,
gpt4_d84a3211,404,495,0.2715429127977781,48.10909090909091,48.12929292929293,,,
gpt4_d84a3211,505,495,0.13985151768977394,48.10909090909091,47.955555555555556,,,
gpt4_d9af6064,101,534,0.17584742661789546,48.3183520599251,48.21161048689139,,,
gpt4_d9af6064,202,534,0.1272281756762063,48.3183520599251,48.155430711610485,,,
gpt4_d9af6064,303,534,0.18930634288996856,48.3183520599251,47.93071161048689,,,
gpt4_d9af6064,404,534,0.21064653003188655,48.3183520599251,48.166666666666664,,,
gpt4_d9af6064,505,534,0.15965787825329184,48.3183520599251,47.827715355805246,,,
gpt4_e05b82a6,101,497,0.12783476198206908,48.19114688128773,48.12072434607646,,,
gpt4_e05b82a6,202,497,0.22437090299103782,48.19114688128773,48.05835010060362,,,
gpt4_e05b82a6,303,497,0.2030492827782402,48.19114688128773,48.12273641851107,,,
gpt4_e05b82a6,404,497,0.20323200769922753,48.19114688128773,47.80281690140845,,,
gpt4_e05b82a6,505,497,0.20243243850381717,48.19114688128773,47.800804828973845,,,
gpt4_e061b84f,101,467,0.22094046866070785,47.86509635974304,48.143468950749465,,,
gpt4_e061b84f,202,467,0.24303775852463386,47.86509635974304,47.82226980728051,,,
gpt4_e061b84f,303,467,0.14763129280584714,47.86509635974304,47.937901498929335,,,
gpt4_e061b84f,404,467,0.30841079141498373,47.86509635974304,48.00214132762313,,,
gpt4_e061b84f,505,467,0.2883144249566299,47.86509635974304,48.055674518201286,,,
gpt4_e061b84g,101,566,0.16306293202407499,47.80035335689046,47.6077738515901,,,
gpt4_e061b84g,202,566,0.1807991151626059,47.80035335689046,47.938162544169614,,,
gpt4_e061b84g,303,566,0.24834118188808535,47.80035335689046,48.06713780918728,,,
gpt4_e061b84g,404,566,0.25009542810224317,47.80035335689046,47.63780918727915,,,
gpt4_e061b84g,505,566,0.26262348144766123,47.80035335689046,47.98409893992933,,,
gpt4_e072b769,101,444,0.07279985962100523,48.101351351351354,48.2972972972973,,,
gpt4_e072b769,202,444,0.0739818922254542,48.101351351351354,48.072072072072075,,,
gpt4_e072b769,303,444,0.18083480517369016,48.101351351351354,47.76126126126126,,,
gpt4_e072b769,404,444,0.13218403681789692,48.101351351351354,47.97747747747748,,,
gpt4_e072b769,505,444,0.06626268774317558,48.101351351351354,48.130630630630634,,,
gpt4_e414231e,101,507,0.01524118871274814,47.84418145956607,47.865877712031555,,,
gpt4_e414231e,202,507,0.11897775845702956,47.84418145956607,47.96449704142012,,,
gpt4_e414231e,303,507,0.1773706884405963,47.84418145956607,47.70216962524655,,,
gpt4_e414231e,404,507,0.08028895564985022,47.84418145956607,47.92307692307692,,,
gpt4_e414231e,505,507,0.17158595137534702,47.84418145956607,48.138067061143985,,,
gpt4_e414231f,101,490,0.12253774999958456,47.8469387755102,47.987755102040815,,,
gpt4_e414231f,202,490,0.15196285927292788,47.8469387755102,48.234693877551024,,,
gpt4_e414231f,303,490,0.01966705833953672,47.8469387755102,47.981632653061226,,,
gpt4_e414231f,404,490,0.08342815642150335,47.8469387755102,48.487755102040815,,,
gpt4_e414231f,505,490,0.1569225106031332,47.8469387755102,48.11224489795919,,,
gpt4_ec93e27f,101,516,0.2845552846773969,47.93023255813954,47.69186046511628,,,
gpt4_ec93e27f,202,516,0.28574123870648105,47.93023255813954,47.81782945736434,,,
gpt4_ec93e27f,303,516,0.32953915306094145,47.93023255813954,47.75968992248062,,,
gpt4_ec93e27f,404,516,0.2101770181766759,47.93023255813954,48.03294573643411,,,
gpt4_ec93e27f,505,516,0.2740498845767995,47.93023255813954,48.05232558139535,,,
gpt4_f2262a51,101,479,0.35400015823034975,47.82672233820459,48.2776617954071,,,
gpt4_f2262a51,202,479,0.38048412865207426,47.82672233820459,47.9937369519833,,,
gpt4_f2262a51,303,479,0.3485485887029329,47.82672233820459,48.1419624217119,,,
gpt4_f2262a51,404,479,0.32194776514196327,47.82672233820459,48.09185803757829,,,
gpt4_f2262a51,505,479,0.3923310867295605,47.82672233820459,47.87891440501044,,,
gpt4_f420262c,101,495,0.23339836883902698,47.81818181818182,48.16969696969697,,,
gpt4_f420262c,202,495,0.2053408264222041,47.81818181818182,47.842424242424244,,,
gpt4_f420262c,303,495,0.19047563695498537,47.81818181818182,47.8969696969697,,,
gpt4_f420262c,404,495,0.14387528253626428,47.81818181818182,48.17575757575757,,,
gpt4_f420262c,505,495,0.154833925343034,47.81818181818182,47.955555555555556,,,
gpt4_f420262d,101,454,0.2644331714640309,48.25110132158591,47.92290748898679,,,
gpt4_f420262d,202,454,0.251246549285785,48.25110132158591,47.69383259911894,,,
gpt4_f420262d,303,454,0.22137407941027687,48.25110132158591,47.8568281938326,,,
gpt4_f420262d,404,454,0.2300888459684535,48.25110132158591,47.83480176211454,,,
gpt4_f420262d,505,454,0.2489908973493467,48.25110132158591,48.21806167400881,,,
gpt4_f49edff3,101,498,0.1167437325246941,47.38353413654618,47.77710843373494,,,
gpt4_f49edff3,202,498,0.29745368351766693,47.38353413654618,48.144578313253014,,,
gpt4_f49edff3,303,498,0.1706639802853259,47.38353413654618,47.74096385542169,,,
gpt4_f49edff3,404,498,0.19314074026632333,47.38353413654618,48.036144578313255,,,
gpt4_f49edff3,505,498,0.18827258261320587,47.38353413654618,47.929718875502004,,,
gpt4_fa19884c,101,507,0.20838413833565295,48.319526627218934,48.232741617357,,,
gpt4_fa19884c,202,507,0.15149729490660788,48.319526627218934,47.9585798816568,,,
gpt4_fa19884c,303,507,0.18335662946638387,48.319526627218934,47.92702169625247,,,
gpt4_fa19884c,404,507,0.17016801613979277,48.319526627218934,48.116370808678504,,,
gpt4_fa19884c,505,507,0.15229972394968003,48.319526627218934,48.053254437869825,,,
gpt4_fa19884d,101,556,0.22421244407858834,48.2931654676259,48.16187050359712,,,
gpt4_fa19884d,202,556,0.27188689812551353,48.2931654676259,47.98381294964029,,,
gpt4_fa19884d,303,556,0.2515990912817337,48.2931654676259,48.0089928057554,,,
gpt4_fa19884d,404,556,0.27249882736777237,48.2931654676259,47.96402877697842,,,
gpt4_fa19884d,505,556,0.20127174761120023,48.2931654676259,47.82553956834533,,,
gpt4_fe651585,101,471,0.27183489007856887,47.52653927813164,47.853503184713375,,,
gpt4_fe651585,202,471,0.24912493315438805,47.52653927813164,48.07218683651805,,,
gpt4_fe651585,303,471,0.18790096501632633,47.52653927813164,47.87898089171974,,,
gpt4_fe651585,404,471,0.14669876952447777,47.52653927813164,47.89171974522293,,,
gpt4_fe651585,505,471,0.2939475246907661,47.52653927813164,47.86411889596603,,,
__SUMMARY__,101,231606,0.1744615709477553,47.87999337453828,47.967547093736286,0.1755969908008234,-0.07316031964498239,0.45469956278870394
__SUMMARY__,202,231606,0.16722532509139926,47.87999337453828,47.95794074299934,0.164555003289655,-0.0803617330625043,0.4538333716365784
__SUMMARY__,303,231606,0.1715935135283775,47.87999337453828,47.97956977329516,0.16384227456040626,-0.028697842741146132,0.47661043864289016
__SUMMARY__,404,231606,0.16988841009943492,47.87999337453828,47.96323835988465,0.16998832180770446,-0.12440781705124142,0.45721610280538993
__SUMMARY__,505,231606,0.17922676944708407,47.87999337453828,47.966767466837226,0.1746549527905415,-0.09229371283755819,0.4173797043453855
