question_id,method,itq_seed,N_archive,min_hamming_distance,candidates_at_min_distance,top3_boundary_distance,candidates_at_top3_boundary_distance,slots_remaining_at_boundary,top3_boundary_tie,boundary_tie_size_median,boundary_tie_size_p90,boundary_tie_size_max
001be529,SIGN96_CENTERED,,514,27.0,1.0,30.0,1.0,1.0,0.0,,,
001be529,ITQ96_CENTERED,101.0,514,29.0,1.0,30.0,8.0,2.0,1.0,,,
001be529,ITQ96_CENTERED,202.0,514,25.0,1.0,27.0,1.0,1.0,0.0,,,
001be529,ITQ96_CENTERED,303.0,514,28.0,2.0,29.0,2.0,1.0,1.0,,,
001be529,ITQ96_CENTERED,404.0,514,27.0,2.0,28.0,2.0,1.0,1.0,,,
001be529,ITQ96_CENTERED,505.0,514,27.0,2.0,28.0,1.0,1.0,0.0,,,
00ca467f,SIGN96_CENTERED,,486,22.0,1.0,33.0,2.0,1.0,1.0,,,
00ca467f,ITQ96_CENTERED,101.0,486,19.0,2.0,20.0,1.0,1.0,0.0,,,
00ca467f,ITQ96_CENTERED,202.0,486,24.0,4.0,24.0,4.0,3.0,1.0,,,
00ca467f,ITQ96_CENTERED,303.0,486,18.0,1.0,21.0,2.0,2.0,0.0,,,
00ca467f,ITQ96_CENTERED,404.0,486,22.0,1.0,24.0,2.0,2.0,0.0,,,
00ca467f,ITQ96_CENTERED,505.0,486,21.0,1.0,23.0,2.0,1.0,1.0,,,
0100672e,SIGN96_CENTERED,,486,22.0,1.0,32.0,1.0,1.0,0.0,,,
0100672e,ITQ96_CENTERED,101.0,486,13.0,1.0,16.0,2.0,1.0,1.0,,,
0100672e,ITQ96_CENTERED,202.0,486,8.0,1.0,11.0,1.0,1.0,0.0,,,
0100672e,ITQ96_CENTERED,303.0,486,14.0,2.0,15.0,2.0,1.0,1.0,,,
0100672e,ITQ96_CENTERED,404.0,486,15.0,1.0,17.0,2.0,1.0,1.0,,,
0100672e,ITQ96_CENTERED,505.0,486,16.0,1.0,17.0,2.0,2.0,0.0,,,
01493427,SIGN96_CENTERED,,487,27.0,1.0,30.0,1.0,1.0,0.0,,,
01493427,ITQ96_CENTERED,101.0,487,14.0,1.0,15.0,2.0,2.0,0.0,,,
01493427,ITQ96_CENTERED,202.0,487,13.0,2.0,15.0,1.0,1.0,0.0,,,
01493427,ITQ96_CENTERED,303.0,487,10.0,1.0,13.0,1.0,1.0,0.0,,,
01493427,ITQ96_CENTERED,404.0,487,13.0,1.0,14.0,3.0,2.0,1.0,,,
01493427,ITQ96_CENTERED,505.0,487,12.0,1.0,15.0,2.0,1.0,1.0,,,
031748ae,SIGN96_CENTERED,,494,7.0,1.0,22.0,1.0,1.0,0.0,,,
031748ae,ITQ96_CENTERED,101.0,494,1.0,1.0,6.0,1.0,1.0,0.0,,,
031748ae,ITQ96_CENTERED,202.0,494,1.0,2.0,2.0,1.0,1.0,0.0,,,
031748ae,ITQ96_CENTERED,303.0,494,3.0,1.0,10.0,1.0,1.0,0.0,,,
031748ae,ITQ96_CENTERED,404.0,494,1.0,2.0,5.0,1.0,1.0,0.0,,,
031748ae,ITQ96_CENTERED,505.0,494,2.0,2.0,5.0,1.0,1.0,0.0,,,
06878be2,SIGN96_CENTERED,,443,32.0,1.0,35.0,1.0,1.0,0.0,,,
06878be2,ITQ96_CENTERED,101.0,443,13.0,1.0,15.0,2.0,2.0,0.0,,,
06878be2,ITQ96_CENTERED,202.0,443,17.0,1.0,24.0,1.0,1.0,0.0,,,
06878be2,ITQ96_CENTERED,303.0,443,16.0,1.0,18.0,1.0,1.0,0.0,,,
06878be2,ITQ96_CENTERED,404.0,443,16.0,1.0,17.0,2.0,2.0,0.0,,,
06878be2,ITQ96_CENTERED,505.0,443,17.0,1.0,18.0,2.0,2.0,0.0,,,
06db6396,SIGN96_CENTERED,,479,11.0,1.0,28.0,1.0,1.0,0.0,,,
06db6396,ITQ96_CENTERED,101.0,479,7.0,1.0,16.0,1.0,1.0,0.0,,,
06db6396,ITQ96_CENTERED,202.0,479,6.0,1.0,16.0,1.0,1.0,0.0,,,
06db6396,ITQ96_CENTERED,303.0,479,6.0,1.0,19.0,1.0,1.0,0.0,,,
06db6396,ITQ96_CENTERED,404.0,479,4.0,1.0,14.0,1.0,1.0,0.0,,,
06db6396,ITQ96_CENTERED,505.0,479,5.0,1.0,13.0,1.0,1.0,0.0,,,
06f04340,SIGN96_CENTERED,,503,27.0,1.0,31.0,2.0,1.0,1.0,,,
06f04340,ITQ96_CENTERED,101.0,503,11.0,1.0,15.0,1.0,1.0,0.0,,,
06f04340,ITQ96_CENTERED,202.0,503,11.0,5.0,11.0,5.0,3.0,1.0,,,
06f04340,ITQ96_CENTERED,303.0,503,9.0,1.0,11.0,2.0,1.0,1.0,,,
06f04340,ITQ96_CENTERED,404.0,503,11.0,3.0,11.0,3.0,3.0,0.0,,,
06f04340,ITQ96_CENTERED,505.0,503,5.0,1.0,10.0,1.0,1.0,0.0,,,
07741c44,SIGN96_CENTERED,,513,23.0,2.0,24.0,1.0,1.0,0.0,,,
07741c44,ITQ96_CENTERED,101.0,513,13.0,1.0,20.0,2.0,1.0,1.0,,,
07741c44,ITQ96_CENTERED,202.0,513,15.0,1.0,19.0,3.0,1.0,1.0,,,
07741c44,ITQ96_CENTERED,303.0,513,17.0,1.0,20.0,1.0,1.0,0.0,,,
07741c44,ITQ96_CENTERED,404.0,513,17.0,2.0,18.0,1.0,1.0,0.0,,,
07741c44,ITQ96_CENTERED,505.0,513,15.0,1.0,20.0,2.0,1.0,1.0,,,
07741c45,SIGN96_CENTERED,,527,20.0,1.0,25.0,1.0,1.0,0.0,,,
07741c45,ITQ96_CENTERED,101.0,527,17.0,1.0,19.0,3.0,2.0,1.0,,,
07741c45,ITQ96_CENTERED,202.0,527,13.0,1.0,15.0,2.0,2.0,0.0,,,
07741c45,ITQ96_CENTERED,303.0,527,17.0,2.0,19.0,1.0,1.0,0.0,,,
07741c45,ITQ96_CENTERED,404.0,527,14.0,3.0,14.0,3.0,3.0,0.0,,,
07741c45,ITQ96_CENTERED,505.0,527,15.0,1.0,16.0,2.0,2.0,0.0,,,
078150f1,SIGN96_CENTERED,,551,25.0,1.0,31.0,2.0,1.0,1.0,,,
078150f1,ITQ96_CENTERED,101.0,551,15.0,1.0,17.0,2.0,1.0,1.0,,,
078150f1,ITQ96_CENTERED,202.0,551,19.0,1.0,24.0,6.0,1.0,1.0,,,
078150f1,ITQ96_CENTERED,303.0,551,20.0,1.0,27.0,2.0,1.0,1.0,,,
078150f1,ITQ96_CENTERED,404.0,551,23.0,2.0,24.0,2.0,1.0,1.0,,,
078150f1,ITQ96_CENTERED,505.0,551,22.0,3.0,22.0,3.0,3.0,0.0,,,
07b6f563,SIGN96_CENTERED,,524,28.0,1.0,33.0,1.0,1.0,0.0,,,
07b6f563,ITQ96_CENTERED,101.0,524,20.0,4.0,20.0,4.0,3.0,1.0,,,
07b6f563,ITQ96_CENTERED,202.0,524,21.0,1.0,22.0,4.0,2.0,1.0,,,
07b6f563,ITQ96_CENTERED,303.0,524,18.0,1.0,19.0,2.0,2.0,0.0,,,
07b6f563,ITQ96_CENTERED,404.0,524,16.0,2.0,17.0,1.0,1.0,0.0,,,
07b6f563,ITQ96_CENTERED,505.0,524,18.0,5.0,18.0,5.0,3.0,1.0,,,
0862e8bf,SIGN96_CENTERED,,490,22.0,1.0,27.0,4.0,2.0,1.0,,,
0862e8bf,ITQ96_CENTERED,101.0,490,12.0,1.0,16.0,3.0,1.0,1.0,,,
0862e8bf,ITQ96_CENTERED,202.0,490,9.0,3.0,9.0,3.0,3.0,0.0,,,
0862e8bf,ITQ96_CENTERED,303.0,490,12.0,4.0,12.0,4.0,3.0,1.0,,,
0862e8bf,ITQ96_CENTERED,404.0,490,10.0,1.0,13.0,2.0,1.0,1.0,,,
0862e8bf,ITQ96_CENTERED,505.0,490,10.0,1.0,12.0,1.0,1.0,0.0,,,
08e075c7,SIGN96_CENTERED,,484,25.0,1.0,27.0,1.0,1.0,0.0,,,
08e075c7,ITQ96_CENTERED,101.0,484,19.0,1.0,21.0,1.0,1.0,0.0,,,
08e075c7,ITQ96_CENTERED,202.0,484,17.0,1.0,23.0,1.0,1.0,0.0,,,
08e075c7,ITQ96_CENTERED,303.0,484,13.0,1.0,15.0,2.0,2.0,0.0,,,
08e075c7,ITQ96_CENTERED,404.0,484,12.0,1.0,18.0,1.0,1.0,0.0,,,
08e075c7,ITQ96_CENTERED,505.0,484,17.0,1.0,21.0,1.0,1.0,0.0,,,
08f4fc43,SIGN96_CENTERED,,480,17.0,2.0,22.0,1.0,1.0,0.0,,,
08f4fc43,ITQ96_CENTERED,101.0,480,9.0,1.0,14.0,2.0,2.0,0.0,,,
08f4fc43,ITQ96_CENTERED,202.0,480,12.0,1.0,19.0,2.0,1.0,1.0,,,
08f4fc43,ITQ96_CENTERED,303.0,480,7.0,1.0,15.0,2.0,1.0,1.0,,,
08f4fc43,ITQ96_CENTERED,404.0,480,16.0,1.0,18.0,3.0,1.0,1.0,,,
08f4fc43,ITQ96_CENTERED,505.0,480,14.0,2.0,16.0,1.0,1.0,0.0,,,
0977f2af,SIGN96_CENTERED,,484,29.0,1.0,33.0,2.0,1.0,1.0,,,
0977f2af,ITQ96_CENTERED,101.0,484,27.0,1.0,29.0,1.0,1.0,0.0,,,
0977f2af,ITQ96_CENTERED,202.0,484,28.0,2.0,29.0,1.0,1.0,0.0,,,
0977f2af,ITQ96_CENTERED,303.0,484,30.0,2.0,31.0,3.0,1.0,1.0,,,
0977f2af,ITQ96_CENTERED,404.0,484,29.0,1.0,30.0,2.0,2.0,0.0,,,
0977f2af,ITQ96_CENTERED,505.0,484,27.0,2.0,28.0,1.0,1.0,0.0,,,
099778bb,SIGN96_CENTERED,,466,18.0,1.0,23.0,1.0,1.0,0.0,,,
099778bb,ITQ96_CENTERED,101.0,466,6.0,1.0,7.0,2.0,2.0,0.0,,,
099778bb,ITQ96_CENTERED,202.0,466,6.0,1.0,8.0,2.0,1.0,1.0,,,
099778bb,ITQ96_CENTERED,303.0,466,3.0,1.0,7.0,2.0,2.0,0.0,,,
099778bb,ITQ96_CENTERED,404.0,466,2.0,1.0,5.0,1.0,1.0,0.0,,,
099778bb,ITQ96_CENTERED,505.0,466,7.0,2.0,9.0,1.0,1.0,0.0,,,
09ba9854,SIGN96_CENTERED,,479,25.0,1.0,27.0,2.0,1.0,1.0,,,
09ba9854,ITQ96_CENTERED,101.0,479,14.0,1.0,15.0,5.0,2.0,1.0,,,
09ba9854,ITQ96_CENTERED,202.0,479,9.0,1.0,14.0,2.0,1.0,1.0,,,
09ba9854,ITQ96_CENTERED,303.0,479,12.0,3.0,12.0,3.0,3.0,0.0,,,
09ba9854,ITQ96_CENTERED,404.0,479,13.0,1.0,15.0,2.0,2.0,0.0,,,
09ba9854,ITQ96_CENTERED,505.0,479,10.0,1.0,12.0,1.0,1.0,0.0,,,
09d032c9,SIGN96_CENTERED,,481,30.0,1.0,32.0,1.0,1.0,0.0,,,
09d032c9,ITQ96_CENTERED,101.0,481,24.0,1.0,29.0,1.0,1.0,0.0,,,
09d032c9,ITQ96_CENTERED,202.0,481,23.0,1.0,24.0,3.0,2.0,1.0,,,
09d032c9,ITQ96_CENTERED,303.0,481,28.0,1.0,30.0,2.0,2.0,0.0,,,
09d032c9,ITQ96_CENTERED,404.0,481,25.0,1.0,30.0,2.0,2.0,0.0,,,
09d032c9,ITQ96_CENTERED,505.0,481,30.0,1.0,32.0,2.0,2.0,0.0,,,
0a34ad58,SIGN96_CENTERED,,485,32.0,2.0,34.0,1.0,1.0,0.0,,,
0a34ad58,ITQ96_CENTERED,101.0,485,17.0,1.0,18.0,2.0,2.0,0.0,,,
0a34ad58,ITQ96_CENTERED,202.0,485,20.0,1.0,21.0,3.0,2.0,1.0,,,
0a34ad58,ITQ96_CENTERED,303.0,485,13.0,2.0,15.0,2.0,1.0,1.0,,,
0a34ad58,ITQ96_CENTERED,404.0,485,14.0,1.0,16.0,2.0,2.0,0.0,,,
0a34ad58,ITQ96_CENTERED,505.0,485,15.0,3.0,15.0,3.0,3.0,0.0,,,
0a995998,SIGN96_CENTERED,,484,15.0,1.0,28.0,1.0,1.0,0.0,,,
0a995998,ITQ96_CENTERED,101.0,484,18.0,1.0,20.0,1.0,1.0,0.0,,,
0a995998,ITQ96_CENTERED,202.0,484,14.0,1.0,24.0,4.0,2.0,1.0,,,
0a995998,ITQ96_CENTERED,303.0,484,14.0,1.0,23.0,1.0,1.0,0.0,,,
0a995998,ITQ96_CENTERED,404.0,484,12.0,1.0,22.0,2.0,2.0,0.0,,,
0a995998,ITQ96_CENTERED,505.0,484,17.0,1.0,21.0,2.0,2.0,0.0,,,
0bb5a684,SIGN96_CENTERED,,463,21.0,1.0,25.0,2.0,2.0,0.0,,,
0bb5a684,ITQ96_CENTERED,101.0,463,8.0,2.0,9.0,2.0,1.0,1.0,,,
0bb5a684,ITQ96_CENTERED,202.0,463,3.0,2.0,5.0,1.0,1.0,0.0,,,
0bb5a684,ITQ96_CENTERED,303.0,463,7.0,1.0,9.0,2.0,2.0,0.0,,,
0bb5a684,ITQ96_CENTERED,404.0,463,5.0,2.0,6.0,1.0,1.0,0.0,,,
0bb5a684,ITQ96_CENTERED,505.0,463,3.0,1.0,8.0,1.0,1.0,0.0,,,
0bc8ad92,SIGN96_CENTERED,,443,29.0,2.0,30.0,2.0,1.0,1.0,,,
0bc8ad92,ITQ96_CENTERED,101.0,443,12.0,2.0,13.0,2.0,1.0,1.0,,,
0bc8ad92,ITQ96_CENTERED,202.0,443,11.0,1.0,14.0,1.0,1.0,0.0,,,
0bc8ad92,ITQ96_CENTERED,303.0,443,11.0,1.0,12.0,3.0,2.0,1.0,,,
0bc8ad92,ITQ96_CENTERED,404.0,443,9.0,1.0,14.0,4.0,1.0,1.0,,,
0bc8ad92,ITQ96_CENTERED,505.0,443,13.0,1.0,15.0,2.0,1.0,1.0,,,
0bc8ad93,SIGN96_CENTERED,,486,30.0,1.0,32.0,1.0,1.0,0.0,,,
0bc8ad93,ITQ96_CENTERED,101.0,486,14.0,1.0,17.0,1.0,1.0,0.0,,,
0bc8ad93,ITQ96_CENTERED,202.0,486,18.0,1.0,19.0,2.0,2.0,0.0,,,
0bc8ad93,ITQ96_CENTERED,303.0,486,17.0,1.0,18.0,3.0,2.0,1.0,,,
0bc8ad93,ITQ96_CENTERED,404.0,486,17.0,2.0,18.0,1.0,1.0,0.0,,,
0bc8ad93,ITQ96_CENTERED,505.0,486,16.0,2.0,17.0,1.0,1.0,0.0,,,
0db4c65d,SIGN96_CENTERED,,462,13.0,1.0,26.0,1.0,1.0,0.0,,,
0db4c65d,ITQ96_CENTERED,101.0,462,13.0,1.0,15.0,2.0,2.0,0.0,,,
0db4c65d,ITQ96_CENTERED,202.0,462,14.0,1.0,16.0,3.0,1.0,1.0,,,
0db4c65d,ITQ96_CENTERED,303.0,462,13.0,1.0,16.0,1.0,1.0,0.0,,,
0db4c65d,ITQ96_CENTERED,404.0,462,14.0,3.0,14.0,3.0,3.0,0.0,,,
0db4c65d,ITQ96_CENTERED,505.0,462,9.0,1.0,15.0,2.0,1.0,1.0,,,
0ddfec37,SIGN96_CENTERED,,483,18.0,1.0,26.0,1.0,1.0,0.0,,,
0ddfec37,ITQ96_CENTERED,101.0,483,11.0,1.0,15.0,1.0,1.0,0.0,,,
0ddfec37,ITQ96_CENTERED,202.0,483,14.0,2.0,17.0,1.0,1.0,0.0,,,
0ddfec37,ITQ96_CENTERED,303.0,483,12.0,1.0,16.0,2.0,1.0,1.0,,,
0ddfec37,ITQ96_CENTERED,404.0,483,12.0,1.0,14.0,1.0,1.0,0.0,,,
0ddfec37,ITQ96_CENTERED,505.0,483,13.0,2.0,14.0,1.0,1.0,0.0,,,
0e4e4c46,SIGN96_CENTERED,,481,25.0,1.0,29.0,2.0,2.0,0.0,,,
0e4e4c46,ITQ96_CENTERED,101.0,481,14.0,3.0,14.0,3.0,3.0,0.0,,,
0e4e4c46,ITQ96_CENTERED,202.0,481,13.0,1.0,14.0,2.0,2.0,0.0,,,
0e4e4c46,ITQ96_CENTERED,303.0,481,12.0,1.0,13.0,2.0,2.0,0.0,,,
0e4e4c46,ITQ96_CENTERED,404.0,481,8.0,2.0,12.0,1.0,1.0,0.0,,,
0e4e4c46,ITQ96_CENTERED,505.0,481,11.0,1.0,13.0,1.0,1.0,0.0,,,
0e5e2d1a,SIGN96_CENTERED,,450,12.0,1.0,27.0,1.0,1.0,0.0,,,
0e5e2d1a,ITQ96_CENTERED,101.0,450,0.0,4.0,0.0,4.0,3.0,1.0,,,
0e5e2d1a,ITQ96_CENTERED,202.0,450,0.0,1.0,1.0,4.0,2.0,1.0,,,
0e5e2d1a,ITQ96_CENTERED,303.0,450,0.0,6.0,0.0,6.0,3.0,1.0,,,
0e5e2d1a,ITQ96_CENTERED,404.0,450,0.0,3.0,0.0,3.0,3.0,0.0,,,
0e5e2d1a,ITQ96_CENTERED,505.0,450,0.0,4.0,0.0,4.0,3.0,1.0,,,
0ea62687,SIGN96_CENTERED,,460,16.0,1.0,31.0,1.0,1.0,0.0,,,
0ea62687,ITQ96_CENTERED,101.0,460,14.0,1.0,16.0,1.0,1.0,0.0,,,
0ea62687,ITQ96_CENTERED,202.0,460,5.0,1.0,12.0,1.0,1.0,0.0,,,
0ea62687,ITQ96_CENTERED,303.0,460,7.0,1.0,13.0,1.0,1.0,0.0,,,
0ea62687,ITQ96_CENTERED,404.0,460,6.0,1.0,16.0,1.0,1.0,0.0,,,
0ea62687,ITQ96_CENTERED,505.0,460,9.0,1.0,14.0,1.0,1.0,0.0,,,
0edc2aef,SIGN96_CENTERED,,475,34.0,3.0,34.0,3.0,3.0,0.0,,,
0edc2aef,ITQ96_CENTERED,101.0,475,19.0,1.0,20.0,2.0,2.0,0.0,,,
0edc2aef,ITQ96_CENTERED,202.0,475,19.0,1.0,23.0,2.0,1.0,1.0,,,
0edc2aef,ITQ96_CENTERED,303.0,475,22.0,2.0,24.0,1.0,1.0,0.0,,,
0edc2aef,ITQ96_CENTERED,404.0,475,25.0,1.0,26.0,5.0,2.0,1.0,,,
0edc2aef,ITQ96_CENTERED,505.0,475,19.0,1.0,22.0,2.0,1.0,1.0,,,
0f05491a,SIGN96_CENTERED,,489,16.0,1.0,20.0,1.0,1.0,0.0,,,
0f05491a,ITQ96_CENTERED,101.0,489,3.0,1.0,4.0,3.0,2.0,1.0,,,
0f05491a,ITQ96_CENTERED,202.0,489,3.0,2.0,4.0,1.0,1.0,0.0,,,
0f05491a,ITQ96_CENTERED,303.0,489,2.0,1.0,3.0,2.0,2.0,0.0,,,
0f05491a,ITQ96_CENTERED,404.0,489,3.0,2.0,4.0,1.0,1.0,0.0,,,
0f05491a,ITQ96_CENTERED,505.0,489,1.0,2.0,2.0,1.0,1.0,0.0,,,
10d9b85a,SIGN96_CENTERED,,466,32.0,1.0,36.0,2.0,1.0,1.0,,,
10d9b85a,ITQ96_CENTERED,101.0,466,26.0,1.0,30.0,1.0,1.0,0.0,,,
10d9b85a,ITQ96_CENTERED,202.0,466,26.0,1.0,30.0,1.0,1.0,0.0,,,
10d9b85a,ITQ96_CENTERED,303.0,466,30.0,2.0,31.0,3.0,1.0,1.0,,,
10d9b85a,ITQ96_CENTERED,404.0,466,29.0,1.0,30.0,2.0,2.0,0.0,,,
10d9b85a,ITQ96_CENTERED,505.0,466,31.0,1.0,32.0,2.0,2.0,0.0,,,
10e09553,SIGN96_CENTERED,,472,21.0,1.0,24.0,2.0,2.0,0.0,,,
10e09553,ITQ96_CENTERED,101.0,472,7.0,1.0,9.0,1.0,1.0,0.0,,,
10e09553,ITQ96_CENTERED,202.0,472,9.0,1.0,12.0,3.0,1.0,1.0,,,
10e09553,ITQ96_CENTERED,303.0,472,8.0,1.0,9.0,2.0,2.0,0.0,,,
10e09553,ITQ96_CENTERED,404.0,472,10.0,1.0,12.0,2.0,2.0,0.0,,,
10e09553,ITQ96_CENTERED,505.0,472,10.0,1.0,11.0,2.0,2.0,0.0,,,
118b2229,SIGN96_CENTERED,,485,23.0,1.0,31.0,1.0,1.0,0.0,,,
118b2229,ITQ96_CENTERED,101.0,485,13.0,1.0,15.0,2.0,2.0,0.0,,,
118b2229,ITQ96_CENTERED,202.0,485,11.0,1.0,12.0,2.0,2.0,0.0,,,
118b2229,ITQ96_CENTERED,303.0,485,11.0,1.0,12.0,2.0,2.0,0.0,,,
118b2229,ITQ96_CENTERED,404.0,485,12.0,1.0,13.0,2.0,2.0,0.0,,,
118b2229,ITQ96_CENTERED,505.0,485,9.0,1.0,13.0,1.0,1.0,0.0,,,
1192316e,SIGN96_CENTERED,,467,26.0,1.0,30.0,1.0,1.0,0.0,,,
1192316e,ITQ96_CENTERED,101.0,467,20.0,1.0,22.0,3.0,2.0,1.0,,,
1192316e,ITQ96_CENTERED,202.0,467,16.0,1.0,18.0,1.0,1.0,0.0,,,
1192316e,ITQ96_CENTERED,303.0,467,24.0,1.0,26.0,1.0,1.0,0.0,,,
1192316e,ITQ96_CENTERED,404.0,467,19.0,1.0,21.0,2.0,1.0,1.0,,,
1192316e,ITQ96_CENTERED,505.0,467,19.0,1.0,22.0,1.0,1.0,0.0,,,
129d1232,SIGN96_CENTERED,,451,24.0,1.0,29.0,2.0,2.0,0.0,,,
129d1232,ITQ96_CENTERED,101.0,451,15.0,1.0,22.0,1.0,1.0,0.0,,,
129d1232,ITQ96_CENTERED,202.0,451,16.0,1.0,19.0,1.0,1.0,0.0,,,
129d1232,ITQ96_CENTERED,303.0,451,16.0,1.0,17.0,2.0,2.0,0.0,,,
129d1232,ITQ96_CENTERED,404.0,451,21.0,1.0,26.0,2.0,2.0,0.0,,,
129d1232,ITQ96_CENTERED,505.0,451,17.0,1.0,25.0,1.0,1.0,0.0,,,
1568498a,SIGN96_CENTERED,,478,23.0,1.0,29.0,1.0,1.0,0.0,,,
1568498a,ITQ96_CENTERED,101.0,478,30.0,1.0,32.0,3.0,1.0,1.0,,,
1568498a,ITQ96_CENTERED,202.0,478,30.0,2.0,31.0,8.0,1.0,1.0,,,
1568498a,ITQ96_CENTERED,303.0,478,31.0,7.0,31.0,7.0,3.0,1.0,,,
1568498a,ITQ96_CENTERED,404.0,478,27.0,2.0,28.0,3.0,1.0,1.0,,,
1568498a,ITQ96_CENTERED,505.0,478,31.0,2.0,33.0,1.0,1.0,0.0,,,
15745da0,SIGN96_CENTERED,,474,14.0,1.0,27.0,1.0,1.0,0.0,,,
15745da0,ITQ96_CENTERED,101.0,474,15.0,1.0,17.0,2.0,1.0,1.0,,,
15745da0,ITQ96_CENTERED,202.0,474,12.0,1.0,15.0,1.0,1.0,0.0,,,
15745da0,ITQ96_CENTERED,303.0,474,14.0,4.0,14.0,4.0,3.0,1.0,,,
15745da0,ITQ96_CENTERED,404.0,474,10.0,2.0,11.0,1.0,1.0,0.0,,,
15745da0,ITQ96_CENTERED,505.0,474,15.0,1.0,16.0,2.0,2.0,0.0,,,
157a136e,SIGN96_CENTERED,,503,22.0,1.0,27.0,1.0,1.0,0.0,,,
157a136e,ITQ96_CENTERED,101.0,503,11.0,5.0,11.0,5.0,3.0,1.0,,,
157a136e,ITQ96_CENTERED,202.0,503,12.0,3.0,12.0,3.0,3.0,0.0,,,
157a136e,ITQ96_CENTERED,303.0,503,10.0,1.0,11.0,3.0,2.0,1.0,,,
157a136e,ITQ96_CENTERED,404.0,503,12.0,3.0,12.0,3.0,3.0,0.0,,,
157a136e,ITQ96_CENTERED,505.0,503,8.0,3.0,8.0,3.0,3.0,0.0,,,
16c90bf4,SIGN96_CENTERED,,509,16.0,1.0,25.0,1.0,1.0,0.0,,,
16c90bf4,ITQ96_CENTERED,101.0,509,7.0,1.0,11.0,2.0,1.0,1.0,,,
16c90bf4,ITQ96_CENTERED,202.0,509,7.0,1.0,10.0,1.0,1.0,0.0,,,
16c90bf4,ITQ96_CENTERED,303.0,509,9.0,1.0,10.0,2.0,2.0,0.0,,,
16c90bf4,ITQ96_CENTERED,404.0,509,6.0,1.0,9.0,2.0,2.0,0.0,,,
16c90bf4,ITQ96_CENTERED,505.0,509,10.0,1.0,12.0,1.0,1.0,0.0,,,
184da446,SIGN96_CENTERED,,473,21.0,1.0,29.0,1.0,1.0,0.0,,,
184da446,ITQ96_CENTERED,101.0,473,13.0,1.0,22.0,1.0,1.0,0.0,,,
184da446,ITQ96_CENTERED,202.0,473,20.0,1.0,24.0,1.0,1.0,0.0,,,
184da446,ITQ96_CENTERED,303.0,473,17.0,1.0,25.0,1.0,1.0,0.0,,,
184da446,ITQ96_CENTERED,404.0,473,17.0,1.0,23.0,3.0,1.0,1.0,,,
184da446,ITQ96_CENTERED,505.0,473,13.0,1.0,19.0,1.0,1.0,0.0,,,
18bc8abd,SIGN96_CENTERED,,436,16.0,1.0,21.0,1.0,1.0,0.0,,,
18bc8abd,ITQ96_CENTERED,101.0,436,10.0,1.0,13.0,1.0,1.0,0.0,,,
18bc8abd,ITQ96_CENTERED,202.0,436,9.0,2.0,13.0,1.0,1.0,0.0,,,
18bc8abd,ITQ96_CENTERED,303.0,436,12.0,2.0,17.0,2.0,1.0,1.0,,,
18bc8abd,ITQ96_CENTERED,404.0,436,10.0,1.0,12.0,1.0,1.0,0.0,,,
18bc8abd,ITQ96_CENTERED,505.0,436,10.0,2.0,14.0,1.0,1.0,0.0,,,
18dcd5a5,SIGN96_CENTERED,,503,26.0,1.0,32.0,2.0,2.0,0.0,,,
18dcd5a5,ITQ96_CENTERED,101.0,503,18.0,1.0,21.0,3.0,2.0,1.0,,,
18dcd5a5,ITQ96_CENTERED,202.0,503,17.0,1.0,20.0,3.0,1.0,1.0,,,
18dcd5a5,ITQ96_CENTERED,303.0,503,24.0,2.0,25.0,2.0,1.0,1.0,,,
18dcd5a5,ITQ96_CENTERED,404.0,503,19.0,1.0,22.0,1.0,1.0,0.0,,,
18dcd5a5,ITQ96_CENTERED,505.0,503,22.0,1.0,25.0,2.0,1.0,1.0,,,
1903aded,SIGN96_CENTERED,,486,30.0,1.0,35.0,2.0,1.0,1.0,,,
1903aded,ITQ96_CENTERED,101.0,486,21.0,2.0,28.0,3.0,1.0,1.0,,,
1903aded,ITQ96_CENTERED,202.0,486,24.0,1.0,27.0,1.0,1.0,0.0,,,
1903aded,ITQ96_CENTERED,303.0,486,23.0,1.0,26.0,6.0,1.0,1.0,,,
1903aded,ITQ96_CENTERED,404.0,486,23.0,1.0,26.0,4.0,2.0,1.0,,,
1903aded,ITQ96_CENTERED,505.0,486,21.0,2.0,22.0,1.0,1.0,0.0,,,
195a1a1b,SIGN96_CENTERED,,515,26.0,1.0,34.0,2.0,1.0,1.0,,,
195a1a1b,ITQ96_CENTERED,101.0,515,30.0,2.0,31.0,7.0,1.0,1.0,,,
195a1a1b,ITQ96_CENTERED,202.0,515,31.0,1.0,32.0,2.0,2.0,0.0,,,
195a1a1b,ITQ96_CENTERED,303.0,515,27.0,4.0,27.0,4.0,3.0,1.0,,,
195a1a1b,ITQ96_CENTERED,404.0,515,27.0,1.0,29.0,4.0,1.0,1.0,,,
195a1a1b,ITQ96_CENTERED,505.0,515,27.0,1.0,28.0,5.0,2.0,1.0,,,
19b5f2b3,SIGN96_CENTERED,,482,17.0,1.0,24.0,1.0,1.0,0.0,,,
19b5f2b3,ITQ96_CENTERED,101.0,482,12.0,1.0,18.0,1.0,1.0,0.0,,,
19b5f2b3,ITQ96_CENTERED,202.0,482,9.0,1.0,13.0,2.0,1.0,1.0,,,
19b5f2b3,ITQ96_CENTERED,303.0,482,9.0,1.0,12.0,1.0,1.0,0.0,,,
19b5f2b3,ITQ96_CENTERED,404.0,482,12.0,1.0,15.0,2.0,2.0,0.0,,,
19b5f2b3,ITQ96_CENTERED,505.0,482,13.0,1.0,16.0,2.0,1.0,1.0,,,
1a1907b4,SIGN96_CENTERED,,532,28.0,1.0,31.0,2.0,1.0,1.0,,,
1a1907b4,ITQ96_CENTERED,101.0,532,21.0,1.0,25.0,1.0,1.0,0.0,,,
1a1907b4,ITQ96_CENTERED,202.0,532,23.0,1.0,24.0,2.0,2.0,0.0,,,
1a1907b4,ITQ96_CENTERED,303.0,532,19.0,2.0,26.0,1.0,1.0,0.0,,,
1a1907b4,ITQ96_CENTERED,404.0,532,25.0,1.0,30.0,4.0,1.0,1.0,,,
1a1907b4,ITQ96_CENTERED,505.0,532,26.0,3.0,26.0,3.0,3.0,0.0,,,
1a8a66a6,SIGN96_CENTERED,,501,22.0,1.0,27.0,1.0,1.0,0.0,,,
1a8a66a6,ITQ96_CENTERED,101.0,501,18.0,1.0,20.0,1.0,1.0,0.0,,,
1a8a66a6,ITQ96_CENTERED,202.0,501,20.0,1.0,24.0,1.0,1.0,0.0,,,
1a8a66a6,ITQ96_CENTERED,303.0,501,13.0,1.0,21.0,2.0,1.0,1.0,,,
1a8a66a6,ITQ96_CENTERED,404.0,501,16.0,1.0,19.0,2.0,2.0,0.0,,,
1a8a66a6,ITQ96_CENTERED,505.0,501,15.0,1.0,21.0,1.0,1.0,0.0,,,
1b9b7252,SIGN96_CENTERED,,466,11.0,1.0,30.0,1.0,1.0,0.0,,,
1b9b7252,ITQ96_CENTERED,101.0,466,1.0,1.0,10.0,2.0,1.0,1.0,,,
1b9b7252,ITQ96_CENTERED,202.0,466,4.0,1.0,9.0,2.0,2.0,0.0,,,
1b9b7252,ITQ96_CENTERED,303.0,466,3.0,1.0,9.0,1.0,1.0,0.0,,,
1b9b7252,ITQ96_CENTERED,404.0,466,3.0,1.0,9.0,2.0,1.0,1.0,,,
1b9b7252,ITQ96_CENTERED,505.0,466,3.0,1.0,9.0,1.0,1.0,0.0,,,
1c0ddc50,SIGN96_CENTERED,,548,29.0,1.0,31.0,3.0,2.0,1.0,,,
1c0ddc50,ITQ96_CENTERED,101.0,548,21.0,3.0,21.0,3.0,3.0,0.0,,,
1c0ddc50,ITQ96_CENTERED,202.0,548,20.0,1.0,23.0,3.0,1.0,1.0,,,
1c0ddc50,ITQ96_CENTERED,303.0,548,23.0,1.0,25.0,3.0,2.0,1.0,,,
1c0ddc50,ITQ96_CENTERED,404.0,548,21.0,2.0,22.0,2.0,1.0,1.0,,,
1c0ddc50,ITQ96_CENTERED,505.0,548,19.0,2.0,22.0,2.0,1.0,1.0,,,
1c549ce4,SIGN96_CENTERED,,462,22.0,1.0,28.0,1.0,1.0,0.0,,,
1c549ce4,ITQ96_CENTERED,101.0,462,11.0,1.0,13.0,1.0,1.0,0.0,,,
1c549ce4,ITQ96_CENTERED,202.0,462,14.0,3.0,14.0,3.0,3.0,0.0,,,
1c549ce4,ITQ96_CENTERED,303.0,462,12.0,1.0,15.0,1.0,1.0,0.0,,,
1c549ce4,ITQ96_CENTERED,404.0,462,7.0,1.0,11.0,1.0,1.0,0.0,,,
1c549ce4,ITQ96_CENTERED,505.0,462,9.0,2.0,12.0,1.0,1.0,0.0,,,
1cea1afa,SIGN96_CENTERED,,485,25.0,1.0,31.0,1.0,1.0,0.0,,,
1cea1afa,ITQ96_CENTERED,101.0,485,7.0,1.0,12.0,3.0,1.0,1.0,,,
1cea1afa,ITQ96_CENTERED,202.0,485,13.0,2.0,14.0,1.0,1.0,0.0,,,
1cea1afa,ITQ96_CENTERED,303.0,485,11.0,1.0,13.0,1.0,1.0,0.0,,,
1cea1afa,ITQ96_CENTERED,404.0,485,11.0,2.0,12.0,1.0,1.0,0.0,,,
1cea1afa,ITQ96_CENTERED,505.0,485,13.0,2.0,14.0,2.0,1.0,1.0,,,
1d4da289,SIGN96_CENTERED,,506,8.0,1.0,23.0,1.0,1.0,0.0,,,
1d4da289,ITQ96_CENTERED,101.0,506,6.0,2.0,8.0,1.0,1.0,0.0,,,
1d4da289,ITQ96_CENTERED,202.0,506,5.0,1.0,8.0,2.0,2.0,0.0,,,
1d4da289,ITQ96_CENTERED,303.0,506,3.0,1.0,7.0,1.0,1.0,0.0,,,
1d4da289,ITQ96_CENTERED,404.0,506,6.0,1.0,8.0,1.0,1.0,0.0,,,
1d4da289,ITQ96_CENTERED,505.0,506,3.0,1.0,5.0,2.0,2.0,0.0,,,
1d4e3b97,SIGN96_CENTERED,,474,25.0,2.0,28.0,1.0,1.0,0.0,,,
1d4e3b97,ITQ96_CENTERED,101.0,474,5.0,1.0,8.0,2.0,1.0,1.0,,,
1d4e3b97,ITQ96_CENTERED,202.0,474,6.0,1.0,8.0,1.0,1.0,0.0,,,
1d4e3b97,ITQ96_CENTERED,303.0,474,7.0,1.0,9.0,1.0,1.0,0.0,,,
1d4e3b97,ITQ96_CENTERED,404.0,474,5.0,1.0,10.0,1.0,1.0,0.0,,,
1d4e3b97,ITQ96_CENTERED,505.0,474,8.0,1.0,11.0,2.0,2.0,0.0,,,
1da05512,SIGN96_CENTERED,,462,24.0,1.0,25.0,2.0,2.0,0.0,,,
1da05512,ITQ96_CENTERED,101.0,462,6.0,1.0,10.0,1.0,1.0,0.0,,,
1da05512,ITQ96_CENTERED,202.0,462,10.0,1.0,13.0,1.0,1.0,0.0,,,
1da05512,ITQ96_CENTERED,303.0,462,5.0,1.0,9.0,2.0,1.0,1.0,,,
1da05512,ITQ96_CENTERED,404.0,462,10.0,1.0,11.0,2.0,2.0,0.0,,,
1da05512,ITQ96_CENTERED,505.0,462,6.0,1.0,9.0,1.0,1.0,0.0,,,
1de5cff2,SIGN96_CENTERED,,473,22.0,1.0,26.0,1.0,1.0,0.0,,,
1de5cff2,ITQ96_CENTERED,101.0,473,1.0,1.0,2.0,3.0,2.0,1.0,,,
1de5cff2,ITQ96_CENTERED,202.0,473,2.0,3.0,2.0,3.0,3.0,0.0,,,
1de5cff2,ITQ96_CENTERED,303.0,473,1.0,1.0,2.0,6.0,2.0,1.0,,,
1de5cff2,ITQ96_CENTERED,404.0,473,2.0,4.0,2.0,4.0,3.0,1.0,,,
1de5cff2,ITQ96_CENTERED,505.0,473,3.0,3.0,3.0,3.0,3.0,0.0,,,
1e043500,SIGN96_CENTERED,,510,10.0,1.0,31.0,1.0,1.0,0.0,,,
1e043500,ITQ96_CENTERED,101.0,510,11.0,1.0,14.0,1.0,1.0,0.0,,,
1e043500,ITQ96_CENTERED,202.0,510,10.0,1.0,14.0,1.0,1.0,0.0,,,
1e043500,ITQ96_CENTERED,303.0,510,11.0,2.0,15.0,1.0,1.0,0.0,,,
1e043500,ITQ96_CENTERED,404.0,510,15.0,1.0,20.0,1.0,1.0,0.0,,,
1e043500,ITQ96_CENTERED,505.0,510,8.0,1.0,13.0,1.0,1.0,0.0,,,
1f2b8d4f,SIGN96_CENTERED,,522,21.0,1.0,25.0,1.0,1.0,0.0,,,
1f2b8d4f,ITQ96_CENTERED,101.0,522,9.0,2.0,11.0,1.0,1.0,0.0,,,
1f2b8d4f,ITQ96_CENTERED,202.0,522,4.0,1.0,7.0,2.0,1.0,1.0,,,
1f2b8d4f,ITQ96_CENTERED,303.0,522,11.0,1.0,13.0,2.0,1.0,1.0,,,
1f2b8d4f,ITQ96_CENTERED,404.0,522,9.0,3.0,9.0,3.0,3.0,0.0,,,
1f2b8d4f,ITQ96_CENTERED,505.0,522,8.0,1.0,12.0,1.0,1.0,0.0,,,
1faac195,SIGN96_CENTERED,,494,23.0,1.0,31.0,2.0,1.0,1.0,,,
1faac195,ITQ96_CENTERED,101.0,494,7.0,1.0,10.0,2.0,2.0,0.0,,,
1faac195,ITQ96_CENTERED,202.0,494,7.0,1.0,10.0,2.0,1.0,1.0,,,
1faac195,ITQ96_CENTERED,303.0,494,8.0,1.0,13.0,1.0,1.0,0.0,,,
1faac195,ITQ96_CENTERED,404.0,494,6.0,1.0,8.0,2.0,2.0,0.0,,,
1faac195,ITQ96_CENTERED,505.0,494,7.0,1.0,12.0,2.0,2.0,0.0,,,
2133c1b5,SIGN96_CENTERED,,523,22.0,1.0,29.0,1.0,1.0,0.0,,,
2133c1b5,ITQ96_CENTERED,101.0,523,20.0,1.0,24.0,3.0,1.0,1.0,,,
2133c1b5,ITQ96_CENTERED,202.0,523,15.0,1.0,18.0,3.0,2.0,1.0,,,
2133c1b5,ITQ96_CENTERED,303.0,523,18.0,2.0,19.0,1.0,1.0,0.0,,,
2133c1b5,ITQ96_CENTERED,404.0,523,18.0,1.0,22.0,1.0,1.0,0.0,,,
2133c1b5,ITQ96_CENTERED,505.0,523,24.0,1.0,25.0,2.0,2.0,0.0,,,
21436231,SIGN96_CENTERED,,512,7.0,1.0,17.0,1.0,1.0,0.0,,,
21436231,ITQ96_CENTERED,101.0,512,2.0,1.0,7.0,2.0,1.0,1.0,,,
21436231,ITQ96_CENTERED,202.0,512,1.0,1.0,7.0,1.0,1.0,0.0,,,
21436231,ITQ96_CENTERED,303.0,512,1.0,1.0,7.0,1.0,1.0,0.0,,,
21436231,ITQ96_CENTERED,404.0,512,2.0,1.0,7.0,4.0,2.0,1.0,,,
21436231,ITQ96_CENTERED,505.0,512,5.0,2.0,8.0,1.0,1.0,0.0,,,
21d02d0d,SIGN96_CENTERED,,497,19.0,1.0,26.0,1.0,1.0,0.0,,,
21d02d0d,ITQ96_CENTERED,101.0,497,19.0,1.0,24.0,1.0,1.0,0.0,,,
21d02d0d,ITQ96_CENTERED,202.0,497,16.0,1.0,23.0,1.0,1.0,0.0,,,
21d02d0d,ITQ96_CENTERED,303.0,497,20.0,1.0,23.0,1.0,1.0,0.0,,,
21d02d0d,ITQ96_CENTERED,404.0,497,18.0,1.0,25.0,1.0,1.0,0.0,,,
21d02d0d,ITQ96_CENTERED,505.0,497,18.0,1.0,20.0,1.0,1.0,0.0,,,
22d2cb42,SIGN96_CENTERED,,473,11.0,1.0,18.0,1.0,1.0,0.0,,,
22d2cb42,ITQ96_CENTERED,101.0,473,7.0,2.0,11.0,1.0,1.0,0.0,,,
22d2cb42,ITQ96_CENTERED,202.0,473,6.0,3.0,6.0,3.0,3.0,0.0,,,
22d2cb42,ITQ96_CENTERED,303.0,473,8.0,1.0,10.0,1.0,1.0,0.0,,,
22d2cb42,ITQ96_CENTERED,404.0,473,6.0,2.0,7.0,1.0,1.0,0.0,,,
22d2cb42,ITQ96_CENTERED,505.0,473,3.0,1.0,6.0,1.0,1.0,0.0,,,
2311e44b,SIGN96_CENTERED,,493,10.0,1.0,17.0,1.0,1.0,0.0,,,
2311e44b,ITQ96_CENTERED,101.0,493,5.0,3.0,5.0,3.0,3.0,0.0,,,
2311e44b,ITQ96_CENTERED,202.0,493,2.0,1.0,6.0,2.0,2.0,0.0,,,
2311e44b,ITQ96_CENTERED,303.0,493,4.0,1.0,7.0,2.0,1.0,1.0,,,
2311e44b,ITQ96_CENTERED,404.0,493,4.0,1.0,6.0,2.0,2.0,0.0,,,
2311e44b,ITQ96_CENTERED,505.0,493,5.0,1.0,7.0,2.0,2.0,0.0,,,
2318644b,SIGN96_CENTERED,,523,22.0,2.0,27.0,1.0,1.0,0.0,,,
2318644b,ITQ96_CENTERED,101.0,523,17.0,1.0,24.0,2.0,1.0,1.0,,,
2318644b,ITQ96_CENTERED,202.0,523,20.0,2.0,22.0,1.0,1.0,0.0,,,
2318644b,ITQ96_CENTERED,303.0,523,22.0,2.0,23.0,1.0,1.0,0.0,,,
2318644b,ITQ96_CENTERED,404.0,523,21.0,1.0,23.0,2.0,1.0,1.0,,,
2318644b,ITQ96_CENTERED,505.0,523,22.0,1.0,24.0,1.0,1.0,0.0,,,
25e5aa4f,SIGN96_CENTERED,,506,19.0,1.0,25.0,1.0,1.0,0.0,,,
25e5aa4f,ITQ96_CENTERED,101.0,506,7.0,1.0,10.0,2.0,2.0,0.0,,,
25e5aa4f,ITQ96_CENTERED,202.0,506,9.0,1.0,16.0,1.0,1.0,0.0,,,
25e5aa4f,ITQ96_CENTERED,303.0,506,5.0,1.0,12.0,2.0,1.0,1.0,,,
25e5aa4f,ITQ96_CENTERED,404.0,506,10.0,1.0,14.0,2.0,1.0,1.0,,,
25e5aa4f,ITQ96_CENTERED,505.0,506,11.0,2.0,13.0,1.0,1.0,0.0,,,
2698e78f,SIGN96_CENTERED,,478,15.0,1.0,26.0,1.0,1.0,0.0,,,
2698e78f,ITQ96_CENTERED,101.0,478,5.0,2.0,8.0,2.0,1.0,1.0,,,
2698e78f,ITQ96_CENTERED,202.0,478,8.0,2.0,11.0,1.0,1.0,0.0,,,
2698e78f,ITQ96_CENTERED,303.0,478,8.0,2.0,10.0,2.0,1.0,1.0,,,
2698e78f,ITQ96_CENTERED,404.0,478,10.0,1.0,12.0,1.0,1.0,0.0,,,
2698e78f,ITQ96_CENTERED,505.0,478,11.0,1.0,14.0,3.0,1.0,1.0,,,
26bdc477,SIGN96_CENTERED,,498,16.0,1.0,23.0,2.0,1.0,1.0,,,
26bdc477,ITQ96_CENTERED,101.0,498,6.0,1.0,16.0,2.0,1.0,1.0,,,
26bdc477,ITQ96_CENTERED,202.0,498,12.0,1.0,15.0,1.0,1.0,0.0,,,
26bdc477,ITQ96_CENTERED,303.0,498,14.0,1.0,16.0,1.0,1.0,0.0,,,
26bdc477,ITQ96_CENTERED,404.0,498,12.0,1.0,16.0,2.0,1.0,1.0,,,
26bdc477,ITQ96_CENTERED,505.0,498,13.0,1.0,15.0,2.0,2.0,0.0,,,
27016adc,SIGN96_CENTERED,,491,21.0,1.0,26.0,2.0,1.0,1.0,,,
27016adc,ITQ96_CENTERED,101.0,491,6.0,1.0,8.0,2.0,1.0,1.0,,,
27016adc,ITQ96_CENTERED,202.0,491,7.0,2.0,8.0,2.0,1.0,1.0,,,
27016adc,ITQ96_CENTERED,303.0,491,9.0,4.0,9.0,4.0,3.0,1.0,,,
27016adc,ITQ96_CENTERED,404.0,491,6.0,3.0,6.0,3.0,3.0,0.0,,,
27016adc,ITQ96_CENTERED,505.0,491,6.0,2.0,7.0,2.0,1.0,1.0,,,
2788b940,SIGN96_CENTERED,,475,33.0,1.0,35.0,1.0,1.0,0.0,,,
2788b940,ITQ96_CENTERED,101.0,475,20.0,2.0,21.0,1.0,1.0,0.0,,,
2788b940,ITQ96_CENTERED,202.0,475,19.0,2.0,21.0,1.0,1.0,0.0,,,
2788b940,ITQ96_CENTERED,303.0,475,20.0,2.0,22.0,1.0,1.0,0.0,,,
2788b940,ITQ96_CENTERED,404.0,475,19.0,1.0,20.0,2.0,2.0,0.0,,,
2788b940,ITQ96_CENTERED,505.0,475,19.0,1.0,25.0,2.0,2.0,0.0,,,
28bcfaac,SIGN96_CENTERED,,500,18.0,1.0,26.0,3.0,1.0,1.0,,,
28bcfaac,ITQ96_CENTERED,101.0,500,3.0,1.0,5.0,2.0,2.0,0.0,,,
28bcfaac,ITQ96_CENTERED,202.0,500,5.0,1.0,6.0,2.0,2.0,0.0,,,
28bcfaac,ITQ96_CENTERED,303.0,500,5.0,1.0,7.0,1.0,1.0,0.0,,,
28bcfaac,ITQ96_CENTERED,404.0,500,7.0,2.0,8.0,3.0,1.0,1.0,,,
28bcfaac,ITQ96_CENTERED,505.0,500,1.0,1.0,5.0,1.0,1.0,0.0,,,
28dc39ac,SIGN96_CENTERED,,431,31.0,1.0,34.0,2.0,2.0,0.0,,,
28dc39ac,ITQ96_CENTERED,101.0,431,22.0,2.0,23.0,4.0,1.0,1.0,,,
28dc39ac,ITQ96_CENTERED,202.0,431,21.0,2.0,23.0,1.0,1.0,0.0,,,
28dc39ac,ITQ96_CENTERED,303.0,431,19.0,1.0,24.0,1.0,1.0,0.0,,,
28dc39ac,ITQ96_CENTERED,404.0,431,21.0,1.0,23.0,3.0,1.0,1.0,,,
28dc39ac,ITQ96_CENTERED,505.0,431,17.0,1.0,21.0,2.0,1.0,1.0,,,
29f2956b,SIGN96_CENTERED,,496,29.0,1.0,34.0,3.0,1.0,1.0,,,
29f2956b,ITQ96_CENTERED,101.0,496,14.0,1.0,16.0,2.0,2.0,0.0,,,
29f2956b,ITQ96_CENTERED,202.0,496,11.0,1.0,14.0,1.0,1.0,0.0,,,
29f2956b,ITQ96_CENTERED,303.0,496,10.0,1.0,14.0,1.0,1.0,0.0,,,
29f2956b,ITQ96_CENTERED,404.0,496,16.0,2.0,17.0,1.0,1.0,0.0,,,
29f2956b,ITQ96_CENTERED,505.0,496,14.0,2.0,15.0,1.0,1.0,0.0,,,
2a1811e2,SIGN96_CENTERED,,479,20.0,1.0,24.0,1.0,1.0,0.0,,,
2a1811e2,ITQ96_CENTERED,101.0,479,8.0,1.0,9.0,3.0,2.0,1.0,,,
2a1811e2,ITQ96_CENTERED,202.0,479,9.0,1.0,13.0,2.0,2.0,0.0,,,
2a1811e2,ITQ96_CENTERED,303.0,479,11.0,1.0,12.0,2.0,2.0,0.0,,,
2a1811e2,ITQ96_CENTERED,404.0,479,7.0,1.0,10.0,2.0,1.0,1.0,,,
2a1811e2,ITQ96_CENTERED,505.0,479,8.0,1.0,11.0,2.0,1.0,1.0,,,
2b8f3739,SIGN96_CENTERED,,491,29.0,1.0,32.0,2.0,2.0,0.0,,,
2b8f3739,ITQ96_CENTERED,101.0,491,19.0,1.0,23.0,2.0,1.0,1.0,,,
2b8f3739,ITQ96_CENTERED,202.0,491,23.0,1.0,24.0,3.0,2.0,1.0,,,
2b8f3739,ITQ96_CENTERED,303.0,491,19.0,1.0,24.0,3.0,1.0,1.0,,,
2b8f3739,ITQ96_CENTERED,404.0,491,23.0,1.0,26.0,2.0,1.0,1.0,,,
2b8f3739,ITQ96_CENTERED,505.0,491,19.0,1.0,24.0,1.0,1.0,0.0,,,
2bf43736,SIGN96_CENTERED,,478,8.0,1.0,23.0,1.0,1.0,0.0,,,
2bf43736,ITQ96_CENTERED,101.0,478,0.0,1.0,3.0,1.0,1.0,0.0,,,
2bf43736,ITQ96_CENTERED,202.0,478,0.0,2.0,4.0,1.0,1.0,0.0,,,
2bf43736,ITQ96_CENTERED,303.0,478,1.0,1.0,3.0,1.0,1.0,0.0,,,
2bf43736,ITQ96_CENTERED,404.0,478,0.0,1.0,6.0,3.0,1.0,1.0,,,
2bf43736,ITQ96_CENTERED,505.0,478,0.0,2.0,2.0,1.0,1.0,0.0,,,
2c63a862,SIGN96_CENTERED,,529,28.0,1.0,34.0,2.0,1.0,1.0,,,
2c63a862,ITQ96_CENTERED,101.0,529,24.0,3.0,24.0,3.0,3.0,0.0,,,
2c63a862,ITQ96_CENTERED,202.0,529,22.0,1.0,23.0,4.0,2.0,1.0,,,
2c63a862,ITQ96_CENTERED,303.0,529,28.0,5.0,28.0,5.0,3.0,1.0,,,
2c63a862,ITQ96_CENTERED,404.0,529,29.0,3.0,29.0,3.0,3.0,0.0,,,
2c63a862,ITQ96_CENTERED,505.0,529,26.0,1.0,27.0,3.0,2.0,1.0,,,
2ce6a0f2,SIGN96_CENTERED,,480,26.0,1.0,34.0,2.0,1.0,1.0,,,
2ce6a0f2,ITQ96_CENTERED,101.0,480,12.0,1.0,15.0,2.0,1.0,1.0,,,
2ce6a0f2,ITQ96_CENTERED,202.0,480,16.0,1.0,19.0,3.0,1.0,1.0,,,
2ce6a0f2,ITQ96_CENTERED,303.0,480,16.0,1.0,21.0,1.0,1.0,0.0,,,
2ce6a0f2,ITQ96_CENTERED,404.0,480,19.0,1.0,20.0,2.0,2.0,0.0,,,
2ce6a0f2,ITQ96_CENTERED,505.0,480,23.0,3.0,23.0,3.0,3.0,0.0,,,
2e6d26dc,SIGN96_CENTERED,,494,27.0,1.0,31.0,2.0,1.0,1.0,,,
2e6d26dc,ITQ96_CENTERED,101.0,494,9.0,2.0,11.0,1.0,1.0,0.0,,,
2e6d26dc,ITQ96_CENTERED,202.0,494,11.0,1.0,12.0,2.0,2.0,0.0,,,
2e6d26dc,ITQ96_CENTERED,303.0,494,12.0,2.0,14.0,2.0,1.0,1.0,,,
2e6d26dc,ITQ96_CENTERED,404.0,494,11.0,1.0,13.0,4.0,1.0,1.0,,,
2e6d26dc,ITQ96_CENTERED,505.0,494,12.0,3.0,12.0,3.0,3.0,0.0,,,
2ebe6c90,SIGN96_CENTERED,,485,17.0,1.0,31.0,1.0,1.0,0.0,,,
2ebe6c90,ITQ96_CENTERED,101.0,485,9.0,1.0,13.0,1.0,1.0,0.0,,,
2ebe6c90,ITQ96_CENTERED,202.0,485,6.0,1.0,11.0,1.0,1.0,0.0,,,
2ebe6c90,ITQ96_CENTERED,303.0,485,10.0,2.0,14.0,4.0,1.0,1.0,,,
2ebe6c90,ITQ96_CENTERED,404.0,485,8.0,1.0,14.0,1.0,1.0,0.0,,,
2ebe6c90,ITQ96_CENTERED,505.0,485,9.0,2.0,10.0,1.0,1.0,0.0,,,
2ebe6c92,SIGN96_CENTERED,,487,36.0,1.0,38.0,2.0,1.0,1.0,,,
2ebe6c92,ITQ96_CENTERED,101.0,487,28.0,1.0,29.0,2.0,2.0,0.0,,,
2ebe6c92,ITQ96_CENTERED,202.0,487,29.0,1.0,33.0,3.0,1.0,1.0,,,
2ebe6c92,ITQ96_CENTERED,303.0,487,29.0,1.0,31.0,5.0,2.0,1.0,,,
2ebe6c92,ITQ96_CENTERED,404.0,487,30.0,1.0,32.0,1.0,1.0,0.0,,,
2ebe6c92,ITQ96_CENTERED,505.0,487,31.0,2.0,32.0,3.0,1.0,1.0,,,
311778f1,SIGN96_CENTERED,,500,13.0,1.0,27.0,1.0,1.0,0.0,,,
311778f1,ITQ96_CENTERED,101.0,500,10.0,1.0,15.0,1.0,1.0,0.0,,,
311778f1,ITQ96_CENTERED,202.0,500,8.0,1.0,13.0,1.0,1.0,0.0,,,
311778f1,ITQ96_CENTERED,303.0,500,10.0,1.0,14.0,1.0,1.0,0.0,,,
311778f1,ITQ96_CENTERED,404.0,500,11.0,1.0,20.0,1.0,1.0,0.0,,,
311778f1,ITQ96_CENTERED,505.0,500,15.0,2.0,19.0,1.0,1.0,0.0,,,
32260d93,SIGN96_CENTERED,,524,29.0,1.0,32.0,3.0,2.0,1.0,,,
32260d93,ITQ96_CENTERED,101.0,524,18.0,3.0,18.0,3.0,3.0,0.0,,,
32260d93,ITQ96_CENTERED,202.0,524,20.0,1.0,27.0,2.0,1.0,1.0,,,
32260d93,ITQ96_CENTERED,303.0,524,20.0,2.0,21.0,1.0,1.0,0.0,,,
32260d93,ITQ96_CENTERED,404.0,524,21.0,1.0,26.0,1.0,1.0,0.0,,,
32260d93,ITQ96_CENTERED,505.0,524,21.0,3.0,21.0,3.0,3.0,0.0,,,
3249768e,SIGN96_CENTERED,,475,16.0,1.0,24.0,1.0,1.0,0.0,,,
3249768e,ITQ96_CENTERED,101.0,475,9.0,1.0,20.0,2.0,1.0,1.0,,,
3249768e,ITQ96_CENTERED,202.0,475,4.0,1.0,21.0,3.0,1.0,1.0,,,
3249768e,ITQ96_CENTERED,303.0,475,8.0,2.0,18.0,2.0,1.0,1.0,,,
3249768e,ITQ96_CENTERED,404.0,475,11.0,2.0,17.0,1.0,1.0,0.0,,,
3249768e,ITQ96_CENTERED,505.0,475,5.0,1.0,18.0,1.0,1.0,0.0,,,
352ab8bd,SIGN96_CENTERED,,539,13.0,1.0,17.0,2.0,1.0,1.0,,,
352ab8bd,ITQ96_CENTERED,101.0,539,0.0,4.0,0.0,4.0,3.0,1.0,,,
352ab8bd,ITQ96_CENTERED,202.0,539,1.0,4.0,1.0,4.0,3.0,1.0,,,
352ab8bd,ITQ96_CENTERED,303.0,539,0.0,6.0,0.0,6.0,3.0,1.0,,,
352ab8bd,ITQ96_CENTERED,404.0,539,0.0,4.0,0.0,4.0,3.0,1.0,,,
352ab8bd,ITQ96_CENTERED,505.0,539,0.0,4.0,0.0,4.0,3.0,1.0,,,
35a27287,SIGN96_CENTERED,,519,26.0,1.0,34.0,4.0,1.0,1.0,,,
35a27287,ITQ96_CENTERED,101.0,519,13.0,1.0,15.0,3.0,1.0,1.0,,,
35a27287,ITQ96_CENTERED,202.0,519,11.0,1.0,13.0,1.0,1.0,0.0,,,
35a27287,ITQ96_CENTERED,303.0,519,13.0,4.0,13.0,4.0,3.0,1.0,,,
35a27287,ITQ96_CENTERED,404.0,519,11.0,2.0,12.0,1.0,1.0,0.0,,,
35a27287,ITQ96_CENTERED,505.0,519,7.0,1.0,11.0,2.0,1.0,1.0,,,
36580ce8,SIGN96_CENTERED,,545,28.0,1.0,35.0,2.0,1.0,1.0,,,
36580ce8,ITQ96_CENTERED,101.0,545,17.0,1.0,19.0,3.0,2.0,1.0,,,
36580ce8,ITQ96_CENTERED,202.0,545,23.0,3.0,23.0,3.0,3.0,0.0,,,
36580ce8,ITQ96_CENTERED,303.0,545,19.0,2.0,20.0,2.0,1.0,1.0,,,
36580ce8,ITQ96_CENTERED,404.0,545,23.0,6.0,23.0,6.0,3.0,1.0,,,
36580ce8,ITQ96_CENTERED,505.0,545,19.0,3.0,19.0,3.0,3.0,0.0,,,
36b9f61e,SIGN96_CENTERED,,490,21.0,1.0,25.0,2.0,2.0,0.0,,,
36b9f61e,ITQ96_CENTERED,101.0,490,11.0,1.0,13.0,2.0,1.0,1.0,,,
36b9f61e,ITQ96_CENTERED,202.0,490,12.0,1.0,14.0,3.0,2.0,1.0,,,
36b9f61e,ITQ96_CENTERED,303.0,490,8.0,1.0,11.0,1.0,1.0,0.0,,,
36b9f61e,ITQ96_CENTERED,404.0,490,8.0,1.0,11.0,2.0,2.0,0.0,,,
36b9f61e,ITQ96_CENTERED,505.0,490,13.0,1.0,15.0,4.0,2.0,1.0,,,
370a8ff4,SIGN96_CENTERED,,498,22.0,1.0,28.0,1.0,1.0,0.0,,,
370a8ff4,ITQ96_CENTERED,101.0,498,13.0,2.0,15.0,1.0,1.0,0.0,,,
370a8ff4,ITQ96_CENTERED,202.0,498,6.0,1.0,14.0,3.0,1.0,1.0,,,
370a8ff4,ITQ96_CENTERED,303.0,498,13.0,1.0,15.0,2.0,2.0,0.0,,,
370a8ff4,ITQ96_CENTERED,404.0,498,16.0,1.0,18.0,2.0,1.0,1.0,,,
370a8ff4,ITQ96_CENTERED,505.0,498,15.0,2.0,17.0,1.0,1.0,0.0,,,
37d43f65,SIGN96_CENTERED,,533,9.0,1.0,17.0,1.0,1.0,0.0,,,
37d43f65,ITQ96_CENTERED,101.0,533,4.0,1.0,8.0,1.0,1.0,0.0,,,
37d43f65,ITQ96_CENTERED,202.0,533,6.0,1.0,9.0,3.0,2.0,1.0,,,
37d43f65,ITQ96_CENTERED,303.0,533,6.0,1.0,11.0,1.0,1.0,0.0,,,
37d43f65,ITQ96_CENTERED,404.0,533,6.0,2.0,8.0,1.0,1.0,0.0,,,
37d43f65,ITQ96_CENTERED,505.0,533,5.0,1.0,8.0,1.0,1.0,0.0,,,
37f165cf,SIGN96_CENTERED,,567,22.0,2.0,24.0,1.0,1.0,0.0,,,
37f165cf,ITQ96_CENTERED,101.0,567,5.0,1.0,6.0,2.0,2.0,0.0,,,
37f165cf,ITQ96_CENTERED,202.0,567,10.0,1.0,11.0,3.0,2.0,1.0,,,
37f165cf,ITQ96_CENTERED,303.0,567,7.0,1.0,8.0,2.0,2.0,0.0,,,
37f165cf,ITQ96_CENTERED,404.0,567,4.0,1.0,6.0,1.0,1.0,0.0,,,
37f165cf,ITQ96_CENTERED,505.0,567,6.0,1.0,8.0,2.0,2.0,0.0,,,
38146c39,SIGN96_CENTERED,,538,32.0,1.0,34.0,5.0,2.0,1.0,,,
38146c39,ITQ96_CENTERED,101.0,538,27.0,1.0,29.0,1.0,1.0,0.0,,,
38146c39,ITQ96_CENTERED,202.0,538,29.0,1.0,31.0,2.0,2.0,0.0,,,
38146c39,ITQ96_CENTERED,303.0,538,27.0,1.0,30.0,2.0,1.0,1.0,,,
38146c39,ITQ96_CENTERED,404.0,538,27.0,1.0,28.0,2.0,2.0,0.0,,,
38146c39,ITQ96_CENTERED,505.0,538,26.0,1.0,29.0,3.0,2.0,1.0,,,
3a704032,SIGN96_CENTERED,,479,28.0,1.0,29.0,2.0,2.0,0.0,,,
3a704032,ITQ96_CENTERED,101.0,479,23.0,3.0,23.0,3.0,3.0,0.0,,,
3a704032,ITQ96_CENTERED,202.0,479,22.0,3.0,22.0,3.0,3.0,0.0,,,
3a704032,ITQ96_CENTERED,303.0,479,17.0,1.0,20.0,1.0,1.0,0.0,,,
3a704032,ITQ96_CENTERED,404.0,479,23.0,1.0,25.0,4.0,1.0,1.0,,,
3a704032,ITQ96_CENTERED,505.0,479,23.0,1.0,25.0,1.0,1.0,0.0,,,
3b6f954b,SIGN96_CENTERED,,470,14.0,1.0,32.0,1.0,1.0,0.0,,,
3b6f954b,ITQ96_CENTERED,101.0,470,20.0,1.0,23.0,1.0,1.0,0.0,,,
3b6f954b,ITQ96_CENTERED,202.0,470,18.0,1.0,29.0,2.0,1.0,1.0,,,
3b6f954b,ITQ96_CENTERED,303.0,470,15.0,1.0,25.0,1.0,1.0,0.0,,,
3b6f954b,ITQ96_CENTERED,404.0,470,19.0,2.0,23.0,1.0,1.0,0.0,,,
3b6f954b,ITQ96_CENTERED,505.0,470,19.0,1.0,31.0,5.0,1.0,1.0,,,
3ba21379,SIGN96_CENTERED,,431,28.0,1.0,34.0,4.0,1.0,1.0,,,
3ba21379,ITQ96_CENTERED,101.0,431,20.0,1.0,22.0,4.0,2.0,1.0,,,
3ba21379,ITQ96_CENTERED,202.0,431,16.0,1.0,19.0,1.0,1.0,0.0,,,
3ba21379,ITQ96_CENTERED,303.0,431,17.0,2.0,20.0,1.0,1.0,0.0,,,
3ba21379,ITQ96_CENTERED,404.0,431,20.0,1.0,21.0,2.0,2.0,0.0,,,
3ba21379,ITQ96_CENTERED,505.0,431,19.0,1.0,22.0,2.0,1.0,1.0,,,
3c1045c8,SIGN96_CENTERED,,542,19.0,1.0,31.0,2.0,1.0,1.0,,,
3c1045c8,ITQ96_CENTERED,101.0,542,20.0,2.0,22.0,1.0,1.0,0.0,,,
3c1045c8,ITQ96_CENTERED,202.0,542,17.0,1.0,19.0,3.0,2.0,1.0,,,
3c1045c8,ITQ96_CENTERED,303.0,542,20.0,2.0,24.0,3.0,1.0,1.0,,,
3c1045c8,ITQ96_CENTERED,404.0,542,16.0,1.0,22.0,2.0,1.0,1.0,,,
3c1045c8,ITQ96_CENTERED,505.0,542,20.0,1.0,23.0,1.0,1.0,0.0,,,
3d86fd0a,SIGN96_CENTERED,,526,23.0,1.0,31.0,1.0,1.0,0.0,,,
3d86fd0a,ITQ96_CENTERED,101.0,526,11.0,2.0,12.0,3.0,1.0,1.0,,,
3d86fd0a,ITQ96_CENTERED,202.0,526,5.0,1.0,11.0,4.0,2.0,1.0,,,
3d86fd0a,ITQ96_CENTERED,303.0,526,10.0,1.0,16.0,1.0,1.0,0.0,,,
3d86fd0a,ITQ96_CENTERED,404.0,526,8.0,1.0,11.0,2.0,1.0,1.0,,,
3d86fd0a,ITQ96_CENTERED,505.0,526,9.0,2.0,11.0,1.0,1.0,0.0,,,
3e321797,SIGN96_CENTERED,,490,18.0,1.0,30.0,1.0,1.0,0.0,,,
3e321797,ITQ96_CENTERED,101.0,490,4.0,1.0,6.0,1.0,1.0,0.0,,,
3e321797,ITQ96_CENTERED,202.0,490,10.0,3.0,10.0,3.0,3.0,0.0,,,
3e321797,ITQ96_CENTERED,303.0,490,9.0,1.0,10.0,4.0,2.0,1.0,,,
3e321797,ITQ96_CENTERED,404.0,490,11.0,1.0,13.0,1.0,1.0,0.0,,,
3e321797,ITQ96_CENTERED,505.0,490,8.0,2.0,9.0,2.0,1.0,1.0,,,
3f1e9474,SIGN96_CENTERED,,515,23.0,1.0,26.0,2.0,2.0,0.0,,,
3f1e9474,ITQ96_CENTERED,101.0,515,17.0,1.0,20.0,2.0,1.0,1.0,,,
3f1e9474,ITQ96_CENTERED,202.0,515,19.0,1.0,20.0,4.0,2.0,1.0,,,
3f1e9474,ITQ96_CENTERED,303.0,515,18.0,1.0,20.0,2.0,2.0,0.0,,,
3f1e9474,ITQ96_CENTERED,404.0,515,17.0,1.0,19.0,1.0,1.0,0.0,,,
3f1e9474,ITQ96_CENTERED,505.0,515,17.0,1.0,19.0,1.0,1.0,0.0,,,
3fdac837,SIGN96_CENTERED,,453,22.0,1.0,24.0,1.0,1.0,0.0,,,
3fdac837,ITQ96_CENTERED,101.0,453,11.0,1.0,12.0,2.0,2.0,0.0,,,
3fdac837,ITQ96_CENTERED,202.0,453,12.0,1.0,14.0,2.0,2.0,0.0,,,
3fdac837,ITQ96_CENTERED,303.0,453,13.0,1.0,15.0,2.0,1.0,1.0,,,
3fdac837,ITQ96_CENTERED,404.0,453,12.0,1.0,14.0,1.0,1.0,0.0,,,
3fdac837,ITQ96_CENTERED,505.0,453,14.0,1.0,16.0,3.0,2.0,1.0,,,
3fe836c9,SIGN96_CENTERED,,449,25.0,2.0,32.0,2.0,1.0,1.0,,,
3fe836c9,ITQ96_CENTERED,101.0,449,23.0,1.0,27.0,1.0,1.0,0.0,,,
3fe836c9,ITQ96_CENTERED,202.0,449,21.0,1.0,25.0,1.0,1.0,0.0,,,
3fe836c9,ITQ96_CENTERED,303.0,449,25.0,1.0,29.0,2.0,1.0,1.0,,,
3fe836c9,ITQ96_CENTERED,404.0,449,22.0,1.0,27.0,2.0,1.0,1.0,,,
3fe836c9,ITQ96_CENTERED,505.0,449,22.0,1.0,26.0,1.0,1.0,0.0,,,
4100d0a0,SIGN96_CENTERED,,523,15.0,1.0,22.0,3.0,2.0,1.0,,,
4100d0a0,ITQ96_CENTERED,101.0,523,7.0,1.0,10.0,2.0,2.0,0.0,,,
4100d0a0,ITQ96_CENTERED,202.0,523,7.0,1.0,11.0,4.0,1.0,1.0,,,
4100d0a0,ITQ96_CENTERED,303.0,523,9.0,2.0,10.0,1.0,1.0,0.0,,,
4100d0a0,ITQ96_CENTERED,404.0,523,5.0,1.0,8.0,3.0,2.0,1.0,,,
4100d0a0,ITQ96_CENTERED,505.0,523,9.0,1.0,11.0,6.0,1.0,1.0,,,
41275add,SIGN96_CENTERED,,531,16.0,1.0,26.0,1.0,1.0,0.0,,,
41275add,ITQ96_CENTERED,101.0,531,23.0,1.0,29.0,2.0,2.0,0.0,,,
41275add,ITQ96_CENTERED,202.0,531,23.0,1.0,29.0,3.0,1.0,1.0,,,
41275add,ITQ96_CENTERED,303.0,531,25.0,1.0,26.0,3.0,2.0,1.0,,,
41275add,ITQ96_CENTERED,404.0,531,20.0,1.0,26.0,4.0,1.0,1.0,,,
41275add,ITQ96_CENTERED,505.0,531,20.0,1.0,26.0,1.0,1.0,0.0,,,
41698283,SIGN96_CENTERED,,476,21.0,1.0,32.0,1.0,1.0,0.0,,,
41698283,ITQ96_CENTERED,101.0,476,18.0,1.0,20.0,1.0,1.0,0.0,,,
41698283,ITQ96_CENTERED,202.0,476,18.0,1.0,20.0,2.0,2.0,0.0,,,
41698283,ITQ96_CENTERED,303.0,476,20.0,1.0,24.0,1.0,1.0,0.0,,,
41698283,ITQ96_CENTERED,404.0,476,20.0,2.0,21.0,1.0,1.0,0.0,,,
41698283,ITQ96_CENTERED,505.0,476,19.0,1.0,20.0,3.0,2.0,1.0,,,
42ec0761,SIGN96_CENTERED,,521,20.0,1.0,22.0,1.0,1.0,0.0,,,
42ec0761,ITQ96_CENTERED,101.0,521,12.0,1.0,17.0,3.0,1.0,1.0,,,
42ec0761,ITQ96_CENTERED,202.0,521,14.0,1.0,18.0,1.0,1.0,0.0,,,
42ec0761,ITQ96_CENTERED,303.0,521,9.0,1.0,13.0,2.0,2.0,0.0,,,
42ec0761,ITQ96_CENTERED,404.0,521,12.0,1.0,14.0,2.0,2.0,0.0,,,
42ec0761,ITQ96_CENTERED,505.0,521,19.0,3.0,19.0,3.0,3.0,0.0,,,
4388e9dd,SIGN96_CENTERED,,477,21.0,1.0,28.0,2.0,1.0,1.0,,,
4388e9dd,ITQ96_CENTERED,101.0,477,7.0,2.0,8.0,2.0,1.0,1.0,,,
4388e9dd,ITQ96_CENTERED,202.0,477,9.0,2.0,10.0,2.0,1.0,1.0,,,
4388e9dd,ITQ96_CENTERED,303.0,477,13.0,1.0,14.0,2.0,2.0,0.0,,,
4388e9dd,ITQ96_CENTERED,404.0,477,8.0,4.0,8.0,4.0,3.0,1.0,,,
4388e9dd,ITQ96_CENTERED,505.0,477,12.0,1.0,13.0,2.0,2.0,0.0,,,
45dc21b6,SIGN96_CENTERED,,485,15.0,1.0,29.0,1.0,1.0,0.0,,,
45dc21b6,ITQ96_CENTERED,101.0,485,15.0,1.0,28.0,4.0,1.0,1.0,,,
45dc21b6,ITQ96_CENTERED,202.0,485,14.0,1.0,21.0,1.0,1.0,0.0,,,
45dc21b6,ITQ96_CENTERED,303.0,485,16.0,2.0,24.0,1.0,1.0,0.0,,,
45dc21b6,ITQ96_CENTERED,404.0,485,11.0,1.0,23.0,1.0,1.0,0.0,,,
45dc21b6,ITQ96_CENTERED,505.0,485,13.0,1.0,25.0,1.0,1.0,0.0,,,
46a3abf7,SIGN96_CENTERED,,503,33.0,2.0,34.0,3.0,1.0,1.0,,,
46a3abf7,ITQ96_CENTERED,101.0,503,17.0,1.0,19.0,1.0,1.0,0.0,,,
46a3abf7,ITQ96_CENTERED,202.0,503,20.0,4.0,20.0,4.0,3.0,1.0,,,
46a3abf7,ITQ96_CENTERED,303.0,503,20.0,1.0,22.0,2.0,1.0,1.0,,,
46a3abf7,ITQ96_CENTERED,404.0,503,19.0,1.0,22.0,2.0,1.0,1.0,,,
46a3abf7,ITQ96_CENTERED,505.0,503,20.0,3.0,20.0,3.0,3.0,0.0,,,
488d3006,SIGN96_CENTERED,,509,11.0,1.0,14.0,1.0,1.0,0.0,,,
488d3006,ITQ96_CENTERED,101.0,509,2.0,1.0,4.0,2.0,2.0,0.0,,,
488d3006,ITQ96_CENTERED,202.0,509,2.0,1.0,6.0,1.0,1.0,0.0,,,
488d3006,ITQ96_CENTERED,303.0,509,3.0,2.0,6.0,3.0,1.0,1.0,,,
488d3006,ITQ96_CENTERED,404.0,509,0.0,2.0,1.0,1.0,1.0,0.0,,,
488d3006,ITQ96_CENTERED,505.0,509,0.0,1.0,5.0,2.0,1.0,1.0,,,
4adc0475,SIGN96_CENTERED,,490,17.0,1.0,24.0,2.0,2.0,0.0,,,
4adc0475,ITQ96_CENTERED,101.0,490,14.0,1.0,19.0,2.0,1.0,1.0,,,
4adc0475,ITQ96_CENTERED,202.0,490,11.0,1.0,16.0,1.0,1.0,0.0,,,
4adc0475,ITQ96_CENTERED,303.0,490,13.0,1.0,17.0,1.0,1.0,0.0,,,
4adc0475,ITQ96_CENTERED,404.0,490,9.0,1.0,15.0,1.0,1.0,0.0,,,
4adc0475,ITQ96_CENTERED,505.0,490,17.0,1.0,18.0,3.0,2.0,1.0,,,
4b24c848,SIGN96_CENTERED,,514,17.0,1.0,24.0,2.0,1.0,1.0,,,
4b24c848,ITQ96_CENTERED,101.0,514,12.0,1.0,17.0,1.0,1.0,0.0,,,
4b24c848,ITQ96_CENTERED,202.0,514,15.0,1.0,19.0,1.0,1.0,0.0,,,
4b24c848,ITQ96_CENTERED,303.0,514,13.0,1.0,17.0,1.0,1.0,0.0,,,
4b24c848,ITQ96_CENTERED,404.0,514,14.0,1.0,18.0,1.0,1.0,0.0,,,
4b24c848,ITQ96_CENTERED,505.0,514,18.0,1.0,20.0,1.0,1.0,0.0,,,
4baee567,SIGN96_CENTERED,,514,12.0,2.0,14.0,1.0,1.0,0.0,,,
4baee567,ITQ96_CENTERED,101.0,514,4.0,2.0,5.0,1.0,1.0,0.0,,,
4baee567,ITQ96_CENTERED,202.0,514,3.0,2.0,6.0,1.0,1.0,0.0,,,
4baee567,ITQ96_CENTERED,303.0,514,2.0,2.0,3.0,1.0,1.0,0.0,,,
4baee567,ITQ96_CENTERED,404.0,514,3.0,2.0,4.0,1.0,1.0,0.0,,,
4baee567,ITQ96_CENTERED,505.0,514,3.0,2.0,5.0,1.0,1.0,0.0,,,
4bc144e2,SIGN96_CENTERED,,530,25.0,3.0,25.0,3.0,3.0,0.0,,,
4bc144e2,ITQ96_CENTERED,101.0,530,11.0,3.0,11.0,3.0,3.0,0.0,,,
4bc144e2,ITQ96_CENTERED,202.0,530,6.0,1.0,7.0,2.0,2.0,0.0,,,
4bc144e2,ITQ96_CENTERED,303.0,530,5.0,1.0,8.0,2.0,2.0,0.0,,,
4bc144e2,ITQ96_CENTERED,404.0,530,8.0,1.0,9.0,2.0,2.0,0.0,,,
4bc144e2,ITQ96_CENTERED,505.0,530,7.0,1.0,8.0,2.0,2.0,0.0,,,
4c36ccef,SIGN96_CENTERED,,521,17.0,1.0,26.0,1.0,1.0,0.0,,,
4c36ccef,ITQ96_CENTERED,101.0,521,5.0,1.0,9.0,2.0,2.0,0.0,,,
4c36ccef,ITQ96_CENTERED,202.0,521,12.0,1.0,16.0,1.0,1.0,0.0,,,
4c36ccef,ITQ96_CENTERED,303.0,521,9.0,2.0,10.0,1.0,1.0,0.0,,,
4c36ccef,ITQ96_CENTERED,404.0,521,9.0,1.0,10.0,2.0,2.0,0.0,,,
4c36ccef,ITQ96_CENTERED,505.0,521,7.0,1.0,10.0,1.0,1.0,0.0,,,
4d6b87c8,SIGN96_CENTERED,,516,16.0,1.0,24.0,1.0,1.0,0.0,,,
4d6b87c8,ITQ96_CENTERED,101.0,516,12.0,1.0,14.0,1.0,1.0,0.0,,,
4d6b87c8,ITQ96_CENTERED,202.0,516,9.0,1.0,16.0,1.0,1.0,0.0,,,
4d6b87c8,ITQ96_CENTERED,303.0,516,10.0,1.0,13.0,1.0,1.0,0.0,,,
4d6b87c8,ITQ96_CENTERED,404.0,516,7.0,1.0,15.0,1.0,1.0,0.0,,,
4d6b87c8,ITQ96_CENTERED,505.0,516,11.0,1.0,15.0,2.0,1.0,1.0,,,
4dfccbf7,SIGN96_CENTERED,,521,28.0,1.0,31.0,2.0,1.0,1.0,,,
4dfccbf7,ITQ96_CENTERED,101.0,521,10.0,1.0,15.0,2.0,2.0,0.0,,,
4dfccbf7,ITQ96_CENTERED,202.0,521,10.0,1.0,11.0,2.0,2.0,0.0,,,
4dfccbf7,ITQ96_CENTERED,303.0,521,13.0,1.0,14.0,2.0,2.0,0.0,,,
4dfccbf7,ITQ96_CENTERED,404.0,521,11.0,1.0,16.0,2.0,1.0,1.0,,,
4dfccbf7,ITQ96_CENTERED,505.0,521,14.0,1.0,15.0,3.0,2.0,1.0,,,
4dfccbf8,SIGN96_CENTERED,,455,32.0,2.0,33.0,1.0,1.0,0.0,,,
4dfccbf8,ITQ96_CENTERED,101.0,455,22.0,2.0,23.0,2.0,1.0,1.0,,,
4dfccbf8,ITQ96_CENTERED,202.0,455,25.0,3.0,25.0,3.0,3.0,0.0,,,
4dfccbf8,ITQ96_CENTERED,303.0,455,22.0,3.0,22.0,3.0,3.0,0.0,,,
4dfccbf8,ITQ96_CENTERED,404.0,455,29.0,2.0,30.0,6.0,1.0,1.0,,,
4dfccbf8,ITQ96_CENTERED,505.0,455,26.0,1.0,27.0,3.0,2.0,1.0,,,
4f54b7c9,SIGN96_CENTERED,,491,27.0,1.0,29.0,2.0,2.0,0.0,,,
4f54b7c9,ITQ96_CENTERED,101.0,491,9.0,1.0,14.0,4.0,1.0,1.0,,,
4f54b7c9,ITQ96_CENTERED,202.0,491,7.0,1.0,12.0,1.0,1.0,0.0,,,
4f54b7c9,ITQ96_CENTERED,303.0,491,11.0,1.0,14.0,1.0,1.0,0.0,,,
4f54b7c9,ITQ96_CENTERED,404.0,491,7.0,1.0,10.0,2.0,2.0,0.0,,,
4f54b7c9,ITQ96_CENTERED,505.0,491,9.0,1.0,11.0,1.0,1.0,0.0,,,
4fd1909e,SIGN96_CENTERED,,554,10.0,1.0,24.0,1.0,1.0,0.0,,,
4fd1909e,ITQ96_CENTERED,101.0,554,7.0,1.0,10.0,1.0,1.0,0.0,,,
4fd1909e,ITQ96_CENTERED,202.0,554,5.0,2.0,8.0,1.0,1.0,0.0,,,
4fd1909e,ITQ96_CENTERED,303.0,554,8.0,1.0,12.0,2.0,1.0,1.0,,,
4fd1909e,ITQ96_CENTERED,404.0,554,5.0,2.0,11.0,2.0,1.0,1.0,,,
4fd1909e,ITQ96_CENTERED,505.0,554,9.0,2.0,11.0,1.0,1.0,0.0,,,
5025383b,SIGN96_CENTERED,,446,23.0,1.0,26.0,1.0,1.0,0.0,,,
5025383b,ITQ96_CENTERED,101.0,446,5.0,2.0,7.0,1.0,1.0,0.0,,,
5025383b,ITQ96_CENTERED,202.0,446,11.0,2.0,13.0,1.0,1.0,0.0,,,
5025383b,ITQ96_CENTERED,303.0,446,11.0,2.0,12.0,2.0,1.0,1.0,,,
5025383b,ITQ96_CENTERED,404.0,446,9.0,1.0,14.0,2.0,1.0,1.0,,,
5025383b,ITQ96_CENTERED,505.0,446,8.0,2.0,12.0,1.0,1.0,0.0,,,
505af2f5,SIGN96_CENTERED,,501,19.0,1.0,25.0,1.0,1.0,0.0,,,
505af2f5,ITQ96_CENTERED,101.0,501,14.0,1.0,21.0,2.0,1.0,1.0,,,
505af2f5,ITQ96_CENTERED,202.0,501,14.0,1.0,18.0,1.0,1.0,0.0,,,
505af2f5,ITQ96_CENTERED,303.0,501,11.0,1.0,15.0,2.0,2.0,0.0,,,
505af2f5,ITQ96_CENTERED,404.0,501,12.0,1.0,16.0,1.0,1.0,0.0,,,
505af2f5,ITQ96_CENTERED,505.0,501,14.0,1.0,20.0,2.0,1.0,1.0,,,
50635ada,SIGN96_CENTERED,,531,16.0,1.0,27.0,1.0,1.0,0.0,,,
50635ada,ITQ96_CENTERED,101.0,531,6.0,1.0,9.0,3.0,2.0,1.0,,,
50635ada,ITQ96_CENTERED,202.0,531,6.0,1.0,10.0,3.0,2.0,1.0,,,
50635ada,ITQ96_CENTERED,303.0,531,4.0,2.0,5.0,1.0,1.0,0.0,,,
50635ada,ITQ96_CENTERED,404.0,531,5.0,2.0,9.0,3.0,1.0,1.0,,,
50635ada,ITQ96_CENTERED,505.0,531,4.0,1.0,8.0,3.0,1.0,1.0,,,
51a45a95,SIGN96_CENTERED,,529,18.0,1.0,27.0,1.0,1.0,0.0,,,
51a45a95,ITQ96_CENTERED,101.0,529,11.0,1.0,16.0,1.0,1.0,0.0,,,
51a45a95,ITQ96_CENTERED,202.0,529,11.0,1.0,13.0,2.0,2.0,0.0,,,
51a45a95,ITQ96_CENTERED,303.0,529,12.0,2.0,14.0,1.0,1.0,0.0,,,
51a45a95,ITQ96_CENTERED,404.0,529,9.0,1.0,17.0,1.0,1.0,0.0,,,
51a45a95,ITQ96_CENTERED,505.0,529,11.0,1.0,16.0,1.0,1.0,0.0,,,
51b23612,SIGN96_CENTERED,,481,20.0,2.0,28.0,1.0,1.0,0.0,,,
51b23612,ITQ96_CENTERED,101.0,481,3.0,3.0,3.0,3.0,3.0,0.0,,,
51b23612,ITQ96_CENTERED,202.0,481,3.0,2.0,5.0,4.0,1.0,1.0,,,
51b23612,ITQ96_CENTERED,303.0,481,3.0,1.0,5.0,4.0,1.0,1.0,,,
51b23612,ITQ96_CENTERED,404.0,481,3.0,1.0,4.0,3.0,2.0,1.0,,,
51b23612,ITQ96_CENTERED,505.0,481,2.0,1.0,3.0,2.0,2.0,0.0,,,
51c32626,SIGN96_CENTERED,,490,19.0,1.0,28.0,1.0,1.0,0.0,,,
51c32626,ITQ96_CENTERED,101.0,490,11.0,2.0,13.0,2.0,1.0,1.0,,,
51c32626,ITQ96_CENTERED,202.0,490,8.0,1.0,10.0,1.0,1.0,0.0,,,
51c32626,ITQ96_CENTERED,303.0,490,9.0,1.0,10.0,2.0,2.0,0.0,,,
51c32626,ITQ96_CENTERED,404.0,490,5.0,1.0,12.0,1.0,1.0,0.0,,,
51c32626,ITQ96_CENTERED,505.0,490,6.0,1.0,8.0,2.0,2.0,0.0,,,
54026fce,SIGN96_CENTERED,,472,35.0,3.0,35.0,3.0,3.0,0.0,,,
54026fce,ITQ96_CENTERED,101.0,472,32.0,2.0,33.0,2.0,1.0,1.0,,,
54026fce,ITQ96_CENTERED,202.0,472,27.0,1.0,31.0,4.0,1.0,1.0,,,
54026fce,ITQ96_CENTERED,303.0,472,27.0,1.0,31.0,2.0,2.0,0.0,,,
54026fce,ITQ96_CENTERED,404.0,472,30.0,6.0,30.0,6.0,3.0,1.0,,,
54026fce,ITQ96_CENTERED,505.0,472,30.0,2.0,31.0,2.0,1.0,1.0,,,
545bd2b5,SIGN96_CENTERED,,461,17.0,1.0,27.0,1.0,1.0,0.0,,,
545bd2b5,ITQ96_CENTERED,101.0,461,13.0,1.0,15.0,2.0,2.0,0.0,,,
545bd2b5,ITQ96_CENTERED,202.0,461,10.0,1.0,14.0,1.0,1.0,0.0,,,
545bd2b5,ITQ96_CENTERED,303.0,461,14.0,1.0,18.0,1.0,1.0,0.0,,,
545bd2b5,ITQ96_CENTERED,404.0,461,14.0,1.0,16.0,2.0,2.0,0.0,,,
545bd2b5,ITQ96_CENTERED,505.0,461,14.0,1.0,18.0,2.0,1.0,1.0,,,
55241a1f,SIGN96_CENTERED,,514,16.0,1.0,20.0,1.0,1.0,0.0,,,
55241a1f,ITQ96_CENTERED,101.0,514,7.0,2.0,8.0,2.0,1.0,1.0,,,
55241a1f,ITQ96_CENTERED,202.0,514,6.0,1.0,9.0,1.0,1.0,0.0,,,
55241a1f,ITQ96_CENTERED,303.0,514,5.0,1.0,7.0,1.0,1.0,0.0,,,
55241a1f,ITQ96_CENTERED,404.0,514,4.0,1.0,9.0,2.0,1.0,1.0,,,
55241a1f,ITQ96_CENTERED,505.0,514,6.0,1.0,8.0,1.0,1.0,0.0,,,
561fabcd,SIGN96_CENTERED,,495,21.0,1.0,26.0,1.0,1.0,0.0,,,
561fabcd,ITQ96_CENTERED,101.0,495,10.0,2.0,11.0,4.0,1.0,1.0,,,
561fabcd,ITQ96_CENTERED,202.0,495,13.0,3.0,13.0,3.0,3.0,0.0,,,
561fabcd,ITQ96_CENTERED,303.0,495,13.0,2.0,14.0,3.0,1.0,1.0,,,
561fabcd,ITQ96_CENTERED,404.0,495,12.0,1.0,14.0,4.0,1.0,1.0,,,
561fabcd,ITQ96_CENTERED,505.0,495,13.0,1.0,14.0,4.0,2.0,1.0,,,
577d4d32,SIGN96_CENTERED,,487,30.0,1.0,34.0,2.0,2.0,0.0,,,
577d4d32,ITQ96_CENTERED,101.0,487,23.0,1.0,28.0,2.0,1.0,1.0,,,
577d4d32,ITQ96_CENTERED,202.0,487,29.0,1.0,30.0,2.0,2.0,0.0,,,
577d4d32,ITQ96_CENTERED,303.0,487,21.0,1.0,27.0,1.0,1.0,0.0,,,
577d4d32,ITQ96_CENTERED,404.0,487,25.0,1.0,28.0,1.0,1.0,0.0,,,
577d4d32,ITQ96_CENTERED,505.0,487,26.0,3.0,26.0,3.0,3.0,0.0,,,
57f827a0,SIGN96_CENTERED,,495,32.0,1.0,34.0,2.0,1.0,1.0,,,
57f827a0,ITQ96_CENTERED,101.0,495,20.0,1.0,23.0,1.0,1.0,0.0,,,
57f827a0,ITQ96_CENTERED,202.0,495,21.0,1.0,23.0,1.0,1.0,0.0,,,
57f827a0,ITQ96_CENTERED,303.0,495,24.0,1.0,25.0,2.0,2.0,0.0,,,
57f827a0,ITQ96_CENTERED,404.0,495,24.0,1.0,27.0,1.0,1.0,0.0,,,
57f827a0,ITQ96_CENTERED,505.0,495,28.0,2.0,31.0,1.0,1.0,0.0,,,
5809eb10,SIGN96_CENTERED,,606,18.0,1.0,22.0,1.0,1.0,0.0,,,
5809eb10,ITQ96_CENTERED,101.0,606,0.0,5.0,0.0,5.0,3.0,1.0,,,
5809eb10,ITQ96_CENTERED,202.0,606,0.0,6.0,0.0,6.0,3.0,1.0,,,
5809eb10,ITQ96_CENTERED,303.0,606,0.0,3.0,0.0,3.0,3.0,0.0,,,
5809eb10,ITQ96_CENTERED,404.0,606,0.0,6.0,0.0,6.0,3.0,1.0,,,
5809eb10,ITQ96_CENTERED,505.0,606,0.0,1.0,1.0,3.0,2.0,1.0,,,
5831f84d,SIGN96_CENTERED,,422,13.0,1.0,20.0,1.0,1.0,0.0,,,
5831f84d,ITQ96_CENTERED,101.0,422,5.0,1.0,13.0,1.0,1.0,0.0,,,
5831f84d,ITQ96_CENTERED,202.0,422,5.0,1.0,10.0,1.0,1.0,0.0,,,
5831f84d,ITQ96_CENTERED,303.0,422,9.0,1.0,11.0,1.0,1.0,0.0,,,
5831f84d,ITQ96_CENTERED,404.0,422,7.0,1.0,13.0,2.0,1.0,1.0,,,
5831f84d,ITQ96_CENTERED,505.0,422,6.0,1.0,15.0,1.0,1.0,0.0,,,
58470ed2,SIGN96_CENTERED,,471,18.0,1.0,37.0,1.0,1.0,0.0,,,
58470ed2,ITQ96_CENTERED,101.0,471,24.0,2.0,30.0,1.0,1.0,0.0,,,
58470ed2,ITQ96_CENTERED,202.0,471,23.0,2.0,29.0,1.0,1.0,0.0,,,
58470ed2,ITQ96_CENTERED,303.0,471,21.0,2.0,28.0,3.0,1.0,1.0,,,
58470ed2,ITQ96_CENTERED,404.0,471,22.0,2.0,29.0,2.0,1.0,1.0,,,
58470ed2,ITQ96_CENTERED,505.0,471,22.0,2.0,27.0,3.0,1.0,1.0,,,
58bf7951,SIGN96_CENTERED,,616,28.0,1.0,31.0,3.0,1.0,1.0,,,
58bf7951,ITQ96_CENTERED,101.0,616,14.0,1.0,16.0,2.0,2.0,0.0,,,
58bf7951,ITQ96_CENTERED,202.0,616,14.0,1.0,15.0,2.0,2.0,0.0,,,
58bf7951,ITQ96_CENTERED,303.0,616,14.0,1.0,19.0,4.0,1.0,1.0,,,
58bf7951,ITQ96_CENTERED,404.0,616,11.0,1.0,14.0,4.0,2.0,1.0,,,
58bf7951,ITQ96_CENTERED,505.0,616,14.0,1.0,15.0,2.0,2.0,0.0,,,
58ef2f1c,SIGN96_CENTERED,,518,26.0,1.0,32.0,3.0,1.0,1.0,,,
58ef2f1c,ITQ96_CENTERED,101.0,518,11.0,3.0,11.0,3.0,3.0,0.0,,,
58ef2f1c,ITQ96_CENTERED,202.0,518,14.0,2.0,16.0,1.0,1.0,0.0,,,
58ef2f1c,ITQ96_CENTERED,303.0,518,12.0,2.0,13.0,2.0,1.0,1.0,,,
58ef2f1c,ITQ96_CENTERED,404.0,518,13.0,1.0,14.0,3.0,2.0,1.0,,,
58ef2f1c,ITQ96_CENTERED,505.0,518,9.0,1.0,14.0,2.0,1.0,1.0,,,
59524333,SIGN96_CENTERED,,528,16.0,1.0,22.0,1.0,1.0,0.0,,,
59524333,ITQ96_CENTERED,101.0,528,10.0,1.0,12.0,1.0,1.0,0.0,,,
59524333,ITQ96_CENTERED,202.0,528,5.0,2.0,7.0,1.0,1.0,0.0,,,
59524333,ITQ96_CENTERED,303.0,528,6.0,1.0,8.0,2.0,2.0,0.0,,,
59524333,ITQ96_CENTERED,404.0,528,11.0,2.0,16.0,2.0,1.0,1.0,,,
59524333,ITQ96_CENTERED,505.0,528,5.0,1.0,6.0,2.0,2.0,0.0,,,
5a4f22c0,SIGN96_CENTERED,,487,19.0,1.0,30.0,1.0,1.0,0.0,,,
5a4f22c0,ITQ96_CENTERED,101.0,487,15.0,2.0,16.0,2.0,1.0,1.0,,,
5a4f22c0,ITQ96_CENTERED,202.0,487,14.0,3.0,14.0,3.0,3.0,0.0,,,
5a4f22c0,ITQ96_CENTERED,303.0,487,13.0,1.0,15.0,2.0,2.0,0.0,,,
5a4f22c0,ITQ96_CENTERED,404.0,487,14.0,1.0,17.0,1.0,1.0,0.0,,,
5a4f22c0,ITQ96_CENTERED,505.0,487,11.0,1.0,14.0,2.0,2.0,0.0,,,
5a7937c8,SIGN96_CENTERED,,419,31.0,1.0,32.0,2.0,2.0,0.0,,,
5a7937c8,ITQ96_CENTERED,101.0,419,19.0,1.0,20.0,3.0,2.0,1.0,,,
5a7937c8,ITQ96_CENTERED,202.0,419,23.0,1.0,27.0,3.0,2.0,1.0,,,
5a7937c8,ITQ96_CENTERED,303.0,419,24.0,2.0,25.0,3.0,1.0,1.0,,,
5a7937c8,ITQ96_CENTERED,404.0,419,23.0,4.0,23.0,4.0,3.0,1.0,,,
5a7937c8,ITQ96_CENTERED,505.0,419,23.0,1.0,26.0,2.0,1.0,1.0,,,
5c40ec5b,SIGN96_CENTERED,,479,16.0,1.0,25.0,1.0,1.0,0.0,,,
5c40ec5b,ITQ96_CENTERED,101.0,479,11.0,1.0,12.0,3.0,2.0,1.0,,,
5c40ec5b,ITQ96_CENTERED,202.0,479,7.0,1.0,13.0,2.0,2.0,0.0,,,
5c40ec5b,ITQ96_CENTERED,303.0,479,8.0,1.0,11.0,2.0,1.0,1.0,,,
5c40ec5b,ITQ96_CENTERED,404.0,479,9.0,1.0,12.0,1.0,1.0,0.0,,,
5c40ec5b,ITQ96_CENTERED,505.0,479,11.0,1.0,13.0,2.0,1.0,1.0,,,
5d3d2817,SIGN96_CENTERED,,510,26.0,1.0,30.0,2.0,2.0,0.0,,,
5d3d2817,ITQ96_CENTERED,101.0,510,26.0,4.0,26.0,4.0,3.0,1.0,,,
5d3d2817,ITQ96_CENTERED,202.0,510,26.0,3.0,26.0,3.0,3.0,0.0,,,
5d3d2817,ITQ96_CENTERED,303.0,510,26.0,4.0,26.0,4.0,3.0,1.0,,,
5d3d2817,ITQ96_CENTERED,404.0,510,26.0,4.0,26.0,4.0,3.0,1.0,,,
5d3d2817,ITQ96_CENTERED,505.0,510,24.0,5.0,24.0,5.0,3.0,1.0,,,
5e1b23de,SIGN96_CENTERED,,445,24.0,1.0,32.0,1.0,1.0,0.0,,,
5e1b23de,ITQ96_CENTERED,101.0,445,22.0,4.0,22.0,4.0,3.0,1.0,,,
5e1b23de,ITQ96_CENTERED,202.0,445,20.0,1.0,24.0,3.0,1.0,1.0,,,
5e1b23de,ITQ96_CENTERED,303.0,445,18.0,1.0,22.0,3.0,1.0,1.0,,,
5e1b23de,ITQ96_CENTERED,404.0,445,25.0,2.0,26.0,1.0,1.0,0.0,,,
5e1b23de,ITQ96_CENTERED,505.0,445,17.0,1.0,20.0,2.0,2.0,0.0,,,
60036106,SIGN96_CENTERED,,483,21.0,1.0,25.0,1.0,1.0,0.0,,,
60036106,ITQ96_CENTERED,101.0,483,10.0,1.0,11.0,3.0,2.0,1.0,,,
60036106,ITQ96_CENTERED,202.0,483,9.0,1.0,12.0,2.0,1.0,1.0,,,
60036106,ITQ96_CENTERED,303.0,483,6.0,3.0,6.0,3.0,3.0,0.0,,,
60036106,ITQ96_CENTERED,404.0,483,4.0,1.0,7.0,2.0,2.0,0.0,,,
60036106,ITQ96_CENTERED,505.0,483,5.0,1.0,7.0,2.0,2.0,0.0,,,
60159905,SIGN96_CENTERED,,448,25.0,1.0,28.0,1.0,1.0,0.0,,,
60159905,ITQ96_CENTERED,101.0,448,7.0,1.0,13.0,1.0,1.0,0.0,,,
60159905,ITQ96_CENTERED,202.0,448,12.0,1.0,15.0,1.0,1.0,0.0,,,
60159905,ITQ96_CENTERED,303.0,448,10.0,1.0,15.0,1.0,1.0,0.0,,,
60159905,ITQ96_CENTERED,404.0,448,9.0,1.0,11.0,2.0,2.0,0.0,,,
60159905,ITQ96_CENTERED,505.0,448,12.0,1.0,16.0,1.0,1.0,0.0,,,
603deb26,SIGN96_CENTERED,,472,16.0,2.0,17.0,1.0,1.0,0.0,,,
603deb26,ITQ96_CENTERED,101.0,472,3.0,1.0,6.0,1.0,1.0,0.0,,,
603deb26,ITQ96_CENTERED,202.0,472,2.0,1.0,3.0,2.0,2.0,0.0,,,
603deb26,ITQ96_CENTERED,303.0,472,3.0,1.0,5.0,2.0,2.0,0.0,,,
603deb26,ITQ96_CENTERED,404.0,472,3.0,1.0,9.0,1.0,1.0,0.0,,,
603deb26,ITQ96_CENTERED,505.0,472,3.0,2.0,4.0,1.0,1.0,0.0,,,
60472f9c,SIGN96_CENTERED,,454,19.0,2.0,24.0,1.0,1.0,0.0,,,
60472f9c,ITQ96_CENTERED,101.0,454,17.0,2.0,18.0,2.0,1.0,1.0,,,
60472f9c,ITQ96_CENTERED,202.0,454,12.0,1.0,14.0,2.0,2.0,0.0,,,
60472f9c,ITQ96_CENTERED,303.0,454,13.0,1.0,15.0,2.0,2.0,0.0,,,
60472f9c,ITQ96_CENTERED,404.0,454,13.0,1.0,16.0,2.0,2.0,0.0,,,
60472f9c,ITQ96_CENTERED,505.0,454,13.0,2.0,14.0,3.0,1.0,1.0,,,
6071bd76,SIGN96_CENTERED,,482,20.0,1.0,26.0,1.0,1.0,0.0,,,
6071bd76,ITQ96_CENTERED,101.0,482,7.0,1.0,9.0,1.0,1.0,0.0,,,
6071bd76,ITQ96_CENTERED,202.0,482,12.0,3.0,12.0,3.0,3.0,0.0,,,
6071bd76,ITQ96_CENTERED,303.0,482,6.0,1.0,10.0,1.0,1.0,0.0,,,
6071bd76,ITQ96_CENTERED,404.0,482,6.0,1.0,13.0,1.0,1.0,0.0,,,
6071bd76,ITQ96_CENTERED,505.0,482,8.0,1.0,9.0,2.0,2.0,0.0,,,
60bf93ed,SIGN96_CENTERED,,494,18.0,1.0,27.0,1.0,1.0,0.0,,,
60bf93ed,ITQ96_CENTERED,101.0,494,13.0,1.0,17.0,1.0,1.0,0.0,,,
60bf93ed,ITQ96_CENTERED,202.0,494,12.0,2.0,13.0,3.0,1.0,1.0,,,
60bf93ed,ITQ96_CENTERED,303.0,494,15.0,1.0,16.0,2.0,2.0,0.0,,,
60bf93ed,ITQ96_CENTERED,404.0,494,13.0,2.0,17.0,1.0,1.0,0.0,,,
60bf93ed,ITQ96_CENTERED,505.0,494,10.0,1.0,15.0,1.0,1.0,0.0,,,
60d45044,SIGN96_CENTERED,,541,32.0,1.0,34.0,4.0,1.0,1.0,,,
60d45044,ITQ96_CENTERED,101.0,541,21.0,1.0,24.0,3.0,2.0,1.0,,,
60d45044,ITQ96_CENTERED,202.0,541,21.0,1.0,23.0,2.0,2.0,0.0,,,
60d45044,ITQ96_CENTERED,303.0,541,22.0,1.0,24.0,5.0,2.0,1.0,,,
60d45044,ITQ96_CENTERED,404.0,541,23.0,1.0,24.0,2.0,2.0,0.0,,,
60d45044,ITQ96_CENTERED,505.0,541,19.0,1.0,23.0,1.0,1.0,0.0,,,
618f13b2,SIGN96_CENTERED,,506,5.0,1.0,21.0,1.0,1.0,0.0,,,
618f13b2,ITQ96_CENTERED,101.0,506,1.0,2.0,6.0,1.0,1.0,0.0,,,
618f13b2,ITQ96_CENTERED,202.0,506,5.0,1.0,7.0,1.0,1.0,0.0,,,
618f13b2,ITQ96_CENTERED,303.0,506,3.0,2.0,11.0,1.0,1.0,0.0,,,
618f13b2,ITQ96_CENTERED,404.0,506,1.0,1.0,8.0,1.0,1.0,0.0,,,
618f13b2,ITQ96_CENTERED,505.0,506,4.0,2.0,6.0,1.0,1.0,0.0,,,
61f8c8f8,SIGN96_CENTERED,,459,29.0,1.0,32.0,1.0,1.0,0.0,,,
61f8c8f8,ITQ96_CENTERED,101.0,459,15.0,1.0,21.0,1.0,1.0,0.0,,,
61f8c8f8,ITQ96_CENTERED,202.0,459,16.0,1.0,18.0,1.0,1.0,0.0,,,
61f8c8f8,ITQ96_CENTERED,303.0,459,15.0,1.0,21.0,2.0,1.0,1.0,,,
61f8c8f8,ITQ96_CENTERED,404.0,459,20.0,1.0,21.0,2.0,2.0,0.0,,,
61f8c8f8,ITQ96_CENTERED,505.0,459,16.0,1.0,19.0,3.0,1.0,1.0,,,
6222b6eb,SIGN96_CENTERED,,497,14.0,1.0,16.0,1.0,1.0,0.0,,,
6222b6eb,ITQ96_CENTERED,101.0,497,1.0,2.0,10.0,1.0,1.0,0.0,,,
6222b6eb,ITQ96_CENTERED,202.0,497,4.0,1.0,9.0,1.0,1.0,0.0,,,
6222b6eb,ITQ96_CENTERED,303.0,497,2.0,1.0,9.0,1.0,1.0,0.0,,,
6222b6eb,ITQ96_CENTERED,404.0,497,4.0,2.0,8.0,1.0,1.0,0.0,,,
6222b6eb,ITQ96_CENTERED,505.0,497,4.0,2.0,11.0,1.0,1.0,0.0,,,
6456829e,SIGN96_CENTERED,,488,22.0,1.0,28.0,2.0,2.0,0.0,,,
6456829e,ITQ96_CENTERED,101.0,488,16.0,1.0,19.0,2.0,2.0,0.0,,,
6456829e,ITQ96_CENTERED,202.0,488,19.0,2.0,21.0,1.0,1.0,0.0,,,
6456829e,ITQ96_CENTERED,303.0,488,17.0,1.0,18.0,2.0,2.0,0.0,,,
6456829e,ITQ96_CENTERED,404.0,488,20.0,1.0,21.0,2.0,2.0,0.0,,,
6456829e,ITQ96_CENTERED,505.0,488,16.0,1.0,18.0,2.0,1.0,1.0,,,
65240037,SIGN96_CENTERED,,489,9.0,1.0,14.0,2.0,2.0,0.0,,,
65240037,ITQ96_CENTERED,101.0,489,0.0,1.0,1.0,3.0,2.0,1.0,,,
65240037,ITQ96_CENTERED,202.0,489,0.0,4.0,0.0,4.0,3.0,1.0,,,
65240037,ITQ96_CENTERED,303.0,489,0.0,3.0,0.0,3.0,3.0,0.0,,,
65240037,ITQ96_CENTERED,404.0,489,0.0,1.0,1.0,3.0,2.0,1.0,,,
65240037,ITQ96_CENTERED,505.0,489,0.0,2.0,1.0,5.0,1.0,1.0,,,
6613b389,SIGN96_CENTERED,,452,22.0,1.0,28.0,2.0,1.0,1.0,,,
6613b389,ITQ96_CENTERED,101.0,452,15.0,1.0,16.0,3.0,2.0,1.0,,,
6613b389,ITQ96_CENTERED,202.0,452,15.0,2.0,17.0,1.0,1.0,0.0,,,
6613b389,ITQ96_CENTERED,303.0,452,12.0,1.0,16.0,2.0,2.0,0.0,,,
6613b389,ITQ96_CENTERED,404.0,452,17.0,1.0,18.0,5.0,2.0,1.0,,,
6613b389,ITQ96_CENTERED,505.0,452,10.0,1.0,15.0,2.0,1.0,1.0,,,
66f24dbb,SIGN96_CENTERED,,507,20.0,1.0,27.0,1.0,1.0,0.0,,,
66f24dbb,ITQ96_CENTERED,101.0,507,2.0,4.0,2.0,4.0,3.0,1.0,,,
66f24dbb,ITQ96_CENTERED,202.0,507,3.0,5.0,3.0,5.0,3.0,1.0,,,
66f24dbb,ITQ96_CENTERED,303.0,507,5.0,4.0,5.0,4.0,3.0,1.0,,,
66f24dbb,ITQ96_CENTERED,404.0,507,1.0,4.0,1.0,4.0,3.0,1.0,,,
66f24dbb,ITQ96_CENTERED,505.0,507,1.0,5.0,1.0,5.0,3.0,1.0,,,
67e0d0f2,SIGN96_CENTERED,,510,25.0,2.0,30.0,1.0,1.0,0.0,,,
67e0d0f2,ITQ96_CENTERED,101.0,510,23.0,1.0,26.0,2.0,2.0,0.0,,,
67e0d0f2,ITQ96_CENTERED,202.0,510,21.0,1.0,24.0,1.0,1.0,0.0,,,
67e0d0f2,ITQ96_CENTERED,303.0,510,20.0,2.0,21.0,1.0,1.0,0.0,,,
67e0d0f2,ITQ96_CENTERED,404.0,510,25.0,1.0,26.0,2.0,2.0,0.0,,,
67e0d0f2,ITQ96_CENTERED,505.0,510,20.0,1.0,26.0,1.0,1.0,0.0,,,
681a1674,SIGN96_CENTERED,,476,14.0,1.0,23.0,1.0,1.0,0.0,,,
681a1674,ITQ96_CENTERED,101.0,476,7.0,4.0,7.0,4.0,3.0,1.0,,,
681a1674,ITQ96_CENTERED,202.0,476,9.0,3.0,9.0,3.0,3.0,0.0,,,
681a1674,ITQ96_CENTERED,303.0,476,11.0,5.0,11.0,5.0,3.0,1.0,,,
681a1674,ITQ96_CENTERED,404.0,476,10.0,3.0,10.0,3.0,3.0,0.0,,,
681a1674,ITQ96_CENTERED,505.0,476,7.0,1.0,9.0,4.0,1.0,1.0,,,
69fee5aa,SIGN96_CENTERED,,483,14.0,1.0,22.0,3.0,1.0,1.0,,,
69fee5aa,ITQ96_CENTERED,101.0,483,10.0,1.0,16.0,1.0,1.0,0.0,,,
69fee5aa,ITQ96_CENTERED,202.0,483,8.0,1.0,12.0,1.0,1.0,0.0,,,
69fee5aa,ITQ96_CENTERED,303.0,483,9.0,1.0,11.0,2.0,2.0,0.0,,,
69fee5aa,ITQ96_CENTERED,404.0,483,11.0,1.0,13.0,2.0,1.0,1.0,,,
69fee5aa,ITQ96_CENTERED,505.0,483,6.0,1.0,14.0,1.0,1.0,0.0,,,
6a1eabeb,SIGN96_CENTERED,,413,11.0,1.0,33.0,1.0,1.0,0.0,,,
6a1eabeb,ITQ96_CENTERED,101.0,413,2.0,2.0,13.0,1.0,1.0,0.0,,,
6a1eabeb,ITQ96_CENTERED,202.0,413,6.0,2.0,11.0,1.0,1.0,0.0,,,
6a1eabeb,ITQ96_CENTERED,303.0,413,5.0,2.0,15.0,1.0,1.0,0.0,,,
6a1eabeb,ITQ96_CENTERED,404.0,413,3.0,2.0,14.0,1.0,1.0,0.0,,,
6a1eabeb,ITQ96_CENTERED,505.0,413,3.0,2.0,13.0,1.0,1.0,0.0,,,
6a27ffc2,SIGN96_CENTERED,,493,17.0,1.0,29.0,1.0,1.0,0.0,,,
6a27ffc2,ITQ96_CENTERED,101.0,493,8.0,1.0,10.0,2.0,2.0,0.0,,,
6a27ffc2,ITQ96_CENTERED,202.0,493,8.0,2.0,10.0,2.0,1.0,1.0,,,
6a27ffc2,ITQ96_CENTERED,303.0,493,8.0,1.0,11.0,1.0,1.0,0.0,,,
6a27ffc2,ITQ96_CENTERED,404.0,493,7.0,1.0,12.0,2.0,1.0,1.0,,,
6a27ffc2,ITQ96_CENTERED,505.0,493,6.0,2.0,9.0,1.0,1.0,0.0,,,
6ade9755,SIGN96_CENTERED,,513,22.0,2.0,24.0,1.0,1.0,0.0,,,
6ade9755,ITQ96_CENTERED,101.0,513,7.0,1.0,8.0,2.0,2.0,0.0,,,
6ade9755,ITQ96_CENTERED,202.0,513,3.0,1.0,4.0,2.0,2.0,0.0,,,
6ade9755,ITQ96_CENTERED,303.0,513,4.0,2.0,6.0,1.0,1.0,0.0,,,
6ade9755,ITQ96_CENTERED,404.0,513,5.0,4.0,5.0,4.0,3.0,1.0,,,
6ade9755,ITQ96_CENTERED,505.0,513,6.0,3.0,6.0,3.0,3.0,0.0,,,
6ae235be,SIGN96_CENTERED,,454,11.0,1.0,22.0,1.0,1.0,0.0,,,
6ae235be,ITQ96_CENTERED,101.0,454,8.0,1.0,10.0,2.0,2.0,0.0,,,
6ae235be,ITQ96_CENTERED,202.0,454,11.0,3.0,11.0,3.0,3.0,0.0,,,
6ae235be,ITQ96_CENTERED,303.0,454,9.0,1.0,12.0,6.0,2.0,1.0,,,
6ae235be,ITQ96_CENTERED,404.0,454,9.0,3.0,9.0,3.0,3.0,0.0,,,
6ae235be,ITQ96_CENTERED,505.0,454,7.0,1.0,12.0,2.0,2.0,0.0,,,
6aeb4375,SIGN96_CENTERED,,468,17.0,1.0,25.0,1.0,1.0,0.0,,,
6aeb4375,ITQ96_CENTERED,101.0,468,12.0,1.0,17.0,2.0,1.0,1.0,,,
6aeb4375,ITQ96_CENTERED,202.0,468,9.0,1.0,16.0,1.0,1.0,0.0,,,
6aeb4375,ITQ96_CENTERED,303.0,468,12.0,2.0,20.0,2.0,1.0,1.0,,,
6aeb4375,ITQ96_CENTERED,404.0,468,12.0,1.0,16.0,1.0,1.0,0.0,,,
6aeb4375,ITQ96_CENTERED,505.0,468,9.0,1.0,19.0,1.0,1.0,0.0,,,
6b168ec8,SIGN96_CENTERED,,482,19.0,1.0,24.0,1.0,1.0,0.0,,,
6b168ec8,ITQ96_CENTERED,101.0,482,6.0,1.0,7.0,2.0,2.0,0.0,,,
6b168ec8,ITQ96_CENTERED,202.0,482,5.0,1.0,7.0,2.0,2.0,0.0,,,
6b168ec8,ITQ96_CENTERED,303.0,482,2.0,1.0,3.0,2.0,2.0,0.0,,,
6b168ec8,ITQ96_CENTERED,404.0,482,8.0,2.0,9.0,2.0,1.0,1.0,,,
6b168ec8,ITQ96_CENTERED,505.0,482,2.0,1.0,4.0,1.0,1.0,0.0,,,
6b7dfb22,SIGN96_CENTERED,,471,30.0,1.0,32.0,2.0,1.0,1.0,,,
6b7dfb22,ITQ96_CENTERED,101.0,471,23.0,1.0,25.0,1.0,1.0,0.0,,,
6b7dfb22,ITQ96_CENTERED,202.0,471,25.0,1.0,27.0,2.0,1.0,1.0,,,
6b7dfb22,ITQ96_CENTERED,303.0,471,25.0,1.0,26.0,2.0,2.0,0.0,,,
6b7dfb22,ITQ96_CENTERED,404.0,471,24.0,1.0,26.0,2.0,2.0,0.0,,,
6b7dfb22,ITQ96_CENTERED,505.0,471,25.0,1.0,28.0,3.0,1.0,1.0,,,
6c49646a,SIGN96_CENTERED,,429,25.0,2.0,28.0,1.0,1.0,0.0,,,
6c49646a,ITQ96_CENTERED,101.0,429,9.0,1.0,11.0,1.0,1.0,0.0,,,
6c49646a,ITQ96_CENTERED,202.0,429,11.0,2.0,15.0,1.0,1.0,0.0,,,
6c49646a,ITQ96_CENTERED,303.0,429,13.0,1.0,17.0,2.0,1.0,1.0,,,
6c49646a,ITQ96_CENTERED,404.0,429,7.0,1.0,13.0,1.0,1.0,0.0,,,
6c49646a,ITQ96_CENTERED,505.0,429,11.0,1.0,16.0,4.0,1.0,1.0,,,
6cb6f249,SIGN96_CENTERED,,470,29.0,1.0,33.0,2.0,1.0,1.0,,,
6cb6f249,ITQ96_CENTERED,101.0,470,13.0,2.0,14.0,1.0,1.0,0.0,,,
6cb6f249,ITQ96_CENTERED,202.0,470,11.0,1.0,12.0,5.0,2.0,1.0,,,
6cb6f249,ITQ96_CENTERED,303.0,470,12.0,4.0,12.0,4.0,3.0,1.0,,,
6cb6f249,ITQ96_CENTERED,404.0,470,11.0,3.0,11.0,3.0,3.0,0.0,,,
6cb6f249,ITQ96_CENTERED,505.0,470,11.0,3.0,11.0,3.0,3.0,0.0,,,
6d550036,SIGN96_CENTERED,,505,26.0,1.0,32.0,1.0,1.0,0.0,,,
6d550036,ITQ96_CENTERED,101.0,505,16.0,1.0,20.0,2.0,1.0,1.0,,,
6d550036,ITQ96_CENTERED,202.0,505,17.0,2.0,19.0,2.0,1.0,1.0,,,
6d550036,ITQ96_CENTERED,303.0,505,15.0,1.0,18.0,3.0,1.0,1.0,,,
6d550036,ITQ96_CENTERED,404.0,505,18.0,1.0,19.0,2.0,2.0,0.0,,,
6d550036,ITQ96_CENTERED,505.0,505,10.0,1.0,15.0,1.0,1.0,0.0,,,
6e984301,SIGN96_CENTERED,,513,23.0,1.0,25.0,1.0,1.0,0.0,,,
6e984301,ITQ96_CENTERED,101.0,513,13.0,1.0,14.0,2.0,2.0,0.0,,,
6e984301,ITQ96_CENTERED,202.0,513,12.0,2.0,13.0,1.0,1.0,0.0,,,
6e984301,ITQ96_CENTERED,303.0,513,16.0,1.0,17.0,2.0,2.0,0.0,,,
6e984301,ITQ96_CENTERED,404.0,513,12.0,1.0,13.0,2.0,2.0,0.0,,,
6e984301,ITQ96_CENTERED,505.0,513,13.0,1.0,15.0,4.0,1.0,1.0,,,
6e984302,SIGN96_CENTERED,,460,29.0,1.0,33.0,2.0,1.0,1.0,,,
6e984302,ITQ96_CENTERED,101.0,460,27.0,1.0,28.0,2.0,2.0,0.0,,,
6e984302,ITQ96_CENTERED,202.0,460,23.0,2.0,25.0,1.0,1.0,0.0,,,
6e984302,ITQ96_CENTERED,303.0,460,29.0,1.0,30.0,3.0,2.0,1.0,,,
6e984302,ITQ96_CENTERED,404.0,460,27.0,1.0,28.0,2.0,2.0,0.0,,,
6e984302,ITQ96_CENTERED,505.0,460,25.0,1.0,26.0,2.0,2.0,0.0,,,
6f9b354f,SIGN96_CENTERED,,500,23.0,1.0,25.0,3.0,2.0,1.0,,,
6f9b354f,ITQ96_CENTERED,101.0,500,24.0,7.0,24.0,7.0,3.0,1.0,,,
6f9b354f,ITQ96_CENTERED,202.0,500,23.0,3.0,23.0,3.0,3.0,0.0,,,
6f9b354f,ITQ96_CENTERED,303.0,500,21.0,8.0,21.0,8.0,3.0,1.0,,,
6f9b354f,ITQ96_CENTERED,404.0,500,19.0,8.0,19.0,8.0,3.0,1.0,,,
6f9b354f,ITQ96_CENTERED,505.0,500,21.0,8.0,21.0,8.0,3.0,1.0,,,
7024f17c,SIGN96_CENTERED,,483,30.0,1.0,33.0,2.0,2.0,0.0,,,
7024f17c,ITQ96_CENTERED,101.0,483,11.0,1.0,12.0,2.0,2.0,0.0,,,
7024f17c,ITQ96_CENTERED,202.0,483,14.0,2.0,15.0,2.0,1.0,1.0,,,
7024f17c,ITQ96_CENTERED,303.0,483,17.0,1.0,19.0,4.0,1.0,1.0,,,
7024f17c,ITQ96_CENTERED,404.0,483,14.0,1.0,16.0,2.0,2.0,0.0,,,
7024f17c,ITQ96_CENTERED,505.0,483,14.0,1.0,18.0,1.0,1.0,0.0,,,
70b3e69b,SIGN96_CENTERED,,495,22.0,1.0,28.0,3.0,1.0,1.0,,,
70b3e69b,ITQ96_CENTERED,101.0,495,1.0,2.0,2.0,3.0,1.0,1.0,,,
70b3e69b,ITQ96_CENTERED,202.0,495,0.0,1.0,1.0,2.0,2.0,0.0,,,
70b3e69b,ITQ96_CENTERED,303.0,495,1.0,3.0,1.0,3.0,3.0,0.0,,,
70b3e69b,ITQ96_CENTERED,404.0,495,0.0,1.0,1.0,3.0,2.0,1.0,,,
70b3e69b,ITQ96_CENTERED,505.0,495,1.0,2.0,2.0,3.0,1.0,1.0,,,
71017276,SIGN96_CENTERED,,614,23.0,1.0,31.0,4.0,1.0,1.0,,,
71017276,ITQ96_CENTERED,101.0,614,22.0,1.0,23.0,4.0,2.0,1.0,,,
71017276,ITQ96_CENTERED,202.0,614,20.0,1.0,22.0,2.0,1.0,1.0,,,
71017276,ITQ96_CENTERED,303.0,614,20.0,1.0,22.0,1.0,1.0,0.0,,,
71017276,ITQ96_CENTERED,404.0,614,23.0,1.0,25.0,1.0,1.0,0.0,,,
71017276,ITQ96_CENTERED,505.0,614,23.0,1.0,24.0,3.0,2.0,1.0,,,
71017277,SIGN96_CENTERED,,493,26.0,1.0,33.0,1.0,1.0,0.0,,,
71017277,ITQ96_CENTERED,101.0,493,18.0,1.0,20.0,2.0,1.0,1.0,,,
71017277,ITQ96_CENTERED,202.0,493,18.0,2.0,19.0,1.0,1.0,0.0,,,
71017277,ITQ96_CENTERED,303.0,493,18.0,1.0,19.0,3.0,2.0,1.0,,,
71017277,ITQ96_CENTERED,404.0,493,15.0,1.0,18.0,1.0,1.0,0.0,,,
71017277,ITQ96_CENTERED,505.0,493,20.0,2.0,21.0,5.0,1.0,1.0,,,
71315a70,SIGN96_CENTERED,,514,15.0,1.0,24.0,2.0,1.0,1.0,,,
71315a70,ITQ96_CENTERED,101.0,514,5.0,2.0,6.0,1.0,1.0,0.0,,,
71315a70,ITQ96_CENTERED,202.0,514,4.0,1.0,9.0,1.0,1.0,0.0,,,
71315a70,ITQ96_CENTERED,303.0,514,4.0,1.0,7.0,2.0,1.0,1.0,,,
71315a70,ITQ96_CENTERED,404.0,514,7.0,2.0,8.0,1.0,1.0,0.0,,,
71315a70,ITQ96_CENTERED,505.0,514,5.0,1.0,6.0,2.0,2.0,0.0,,,
7161e7e2,SIGN96_CENTERED,,550,23.0,1.0,26.0,1.0,1.0,0.0,,,
7161e7e2,ITQ96_CENTERED,101.0,550,0.0,7.0,0.0,7.0,3.0,1.0,,,
7161e7e2,ITQ96_CENTERED,202.0,550,0.0,7.0,0.0,7.0,3.0,1.0,,,
7161e7e2,ITQ96_CENTERED,303.0,550,1.0,7.0,1.0,7.0,3.0,1.0,,,
7161e7e2,ITQ96_CENTERED,404.0,550,0.0,6.0,0.0,6.0,3.0,1.0,,,
7161e7e2,ITQ96_CENTERED,505.0,550,0.0,7.0,0.0,7.0,3.0,1.0,,,
71a3fd6b,SIGN96_CENTERED,,439,21.0,1.0,25.0,1.0,1.0,0.0,,,
71a3fd6b,ITQ96_CENTERED,101.0,439,2.0,3.0,2.0,3.0,3.0,0.0,,,
71a3fd6b,ITQ96_CENTERED,202.0,439,3.0,4.0,3.0,4.0,3.0,1.0,,,
71a3fd6b,ITQ96_CENTERED,303.0,439,2.0,4.0,2.0,4.0,3.0,1.0,,,
71a3fd6b,ITQ96_CENTERED,404.0,439,2.0,3.0,2.0,3.0,3.0,0.0,,,
71a3fd6b,ITQ96_CENTERED,505.0,439,3.0,1.0,5.0,2.0,1.0,1.0,,,
720133ac,SIGN96_CENTERED,,466,24.0,1.0,30.0,1.0,1.0,0.0,,,
720133ac,ITQ96_CENTERED,101.0,466,17.0,4.0,17.0,4.0,3.0,1.0,,,
720133ac,ITQ96_CENTERED,202.0,466,12.0,2.0,14.0,1.0,1.0,0.0,,,
720133ac,ITQ96_CENTERED,303.0,466,13.0,1.0,16.0,2.0,1.0,1.0,,,
720133ac,ITQ96_CENTERED,404.0,466,14.0,1.0,16.0,1.0,1.0,0.0,,,
720133ac,ITQ96_CENTERED,505.0,466,12.0,1.0,15.0,1.0,1.0,0.0,,,
726462e0,SIGN96_CENTERED,,501,28.0,1.0,33.0,1.0,1.0,0.0,,,
726462e0,ITQ96_CENTERED,101.0,501,29.0,1.0,31.0,5.0,2.0,1.0,,,
726462e0,ITQ96_CENTERED,202.0,501,32.0,1.0,33.0,2.0,2.0,0.0,,,
726462e0,ITQ96_CENTERED,303.0,501,30.0,1.0,32.0,1.0,1.0,0.0,,,
726462e0,ITQ96_CENTERED,404.0,501,31.0,1.0,34.0,4.0,2.0,1.0,,,
726462e0,ITQ96_CENTERED,505.0,501,32.0,3.0,32.0,3.0,3.0,0.0,,,
72e3ee87,SIGN96_CENTERED,,496,20.0,1.0,22.0,2.0,2.0,0.0,,,
72e3ee87,ITQ96_CENTERED,101.0,496,11.0,1.0,19.0,1.0,1.0,0.0,,,
72e3ee87,ITQ96_CENTERED,202.0,496,12.0,1.0,21.0,1.0,1.0,0.0,,,
72e3ee87,ITQ96_CENTERED,303.0,496,16.0,1.0,21.0,1.0,1.0,0.0,,,
72e3ee87,ITQ96_CENTERED,404.0,496,17.0,2.0,18.0,1.0,1.0,0.0,,,
72e3ee87,ITQ96_CENTERED,505.0,496,20.0,2.0,21.0,2.0,1.0,1.0,,,
73d42213,SIGN96_CENTERED,,516,20.0,1.0,27.0,1.0,1.0,0.0,,,
73d42213,ITQ96_CENTERED,101.0,516,14.0,1.0,15.0,2.0,2.0,0.0,,,
73d42213,ITQ96_CENTERED,202.0,516,15.0,1.0,19.0,2.0,1.0,1.0,,,
73d42213,ITQ96_CENTERED,303.0,516,14.0,1.0,18.0,2.0,1.0,1.0,,,
73d42213,ITQ96_CENTERED,404.0,516,13.0,1.0,14.0,2.0,2.0,0.0,,,
73d42213,ITQ96_CENTERED,505.0,516,16.0,2.0,17.0,2.0,1.0,1.0,,,
7401057b,SIGN96_CENTERED,,446,12.0,1.0,22.0,1.0,1.0,0.0,,,
7401057b,ITQ96_CENTERED,101.0,446,3.0,1.0,6.0,2.0,1.0,1.0,,,
7401057b,ITQ96_CENTERED,202.0,446,2.0,2.0,3.0,2.0,1.0,1.0,,,
7401057b,ITQ96_CENTERED,303.0,446,1.0,1.0,8.0,1.0,1.0,0.0,,,
7401057b,ITQ96_CENTERED,404.0,446,1.0,1.0,3.0,2.0,2.0,0.0,,,
7401057b,ITQ96_CENTERED,505.0,446,3.0,1.0,5.0,1.0,1.0,0.0,,,
7405e8b1,SIGN96_CENTERED,,469,20.0,1.0,22.0,2.0,2.0,0.0,,,
7405e8b1,ITQ96_CENTERED,101.0,469,3.0,1.0,4.0,2.0,2.0,0.0,,,
7405e8b1,ITQ96_CENTERED,202.0,469,6.0,2.0,7.0,3.0,1.0,1.0,,,
7405e8b1,ITQ96_CENTERED,303.0,469,8.0,2.0,9.0,2.0,1.0,1.0,,,
7405e8b1,ITQ96_CENTERED,404.0,469,9.0,1.0,10.0,2.0,2.0,0.0,,,
7405e8b1,ITQ96_CENTERED,505.0,469,5.0,1.0,7.0,1.0,1.0,0.0,,,
7527f7e2,SIGN96_CENTERED,,490,27.0,2.0,28.0,1.0,1.0,0.0,,,
7527f7e2,ITQ96_CENTERED,101.0,490,18.0,2.0,19.0,2.0,1.0,1.0,,,
7527f7e2,ITQ96_CENTERED,202.0,490,18.0,1.0,19.0,2.0,2.0,0.0,,,
7527f7e2,ITQ96_CENTERED,303.0,490,19.0,1.0,20.0,4.0,2.0,1.0,,,
7527f7e2,ITQ96_CENTERED,404.0,490,16.0,5.0,16.0,5.0,3.0,1.0,,,
7527f7e2,ITQ96_CENTERED,505.0,490,19.0,2.0,20.0,3.0,1.0,1.0,,,
75499fd8,SIGN96_CENTERED,,491,17.0,1.0,26.0,1.0,1.0,0.0,,,
75499fd8,ITQ96_CENTERED,101.0,491,6.0,1.0,14.0,2.0,1.0,1.0,,,
75499fd8,ITQ96_CENTERED,202.0,491,10.0,2.0,11.0,1.0,1.0,0.0,,,
75499fd8,ITQ96_CENTERED,303.0,491,12.0,1.0,14.0,2.0,2.0,0.0,,,
75499fd8,ITQ96_CENTERED,404.0,491,12.0,1.0,13.0,2.0,2.0,0.0,,,
75499fd8,ITQ96_CENTERED,505.0,491,14.0,2.0,15.0,1.0,1.0,0.0,,,
75832dbd,SIGN96_CENTERED,,474,31.0,3.0,31.0,3.0,3.0,0.0,,,
75832dbd,ITQ96_CENTERED,101.0,474,24.0,1.0,25.0,2.0,2.0,0.0,,,
75832dbd,ITQ96_CENTERED,202.0,474,22.0,1.0,23.0,4.0,2.0,1.0,,,
75832dbd,ITQ96_CENTERED,303.0,474,23.0,2.0,24.0,2.0,1.0,1.0,,,
75832dbd,ITQ96_CENTERED,404.0,474,24.0,1.0,25.0,4.0,2.0,1.0,,,
75832dbd,ITQ96_CENTERED,505.0,474,27.0,1.0,28.0,4.0,2.0,1.0,,,
75f70248,SIGN96_CENTERED,,466,28.0,1.0,30.0,1.0,1.0,0.0,,,
75f70248,ITQ96_CENTERED,101.0,466,18.0,4.0,18.0,4.0,3.0,1.0,,,
75f70248,ITQ96_CENTERED,202.0,466,15.0,1.0,17.0,1.0,1.0,0.0,,,
75f70248,ITQ96_CENTERED,303.0,466,18.0,5.0,18.0,5.0,3.0,1.0,,,
75f70248,ITQ96_CENTERED,404.0,466,15.0,2.0,16.0,1.0,1.0,0.0,,,
75f70248,ITQ96_CENTERED,505.0,466,15.0,1.0,19.0,3.0,1.0,1.0,,,
76d63226,SIGN96_CENTERED,,489,27.0,1.0,30.0,2.0,1.0,1.0,,,
76d63226,ITQ96_CENTERED,101.0,489,17.0,1.0,23.0,3.0,2.0,1.0,,,
76d63226,ITQ96_CENTERED,202.0,489,19.0,2.0,20.0,1.0,1.0,0.0,,,
76d63226,ITQ96_CENTERED,303.0,489,21.0,1.0,22.0,2.0,2.0,0.0,,,
76d63226,ITQ96_CENTERED,404.0,489,22.0,1.0,24.0,1.0,1.0,0.0,,,
76d63226,ITQ96_CENTERED,505.0,489,18.0,1.0,22.0,3.0,1.0,1.0,,,
778164c6,SIGN96_CENTERED,,542,14.0,1.0,22.0,1.0,1.0,0.0,,,
778164c6,ITQ96_CENTERED,101.0,542,4.0,1.0,5.0,2.0,2.0,0.0,,,
778164c6,ITQ96_CENTERED,202.0,542,3.0,1.0,6.0,2.0,1.0,1.0,,,
778164c6,ITQ96_CENTERED,303.0,542,5.0,3.0,5.0,3.0,3.0,0.0,,,
778164c6,ITQ96_CENTERED,404.0,542,5.0,1.0,6.0,2.0,2.0,0.0,,,
778164c6,ITQ96_CENTERED,505.0,542,4.0,2.0,5.0,1.0,1.0,0.0,,,
77eafa52,SIGN96_CENTERED,,527,29.0,1.0,31.0,1.0,1.0,0.0,,,
77eafa52,ITQ96_CENTERED,101.0,527,17.0,3.0,17.0,3.0,3.0,0.0,,,
77eafa52,ITQ96_CENTERED,202.0,527,17.0,3.0,17.0,3.0,3.0,0.0,,,
77eafa52,ITQ96_CENTERED,303.0,527,14.0,1.0,16.0,2.0,2.0,0.0,,,
77eafa52,ITQ96_CENTERED,404.0,527,14.0,2.0,18.0,1.0,1.0,0.0,,,
77eafa52,ITQ96_CENTERED,505.0,527,12.0,1.0,14.0,4.0,2.0,1.0,,,
7a87bd0c,SIGN96_CENTERED,,506,17.0,1.0,21.0,1.0,1.0,0.0,,,
7a87bd0c,ITQ96_CENTERED,101.0,506,6.0,1.0,10.0,1.0,1.0,0.0,,,
7a87bd0c,ITQ96_CENTERED,202.0,506,4.0,1.0,11.0,1.0,1.0,0.0,,,
7a87bd0c,ITQ96_CENTERED,303.0,506,7.0,1.0,10.0,1.0,1.0,0.0,,,
7a87bd0c,ITQ96_CENTERED,404.0,506,4.0,1.0,6.0,2.0,2.0,0.0,,,
7a87bd0c,ITQ96_CENTERED,505.0,506,7.0,1.0,11.0,1.0,1.0,0.0,,,
7a8d0b71,SIGN96_CENTERED,,489,16.0,2.0,24.0,1.0,1.0,0.0,,,
7a8d0b71,ITQ96_CENTERED,101.0,489,7.0,1.0,12.0,1.0,1.0,0.0,,,
7a8d0b71,ITQ96_CENTERED,202.0,489,5.0,1.0,8.0,1.0,1.0,0.0,,,
7a8d0b71,ITQ96_CENTERED,303.0,489,10.0,1.0,15.0,1.0,1.0,0.0,,,
7a8d0b71,ITQ96_CENTERED,404.0,489,12.0,2.0,14.0,1.0,1.0,0.0,,,
7a8d0b71,ITQ96_CENTERED,505.0,489,11.0,1.0,14.0,1.0,1.0,0.0,,,
7e00a6cb,SIGN96_CENTERED,,564,19.0,1.0,25.0,1.0,1.0,0.0,,,
7e00a6cb,ITQ96_CENTERED,101.0,564,17.0,1.0,20.0,3.0,1.0,1.0,,,
7e00a6cb,ITQ96_CENTERED,202.0,564,12.0,1.0,18.0,1.0,1.0,0.0,,,
7e00a6cb,ITQ96_CENTERED,303.0,564,15.0,2.0,16.0,1.0,1.0,0.0,,,
7e00a6cb,ITQ96_CENTERED,404.0,564,15.0,1.0,18.0,1.0,1.0,0.0,,,
7e00a6cb,ITQ96_CENTERED,505.0,564,11.0,1.0,18.0,1.0,1.0,0.0,,,
7e974930,SIGN96_CENTERED,,502,18.0,1.0,25.0,1.0,1.0,0.0,,,
7e974930,ITQ96_CENTERED,101.0,502,11.0,2.0,13.0,2.0,1.0,1.0,,,
7e974930,ITQ96_CENTERED,202.0,502,10.0,1.0,15.0,2.0,1.0,1.0,,,
7e974930,ITQ96_CENTERED,303.0,502,4.0,1.0,12.0,1.0,1.0,0.0,,,
7e974930,ITQ96_CENTERED,404.0,502,9.0,1.0,16.0,1.0,1.0,0.0,,,
7e974930,ITQ96_CENTERED,505.0,502,13.0,1.0,15.0,1.0,1.0,0.0,,,
8077ef71,SIGN96_CENTERED,,554,30.0,1.0,33.0,1.0,1.0,0.0,,,
8077ef71,ITQ96_CENTERED,101.0,554,9.0,1.0,11.0,4.0,1.0,1.0,,,
8077ef71,ITQ96_CENTERED,202.0,554,11.0,1.0,12.0,4.0,2.0,1.0,,,
8077ef71,ITQ96_CENTERED,303.0,554,13.0,4.0,13.0,4.0,3.0,1.0,,,
8077ef71,ITQ96_CENTERED,404.0,554,16.0,1.0,18.0,3.0,2.0,1.0,,,
8077ef71,ITQ96_CENTERED,505.0,554,11.0,1.0,12.0,3.0,2.0,1.0,,,
80ec1f4f,SIGN96_CENTERED,,487,30.0,1.0,35.0,2.0,2.0,0.0,,,
80ec1f4f,ITQ96_CENTERED,101.0,487,16.0,1.0,22.0,1.0,1.0,0.0,,,
80ec1f4f,ITQ96_CENTERED,202.0,487,18.0,1.0,22.0,3.0,1.0,1.0,,,
80ec1f4f,ITQ96_CENTERED,303.0,487,20.0,1.0,22.0,4.0,2.0,1.0,,,
80ec1f4f,ITQ96_CENTERED,404.0,487,12.0,1.0,22.0,5.0,2.0,1.0,,,
80ec1f4f,ITQ96_CENTERED,505.0,487,15.0,1.0,18.0,2.0,2.0,0.0,,,
81507db6,SIGN96_CENTERED,,510,23.0,1.0,29.0,1.0,1.0,0.0,,,
81507db6,ITQ96_CENTERED,101.0,510,17.0,2.0,18.0,2.0,1.0,1.0,,,
81507db6,ITQ96_CENTERED,202.0,510,11.0,1.0,15.0,1.0,1.0,0.0,,,
81507db6,ITQ96_CENTERED,303.0,510,12.0,1.0,18.0,1.0,1.0,0.0,,,
81507db6,ITQ96_CENTERED,404.0,510,14.0,1.0,19.0,2.0,1.0,1.0,,,
81507db6,ITQ96_CENTERED,505.0,510,17.0,2.0,21.0,1.0,1.0,0.0,,,
830ce83f,SIGN96_CENTERED,,511,23.0,1.0,28.0,1.0,1.0,0.0,,,
830ce83f,ITQ96_CENTERED,101.0,511,16.0,1.0,19.0,2.0,2.0,0.0,,,
830ce83f,ITQ96_CENTERED,202.0,511,23.0,2.0,24.0,2.0,1.0,1.0,,,
830ce83f,ITQ96_CENTERED,303.0,511,19.0,1.0,21.0,2.0,2.0,0.0,,,
830ce83f,ITQ96_CENTERED,404.0,511,20.0,1.0,21.0,2.0,2.0,0.0,,,
830ce83f,ITQ96_CENTERED,505.0,511,16.0,1.0,20.0,1.0,1.0,0.0,,,
8464fc84,SIGN96_CENTERED,,484,18.0,1.0,24.0,1.0,1.0,0.0,,,
8464fc84,ITQ96_CENTERED,101.0,484,8.0,2.0,9.0,2.0,1.0,1.0,,,
8464fc84,ITQ96_CENTERED,202.0,484,5.0,1.0,7.0,1.0,1.0,0.0,,,
8464fc84,ITQ96_CENTERED,303.0,484,6.0,2.0,7.0,2.0,1.0,1.0,,,
8464fc84,ITQ96_CENTERED,404.0,484,8.0,2.0,9.0,3.0,1.0,1.0,,,
8464fc84,ITQ96_CENTERED,505.0,484,2.0,1.0,4.0,2.0,2.0,0.0,,,
852ce960,SIGN96_CENTERED,,396,17.0,1.0,30.0,3.0,1.0,1.0,,,
852ce960,ITQ96_CENTERED,101.0,396,16.0,2.0,17.0,1.0,1.0,0.0,,,
852ce960,ITQ96_CENTERED,202.0,396,14.0,1.0,19.0,1.0,1.0,0.0,,,
852ce960,ITQ96_CENTERED,303.0,396,15.0,1.0,19.0,1.0,1.0,0.0,,,
852ce960,ITQ96_CENTERED,404.0,396,19.0,1.0,21.0,2.0,2.0,0.0,,,
852ce960,ITQ96_CENTERED,505.0,396,17.0,1.0,22.0,1.0,1.0,0.0,,,
853b0a1d,SIGN96_CENTERED,,512,17.0,1.0,27.0,1.0,1.0,0.0,,,
853b0a1d,ITQ96_CENTERED,101.0,512,5.0,1.0,7.0,2.0,1.0,1.0,,,
853b0a1d,ITQ96_CENTERED,202.0,512,4.0,3.0,4.0,3.0,3.0,0.0,,,
853b0a1d,ITQ96_CENTERED,303.0,512,6.0,3.0,6.0,3.0,3.0,0.0,,,
853b0a1d,ITQ96_CENTERED,404.0,512,4.0,1.0,5.0,3.0,2.0,1.0,,,
853b0a1d,ITQ96_CENTERED,505.0,512,3.0,2.0,5.0,3.0,1.0,1.0,,,
8550ddae,SIGN96_CENTERED,,453,25.0,2.0,30.0,1.0,1.0,0.0,,,
8550ddae,ITQ96_CENTERED,101.0,453,14.0,1.0,15.0,2.0,2.0,0.0,,,
8550ddae,ITQ96_CENTERED,202.0,453,17.0,1.0,19.0,1.0,1.0,0.0,,,
8550ddae,ITQ96_CENTERED,303.0,453,18.0,1.0,19.0,2.0,2.0,0.0,,,
8550ddae,ITQ96_CENTERED,404.0,453,18.0,3.0,18.0,3.0,3.0,0.0,,,
8550ddae,ITQ96_CENTERED,505.0,453,18.0,1.0,20.0,1.0,1.0,0.0,,,
85fa3a3f,SIGN96_CENTERED,,493,22.0,1.0,23.0,2.0,2.0,0.0,,,
85fa3a3f,ITQ96_CENTERED,101.0,493,5.0,1.0,7.0,1.0,1.0,0.0,,,
85fa3a3f,ITQ96_CENTERED,202.0,493,8.0,3.0,8.0,3.0,3.0,0.0,,,
85fa3a3f,ITQ96_CENTERED,303.0,493,6.0,1.0,9.0,4.0,1.0,1.0,,,
85fa3a3f,ITQ96_CENTERED,404.0,493,5.0,1.0,6.0,2.0,2.0,0.0,,,
85fa3a3f,ITQ96_CENTERED,505.0,493,5.0,1.0,8.0,2.0,1.0,1.0,,,
86b68151,SIGN96_CENTERED,,485,15.0,1.0,16.0,2.0,2.0,0.0,,,
86b68151,ITQ96_CENTERED,101.0,485,5.0,1.0,7.0,1.0,1.0,0.0,,,
86b68151,ITQ96_CENTERED,202.0,485,6.0,1.0,7.0,2.0,2.0,0.0,,,
86b68151,ITQ96_CENTERED,303.0,485,6.0,2.0,8.0,2.0,1.0,1.0,,,
86b68151,ITQ96_CENTERED,404.0,485,2.0,2.0,4.0,2.0,1.0,1.0,,,
86b68151,ITQ96_CENTERED,505.0,485,5.0,1.0,7.0,1.0,1.0,0.0,,,
86f00804,SIGN96_CENTERED,,503,26.0,1.0,30.0,1.0,1.0,0.0,,,
86f00804,ITQ96_CENTERED,101.0,503,12.0,1.0,16.0,1.0,1.0,0.0,,,
86f00804,ITQ96_CENTERED,202.0,503,15.0,1.0,18.0,1.0,1.0,0.0,,,
86f00804,ITQ96_CENTERED,303.0,503,16.0,2.0,17.0,1.0,1.0,0.0,,,
86f00804,ITQ96_CENTERED,404.0,503,16.0,1.0,18.0,1.0,1.0,0.0,,,
86f00804,ITQ96_CENTERED,505.0,503,15.0,1.0,18.0,2.0,1.0,1.0,,,
8752c811,SIGN96_CENTERED,,493,17.0,1.0,23.0,1.0,1.0,0.0,,,
8752c811,ITQ96_CENTERED,101.0,493,7.0,1.0,14.0,1.0,1.0,0.0,,,
8752c811,ITQ96_CENTERED,202.0,493,10.0,2.0,11.0,1.0,1.0,0.0,,,
8752c811,ITQ96_CENTERED,303.0,493,6.0,1.0,10.0,1.0,1.0,0.0,,,
8752c811,ITQ96_CENTERED,404.0,493,8.0,1.0,11.0,1.0,1.0,0.0,,,
8752c811,ITQ96_CENTERED,505.0,493,9.0,1.0,11.0,1.0,1.0,0.0,,,
87f22b4a,SIGN96_CENTERED,,474,23.0,1.0,32.0,3.0,1.0,1.0,,,
87f22b4a,ITQ96_CENTERED,101.0,474,19.0,1.0,24.0,1.0,1.0,0.0,,,
87f22b4a,ITQ96_CENTERED,202.0,474,24.0,1.0,27.0,5.0,1.0,1.0,,,
87f22b4a,ITQ96_CENTERED,303.0,474,19.0,1.0,23.0,2.0,2.0,0.0,,,
87f22b4a,ITQ96_CENTERED,404.0,474,17.0,1.0,20.0,2.0,1.0,1.0,,,
87f22b4a,ITQ96_CENTERED,505.0,474,22.0,1.0,27.0,6.0,1.0,1.0,,,
88432d0a,SIGN96_CENTERED,,479,34.0,1.0,36.0,3.0,1.0,1.0,,,
88432d0a,ITQ96_CENTERED,101.0,479,19.0,1.0,21.0,2.0,1.0,1.0,,,
88432d0a,ITQ96_CENTERED,202.0,479,23.0,2.0,24.0,2.0,1.0,1.0,,,
88432d0a,ITQ96_CENTERED,303.0,479,19.0,1.0,21.0,2.0,1.0,1.0,,,
88432d0a,ITQ96_CENTERED,404.0,479,25.0,1.0,27.0,1.0,1.0,0.0,,,
88432d0a,ITQ96_CENTERED,505.0,479,26.0,2.0,27.0,3.0,1.0,1.0,,,
89527b6b,SIGN96_CENTERED,,467,16.0,1.0,31.0,1.0,1.0,0.0,,,
89527b6b,ITQ96_CENTERED,101.0,467,17.0,1.0,26.0,1.0,1.0,0.0,,,
89527b6b,ITQ96_CENTERED,202.0,467,17.0,1.0,29.0,1.0,1.0,0.0,,,
89527b6b,ITQ96_CENTERED,303.0,467,14.0,1.0,29.0,1.0,1.0,0.0,,,
89527b6b,ITQ96_CENTERED,404.0,467,18.0,1.0,28.0,2.0,1.0,1.0,,,
89527b6b,ITQ96_CENTERED,505.0,467,20.0,1.0,28.0,2.0,1.0,1.0,,,
8979f9ec,SIGN96_CENTERED,,469,19.0,1.0,32.0,2.0,1.0,1.0,,,
8979f9ec,ITQ96_CENTERED,101.0,469,12.0,1.0,21.0,5.0,1.0,1.0,,,
8979f9ec,ITQ96_CENTERED,202.0,469,15.0,3.0,15.0,3.0,3.0,0.0,,,
8979f9ec,ITQ96_CENTERED,303.0,469,14.0,1.0,18.0,1.0,1.0,0.0,,,
8979f9ec,ITQ96_CENTERED,404.0,469,14.0,1.0,17.0,1.0,1.0,0.0,,,
8979f9ec,ITQ96_CENTERED,505.0,469,17.0,1.0,19.0,2.0,1.0,1.0,,,
89941a93,SIGN96_CENTERED,,528,27.0,1.0,32.0,2.0,2.0,0.0,,,
89941a93,ITQ96_CENTERED,101.0,528,14.0,1.0,16.0,1.0,1.0,0.0,,,
89941a93,ITQ96_CENTERED,202.0,528,16.0,4.0,16.0,4.0,3.0,1.0,,,
89941a93,ITQ96_CENTERED,303.0,528,11.0,2.0,13.0,2.0,1.0,1.0,,,
89941a93,ITQ96_CENTERED,404.0,528,11.0,1.0,13.0,3.0,1.0,1.0,,,
89941a93,ITQ96_CENTERED,505.0,528,13.0,1.0,14.0,2.0,2.0,0.0,,,
89941a94,SIGN96_CENTERED,,523,20.0,1.0,28.0,1.0,1.0,0.0,,,
89941a94,ITQ96_CENTERED,101.0,523,8.0,1.0,16.0,1.0,1.0,0.0,,,
89941a94,ITQ96_CENTERED,202.0,523,10.0,1.0,13.0,2.0,2.0,0.0,,,
89941a94,ITQ96_CENTERED,303.0,523,7.0,1.0,13.0,1.0,1.0,0.0,,,
89941a94,ITQ96_CENTERED,404.0,523,7.0,1.0,12.0,1.0,1.0,0.0,,,
89941a94,ITQ96_CENTERED,505.0,523,12.0,1.0,13.0,3.0,2.0,1.0,,,
8a137a7f,SIGN96_CENTERED,,512,20.0,1.0,24.0,1.0,1.0,0.0,,,
8a137a7f,ITQ96_CENTERED,101.0,512,3.0,1.0,8.0,2.0,1.0,1.0,,,
8a137a7f,ITQ96_CENTERED,202.0,512,7.0,2.0,8.0,2.0,1.0,1.0,,,
8a137a7f,ITQ96_CENTERED,303.0,512,6.0,1.0,11.0,1.0,1.0,0.0,,,
8a137a7f,ITQ96_CENTERED,404.0,512,6.0,1.0,8.0,3.0,2.0,1.0,,,
8a137a7f,ITQ96_CENTERED,505.0,512,3.0,1.0,8.0,3.0,1.0,1.0,,,
8a2466db,SIGN96_CENTERED,,508,26.0,1.0,27.0,2.0,2.0,0.0,,,
8a2466db,ITQ96_CENTERED,101.0,508,28.0,2.0,29.0,2.0,1.0,1.0,,,
8a2466db,ITQ96_CENTERED,202.0,508,28.0,3.0,28.0,3.0,3.0,0.0,,,
8a2466db,ITQ96_CENTERED,303.0,508,26.0,1.0,28.0,2.0,2.0,0.0,,,
8a2466db,ITQ96_CENTERED,404.0,508,27.0,1.0,28.0,3.0,2.0,1.0,,,
8a2466db,ITQ96_CENTERED,505.0,508,27.0,1.0,28.0,3.0,2.0,1.0,,,
8aef76bc,SIGN96_CENTERED,,492,12.0,1.0,17.0,1.0,1.0,0.0,,,
8aef76bc,ITQ96_CENTERED,101.0,492,4.0,1.0,6.0,1.0,1.0,0.0,,,
8aef76bc,ITQ96_CENTERED,202.0,492,0.0,1.0,2.0,1.0,1.0,0.0,,,
8aef76bc,ITQ96_CENTERED,303.0,492,1.0,2.0,5.0,1.0,1.0,0.0,,,
8aef76bc,ITQ96_CENTERED,404.0,492,3.0,1.0,5.0,1.0,1.0,0.0,,,
8aef76bc,ITQ96_CENTERED,505.0,492,2.0,1.0,7.0,1.0,1.0,0.0,,,
8b9d4367,SIGN96_CENTERED,,537,15.0,1.0,22.0,1.0,1.0,0.0,,,
8b9d4367,ITQ96_CENTERED,101.0,537,5.0,2.0,6.0,1.0,1.0,0.0,,,
8b9d4367,ITQ96_CENTERED,202.0,537,7.0,4.0,7.0,4.0,3.0,1.0,,,
8b9d4367,ITQ96_CENTERED,303.0,537,2.0,2.0,6.0,1.0,1.0,0.0,,,
8b9d4367,ITQ96_CENTERED,404.0,537,3.0,1.0,4.0,3.0,2.0,1.0,,,
8b9d4367,ITQ96_CENTERED,505.0,537,3.0,3.0,3.0,3.0,3.0,0.0,,,
8c18457d,SIGN96_CENTERED,,434,30.0,3.0,30.0,3.0,3.0,0.0,,,
8c18457d,ITQ96_CENTERED,101.0,434,15.0,1.0,20.0,2.0,1.0,1.0,,,
8c18457d,ITQ96_CENTERED,202.0,434,14.0,1.0,17.0,2.0,2.0,0.0,,,
8c18457d,ITQ96_CENTERED,303.0,434,16.0,1.0,22.0,3.0,1.0,1.0,,,
8c18457d,ITQ96_CENTERED,404.0,434,18.0,2.0,19.0,2.0,1.0,1.0,,,
8c18457d,ITQ96_CENTERED,505.0,434,14.0,1.0,15.0,2.0,2.0,0.0,,,
8cf4d046,SIGN96_CENTERED,,468,10.0,1.0,24.0,1.0,1.0,0.0,,,
8cf4d046,ITQ96_CENTERED,101.0,468,11.0,1.0,13.0,2.0,2.0,0.0,,,
8cf4d046,ITQ96_CENTERED,202.0,468,6.0,1.0,11.0,1.0,1.0,0.0,,,
8cf4d046,ITQ96_CENTERED,303.0,468,11.0,2.0,15.0,2.0,1.0,1.0,,,
8cf4d046,ITQ96_CENTERED,404.0,468,12.0,1.0,17.0,2.0,2.0,0.0,,,
8cf4d046,ITQ96_CENTERED,505.0,468,12.0,1.0,15.0,1.0,1.0,0.0,,,
8cf51dda,SIGN96_CENTERED,,454,14.0,1.0,34.0,1.0,1.0,0.0,,,
8cf51dda,ITQ96_CENTERED,101.0,454,8.0,1.0,26.0,1.0,1.0,0.0,,,
8cf51dda,ITQ96_CENTERED,202.0,454,7.0,1.0,26.0,1.0,1.0,0.0,,,
8cf51dda,ITQ96_CENTERED,303.0,454,11.0,2.0,28.0,2.0,1.0,1.0,,,
8cf51dda,ITQ96_CENTERED,404.0,454,5.0,1.0,27.0,1.0,1.0,0.0,,,
8cf51dda,ITQ96_CENTERED,505.0,454,7.0,1.0,29.0,4.0,1.0,1.0,,,
8e91e7d9,SIGN96_CENTERED,,498,22.0,1.0,29.0,1.0,1.0,0.0,,,
8e91e7d9,ITQ96_CENTERED,101.0,498,24.0,3.0,24.0,3.0,3.0,0.0,,,
8e91e7d9,ITQ96_CENTERED,202.0,498,23.0,2.0,25.0,2.0,1.0,1.0,,,
8e91e7d9,ITQ96_CENTERED,303.0,498,22.0,4.0,22.0,4.0,3.0,1.0,,,
8e91e7d9,ITQ96_CENTERED,404.0,498,21.0,1.0,25.0,2.0,1.0,1.0,,,
8e91e7d9,ITQ96_CENTERED,505.0,498,22.0,8.0,22.0,8.0,3.0,1.0,,,
8e9d538c,SIGN96_CENTERED,,486,18.0,2.0,21.0,1.0,1.0,0.0,,,
8e9d538c,ITQ96_CENTERED,101.0,486,3.0,1.0,4.0,3.0,2.0,1.0,,,
8e9d538c,ITQ96_CENTERED,202.0,486,1.0,1.0,3.0,1.0,1.0,0.0,,,
8e9d538c,ITQ96_CENTERED,303.0,486,3.0,1.0,4.0,3.0,2.0,1.0,,,
8e9d538c,ITQ96_CENTERED,404.0,486,2.0,1.0,4.0,2.0,1.0,1.0,,,
8e9d538c,ITQ96_CENTERED,505.0,486,1.0,1.0,2.0,3.0,2.0,1.0,,,
8ebdbe50,SIGN96_CENTERED,,487,22.0,1.0,29.0,1.0,1.0,0.0,,,
8ebdbe50,ITQ96_CENTERED,101.0,487,21.0,1.0,22.0,3.0,2.0,1.0,,,
8ebdbe50,ITQ96_CENTERED,202.0,487,20.0,2.0,22.0,1.0,1.0,0.0,,,
8ebdbe50,ITQ96_CENTERED,303.0,487,21.0,2.0,22.0,1.0,1.0,0.0,,,
8ebdbe50,ITQ96_CENTERED,404.0,487,25.0,1.0,26.0,2.0,2.0,0.0,,,
8ebdbe50,ITQ96_CENTERED,505.0,487,20.0,2.0,22.0,1.0,1.0,0.0,,,
8fb83627,SIGN96_CENTERED,,485,11.0,1.0,20.0,2.0,2.0,0.0,,,
8fb83627,ITQ96_CENTERED,101.0,485,10.0,1.0,15.0,2.0,1.0,1.0,,,
8fb83627,ITQ96_CENTERED,202.0,485,9.0,1.0,16.0,2.0,1.0,1.0,,,
8fb83627,ITQ96_CENTERED,303.0,485,6.0,1.0,11.0,1.0,1.0,0.0,,,
8fb83627,ITQ96_CENTERED,404.0,485,6.0,1.0,10.0,1.0,1.0,0.0,,,
8fb83627,ITQ96_CENTERED,505.0,485,9.0,1.0,14.0,1.0,1.0,0.0,,,
91b15a6e,SIGN96_CENTERED,,489,23.0,1.0,26.0,1.0,1.0,0.0,,,
91b15a6e,ITQ96_CENTERED,101.0,489,12.0,3.0,12.0,3.0,3.0,0.0,,,
91b15a6e,ITQ96_CENTERED,202.0,489,12.0,2.0,14.0,1.0,1.0,0.0,,,
91b15a6e,ITQ96_CENTERED,303.0,489,13.0,1.0,14.0,3.0,2.0,1.0,,,
91b15a6e,ITQ96_CENTERED,404.0,489,10.0,1.0,14.0,1.0,1.0,0.0,,,
91b15a6e,ITQ96_CENTERED,505.0,489,8.0,1.0,14.0,1.0,1.0,0.0,,,
92a0aa75,SIGN96_CENTERED,,455,30.0,1.0,34.0,1.0,1.0,0.0,,,
92a0aa75,ITQ96_CENTERED,101.0,455,24.0,1.0,26.0,1.0,1.0,0.0,,,
92a0aa75,ITQ96_CENTERED,202.0,455,28.0,2.0,30.0,1.0,1.0,0.0,,,
92a0aa75,ITQ96_CENTERED,303.0,455,31.0,3.0,31.0,3.0,3.0,0.0,,,
92a0aa75,ITQ96_CENTERED,404.0,455,28.0,3.0,28.0,3.0,3.0,0.0,,,
92a0aa75,ITQ96_CENTERED,505.0,455,24.0,1.0,27.0,2.0,2.0,0.0,,,
945e3d21,SIGN96_CENTERED,,489,31.0,1.0,35.0,6.0,1.0,1.0,,,
945e3d21,ITQ96_CENTERED,101.0,489,21.0,1.0,22.0,2.0,2.0,0.0,,,
945e3d21,ITQ96_CENTERED,202.0,489,22.0,1.0,24.0,2.0,2.0,0.0,,,
945e3d21,ITQ96_CENTERED,303.0,489,24.0,4.0,24.0,4.0,3.0,1.0,,,
945e3d21,ITQ96_CENTERED,404.0,489,20.0,2.0,21.0,1.0,1.0,0.0,,,
945e3d21,ITQ96_CENTERED,505.0,489,21.0,1.0,22.0,2.0,2.0,0.0,,,
94f70d80,SIGN96_CENTERED,,510,16.0,1.0,26.0,1.0,1.0,0.0,,,
94f70d80,ITQ96_CENTERED,101.0,510,13.0,1.0,17.0,3.0,1.0,1.0,,,
94f70d80,ITQ96_CENTERED,202.0,510,13.0,2.0,14.0,2.0,1.0,1.0,,,
94f70d80,ITQ96_CENTERED,303.0,510,18.0,1.0,19.0,2.0,2.0,0.0,,,
94f70d80,ITQ96_CENTERED,404.0,510,16.0,1.0,17.0,3.0,2.0,1.0,,,
94f70d80,ITQ96_CENTERED,505.0,510,17.0,1.0,19.0,3.0,1.0,1.0,,,
95228167,SIGN96_CENTERED,,507,28.0,1.0,32.0,1.0,1.0,0.0,,,
95228167,ITQ96_CENTERED,101.0,507,28.0,1.0,29.0,2.0,2.0,0.0,,,
95228167,ITQ96_CENTERED,202.0,507,22.0,1.0,29.0,2.0,2.0,0.0,,,
95228167,ITQ96_CENTERED,303.0,507,30.0,1.0,31.0,4.0,2.0,1.0,,,
95228167,ITQ96_CENTERED,404.0,507,29.0,2.0,31.0,2.0,1.0,1.0,,,
95228167,ITQ96_CENTERED,505.0,507,29.0,1.0,31.0,1.0,1.0,0.0,,,
95bcc1c8,SIGN96_CENTERED,,487,19.0,1.0,24.0,1.0,1.0,0.0,,,
95bcc1c8,ITQ96_CENTERED,101.0,487,13.0,1.0,16.0,5.0,1.0,1.0,,,
95bcc1c8,ITQ96_CENTERED,202.0,487,12.0,1.0,13.0,2.0,2.0,0.0,,,
95bcc1c8,ITQ96_CENTERED,303.0,487,11.0,1.0,13.0,2.0,2.0,0.0,,,
95bcc1c8,ITQ96_CENTERED,404.0,487,13.0,3.0,13.0,3.0,3.0,0.0,,,
95bcc1c8,ITQ96_CENTERED,505.0,487,12.0,1.0,14.0,4.0,1.0,1.0,,,
982b5123,SIGN96_CENTERED,,473,28.0,1.0,31.0,1.0,1.0,0.0,,,
982b5123,ITQ96_CENTERED,101.0,473,12.0,1.0,17.0,2.0,1.0,1.0,,,
982b5123,ITQ96_CENTERED,202.0,473,10.0,2.0,14.0,1.0,1.0,0.0,,,
982b5123,ITQ96_CENTERED,303.0,473,13.0,1.0,17.0,1.0,1.0,0.0,,,
982b5123,ITQ96_CENTERED,404.0,473,14.0,1.0,15.0,2.0,2.0,0.0,,,
982b5123,ITQ96_CENTERED,505.0,473,12.0,1.0,15.0,1.0,1.0,0.0,,,
993da5e2,SIGN96_CENTERED,,486,21.0,1.0,24.0,1.0,1.0,0.0,,,
993da5e2,ITQ96_CENTERED,101.0,486,13.0,3.0,13.0,3.0,3.0,0.0,,,
993da5e2,ITQ96_CENTERED,202.0,486,12.0,1.0,14.0,2.0,2.0,0.0,,,
993da5e2,ITQ96_CENTERED,303.0,486,12.0,1.0,18.0,1.0,1.0,0.0,,,
993da5e2,ITQ96_CENTERED,404.0,486,15.0,1.0,16.0,2.0,2.0,0.0,,,
993da5e2,ITQ96_CENTERED,505.0,486,13.0,1.0,14.0,2.0,2.0,0.0,,,
9a707b81,SIGN96_CENTERED,,530,31.0,1.0,35.0,2.0,2.0,0.0,,,
9a707b81,ITQ96_CENTERED,101.0,530,18.0,1.0,20.0,2.0,1.0,1.0,,,
9a707b81,ITQ96_CENTERED,202.0,530,20.0,1.0,22.0,1.0,1.0,0.0,,,
9a707b81,ITQ96_CENTERED,303.0,530,13.0,1.0,16.0,1.0,1.0,0.0,,,
9a707b81,ITQ96_CENTERED,404.0,530,22.0,2.0,23.0,1.0,1.0,0.0,,,
9a707b81,ITQ96_CENTERED,505.0,530,24.0,2.0,25.0,1.0,1.0,0.0,,,
9a707b82,SIGN96_CENTERED,,532,28.0,1.0,32.0,1.0,1.0,0.0,,,
9a707b82,ITQ96_CENTERED,101.0,532,26.0,1.0,27.0,3.0,2.0,1.0,,,
9a707b82,ITQ96_CENTERED,202.0,532,20.0,1.0,24.0,1.0,1.0,0.0,,,
9a707b82,ITQ96_CENTERED,303.0,532,23.0,1.0,28.0,2.0,1.0,1.0,,,
9a707b82,ITQ96_CENTERED,404.0,532,23.0,1.0,28.0,4.0,1.0,1.0,,,
9a707b82,ITQ96_CENTERED,505.0,532,27.0,1.0,28.0,2.0,2.0,0.0,,,
9aaed6a3,SIGN96_CENTERED,,541,17.0,1.0,27.0,1.0,1.0,0.0,,,
9aaed6a3,ITQ96_CENTERED,101.0,541,14.0,2.0,20.0,2.0,1.0,1.0,,,
9aaed6a3,ITQ96_CENTERED,202.0,541,14.0,1.0,20.0,4.0,1.0,1.0,,,
9aaed6a3,ITQ96_CENTERED,303.0,541,15.0,2.0,16.0,1.0,1.0,0.0,,,
9aaed6a3,ITQ96_CENTERED,404.0,541,18.0,1.0,19.0,2.0,2.0,0.0,,,
9aaed6a3,ITQ96_CENTERED,505.0,541,19.0,1.0,22.0,2.0,1.0,1.0,,,
9bbe84a2,SIGN96_CENTERED,,459,28.0,1.0,33.0,2.0,2.0,0.0,,,
9bbe84a2,ITQ96_CENTERED,101.0,459,12.0,1.0,15.0,2.0,2.0,0.0,,,
9bbe84a2,ITQ96_CENTERED,202.0,459,14.0,1.0,16.0,2.0,2.0,0.0,,,
9bbe84a2,ITQ96_CENTERED,303.0,459,17.0,4.0,17.0,4.0,3.0,1.0,,,
9bbe84a2,ITQ96_CENTERED,404.0,459,13.0,1.0,17.0,2.0,1.0,1.0,,,
9bbe84a2,ITQ96_CENTERED,505.0,459,15.0,2.0,16.0,2.0,1.0,1.0,,,
9d25d4e0,SIGN96_CENTERED,,493,29.0,1.0,33.0,2.0,1.0,1.0,,,
9d25d4e0,ITQ96_CENTERED,101.0,493,16.0,2.0,17.0,1.0,1.0,0.0,,,
9d25d4e0,ITQ96_CENTERED,202.0,493,16.0,1.0,19.0,2.0,2.0,0.0,,,
9d25d4e0,ITQ96_CENTERED,303.0,493,12.0,3.0,12.0,3.0,3.0,0.0,,,
9d25d4e0,ITQ96_CENTERED,404.0,493,11.0,1.0,15.0,3.0,2.0,1.0,,,
9d25d4e0,ITQ96_CENTERED,505.0,493,10.0,1.0,13.0,2.0,2.0,0.0,,,
9ea5eabc,SIGN96_CENTERED,,537,27.0,3.0,27.0,3.0,3.0,0.0,,,
9ea5eabc,ITQ96_CENTERED,101.0,537,11.0,1.0,12.0,3.0,2.0,1.0,,,
9ea5eabc,ITQ96_CENTERED,202.0,537,11.0,1.0,14.0,2.0,2.0,0.0,,,
9ea5eabc,ITQ96_CENTERED,303.0,537,14.0,1.0,17.0,2.0,1.0,1.0,,,
9ea5eabc,ITQ96_CENTERED,404.0,537,10.0,1.0,11.0,2.0,2.0,0.0,,,
9ea5eabc,ITQ96_CENTERED,505.0,537,9.0,1.0,14.0,1.0,1.0,0.0,,,
9ee3ecd6,SIGN96_CENTERED,,476,12.0,1.0,14.0,1.0,1.0,0.0,,,
9ee3ecd6,ITQ96_CENTERED,101.0,476,4.0,1.0,6.0,1.0,1.0,0.0,,,
9ee3ecd6,ITQ96_CENTERED,202.0,476,5.0,1.0,8.0,2.0,1.0,1.0,,,
9ee3ecd6,ITQ96_CENTERED,303.0,476,7.0,2.0,8.0,1.0,1.0,0.0,,,
9ee3ecd6,ITQ96_CENTERED,404.0,476,7.0,1.0,9.0,1.0,1.0,0.0,,,
9ee3ecd6,ITQ96_CENTERED,505.0,476,5.0,1.0,7.0,1.0,1.0,0.0,,,
a06e4cfe,SIGN96_CENTERED,,534,15.0,1.0,19.0,2.0,1.0,1.0,,,
a06e4cfe,ITQ96_CENTERED,101.0,534,5.0,1.0,8.0,1.0,1.0,0.0,,,
a06e4cfe,ITQ96_CENTERED,202.0,534,6.0,1.0,8.0,2.0,1.0,1.0,,,
a06e4cfe,ITQ96_CENTERED,303.0,534,7.0,3.0,7.0,3.0,3.0,0.0,,,
a06e4cfe,ITQ96_CENTERED,404.0,534,3.0,1.0,7.0,1.0,1.0,0.0,,,
a06e4cfe,ITQ96_CENTERED,505.0,534,3.0,1.0,7.0,1.0,1.0,0.0,,,
a08a253f,SIGN96_CENTERED,,560,12.0,1.0,22.0,1.0,1.0,0.0,,,
a08a253f,ITQ96_CENTERED,101.0,560,5.0,1.0,8.0,1.0,1.0,0.0,,,
a08a253f,ITQ96_CENTERED,202.0,560,10.0,2.0,11.0,4.0,1.0,1.0,,,
a08a253f,ITQ96_CENTERED,303.0,560,8.0,1.0,10.0,1.0,1.0,0.0,,,
a08a253f,ITQ96_CENTERED,404.0,560,3.0,1.0,8.0,1.0,1.0,0.0,,,
a08a253f,ITQ96_CENTERED,505.0,560,7.0,1.0,8.0,2.0,2.0,0.0,,,
a11281a2,SIGN96_CENTERED,,457,30.0,2.0,31.0,1.0,1.0,0.0,,,
a11281a2,ITQ96_CENTERED,101.0,457,9.0,1.0,14.0,1.0,1.0,0.0,,,
a11281a2,ITQ96_CENTERED,202.0,457,15.0,1.0,19.0,5.0,1.0,1.0,,,
a11281a2,ITQ96_CENTERED,303.0,457,10.0,2.0,11.0,2.0,1.0,1.0,,,
a11281a2,ITQ96_CENTERED,404.0,457,14.0,1.0,17.0,3.0,2.0,1.0,,,
a11281a2,ITQ96_CENTERED,505.0,457,15.0,1.0,16.0,4.0,2.0,1.0,,,
a1cc6108,SIGN96_CENTERED,,492,23.0,2.0,24.0,1.0,1.0,0.0,,,
a1cc6108,ITQ96_CENTERED,101.0,492,19.0,1.0,24.0,2.0,1.0,1.0,,,
a1cc6108,ITQ96_CENTERED,202.0,492,17.0,1.0,20.0,3.0,2.0,1.0,,,
a1cc6108,ITQ96_CENTERED,303.0,492,17.0,1.0,22.0,1.0,1.0,0.0,,,
a1cc6108,ITQ96_CENTERED,404.0,492,20.0,1.0,23.0,2.0,1.0,1.0,,,
a1cc6108,ITQ96_CENTERED,505.0,492,24.0,1.0,25.0,2.0,2.0,0.0,,,
a1eacc2a,SIGN96_CENTERED,,474,21.0,1.0,25.0,1.0,1.0,0.0,,,
a1eacc2a,ITQ96_CENTERED,101.0,474,14.0,1.0,19.0,3.0,1.0,1.0,,,
a1eacc2a,ITQ96_CENTERED,202.0,474,16.0,1.0,19.0,1.0,1.0,0.0,,,
a1eacc2a,ITQ96_CENTERED,303.0,474,15.0,1.0,17.0,1.0,1.0,0.0,,,
a1eacc2a,ITQ96_CENTERED,404.0,474,17.0,1.0,21.0,2.0,2.0,0.0,,,
a1eacc2a,ITQ96_CENTERED,505.0,474,14.0,1.0,16.0,1.0,1.0,0.0,,,
a2f3aa27,SIGN96_CENTERED,,448,24.0,1.0,30.0,2.0,1.0,1.0,,,
a2f3aa27,ITQ96_CENTERED,101.0,448,10.0,1.0,16.0,2.0,1.0,1.0,,,
a2f3aa27,ITQ96_CENTERED,202.0,448,11.0,1.0,15.0,3.0,2.0,1.0,,,
a2f3aa27,ITQ96_CENTERED,303.0,448,5.0,1.0,8.0,1.0,1.0,0.0,,,
a2f3aa27,ITQ96_CENTERED,404.0,448,13.0,4.0,13.0,4.0,3.0,1.0,,,
a2f3aa27,ITQ96_CENTERED,505.0,448,10.0,1.0,11.0,4.0,2.0,1.0,,,
a3045048,SIGN96_CENTERED,,584,12.0,1.0,25.0,2.0,1.0,1.0,,,
a3045048,ITQ96_CENTERED,101.0,584,10.0,1.0,15.0,2.0,2.0,0.0,,,
a3045048,ITQ96_CENTERED,202.0,584,9.0,1.0,14.0,1.0,1.0,0.0,,,
a3045048,ITQ96_CENTERED,303.0,584,8.0,1.0,12.0,1.0,1.0,0.0,,,
a3045048,ITQ96_CENTERED,404.0,584,13.0,1.0,16.0,1.0,1.0,0.0,,,
a3045048,ITQ96_CENTERED,505.0,584,9.0,1.0,13.0,1.0,1.0,0.0,,,
a3332713,SIGN96_CENTERED,,467,14.0,2.0,15.0,1.0,1.0,0.0,,,
a3332713,ITQ96_CENTERED,101.0,467,7.0,1.0,8.0,2.0,2.0,0.0,,,
a3332713,ITQ96_CENTERED,202.0,467,2.0,1.0,7.0,1.0,1.0,0.0,,,
a3332713,ITQ96_CENTERED,303.0,467,4.0,1.0,5.0,2.0,2.0,0.0,,,
a3332713,ITQ96_CENTERED,404.0,467,5.0,1.0,8.0,2.0,1.0,1.0,,,
a3332713,ITQ96_CENTERED,505.0,467,2.0,1.0,4.0,3.0,2.0,1.0,,,
a346bb18,SIGN96_CENTERED,,478,29.0,1.0,32.0,1.0,1.0,0.0,,,
a346bb18,ITQ96_CENTERED,101.0,478,13.0,1.0,15.0,2.0,1.0,1.0,,,
a346bb18,ITQ96_CENTERED,202.0,478,14.0,2.0,17.0,2.0,1.0,1.0,,,
a346bb18,ITQ96_CENTERED,303.0,478,12.0,2.0,14.0,1.0,1.0,0.0,,,
a346bb18,ITQ96_CENTERED,404.0,478,16.0,1.0,18.0,2.0,2.0,0.0,,,
a346bb18,ITQ96_CENTERED,505.0,478,12.0,1.0,15.0,1.0,1.0,0.0,,,
a3838d2b,SIGN96_CENTERED,,484,24.0,1.0,26.0,1.0,1.0,0.0,,,
a3838d2b,ITQ96_CENTERED,101.0,484,6.0,3.0,6.0,3.0,3.0,0.0,,,
a3838d2b,ITQ96_CENTERED,202.0,484,4.0,1.0,8.0,3.0,2.0,1.0,,,
a3838d2b,ITQ96_CENTERED,303.0,484,1.0,1.0,5.0,1.0,1.0,0.0,,,
a3838d2b,ITQ96_CENTERED,404.0,484,4.0,1.0,7.0,2.0,2.0,0.0,,,
a3838d2b,ITQ96_CENTERED,505.0,484,4.0,1.0,8.0,2.0,1.0,1.0,,,
a40e080f,SIGN96_CENTERED,,529,20.0,1.0,25.0,3.0,1.0,1.0,,,
a40e080f,ITQ96_CENTERED,101.0,529,1.0,4.0,1.0,4.0,3.0,1.0,,,
a40e080f,ITQ96_CENTERED,202.0,529,0.0,2.0,1.0,2.0,1.0,1.0,,,
a40e080f,ITQ96_CENTERED,303.0,529,0.0,2.0,1.0,4.0,1.0,1.0,,,
a40e080f,ITQ96_CENTERED,404.0,529,1.0,3.0,1.0,3.0,3.0,0.0,,,
a40e080f,ITQ96_CENTERED,505.0,529,0.0,2.0,1.0,5.0,1.0,1.0,,,
a4996e51,SIGN96_CENTERED,,512,19.0,1.0,27.0,2.0,2.0,0.0,,,
a4996e51,ITQ96_CENTERED,101.0,512,6.0,1.0,8.0,2.0,2.0,0.0,,,
a4996e51,ITQ96_CENTERED,202.0,512,4.0,2.0,5.0,2.0,1.0,1.0,,,
a4996e51,ITQ96_CENTERED,303.0,512,6.0,1.0,8.0,3.0,2.0,1.0,,,
a4996e51,ITQ96_CENTERED,404.0,512,6.0,2.0,10.0,1.0,1.0,0.0,,,
a4996e51,ITQ96_CENTERED,505.0,512,2.0,1.0,8.0,1.0,1.0,0.0,,,
a82c026e,SIGN96_CENTERED,,476,24.0,1.0,26.0,1.0,1.0,0.0,,,
a82c026e,ITQ96_CENTERED,101.0,476,18.0,1.0,21.0,3.0,2.0,1.0,,,
a82c026e,ITQ96_CENTERED,202.0,476,17.0,1.0,21.0,1.0,1.0,0.0,,,
a82c026e,ITQ96_CENTERED,303.0,476,15.0,2.0,16.0,1.0,1.0,0.0,,,
a82c026e,ITQ96_CENTERED,404.0,476,20.0,1.0,21.0,3.0,2.0,1.0,,,
a82c026e,ITQ96_CENTERED,505.0,476,18.0,1.0,20.0,1.0,1.0,0.0,,,
a89d7624,SIGN96_CENTERED,,496,26.0,1.0,30.0,2.0,1.0,1.0,,,
a89d7624,ITQ96_CENTERED,101.0,496,21.0,1.0,22.0,2.0,2.0,0.0,,,
a89d7624,ITQ96_CENTERED,202.0,496,16.0,2.0,18.0,3.0,1.0,1.0,,,
a89d7624,ITQ96_CENTERED,303.0,496,19.0,1.0,24.0,1.0,1.0,0.0,,,
a89d7624,ITQ96_CENTERED,404.0,496,19.0,1.0,21.0,2.0,1.0,1.0,,,
a89d7624,ITQ96_CENTERED,505.0,496,19.0,2.0,21.0,1.0,1.0,0.0,,,
a96c20ee,SIGN96_CENTERED,,489,20.0,2.0,29.0,1.0,1.0,0.0,,,
a96c20ee,ITQ96_CENTERED,101.0,489,14.0,1.0,17.0,7.0,1.0,1.0,,,
a96c20ee,ITQ96_CENTERED,202.0,489,13.0,1.0,16.0,2.0,1.0,1.0,,,
a96c20ee,ITQ96_CENTERED,303.0,489,13.0,1.0,15.0,2.0,2.0,0.0,,,
a96c20ee,ITQ96_CENTERED,404.0,489,11.0,1.0,16.0,1.0,1.0,0.0,,,
a96c20ee,ITQ96_CENTERED,505.0,489,12.0,1.0,13.0,2.0,2.0,0.0,,,
a9f6b44c,SIGN96_CENTERED,,476,30.0,1.0,33.0,2.0,2.0,0.0,,,
a9f6b44c,ITQ96_CENTERED,101.0,476,26.0,1.0,28.0,3.0,2.0,1.0,,,
a9f6b44c,ITQ96_CENTERED,202.0,476,26.0,1.0,28.0,3.0,2.0,1.0,,,
a9f6b44c,ITQ96_CENTERED,303.0,476,21.0,1.0,25.0,1.0,1.0,0.0,,,
a9f6b44c,ITQ96_CENTERED,404.0,476,23.0,2.0,25.0,1.0,1.0,0.0,,,
a9f6b44c,ITQ96_CENTERED,505.0,476,24.0,1.0,27.0,2.0,1.0,1.0,,,
aae3761f,SIGN96_CENTERED,,485,18.0,1.0,23.0,1.0,1.0,0.0,,,
aae3761f,ITQ96_CENTERED,101.0,485,13.0,2.0,18.0,1.0,1.0,0.0,,,
aae3761f,ITQ96_CENTERED,202.0,485,15.0,1.0,21.0,1.0,1.0,0.0,,,
aae3761f,ITQ96_CENTERED,303.0,485,17.0,2.0,18.0,2.0,1.0,1.0,,,
aae3761f,ITQ96_CENTERED,404.0,485,15.0,1.0,16.0,2.0,2.0,0.0,,,
aae3761f,ITQ96_CENTERED,505.0,485,16.0,1.0,17.0,2.0,2.0,0.0,,,
ac031881,SIGN96_CENTERED,,529,18.0,1.0,25.0,1.0,1.0,0.0,,,
ac031881,ITQ96_CENTERED,101.0,529,4.0,2.0,5.0,1.0,1.0,0.0,,,
ac031881,ITQ96_CENTERED,202.0,529,3.0,1.0,6.0,3.0,2.0,1.0,,,
ac031881,ITQ96_CENTERED,303.0,529,5.0,1.0,7.0,1.0,1.0,0.0,,,
ac031881,ITQ96_CENTERED,404.0,529,8.0,1.0,11.0,2.0,1.0,1.0,,,
ac031881,ITQ96_CENTERED,505.0,529,5.0,2.0,7.0,1.0,1.0,0.0,,,
ad7109d1,SIGN96_CENTERED,,466,31.0,1.0,33.0,2.0,2.0,0.0,,,
ad7109d1,ITQ96_CENTERED,101.0,466,26.0,2.0,27.0,3.0,1.0,1.0,,,
ad7109d1,ITQ96_CENTERED,202.0,466,25.0,1.0,26.0,2.0,2.0,0.0,,,
ad7109d1,ITQ96_CENTERED,303.0,466,25.0,1.0,28.0,1.0,1.0,0.0,,,
ad7109d1,ITQ96_CENTERED,404.0,466,23.0,1.0,26.0,1.0,1.0,0.0,,,
ad7109d1,ITQ96_CENTERED,505.0,466,23.0,1.0,24.0,2.0,2.0,0.0,,,
af082822,SIGN96_CENTERED,,495,29.0,1.0,32.0,1.0,1.0,0.0,,,
af082822,ITQ96_CENTERED,101.0,495,10.0,1.0,12.0,2.0,2.0,0.0,,,
af082822,ITQ96_CENTERED,202.0,495,18.0,1.0,19.0,2.0,2.0,0.0,,,
af082822,ITQ96_CENTERED,303.0,495,15.0,2.0,17.0,1.0,1.0,0.0,,,
af082822,ITQ96_CENTERED,404.0,495,13.0,1.0,15.0,1.0,1.0,0.0,,,
af082822,ITQ96_CENTERED,505.0,495,13.0,2.0,14.0,1.0,1.0,0.0,,,
af8d2e46,SIGN96_CENTERED,,495,16.0,1.0,20.0,2.0,2.0,0.0,,,
af8d2e46,ITQ96_CENTERED,101.0,495,7.0,1.0,9.0,2.0,1.0,1.0,,,
af8d2e46,ITQ96_CENTERED,202.0,495,9.0,1.0,10.0,2.0,2.0,0.0,,,
af8d2e46,ITQ96_CENTERED,303.0,495,10.0,3.0,10.0,3.0,3.0,0.0,,,
af8d2e46,ITQ96_CENTERED,404.0,495,6.0,1.0,9.0,1.0,1.0,0.0,,,
af8d2e46,ITQ96_CENTERED,505.0,495,7.0,1.0,10.0,1.0,1.0,0.0,,,
afdc33df,SIGN96_CENTERED,,502,21.0,1.0,24.0,1.0,1.0,0.0,,,
afdc33df,ITQ96_CENTERED,101.0,502,22.0,2.0,23.0,4.0,1.0,1.0,,,
afdc33df,ITQ96_CENTERED,202.0,502,18.0,1.0,20.0,3.0,1.0,1.0,,,
afdc33df,ITQ96_CENTERED,303.0,502,17.0,1.0,19.0,1.0,1.0,0.0,,,
afdc33df,ITQ96_CENTERED,404.0,502,21.0,2.0,22.0,2.0,1.0,1.0,,,
afdc33df,ITQ96_CENTERED,505.0,502,14.0,1.0,20.0,2.0,1.0,1.0,,,
affe2881,SIGN96_CENTERED,,484,22.0,1.0,29.0,1.0,1.0,0.0,,,
affe2881,ITQ96_CENTERED,101.0,484,13.0,1.0,20.0,1.0,1.0,0.0,,,
affe2881,ITQ96_CENTERED,202.0,484,14.0,1.0,17.0,1.0,1.0,0.0,,,
affe2881,ITQ96_CENTERED,303.0,484,14.0,2.0,17.0,1.0,1.0,0.0,,,
affe2881,ITQ96_CENTERED,404.0,484,16.0,1.0,18.0,2.0,2.0,0.0,,,
affe2881,ITQ96_CENTERED,505.0,484,14.0,1.0,16.0,1.0,1.0,0.0,,,
b01defab,SIGN96_CENTERED,,503,14.0,1.0,26.0,2.0,1.0,1.0,,,
b01defab,ITQ96_CENTERED,101.0,503,9.0,1.0,12.0,1.0,1.0,0.0,,,
b01defab,ITQ96_CENTERED,202.0,503,10.0,1.0,16.0,2.0,1.0,1.0,,,
b01defab,ITQ96_CENTERED,303.0,503,12.0,1.0,14.0,2.0,2.0,0.0,,,
b01defab,ITQ96_CENTERED,404.0,503,11.0,1.0,14.0,3.0,2.0,1.0,,,
b01defab,ITQ96_CENTERED,505.0,503,7.0,1.0,10.0,2.0,2.0,0.0,,,
b0479f84,SIGN96_CENTERED,,502,27.0,1.0,35.0,2.0,1.0,1.0,,,
b0479f84,ITQ96_CENTERED,101.0,502,32.0,2.0,33.0,1.0,1.0,0.0,,,
b0479f84,ITQ96_CENTERED,202.0,502,25.0,1.0,32.0,1.0,1.0,0.0,,,
b0479f84,ITQ96_CENTERED,303.0,502,29.0,2.0,30.0,1.0,1.0,0.0,,,
b0479f84,ITQ96_CENTERED,404.0,502,26.0,1.0,29.0,2.0,2.0,0.0,,,
b0479f84,ITQ96_CENTERED,505.0,502,31.0,3.0,31.0,3.0,3.0,0.0,,,
b29f3365,SIGN96_CENTERED,,494,22.0,2.0,23.0,1.0,1.0,0.0,,,
b29f3365,ITQ96_CENTERED,101.0,494,16.0,2.0,17.0,1.0,1.0,0.0,,,
b29f3365,ITQ96_CENTERED,202.0,494,17.0,2.0,19.0,1.0,1.0,0.0,,,
b29f3365,ITQ96_CENTERED,303.0,494,14.0,1.0,16.0,2.0,2.0,0.0,,,
b29f3365,ITQ96_CENTERED,404.0,494,19.0,1.0,20.0,2.0,2.0,0.0,,,
b29f3365,ITQ96_CENTERED,505.0,494,16.0,1.0,17.0,2.0,2.0,0.0,,,
b320f3f8,SIGN96_CENTERED,,463,26.0,1.0,29.0,1.0,1.0,0.0,,,
b320f3f8,ITQ96_CENTERED,101.0,463,11.0,1.0,16.0,2.0,2.0,0.0,,,
b320f3f8,ITQ96_CENTERED,202.0,463,16.0,1.0,17.0,2.0,2.0,0.0,,,
b320f3f8,ITQ96_CENTERED,303.0,463,14.0,1.0,20.0,2.0,1.0,1.0,,,
b320f3f8,ITQ96_CENTERED,404.0,463,11.0,1.0,15.0,1.0,1.0,0.0,,,
b320f3f8,ITQ96_CENTERED,505.0,463,11.0,1.0,16.0,1.0,1.0,0.0,,,
b3c15d39,SIGN96_CENTERED,,502,15.0,1.0,23.0,1.0,1.0,0.0,,,
b3c15d39,ITQ96_CENTERED,101.0,502,7.0,1.0,10.0,1.0,1.0,0.0,,,
b3c15d39,ITQ96_CENTERED,202.0,502,8.0,2.0,10.0,1.0,1.0,0.0,,,
b3c15d39,ITQ96_CENTERED,303.0,502,5.0,1.0,10.0,1.0,1.0,0.0,,,
b3c15d39,ITQ96_CENTERED,404.0,502,6.0,2.0,10.0,1.0,1.0,0.0,,,
b3c15d39,ITQ96_CENTERED,505.0,502,8.0,1.0,12.0,1.0,1.0,0.0,,,
b46e15ed,SIGN96_CENTERED,,478,27.0,1.0,29.0,1.0,1.0,0.0,,,
b46e15ed,ITQ96_CENTERED,101.0,478,19.0,1.0,21.0,2.0,1.0,1.0,,,
b46e15ed,ITQ96_CENTERED,202.0,478,18.0,1.0,20.0,2.0,2.0,0.0,,,
b46e15ed,ITQ96_CENTERED,303.0,478,20.0,1.0,24.0,1.0,1.0,0.0,,,
b46e15ed,ITQ96_CENTERED,404.0,478,22.0,1.0,23.0,4.0,2.0,1.0,,,
b46e15ed,ITQ96_CENTERED,505.0,478,21.0,3.0,21.0,3.0,3.0,0.0,,,
b46e15ee,SIGN96_CENTERED,,457,26.0,1.0,28.0,1.0,1.0,0.0,,,
b46e15ee,ITQ96_CENTERED,101.0,457,16.0,1.0,25.0,1.0,1.0,0.0,,,
b46e15ee,ITQ96_CENTERED,202.0,457,16.0,1.0,23.0,1.0,1.0,0.0,,,
b46e15ee,ITQ96_CENTERED,303.0,457,19.0,1.0,25.0,1.0,1.0,0.0,,,
b46e15ee,ITQ96_CENTERED,404.0,457,18.0,1.0,25.0,1.0,1.0,0.0,,,
b46e15ee,ITQ96_CENTERED,505.0,457,24.0,2.0,25.0,1.0,1.0,0.0,,,
b5ef892d,SIGN96_CENTERED,,516,25.0,1.0,30.0,1.0,1.0,0.0,,,
b5ef892d,ITQ96_CENTERED,101.0,516,25.0,2.0,26.0,1.0,1.0,0.0,,,
b5ef892d,ITQ96_CENTERED,202.0,516,21.0,2.0,23.0,1.0,1.0,0.0,,,
b5ef892d,ITQ96_CENTERED,303.0,516,19.0,2.0,20.0,1.0,1.0,0.0,,,
b5ef892d,ITQ96_CENTERED,404.0,516,23.0,1.0,25.0,2.0,1.0,1.0,,,
b5ef892d,ITQ96_CENTERED,505.0,516,31.0,7.0,31.0,7.0,3.0,1.0,,,
b6019101,SIGN96_CENTERED,,510,21.0,1.0,24.0,1.0,1.0,0.0,,,
b6019101,ITQ96_CENTERED,101.0,510,9.0,1.0,13.0,3.0,1.0,1.0,,,
b6019101,ITQ96_CENTERED,202.0,510,6.0,1.0,9.0,2.0,1.0,1.0,,,
b6019101,ITQ96_CENTERED,303.0,510,5.0,1.0,7.0,2.0,2.0,0.0,,,
b6019101,ITQ96_CENTERED,404.0,510,7.0,1.0,10.0,1.0,1.0,0.0,,,
b6019101,ITQ96_CENTERED,505.0,510,5.0,1.0,10.0,1.0,1.0,0.0,,,
b6025781,SIGN96_CENTERED,,460,19.0,1.0,23.0,1.0,1.0,0.0,,,
b6025781,ITQ96_CENTERED,101.0,460,8.0,1.0,15.0,1.0,1.0,0.0,,,
b6025781,ITQ96_CENTERED,202.0,460,9.0,1.0,15.0,1.0,1.0,0.0,,,
b6025781,ITQ96_CENTERED,303.0,460,5.0,1.0,10.0,1.0,1.0,0.0,,,
b6025781,ITQ96_CENTERED,404.0,460,9.0,2.0,11.0,1.0,1.0,0.0,,,
b6025781,ITQ96_CENTERED,505.0,460,4.0,1.0,7.0,1.0,1.0,0.0,,,
b759caee,SIGN96_CENTERED,,516,15.0,1.0,26.0,1.0,1.0,0.0,,,
b759caee,ITQ96_CENTERED,101.0,516,19.0,1.0,20.0,3.0,2.0,1.0,,,
b759caee,ITQ96_CENTERED,202.0,516,21.0,2.0,22.0,2.0,1.0,1.0,,,
b759caee,ITQ96_CENTERED,303.0,516,21.0,1.0,22.0,3.0,2.0,1.0,,,
b759caee,ITQ96_CENTERED,404.0,516,17.0,1.0,21.0,2.0,2.0,0.0,,,
b759caee,ITQ96_CENTERED,505.0,516,19.0,2.0,22.0,3.0,1.0,1.0,,,
b86304ba,SIGN96_CENTERED,,456,27.0,1.0,31.0,1.0,1.0,0.0,,,
b86304ba,ITQ96_CENTERED,101.0,456,17.0,2.0,19.0,1.0,1.0,0.0,,,
b86304ba,ITQ96_CENTERED,202.0,456,20.0,1.0,21.0,4.0,2.0,1.0,,,
b86304ba,ITQ96_CENTERED,303.0,456,14.0,1.0,17.0,2.0,2.0,0.0,,,
b86304ba,ITQ96_CENTERED,404.0,456,17.0,2.0,18.0,3.0,1.0,1.0,,,
b86304ba,ITQ96_CENTERED,505.0,456,16.0,1.0,18.0,2.0,1.0,1.0,,,
b9cfe692,SIGN96_CENTERED,,492,18.0,1.0,27.0,1.0,1.0,0.0,,,
b9cfe692,ITQ96_CENTERED,101.0,492,10.0,1.0,12.0,2.0,2.0,0.0,,,
b9cfe692,ITQ96_CENTERED,202.0,492,7.0,1.0,14.0,1.0,1.0,0.0,,,
b9cfe692,ITQ96_CENTERED,303.0,492,10.0,1.0,14.0,1.0,1.0,0.0,,,
b9cfe692,ITQ96_CENTERED,404.0,492,10.0,1.0,13.0,1.0,1.0,0.0,,,
b9cfe692,ITQ96_CENTERED,505.0,492,8.0,1.0,12.0,1.0,1.0,0.0,,,
ba358f49,SIGN96_CENTERED,,409,21.0,1.0,36.0,3.0,1.0,1.0,,,
ba358f49,ITQ96_CENTERED,101.0,409,24.0,2.0,25.0,1.0,1.0,0.0,,,
ba358f49,ITQ96_CENTERED,202.0,409,21.0,1.0,24.0,1.0,1.0,0.0,,,
ba358f49,ITQ96_CENTERED,303.0,409,14.0,1.0,25.0,1.0,1.0,0.0,,,
ba358f49,ITQ96_CENTERED,404.0,409,22.0,1.0,28.0,2.0,1.0,1.0,,,
ba358f49,ITQ96_CENTERED,505.0,409,18.0,1.0,24.0,1.0,1.0,0.0,,,
ba61f0b9,SIGN96_CENTERED,,454,16.0,1.0,24.0,1.0,1.0,0.0,,,
ba61f0b9,ITQ96_CENTERED,101.0,454,4.0,1.0,6.0,2.0,2.0,0.0,,,
ba61f0b9,ITQ96_CENTERED,202.0,454,6.0,1.0,9.0,2.0,1.0,1.0,,,
ba61f0b9,ITQ96_CENTERED,303.0,454,6.0,1.0,8.0,1.0,1.0,0.0,,,
ba61f0b9,ITQ96_CENTERED,404.0,454,7.0,3.0,7.0,3.0,3.0,0.0,,,
ba61f0b9,ITQ96_CENTERED,505.0,454,6.0,1.0,8.0,1.0,1.0,0.0,,,
bb7c3b45,SIGN96_CENTERED,,495,24.0,1.0,32.0,1.0,1.0,0.0,,,
bb7c3b45,ITQ96_CENTERED,101.0,495,8.0,2.0,9.0,3.0,1.0,1.0,,,
bb7c3b45,ITQ96_CENTERED,202.0,495,5.0,1.0,7.0,1.0,1.0,0.0,,,
bb7c3b45,ITQ96_CENTERED,303.0,495,5.0,1.0,8.0,1.0,1.0,0.0,,,
bb7c3b45,ITQ96_CENTERED,404.0,495,3.0,1.0,6.0,1.0,1.0,0.0,,,
bb7c3b45,ITQ96_CENTERED,505.0,495,4.0,1.0,7.0,1.0,1.0,0.0,,,
bbf86515,SIGN96_CENTERED,,487,20.0,1.0,24.0,2.0,2.0,0.0,,,
bbf86515,ITQ96_CENTERED,101.0,487,5.0,1.0,8.0,1.0,1.0,0.0,,,
bbf86515,ITQ96_CENTERED,202.0,487,7.0,2.0,9.0,2.0,1.0,1.0,,,
bbf86515,ITQ96_CENTERED,303.0,487,7.0,2.0,8.0,1.0,1.0,0.0,,,
bbf86515,ITQ96_CENTERED,404.0,487,7.0,1.0,10.0,1.0,1.0,0.0,,,
bbf86515,ITQ96_CENTERED,505.0,487,8.0,1.0,10.0,1.0,1.0,0.0,,,
bc149d6b,SIGN96_CENTERED,,467,22.0,1.0,25.0,2.0,2.0,0.0,,,
bc149d6b,ITQ96_CENTERED,101.0,467,10.0,1.0,13.0,2.0,2.0,0.0,,,
bc149d6b,ITQ96_CENTERED,202.0,467,8.0,1.0,10.0,1.0,1.0,0.0,,,
bc149d6b,ITQ96_CENTERED,303.0,467,14.0,3.0,14.0,3.0,3.0,0.0,,,
bc149d6b,ITQ96_CENTERED,404.0,467,9.0,1.0,11.0,2.0,2.0,0.0,,,
bc149d6b,ITQ96_CENTERED,505.0,467,11.0,1.0,12.0,2.0,2.0,0.0,,,
bc8a6e93,SIGN96_CENTERED,,537,18.0,1.0,27.0,1.0,1.0,0.0,,,
bc8a6e93,ITQ96_CENTERED,101.0,537,21.0,2.0,23.0,3.0,1.0,1.0,,,
bc8a6e93,ITQ96_CENTERED,202.0,537,12.0,1.0,17.0,1.0,1.0,0.0,,,
bc8a6e93,ITQ96_CENTERED,303.0,537,16.0,3.0,16.0,3.0,3.0,0.0,,,
bc8a6e93,ITQ96_CENTERED,404.0,537,14.0,1.0,17.0,1.0,1.0,0.0,,,
bc8a6e93,ITQ96_CENTERED,505.0,537,17.0,1.0,19.0,1.0,1.0,0.0,,,
bcbe585f,SIGN96_CENTERED,,453,17.0,1.0,33.0,1.0,1.0,0.0,,,
bcbe585f,ITQ96_CENTERED,101.0,453,8.0,1.0,15.0,2.0,1.0,1.0,,,
bcbe585f,ITQ96_CENTERED,202.0,453,6.0,1.0,15.0,1.0,1.0,0.0,,,
bcbe585f,ITQ96_CENTERED,303.0,453,11.0,1.0,15.0,1.0,1.0,0.0,,,
bcbe585f,ITQ96_CENTERED,404.0,453,10.0,1.0,14.0,1.0,1.0,0.0,,,
bcbe585f,ITQ96_CENTERED,505.0,453,7.0,1.0,14.0,1.0,1.0,0.0,,,
bf659f65,SIGN96_CENTERED,,516,29.0,1.0,33.0,1.0,1.0,0.0,,,
bf659f65,ITQ96_CENTERED,101.0,516,16.0,1.0,17.0,2.0,2.0,0.0,,,
bf659f65,ITQ96_CENTERED,202.0,516,11.0,1.0,17.0,1.0,1.0,0.0,,,
bf659f65,ITQ96_CENTERED,303.0,516,16.0,1.0,18.0,2.0,2.0,0.0,,,
bf659f65,ITQ96_CENTERED,404.0,516,15.0,1.0,16.0,3.0,2.0,1.0,,,
bf659f65,ITQ96_CENTERED,505.0,516,13.0,1.0,15.0,1.0,1.0,0.0,,,
c14c00dd,SIGN96_CENTERED,,492,32.0,1.0,33.0,2.0,2.0,0.0,,,
c14c00dd,ITQ96_CENTERED,101.0,492,23.0,1.0,26.0,2.0,2.0,0.0,,,
c14c00dd,ITQ96_CENTERED,202.0,492,18.0,1.0,26.0,2.0,2.0,0.0,,,
c14c00dd,ITQ96_CENTERED,303.0,492,22.0,1.0,30.0,4.0,1.0,1.0,,,
c14c00dd,ITQ96_CENTERED,404.0,492,25.0,1.0,27.0,2.0,2.0,0.0,,,
c14c00dd,ITQ96_CENTERED,505.0,492,29.0,1.0,30.0,2.0,2.0,0.0,,,
c18a7dc8,SIGN96_CENTERED,,509,32.0,1.0,34.0,2.0,2.0,0.0,,,
c18a7dc8,ITQ96_CENTERED,101.0,509,25.0,1.0,27.0,3.0,1.0,1.0,,,
c18a7dc8,ITQ96_CENTERED,202.0,509,23.0,2.0,24.0,2.0,1.0,1.0,,,
c18a7dc8,ITQ96_CENTERED,303.0,509,22.0,1.0,25.0,5.0,1.0,1.0,,,
c18a7dc8,ITQ96_CENTERED,404.0,509,24.0,2.0,25.0,1.0,1.0,0.0,,,
c18a7dc8,ITQ96_CENTERED,505.0,509,25.0,1.0,28.0,2.0,2.0,0.0,,,
c19f7a0b,SIGN96_CENTERED,,478,23.0,1.0,33.0,2.0,1.0,1.0,,,
c19f7a0b,ITQ96_CENTERED,101.0,478,16.0,1.0,18.0,1.0,1.0,0.0,,,
c19f7a0b,ITQ96_CENTERED,202.0,478,14.0,2.0,15.0,1.0,1.0,0.0,,,
c19f7a0b,ITQ96_CENTERED,303.0,478,15.0,1.0,18.0,1.0,1.0,0.0,,,
c19f7a0b,ITQ96_CENTERED,404.0,478,16.0,1.0,18.0,2.0,1.0,1.0,,,
c19f7a0b,ITQ96_CENTERED,505.0,478,18.0,3.0,18.0,3.0,3.0,0.0,,,
c2ac3c61,SIGN96_CENTERED,,528,20.0,1.0,27.0,1.0,1.0,0.0,,,
c2ac3c61,ITQ96_CENTERED,101.0,528,12.0,1.0,18.0,2.0,1.0,1.0,,,
c2ac3c61,ITQ96_CENTERED,202.0,528,13.0,1.0,15.0,2.0,2.0,0.0,,,
c2ac3c61,ITQ96_CENTERED,303.0,528,10.0,1.0,15.0,1.0,1.0,0.0,,,
c2ac3c61,ITQ96_CENTERED,404.0,528,6.0,1.0,12.0,1.0,1.0,0.0,,,
c2ac3c61,ITQ96_CENTERED,505.0,528,10.0,1.0,15.0,1.0,1.0,0.0,,,
c4a1ceb8,SIGN96_CENTERED,,488,21.0,1.0,32.0,1.0,1.0,0.0,,,
c4a1ceb8,ITQ96_CENTERED,101.0,488,21.0,1.0,22.0,2.0,2.0,0.0,,,
c4a1ceb8,ITQ96_CENTERED,202.0,488,18.0,1.0,21.0,1.0,1.0,0.0,,,
c4a1ceb8,ITQ96_CENTERED,303.0,488,15.0,1.0,19.0,2.0,1.0,1.0,,,
c4a1ceb8,ITQ96_CENTERED,404.0,488,20.0,1.0,23.0,2.0,1.0,1.0,,,
c4a1ceb8,ITQ96_CENTERED,505.0,488,20.0,1.0,23.0,1.0,1.0,0.0,,,
c4ea545c,SIGN96_CENTERED,,490,33.0,1.0,34.0,2.0,2.0,0.0,,,
c4ea545c,ITQ96_CENTERED,101.0,490,25.0,1.0,27.0,3.0,1.0,1.0,,,
c4ea545c,ITQ96_CENTERED,202.0,490,25.0,1.0,27.0,1.0,1.0,0.0,,,
c4ea545c,ITQ96_CENTERED,303.0,490,27.0,1.0,29.0,4.0,1.0,1.0,,,
c4ea545c,ITQ96_CENTERED,404.0,490,21.0,1.0,23.0,3.0,1.0,1.0,,,
c4ea545c,ITQ96_CENTERED,505.0,490,23.0,2.0,24.0,2.0,1.0,1.0,,,
c4f10528,SIGN96_CENTERED,,485,20.0,2.0,25.0,1.0,1.0,0.0,,,
c4f10528,ITQ96_CENTERED,101.0,485,8.0,1.0,10.0,1.0,1.0,0.0,,,
c4f10528,ITQ96_CENTERED,202.0,485,9.0,1.0,11.0,1.0,1.0,0.0,,,
c4f10528,ITQ96_CENTERED,303.0,485,9.0,1.0,15.0,2.0,1.0,1.0,,,
c4f10528,ITQ96_CENTERED,404.0,485,13.0,2.0,14.0,1.0,1.0,0.0,,,
c4f10528,ITQ96_CENTERED,505.0,485,12.0,1.0,14.0,1.0,1.0,0.0,,,
c5e8278d,SIGN96_CENTERED,,469,16.0,1.0,26.0,1.0,1.0,0.0,,,
c5e8278d,ITQ96_CENTERED,101.0,469,9.0,1.0,13.0,2.0,2.0,0.0,,,
c5e8278d,ITQ96_CENTERED,202.0,469,10.0,3.0,10.0,3.0,3.0,0.0,,,
c5e8278d,ITQ96_CENTERED,303.0,469,7.0,1.0,9.0,1.0,1.0,0.0,,,
c5e8278d,ITQ96_CENTERED,404.0,469,10.0,3.0,10.0,3.0,3.0,0.0,,,
c5e8278d,ITQ96_CENTERED,505.0,469,11.0,1.0,13.0,1.0,1.0,0.0,,,
c6853660,SIGN96_CENTERED,,477,23.0,1.0,28.0,1.0,1.0,0.0,,,
c6853660,ITQ96_CENTERED,101.0,477,6.0,1.0,10.0,1.0,1.0,0.0,,,
c6853660,ITQ96_CENTERED,202.0,477,8.0,1.0,11.0,2.0,1.0,1.0,,,
c6853660,ITQ96_CENTERED,303.0,477,9.0,2.0,11.0,1.0,1.0,0.0,,,
c6853660,ITQ96_CENTERED,404.0,477,10.0,1.0,14.0,1.0,1.0,0.0,,,
c6853660,ITQ96_CENTERED,505.0,477,8.0,1.0,9.0,3.0,2.0,1.0,,,
c7cf7dfd,SIGN96_CENTERED,,520,17.0,1.0,20.0,1.0,1.0,0.0,,,
c7cf7dfd,ITQ96_CENTERED,101.0,520,0.0,1.0,1.0,3.0,2.0,1.0,,,
c7cf7dfd,ITQ96_CENTERED,202.0,520,2.0,1.0,3.0,2.0,2.0,0.0,,,
c7cf7dfd,ITQ96_CENTERED,303.0,520,0.0,1.0,2.0,6.0,2.0,1.0,,,
c7cf7dfd,ITQ96_CENTERED,404.0,520,1.0,1.0,3.0,2.0,1.0,1.0,,,
c7cf7dfd,ITQ96_CENTERED,505.0,520,0.0,2.0,1.0,2.0,1.0,1.0,,,
c7dc5443,SIGN96_CENTERED,,478,25.0,1.0,30.0,1.0,1.0,0.0,,,
c7dc5443,ITQ96_CENTERED,101.0,478,9.0,1.0,13.0,1.0,1.0,0.0,,,
c7dc5443,ITQ96_CENTERED,202.0,478,13.0,1.0,17.0,1.0,1.0,0.0,,,
c7dc5443,ITQ96_CENTERED,303.0,478,14.0,1.0,17.0,2.0,1.0,1.0,,,
c7dc5443,ITQ96_CENTERED,404.0,478,14.0,1.0,16.0,1.0,1.0,0.0,,,
c7dc5443,ITQ96_CENTERED,505.0,478,14.0,2.0,16.0,1.0,1.0,0.0,,,
c8090214,SIGN96_CENTERED,,459,22.0,1.0,29.0,1.0,1.0,0.0,,,
c8090214,ITQ96_CENTERED,101.0,459,20.0,1.0,21.0,2.0,2.0,0.0,,,
c8090214,ITQ96_CENTERED,202.0,459,13.0,1.0,23.0,2.0,1.0,1.0,,,
c8090214,ITQ96_CENTERED,303.0,459,19.0,1.0,21.0,2.0,2.0,0.0,,,
c8090214,ITQ96_CENTERED,404.0,459,18.0,1.0,20.0,4.0,2.0,1.0,,,
c8090214,ITQ96_CENTERED,505.0,459,19.0,3.0,19.0,3.0,3.0,0.0,,,
c8c3f81d,SIGN96_CENTERED,,487,24.0,1.0,27.0,1.0,1.0,0.0,,,
c8c3f81d,ITQ96_CENTERED,101.0,487,5.0,1.0,8.0,1.0,1.0,0.0,,,
c8c3f81d,ITQ96_CENTERED,202.0,487,5.0,1.0,7.0,2.0,2.0,0.0,,,
c8c3f81d,ITQ96_CENTERED,303.0,487,8.0,1.0,10.0,1.0,1.0,0.0,,,
c8c3f81d,ITQ96_CENTERED,404.0,487,5.0,2.0,6.0,1.0,1.0,0.0,,,
c8c3f81d,ITQ96_CENTERED,505.0,487,5.0,2.0,6.0,1.0,1.0,0.0,,,
c8f1aeed,SIGN96_CENTERED,,504,17.0,1.0,20.0,1.0,1.0,0.0,,,
c8f1aeed,ITQ96_CENTERED,101.0,504,3.0,1.0,6.0,1.0,1.0,0.0,,,
c8f1aeed,ITQ96_CENTERED,202.0,504,0.0,1.0,3.0,1.0,1.0,0.0,,,
c8f1aeed,ITQ96_CENTERED,303.0,504,3.0,1.0,6.0,1.0,1.0,0.0,,,
c8f1aeed,ITQ96_CENTERED,404.0,504,4.0,2.0,5.0,2.0,1.0,1.0,,,
c8f1aeed,ITQ96_CENTERED,505.0,504,3.0,2.0,4.0,1.0,1.0,0.0,,,
c960da58,SIGN96_CENTERED,,504,15.0,1.0,22.0,1.0,1.0,0.0,,,
c960da58,ITQ96_CENTERED,101.0,504,6.0,1.0,8.0,3.0,2.0,1.0,,,
c960da58,ITQ96_CENTERED,202.0,504,4.0,2.0,5.0,1.0,1.0,0.0,,,
c960da58,ITQ96_CENTERED,303.0,504,7.0,1.0,11.0,3.0,1.0,1.0,,,
c960da58,ITQ96_CENTERED,404.0,504,6.0,3.0,6.0,3.0,3.0,0.0,,,
c960da58,ITQ96_CENTERED,505.0,504,4.0,1.0,8.0,2.0,1.0,1.0,,,
c9f37c46,SIGN96_CENTERED,,511,22.0,2.0,24.0,1.0,1.0,0.0,,,
c9f37c46,ITQ96_CENTERED,101.0,511,14.0,1.0,19.0,1.0,1.0,0.0,,,
c9f37c46,ITQ96_CENTERED,202.0,511,11.0,1.0,21.0,3.0,1.0,1.0,,,
c9f37c46,ITQ96_CENTERED,303.0,511,14.0,1.0,20.0,1.0,1.0,0.0,,,
c9f37c46,ITQ96_CENTERED,404.0,511,16.0,1.0,18.0,1.0,1.0,0.0,,,
c9f37c46,ITQ96_CENTERED,505.0,511,14.0,1.0,20.0,1.0,1.0,0.0,,,
caf03d32,SIGN96_CENTERED,,493,21.0,1.0,28.0,1.0,1.0,0.0,,,
caf03d32,ITQ96_CENTERED,101.0,493,5.0,1.0,7.0,1.0,1.0,0.0,,,
caf03d32,ITQ96_CENTERED,202.0,493,8.0,1.0,13.0,2.0,1.0,1.0,,,
caf03d32,ITQ96_CENTERED,303.0,493,7.0,2.0,11.0,1.0,1.0,0.0,,,
caf03d32,ITQ96_CENTERED,404.0,493,6.0,1.0,9.0,3.0,1.0,1.0,,,
caf03d32,ITQ96_CENTERED,505.0,493,9.0,1.0,11.0,3.0,1.0,1.0,,,
caf9ead2,SIGN96_CENTERED,,466,20.0,1.0,31.0,3.0,1.0,1.0,,,
caf9ead2,ITQ96_CENTERED,101.0,466,8.0,1.0,9.0,2.0,2.0,0.0,,,
caf9ead2,ITQ96_CENTERED,202.0,466,9.0,2.0,10.0,4.0,1.0,1.0,,,
caf9ead2,ITQ96_CENTERED,303.0,466,9.0,1.0,10.0,3.0,2.0,1.0,,,
caf9ead2,ITQ96_CENTERED,404.0,466,13.0,1.0,15.0,1.0,1.0,0.0,,,
caf9ead2,ITQ96_CENTERED,505.0,466,7.0,1.0,10.0,1.0,1.0,0.0,,,
cc06de0d,SIGN96_CENTERED,,462,18.0,1.0,31.0,1.0,1.0,0.0,,,
cc06de0d,ITQ96_CENTERED,101.0,462,10.0,1.0,14.0,2.0,1.0,1.0,,,
cc06de0d,ITQ96_CENTERED,202.0,462,11.0,2.0,14.0,2.0,1.0,1.0,,,
cc06de0d,ITQ96_CENTERED,303.0,462,12.0,1.0,18.0,1.0,1.0,0.0,,,
cc06de0d,ITQ96_CENTERED,404.0,462,7.0,1.0,15.0,2.0,1.0,1.0,,,
cc06de0d,ITQ96_CENTERED,505.0,462,5.0,1.0,16.0,1.0,1.0,0.0,,,
cc539528,SIGN96_CENTERED,,496,21.0,1.0,25.0,1.0,1.0,0.0,,,
cc539528,ITQ96_CENTERED,101.0,496,1.0,4.0,1.0,4.0,3.0,1.0,,,
cc539528,ITQ96_CENTERED,202.0,496,1.0,2.0,2.0,3.0,1.0,1.0,,,
cc539528,ITQ96_CENTERED,303.0,496,1.0,5.0,1.0,5.0,3.0,1.0,,,
cc539528,ITQ96_CENTERED,404.0,496,3.0,2.0,5.0,5.0,1.0,1.0,,,
cc539528,ITQ96_CENTERED,505.0,496,0.0,1.0,2.0,2.0,1.0,1.0,,,
cc5ded98,SIGN96_CENTERED,,493,26.0,1.0,27.0,2.0,2.0,0.0,,,
cc5ded98,ITQ96_CENTERED,101.0,493,9.0,1.0,12.0,1.0,1.0,0.0,,,
cc5ded98,ITQ96_CENTERED,202.0,493,13.0,1.0,15.0,2.0,2.0,0.0,,,
cc5ded98,ITQ96_CENTERED,303.0,493,11.0,1.0,12.0,2.0,2.0,0.0,,,
cc5ded98,ITQ96_CENTERED,404.0,493,12.0,1.0,14.0,3.0,1.0,1.0,,,
cc5ded98,ITQ96_CENTERED,505.0,493,8.0,1.0,11.0,2.0,1.0,1.0,,,
cc6d1ec1,SIGN96_CENTERED,,457,17.0,1.0,29.0,2.0,1.0,1.0,,,
cc6d1ec1,ITQ96_CENTERED,101.0,457,15.0,3.0,15.0,3.0,3.0,0.0,,,
cc6d1ec1,ITQ96_CENTERED,202.0,457,11.0,1.0,13.0,2.0,2.0,0.0,,,
cc6d1ec1,ITQ96_CENTERED,303.0,457,10.0,1.0,18.0,1.0,1.0,0.0,,,
cc6d1ec1,ITQ96_CENTERED,404.0,457,8.0,2.0,18.0,1.0,1.0,0.0,,,
cc6d1ec1,ITQ96_CENTERED,505.0,457,12.0,1.0,18.0,1.0,1.0,0.0,,,
ccb36322,SIGN96_CENTERED,,471,30.0,1.0,32.0,2.0,2.0,0.0,,,
ccb36322,ITQ96_CENTERED,101.0,471,26.0,1.0,29.0,2.0,1.0,1.0,,,
ccb36322,ITQ96_CENTERED,202.0,471,29.0,1.0,33.0,4.0,1.0,1.0,,,
ccb36322,ITQ96_CENTERED,303.0,471,27.0,1.0,29.0,2.0,2.0,0.0,,,
ccb36322,ITQ96_CENTERED,404.0,471,28.0,1.0,30.0,1.0,1.0,0.0,,,
ccb36322,ITQ96_CENTERED,505.0,471,27.0,2.0,30.0,1.0,1.0,0.0,,,
ce6d2d27,SIGN96_CENTERED,,521,18.0,1.0,22.0,2.0,2.0,0.0,,,
ce6d2d27,ITQ96_CENTERED,101.0,521,8.0,1.0,12.0,1.0,1.0,0.0,,,
ce6d2d27,ITQ96_CENTERED,202.0,521,11.0,2.0,15.0,1.0,1.0,0.0,,,
ce6d2d27,ITQ96_CENTERED,303.0,521,6.0,1.0,12.0,2.0,1.0,1.0,,,
ce6d2d27,ITQ96_CENTERED,404.0,521,8.0,2.0,11.0,1.0,1.0,0.0,,,
ce6d2d27,ITQ96_CENTERED,505.0,521,9.0,1.0,12.0,2.0,2.0,0.0,,,
ceb54acb,SIGN96_CENTERED,,493,18.0,1.0,30.0,1.0,1.0,0.0,,,
ceb54acb,ITQ96_CENTERED,101.0,493,24.0,2.0,33.0,2.0,1.0,1.0,,,
ceb54acb,ITQ96_CENTERED,202.0,493,25.0,2.0,26.0,1.0,1.0,0.0,,,
ceb54acb,ITQ96_CENTERED,303.0,493,23.0,1.0,28.0,1.0,1.0,0.0,,,
ceb54acb,ITQ96_CENTERED,404.0,493,21.0,1.0,33.0,1.0,1.0,0.0,,,
ceb54acb,ITQ96_CENTERED,505.0,493,20.0,2.0,29.0,1.0,1.0,0.0,,,
cf22b7bf,SIGN96_CENTERED,,550,21.0,1.0,31.0,1.0,1.0,0.0,,,
cf22b7bf,ITQ96_CENTERED,101.0,550,21.0,1.0,24.0,3.0,1.0,1.0,,,
cf22b7bf,ITQ96_CENTERED,202.0,550,22.0,2.0,23.0,1.0,1.0,0.0,,,
cf22b7bf,ITQ96_CENTERED,303.0,550,22.0,1.0,25.0,3.0,1.0,1.0,,,
cf22b7bf,ITQ96_CENTERED,404.0,550,23.0,1.0,26.0,4.0,1.0,1.0,,,
cf22b7bf,ITQ96_CENTERED,505.0,550,23.0,2.0,25.0,1.0,1.0,0.0,,,
d01c6aa8,SIGN96_CENTERED,,429,24.0,1.0,32.0,2.0,1.0,1.0,,,
d01c6aa8,ITQ96_CENTERED,101.0,429,5.0,1.0,8.0,3.0,2.0,1.0,,,
d01c6aa8,ITQ96_CENTERED,202.0,429,6.0,1.0,9.0,3.0,2.0,1.0,,,
d01c6aa8,ITQ96_CENTERED,303.0,429,9.0,1.0,16.0,3.0,2.0,1.0,,,
d01c6aa8,ITQ96_CENTERED,404.0,429,10.0,1.0,13.0,3.0,2.0,1.0,,,
d01c6aa8,ITQ96_CENTERED,505.0,429,7.0,1.0,8.0,3.0,2.0,1.0,,,
d23cf73b,SIGN96_CENTERED,,512,32.0,1.0,33.0,3.0,2.0,1.0,,,
d23cf73b,ITQ96_CENTERED,101.0,512,18.0,1.0,21.0,2.0,2.0,0.0,,,
d23cf73b,ITQ96_CENTERED,202.0,512,18.0,1.0,22.0,3.0,2.0,1.0,,,
d23cf73b,ITQ96_CENTERED,303.0,512,20.0,1.0,23.0,1.0,1.0,0.0,,,
d23cf73b,ITQ96_CENTERED,404.0,512,22.0,2.0,23.0,2.0,1.0,1.0,,,
d23cf73b,ITQ96_CENTERED,505.0,512,19.0,1.0,21.0,1.0,1.0,0.0,,,
d24813b1,SIGN96_CENTERED,,485,31.0,1.0,33.0,1.0,1.0,0.0,,,
d24813b1,ITQ96_CENTERED,101.0,485,31.0,1.0,32.0,7.0,2.0,1.0,,,
d24813b1,ITQ96_CENTERED,202.0,485,31.0,1.0,32.0,3.0,2.0,1.0,,,
d24813b1,ITQ96_CENTERED,303.0,485,30.0,2.0,31.0,2.0,1.0,1.0,,,
d24813b1,ITQ96_CENTERED,404.0,485,28.0,1.0,30.0,4.0,2.0,1.0,,,
d24813b1,ITQ96_CENTERED,505.0,485,32.0,2.0,33.0,12.0,1.0,1.0,,,
d3ab962e,SIGN96_CENTERED,,530,31.0,1.0,34.0,2.0,1.0,1.0,,,
d3ab962e,ITQ96_CENTERED,101.0,530,26.0,1.0,28.0,1.0,1.0,0.0,,,
d3ab962e,ITQ96_CENTERED,202.0,530,23.0,1.0,24.0,3.0,2.0,1.0,,,
d3ab962e,ITQ96_CENTERED,303.0,530,27.0,3.0,27.0,3.0,3.0,0.0,,,
d3ab962e,ITQ96_CENTERED,404.0,530,26.0,2.0,29.0,3.0,1.0,1.0,,,
d3ab962e,ITQ96_CENTERED,505.0,530,28.0,3.0,28.0,3.0,3.0,0.0,,,
d52b4f67,SIGN96_CENTERED,,479,28.0,1.0,33.0,1.0,1.0,0.0,,,
d52b4f67,ITQ96_CENTERED,101.0,479,10.0,1.0,12.0,2.0,1.0,1.0,,,
d52b4f67,ITQ96_CENTERED,202.0,479,11.0,1.0,14.0,2.0,1.0,1.0,,,
d52b4f67,ITQ96_CENTERED,303.0,479,10.0,2.0,11.0,1.0,1.0,0.0,,,
d52b4f67,ITQ96_CENTERED,404.0,479,13.0,2.0,15.0,3.0,1.0,1.0,,,
d52b4f67,ITQ96_CENTERED,505.0,479,11.0,1.0,12.0,3.0,2.0,1.0,,,
d596882b,SIGN96_CENTERED,,474,19.0,1.0,27.0,1.0,1.0,0.0,,,
d596882b,ITQ96_CENTERED,101.0,474,15.0,1.0,17.0,2.0,2.0,0.0,,,
d596882b,ITQ96_CENTERED,202.0,474,13.0,1.0,17.0,2.0,2.0,0.0,,,
d596882b,ITQ96_CENTERED,303.0,474,9.0,1.0,12.0,2.0,1.0,1.0,,,
d596882b,ITQ96_CENTERED,404.0,474,13.0,2.0,15.0,1.0,1.0,0.0,,,
d596882b,ITQ96_CENTERED,505.0,474,18.0,1.0,22.0,2.0,1.0,1.0,,,
d6062bb9,SIGN96_CENTERED,,532,29.0,1.0,32.0,1.0,1.0,0.0,,,
d6062bb9,ITQ96_CENTERED,101.0,532,8.0,1.0,9.0,2.0,2.0,0.0,,,
d6062bb9,ITQ96_CENTERED,202.0,532,14.0,3.0,14.0,3.0,3.0,0.0,,,
d6062bb9,ITQ96_CENTERED,303.0,532,14.0,2.0,15.0,1.0,1.0,0.0,,,
d6062bb9,ITQ96_CENTERED,404.0,532,15.0,4.0,15.0,4.0,3.0,1.0,,,
d6062bb9,ITQ96_CENTERED,505.0,532,13.0,2.0,14.0,3.0,1.0,1.0,,,
d6233ab6,SIGN96_CENTERED,,437,27.0,2.0,32.0,1.0,1.0,0.0,,,
d6233ab6,ITQ96_CENTERED,101.0,437,23.0,1.0,25.0,2.0,2.0,0.0,,,
d6233ab6,ITQ96_CENTERED,202.0,437,19.0,1.0,21.0,2.0,1.0,1.0,,,
d6233ab6,ITQ96_CENTERED,303.0,437,21.0,1.0,24.0,3.0,1.0,1.0,,,
d6233ab6,ITQ96_CENTERED,404.0,437,23.0,1.0,26.0,1.0,1.0,0.0,,,
d6233ab6,ITQ96_CENTERED,505.0,437,23.0,1.0,24.0,4.0,2.0,1.0,,,
d682f1a2,SIGN96_CENTERED,,469,22.0,1.0,31.0,1.0,1.0,0.0,,,
d682f1a2,ITQ96_CENTERED,101.0,469,22.0,1.0,25.0,3.0,2.0,1.0,,,
d682f1a2,ITQ96_CENTERED,202.0,469,23.0,1.0,27.0,3.0,2.0,1.0,,,
d682f1a2,ITQ96_CENTERED,303.0,469,24.0,1.0,27.0,2.0,1.0,1.0,,,
d682f1a2,ITQ96_CENTERED,404.0,469,25.0,2.0,26.0,2.0,1.0,1.0,,,
d682f1a2,ITQ96_CENTERED,505.0,469,24.0,2.0,28.0,3.0,1.0,1.0,,,
d7c942c3,SIGN96_CENTERED,,520,19.0,1.0,30.0,1.0,1.0,0.0,,,
d7c942c3,ITQ96_CENTERED,101.0,520,15.0,1.0,19.0,1.0,1.0,0.0,,,
d7c942c3,ITQ96_CENTERED,202.0,520,15.0,1.0,17.0,1.0,1.0,0.0,,,
d7c942c3,ITQ96_CENTERED,303.0,520,16.0,1.0,21.0,3.0,2.0,1.0,,,
d7c942c3,ITQ96_CENTERED,404.0,520,14.0,1.0,19.0,1.0,1.0,0.0,,,
d7c942c3,ITQ96_CENTERED,505.0,520,12.0,1.0,17.0,1.0,1.0,0.0,,,
d851d5ba,SIGN96_CENTERED,,533,31.0,1.0,32.0,2.0,2.0,0.0,,,
d851d5ba,ITQ96_CENTERED,101.0,533,17.0,2.0,18.0,2.0,1.0,1.0,,,
d851d5ba,ITQ96_CENTERED,202.0,533,15.0,2.0,16.0,1.0,1.0,0.0,,,
d851d5ba,ITQ96_CENTERED,303.0,533,19.0,1.0,20.0,2.0,2.0,0.0,,,
d851d5ba,ITQ96_CENTERED,404.0,533,15.0,1.0,16.0,2.0,2.0,0.0,,,
d851d5ba,ITQ96_CENTERED,505.0,533,13.0,1.0,17.0,1.0,1.0,0.0,,,
d905b33f,SIGN96_CENTERED,,504,25.0,1.0,30.0,1.0,1.0,0.0,,,
d905b33f,ITQ96_CENTERED,101.0,504,14.0,1.0,21.0,1.0,1.0,0.0,,,
d905b33f,ITQ96_CENTERED,202.0,504,17.0,1.0,19.0,1.0,1.0,0.0,,,
d905b33f,ITQ96_CENTERED,303.0,504,18.0,2.0,19.0,1.0,1.0,0.0,,,
d905b33f,ITQ96_CENTERED,404.0,504,13.0,1.0,22.0,1.0,1.0,0.0,,,
d905b33f,ITQ96_CENTERED,505.0,504,21.0,1.0,24.0,2.0,1.0,1.0,,,
dad224aa,SIGN96_CENTERED,,521,21.0,2.0,25.0,2.0,1.0,1.0,,,
dad224aa,ITQ96_CENTERED,101.0,521,5.0,1.0,7.0,1.0,1.0,0.0,,,
dad224aa,ITQ96_CENTERED,202.0,521,5.0,2.0,7.0,1.0,1.0,0.0,,,
dad224aa,ITQ96_CENTERED,303.0,521,8.0,1.0,12.0,1.0,1.0,0.0,,,
dad224aa,ITQ96_CENTERED,404.0,521,9.0,4.0,9.0,4.0,3.0,1.0,,,
dad224aa,ITQ96_CENTERED,505.0,521,8.0,1.0,10.0,2.0,2.0,0.0,,,
db467c8c,SIGN96_CENTERED,,475,25.0,1.0,26.0,2.0,2.0,0.0,,,
db467c8c,ITQ96_CENTERED,101.0,475,7.0,2.0,11.0,1.0,1.0,0.0,,,
db467c8c,ITQ96_CENTERED,202.0,475,12.0,1.0,13.0,3.0,2.0,1.0,,,
db467c8c,ITQ96_CENTERED,303.0,475,8.0,2.0,17.0,2.0,1.0,1.0,,,
db467c8c,ITQ96_CENTERED,404.0,475,11.0,2.0,14.0,1.0,1.0,0.0,,,
db467c8c,ITQ96_CENTERED,505.0,475,14.0,2.0,16.0,1.0,1.0,0.0,,,
dc439ea3,SIGN96_CENTERED,,476,18.0,1.0,26.0,1.0,1.0,0.0,,,
dc439ea3,ITQ96_CENTERED,101.0,476,6.0,1.0,10.0,2.0,1.0,1.0,,,
dc439ea3,ITQ96_CENTERED,202.0,476,6.0,1.0,8.0,1.0,1.0,0.0,,,
dc439ea3,ITQ96_CENTERED,303.0,476,7.0,1.0,9.0,1.0,1.0,0.0,,,
dc439ea3,ITQ96_CENTERED,404.0,476,9.0,1.0,13.0,1.0,1.0,0.0,,,
dc439ea3,ITQ96_CENTERED,505.0,476,12.0,2.0,13.0,2.0,1.0,1.0,,,
dccbc061,SIGN96_CENTERED,,505,13.0,1.0,30.0,2.0,2.0,0.0,,,
dccbc061,ITQ96_CENTERED,101.0,505,10.0,1.0,13.0,1.0,1.0,0.0,,,
dccbc061,ITQ96_CENTERED,202.0,505,11.0,2.0,13.0,1.0,1.0,0.0,,,
dccbc061,ITQ96_CENTERED,303.0,505,14.0,1.0,15.0,2.0,2.0,0.0,,,
dccbc061,ITQ96_CENTERED,404.0,505,16.0,1.0,18.0,4.0,1.0,1.0,,,
dccbc061,ITQ96_CENTERED,505.0,505,12.0,1.0,14.0,2.0,2.0,0.0,,,
dcfa8644,SIGN96_CENTERED,,470,19.0,1.0,24.0,2.0,1.0,1.0,,,
dcfa8644,ITQ96_CENTERED,101.0,470,8.0,1.0,10.0,1.0,1.0,0.0,,,
dcfa8644,ITQ96_CENTERED,202.0,470,9.0,1.0,11.0,2.0,2.0,0.0,,,
dcfa8644,ITQ96_CENTERED,303.0,470,8.0,1.0,11.0,2.0,2.0,0.0,,,
dcfa8644,ITQ96_CENTERED,404.0,470,9.0,1.0,11.0,2.0,1.0,1.0,,,
dcfa8644,ITQ96_CENTERED,505.0,470,9.0,1.0,12.0,1.0,1.0,0.0,,,
dd2973ad,SIGN96_CENTERED,,516,23.0,2.0,26.0,1.0,1.0,0.0,,,
dd2973ad,ITQ96_CENTERED,101.0,516,13.0,1.0,17.0,2.0,1.0,1.0,,,
dd2973ad,ITQ96_CENTERED,202.0,516,20.0,5.0,20.0,5.0,3.0,1.0,,,
dd2973ad,ITQ96_CENTERED,303.0,516,19.0,1.0,21.0,1.0,1.0,0.0,,,
dd2973ad,ITQ96_CENTERED,404.0,516,15.0,1.0,17.0,3.0,2.0,1.0,,,
dd2973ad,ITQ96_CENTERED,505.0,516,11.0,1.0,17.0,2.0,1.0,1.0,,,
dfde3500,SIGN96_CENTERED,,480,8.0,1.0,21.0,1.0,1.0,0.0,,,
dfde3500,ITQ96_CENTERED,101.0,480,2.0,1.0,8.0,1.0,1.0,0.0,,,
dfde3500,ITQ96_CENTERED,202.0,480,1.0,1.0,6.0,1.0,1.0,0.0,,,
dfde3500,ITQ96_CENTERED,303.0,480,3.0,1.0,6.0,1.0,1.0,0.0,,,
dfde3500,ITQ96_CENTERED,404.0,480,3.0,1.0,7.0,1.0,1.0,0.0,,,
dfde3500,ITQ96_CENTERED,505.0,480,2.0,1.0,9.0,1.0,1.0,0.0,,,
e01b8e2f,SIGN96_CENTERED,,523,28.0,1.0,34.0,1.0,1.0,0.0,,,
e01b8e2f,ITQ96_CENTERED,101.0,523,24.0,1.0,26.0,3.0,1.0,1.0,,,
e01b8e2f,ITQ96_CENTERED,202.0,523,29.0,2.0,30.0,1.0,1.0,0.0,,,
e01b8e2f,ITQ96_CENTERED,303.0,523,26.0,1.0,27.0,4.0,2.0,1.0,,,
e01b8e2f,ITQ96_CENTERED,404.0,523,20.0,1.0,23.0,2.0,1.0,1.0,,,
e01b8e2f,ITQ96_CENTERED,505.0,523,23.0,1.0,25.0,3.0,2.0,1.0,,,
e25c3b8d,SIGN96_CENTERED,,530,18.0,1.0,22.0,2.0,2.0,0.0,,,
e25c3b8d,ITQ96_CENTERED,101.0,530,8.0,2.0,11.0,4.0,1.0,1.0,,,
e25c3b8d,ITQ96_CENTERED,202.0,530,5.0,1.0,7.0,2.0,2.0,0.0,,,
e25c3b8d,ITQ96_CENTERED,303.0,530,4.0,1.0,6.0,1.0,1.0,0.0,,,
e25c3b8d,ITQ96_CENTERED,404.0,530,5.0,1.0,7.0,3.0,2.0,1.0,,,
e25c3b8d,ITQ96_CENTERED,505.0,530,8.0,1.0,10.0,3.0,2.0,1.0,,,
e3038f8c,SIGN96_CENTERED,,458,27.0,1.0,30.0,1.0,1.0,0.0,,,
e3038f8c,ITQ96_CENTERED,101.0,458,23.0,1.0,25.0,2.0,2.0,0.0,,,
e3038f8c,ITQ96_CENTERED,202.0,458,25.0,2.0,26.0,3.0,1.0,1.0,,,
e3038f8c,ITQ96_CENTERED,303.0,458,20.0,1.0,22.0,2.0,2.0,0.0,,,
e3038f8c,ITQ96_CENTERED,404.0,458,23.0,1.0,24.0,2.0,2.0,0.0,,,
e3038f8c,ITQ96_CENTERED,505.0,458,22.0,1.0,24.0,2.0,1.0,1.0,,,
e3fc4d6e,SIGN96_CENTERED,,519,13.0,1.0,36.0,1.0,1.0,0.0,,,
e3fc4d6e,ITQ96_CENTERED,101.0,519,12.0,1.0,30.0,1.0,1.0,0.0,,,
e3fc4d6e,ITQ96_CENTERED,202.0,519,21.0,2.0,33.0,2.0,1.0,1.0,,,
e3fc4d6e,ITQ96_CENTERED,303.0,519,15.0,2.0,31.0,1.0,1.0,0.0,,,
e3fc4d6e,ITQ96_CENTERED,404.0,519,14.0,2.0,24.0,1.0,1.0,0.0,,,
e3fc4d6e,ITQ96_CENTERED,505.0,519,11.0,2.0,28.0,1.0,1.0,0.0,,,
e47becba,SIGN96_CENTERED,,550,28.0,2.0,29.0,2.0,1.0,1.0,,,
e47becba,ITQ96_CENTERED,101.0,550,19.0,1.0,21.0,4.0,2.0,1.0,,,
e47becba,ITQ96_CENTERED,202.0,550,20.0,1.0,22.0,1.0,1.0,0.0,,,
e47becba,ITQ96_CENTERED,303.0,550,24.0,1.0,25.0,2.0,2.0,0.0,,,
e47becba,ITQ96_CENTERED,404.0,550,23.0,1.0,24.0,2.0,2.0,0.0,,,
e47becba,ITQ96_CENTERED,505.0,550,20.0,1.0,21.0,4.0,2.0,1.0,,,
e48988bc,SIGN96_CENTERED,,530,16.0,1.0,26.0,1.0,1.0,0.0,,,
e48988bc,ITQ96_CENTERED,101.0,530,4.0,2.0,6.0,1.0,1.0,0.0,,,
e48988bc,ITQ96_CENTERED,202.0,530,1.0,1.0,5.0,2.0,1.0,1.0,,,
e48988bc,ITQ96_CENTERED,303.0,530,1.0,1.0,2.0,2.0,2.0,0.0,,,
e48988bc,ITQ96_CENTERED,404.0,530,2.0,3.0,2.0,3.0,3.0,0.0,,,
e48988bc,ITQ96_CENTERED,505.0,530,2.0,1.0,6.0,1.0,1.0,0.0,,,
e493bb7c,SIGN96_CENTERED,,506,16.0,1.0,22.0,1.0,1.0,0.0,,,
e493bb7c,ITQ96_CENTERED,101.0,506,9.0,1.0,10.0,2.0,2.0,0.0,,,
e493bb7c,ITQ96_CENTERED,202.0,506,10.0,1.0,12.0,2.0,2.0,0.0,,,
e493bb7c,ITQ96_CENTERED,303.0,506,4.0,2.0,10.0,1.0,1.0,0.0,,,
e493bb7c,ITQ96_CENTERED,404.0,506,7.0,2.0,8.0,1.0,1.0,0.0,,,
e493bb7c,ITQ96_CENTERED,505.0,506,7.0,1.0,12.0,1.0,1.0,0.0,,,
e4e14d04,SIGN96_CENTERED,,461,23.0,1.0,31.0,2.0,1.0,1.0,,,
e4e14d04,ITQ96_CENTERED,101.0,461,17.0,3.0,17.0,3.0,3.0,0.0,,,
e4e14d04,ITQ96_CENTERED,202.0,461,16.0,1.0,18.0,3.0,2.0,1.0,,,
e4e14d04,ITQ96_CENTERED,303.0,461,10.0,1.0,12.0,2.0,2.0,0.0,,,
e4e14d04,ITQ96_CENTERED,404.0,461,12.0,1.0,19.0,3.0,1.0,1.0,,,
e4e14d04,ITQ96_CENTERED,505.0,461,15.0,1.0,17.0,1.0,1.0,0.0,,,
e56a43b9,SIGN96_CENTERED,,448,15.0,1.0,28.0,1.0,1.0,0.0,,,
e56a43b9,ITQ96_CENTERED,101.0,448,4.0,1.0,7.0,1.0,1.0,0.0,,,
e56a43b9,ITQ96_CENTERED,202.0,448,8.0,1.0,10.0,2.0,2.0,0.0,,,
e56a43b9,ITQ96_CENTERED,303.0,448,3.0,1.0,9.0,2.0,2.0,0.0,,,
e56a43b9,ITQ96_CENTERED,404.0,448,10.0,1.0,11.0,3.0,2.0,1.0,,,
e56a43b9,ITQ96_CENTERED,505.0,448,6.0,1.0,10.0,1.0,1.0,0.0,,,
e6041065,SIGN96_CENTERED,,493,21.0,1.0,30.0,1.0,1.0,0.0,,,
e6041065,ITQ96_CENTERED,101.0,493,14.0,1.0,19.0,2.0,2.0,0.0,,,
e6041065,ITQ96_CENTERED,202.0,493,14.0,1.0,17.0,1.0,1.0,0.0,,,
e6041065,ITQ96_CENTERED,303.0,493,19.0,1.0,21.0,4.0,1.0,1.0,,,
e6041065,ITQ96_CENTERED,404.0,493,15.0,1.0,16.0,4.0,2.0,1.0,,,
e6041065,ITQ96_CENTERED,505.0,493,19.0,2.0,20.0,1.0,1.0,0.0,,,
e61a7584,SIGN96_CENTERED,,496,31.0,1.0,32.0,2.0,2.0,0.0,,,
e61a7584,ITQ96_CENTERED,101.0,496,12.0,1.0,14.0,2.0,2.0,0.0,,,
e61a7584,ITQ96_CENTERED,202.0,496,9.0,2.0,10.0,1.0,1.0,0.0,,,
e61a7584,ITQ96_CENTERED,303.0,496,11.0,2.0,12.0,1.0,1.0,0.0,,,
e61a7584,ITQ96_CENTERED,404.0,496,11.0,1.0,12.0,2.0,2.0,0.0,,,
e61a7584,ITQ96_CENTERED,505.0,496,10.0,2.0,11.0,2.0,1.0,1.0,,,
e66b632c,SIGN96_CENTERED,,506,22.0,1.0,31.0,1.0,1.0,0.0,,,
e66b632c,ITQ96_CENTERED,101.0,506,11.0,1.0,15.0,2.0,1.0,1.0,,,
e66b632c,ITQ96_CENTERED,202.0,506,7.0,2.0,8.0,2.0,1.0,1.0,,,
e66b632c,ITQ96_CENTERED,303.0,506,7.0,1.0,10.0,2.0,2.0,0.0,,,
e66b632c,ITQ96_CENTERED,404.0,506,11.0,3.0,11.0,3.0,3.0,0.0,,,
e66b632c,ITQ96_CENTERED,505.0,506,10.0,1.0,14.0,1.0,1.0,0.0,,,
e831120c,SIGN96_CENTERED,,481,16.0,1.0,21.0,1.0,1.0,0.0,,,
e831120c,ITQ96_CENTERED,101.0,481,14.0,1.0,18.0,2.0,1.0,1.0,,,
e831120c,ITQ96_CENTERED,202.0,481,13.0,2.0,15.0,1.0,1.0,0.0,,,
e831120c,ITQ96_CENTERED,303.0,481,11.0,1.0,16.0,1.0,1.0,0.0,,,
e831120c,ITQ96_CENTERED,404.0,481,10.0,1.0,11.0,2.0,2.0,0.0,,,
e831120c,ITQ96_CENTERED,505.0,481,16.0,1.0,18.0,2.0,2.0,0.0,,,
e8a79c70,SIGN96_CENTERED,,483,21.0,1.0,26.0,2.0,2.0,0.0,,,
e8a79c70,ITQ96_CENTERED,101.0,483,10.0,1.0,11.0,2.0,2.0,0.0,,,
e8a79c70,ITQ96_CENTERED,202.0,483,7.0,2.0,8.0,1.0,1.0,0.0,,,
e8a79c70,ITQ96_CENTERED,303.0,483,12.0,1.0,14.0,2.0,2.0,0.0,,,
e8a79c70,ITQ96_CENTERED,404.0,483,9.0,1.0,12.0,1.0,1.0,0.0,,,
e8a79c70,ITQ96_CENTERED,505.0,483,7.0,1.0,9.0,1.0,1.0,0.0,,,
e9327a54,SIGN96_CENTERED,,533,21.0,1.0,31.0,3.0,1.0,1.0,,,
e9327a54,ITQ96_CENTERED,101.0,533,11.0,1.0,12.0,2.0,2.0,0.0,,,
e9327a54,ITQ96_CENTERED,202.0,533,9.0,2.0,12.0,2.0,1.0,1.0,,,
e9327a54,ITQ96_CENTERED,303.0,533,8.0,1.0,14.0,2.0,1.0,1.0,,,
e9327a54,ITQ96_CENTERED,404.0,533,5.0,1.0,12.0,1.0,1.0,0.0,,,
e9327a54,ITQ96_CENTERED,505.0,533,14.0,1.0,18.0,1.0,1.0,0.0,,,
e982271f,SIGN96_CENTERED,,589,17.0,1.0,23.0,2.0,1.0,1.0,,,
e982271f,ITQ96_CENTERED,101.0,589,0.0,1.0,4.0,1.0,1.0,0.0,,,
e982271f,ITQ96_CENTERED,202.0,589,3.0,2.0,4.0,1.0,1.0,0.0,,,
e982271f,ITQ96_CENTERED,303.0,589,3.0,1.0,4.0,2.0,2.0,0.0,,,
e982271f,ITQ96_CENTERED,404.0,589,3.0,3.0,3.0,3.0,3.0,0.0,,,
e982271f,ITQ96_CENTERED,505.0,589,2.0,2.0,3.0,2.0,1.0,1.0,,,
eac54adc,SIGN96_CENTERED,,464,13.0,1.0,25.0,3.0,2.0,1.0,,,
eac54adc,ITQ96_CENTERED,101.0,464,16.0,1.0,25.0,3.0,1.0,1.0,,,
eac54adc,ITQ96_CENTERED,202.0,464,16.0,1.0,26.0,1.0,1.0,0.0,,,
eac54adc,ITQ96_CENTERED,303.0,464,18.0,1.0,23.0,1.0,1.0,0.0,,,
eac54adc,ITQ96_CENTERED,404.0,464,19.0,1.0,20.0,2.0,2.0,0.0,,,
eac54adc,ITQ96_CENTERED,505.0,464,15.0,1.0,20.0,1.0,1.0,0.0,,,
eac54add,SIGN96_CENTERED,,476,29.0,3.0,29.0,3.0,3.0,0.0,,,
eac54add,ITQ96_CENTERED,101.0,476,19.0,1.0,21.0,2.0,2.0,0.0,,,
eac54add,ITQ96_CENTERED,202.0,476,24.0,1.0,27.0,3.0,1.0,1.0,,,
eac54add,ITQ96_CENTERED,303.0,476,20.0,1.0,24.0,2.0,1.0,1.0,,,
eac54add,ITQ96_CENTERED,404.0,476,17.0,1.0,24.0,1.0,1.0,0.0,,,
eac54add,ITQ96_CENTERED,505.0,476,23.0,1.0,24.0,3.0,2.0,1.0,,,
eaca4986,SIGN96_CENTERED,,513,21.0,1.0,34.0,1.0,1.0,0.0,,,
eaca4986,ITQ96_CENTERED,101.0,513,18.0,1.0,20.0,2.0,2.0,0.0,,,
eaca4986,ITQ96_CENTERED,202.0,513,14.0,1.0,17.0,3.0,2.0,1.0,,,
eaca4986,ITQ96_CENTERED,303.0,513,14.0,1.0,17.0,1.0,1.0,0.0,,,
eaca4986,ITQ96_CENTERED,404.0,513,17.0,1.0,18.0,2.0,2.0,0.0,,,
eaca4986,ITQ96_CENTERED,505.0,513,15.0,1.0,19.0,2.0,2.0,0.0,,,
eace081b,SIGN96_CENTERED,,489,15.0,1.0,23.0,1.0,1.0,0.0,,,
eace081b,ITQ96_CENTERED,101.0,489,7.0,1.0,15.0,2.0,1.0,1.0,,,
eace081b,ITQ96_CENTERED,202.0,489,7.0,1.0,13.0,2.0,1.0,1.0,,,
eace081b,ITQ96_CENTERED,303.0,489,4.0,1.0,9.0,1.0,1.0,0.0,,,
eace081b,ITQ96_CENTERED,404.0,489,8.0,1.0,13.0,1.0,1.0,0.0,,,
eace081b,ITQ96_CENTERED,505.0,489,10.0,2.0,12.0,1.0,1.0,0.0,,,
ec81a493,SIGN96_CENTERED,,495,6.0,1.0,27.0,1.0,1.0,0.0,,,
ec81a493,ITQ96_CENTERED,101.0,495,4.0,2.0,13.0,1.0,1.0,0.0,,,
ec81a493,ITQ96_CENTERED,202.0,495,2.0,1.0,11.0,2.0,1.0,1.0,,,
ec81a493,ITQ96_CENTERED,303.0,495,1.0,2.0,11.0,1.0,1.0,0.0,,,
ec81a493,ITQ96_CENTERED,404.0,495,1.0,1.0,11.0,1.0,1.0,0.0,,,
ec81a493,ITQ96_CENTERED,505.0,495,5.0,1.0,10.0,1.0,1.0,0.0,,,
ed4ddc30,SIGN96_CENTERED,,543,18.0,1.0,20.0,1.0,1.0,0.0,,,
ed4ddc30,ITQ96_CENTERED,101.0,543,14.0,1.0,16.0,2.0,2.0,0.0,,,
ed4ddc30,ITQ96_CENTERED,202.0,543,10.0,1.0,15.0,2.0,1.0,1.0,,,
ed4ddc30,ITQ96_CENTERED,303.0,543,10.0,2.0,16.0,1.0,1.0,0.0,,,
ed4ddc30,ITQ96_CENTERED,404.0,543,13.0,1.0,18.0,1.0,1.0,0.0,,,
ed4ddc30,ITQ96_CENTERED,505.0,543,13.0,1.0,19.0,3.0,1.0,1.0,,,
edced276,SIGN96_CENTERED,,482,28.0,1.0,34.0,2.0,1.0,1.0,,,
edced276,ITQ96_CENTERED,101.0,482,20.0,2.0,23.0,1.0,1.0,0.0,,,
edced276,ITQ96_CENTERED,202.0,482,14.0,1.0,21.0,1.0,1.0,0.0,,,
edced276,ITQ96_CENTERED,303.0,482,17.0,1.0,22.0,2.0,1.0,1.0,,,
edced276,ITQ96_CENTERED,404.0,482,15.0,1.0,19.0,1.0,1.0,0.0,,,
edced276,ITQ96_CENTERED,505.0,482,15.0,1.0,19.0,2.0,1.0,1.0,,,
eeda8a6d,SIGN96_CENTERED,,513,32.0,2.0,33.0,1.0,1.0,0.0,,,
eeda8a6d,ITQ96_CENTERED,101.0,513,15.0,2.0,16.0,2.0,1.0,1.0,,,
eeda8a6d,ITQ96_CENTERED,202.0,513,15.0,1.0,17.0,4.0,1.0,1.0,,,
eeda8a6d,ITQ96_CENTERED,303.0,513,13.0,2.0,14.0,1.0,1.0,0.0,,,
eeda8a6d,ITQ96_CENTERED,404.0,513,8.0,1.0,11.0,2.0,1.0,1.0,,,
eeda8a6d,ITQ96_CENTERED,505.0,513,14.0,2.0,16.0,1.0,1.0,0.0,,,
ef66a6e5,SIGN96_CENTERED,,445,25.0,2.0,26.0,1.0,1.0,0.0,,,
ef66a6e5,ITQ96_CENTERED,101.0,445,7.0,1.0,10.0,2.0,2.0,0.0,,,
ef66a6e5,ITQ96_CENTERED,202.0,445,8.0,2.0,9.0,2.0,1.0,1.0,,,
ef66a6e5,ITQ96_CENTERED,303.0,445,6.0,1.0,8.0,1.0,1.0,0.0,,,
ef66a6e5,ITQ96_CENTERED,404.0,445,7.0,3.0,7.0,3.0,3.0,0.0,,,
ef66a6e5,ITQ96_CENTERED,505.0,445,5.0,1.0,7.0,1.0,1.0,0.0,,,
ef9cf60a,SIGN96_CENTERED,,522,25.0,1.0,31.0,2.0,1.0,1.0,,,
ef9cf60a,ITQ96_CENTERED,101.0,522,19.0,2.0,20.0,3.0,1.0,1.0,,,
ef9cf60a,ITQ96_CENTERED,202.0,522,19.0,1.0,23.0,3.0,1.0,1.0,,,
ef9cf60a,ITQ96_CENTERED,303.0,522,15.0,1.0,16.0,2.0,2.0,0.0,,,
ef9cf60a,ITQ96_CENTERED,404.0,522,17.0,1.0,18.0,4.0,2.0,1.0,,,
ef9cf60a,ITQ96_CENTERED,505.0,522,17.0,1.0,19.0,2.0,1.0,1.0,,,
efc3f7c2,SIGN96_CENTERED,,497,21.0,1.0,24.0,2.0,1.0,1.0,,,
efc3f7c2,ITQ96_CENTERED,101.0,497,12.0,1.0,14.0,2.0,1.0,1.0,,,
efc3f7c2,ITQ96_CENTERED,202.0,497,13.0,1.0,14.0,2.0,2.0,0.0,,,
efc3f7c2,ITQ96_CENTERED,303.0,497,14.0,1.0,17.0,1.0,1.0,0.0,,,
efc3f7c2,ITQ96_CENTERED,404.0,497,13.0,1.0,15.0,1.0,1.0,0.0,,,
efc3f7c2,ITQ96_CENTERED,505.0,497,16.0,1.0,17.0,5.0,2.0,1.0,,,
f0853d11,SIGN96_CENTERED,,500,23.0,1.0,28.0,1.0,1.0,0.0,,,
f0853d11,ITQ96_CENTERED,101.0,500,18.0,1.0,20.0,1.0,1.0,0.0,,,
f0853d11,ITQ96_CENTERED,202.0,500,15.0,1.0,18.0,4.0,2.0,1.0,,,
f0853d11,ITQ96_CENTERED,303.0,500,17.0,1.0,19.0,2.0,2.0,0.0,,,
f0853d11,ITQ96_CENTERED,404.0,500,21.0,1.0,23.0,3.0,2.0,1.0,,,
f0853d11,ITQ96_CENTERED,505.0,500,18.0,2.0,19.0,2.0,1.0,1.0,,,
f0e564bc,SIGN96_CENTERED,,508,23.0,1.0,25.0,1.0,1.0,0.0,,,
f0e564bc,ITQ96_CENTERED,101.0,508,13.0,1.0,14.0,2.0,2.0,0.0,,,
f0e564bc,ITQ96_CENTERED,202.0,508,12.0,2.0,14.0,1.0,1.0,0.0,,,
f0e564bc,ITQ96_CENTERED,303.0,508,12.0,4.0,12.0,4.0,3.0,1.0,,,
f0e564bc,ITQ96_CENTERED,404.0,508,9.0,1.0,11.0,2.0,1.0,1.0,,,
f0e564bc,ITQ96_CENTERED,505.0,508,13.0,1.0,14.0,2.0,2.0,0.0,,,
f35224e0,SIGN96_CENTERED,,515,25.0,2.0,28.0,1.0,1.0,0.0,,,
f35224e0,ITQ96_CENTERED,101.0,515,14.0,2.0,15.0,1.0,1.0,0.0,,,
f35224e0,ITQ96_CENTERED,202.0,515,15.0,1.0,18.0,1.0,1.0,0.0,,,
f35224e0,ITQ96_CENTERED,303.0,515,11.0,1.0,16.0,3.0,1.0,1.0,,,
f35224e0,ITQ96_CENTERED,404.0,515,17.0,1.0,19.0,2.0,1.0,1.0,,,
f35224e0,ITQ96_CENTERED,505.0,515,13.0,1.0,14.0,2.0,2.0,0.0,,,
f4f1d8a4,SIGN96_CENTERED,,585,18.0,1.0,24.0,1.0,1.0,0.0,,,
f4f1d8a4,ITQ96_CENTERED,101.0,585,19.0,2.0,21.0,3.0,1.0,1.0,,,
f4f1d8a4,ITQ96_CENTERED,202.0,585,20.0,2.0,22.0,1.0,1.0,0.0,,,
f4f1d8a4,ITQ96_CENTERED,303.0,585,19.0,1.0,21.0,3.0,2.0,1.0,,,
f4f1d8a4,ITQ96_CENTERED,404.0,585,22.0,1.0,24.0,2.0,1.0,1.0,,,
f4f1d8a4,ITQ96_CENTERED,505.0,585,18.0,1.0,20.0,3.0,2.0,1.0,,,
f523d9fe,SIGN96_CENTERED,,484,22.0,1.0,29.0,2.0,1.0,1.0,,,
f523d9fe,ITQ96_CENTERED,101.0,484,13.0,2.0,15.0,1.0,1.0,0.0,,,
f523d9fe,ITQ96_CENTERED,202.0,484,14.0,2.0,17.0,2.0,1.0,1.0,,,
f523d9fe,ITQ96_CENTERED,303.0,484,14.0,1.0,16.0,1.0,1.0,0.0,,,
f523d9fe,ITQ96_CENTERED,404.0,484,20.0,1.0,21.0,3.0,2.0,1.0,,,
f523d9fe,ITQ96_CENTERED,505.0,484,14.0,2.0,15.0,3.0,1.0,1.0,,,
f685340e,SIGN96_CENTERED,,424,19.0,1.0,31.0,1.0,1.0,0.0,,,
f685340e,ITQ96_CENTERED,101.0,424,5.0,1.0,9.0,1.0,1.0,0.0,,,
f685340e,ITQ96_CENTERED,202.0,424,9.0,1.0,14.0,2.0,1.0,1.0,,,
f685340e,ITQ96_CENTERED,303.0,424,5.0,1.0,11.0,2.0,1.0,1.0,,,
f685340e,ITQ96_CENTERED,404.0,424,5.0,1.0,8.0,1.0,1.0,0.0,,,
f685340e,ITQ96_CENTERED,505.0,424,5.0,1.0,11.0,1.0,1.0,0.0,,,
f8c5f88b,SIGN96_CENTERED,,487,21.0,1.0,27.0,1.0,1.0,0.0,,,
f8c5f88b,ITQ96_CENTERED,101.0,487,4.0,1.0,6.0,2.0,2.0,0.0,,,
f8c5f88b,ITQ96_CENTERED,202.0,487,7.0,1.0,8.0,2.0,2.0,0.0,,,
f8c5f88b,ITQ96_CENTERED,303.0,487,6.0,1.0,8.0,1.0,1.0,0.0,,,
f8c5f88b,ITQ96_CENTERED,404.0,487,5.0,1.0,8.0,1.0,1.0,0.0,,,
f8c5f88b,ITQ96_CENTERED,505.0,487,7.0,1.0,9.0,1.0,1.0,0.0,,,
f9e8c073,SIGN96_CENTERED,,504,14.0,1.0,22.0,1.0,1.0,0.0,,,
f9e8c073,ITQ96_CENTERED,101.0,504,9.0,1.0,11.0,2.0,2.0,0.0,,,
f9e8c073,ITQ96_CENTERED,202.0,504,12.0,1.0,17.0,1.0,1.0,0.0,,,
f9e8c073,ITQ96_CENTERED,303.0,504,11.0,1.0,15.0,1.0,1.0,0.0,,,
f9e8c073,ITQ96_CENTERED,404.0,504,8.0,1.0,14.0,1.0,1.0,0.0,,,
f9e8c073,ITQ96_CENTERED,505.0,504,13.0,2.0,14.0,3.0,1.0,1.0,,,
faba32e5,SIGN96_CENTERED,,473,21.0,1.0,25.0,1.0,1.0,0.0,,,
faba32e5,ITQ96_CENTERED,101.0,473,7.0,1.0,10.0,2.0,1.0,1.0,,,
faba32e5,ITQ96_CENTERED,202.0,473,9.0,1.0,10.0,2.0,2.0,0.0,,,
faba32e5,ITQ96_CENTERED,303.0,473,8.0,1.0,11.0,2.0,1.0,1.0,,,
faba32e5,ITQ96_CENTERED,404.0,473,6.0,1.0,8.0,1.0,1.0,0.0,,,
faba32e5,ITQ96_CENTERED,505.0,473,8.0,2.0,9.0,1.0,1.0,0.0,,,
fca70973,SIGN96_CENTERED,,442,29.0,1.0,36.0,2.0,1.0,1.0,,,
fca70973,ITQ96_CENTERED,101.0,442,19.0,1.0,24.0,1.0,1.0,0.0,,,
fca70973,ITQ96_CENTERED,202.0,442,19.0,1.0,24.0,1.0,1.0,0.0,,,
fca70973,ITQ96_CENTERED,303.0,442,15.0,1.0,18.0,2.0,1.0,1.0,,,
fca70973,ITQ96_CENTERED,404.0,442,20.0,2.0,21.0,1.0,1.0,0.0,,,
fca70973,ITQ96_CENTERED,505.0,442,17.0,1.0,21.0,3.0,1.0,1.0,,,
fca762bc,SIGN96_CENTERED,,459,21.0,1.0,32.0,3.0,2.0,1.0,,,
fca762bc,ITQ96_CENTERED,101.0,459,8.0,1.0,12.0,1.0,1.0,0.0,,,
fca762bc,ITQ96_CENTERED,202.0,459,9.0,1.0,13.0,1.0,1.0,0.0,,,
fca762bc,ITQ96_CENTERED,303.0,459,4.0,1.0,12.0,2.0,1.0,1.0,,,
fca762bc,ITQ96_CENTERED,404.0,459,10.0,1.0,13.0,2.0,1.0,1.0,,,
fca762bc,ITQ96_CENTERED,505.0,459,10.0,1.0,14.0,3.0,2.0,1.0,,,
fea54f57,SIGN96_CENTERED,,527,15.0,1.0,23.0,1.0,1.0,0.0,,,
fea54f57,ITQ96_CENTERED,101.0,527,6.0,1.0,9.0,1.0,1.0,0.0,,,
fea54f57,ITQ96_CENTERED,202.0,527,6.0,1.0,8.0,1.0,1.0,0.0,,,
fea54f57,ITQ96_CENTERED,303.0,527,6.0,3.0,6.0,3.0,3.0,0.0,,,
fea54f57,ITQ96_CENTERED,404.0,527,5.0,1.0,9.0,1.0,1.0,0.0,,,
fea54f57,ITQ96_CENTERED,505.0,527,9.0,1.0,11.0,2.0,2.0,0.0,,,
gpt4_0a05b494,SIGN96_CENTERED,,506,23.0,1.0,29.0,1.0,1.0,0.0,,,
gpt4_0a05b494,ITQ96_CENTERED,101.0,506,20.0,1.0,23.0,3.0,1.0,1.0,,,
gpt4_0a05b494,ITQ96_CENTERED,202.0,506,23.0,5.0,23.0,5.0,3.0,1.0,,,
gpt4_0a05b494,ITQ96_CENTERED,303.0,506,23.0,2.0,24.0,1.0,1.0,0.0,,,
gpt4_0a05b494,ITQ96_CENTERED,404.0,506,17.0,1.0,20.0,2.0,1.0,1.0,,,
gpt4_0a05b494,ITQ96_CENTERED,505.0,506,20.0,2.0,22.0,2.0,1.0,1.0,,,
gpt4_0b2f1d21,SIGN96_CENTERED,,497,26.0,2.0,27.0,2.0,1.0,1.0,,,
gpt4_0b2f1d21,ITQ96_CENTERED,101.0,497,12.0,3.0,12.0,3.0,3.0,0.0,,,
gpt4_0b2f1d21,ITQ96_CENTERED,202.0,497,8.0,1.0,13.0,5.0,2.0,1.0,,,
gpt4_0b2f1d21,ITQ96_CENTERED,303.0,497,7.0,1.0,10.0,2.0,2.0,0.0,,,
gpt4_0b2f1d21,ITQ96_CENTERED,404.0,497,7.0,1.0,12.0,2.0,1.0,1.0,,,
gpt4_0b2f1d21,ITQ96_CENTERED,505.0,497,9.0,1.0,11.0,1.0,1.0,0.0,,,
gpt4_15e38248,SIGN96_CENTERED,,470,31.0,2.0,33.0,1.0,1.0,0.0,,,
gpt4_15e38248,ITQ96_CENTERED,101.0,470,32.0,1.0,34.0,2.0,1.0,1.0,,,
gpt4_15e38248,ITQ96_CENTERED,202.0,470,31.0,2.0,32.0,3.0,1.0,1.0,,,
gpt4_15e38248,ITQ96_CENTERED,303.0,470,30.0,1.0,31.0,2.0,2.0,0.0,,,
gpt4_15e38248,ITQ96_CENTERED,404.0,470,30.0,1.0,31.0,4.0,2.0,1.0,,,
gpt4_15e38248,ITQ96_CENTERED,505.0,470,32.0,1.0,34.0,6.0,1.0,1.0,,,
gpt4_18c2b244,SIGN96_CENTERED,,495,20.0,1.0,28.0,1.0,1.0,0.0,,,
gpt4_18c2b244,ITQ96_CENTERED,101.0,495,15.0,1.0,16.0,3.0,2.0,1.0,,,
gpt4_18c2b244,ITQ96_CENTERED,202.0,495,14.0,1.0,19.0,2.0,1.0,1.0,,,
gpt4_18c2b244,ITQ96_CENTERED,303.0,495,16.0,1.0,18.0,1.0,1.0,0.0,,,
gpt4_18c2b244,ITQ96_CENTERED,404.0,495,17.0,4.0,17.0,4.0,3.0,1.0,,,
gpt4_18c2b244,ITQ96_CENTERED,505.0,495,13.0,1.0,16.0,2.0,1.0,1.0,,,
gpt4_1916e0ea,SIGN96_CENTERED,,533,24.0,1.0,29.0,2.0,1.0,1.0,,,
gpt4_1916e0ea,ITQ96_CENTERED,101.0,533,20.0,1.0,21.0,2.0,2.0,0.0,,,
gpt4_1916e0ea,ITQ96_CENTERED,202.0,533,23.0,3.0,23.0,3.0,3.0,0.0,,,
gpt4_1916e0ea,ITQ96_CENTERED,303.0,533,20.0,1.0,22.0,2.0,2.0,0.0,,,
gpt4_1916e0ea,ITQ96_CENTERED,404.0,533,23.0,3.0,23.0,3.0,3.0,0.0,,,
gpt4_1916e0ea,ITQ96_CENTERED,505.0,533,19.0,1.0,25.0,2.0,1.0,1.0,,,
gpt4_194be4b3,SIGN96_CENTERED,,474,30.0,1.0,35.0,1.0,1.0,0.0,,,
gpt4_194be4b3,ITQ96_CENTERED,101.0,474,26.0,1.0,28.0,3.0,2.0,1.0,,,
gpt4_194be4b3,ITQ96_CENTERED,202.0,474,24.0,1.0,25.0,2.0,2.0,0.0,,,
gpt4_194be4b3,ITQ96_CENTERED,303.0,474,22.0,1.0,23.0,3.0,2.0,1.0,,,
gpt4_194be4b3,ITQ96_CENTERED,404.0,474,25.0,2.0,27.0,2.0,1.0,1.0,,,
gpt4_194be4b3,ITQ96_CENTERED,505.0,474,26.0,2.0,27.0,4.0,1.0,1.0,,,
gpt4_1a1dc16d,SIGN96_CENTERED,,453,30.0,1.0,32.0,1.0,1.0,0.0,,,
gpt4_1a1dc16d,ITQ96_CENTERED,101.0,453,22.0,1.0,23.0,4.0,2.0,1.0,,,
gpt4_1a1dc16d,ITQ96_CENTERED,202.0,453,18.0,1.0,24.0,4.0,1.0,1.0,,,
gpt4_1a1dc16d,ITQ96_CENTERED,303.0,453,23.0,2.0,24.0,1.0,1.0,0.0,,,
gpt4_1a1dc16d,ITQ96_CENTERED,404.0,453,22.0,3.0,22.0,3.0,3.0,0.0,,,
gpt4_1a1dc16d,ITQ96_CENTERED,505.0,453,20.0,2.0,21.0,2.0,1.0,1.0,,,
gpt4_1d4ab0c9,SIGN96_CENTERED,,483,15.0,1.0,25.0,1.0,1.0,0.0,,,
gpt4_1d4ab0c9,ITQ96_CENTERED,101.0,483,12.0,1.0,13.0,3.0,2.0,1.0,,,
gpt4_1d4ab0c9,ITQ96_CENTERED,202.0,483,15.0,1.0,16.0,2.0,2.0,0.0,,,
gpt4_1d4ab0c9,ITQ96_CENTERED,303.0,483,9.0,1.0,12.0,3.0,1.0,1.0,,,
gpt4_1d4ab0c9,ITQ96_CENTERED,404.0,483,8.0,1.0,11.0,2.0,2.0,0.0,,,
gpt4_1d4ab0c9,ITQ96_CENTERED,505.0,483,13.0,1.0,15.0,2.0,2.0,0.0,,,
gpt4_1d80365e,SIGN96_CENTERED,,517,12.0,1.0,27.0,1.0,1.0,0.0,,,
gpt4_1d80365e,ITQ96_CENTERED,101.0,517,11.0,2.0,18.0,2.0,1.0,1.0,,,
gpt4_1d80365e,ITQ96_CENTERED,202.0,517,7.0,1.0,15.0,1.0,1.0,0.0,,,
gpt4_1d80365e,ITQ96_CENTERED,303.0,517,8.0,1.0,15.0,1.0,1.0,0.0,,,
gpt4_1d80365e,ITQ96_CENTERED,404.0,517,7.0,2.0,16.0,1.0,1.0,0.0,,,
gpt4_1d80365e,ITQ96_CENTERED,505.0,517,6.0,1.0,15.0,1.0,1.0,0.0,,,
gpt4_1e4a8aeb,SIGN96_CENTERED,,479,23.0,1.0,26.0,1.0,1.0,0.0,,,
gpt4_1e4a8aeb,ITQ96_CENTERED,101.0,479,11.0,1.0,14.0,2.0,2.0,0.0,,,
gpt4_1e4a8aeb,ITQ96_CENTERED,202.0,479,10.0,1.0,14.0,3.0,1.0,1.0,,,
gpt4_1e4a8aeb,ITQ96_CENTERED,303.0,479,9.0,1.0,13.0,1.0,1.0,0.0,,,
gpt4_1e4a8aeb,ITQ96_CENTERED,404.0,479,12.0,1.0,18.0,2.0,1.0,1.0,,,
gpt4_1e4a8aeb,ITQ96_CENTERED,505.0,479,15.0,2.0,16.0,1.0,1.0,0.0,,,
gpt4_1e4a8aec,SIGN96_CENTERED,,498,24.0,1.0,31.0,2.0,1.0,1.0,,,
gpt4_1e4a8aec,ITQ96_CENTERED,101.0,498,20.0,1.0,22.0,3.0,1.0,1.0,,,
gpt4_1e4a8aec,ITQ96_CENTERED,202.0,498,16.0,3.0,16.0,3.0,3.0,0.0,,,
gpt4_1e4a8aec,ITQ96_CENTERED,303.0,498,16.0,1.0,17.0,3.0,2.0,1.0,,,
gpt4_1e4a8aec,ITQ96_CENTERED,404.0,498,16.0,1.0,20.0,1.0,1.0,0.0,,,
gpt4_1e4a8aec,ITQ96_CENTERED,505.0,498,23.0,1.0,25.0,4.0,1.0,1.0,,,
gpt4_213fd887,SIGN96_CENTERED,,446,16.0,1.0,28.0,2.0,2.0,0.0,,,
gpt4_213fd887,ITQ96_CENTERED,101.0,446,10.0,1.0,19.0,2.0,1.0,1.0,,,
gpt4_213fd887,ITQ96_CENTERED,202.0,446,7.0,1.0,16.0,1.0,1.0,0.0,,,
gpt4_213fd887,ITQ96_CENTERED,303.0,446,12.0,1.0,19.0,2.0,1.0,1.0,,,
gpt4_213fd887,ITQ96_CENTERED,404.0,446,16.0,1.0,19.0,2.0,2.0,0.0,,,
gpt4_213fd887,ITQ96_CENTERED,505.0,446,14.0,1.0,16.0,1.0,1.0,0.0,,,
gpt4_21adecb5,SIGN96_CENTERED,,511,24.0,1.0,28.0,1.0,1.0,0.0,,,
gpt4_21adecb5,ITQ96_CENTERED,101.0,511,21.0,2.0,22.0,3.0,1.0,1.0,,,
gpt4_21adecb5,ITQ96_CENTERED,202.0,511,21.0,1.0,23.0,1.0,1.0,0.0,,,
gpt4_21adecb5,ITQ96_CENTERED,303.0,511,19.0,1.0,22.0,4.0,2.0,1.0,,,
gpt4_21adecb5,ITQ96_CENTERED,404.0,511,19.0,1.0,23.0,3.0,1.0,1.0,,,
gpt4_21adecb5,ITQ96_CENTERED,505.0,511,21.0,1.0,22.0,2.0,2.0,0.0,,,
gpt4_2312f94c,SIGN96_CENTERED,,467,17.0,1.0,31.0,2.0,1.0,1.0,,,
gpt4_2312f94c,ITQ96_CENTERED,101.0,467,10.0,1.0,14.0,1.0,1.0,0.0,,,
gpt4_2312f94c,ITQ96_CENTERED,202.0,467,8.0,1.0,11.0,2.0,1.0,1.0,,,
gpt4_2312f94c,ITQ96_CENTERED,303.0,467,7.0,1.0,9.0,1.0,1.0,0.0,,,
gpt4_2312f94c,ITQ96_CENTERED,404.0,467,7.0,1.0,14.0,3.0,1.0,1.0,,,
gpt4_2312f94c,ITQ96_CENTERED,505.0,467,10.0,1.0,14.0,2.0,1.0,1.0,,,
gpt4_2487a7cb,SIGN96_CENTERED,,495,22.0,1.0,26.0,1.0,1.0,0.0,,,
gpt4_2487a7cb,ITQ96_CENTERED,101.0,495,10.0,1.0,13.0,2.0,1.0,1.0,,,
gpt4_2487a7cb,ITQ96_CENTERED,202.0,495,15.0,1.0,17.0,2.0,2.0,0.0,,,
gpt4_2487a7cb,ITQ96_CENTERED,303.0,495,14.0,1.0,15.0,2.0,2.0,0.0,,,
gpt4_2487a7cb,ITQ96_CENTERED,404.0,495,9.0,1.0,10.0,2.0,2.0,0.0,,,
gpt4_2487a7cb,ITQ96_CENTERED,505.0,495,11.0,2.0,13.0,1.0,1.0,0.0,,,
gpt4_2655b836,SIGN96_CENTERED,,465,31.0,1.0,33.0,2.0,2.0,0.0,,,
gpt4_2655b836,ITQ96_CENTERED,101.0,465,16.0,1.0,18.0,2.0,1.0,1.0,,,
gpt4_2655b836,ITQ96_CENTERED,202.0,465,12.0,1.0,14.0,1.0,1.0,0.0,,,
gpt4_2655b836,ITQ96_CENTERED,303.0,465,17.0,2.0,19.0,2.0,1.0,1.0,,,
gpt4_2655b836,ITQ96_CENTERED,404.0,465,10.0,1.0,14.0,2.0,1.0,1.0,,,
gpt4_2655b836,ITQ96_CENTERED,505.0,465,12.0,1.0,15.0,1.0,1.0,0.0,,,
gpt4_2ba83207,SIGN96_CENTERED,,502,25.0,1.0,30.0,1.0,1.0,0.0,,,
gpt4_2ba83207,ITQ96_CENTERED,101.0,502,19.0,1.0,25.0,1.0,1.0,0.0,,,
gpt4_2ba83207,ITQ96_CENTERED,202.0,502,16.0,1.0,17.0,2.0,2.0,0.0,,,
gpt4_2ba83207,ITQ96_CENTERED,303.0,502,17.0,2.0,18.0,2.0,1.0,1.0,,,
gpt4_2ba83207,ITQ96_CENTERED,404.0,502,20.0,1.0,21.0,2.0,2.0,0.0,,,
gpt4_2ba83207,ITQ96_CENTERED,505.0,502,21.0,1.0,23.0,3.0,1.0,1.0,,,
gpt4_2c50253f,SIGN96_CENTERED,,591,22.0,1.0,31.0,1.0,1.0,0.0,,,
gpt4_2c50253f,ITQ96_CENTERED,101.0,591,21.0,1.0,22.0,3.0,2.0,1.0,,,
gpt4_2c50253f,ITQ96_CENTERED,202.0,591,17.0,1.0,21.0,3.0,1.0,1.0,,,
gpt4_2c50253f,ITQ96_CENTERED,303.0,591,11.0,1.0,20.0,1.0,1.0,0.0,,,
gpt4_2c50253f,ITQ96_CENTERED,404.0,591,21.0,1.0,22.0,3.0,2.0,1.0,,,
gpt4_2c50253f,ITQ96_CENTERED,505.0,591,23.0,4.0,23.0,4.0,3.0,1.0,,,
gpt4_2d58bcd6,SIGN96_CENTERED,,483,17.0,1.0,21.0,1.0,1.0,0.0,,,
gpt4_2d58bcd6,ITQ96_CENTERED,101.0,483,10.0,1.0,12.0,1.0,1.0,0.0,,,
gpt4_2d58bcd6,ITQ96_CENTERED,202.0,483,10.0,3.0,10.0,3.0,3.0,0.0,,,
gpt4_2d58bcd6,ITQ96_CENTERED,303.0,483,10.0,2.0,12.0,1.0,1.0,0.0,,,
gpt4_2d58bcd6,ITQ96_CENTERED,404.0,483,10.0,1.0,12.0,1.0,1.0,0.0,,,
gpt4_2d58bcd6,ITQ96_CENTERED,505.0,483,8.0,1.0,11.0,1.0,1.0,0.0,,,
gpt4_2f56ae70,SIGN96_CENTERED,,458,33.0,2.0,36.0,1.0,1.0,0.0,,,
gpt4_2f56ae70,ITQ96_CENTERED,101.0,458,29.0,2.0,31.0,2.0,1.0,1.0,,,
gpt4_2f56ae70,ITQ96_CENTERED,202.0,458,28.0,1.0,30.0,3.0,1.0,1.0,,,
gpt4_2f56ae70,ITQ96_CENTERED,303.0,458,28.0,1.0,30.0,1.0,1.0,0.0,,,
gpt4_2f56ae70,ITQ96_CENTERED,404.0,458,30.0,2.0,31.0,3.0,1.0,1.0,,,
gpt4_2f56ae70,ITQ96_CENTERED,505.0,458,31.0,3.0,31.0,3.0,3.0,0.0,,,
gpt4_2f584639,SIGN96_CENTERED,,472,29.0,1.0,30.0,2.0,2.0,0.0,,,
gpt4_2f584639,ITQ96_CENTERED,101.0,472,11.0,1.0,13.0,1.0,1.0,0.0,,,
gpt4_2f584639,ITQ96_CENTERED,202.0,472,11.0,1.0,13.0,4.0,1.0,1.0,,,
gpt4_2f584639,ITQ96_CENTERED,303.0,472,12.0,1.0,14.0,4.0,2.0,1.0,,,
gpt4_2f584639,ITQ96_CENTERED,404.0,472,10.0,1.0,11.0,2.0,2.0,0.0,,,
gpt4_2f584639,ITQ96_CENTERED,505.0,472,12.0,1.0,14.0,5.0,1.0,1.0,,,
gpt4_2f8be40d,SIGN96_CENTERED,,474,29.0,1.0,32.0,1.0,1.0,0.0,,,
gpt4_2f8be40d,ITQ96_CENTERED,101.0,474,26.0,1.0,27.0,2.0,2.0,0.0,,,
gpt4_2f8be40d,ITQ96_CENTERED,202.0,474,24.0,1.0,25.0,2.0,2.0,0.0,,,
gpt4_2f8be40d,ITQ96_CENTERED,303.0,474,28.0,1.0,29.0,3.0,2.0,1.0,,,
gpt4_2f8be40d,ITQ96_CENTERED,404.0,474,26.0,1.0,29.0,5.0,1.0,1.0,,,
gpt4_2f8be40d,ITQ96_CENTERED,505.0,474,27.0,2.0,28.0,1.0,1.0,0.0,,,
gpt4_2f91af09,SIGN96_CENTERED,,515,21.0,1.0,26.0,1.0,1.0,0.0,,,
gpt4_2f91af09,ITQ96_CENTERED,101.0,515,8.0,1.0,10.0,2.0,2.0,0.0,,,
gpt4_2f91af09,ITQ96_CENTERED,202.0,515,10.0,1.0,13.0,1.0,1.0,0.0,,,
gpt4_2f91af09,ITQ96_CENTERED,303.0,515,10.0,1.0,15.0,3.0,1.0,1.0,,,
gpt4_2f91af09,ITQ96_CENTERED,404.0,515,8.0,2.0,9.0,1.0,1.0,0.0,,,
gpt4_2f91af09,ITQ96_CENTERED,505.0,515,9.0,2.0,14.0,1.0,1.0,0.0,,,
gpt4_31ff4165,SIGN96_CENTERED,,457,16.0,1.0,28.0,1.0,1.0,0.0,,,
gpt4_31ff4165,ITQ96_CENTERED,101.0,457,18.0,1.0,23.0,3.0,2.0,1.0,,,
gpt4_31ff4165,ITQ96_CENTERED,202.0,457,19.0,1.0,21.0,2.0,2.0,0.0,,,
gpt4_31ff4165,ITQ96_CENTERED,303.0,457,15.0,1.0,20.0,1.0,1.0,0.0,,,
gpt4_31ff4165,ITQ96_CENTERED,404.0,457,17.0,1.0,21.0,1.0,1.0,0.0,,,
gpt4_31ff4165,ITQ96_CENTERED,505.0,457,16.0,1.0,23.0,2.0,1.0,1.0,,,
gpt4_372c3eed,SIGN96_CENTERED,,465,23.0,1.0,32.0,1.0,1.0,0.0,,,
gpt4_372c3eed,ITQ96_CENTERED,101.0,465,19.0,1.0,21.0,3.0,1.0,1.0,,,
gpt4_372c3eed,ITQ96_CENTERED,202.0,465,15.0,1.0,22.0,1.0,1.0,0.0,,,
gpt4_372c3eed,ITQ96_CENTERED,303.0,465,20.0,1.0,23.0,2.0,1.0,1.0,,,
gpt4_372c3eed,ITQ96_CENTERED,404.0,465,16.0,1.0,19.0,2.0,1.0,1.0,,,
gpt4_372c3eed,ITQ96_CENTERED,505.0,465,21.0,1.0,23.0,3.0,1.0,1.0,,,
gpt4_385a5000,SIGN96_CENTERED,,493,24.0,1.0,29.0,1.0,1.0,0.0,,,
gpt4_385a5000,ITQ96_CENTERED,101.0,493,11.0,1.0,12.0,2.0,2.0,0.0,,,
gpt4_385a5000,ITQ96_CENTERED,202.0,493,11.0,2.0,12.0,3.0,1.0,1.0,,,
gpt4_385a5000,ITQ96_CENTERED,303.0,493,16.0,1.0,19.0,6.0,1.0,1.0,,,
gpt4_385a5000,ITQ96_CENTERED,404.0,493,7.0,1.0,9.0,1.0,1.0,0.0,,,
gpt4_385a5000,ITQ96_CENTERED,505.0,493,14.0,1.0,15.0,3.0,2.0,1.0,,,
gpt4_45189cb4,SIGN96_CENTERED,,501,34.0,3.0,34.0,3.0,3.0,0.0,,,
gpt4_45189cb4,ITQ96_CENTERED,101.0,501,25.0,1.0,27.0,2.0,1.0,1.0,,,
gpt4_45189cb4,ITQ96_CENTERED,202.0,501,26.0,1.0,28.0,4.0,1.0,1.0,,,
gpt4_45189cb4,ITQ96_CENTERED,303.0,501,27.0,2.0,28.0,2.0,1.0,1.0,,,
gpt4_45189cb4,ITQ96_CENTERED,404.0,501,25.0,1.0,26.0,2.0,2.0,0.0,,,
gpt4_45189cb4,ITQ96_CENTERED,505.0,501,20.0,1.0,23.0,1.0,1.0,0.0,,,
gpt4_468eb063,SIGN96_CENTERED,,498,32.0,2.0,35.0,3.0,1.0,1.0,,,
gpt4_468eb063,ITQ96_CENTERED,101.0,498,19.0,7.0,19.0,7.0,3.0,1.0,,,
gpt4_468eb063,ITQ96_CENTERED,202.0,498,19.0,2.0,21.0,3.0,1.0,1.0,,,
gpt4_468eb063,ITQ96_CENTERED,303.0,498,20.0,3.0,20.0,3.0,3.0,0.0,,,
gpt4_468eb063,ITQ96_CENTERED,404.0,498,22.0,5.0,22.0,5.0,3.0,1.0,,,
gpt4_468eb063,ITQ96_CENTERED,505.0,498,20.0,5.0,20.0,5.0,3.0,1.0,,,
gpt4_468eb064,SIGN96_CENTERED,,460,20.0,1.0,33.0,4.0,1.0,1.0,,,
gpt4_468eb064,ITQ96_CENTERED,101.0,460,12.0,1.0,14.0,1.0,1.0,0.0,,,
gpt4_468eb064,ITQ96_CENTERED,202.0,460,18.0,4.0,18.0,4.0,3.0,1.0,,,
gpt4_468eb064,ITQ96_CENTERED,303.0,460,18.0,4.0,18.0,4.0,3.0,1.0,,,
gpt4_468eb064,ITQ96_CENTERED,404.0,460,14.0,1.0,15.0,4.0,2.0,1.0,,,
gpt4_468eb064,ITQ96_CENTERED,505.0,460,13.0,1.0,14.0,4.0,2.0,1.0,,,
gpt4_483dd43c,SIGN96_CENTERED,,532,22.0,1.0,27.0,2.0,1.0,1.0,,,
gpt4_483dd43c,ITQ96_CENTERED,101.0,532,9.0,1.0,16.0,2.0,1.0,1.0,,,
gpt4_483dd43c,ITQ96_CENTERED,202.0,532,7.0,1.0,14.0,3.0,2.0,1.0,,,
gpt4_483dd43c,ITQ96_CENTERED,303.0,532,10.0,1.0,15.0,1.0,1.0,0.0,,,
gpt4_483dd43c,ITQ96_CENTERED,404.0,532,5.0,1.0,12.0,2.0,2.0,0.0,,,
gpt4_483dd43c,ITQ96_CENTERED,505.0,532,8.0,1.0,12.0,1.0,1.0,0.0,,,
gpt4_4929293a,SIGN96_CENTERED,,486,18.0,1.0,25.0,2.0,1.0,1.0,,,
gpt4_4929293a,ITQ96_CENTERED,101.0,486,11.0,1.0,13.0,1.0,1.0,0.0,,,
gpt4_4929293a,ITQ96_CENTERED,202.0,486,9.0,1.0,13.0,1.0,1.0,0.0,,,
gpt4_4929293a,ITQ96_CENTERED,303.0,486,11.0,1.0,13.0,3.0,1.0,1.0,,,
gpt4_4929293a,ITQ96_CENTERED,404.0,486,7.0,1.0,12.0,1.0,1.0,0.0,,,
gpt4_4929293a,ITQ96_CENTERED,505.0,486,10.0,1.0,13.0,1.0,1.0,0.0,,,
gpt4_4929293b,SIGN96_CENTERED,,469,35.0,1.0,36.0,4.0,2.0,1.0,,,
gpt4_4929293b,ITQ96_CENTERED,101.0,469,20.0,1.0,24.0,2.0,2.0,0.0,,,
gpt4_4929293b,ITQ96_CENTERED,202.0,469,19.0,1.0,23.0,2.0,2.0,0.0,,,
gpt4_4929293b,ITQ96_CENTERED,303.0,469,21.0,1.0,22.0,3.0,2.0,1.0,,,
gpt4_4929293b,ITQ96_CENTERED,404.0,469,25.0,1.0,27.0,2.0,1.0,1.0,,,
gpt4_4929293b,ITQ96_CENTERED,505.0,469,20.0,3.0,20.0,3.0,3.0,0.0,,,
gpt4_4cd9eba1,SIGN96_CENTERED,,500,19.0,1.0,25.0,2.0,2.0,0.0,,,
gpt4_4cd9eba1,ITQ96_CENTERED,101.0,500,17.0,2.0,20.0,1.0,1.0,0.0,,,
gpt4_4cd9eba1,ITQ96_CENTERED,202.0,500,17.0,1.0,19.0,2.0,2.0,0.0,,,
gpt4_4cd9eba1,ITQ96_CENTERED,303.0,500,19.0,2.0,20.0,2.0,1.0,1.0,,,
gpt4_4cd9eba1,ITQ96_CENTERED,404.0,500,14.0,1.0,20.0,1.0,1.0,0.0,,,
gpt4_4cd9eba1,ITQ96_CENTERED,505.0,500,17.0,1.0,23.0,1.0,1.0,0.0,,,
gpt4_4edbafa2,SIGN96_CENTERED,,460,22.0,1.0,34.0,2.0,1.0,1.0,,,
gpt4_4edbafa2,ITQ96_CENTERED,101.0,460,17.0,1.0,18.0,2.0,2.0,0.0,,,
gpt4_4edbafa2,ITQ96_CENTERED,202.0,460,14.0,1.0,18.0,3.0,1.0,1.0,,,
gpt4_4edbafa2,ITQ96_CENTERED,303.0,460,14.0,1.0,18.0,2.0,1.0,1.0,,,
gpt4_4edbafa2,ITQ96_CENTERED,404.0,460,16.0,1.0,17.0,2.0,2.0,0.0,,,
gpt4_4edbafa2,ITQ96_CENTERED,505.0,460,17.0,1.0,18.0,2.0,2.0,0.0,,,
gpt4_4ef30696,SIGN96_CENTERED,,520,19.0,1.0,23.0,1.0,1.0,0.0,,,
gpt4_4ef30696,ITQ96_CENTERED,101.0,520,17.0,1.0,26.0,2.0,1.0,1.0,,,
gpt4_4ef30696,ITQ96_CENTERED,202.0,520,21.0,1.0,26.0,2.0,1.0,1.0,,,
gpt4_4ef30696,ITQ96_CENTERED,303.0,520,18.0,1.0,27.0,1.0,1.0,0.0,,,
gpt4_4ef30696,ITQ96_CENTERED,404.0,520,19.0,1.0,26.0,1.0,1.0,0.0,,,
gpt4_4ef30696,ITQ96_CENTERED,505.0,520,19.0,1.0,24.0,1.0,1.0,0.0,,,
gpt4_4fc4f797,SIGN96_CENTERED,,472,9.0,1.0,18.0,1.0,1.0,0.0,,,
gpt4_4fc4f797,ITQ96_CENTERED,101.0,472,2.0,1.0,9.0,1.0,1.0,0.0,,,
gpt4_4fc4f797,ITQ96_CENTERED,202.0,472,4.0,1.0,10.0,1.0,1.0,0.0,,,
gpt4_4fc4f797,ITQ96_CENTERED,303.0,472,3.0,1.0,9.0,1.0,1.0,0.0,,,
gpt4_4fc4f797,ITQ96_CENTERED,404.0,472,7.0,2.0,10.0,1.0,1.0,0.0,,,
gpt4_4fc4f797,ITQ96_CENTERED,505.0,472,5.0,1.0,10.0,1.0,1.0,0.0,,,
gpt4_5438fa52,SIGN96_CENTERED,,513,30.0,1.0,33.0,2.0,2.0,0.0,,,
gpt4_5438fa52,ITQ96_CENTERED,101.0,513,26.0,1.0,27.0,3.0,2.0,1.0,,,
gpt4_5438fa52,ITQ96_CENTERED,202.0,513,26.0,1.0,29.0,1.0,1.0,0.0,,,
gpt4_5438fa52,ITQ96_CENTERED,303.0,513,26.0,1.0,27.0,2.0,2.0,0.0,,,
gpt4_5438fa52,ITQ96_CENTERED,404.0,513,27.0,1.0,29.0,3.0,1.0,1.0,,,
gpt4_5438fa52,ITQ96_CENTERED,505.0,513,25.0,2.0,26.0,2.0,1.0,1.0,,,
gpt4_5501fe77,SIGN96_CENTERED,,516,22.0,1.0,27.0,1.0,1.0,0.0,,,
gpt4_5501fe77,ITQ96_CENTERED,101.0,516,12.0,1.0,19.0,2.0,1.0,1.0,,,
gpt4_5501fe77,ITQ96_CENTERED,202.0,516,16.0,1.0,21.0,3.0,1.0,1.0,,,
gpt4_5501fe77,ITQ96_CENTERED,303.0,516,18.0,1.0,23.0,2.0,1.0,1.0,,,
gpt4_5501fe77,ITQ96_CENTERED,404.0,516,21.0,1.0,23.0,2.0,1.0,1.0,,,
gpt4_5501fe77,ITQ96_CENTERED,505.0,516,19.0,1.0,20.0,2.0,2.0,0.0,,,
gpt4_59149c77,SIGN96_CENTERED,,484,27.0,2.0,31.0,2.0,1.0,1.0,,,
gpt4_59149c77,ITQ96_CENTERED,101.0,484,19.0,4.0,19.0,4.0,3.0,1.0,,,
gpt4_59149c77,ITQ96_CENTERED,202.0,484,15.0,2.0,16.0,1.0,1.0,0.0,,,
gpt4_59149c77,ITQ96_CENTERED,303.0,484,17.0,1.0,19.0,2.0,1.0,1.0,,,
gpt4_59149c77,ITQ96_CENTERED,404.0,484,13.0,1.0,16.0,2.0,2.0,0.0,,,
gpt4_59149c77,ITQ96_CENTERED,505.0,484,15.0,1.0,17.0,1.0,1.0,0.0,,,
gpt4_59149c78,SIGN96_CENTERED,,497,32.0,1.0,33.0,2.0,2.0,0.0,,,
gpt4_59149c78,ITQ96_CENTERED,101.0,497,18.0,1.0,19.0,2.0,2.0,0.0,,,
gpt4_59149c78,ITQ96_CENTERED,202.0,497,14.0,3.0,14.0,3.0,3.0,0.0,,,
gpt4_59149c78,ITQ96_CENTERED,303.0,497,16.0,1.0,17.0,2.0,2.0,0.0,,,
gpt4_59149c78,ITQ96_CENTERED,404.0,497,16.0,1.0,17.0,4.0,2.0,1.0,,,
gpt4_59149c78,ITQ96_CENTERED,505.0,497,13.0,1.0,14.0,2.0,2.0,0.0,,,
gpt4_59c863d7,SIGN96_CENTERED,,481,24.0,1.0,31.0,1.0,1.0,0.0,,,
gpt4_59c863d7,ITQ96_CENTERED,101.0,481,16.0,2.0,19.0,1.0,1.0,0.0,,,
gpt4_59c863d7,ITQ96_CENTERED,202.0,481,19.0,2.0,20.0,2.0,1.0,1.0,,,
gpt4_59c863d7,ITQ96_CENTERED,303.0,481,13.0,1.0,16.0,2.0,1.0,1.0,,,
gpt4_59c863d7,ITQ96_CENTERED,404.0,481,17.0,2.0,18.0,1.0,1.0,0.0,,,
gpt4_59c863d7,ITQ96_CENTERED,505.0,481,17.0,1.0,18.0,2.0,2.0,0.0,,,
gpt4_5dcc0aab,SIGN96_CENTERED,,547,27.0,1.0,31.0,1.0,1.0,0.0,,,
gpt4_5dcc0aab,ITQ96_CENTERED,101.0,547,15.0,1.0,19.0,1.0,1.0,0.0,,,
gpt4_5dcc0aab,ITQ96_CENTERED,202.0,547,21.0,2.0,23.0,2.0,1.0,1.0,,,
gpt4_5dcc0aab,ITQ96_CENTERED,303.0,547,22.0,1.0,26.0,2.0,1.0,1.0,,,
gpt4_5dcc0aab,ITQ96_CENTERED,404.0,547,17.0,1.0,22.0,3.0,1.0,1.0,,,
gpt4_5dcc0aab,ITQ96_CENTERED,505.0,547,17.0,2.0,18.0,1.0,1.0,0.0,,,
gpt4_61e13b3c,SIGN96_CENTERED,,467,21.0,1.0,30.0,1.0,1.0,0.0,,,
gpt4_61e13b3c,ITQ96_CENTERED,101.0,467,15.0,1.0,17.0,3.0,1.0,1.0,,,
gpt4_61e13b3c,ITQ96_CENTERED,202.0,467,14.0,1.0,16.0,1.0,1.0,0.0,,,
gpt4_61e13b3c,ITQ96_CENTERED,303.0,467,14.0,1.0,15.0,2.0,2.0,0.0,,,
gpt4_61e13b3c,ITQ96_CENTERED,404.0,467,12.0,1.0,16.0,2.0,1.0,1.0,,,
gpt4_61e13b3c,ITQ96_CENTERED,505.0,467,13.0,1.0,15.0,2.0,2.0,0.0,,,
gpt4_65aabe59,SIGN96_CENTERED,,452,26.0,1.0,30.0,1.0,1.0,0.0,,,
gpt4_65aabe59,ITQ96_CENTERED,101.0,452,14.0,3.0,14.0,3.0,3.0,0.0,,,
gpt4_65aabe59,ITQ96_CENTERED,202.0,452,15.0,2.0,16.0,4.0,1.0,1.0,,,
gpt4_65aabe59,ITQ96_CENTERED,303.0,452,16.0,1.0,17.0,3.0,2.0,1.0,,,
gpt4_65aabe59,ITQ96_CENTERED,404.0,452,15.0,2.0,16.0,2.0,1.0,1.0,,,
gpt4_65aabe59,ITQ96_CENTERED,505.0,452,13.0,1.0,14.0,3.0,2.0,1.0,,,
gpt4_68e94287,SIGN96_CENTERED,,491,29.0,1.0,31.0,2.0,1.0,1.0,,,
gpt4_68e94287,ITQ96_CENTERED,101.0,491,22.0,1.0,23.0,2.0,2.0,0.0,,,
gpt4_68e94287,ITQ96_CENTERED,202.0,491,18.0,1.0,22.0,1.0,1.0,0.0,,,
gpt4_68e94287,ITQ96_CENTERED,303.0,491,18.0,1.0,21.0,1.0,1.0,0.0,,,
gpt4_68e94287,ITQ96_CENTERED,404.0,491,23.0,1.0,24.0,3.0,2.0,1.0,,,
gpt4_68e94287,ITQ96_CENTERED,505.0,491,21.0,1.0,23.0,2.0,2.0,0.0,,,
gpt4_68e94288,SIGN96_CENTERED,,459,30.0,1.0,32.0,1.0,1.0,0.0,,,
gpt4_68e94288,ITQ96_CENTERED,101.0,459,23.0,1.0,24.0,5.0,2.0,1.0,,,
gpt4_68e94288,ITQ96_CENTERED,202.0,459,24.0,2.0,25.0,4.0,1.0,1.0,,,
gpt4_68e94288,ITQ96_CENTERED,303.0,459,21.0,1.0,22.0,3.0,2.0,1.0,,,
gpt4_68e94288,ITQ96_CENTERED,404.0,459,20.0,1.0,22.0,1.0,1.0,0.0,,,
gpt4_68e94288,ITQ96_CENTERED,505.0,459,21.0,1.0,24.0,7.0,1.0,1.0,,,
gpt4_6dc9b45b,SIGN96_CENTERED,,565,16.0,1.0,29.0,1.0,1.0,0.0,,,
gpt4_6dc9b45b,ITQ96_CENTERED,101.0,565,10.0,1.0,12.0,2.0,2.0,0.0,,,
gpt4_6dc9b45b,ITQ96_CENTERED,202.0,565,12.0,4.0,12.0,4.0,3.0,1.0,,,
gpt4_6dc9b45b,ITQ96_CENTERED,303.0,565,13.0,1.0,15.0,2.0,1.0,1.0,,,
gpt4_6dc9b45b,ITQ96_CENTERED,404.0,565,13.0,1.0,18.0,1.0,1.0,0.0,,,
gpt4_6dc9b45b,ITQ96_CENTERED,505.0,565,15.0,3.0,15.0,3.0,3.0,0.0,,,
gpt4_6ed717ea,SIGN96_CENTERED,,489,26.0,1.0,29.0,1.0,1.0,0.0,,,
gpt4_6ed717ea,ITQ96_CENTERED,101.0,489,16.0,1.0,17.0,2.0,2.0,0.0,,,
gpt4_6ed717ea,ITQ96_CENTERED,202.0,489,14.0,1.0,15.0,3.0,2.0,1.0,,,
gpt4_6ed717ea,ITQ96_CENTERED,303.0,489,16.0,2.0,17.0,1.0,1.0,0.0,,,
gpt4_6ed717ea,ITQ96_CENTERED,404.0,489,17.0,1.0,19.0,4.0,1.0,1.0,,,
gpt4_6ed717ea,ITQ96_CENTERED,505.0,489,14.0,1.0,17.0,1.0,1.0,0.0,,,
gpt4_70e84552,SIGN96_CENTERED,,467,21.0,1.0,26.0,2.0,2.0,0.0,,,
gpt4_70e84552,ITQ96_CENTERED,101.0,467,9.0,1.0,16.0,3.0,1.0,1.0,,,
gpt4_70e84552,ITQ96_CENTERED,202.0,467,14.0,1.0,19.0,1.0,1.0,0.0,,,
gpt4_70e84552,ITQ96_CENTERED,303.0,467,15.0,1.0,17.0,1.0,1.0,0.0,,,
gpt4_70e84552,ITQ96_CENTERED,404.0,467,13.0,1.0,18.0,2.0,1.0,1.0,,,
gpt4_70e84552,ITQ96_CENTERED,505.0,467,14.0,1.0,17.0,1.0,1.0,0.0,,,
gpt4_731e37d7,SIGN96_CENTERED,,525,27.0,3.0,27.0,3.0,3.0,0.0,,,
gpt4_731e37d7,ITQ96_CENTERED,101.0,525,11.0,1.0,13.0,1.0,1.0,0.0,,,
gpt4_731e37d7,ITQ96_CENTERED,202.0,525,4.0,1.0,11.0,1.0,1.0,0.0,,,
gpt4_731e37d7,ITQ96_CENTERED,303.0,525,8.0,1.0,14.0,1.0,1.0,0.0,,,
gpt4_731e37d7,ITQ96_CENTERED,404.0,525,7.0,1.0,12.0,2.0,2.0,0.0,,,
gpt4_731e37d7,ITQ96_CENTERED,505.0,525,8.0,1.0,11.0,1.0,1.0,0.0,,,
gpt4_74aed68e,SIGN96_CENTERED,,480,14.0,1.0,28.0,2.0,1.0,1.0,,,
gpt4_74aed68e,ITQ96_CENTERED,101.0,480,6.0,1.0,10.0,1.0,1.0,0.0,,,
gpt4_74aed68e,ITQ96_CENTERED,202.0,480,11.0,2.0,14.0,1.0,1.0,0.0,,,
gpt4_74aed68e,ITQ96_CENTERED,303.0,480,5.0,1.0,17.0,2.0,1.0,1.0,,,
gpt4_74aed68e,ITQ96_CENTERED,404.0,480,6.0,1.0,14.0,1.0,1.0,0.0,,,
gpt4_74aed68e,ITQ96_CENTERED,505.0,480,9.0,1.0,14.0,2.0,1.0,1.0,,,
gpt4_76048e76,SIGN96_CENTERED,,482,16.0,1.0,28.0,2.0,1.0,1.0,,,
gpt4_76048e76,ITQ96_CENTERED,101.0,482,9.0,1.0,12.0,1.0,1.0,0.0,,,
gpt4_76048e76,ITQ96_CENTERED,202.0,482,7.0,1.0,12.0,1.0,1.0,0.0,,,
gpt4_76048e76,ITQ96_CENTERED,303.0,482,12.0,1.0,13.0,3.0,2.0,1.0,,,
gpt4_76048e76,ITQ96_CENTERED,404.0,482,12.0,1.0,13.0,3.0,2.0,1.0,,,
gpt4_76048e76,ITQ96_CENTERED,505.0,482,13.0,2.0,15.0,1.0,1.0,0.0,,,
gpt4_78cf46a3,SIGN96_CENTERED,,505,25.0,1.0,31.0,3.0,2.0,1.0,,,
gpt4_78cf46a3,ITQ96_CENTERED,101.0,505,12.0,1.0,16.0,1.0,1.0,0.0,,,
gpt4_78cf46a3,ITQ96_CENTERED,202.0,505,10.0,1.0,11.0,2.0,2.0,0.0,,,
gpt4_78cf46a3,ITQ96_CENTERED,303.0,505,11.0,1.0,15.0,1.0,1.0,0.0,,,
gpt4_78cf46a3,ITQ96_CENTERED,404.0,505,11.0,1.0,14.0,1.0,1.0,0.0,,,
gpt4_78cf46a3,ITQ96_CENTERED,505.0,505,16.0,1.0,19.0,2.0,2.0,0.0,,,
gpt4_7a0daae1,SIGN96_CENTERED,,561,22.0,2.0,31.0,1.0,1.0,0.0,,,
gpt4_7a0daae1,ITQ96_CENTERED,101.0,561,17.0,1.0,20.0,3.0,1.0,1.0,,,
gpt4_7a0daae1,ITQ96_CENTERED,202.0,561,20.0,1.0,21.0,5.0,2.0,1.0,,,
gpt4_7a0daae1,ITQ96_CENTERED,303.0,561,19.0,1.0,22.0,2.0,2.0,0.0,,,
gpt4_7a0daae1,ITQ96_CENTERED,404.0,561,14.0,1.0,18.0,2.0,2.0,0.0,,,
gpt4_7a0daae1,ITQ96_CENTERED,505.0,561,19.0,1.0,22.0,3.0,1.0,1.0,,,
gpt4_7abb270c,SIGN96_CENTERED,,467,24.0,1.0,31.0,1.0,1.0,0.0,,,
gpt4_7abb270c,ITQ96_CENTERED,101.0,467,9.0,1.0,19.0,1.0,1.0,0.0,,,
gpt4_7abb270c,ITQ96_CENTERED,202.0,467,14.0,1.0,19.0,1.0,1.0,0.0,,,
gpt4_7abb270c,ITQ96_CENTERED,303.0,467,16.0,2.0,18.0,2.0,1.0,1.0,,,
gpt4_7abb270c,ITQ96_CENTERED,404.0,467,12.0,1.0,17.0,1.0,1.0,0.0,,,
gpt4_7abb270c,ITQ96_CENTERED,505.0,467,13.0,1.0,18.0,1.0,1.0,0.0,,,
gpt4_7bc6cf22,SIGN96_CENTERED,,519,23.0,1.0,30.0,1.0,1.0,0.0,,,
gpt4_7bc6cf22,ITQ96_CENTERED,101.0,519,26.0,1.0,29.0,4.0,2.0,1.0,,,
gpt4_7bc6cf22,ITQ96_CENTERED,202.0,519,24.0,1.0,26.0,2.0,1.0,1.0,,,
gpt4_7bc6cf22,ITQ96_CENTERED,303.0,519,24.0,1.0,28.0,2.0,1.0,1.0,,,
gpt4_7bc6cf22,ITQ96_CENTERED,404.0,519,29.0,1.0,30.0,4.0,2.0,1.0,,,
gpt4_7bc6cf22,ITQ96_CENTERED,505.0,519,25.0,1.0,27.0,5.0,2.0,1.0,,,
gpt4_7ca326fa,SIGN96_CENTERED,,516,23.0,1.0,29.0,1.0,1.0,0.0,,,
gpt4_7ca326fa,ITQ96_CENTERED,101.0,516,15.0,1.0,19.0,2.0,2.0,0.0,,,
gpt4_7ca326fa,ITQ96_CENTERED,202.0,516,13.0,1.0,17.0,2.0,2.0,0.0,,,
gpt4_7ca326fa,ITQ96_CENTERED,303.0,516,18.0,1.0,19.0,2.0,2.0,0.0,,,
gpt4_7ca326fa,ITQ96_CENTERED,404.0,516,18.0,2.0,19.0,2.0,1.0,1.0,,,
gpt4_7ca326fa,ITQ96_CENTERED,505.0,516,19.0,3.0,19.0,3.0,3.0,0.0,,,
gpt4_7ddcf75f,SIGN96_CENTERED,,480,22.0,1.0,31.0,2.0,1.0,1.0,,,
gpt4_7ddcf75f,ITQ96_CENTERED,101.0,480,3.0,1.0,5.0,3.0,2.0,1.0,,,
gpt4_7ddcf75f,ITQ96_CENTERED,202.0,480,5.0,2.0,6.0,3.0,1.0,1.0,,,
gpt4_7ddcf75f,ITQ96_CENTERED,303.0,480,4.0,2.0,7.0,1.0,1.0,0.0,,,
gpt4_7ddcf75f,ITQ96_CENTERED,404.0,480,3.0,2.0,4.0,1.0,1.0,0.0,,,
gpt4_7ddcf75f,ITQ96_CENTERED,505.0,480,5.0,2.0,6.0,2.0,1.0,1.0,,,
gpt4_7de946e7,SIGN96_CENTERED,,533,19.0,1.0,28.0,1.0,1.0,0.0,,,
gpt4_7de946e7,ITQ96_CENTERED,101.0,533,22.0,1.0,24.0,1.0,1.0,0.0,,,
gpt4_7de946e7,ITQ96_CENTERED,202.0,533,22.0,1.0,25.0,1.0,1.0,0.0,,,
gpt4_7de946e7,ITQ96_CENTERED,303.0,533,23.0,1.0,24.0,3.0,2.0,1.0,,,
gpt4_7de946e7,ITQ96_CENTERED,404.0,533,22.0,1.0,24.0,1.0,1.0,0.0,,,
gpt4_7de946e7,ITQ96_CENTERED,505.0,533,22.0,1.0,24.0,2.0,1.0,1.0,,,
gpt4_7f6b06db,SIGN96_CENTERED,,558,30.0,1.0,34.0,1.0,1.0,0.0,,,
gpt4_7f6b06db,ITQ96_CENTERED,101.0,558,27.0,1.0,28.0,2.0,2.0,0.0,,,
gpt4_7f6b06db,ITQ96_CENTERED,202.0,558,25.0,1.0,27.0,2.0,2.0,0.0,,,
gpt4_7f6b06db,ITQ96_CENTERED,303.0,558,22.0,1.0,23.0,4.0,2.0,1.0,,,
gpt4_7f6b06db,ITQ96_CENTERED,404.0,558,25.0,1.0,28.0,6.0,1.0,1.0,,,
gpt4_7f6b06db,ITQ96_CENTERED,505.0,558,27.0,1.0,29.0,4.0,1.0,1.0,,,
gpt4_7fce9456,SIGN96_CENTERED,,497,16.0,1.0,32.0,2.0,1.0,1.0,,,
gpt4_7fce9456,ITQ96_CENTERED,101.0,497,9.0,2.0,20.0,3.0,1.0,1.0,,,
gpt4_7fce9456,ITQ96_CENTERED,202.0,497,10.0,1.0,19.0,1.0,1.0,0.0,,,
gpt4_7fce9456,ITQ96_CENTERED,303.0,497,7.0,2.0,15.0,1.0,1.0,0.0,,,
gpt4_7fce9456,ITQ96_CENTERED,404.0,497,13.0,1.0,19.0,1.0,1.0,0.0,,,
gpt4_7fce9456,ITQ96_CENTERED,505.0,497,10.0,2.0,12.0,1.0,1.0,0.0,,,
gpt4_8279ba02,SIGN96_CENTERED,,489,27.0,1.0,35.0,2.0,2.0,0.0,,,
gpt4_8279ba02,ITQ96_CENTERED,101.0,489,25.0,2.0,26.0,2.0,1.0,1.0,,,
gpt4_8279ba02,ITQ96_CENTERED,202.0,489,26.0,2.0,28.0,5.0,1.0,1.0,,,
gpt4_8279ba02,ITQ96_CENTERED,303.0,489,24.0,1.0,28.0,3.0,1.0,1.0,,,
gpt4_8279ba02,ITQ96_CENTERED,404.0,489,24.0,1.0,25.0,4.0,2.0,1.0,,,
gpt4_8279ba02,ITQ96_CENTERED,505.0,489,23.0,1.0,27.0,4.0,1.0,1.0,,,
gpt4_8279ba03,SIGN96_CENTERED,,500,30.0,1.0,33.0,4.0,2.0,1.0,,,
gpt4_8279ba03,ITQ96_CENTERED,101.0,500,31.0,1.0,32.0,4.0,2.0,1.0,,,
gpt4_8279ba03,ITQ96_CENTERED,202.0,500,32.0,2.0,33.0,2.0,1.0,1.0,,,
gpt4_8279ba03,ITQ96_CENTERED,303.0,500,24.0,1.0,30.0,2.0,2.0,0.0,,,
gpt4_8279ba03,ITQ96_CENTERED,404.0,500,28.0,2.0,30.0,1.0,1.0,0.0,,,
gpt4_8279ba03,ITQ96_CENTERED,505.0,500,29.0,2.0,30.0,3.0,1.0,1.0,,,
gpt4_85da3956,SIGN96_CENTERED,,505,9.0,1.0,18.0,1.0,1.0,0.0,,,
gpt4_85da3956,ITQ96_CENTERED,101.0,505,2.0,1.0,4.0,2.0,2.0,0.0,,,
gpt4_85da3956,ITQ96_CENTERED,202.0,505,2.0,1.0,5.0,1.0,1.0,0.0,,,
gpt4_85da3956,ITQ96_CENTERED,303.0,505,3.0,1.0,5.0,1.0,1.0,0.0,,,
gpt4_85da3956,ITQ96_CENTERED,404.0,505,1.0,1.0,4.0,1.0,1.0,0.0,,,
gpt4_85da3956,ITQ96_CENTERED,505.0,505,4.0,1.0,9.0,1.0,1.0,0.0,,,
gpt4_88806d6e,SIGN96_CENTERED,,493,17.0,1.0,21.0,2.0,2.0,0.0,,,
gpt4_88806d6e,ITQ96_CENTERED,101.0,493,5.0,2.0,6.0,1.0,1.0,0.0,,,
gpt4_88806d6e,ITQ96_CENTERED,202.0,493,5.0,1.0,6.0,3.0,2.0,1.0,,,
gpt4_88806d6e,ITQ96_CENTERED,303.0,493,4.0,1.0,7.0,1.0,1.0,0.0,,,
gpt4_88806d6e,ITQ96_CENTERED,404.0,493,3.0,1.0,6.0,1.0,1.0,0.0,,,
gpt4_88806d6e,ITQ96_CENTERED,505.0,493,1.0,1.0,9.0,1.0,1.0,0.0,,,
gpt4_8c8961ae,SIGN96_CENTERED,,485,26.0,2.0,27.0,1.0,1.0,0.0,,,
gpt4_8c8961ae,ITQ96_CENTERED,101.0,485,9.0,1.0,13.0,1.0,1.0,0.0,,,
gpt4_8c8961ae,ITQ96_CENTERED,202.0,485,13.0,1.0,14.0,2.0,2.0,0.0,,,
gpt4_8c8961ae,ITQ96_CENTERED,303.0,485,10.0,1.0,13.0,2.0,2.0,0.0,,,
gpt4_8c8961ae,ITQ96_CENTERED,404.0,485,10.0,1.0,12.0,2.0,1.0,1.0,,,
gpt4_8c8961ae,ITQ96_CENTERED,505.0,485,12.0,1.0,14.0,3.0,2.0,1.0,,,
gpt4_8e165409,SIGN96_CENTERED,,480,17.0,1.0,26.0,1.0,1.0,0.0,,,
gpt4_8e165409,ITQ96_CENTERED,101.0,480,8.0,1.0,12.0,3.0,1.0,1.0,,,
gpt4_8e165409,ITQ96_CENTERED,202.0,480,9.0,1.0,11.0,1.0,1.0,0.0,,,
gpt4_8e165409,ITQ96_CENTERED,303.0,480,8.0,2.0,9.0,1.0,1.0,0.0,,,
gpt4_8e165409,ITQ96_CENTERED,404.0,480,10.0,2.0,11.0,1.0,1.0,0.0,,,
gpt4_8e165409,ITQ96_CENTERED,505.0,480,12.0,1.0,15.0,6.0,1.0,1.0,,,
gpt4_93159ced,SIGN96_CENTERED,,444,24.0,1.0,32.0,2.0,1.0,1.0,,,
gpt4_93159ced,ITQ96_CENTERED,101.0,444,19.0,3.0,19.0,3.0,3.0,0.0,,,
gpt4_93159ced,ITQ96_CENTERED,202.0,444,19.0,2.0,20.0,1.0,1.0,0.0,,,
gpt4_93159ced,ITQ96_CENTERED,303.0,444,23.0,3.0,23.0,3.0,3.0,0.0,,,
gpt4_93159ced,ITQ96_CENTERED,404.0,444,18.0,1.0,19.0,2.0,2.0,0.0,,,
gpt4_93159ced,ITQ96_CENTERED,505.0,444,17.0,1.0,22.0,4.0,1.0,1.0,,,
gpt4_93f6379c,SIGN96_CENTERED,,445,19.0,1.0,28.0,1.0,1.0,0.0,,,
gpt4_93f6379c,ITQ96_CENTERED,101.0,445,12.0,1.0,18.0,1.0,1.0,0.0,,,
gpt4_93f6379c,ITQ96_CENTERED,202.0,445,16.0,1.0,25.0,1.0,1.0,0.0,,,
gpt4_93f6379c,ITQ96_CENTERED,303.0,445,13.0,1.0,19.0,1.0,1.0,0.0,,,
gpt4_93f6379c,ITQ96_CENTERED,404.0,445,12.0,1.0,16.0,1.0,1.0,0.0,,,
gpt4_93f6379c,ITQ96_CENTERED,505.0,445,13.0,2.0,23.0,1.0,1.0,0.0,,,
gpt4_98f46fc6,SIGN96_CENTERED,,490,15.0,1.0,27.0,1.0,1.0,0.0,,,
gpt4_98f46fc6,ITQ96_CENTERED,101.0,490,9.0,2.0,10.0,1.0,1.0,0.0,,,
gpt4_98f46fc6,ITQ96_CENTERED,202.0,490,16.0,3.0,16.0,3.0,3.0,0.0,,,
gpt4_98f46fc6,ITQ96_CENTERED,303.0,490,16.0,2.0,18.0,3.0,1.0,1.0,,,
gpt4_98f46fc6,ITQ96_CENTERED,404.0,490,11.0,1.0,15.0,2.0,2.0,0.0,,,
gpt4_98f46fc6,ITQ96_CENTERED,505.0,490,12.0,3.0,12.0,3.0,3.0,0.0,,,
gpt4_9a159967,SIGN96_CENTERED,,470,27.0,1.0,32.0,2.0,1.0,1.0,,,
gpt4_9a159967,ITQ96_CENTERED,101.0,470,29.0,2.0,30.0,3.0,1.0,1.0,,,
gpt4_9a159967,ITQ96_CENTERED,202.0,470,25.0,2.0,27.0,3.0,1.0,1.0,,,
gpt4_9a159967,ITQ96_CENTERED,303.0,470,26.0,1.0,27.0,2.0,2.0,0.0,,,
gpt4_9a159967,ITQ96_CENTERED,404.0,470,26.0,3.0,26.0,3.0,3.0,0.0,,,
gpt4_9a159967,ITQ96_CENTERED,505.0,470,29.0,1.0,31.0,3.0,1.0,1.0,,,
gpt4_a1b77f9c,SIGN96_CENTERED,,498,17.0,1.0,22.0,2.0,2.0,0.0,,,
gpt4_a1b77f9c,ITQ96_CENTERED,101.0,498,11.0,1.0,16.0,1.0,1.0,0.0,,,
gpt4_a1b77f9c,ITQ96_CENTERED,202.0,498,10.0,1.0,19.0,1.0,1.0,0.0,,,
gpt4_a1b77f9c,ITQ96_CENTERED,303.0,498,10.0,1.0,16.0,2.0,1.0,1.0,,,
gpt4_a1b77f9c,ITQ96_CENTERED,404.0,498,15.0,1.0,17.0,1.0,1.0,0.0,,,
gpt4_a1b77f9c,ITQ96_CENTERED,505.0,498,12.0,2.0,13.0,1.0,1.0,0.0,,,
gpt4_a2d1d1f6,SIGN96_CENTERED,,476,8.0,1.0,26.0,1.0,1.0,0.0,,,
gpt4_a2d1d1f6,ITQ96_CENTERED,101.0,476,5.0,1.0,17.0,1.0,1.0,0.0,,,
gpt4_a2d1d1f6,ITQ96_CENTERED,202.0,476,4.0,2.0,16.0,1.0,1.0,0.0,,,
gpt4_a2d1d1f6,ITQ96_CENTERED,303.0,476,7.0,1.0,14.0,1.0,1.0,0.0,,,
gpt4_a2d1d1f6,ITQ96_CENTERED,404.0,476,5.0,1.0,14.0,1.0,1.0,0.0,,,
gpt4_a2d1d1f6,ITQ96_CENTERED,505.0,476,10.0,1.0,16.0,1.0,1.0,0.0,,,
gpt4_a56e767c,SIGN96_CENTERED,,477,29.0,1.0,30.0,2.0,2.0,0.0,,,
gpt4_a56e767c,ITQ96_CENTERED,101.0,477,14.0,2.0,15.0,1.0,1.0,0.0,,,
gpt4_a56e767c,ITQ96_CENTERED,202.0,477,16.0,1.0,20.0,2.0,1.0,1.0,,,
gpt4_a56e767c,ITQ96_CENTERED,303.0,477,14.0,1.0,16.0,1.0,1.0,0.0,,,
gpt4_a56e767c,ITQ96_CENTERED,404.0,477,12.0,1.0,17.0,1.0,1.0,0.0,,,
gpt4_a56e767c,ITQ96_CENTERED,505.0,477,13.0,1.0,18.0,1.0,1.0,0.0,,,
gpt4_ab202e7f,SIGN96_CENTERED,,481,24.0,1.0,30.0,2.0,2.0,0.0,,,
gpt4_ab202e7f,ITQ96_CENTERED,101.0,481,28.0,2.0,30.0,2.0,1.0,1.0,,,
gpt4_ab202e7f,ITQ96_CENTERED,202.0,481,27.0,1.0,29.0,2.0,1.0,1.0,,,
gpt4_ab202e7f,ITQ96_CENTERED,303.0,481,25.0,1.0,29.0,1.0,1.0,0.0,,,
gpt4_ab202e7f,ITQ96_CENTERED,404.0,481,27.0,1.0,29.0,4.0,2.0,1.0,,,
gpt4_ab202e7f,ITQ96_CENTERED,505.0,481,25.0,1.0,29.0,1.0,1.0,0.0,,,
gpt4_af6db32f,SIGN96_CENTERED,,476,22.0,1.0,34.0,1.0,1.0,0.0,,,
gpt4_af6db32f,ITQ96_CENTERED,101.0,476,14.0,1.0,16.0,3.0,1.0,1.0,,,
gpt4_af6db32f,ITQ96_CENTERED,202.0,476,4.0,1.0,8.0,1.0,1.0,0.0,,,
gpt4_af6db32f,ITQ96_CENTERED,303.0,476,8.0,1.0,12.0,1.0,1.0,0.0,,,
gpt4_af6db32f,ITQ96_CENTERED,404.0,476,10.0,1.0,12.0,1.0,1.0,0.0,,,
gpt4_af6db32f,ITQ96_CENTERED,505.0,476,10.0,2.0,11.0,1.0,1.0,0.0,,,
gpt4_b0863698,SIGN96_CENTERED,,457,24.0,1.0,31.0,1.0,1.0,0.0,,,
gpt4_b0863698,ITQ96_CENTERED,101.0,457,24.0,2.0,25.0,1.0,1.0,0.0,,,
gpt4_b0863698,ITQ96_CENTERED,202.0,457,19.0,1.0,22.0,3.0,1.0,1.0,,,
gpt4_b0863698,ITQ96_CENTERED,303.0,457,18.0,1.0,22.0,1.0,1.0,0.0,,,
gpt4_b0863698,ITQ96_CENTERED,404.0,457,22.0,3.0,22.0,3.0,3.0,0.0,,,
gpt4_b0863698,ITQ96_CENTERED,505.0,457,21.0,1.0,24.0,5.0,1.0,1.0,,,
gpt4_b4a80587,SIGN96_CENTERED,,542,30.0,2.0,31.0,4.0,1.0,1.0,,,
gpt4_b4a80587,ITQ96_CENTERED,101.0,542,24.0,1.0,26.0,2.0,2.0,0.0,,,
gpt4_b4a80587,ITQ96_CENTERED,202.0,542,18.0,1.0,20.0,1.0,1.0,0.0,,,
gpt4_b4a80587,ITQ96_CENTERED,303.0,542,19.0,2.0,20.0,3.0,1.0,1.0,,,
gpt4_b4a80587,ITQ96_CENTERED,404.0,542,24.0,2.0,25.0,1.0,1.0,0.0,,,
gpt4_b4a80587,ITQ96_CENTERED,505.0,542,20.0,1.0,21.0,2.0,2.0,0.0,,,
gpt4_b5700ca0,SIGN96_CENTERED,,500,34.0,2.0,35.0,1.0,1.0,0.0,,,
gpt4_b5700ca0,ITQ96_CENTERED,101.0,500,21.0,5.0,21.0,5.0,3.0,1.0,,,
gpt4_b5700ca0,ITQ96_CENTERED,202.0,500,20.0,5.0,20.0,5.0,3.0,1.0,,,
gpt4_b5700ca0,ITQ96_CENTERED,303.0,500,20.0,5.0,20.0,5.0,3.0,1.0,,,
gpt4_b5700ca0,ITQ96_CENTERED,404.0,500,19.0,1.0,20.0,5.0,2.0,1.0,,,
gpt4_b5700ca0,ITQ96_CENTERED,505.0,500,21.0,1.0,22.0,3.0,2.0,1.0,,,
gpt4_b5700ca9,SIGN96_CENTERED,,537,14.0,1.0,22.0,1.0,1.0,0.0,,,
gpt4_b5700ca9,ITQ96_CENTERED,101.0,537,5.0,1.0,7.0,1.0,1.0,0.0,,,
gpt4_b5700ca9,ITQ96_CENTERED,202.0,537,8.0,1.0,9.0,2.0,2.0,0.0,,,
gpt4_b5700ca9,ITQ96_CENTERED,303.0,537,4.0,1.0,8.0,1.0,1.0,0.0,,,
gpt4_b5700ca9,ITQ96_CENTERED,404.0,537,6.0,1.0,9.0,1.0,1.0,0.0,,,
gpt4_b5700ca9,ITQ96_CENTERED,505.0,537,7.0,1.0,12.0,2.0,1.0,1.0,,,
gpt4_c27434e8,SIGN96_CENTERED,,500,27.0,1.0,28.0,3.0,2.0,1.0,,,
gpt4_c27434e8,ITQ96_CENTERED,101.0,500,9.0,1.0,10.0,3.0,2.0,1.0,,,
gpt4_c27434e8,ITQ96_CENTERED,202.0,500,7.0,1.0,11.0,1.0,1.0,0.0,,,
gpt4_c27434e8,ITQ96_CENTERED,303.0,500,5.0,1.0,10.0,3.0,2.0,1.0,,,
gpt4_c27434e8,ITQ96_CENTERED,404.0,500,9.0,2.0,10.0,1.0,1.0,0.0,,,
gpt4_c27434e8,ITQ96_CENTERED,505.0,500,11.0,2.0,12.0,1.0,1.0,0.0,,,
gpt4_cd90e484,SIGN96_CENTERED,,508,26.0,1.0,28.0,2.0,2.0,0.0,,,
gpt4_cd90e484,ITQ96_CENTERED,101.0,508,6.0,2.0,8.0,1.0,1.0,0.0,,,
gpt4_cd90e484,ITQ96_CENTERED,202.0,508,7.0,1.0,9.0,2.0,2.0,0.0,,,
gpt4_cd90e484,ITQ96_CENTERED,303.0,508,6.0,1.0,10.0,3.0,2.0,1.0,,,
gpt4_cd90e484,ITQ96_CENTERED,404.0,508,9.0,1.0,11.0,1.0,1.0,0.0,,,
gpt4_cd90e484,ITQ96_CENTERED,505.0,508,10.0,1.0,13.0,1.0,1.0,0.0,,,
gpt4_d12ceb0e,SIGN96_CENTERED,,477,30.0,1.0,33.0,1.0,1.0,0.0,,,
gpt4_d12ceb0e,ITQ96_CENTERED,101.0,477,19.0,2.0,20.0,3.0,1.0,1.0,,,
gpt4_d12ceb0e,ITQ96_CENTERED,202.0,477,17.0,1.0,19.0,2.0,1.0,1.0,,,
gpt4_d12ceb0e,ITQ96_CENTERED,303.0,477,13.0,1.0,15.0,2.0,1.0,1.0,,,
gpt4_d12ceb0e,ITQ96_CENTERED,404.0,477,12.0,2.0,15.0,2.0,1.0,1.0,,,
gpt4_d12ceb0e,ITQ96_CENTERED,505.0,477,18.0,1.0,19.0,4.0,2.0,1.0,,,
gpt4_d31cdae3,SIGN96_CENTERED,,480,17.0,1.0,29.0,1.0,1.0,0.0,,,
gpt4_d31cdae3,ITQ96_CENTERED,101.0,480,16.0,3.0,16.0,3.0,3.0,0.0,,,
gpt4_d31cdae3,ITQ96_CENTERED,202.0,480,14.0,1.0,19.0,3.0,2.0,1.0,,,
gpt4_d31cdae3,ITQ96_CENTERED,303.0,480,11.0,1.0,15.0,1.0,1.0,0.0,,,
gpt4_d31cdae3,ITQ96_CENTERED,404.0,480,13.0,1.0,16.0,2.0,1.0,1.0,,,
gpt4_d31cdae3,ITQ96_CENTERED,505.0,480,11.0,1.0,15.0,2.0,1.0,1.0,,,
gpt4_d6585ce8,SIGN96_CENTERED,,491,25.0,1.0,33.0,2.0,1.0,1.0,,,
gpt4_d6585ce8,ITQ96_CENTERED,101.0,491,19.0,2.0,21.0,2.0,1.0,1.0,,,
gpt4_d6585ce8,ITQ96_CENTERED,202.0,491,16.0,1.0,17.0,5.0,2.0,1.0,,,
gpt4_d6585ce8,ITQ96_CENTERED,303.0,491,20.0,4.0,20.0,4.0,3.0,1.0,,,
gpt4_d6585ce8,ITQ96_CENTERED,404.0,491,16.0,1.0,18.0,1.0,1.0,0.0,,,
gpt4_d6585ce8,ITQ96_CENTERED,505.0,491,17.0,1.0,19.0,5.0,1.0,1.0,,,
gpt4_d6585ce9,SIGN96_CENTERED,,438,28.0,2.0,30.0,1.0,1.0,0.0,,,
gpt4_d6585ce9,ITQ96_CENTERED,101.0,438,26.0,2.0,28.0,2.0,1.0,1.0,,,
gpt4_d6585ce9,ITQ96_CENTERED,202.0,438,19.0,1.0,21.0,1.0,1.0,0.0,,,
gpt4_d6585ce9,ITQ96_CENTERED,303.0,438,24.0,1.0,25.0,2.0,2.0,0.0,,,
gpt4_d6585ce9,ITQ96_CENTERED,404.0,438,26.0,3.0,26.0,3.0,3.0,0.0,,,
gpt4_d6585ce9,ITQ96_CENTERED,505.0,438,24.0,2.0,25.0,2.0,1.0,1.0,,,
gpt4_d84a3211,SIGN96_CENTERED,,495,34.0,1.0,37.0,4.0,2.0,1.0,,,
gpt4_d84a3211,ITQ96_CENTERED,101.0,495,15.0,1.0,18.0,3.0,2.0,1.0,,,
gpt4_d84a3211,ITQ96_CENTERED,202.0,495,15.0,1.0,17.0,1.0,1.0,0.0,,,
gpt4_d84a3211,ITQ96_CENTERED,303.0,495,13.0,3.0,13.0,3.0,3.0,0.0,,,
gpt4_d84a3211,ITQ96_CENTERED,404.0,495,15.0,1.0,16.0,2.0,2.0,0.0,,,
gpt4_d84a3211,ITQ96_CENTERED,505.0,495,12.0,1.0,15.0,3.0,2.0,1.0,,,
gpt4_d9af6064,SIGN96_CENTERED,,534,33.0,4.0,33.0,4.0,3.0,1.0,,,
gpt4_d9af6064,ITQ96_CENTERED,101.0,534,10.0,1.0,11.0,2.0,2.0,0.0,,,
gpt4_d9af6064,ITQ96_CENTERED,202.0,534,10.0,1.0,12.0,5.0,1.0,1.0,,,
gpt4_d9af6064,ITQ96_CENTERED,303.0,534,9.0,1.0,10.0,2.0,2.0,0.0,,,
gpt4_d9af6064,ITQ96_CENTERED,404.0,534,11.0,1.0,12.0,2.0,2.0,0.0,,,
gpt4_d9af6064,ITQ96_CENTERED,505.0,534,9.0,1.0,11.0,2.0,2.0,0.0,,,
gpt4_e05b82a6,SIGN96_CENTERED,,497,20.0,1.0,30.0,1.0,1.0,0.0,,,
gpt4_e05b82a6,ITQ96_CENTERED,101.0,497,21.0,1.0,24.0,1.0,1.0,0.0,,,
gpt4_e05b82a6,ITQ96_CENTERED,202.0,497,22.0,1.0,25.0,2.0,1.0,1.0,,,
gpt4_e05b82a6,ITQ96_CENTERED,303.0,497,19.0,1.0,21.0,2.0,2.0,0.0,,,
gpt4_e05b82a6,ITQ96_CENTERED,404.0,497,17.0,1.0,23.0,2.0,1.0,1.0,,,
gpt4_e05b82a6,ITQ96_CENTERED,505.0,497,21.0,1.0,22.0,4.0,2.0,1.0,,,
gpt4_e061b84f,SIGN96_CENTERED,,467,32.0,2.0,33.0,1.0,1.0,0.0,,,
gpt4_e061b84f,ITQ96_CENTERED,101.0,467,32.0,3.0,32.0,3.0,3.0,0.0,,,
gpt4_e061b84f,ITQ96_CENTERED,202.0,467,27.0,2.0,28.0,1.0,1.0,0.0,,,
gpt4_e061b84f,ITQ96_CENTERED,303.0,467,27.0,2.0,28.0,1.0,1.0,0.0,,,
gpt4_e061b84f,ITQ96_CENTERED,404.0,467,28.0,1.0,29.0,2.0,2.0,0.0,,,
gpt4_e061b84f,ITQ96_CENTERED,505.0,467,31.0,5.0,31.0,5.0,3.0,1.0,,,
gpt4_e061b84g,SIGN96_CENTERED,,566,28.0,1.0,31.0,3.0,1.0,1.0,,,
gpt4_e061b84g,ITQ96_CENTERED,101.0,566,10.0,1.0,14.0,2.0,1.0,1.0,,,
gpt4_e061b84g,ITQ96_CENTERED,202.0,566,13.0,1.0,14.0,4.0,2.0,1.0,,,
gpt4_e061b84g,ITQ96_CENTERED,303.0,566,13.0,1.0,15.0,3.0,1.0,1.0,,,
gpt4_e061b84g,ITQ96_CENTERED,404.0,566,9.0,1.0,11.0,2.0,1.0,1.0,,,
gpt4_e061b84g,ITQ96_CENTERED,505.0,566,10.0,3.0,10.0,3.0,3.0,0.0,,,
gpt4_e072b769,SIGN96_CENTERED,,444,25.0,2.0,26.0,1.0,1.0,0.0,,,
gpt4_e072b769,ITQ96_CENTERED,101.0,444,11.0,1.0,13.0,2.0,2.0,0.0,,,
gpt4_e072b769,ITQ96_CENTERED,202.0,444,8.0,1.0,11.0,1.0,1.0,0.0,,,
gpt4_e072b769,ITQ96_CENTERED,303.0,444,8.0,2.0,11.0,1.0,1.0,0.0,,,
gpt4_e072b769,ITQ96_CENTERED,404.0,444,10.0,1.0,13.0,4.0,1.0,1.0,,,
gpt4_e072b769,ITQ96_CENTERED,505.0,444,9.0,1.0,11.0,1.0,1.0,0.0,,,
gpt4_e414231e,SIGN96_CENTERED,,507,19.0,1.0,23.0,1.0,1.0,0.0,,,
gpt4_e414231e,ITQ96_CENTERED,101.0,507,8.0,1.0,13.0,3.0,1.0,1.0,,,
gpt4_e414231e,ITQ96_CENTERED,202.0,507,6.0,1.0,9.0,2.0,1.0,1.0,,,
gpt4_e414231e,ITQ96_CENTERED,303.0,507,4.0,1.0,12.0,1.0,1.0,0.0,,,
gpt4_e414231e,ITQ96_CENTERED,404.0,507,4.0,1.0,7.0,1.0,1.0,0.0,,,
gpt4_e414231e,ITQ96_CENTERED,505.0,507,5.0,1.0,12.0,1.0,1.0,0.0,,,
gpt4_e414231f,SIGN96_CENTERED,,490,29.0,1.0,31.0,1.0,1.0,0.0,,,
gpt4_e414231f,ITQ96_CENTERED,101.0,490,13.0,1.0,18.0,2.0,1.0,1.0,,,
gpt4_e414231f,ITQ96_CENTERED,202.0,490,13.0,1.0,14.0,2.0,2.0,0.0,,,
gpt4_e414231f,ITQ96_CENTERED,303.0,490,11.0,1.0,13.0,2.0,2.0,0.0,,,
gpt4_e414231f,ITQ96_CENTERED,404.0,490,13.0,1.0,15.0,3.0,1.0,1.0,,,
gpt4_e414231f,ITQ96_CENTERED,505.0,490,10.0,1.0,14.0,1.0,1.0,0.0,,,
gpt4_ec93e27f,SIGN96_CENTERED,,516,30.0,2.0,32.0,2.0,1.0,1.0,,,
gpt4_ec93e27f,ITQ96_CENTERED,101.0,516,15.0,1.0,17.0,2.0,2.0,0.0,,,
gpt4_ec93e27f,ITQ96_CENTERED,202.0,516,16.0,2.0,17.0,2.0,1.0,1.0,,,
gpt4_ec93e27f,ITQ96_CENTERED,303.0,516,14.0,2.0,15.0,2.0,1.0,1.0,,,
gpt4_ec93e27f,ITQ96_CENTERED,404.0,516,12.0,1.0,15.0,1.0,1.0,0.0,,,
gpt4_ec93e27f,ITQ96_CENTERED,505.0,516,14.0,1.0,17.0,1.0,1.0,0.0,,,
gpt4_f2262a51,SIGN96_CENTERED,,479,32.0,3.0,32.0,3.0,3.0,0.0,,,
gpt4_f2262a51,ITQ96_CENTERED,101.0,479,30.0,4.0,30.0,4.0,3.0,1.0,,,
gpt4_f2262a51,ITQ96_CENTERED,202.0,479,28.0,3.0,28.0,3.0,3.0,0.0,,,
gpt4_f2262a51,ITQ96_CENTERED,303.0,479,27.0,1.0,28.0,5.0,2.0,1.0,,,
gpt4_f2262a51,ITQ96_CENTERED,404.0,479,26.0,2.0,27.0,3.0,1.0,1.0,,,
gpt4_f2262a51,ITQ96_CENTERED,505.0,479,26.0,2.0,27.0,2.0,1.0,1.0,,,
gpt4_f420262c,SIGN96_CENTERED,,495,30.0,1.0,33.0,1.0,1.0,0.0,,,
gpt4_f420262c,ITQ96_CENTERED,101.0,495,16.0,1.0,20.0,1.0,1.0,0.0,,,
gpt4_f420262c,ITQ96_CENTERED,202.0,495,11.0,1.0,18.0,3.0,1.0,1.0,,,
gpt4_f420262c,ITQ96_CENTERED,303.0,495,10.0,1.0,16.0,1.0,1.0,0.0,,,
gpt4_f420262c,ITQ96_CENTERED,404.0,495,11.0,1.0,16.0,3.0,1.0,1.0,,,
gpt4_f420262c,ITQ96_CENTERED,505.0,495,11.0,2.0,14.0,1.0,1.0,0.0,,,
gpt4_f420262d,SIGN96_CENTERED,,454,30.0,2.0,32.0,1.0,1.0,0.0,,,
gpt4_f420262d,ITQ96_CENTERED,101.0,454,16.0,1.0,19.0,1.0,1.0,0.0,,,
gpt4_f420262d,ITQ96_CENTERED,202.0,454,15.0,1.0,16.0,2.0,2.0,0.0,,,
gpt4_f420262d,ITQ96_CENTERED,303.0,454,19.0,1.0,22.0,3.0,1.0,1.0,,,
gpt4_f420262d,ITQ96_CENTERED,404.0,454,19.0,2.0,21.0,2.0,1.0,1.0,,,
gpt4_f420262d,ITQ96_CENTERED,505.0,454,15.0,1.0,18.0,1.0,1.0,0.0,,,
gpt4_f49edff3,SIGN96_CENTERED,,498,24.0,1.0,25.0,2.0,2.0,0.0,,,
gpt4_f49edff3,ITQ96_CENTERED,101.0,498,10.0,1.0,13.0,2.0,1.0,1.0,,,
gpt4_f49edff3,ITQ96_CENTERED,202.0,498,11.0,1.0,15.0,1.0,1.0,0.0,,,
gpt4_f49edff3,ITQ96_CENTERED,303.0,498,10.0,1.0,13.0,1.0,1.0,0.0,,,
gpt4_f49edff3,ITQ96_CENTERED,404.0,498,14.0,2.0,15.0,1.0,1.0,0.0,,,
gpt4_f49edff3,ITQ96_CENTERED,505.0,498,14.0,1.0,18.0,3.0,1.0,1.0,,,
gpt4_fa19884c,SIGN96_CENTERED,,507,14.0,1.0,20.0,2.0,1.0,1.0,,,
gpt4_fa19884c,ITQ96_CENTERED,101.0,507,11.0,1.0,16.0,1.0,1.0,0.0,,,
gpt4_fa19884c,ITQ96_CENTERED,202.0,507,7.0,1.0,11.0,2.0,1.0,1.0,,,
gpt4_fa19884c,ITQ96_CENTERED,303.0,507,7.0,1.0,9.0,1.0,1.0,0.0,,,
gpt4_fa19884c,ITQ96_CENTERED,404.0,507,6.0,1.0,11.0,1.0,1.0,0.0,,,
gpt4_fa19884c,ITQ96_CENTERED,505.0,507,6.0,1.0,9.0,1.0,1.0,0.0,,,
gpt4_fa19884d,SIGN96_CENTERED,,556,30.0,1.0,33.0,1.0,1.0,0.0,,,
gpt4_fa19884d,ITQ96_CENTERED,101.0,556,17.0,1.0,20.0,2.0,1.0,1.0,,,
gpt4_fa19884d,ITQ96_CENTERED,202.0,556,16.0,1.0,20.0,4.0,2.0,1.0,,,
gpt4_fa19884d,ITQ96_CENTERED,303.0,556,13.0,1.0,15.0,1.0,1.0,0.0,,,
gpt4_fa19884d,ITQ96_CENTERED,404.0,556,16.0,1.0,21.0,1.0,1.0,0.0,,,
gpt4_fa19884d,ITQ96_CENTERED,505.0,556,17.0,1.0,20.0,3.0,1.0,1.0,,,
gpt4_fe651585,SIGN96_CENTERED,,471,34.0,1.0,35.0,5.0,2.0,1.0,,,
gpt4_fe651585,ITQ96_CENTERED,101.0,471,17.0,2.0,19.0,1.0,1.0,0.0,,,
gpt4_fe651585,ITQ96_CENTERED,202.0,471,13.0,1.0,16.0,3.0,2.0,1.0,,,
gpt4_fe651585,ITQ96_CENTERED,303.0,471,18.0,2.0,19.0,1.0,1.0,0.0,,,
gpt4_fe651585,ITQ96_CENTERED,404.0,471,17.0,3.0,17.0,3.0,3.0,0.0,,,
gpt4_fe651585,ITQ96_CENTERED,505.0,471,15.0,1.0,16.0,3.0,2.0,1.0,,,
__SUMMARY__,ITQ96_CENTERED,101.0,231606,13.419148936170213,1.4148936170212767,16.28723404255319,2.095744680851064,1.4659574468085106,0.41914893617021276,2.0,3.0,8.0
__SUMMARY__,ITQ96_CENTERED,202.0,231606,13.319148936170214,1.4617021276595745,16.21063829787234,2.0638297872340425,1.4425531914893617,0.3851063829787234,2.0,4.0,8.0
__SUMMARY__,ITQ96_CENTERED,303.0,231606,13.346808510638297,1.4872340425531916,16.2531914893617,2.029787234042553,1.451063829787234,0.37872340425531914,2.0,4.0,8.0
__SUMMARY__,ITQ96_CENTERED,404.0,231606,13.53191489361702,1.4446808510638298,16.26595744680851,2.076595744680851,1.4829787234042553,0.38085106382978723,2.0,4.0,8.0
__SUMMARY__,ITQ96_CENTERED,505.0,231606,13.614893617021277,1.4446808510638298,16.33191489361702,2.0638297872340425,1.397872340425532,0.3723404255319149,2.0,4.0,12.0
__SUMMARY__,SIGN96_CENTERED,,231606,22.080851063829787,1.1531914893617021,28.127659574468087,1.5276595744680852,1.2085106382978723,0.23404255319148937,1.0,3.0,6.0
