question_id,geometry,method,itq_seed,gold_mean,gold_median,non_gold_mean,non_gold_median,nearest_gold,nearest_non_gold,separation_non_gold_minus_gold_mean,gold_minus_non_gold_mean
001be529,HAMMING,SIGN96_CENTERED,,27.0,27.0,48.15204678362573,48.0,27.0,29.0,21.152046783625728,
001be529,HAMMING,ITQ96_CENTERED,101.0,30.0,30.0,48.23391812865497,49.0,30.0,29.0,18.23391812865497,
001be529,HAMMING,ITQ96_CENTERED,202.0,28.0,28.0,48.00389863547758,49.0,28.0,25.0,20.003898635477583,
001be529,HAMMING,ITQ96_CENTERED,303.0,34.0,34.0,48.13255360623781,49.0,34.0,28.0,14.132553606237813,
001be529,HAMMING,ITQ96_CENTERED,404.0,29.0,29.0,47.86159844054581,49.0,29.0,27.0,18.861598440545812,
001be529,HAMMING,ITQ96_CENTERED,505.0,32.0,32.0,47.705653021442494,49.0,32.0,27.0,15.705653021442494,
001be529,COSINE,FLOAT96_UNCENTERED,,0.6029416727961995,0.6029416727961995,0.13903152289211534,0.11117371330006172,0.6029416727961995,0.5874258548423004,-0.46391014990408413,0.46391014990408413
001be529,COSINE,FLOAT96_CENTERED,,0.5185394023574461,0.5185394023574461,0.0007701147380765994,-0.03695918732887709,0.5185394023574461,0.499394774316409,-0.5177692876193695,0.5177692876193695
00ca467f,HAMMING,SIGN96_CENTERED,,24.5,24.5,47.417355371900825,48.0,22.0,33.0,22.917355371900825,
00ca467f,HAMMING,ITQ96_CENTERED,101.0,19.0,19.0,48.039256198347104,49.0,19.0,20.0,29.039256198347104,
00ca467f,HAMMING,ITQ96_CENTERED,202.0,29.5,29.5,47.95661157024794,50.0,28.0,24.0,18.456611570247937,
00ca467f,HAMMING,ITQ96_CENTERED,303.0,20.0,20.0,48.014462809917354,50.0,18.0,21.0,28.014462809917354,
00ca467f,HAMMING,ITQ96_CENTERED,404.0,23.0,23.0,48.082644628099175,49.0,22.0,24.0,25.082644628099175,
00ca467f,HAMMING,ITQ96_CENTERED,505.0,23.5,23.5,47.66115702479339,49.0,23.0,21.0,24.16115702479339,
00ca467f,COSINE,FLOAT96_UNCENTERED,,0.6706702774391544,0.6706702774391544,0.07703412713955092,0.02717842512685653,0.6728298621521098,0.636801114740797,-0.5936361502996035,0.5936361502996035
00ca467f,COSINE,FLOAT96_CENTERED,,0.6424839435772152,0.6424839435772152,-0.0030885132835956185,-0.05082525057457156,0.6435460419380515,0.5978352542777245,-0.6455724568608108,0.6455724568608108
0100672e,HAMMING,SIGN96_CENTERED,,25.0,25.0,47.84504132231405,48.0,22.0,32.0,22.845041322314053,
0100672e,HAMMING,ITQ96_CENTERED,101.0,24.5,24.5,48.11570247933884,49.0,18.0,13.0,23.615702479338843,
0100672e,HAMMING,ITQ96_CENTERED,202.0,21.0,21.0,47.96694214876033,49.0,15.0,8.0,26.96694214876033,
0100672e,HAMMING,ITQ96_CENTERED,303.0,20.0,20.0,47.925619834710744,49.0,17.0,14.0,27.925619834710744,
0100672e,HAMMING,ITQ96_CENTERED,404.0,21.0,21.0,48.12396694214876,49.0,20.0,15.0,27.123966942148762,
0100672e,HAMMING,ITQ96_CENTERED,505.0,20.5,20.5,48.11570247933884,49.0,18.0,16.0,27.615702479338843,
0100672e,COSINE,FLOAT96_UNCENTERED,,0.7329103202045354,0.7329103202045354,0.09104635313174048,0.04686035221784323,0.7717603070885948,0.7955281809174952,-0.6418639670727949,0.6418639670727949
0100672e,COSINE,FLOAT96_CENTERED,,0.701006211945072,0.701006211945072,-0.0031056825814383886,-0.042852400061858996,0.7483940961776241,0.7799308110332077,-0.7041118945265104,0.7041118945265104
01493427,HAMMING,SIGN96_CENTERED,,29.5,29.5,47.88041237113402,48.0,29.0,27.0,18.38041237113402,
01493427,HAMMING,ITQ96_CENTERED,101.0,17.5,17.5,48.014432989690725,49.0,15.0,14.0,30.514432989690725,
01493427,HAMMING,ITQ96_CENTERED,202.0,15.5,15.5,48.06185567010309,50.0,13.0,13.0,32.56185567010309,
01493427,HAMMING,ITQ96_CENTERED,303.0,15.0,15.0,48.05567010309279,50.0,13.0,10.0,33.05567010309279,
01493427,HAMMING,ITQ96_CENTERED,404.0,18.0,18.0,48.37731958762887,50.0,17.0,13.0,30.377319587628868,
01493427,HAMMING,ITQ96_CENTERED,505.0,17.0,17.0,47.95876288659794,49.0,12.0,13.0,30.95876288659794,
01493427,COSINE,FLOAT96_UNCENTERED,,0.80903992761748,0.80903992761748,0.0858924468896394,0.047489152545085525,0.8186046773941952,0.8340995954861947,-0.7231474807278406,0.7231474807278406
01493427,COSINE,FLOAT96_CENTERED,,0.7874234083738094,0.7874234083738094,-0.002336748089447542,-0.041977274192397884,0.7977639032822684,0.8101449655499234,-0.7897601564632569,0.7897601564632569
031748ae,HAMMING,SIGN96_CENTERED,,16.5,16.5,47.979674796747965,48.0,7.0,17.0,31.479674796747965,
031748ae,HAMMING,ITQ96_CENTERED,101.0,13.0,13.0,48.1260162601626,49.0,1.0,4.0,35.1260162601626,
031748ae,HAMMING,ITQ96_CENTERED,202.0,11.0,11.0,48.00406504065041,49.0,1.0,1.0,37.00406504065041,
031748ae,HAMMING,ITQ96_CENTERED,303.0,12.5,12.5,48.00406504065041,49.0,3.0,4.0,35.50406504065041,
031748ae,HAMMING,ITQ96_CENTERED,404.0,12.5,12.5,48.06707317073171,49.0,1.0,1.0,35.56707317073171,
031748ae,HAMMING,ITQ96_CENTERED,505.0,11.0,11.0,48.21747967479675,49.0,2.0,2.0,37.21747967479675,
031748ae,COSINE,FLOAT96_UNCENTERED,,0.8518280639935594,0.8518280639935594,0.05953034152627196,0.02711275559934797,0.9646101265533075,0.9335353375850268,-0.7922977224672874,0.7922977224672874
031748ae,COSINE,FLOAT96_CENTERED,,0.8405495461962782,0.8405495461962782,-0.003476054181577393,-0.027314771276362275,0.9637299098439205,0.9306162839556572,-0.8440256003778556,0.8440256003778556
06878be2,HAMMING,SIGN96_CENTERED,,44.333333333333336,45.0,48.28636363636364,49.0,42.0,32.0,3.953030303030303,
06878be2,HAMMING,ITQ96_CENTERED,101.0,48.666666666666664,49.0,48.00909090909091,49.0,45.0,13.0,-0.6575757575757564,
06878be2,HAMMING,ITQ96_CENTERED,202.0,45.666666666666664,44.0,48.08181818181818,49.0,42.0,17.0,2.415151515151514,
06878be2,HAMMING,ITQ96_CENTERED,303.0,45.0,44.0,47.913636363636364,49.0,41.0,16.0,2.913636363636364,
06878be2,HAMMING,ITQ96_CENTERED,404.0,42.0,41.0,47.92272727272727,49.0,41.0,16.0,5.922727272727272,
06878be2,HAMMING,ITQ96_CENTERED,505.0,48.0,47.0,48.10227272727273,49.0,47.0,17.0,0.10227272727272663,
06878be2,COSINE,FLOAT96_UNCENTERED,,0.16646869886329782,0.18173385964653216,0.1431889589353739,0.12639271001681354,0.21112889230926526,0.7499063754845241,-0.023279739927923926,0.023279739927923926
06878be2,COSINE,FLOAT96_CENTERED,,0.03760898590577439,0.06918768541826617,0.0004973738742721567,-0.02078267904335254,0.07026139892086507,0.7064144861329948,-0.037111612031502234,0.037111612031502234
06db6396,HAMMING,SIGN96_CENTERED,,21.0,21.0,47.536687631027256,47.0,14.0,11.0,26.536687631027256,
06db6396,HAMMING,ITQ96_CENTERED,101.0,14.5,14.5,47.683438155136265,48.0,8.0,7.0,33.183438155136265,
06db6396,HAMMING,ITQ96_CENTERED,202.0,14.0,14.0,47.740041928721176,49.0,7.0,6.0,33.740041928721176,
06db6396,HAMMING,ITQ96_CENTERED,303.0,14.5,14.5,48.19077568134172,49.0,6.0,7.0,33.69077568134172,
06db6396,HAMMING,ITQ96_CENTERED,404.0,14.0,14.0,48.19706498951782,48.0,4.0,7.0,34.19706498951782,
06db6396,HAMMING,ITQ96_CENTERED,505.0,13.0,13.0,48.23270440251572,49.0,6.0,5.0,35.23270440251572,
06db6396,COSINE,FLOAT96_UNCENTERED,,0.8119578981211721,0.8119578981211721,0.06696127911596521,0.03985643137909403,0.9270576917092114,0.9218109648130973,-0.744996619005207,0.744996619005207
06db6396,COSINE,FLOAT96_CENTERED,,0.7964972511299679,0.7964972511299679,-0.002875619573312178,-0.015576966095940323,0.922075054823214,0.915792125965958,-0.7993728707032801,0.7993728707032801
06f04340,HAMMING,SIGN96_CENTERED,,45.0,45.0,47.20717131474104,47.0,45.0,27.0,2.2071713147410392,
06f04340,HAMMING,ITQ96_CENTERED,101.0,45.0,45.0,48.12948207171315,49.0,45.0,11.0,3.1294820717131486,
06f04340,HAMMING,ITQ96_CENTERED,202.0,48.0,48.0,47.81274900398407,49.0,48.0,11.0,-0.18725099601593342,
06f04340,HAMMING,ITQ96_CENTERED,303.0,50.0,50.0,47.91035856573705,50.0,50.0,9.0,-2.0896414342629512,
06f04340,HAMMING,ITQ96_CENTERED,404.0,50.0,50.0,47.908366533864545,49.0,50.0,11.0,-2.0916334661354554,
06f04340,HAMMING,ITQ96_CENTERED,505.0,46.0,46.0,47.97211155378486,49.0,46.0,5.0,1.9721115537848632,
06f04340,COSINE,FLOAT96_UNCENTERED,,0.1033639092550641,0.1033639092550641,0.09274433490914621,0.04890653432409026,0.1033639092550641,0.8649841979986946,-0.010619574345917884,0.010619574345917884
06f04340,COSINE,FLOAT96_CENTERED,,0.03374352455120018,0.03374352455120018,-0.0001562873396750539,-0.04334313124867794,0.03374352455120018,0.8512374459384847,-0.03389981189087524,0.03389981189087524
07741c44,HAMMING,SIGN96_CENTERED,,28.5,28.5,48.14090019569472,49.0,27.0,23.0,19.64090019569472,
07741c44,HAMMING,ITQ96_CENTERED,101.0,22.0,22.0,48.16438356164384,49.0,20.0,13.0,26.164383561643838,
07741c44,HAMMING,ITQ96_CENTERED,202.0,22.0,22.0,47.759295499021526,49.0,19.0,15.0,25.759295499021526,
07741c44,HAMMING,ITQ96_CENTERED,303.0,21.5,21.5,48.111545988258314,49.0,20.0,17.0,26.611545988258314,
07741c44,HAMMING,ITQ96_CENTERED,404.0,19.5,19.5,48.13111545988259,49.0,17.0,17.0,28.631115459882587,
07741c44,HAMMING,ITQ96_CENTERED,505.0,22.0,22.0,47.8238747553816,48.0,21.0,15.0,25.823874755381603,
07741c44,COSINE,FLOAT96_UNCENTERED,,0.706555017816088,0.706555017816088,0.057775643492225734,0.023636372240256245,0.7065625754941827,0.8036004052090188,-0.6487793743238622,0.6487793743238622
07741c44,COSINE,FLOAT96_CENTERED,,0.6907506566413604,0.6907506566413604,-0.0030716448240597086,-0.022530989439173525,0.6961009686162465,0.7929691280184988,-0.6938223014654201,0.6938223014654201
07741c45,HAMMING,SIGN96_CENTERED,,29.5,29.5,48.180952380952384,48.0,20.0,21.0,18.680952380952384,
07741c45,HAMMING,ITQ96_CENTERED,101.0,19.0,19.0,48.26285714285714,50.0,19.0,17.0,29.262857142857143,
07741c45,HAMMING,ITQ96_CENTERED,202.0,17.5,17.5,48.07047619047619,49.0,15.0,13.0,30.570476190476192,
07741c45,HAMMING,ITQ96_CENTERED,303.0,20.0,20.0,48.12571428571429,49.0,17.0,17.0,28.125714285714288,
07741c45,HAMMING,ITQ96_CENTERED,404.0,16.0,16.0,48.10857142857143,49.0,14.0,14.0,32.10857142857143,
07741c45,HAMMING,ITQ96_CENTERED,505.0,17.0,17.0,47.70095238095238,49.0,16.0,15.0,30.70095238095238,
07741c45,COSINE,FLOAT96_UNCENTERED,,0.7654670780225262,0.7654670780225262,0.06644006018886156,0.022417248483096744,0.8062990801662017,0.8116042695512948,-0.6990270178336646,0.6990270178336646
07741c45,COSINE,FLOAT96_CENTERED,,0.7443947302549196,0.7443947302549196,-0.001911345525243758,-0.03719339966467088,0.7941372100197477,0.7996848318673132,-0.7463060757801634,0.7463060757801634
078150f1,HAMMING,SIGN96_CENTERED,,27.333333333333332,26.0,48.13138686131387,48.0,25.0,31.0,20.79805352798054,
078150f1,HAMMING,ITQ96_CENTERED,101.0,23.666666666666668,26.0,48.11861313868613,50.0,15.0,16.0,24.45194647201946,
078150f1,HAMMING,ITQ96_CENTERED,202.0,27.0,28.0,47.90875912408759,49.0,19.0,23.0,20.908759124087588,
078150f1,HAMMING,ITQ96_CENTERED,303.0,24.333333333333332,24.0,48.17153284671533,49.0,20.0,27.0,23.838199513381998,
078150f1,HAMMING,ITQ96_CENTERED,404.0,27.333333333333332,27.0,47.91423357664234,49.0,26.0,23.0,20.580900243309006,
078150f1,HAMMING,ITQ96_CENTERED,505.0,25.0,23.0,48.3521897810219,50.0,22.0,22.0,23.3521897810219,
078150f1,COSINE,FLOAT96_UNCENTERED,,0.652844308250453,0.6175469244086376,0.11617172438995896,0.06258866445043228,0.7479109717372164,0.6868465632915498,-0.5366725838604941,0.5366725838604941
078150f1,COSINE,FLOAT96_CENTERED,,0.583267590639136,0.5515867948202818,-0.001692141158590099,-0.055956251820114815,0.7013673741294567,0.6312698695062721,-0.5849597317977261,0.5849597317977261
07b6f563,HAMMING,SIGN96_CENTERED,,32.5,32.5,47.848659003831415,48.0,31.0,28.0,15.348659003831415,
07b6f563,HAMMING,ITQ96_CENTERED,101.0,43.0,43.0,48.24329501915709,49.0,42.0,20.0,5.243295019157088,
07b6f563,HAMMING,ITQ96_CENTERED,202.0,37.5,37.5,48.08620689655172,49.0,37.0,21.0,10.586206896551722,
07b6f563,HAMMING,ITQ96_CENTERED,303.0,34.0,34.0,48.2911877394636,49.0,33.0,18.0,14.291187739463602,
07b6f563,HAMMING,ITQ96_CENTERED,404.0,39.0,39.0,48.07088122605364,49.0,39.0,16.0,9.070881226053643,
07b6f563,HAMMING,ITQ96_CENTERED,505.0,39.0,39.0,48.12643678160919,48.0,39.0,18.0,9.126436781609193,
07b6f563,COSINE,FLOAT96_UNCENTERED,,0.3462027571098657,0.3462027571098657,0.10295831837452372,0.08132544079677423,0.3477948149776413,0.6965907890645616,-0.24324443873534196,0.24324443873534196
07b6f563,COSINE,FLOAT96_CENTERED,,0.2901376658899082,0.2901376658899082,-0.0012306917688122666,-0.03353298183228255,0.2928838394299968,0.6745084703816596,-0.29136835765872043,0.29136835765872043
0862e8bf,HAMMING,SIGN96_CENTERED,,30.0,30.0,48.2760736196319,49.0,30.0,22.0,18.2760736196319,
0862e8bf,HAMMING,ITQ96_CENTERED,101.0,16.0,16.0,47.84662576687116,49.0,16.0,12.0,31.846625766871163,
0862e8bf,HAMMING,ITQ96_CENTERED,202.0,9.0,9.0,48.04907975460123,49.0,9.0,9.0,39.04907975460123,
0862e8bf,HAMMING,ITQ96_CENTERED,303.0,12.0,12.0,47.83231083844581,49.0,12.0,12.0,35.83231083844581,
0862e8bf,HAMMING,ITQ96_CENTERED,404.0,12.0,12.0,47.75255623721881,48.0,12.0,10.0,35.75255623721881,
0862e8bf,HAMMING,ITQ96_CENTERED,505.0,11.0,11.0,48.22290388548057,49.0,11.0,10.0,37.22290388548057,
0862e8bf,COSINE,FLOAT96_UNCENTERED,,0.8288905617549588,0.8288905617549588,0.07166650120675255,0.050179660104582344,0.8288905617549588,0.8622380044402704,-0.7572240605482062,0.7572240605482062
0862e8bf,COSINE,FLOAT96_CENTERED,,0.8122368687036786,0.8122368687036786,-0.0009007426014257798,-0.013406505618707286,0.8122368687036786,0.8495323097446147,-0.8131376113051044,0.8131376113051044
08e075c7,HAMMING,SIGN96_CENTERED,,26.0,26.0,48.280082987551864,49.0,25.0,26.0,22.280082987551864,
08e075c7,HAMMING,ITQ96_CENTERED,101.0,26.0,26.0,48.3402489626556,50.0,20.0,19.0,22.3402489626556,
08e075c7,HAMMING,ITQ96_CENTERED,202.0,21.0,21.0,48.20746887966805,49.0,17.0,22.0,27.20746887966805,
08e075c7,HAMMING,ITQ96_CENTERED,303.0,22.0,22.0,48.1058091286307,50.0,15.0,13.0,26.105809128630703,
08e075c7,HAMMING,ITQ96_CENTERED,404.0,24.5,24.5,48.093360995850624,50.0,18.0,12.0,23.593360995850624,
08e075c7,HAMMING,ITQ96_CENTERED,505.0,24.5,24.5,48.29045643153527,49.0,17.0,20.0,23.79045643153527,
08e075c7,COSINE,FLOAT96_UNCENTERED,,0.7307307458992689,0.7307307458992689,0.10566078839639942,0.0658770206112428,0.8094931271293806,0.8042553409442097,-0.6250699575028695,0.6250699575028695
08e075c7,COSINE,FLOAT96_CENTERED,,0.6931863186014835,0.6931863186014835,-0.001681178959165018,-0.04165130641020155,0.7845303033397054,0.7720940487691058,-0.6948674975606485,0.6948674975606485
08f4fc43,HAMMING,SIGN96_CENTERED,,26.0,26.0,48.03138075313807,48.0,22.0,17.0,22.031380753138073,
08f4fc43,HAMMING,ITQ96_CENTERED,101.0,14.5,14.5,48.08786610878661,49.0,9.0,14.0,33.58786610878661,
08f4fc43,HAMMING,ITQ96_CENTERED,202.0,16.5,16.5,48.27615062761506,49.0,12.0,13.0,31.77615062761506,
08f4fc43,HAMMING,ITQ96_CENTERED,303.0,15.5,15.5,48.32845188284519,49.0,7.0,10.0,32.82845188284519,
08f4fc43,HAMMING,ITQ96_CENTERED,404.0,17.0,17.0,48.16317991631799,49.0,16.0,17.0,31.163179916317993,
08f4fc43,HAMMING,ITQ96_CENTERED,505.0,17.5,17.5,47.98744769874477,49.0,16.0,14.0,30.487447698744766,
08f4fc43,COSINE,FLOAT96_UNCENTERED,,0.7808681590358376,0.7808681590358376,0.06871424660172695,0.0445664119469876,0.8125068877167783,0.8115790398164677,-0.7121539124341106,0.7121539124341106
08f4fc43,COSINE,FLOAT96_CENTERED,,0.7630124669478449,0.7630124669478449,-0.0030068532499270915,-0.02175707185465666,0.7979022334161108,0.7982560951388995,-0.766019320197772,0.766019320197772
0977f2af,HAMMING,SIGN96_CENTERED,,39.5,39.5,48.24066390041494,48.5,32.0,29.0,8.740663900414937,
0977f2af,HAMMING,ITQ96_CENTERED,101.0,41.0,41.0,48.12240663900415,49.0,33.0,27.0,7.122406639004147,
0977f2af,HAMMING,ITQ96_CENTERED,202.0,42.0,42.0,47.91701244813278,49.0,30.0,28.0,5.91701244813278,
0977f2af,HAMMING,ITQ96_CENTERED,303.0,39.5,39.5,48.16390041493776,49.5,31.0,30.0,8.663900414937757,
0977f2af,HAMMING,ITQ96_CENTERED,404.0,40.5,40.5,48.149377593360995,49.0,33.0,29.0,7.649377593360995,
0977f2af,HAMMING,ITQ96_CENTERED,505.0,36.0,36.0,47.7655601659751,49.0,30.0,27.0,11.765560165975103,
0977f2af,COSINE,FLOAT96_UNCENTERED,,0.364051723317399,0.364051723317399,0.1414395664464696,0.11522658307943898,0.5204467935981207,0.5675853368647477,-0.2226121568709294,0.2226121568709294
0977f2af,COSINE,FLOAT96_CENTERED,,0.23646873959208808,0.23646873959208808,-0.0001505925470067777,-0.03367612740578596,0.4404989031008895,0.47889517589725095,-0.23661933213909486,0.23661933213909486
099778bb,HAMMING,SIGN96_CENTERED,,32.5,32.5,48.359913793103445,48.5,32.0,18.0,15.859913793103445,
099778bb,HAMMING,ITQ96_CENTERED,101.0,15.5,15.5,47.95905172413793,49.0,13.0,6.0,32.45905172413793,
099778bb,HAMMING,ITQ96_CENTERED,202.0,18.5,18.5,48.331896551724135,50.0,15.0,6.0,29.831896551724135,
099778bb,HAMMING,ITQ96_CENTERED,303.0,14.0,14.0,48.377155172413794,50.0,11.0,3.0,34.377155172413794,
099778bb,HAMMING,ITQ96_CENTERED,404.0,17.0,17.0,47.8426724137931,49.0,10.0,2.0,30.842672413793103,
099778bb,HAMMING,ITQ96_CENTERED,505.0,19.0,19.0,47.875,49.0,18.0,7.0,28.875,
099778bb,COSINE,FLOAT96_UNCENTERED,,0.7727476311344568,0.7727476311344568,0.06103912666396886,0.02501627837795379,0.7917500105297279,0.9150445353316148,-0.711708504470488,0.711708504470488
099778bb,COSINE,FLOAT96_CENTERED,,0.7566194987627494,0.7566194987627494,-0.0033562064154775274,-0.03720766724530444,0.7789245945954997,0.9103817252379154,-0.7599757051782269,0.7599757051782269
09ba9854,HAMMING,SIGN96_CENTERED,,26.0,26.0,47.65408805031446,48.0,25.0,26.0,21.654088050314463,
09ba9854,HAMMING,ITQ96_CENTERED,101.0,22.0,22.0,48.20754716981132,49.0,18.0,14.0,26.20754716981132,
09ba9854,HAMMING,ITQ96_CENTERED,202.0,19.0,19.0,48.064989517819704,49.0,15.0,9.0,29.064989517819704,
09ba9854,HAMMING,ITQ96_CENTERED,303.0,23.0,23.0,48.19287211740042,49.0,16.0,12.0,25.19287211740042,
09ba9854,HAMMING,ITQ96_CENTERED,404.0,18.5,18.5,48.276729559748425,49.0,15.0,13.0,29.776729559748425,
09ba9854,HAMMING,ITQ96_CENTERED,505.0,20.5,20.5,47.874213836477985,49.0,16.0,10.0,27.374213836477985,
09ba9854,COSINE,FLOAT96_UNCENTERED,,0.78722897601551,0.78722897601551,0.05820978148539369,0.027322783397219594,0.837396181098805,0.8285880790715017,-0.7290191945301163,0.7290191945301163
09ba9854,COSINE,FLOAT96_CENTERED,,0.7804644389049794,0.7804644389049794,-0.004137779314802391,-0.028312718450886273,0.8300913608506587,0.8206662274890507,-0.7846022182197818,0.7846022182197818
09d032c9,HAMMING,SIGN96_CENTERED,,58.0,58.0,47.860416666666666,48.0,58.0,30.0,-10.139583333333334,
09d032c9,HAMMING,ITQ96_CENTERED,101.0,48.0,48.0,47.89375,49.0,48.0,24.0,-0.10625000000000284,
09d032c9,HAMMING,ITQ96_CENTERED,202.0,43.0,43.0,48.21875,49.0,43.0,23.0,5.21875,
09d032c9,HAMMING,ITQ96_CENTERED,303.0,44.0,44.0,48.05416666666667,48.0,44.0,28.0,4.054166666666667,
09d032c9,HAMMING,ITQ96_CENTERED,404.0,52.0,52.0,47.827083333333334,49.0,52.0,25.0,-4.172916666666666,
09d032c9,HAMMING,ITQ96_CENTERED,505.0,46.0,46.0,47.97708333333333,48.0,46.0,30.0,1.9770833333333329,
09d032c9,COSINE,FLOAT96_UNCENTERED,,0.1651717976147074,0.1651717976147074,0.1669684148429301,0.1386406801026462,0.1651717976147074,0.5839225108893009,0.001796617228222691,-0.001796617228222691
09d032c9,COSINE,FLOAT96_CENTERED,,0.012255656870499494,0.012255656870499494,0.0015822822428924372,-0.037619778461219,0.012255656870499494,0.48561255200361475,-0.010673374627607056,0.010673374627607056
0a34ad58,HAMMING,SIGN96_CENTERED,,50.5,50.5,47.7536231884058,48.0,50.0,32.0,-2.746376811594203,
0a34ad58,HAMMING,ITQ96_CENTERED,101.0,30.5,30.5,48.219461697722565,49.0,28.0,17.0,17.719461697722565,
0a34ad58,HAMMING,ITQ96_CENTERED,202.0,28.5,28.5,48.08281573498965,49.0,27.0,20.0,19.58281573498965,
0a34ad58,HAMMING,ITQ96_CENTERED,303.0,21.0,21.0,48.16356107660455,49.0,20.0,13.0,27.16356107660455,
0a34ad58,HAMMING,ITQ96_CENTERED,404.0,25.0,25.0,48.20910973084886,49.0,24.0,14.0,23.20910973084886,
0a34ad58,HAMMING,ITQ96_CENTERED,505.0,29.0,29.0,48.1407867494824,49.0,29.0,15.0,19.1407867494824,
0a34ad58,COSINE,FLOAT96_UNCENTERED,,0.5697806387384015,0.5697806387384015,0.13683625195129184,0.09603156044251408,0.5798711081544403,0.7276512570244182,-0.4329443867871096,0.4329443867871096
0a34ad58,COSINE,FLOAT96_CENTERED,,0.5057309194630386,0.5057309194630386,-0.0009352200469770801,-0.046418568569031246,0.5219636170564036,0.694377721964157,-0.5066661395100157,0.5066661395100157
0a995998,HAMMING,SIGN96_CENTERED,,29.0,29.0,47.727650727650726,48.0,15.0,26.0,18.727650727650726,
0a995998,HAMMING,ITQ96_CENTERED,101.0,29.666666666666668,33.0,48.04158004158004,49.0,21.0,18.0,18.374913374913373,
0a995998,HAMMING,ITQ96_CENTERED,202.0,22.333333333333332,25.0,48.002079002079,49.0,14.0,24.0,25.668745668745668,
0a995998,HAMMING,ITQ96_CENTERED,303.0,23.0,24.0,48.07692307692308,49.0,14.0,21.0,25.07692307692308,
0a995998,HAMMING,ITQ96_CENTERED,404.0,23.333333333333332,28.0,48.42203742203742,50.0,12.0,22.0,25.088704088704088,
0a995998,HAMMING,ITQ96_CENTERED,505.0,26.333333333333332,31.0,48.05197505197505,49.0,17.0,21.0,21.718641718641717,
0a995998,COSINE,FLOAT96_UNCENTERED,,0.6426551594964068,0.556066775002173,0.1052628194789581,0.060247968838925775,0.842530721095974,0.7542242269885182,-0.5373923400174487,0.5373923400174487
0a995998,COSINE,FLOAT96_CENTERED,,0.5995499359142449,0.5005128782753638,-0.0022117547001980677,-0.043646922638329526,0.8204158957854106,0.7096724202355437,-0.601761690614443,0.601761690614443
0bb5a684,HAMMING,SIGN96_CENTERED,,31.0,31.0,47.77440347071583,48.0,25.0,21.0,16.774403470715832,
0bb5a684,HAMMING,ITQ96_CENTERED,101.0,13.0,13.0,48.286334056399134,49.0,8.0,8.0,35.286334056399134,
0bb5a684,HAMMING,ITQ96_CENTERED,202.0,11.5,11.5,48.130151843817785,49.0,5.0,3.0,36.630151843817785,
0bb5a684,HAMMING,ITQ96_CENTERED,303.0,13.5,13.5,48.03470715835141,49.0,7.0,9.0,34.53470715835141,
0bb5a684,HAMMING,ITQ96_CENTERED,404.0,11.0,11.0,48.20390455531454,50.0,5.0,5.0,37.20390455531454,
0bb5a684,HAMMING,ITQ96_CENTERED,505.0,8.5,8.5,47.872017353579174,49.0,3.0,5.0,39.372017353579174,
0bb5a684,COSINE,FLOAT96_UNCENTERED,,0.8596810998330013,0.8596810998330013,0.08399652647187994,0.04020825667495041,0.9282363050576143,0.9154303038350846,-0.7756845733611214,0.7756845733611214
0bb5a684,COSINE,FLOAT96_CENTERED,,0.8476548645710997,0.8476548645710997,-0.0031706481388231967,-0.03506775971768652,0.922360633631628,0.9081560912749388,-0.8508255127099229,0.8508255127099229
0bc8ad92,HAMMING,SIGN96_CENTERED,,37.333333333333336,37.0,48.50681818181818,49.0,33.0,29.0,11.173484848484847,
0bc8ad92,HAMMING,ITQ96_CENTERED,101.0,33.0,39.0,47.847727272727276,49.0,14.0,12.0,14.847727272727276,
0bc8ad92,HAMMING,ITQ96_CENTERED,202.0,34.0,43.0,47.90909090909091,49.0,16.0,11.0,13.909090909090907,
0bc8ad92,HAMMING,ITQ96_CENTERED,303.0,29.333333333333332,36.0,47.88181818181818,49.0,12.0,11.0,18.54848484848485,
0bc8ad92,HAMMING,ITQ96_CENTERED,404.0,28.333333333333332,32.0,47.93863636363636,49.0,14.0,9.0,19.60530303030303,
0bc8ad92,HAMMING,ITQ96_CENTERED,505.0,31.333333333333332,35.0,48.125,49.5,15.0,13.0,16.791666666666668,
0bc8ad92,COSINE,FLOAT96_UNCENTERED,,0.5071591839329187,0.39508087180042584,0.0908336975947656,0.0420091399836957,0.8321237865691464,0.8243508621727234,-0.4163254863381531,0.4163254863381531
0bc8ad92,COSINE,FLOAT96_CENTERED,,0.44808711973997767,0.3175868685282018,-0.0018085712992371454,-0.04555660274333765,0.813600018600374,0.8028224704654279,-0.44989569103921484,0.44989569103921484
0bc8ad93,HAMMING,SIGN96_CENTERED,,33.0,33.0,48.12783505154639,48.0,33.0,30.0,15.127835051546391,
0bc8ad93,HAMMING,ITQ96_CENTERED,101.0,41.0,41.0,48.10927835051547,49.0,41.0,14.0,7.109278350515467,
0bc8ad93,HAMMING,ITQ96_CENTERED,202.0,30.0,30.0,48.189690721649484,49.0,30.0,18.0,18.189690721649484,
0bc8ad93,HAMMING,ITQ96_CENTERED,303.0,41.0,41.0,48.057731958762886,49.0,41.0,17.0,7.057731958762886,
0bc8ad93,HAMMING,ITQ96_CENTERED,404.0,32.0,32.0,48.080412371134024,49.0,32.0,17.0,16.080412371134024,
0bc8ad93,HAMMING,ITQ96_CENTERED,505.0,35.0,35.0,47.843298969072166,49.0,35.0,16.0,12.843298969072166,
0bc8ad93,COSINE,FLOAT96_UNCENTERED,,0.46880170156277834,0.46880170156277834,0.09930936826107495,0.050278744486416636,0.46880170156277834,0.7638023120873669,-0.3694923333017034,0.3694923333017034
0bc8ad93,COSINE,FLOAT96_CENTERED,,0.4079886528341411,0.4079886528341411,-0.0006760248828765469,-0.046678915019130185,0.4079886528341411,0.733784018714006,-0.40866467771701764,0.40866467771701764
0db4c65d,HAMMING,SIGN96_CENTERED,,19.5,19.5,47.915217391304346,48.0,13.0,25.0,28.415217391304346,
0db4c65d,HAMMING,ITQ96_CENTERED,101.0,15.0,15.0,47.97826086956522,49.0,13.0,15.0,32.97826086956522,
0db4c65d,HAMMING,ITQ96_CENTERED,202.0,15.0,15.0,48.017391304347825,49.0,14.0,15.0,33.017391304347825,
0db4c65d,HAMMING,ITQ96_CENTERED,303.0,16.0,16.0,47.971739130434784,49.0,13.0,15.0,31.971739130434784,
0db4c65d,HAMMING,ITQ96_CENTERED,404.0,14.0,14.0,47.832608695652176,49.0,14.0,14.0,33.832608695652176,
0db4c65d,HAMMING,ITQ96_CENTERED,505.0,18.0,18.0,47.87173913043478,49.0,15.0,9.0,29.871739130434783,
0db4c65d,COSINE,FLOAT96_UNCENTERED,,0.8225474262194338,0.8225474262194338,0.09420135174601386,0.056581982019044866,0.8597016548383318,0.8231646487333496,-0.7283460744734199,0.7283460744734199
0db4c65d,COSINE,FLOAT96_CENTERED,,0.802530472042802,0.802530472042802,-0.0023865303605822914,-0.038288813227727446,0.8413210745803029,0.7949864176224926,-0.8049170024033844,0.8049170024033844
0ddfec37,HAMMING,SIGN96_CENTERED,,22.0,22.0,47.42827442827443,47.0,18.0,24.0,25.428274428274428,
0ddfec37,HAMMING,ITQ96_CENTERED,101.0,17.0,17.0,48.07692307692308,49.0,11.0,12.0,31.07692307692308,
0ddfec37,HAMMING,ITQ96_CENTERED,202.0,16.0,16.0,48.00831600831601,49.0,14.0,14.0,32.00831600831601,
0ddfec37,HAMMING,ITQ96_CENTERED,303.0,16.0,16.0,48.60914760914761,49.0,16.0,12.0,32.60914760914761,
0ddfec37,HAMMING,ITQ96_CENTERED,404.0,16.0,16.0,48.00415800415801,49.0,14.0,12.0,32.00415800415801,
0ddfec37,HAMMING,ITQ96_CENTERED,505.0,13.0,13.0,48.28066528066528,49.0,13.0,14.0,35.28066528066528,
0ddfec37,COSINE,FLOAT96_UNCENTERED,,0.83561374128965,0.83561374128965,0.05414373585238848,0.026400718127947406,0.8454385009476789,0.8164997954900671,-0.7814700054372615,0.7814700054372615
0ddfec37,COSINE,FLOAT96_CENTERED,,0.826021294549895,0.826021294549895,-0.004137426552810237,-0.02122819296341704,0.8356742630365376,0.8081661857184148,-0.8301587211027053,0.8301587211027053
0e4e4c46,HAMMING,SIGN96_CENTERED,,29.5,29.5,48.06054279749478,48.0,29.0,25.0,18.560542797494783,
0e4e4c46,HAMMING,ITQ96_CENTERED,101.0,21.5,21.5,48.14613778705637,49.0,15.0,14.0,26.646137787056368,
0e4e4c46,HAMMING,ITQ96_CENTERED,202.0,19.5,19.5,47.914405010438415,49.0,17.0,13.0,28.414405010438415,
0e4e4c46,HAMMING,ITQ96_CENTERED,303.0,18.5,18.5,47.94154488517745,49.0,13.0,12.0,29.44154488517745,
0e4e4c46,HAMMING,ITQ96_CENTERED,404.0,21.5,21.5,48.06471816283925,49.0,16.0,8.0,26.56471816283925,
0e4e4c46,HAMMING,ITQ96_CENTERED,505.0,20.0,20.0,47.92484342379958,49.0,12.0,11.0,27.92484342379958,
0e4e4c46,COSINE,FLOAT96_UNCENTERED,,0.7418500894493861,0.7418500894493861,0.06204050633336274,0.03304621042474874,0.8309529477849968,0.8490230376572776,-0.6798095831160234,0.6798095831160234
0e4e4c46,COSINE,FLOAT96_CENTERED,,0.7197499173981449,0.7197499173981449,-0.0029941255917464685,-0.028287672123209998,0.819445608972774,0.8404543233106458,-0.7227440429898914,0.7227440429898914
0e5e2d1a,HAMMING,SIGN96_CENTERED,,12.0,12.0,47.70155902004454,48.0,12.0,25.0,35.70155902004454,
0e5e2d1a,HAMMING,ITQ96_CENTERED,101.0,0.0,0.0,48.057906458797326,49.0,0.0,0.0,48.057906458797326,
0e5e2d1a,HAMMING,ITQ96_CENTERED,202.0,0.0,0.0,48.077951002227174,49.0,0.0,1.0,48.077951002227174,
0e5e2d1a,HAMMING,ITQ96_CENTERED,303.0,0.0,0.0,48.13140311804009,49.0,0.0,0.0,48.13140311804009,
0e5e2d1a,HAMMING,ITQ96_CENTERED,404.0,0.0,0.0,48.40534521158129,49.0,0.0,0.0,48.40534521158129,
0e5e2d1a,HAMMING,ITQ96_CENTERED,505.0,0.0,0.0,47.99554565701559,49.0,0.0,0.0,47.99554565701559,
0e5e2d1a,COSINE,FLOAT96_UNCENTERED,,0.9902101273062999,0.9902101273062999,0.05348907789066337,0.03954149901752958,0.9902101273062999,0.9800167627054948,-0.9367210494156365,0.9367210494156365
0e5e2d1a,COSINE,FLOAT96_CENTERED,,0.9900808049415556,0.9900808049415556,-0.0032057591336027715,-0.014807245704756942,0.9900808049415556,0.9797694781322464,-0.9932865640751584,0.9932865640751584
0ea62687,HAMMING,SIGN96_CENTERED,,22.5,22.5,47.83187772925764,48.0,16.0,31.0,25.33187772925764,
0ea62687,HAMMING,ITQ96_CENTERED,101.0,14.5,14.5,48.28384279475983,49.0,14.0,16.0,33.78384279475983,
0ea62687,HAMMING,ITQ96_CENTERED,202.0,11.0,11.0,48.1353711790393,49.0,5.0,11.0,37.1353711790393,
0ea62687,HAMMING,ITQ96_CENTERED,303.0,15.0,15.0,48.353711790393014,49.0,7.0,8.0,33.353711790393014,
0ea62687,HAMMING,ITQ96_CENTERED,404.0,12.0,12.0,48.1353711790393,49.0,6.0,14.0,36.1353711790393,
0ea62687,HAMMING,ITQ96_CENTERED,505.0,14.5,14.5,48.11572052401747,49.0,9.0,13.0,33.61572052401747,
0ea62687,COSINE,FLOAT96_UNCENTERED,,0.8339716829408207,0.8339716829408207,0.08894468553899529,0.044770477025876054,0.8886266265357692,0.8064666253826489,-0.7450269974018254,0.7450269974018254
0ea62687,COSINE,FLOAT96_CENTERED,,0.8130160737651552,0.8130160737651552,-0.003138596824042316,-0.041018638684741295,0.8771739827388213,0.7837819801835403,-0.8161546705891974,0.8161546705891974
0edc2aef,HAMMING,SIGN96_CENTERED,,49.0,49.0,47.69620253164557,48.0,49.0,34.0,-1.303797468354432,
0edc2aef,HAMMING,ITQ96_CENTERED,101.0,32.0,32.0,47.98945147679325,49.0,32.0,19.0,15.98945147679325,
0edc2aef,HAMMING,ITQ96_CENTERED,202.0,33.0,33.0,47.77215189873418,49.0,33.0,19.0,14.77215189873418,
0edc2aef,HAMMING,ITQ96_CENTERED,303.0,32.0,32.0,47.89873417721519,49.0,32.0,22.0,15.89873417721519,
0edc2aef,HAMMING,ITQ96_CENTERED,404.0,40.0,40.0,48.13502109704641,50.0,40.0,25.0,8.135021097046412,
0edc2aef,HAMMING,ITQ96_CENTERED,505.0,32.0,32.0,48.02320675105485,50.0,32.0,19.0,16.02320675105485,
0edc2aef,COSINE,FLOAT96_UNCENTERED,,0.4255654904756776,0.4255654904756776,0.10553878340837608,0.05392070859506208,0.4255654904756776,0.6717894587405359,-0.3200267070673015,0.3200267070673015
0edc2aef,COSINE,FLOAT96_CENTERED,,0.3687837687668673,0.3687837687668673,-0.00039634507574112766,-0.04972901550646201,0.3687837687668673,0.6286651500133505,-0.3691801138426084,0.3691801138426084
0f05491a,HAMMING,SIGN96_CENTERED,,27.0,27.0,47.6735112936345,48.0,20.0,16.0,20.673511293634498,
0f05491a,HAMMING,ITQ96_CENTERED,101.0,10.5,10.5,47.965092402464066,49.0,3.0,4.0,37.465092402464066,
0f05491a,HAMMING,ITQ96_CENTERED,202.0,10.5,10.5,47.993839835728956,49.0,5.0,3.0,37.493839835728956,
0f05491a,HAMMING,ITQ96_CENTERED,303.0,9.5,9.5,48.48665297741273,49.0,2.0,3.0,38.98665297741273,
0f05491a,HAMMING,ITQ96_CENTERED,404.0,8.5,8.5,48.0082135523614,49.0,4.0,3.0,39.5082135523614,
0f05491a,HAMMING,ITQ96_CENTERED,505.0,10.5,10.5,48.285420944558524,49.0,2.0,1.0,37.785420944558524,
0f05491a,COSINE,FLOAT96_UNCENTERED,,0.8477543372567775,0.8477543372567775,0.04360441936999265,0.015324855123682646,0.9170818744725151,0.9397333007855055,-0.8041499178867848,0.8041499178867848
0f05491a,COSINE,FLOAT96_CENTERED,,0.8411828105418788,0.8411828105418788,-0.004324828980109531,-0.02440064941634267,0.9161890170136059,0.9389637778690693,-0.8455076395219884,0.8455076395219884
10d9b85a,HAMMING,SIGN96_CENTERED,,42.0,42.0,48.25,48.0,42.0,32.0,6.25,
10d9b85a,HAMMING,ITQ96_CENTERED,101.0,42.0,42.0,48.099137931034484,49.0,41.0,26.0,6.099137931034484,
10d9b85a,HAMMING,ITQ96_CENTERED,202.0,38.5,38.5,47.85344827586207,49.0,37.0,26.0,9.353448275862071,
10d9b85a,HAMMING,ITQ96_CENTERED,303.0,46.0,46.0,48.09051724137931,49.0,43.0,30.0,2.0905172413793096,
10d9b85a,HAMMING,ITQ96_CENTERED,404.0,39.5,39.5,48.2198275862069,49.0,39.0,29.0,8.719827586206897,
10d9b85a,HAMMING,ITQ96_CENTERED,505.0,43.5,43.5,47.91594827586207,49.0,40.0,31.0,4.415948275862071,
10d9b85a,COSINE,FLOAT96_UNCENTERED,,0.32832885987614113,0.32832885987614113,0.15318990303864222,0.1354820967195147,0.3784485951239616,0.5613076681807668,-0.17513895683749892,0.17513895683749892
10d9b85a,COSINE,FLOAT96_CENTERED,,0.21476199606438565,0.21476199606438565,0.001735501666141674,-0.03013316069212655,0.2609550637042061,0.44955050873127467,-0.21302649439824398,0.21302649439824398
10e09553,HAMMING,SIGN96_CENTERED,,28.5,28.5,47.63191489361702,48.0,24.0,21.0,19.131914893617022,
10e09553,HAMMING,ITQ96_CENTERED,101.0,11.0,11.0,48.234042553191486,49.0,7.0,8.0,37.234042553191486,
10e09553,HAMMING,ITQ96_CENTERED,202.0,14.0,14.0,48.285106382978725,49.0,12.0,9.0,34.285106382978725,
10e09553,HAMMING,ITQ96_CENTERED,303.0,12.0,12.0,48.295744680851065,49.0,9.0,8.0,36.295744680851065,
10e09553,HAMMING,ITQ96_CENTERED,404.0,14.5,14.5,48.07021276595745,49.0,13.0,10.0,33.57021276595745,
10e09553,HAMMING,ITQ96_CENTERED,505.0,11.0,11.0,48.07446808510638,49.0,10.0,11.0,37.07446808510638,
10e09553,COSINE,FLOAT96_UNCENTERED,,0.8406490333200394,0.8406490333200394,0.06105707998507786,0.027237184900663507,0.8513396254026436,0.8813308570071764,-0.7795919533349616,0.7795919533349616
10e09553,COSINE,FLOAT96_CENTERED,,0.8308569177722676,0.8308569177722676,-0.0037512012575770712,-0.030134229835922885,0.8432778256215597,0.8755710638369434,-0.8346081190298447,0.8346081190298447
118b2229,HAMMING,SIGN96_CENTERED,,23.0,23.0,47.710743801652896,48.0,23.0,30.0,24.710743801652896,
118b2229,HAMMING,ITQ96_CENTERED,101.0,15.0,15.0,48.31818181818182,49.0,15.0,13.0,33.31818181818182,
118b2229,HAMMING,ITQ96_CENTERED,202.0,11.0,11.0,47.913223140495866,49.0,11.0,12.0,36.913223140495866,
118b2229,HAMMING,ITQ96_CENTERED,303.0,12.0,12.0,48.10950413223141,49.0,12.0,11.0,36.10950413223141,
118b2229,HAMMING,ITQ96_CENTERED,404.0,13.0,13.0,47.413223140495866,48.0,13.0,12.0,34.413223140495866,
118b2229,HAMMING,ITQ96_CENTERED,505.0,12.0,12.0,47.68181818181818,48.0,12.0,9.0,35.68181818181818,
118b2229,COSINE,FLOAT96_UNCENTERED,,0.7950958785636267,0.7950958785636267,0.11636387598208313,0.09404622708314009,0.7950958785636267,0.814399735588376,-0.6787320025815436,0.6787320025815436
118b2229,COSINE,FLOAT96_CENTERED,,0.7713267139182202,0.7713267139182202,5.3661913155447105e-05,-0.020710085739574696,0.7713267139182202,0.7759968288023191,-0.7712730520050647,0.7712730520050647
1192316e,HAMMING,SIGN96_CENTERED,,31.5,31.5,48.01075268817204,48.0,27.0,26.0,16.51075268817204,
1192316e,HAMMING,ITQ96_CENTERED,101.0,31.5,31.5,48.101075268817205,49.0,22.0,20.0,16.601075268817205,
1192316e,HAMMING,ITQ96_CENTERED,202.0,29.5,29.5,47.883870967741935,48.0,16.0,17.0,18.383870967741935,
1192316e,HAMMING,ITQ96_CENTERED,303.0,32.0,32.0,47.98279569892473,49.0,27.0,24.0,15.982795698924733,
1192316e,HAMMING,ITQ96_CENTERED,404.0,26.0,26.0,48.01505376344086,49.0,19.0,20.0,22.01505376344086,
1192316e,HAMMING,ITQ96_CENTERED,505.0,31.0,31.0,48.19784946236559,49.0,19.0,21.0,17.19784946236559,
1192316e,COSINE,FLOAT96_UNCENTERED,,0.5461016940633348,0.5461016940633348,0.15782134465059858,0.13460337907545772,0.7345803363419157,0.7413262735771315,-0.38828034941273615,0.38828034941273615
1192316e,COSINE,FLOAT96_CENTERED,,0.46483504113885804,0.46483504113885804,0.0003141585580457095,-0.02965198059402464,0.6814351111598594,0.6688129199073719,-0.4645208825808123,0.4645208825808123
129d1232,HAMMING,SIGN96_CENTERED,,33.0,30.0,48.35044642857143,49.0,29.0,24.0,15.35044642857143,
129d1232,HAMMING,ITQ96_CENTERED,101.0,23.333333333333332,25.0,48.060267857142854,49.0,15.0,19.0,24.726934523809522,
129d1232,HAMMING,ITQ96_CENTERED,202.0,27.333333333333332,28.0,48.07142857142857,49.0,19.0,16.0,20.738095238095237,
129d1232,HAMMING,ITQ96_CENTERED,303.0,26.333333333333332,31.0,48.44419642857143,49.0,16.0,17.0,22.1108630952381,
129d1232,HAMMING,ITQ96_CENTERED,404.0,29.0,30.0,48.223214285714285,49.0,26.0,21.0,19.223214285714285,
129d1232,HAMMING,ITQ96_CENTERED,505.0,23.333333333333332,22.0,48.30580357142857,49.0,17.0,25.0,24.972470238095237,
129d1232,COSINE,FLOAT96_UNCENTERED,,0.5950166100766797,0.5339557733937964,0.10087702881010238,0.0653595906944519,0.7548996079311202,0.7788015053016053,-0.4941395812665773,0.4941395812665773
129d1232,COSINE,FLOAT96_CENTERED,,0.5399309952701938,0.4622766304093645,-0.003129073424782049,-0.03630735327758094,0.7200810850829248,0.7386190606988565,-0.5430600686949759,0.5430600686949759
1568498a,HAMMING,SIGN96_CENTERED,,35.0,35.0,47.80083857442348,48.0,35.0,23.0,12.80083857442348,
1568498a,HAMMING,ITQ96_CENTERED,101.0,39.0,39.0,48.16142557651992,49.0,39.0,30.0,9.161425576519918,
1568498a,HAMMING,ITQ96_CENTERED,202.0,33.0,33.0,48.062893081761004,49.0,33.0,30.0,15.062893081761004,
1568498a,HAMMING,ITQ96_CENTERED,303.0,37.0,37.0,48.38784067085954,49.0,37.0,31.0,11.38784067085954,
1568498a,HAMMING,ITQ96_CENTERED,404.0,40.0,40.0,48.16352201257862,49.0,40.0,27.0,8.163522012578618,
1568498a,HAMMING,ITQ96_CENTERED,505.0,40.0,40.0,47.958071278826,49.0,40.0,31.0,7.958071278825997,
1568498a,COSINE,FLOAT96_UNCENTERED,,0.3174780903466512,0.3174780903466512,0.13035530950884563,0.0951715851681278,0.3174780903466512,0.4743933658780364,-0.18712278083780556,0.18712278083780556
1568498a,COSINE,FLOAT96_CENTERED,,0.22756286884216118,0.22756286884216118,-0.0010021676018977645,-0.044932656018988576,0.22756286884216118,0.408632780948413,-0.22856503644405893,0.22856503644405893
15745da0,HAMMING,SIGN96_CENTERED,,14.0,14.0,47.879492600422836,48.0,14.0,24.0,33.879492600422836,
15745da0,HAMMING,ITQ96_CENTERED,101.0,21.0,21.0,47.72727272727273,49.0,21.0,15.0,26.727272727272727,
15745da0,HAMMING,ITQ96_CENTERED,202.0,24.0,24.0,48.00634249471459,49.0,24.0,12.0,24.006342494714588,
15745da0,HAMMING,ITQ96_CENTERED,303.0,21.0,21.0,48.063424947145876,49.0,21.0,14.0,27.063424947145876,
15745da0,HAMMING,ITQ96_CENTERED,404.0,26.0,26.0,47.90909090909091,49.0,26.0,10.0,21.909090909090907,
15745da0,HAMMING,ITQ96_CENTERED,505.0,16.0,16.0,47.9492600422833,49.0,16.0,15.0,31.9492600422833,
15745da0,COSINE,FLOAT96_UNCENTERED,,0.7916055208889753,0.7916055208889753,0.05450230180335765,0.028464192484000395,0.7916055208889753,0.8367140606239298,-0.7371032190856176,0.7371032190856176
15745da0,COSINE,FLOAT96_CENTERED,,0.7832179824586548,0.7832179824586548,-0.0021851203089422043,-0.023303718463115318,0.7832179824586548,0.8318611059070302,-0.7854031027675971,0.7854031027675971
157a136e,HAMMING,SIGN96_CENTERED,,34.0,27.0,47.852,48.0,24.0,22.0,13.851999999999997,
157a136e,HAMMING,ITQ96_CENTERED,101.0,40.666666666666664,39.0,47.916,48.0,38.0,11.0,7.2493333333333325,
157a136e,HAMMING,ITQ96_CENTERED,202.0,42.0,39.0,47.994,48.0,37.0,12.0,5.994,
157a136e,HAMMING,ITQ96_CENTERED,303.0,42.666666666666664,38.0,48.104,49.0,38.0,10.0,5.437333333333335,
157a136e,HAMMING,ITQ96_CENTERED,404.0,37.666666666666664,34.0,48.428,49.0,31.0,12.0,10.761333333333333,
157a136e,HAMMING,ITQ96_CENTERED,505.0,44.666666666666664,43.0,48.218,49.0,43.0,8.0,3.5513333333333392,
157a136e,COSINE,FLOAT96_UNCENTERED,,0.31926594104488154,0.4605029303919749,0.06973051728024092,0.056969748136077865,0.4680563594562154,0.7931347568946201,-0.2495354237646406,0.2495354237646406
157a136e,COSINE,FLOAT96_CENTERED,,0.25371906537348454,0.4040173317884303,-0.002502400257998212,-0.013545406617426755,0.42410906503916834,0.7855145117082848,-0.25622146563148274,0.25622146563148274
16c90bf4,HAMMING,SIGN96_CENTERED,,16.0,16.0,47.56692913385827,48.0,16.0,24.0,31.566929133858267,
16c90bf4,HAMMING,ITQ96_CENTERED,101.0,7.0,7.0,48.07874015748032,49.0,7.0,10.0,41.07874015748032,
16c90bf4,HAMMING,ITQ96_CENTERED,202.0,7.0,7.0,48.32086614173228,48.5,7.0,9.0,41.32086614173228,
16c90bf4,HAMMING,ITQ96_CENTERED,303.0,10.0,10.0,47.92913385826772,49.0,10.0,9.0,37.92913385826772,
16c90bf4,HAMMING,ITQ96_CENTERED,404.0,6.0,6.0,47.988188976377955,49.0,6.0,9.0,41.988188976377955,
16c90bf4,HAMMING,ITQ96_CENTERED,505.0,10.0,10.0,48.15944881889764,49.0,10.0,11.0,38.15944881889764,
16c90bf4,COSINE,FLOAT96_UNCENTERED,,0.8958339376591207,0.8958339376591207,0.12998748105054767,0.11706887708008407,0.8958339376591207,0.8569183119945505,-0.765846456608573,0.765846456608573
16c90bf4,COSINE,FLOAT96_CENTERED,,0.8765717125390763,0.8765717125390763,-0.0011987951708829772,-0.021707783439131136,0.8765717125390763,0.8348267799501711,-0.8777705077099592,0.8777705077099592
184da446,HAMMING,SIGN96_CENTERED,,25.0,25.0,47.581740976645435,48.0,21.0,23.0,22.581740976645435,
184da446,HAMMING,ITQ96_CENTERED,101.0,18.5,18.5,48.180467091295114,49.0,15.0,13.0,29.680467091295114,
184da446,HAMMING,ITQ96_CENTERED,202.0,24.0,24.0,47.93418259023355,49.0,22.0,20.0,23.934182590233547,
184da446,HAMMING,ITQ96_CENTERED,303.0,22.0,22.0,48.12951167728238,49.0,17.0,18.0,26.12951167728238,
184da446,HAMMING,ITQ96_CENTERED,404.0,23.0,23.0,48.24203821656051,49.0,19.0,17.0,25.24203821656051,
184da446,HAMMING,ITQ96_CENTERED,505.0,18.0,18.0,47.83864118895966,49.0,13.0,14.0,29.838641188959663,
184da446,COSINE,FLOAT96_UNCENTERED,,0.7554458487149043,0.7554458487149043,0.06784304369159315,0.030654304581115288,0.7934943069830582,0.7939680186890856,-0.6876028050233112,0.6876028050233112
184da446,COSINE,FLOAT96_CENTERED,,0.735002818797159,0.735002818797159,-0.0034798806590994958,-0.03687109347357379,0.7765082666805584,0.7787182201307049,-0.7384826994562586,0.7384826994562586
18bc8abd,HAMMING,SIGN96_CENTERED,,26.5,26.5,48.27188940092166,49.0,21.0,16.0,21.77188940092166,
18bc8abd,HAMMING,ITQ96_CENTERED,101.0,15.5,15.5,48.12442396313364,49.0,10.0,11.0,32.62442396313364,
18bc8abd,HAMMING,ITQ96_CENTERED,202.0,16.0,16.0,47.965437788018434,49.0,9.0,9.0,31.965437788018434,
18bc8abd,HAMMING,ITQ96_CENTERED,303.0,18.0,18.0,47.97235023041475,49.0,12.0,12.0,29.972350230414747,
18bc8abd,HAMMING,ITQ96_CENTERED,404.0,17.0,17.0,48.142857142857146,49.0,11.0,10.0,31.142857142857146,
18bc8abd,HAMMING,ITQ96_CENTERED,505.0,16.0,16.0,48.17972350230415,49.0,10.0,10.0,32.17972350230415,
18bc8abd,COSINE,FLOAT96_UNCENTERED,,0.7508915302186294,0.7508915302186294,0.06808310946545934,0.025296660883600358,0.8356439061098528,0.8083589606639171,-0.68280842075317,0.68280842075317
18bc8abd,COSINE,FLOAT96_CENTERED,,0.7299360049984697,0.7299360049984697,-0.0036793215990139857,-0.04032943435792184,0.82194661018676,0.7953701305900898,-0.7336153265974836,0.7336153265974836
18dcd5a5,HAMMING,SIGN96_CENTERED,,26.0,26.0,48.18725099601593,49.0,26.0,32.0,22.187250996015933,
18dcd5a5,HAMMING,ITQ96_CENTERED,101.0,38.0,38.0,47.82470119521912,49.0,38.0,18.0,9.82470119521912,
18dcd5a5,HAMMING,ITQ96_CENTERED,202.0,34.0,34.0,47.9800796812749,49.0,34.0,17.0,13.980079681274901,
18dcd5a5,HAMMING,ITQ96_CENTERED,303.0,36.0,36.0,48.09362549800797,50.0,36.0,24.0,12.093625498007967,
18dcd5a5,HAMMING,ITQ96_CENTERED,404.0,37.0,37.0,48.03187250996016,49.0,37.0,19.0,11.03187250996016,
18dcd5a5,HAMMING,ITQ96_CENTERED,505.0,33.0,33.0,47.822709163346616,48.0,33.0,22.0,14.822709163346616,
18dcd5a5,COSINE,FLOAT96_UNCENTERED,,0.5109799352879408,0.5109799352879408,0.1675677436502512,0.13960923161883404,0.5109799352879408,0.7606088349745577,-0.34341219163768966,0.34341219163768966
18dcd5a5,COSINE,FLOAT96_CENTERED,,0.34539754040900367,0.34539754040900367,0.002263719311373201,-0.03461713579753019,0.34539754040900367,0.6965668844715361,-0.34313382109763046,0.34313382109763046
1903aded,HAMMING,SIGN96_CENTERED,,35.0,35.0,48.175257731958766,48.0,35.0,30.0,13.175257731958766,
1903aded,HAMMING,ITQ96_CENTERED,101.0,21.0,21.0,47.973195876288656,48.0,21.0,21.0,26.973195876288656,
1903aded,HAMMING,ITQ96_CENTERED,202.0,24.0,24.0,48.274226804123714,49.0,24.0,25.0,24.274226804123714,
1903aded,HAMMING,ITQ96_CENTERED,303.0,26.0,26.0,48.52783505154639,49.0,26.0,23.0,22.52783505154639,
1903aded,HAMMING,ITQ96_CENTERED,404.0,26.0,26.0,48.09896907216495,49.0,26.0,23.0,22.098969072164948,
1903aded,HAMMING,ITQ96_CENTERED,505.0,21.0,21.0,47.97113402061856,49.0,21.0,21.0,26.971134020618557,
1903aded,COSINE,FLOAT96_UNCENTERED,,0.6667216784420272,0.6667216784420272,0.1641156394004216,0.1469132254081541,0.6667216784420272,0.6937401425018043,-0.5026060390416056,0.5026060390416056
1903aded,COSINE,FLOAT96_CENTERED,,0.5982565759609992,0.5982565759609992,-0.0009741343451049355,-0.0242203266997854,0.5982565759609992,0.6482874094526718,-0.5992307103061042,0.5992307103061042
195a1a1b,HAMMING,SIGN96_CENTERED,,34.0,34.0,47.945525291828794,48.0,34.0,26.0,13.945525291828794,
195a1a1b,HAMMING,ITQ96_CENTERED,101.0,43.0,43.0,47.959143968871594,49.0,43.0,30.0,4.959143968871594,
195a1a1b,HAMMING,ITQ96_CENTERED,202.0,39.0,39.0,48.07587548638132,49.0,39.0,31.0,9.075875486381321,
195a1a1b,HAMMING,ITQ96_CENTERED,303.0,34.0,34.0,48.052529182879375,49.0,34.0,27.0,14.052529182879375,
195a1a1b,HAMMING,ITQ96_CENTERED,404.0,45.0,45.0,48.0739299610895,49.0,45.0,27.0,3.0739299610894975,
195a1a1b,HAMMING,ITQ96_CENTERED,505.0,42.0,42.0,48.13813229571984,49.0,42.0,27.0,6.138132295719842,
195a1a1b,COSINE,FLOAT96_UNCENTERED,,0.3364371967273694,0.3364371967273694,0.1483086100158217,0.1136168191963408,0.3364371967273694,0.5373140273778503,-0.18812858671154767,0.18812858671154767
195a1a1b,COSINE,FLOAT96_CENTERED,,0.23677838025238013,0.23677838025238013,0.0008937915867706948,-0.03485598123914513,0.23677838025238013,0.4622557065359001,-0.23588458866560943,0.23588458866560943
19b5f2b3,HAMMING,SIGN96_CENTERED,,20.0,20.0,48.0977130977131,48.0,20.0,17.0,28.097713097713097,
19b5f2b3,HAMMING,ITQ96_CENTERED,101.0,12.0,12.0,47.987525987525984,49.0,12.0,17.0,35.987525987525984,
19b5f2b3,HAMMING,ITQ96_CENTERED,202.0,12.0,12.0,48.07276507276507,49.0,12.0,9.0,36.07276507276507,
19b5f2b3,HAMMING,ITQ96_CENTERED,303.0,9.0,9.0,47.93139293139293,49.0,9.0,11.0,38.93139293139293,
19b5f2b3,HAMMING,ITQ96_CENTERED,404.0,17.0,17.0,47.893970893970895,49.0,17.0,12.0,30.893970893970895,
19b5f2b3,HAMMING,ITQ96_CENTERED,505.0,13.0,13.0,48.06029106029106,49.0,13.0,15.0,35.06029106029106,
19b5f2b3,COSINE,FLOAT96_UNCENTERED,,0.787210800676887,0.787210800676887,0.08421436464494163,0.04709563970545736,0.787210800676887,0.8327464700560621,-0.7029964360319454,0.7029964360319454
19b5f2b3,COSINE,FLOAT96_CENTERED,,0.7647783433557341,0.7647783433557341,-0.0020913312809546967,-0.03423428183104132,0.7647783433557341,0.8132565353905135,-0.7668696746366889,0.7668696746366889
1a1907b4,HAMMING,SIGN96_CENTERED,,43.0,43.0,48.154425612052734,48.0,43.0,28.0,5.154425612052734,
1a1907b4,HAMMING,ITQ96_CENTERED,101.0,40.0,40.0,47.728813559322035,49.0,40.0,21.0,7.728813559322035,
1a1907b4,HAMMING,ITQ96_CENTERED,202.0,46.0,46.0,47.984934086629,49.0,46.0,23.0,1.9849340866290035,
1a1907b4,HAMMING,ITQ96_CENTERED,303.0,46.0,46.0,47.86064030131827,49.0,46.0,19.0,1.86064030131827,
1a1907b4,HAMMING,ITQ96_CENTERED,404.0,43.0,43.0,47.75706214689266,48.0,43.0,25.0,4.7570621468926575,
1a1907b4,HAMMING,ITQ96_CENTERED,505.0,42.0,42.0,48.13747645951036,50.0,42.0,26.0,6.13747645951036,
1a1907b4,COSINE,FLOAT96_UNCENTERED,,0.18638972621227984,0.18638972621227984,0.16212081186570448,0.1120338972611345,0.18638972621227984,0.6959370884731599,-0.024268914346575354,0.024268914346575354
1a1907b4,COSINE,FLOAT96_CENTERED,,0.057105938844794486,0.057105938844794486,0.0017856170111880296,-0.05286429800403972,0.057105938844794486,0.628374624238093,-0.05532032183360645,0.05532032183360645
1a8a66a6,HAMMING,SIGN96_CENTERED,,29.666666666666668,23.0,48.166666666666664,49.0,22.0,27.0,18.499999999999996,
1a8a66a6,HAMMING,ITQ96_CENTERED,101.0,31.333333333333332,22.0,47.899598393574294,49.0,18.0,19.0,16.566265060240962,
1a8a66a6,HAMMING,ITQ96_CENTERED,202.0,34.333333333333336,28.0,47.99196787148595,49.0,24.0,20.0,13.658634538152612,
1a8a66a6,HAMMING,ITQ96_CENTERED,303.0,29.666666666666668,21.0,47.9136546184739,48.0,21.0,13.0,18.24698795180723,
1a8a66a6,HAMMING,ITQ96_CENTERED,404.0,29.0,19.0,47.933734939759034,49.0,19.0,16.0,18.933734939759034,
1a8a66a6,HAMMING,ITQ96_CENTERED,505.0,32.0,24.0,48.05622489959839,49.0,20.0,15.0,16.05622489959839,
1a8a66a6,COSINE,FLOAT96_UNCENTERED,,0.5205641500800623,0.6848903895825074,0.08873717925067934,0.06051639547408824,0.7628411351000423,0.7967082278141,-0.43182697082938293,0.43182697082938293
1a8a66a6,COSINE,FLOAT96_CENTERED,,0.46545786995151933,0.6544408025524041,-0.0015452574174582491,-0.026573386640320225,0.7352205260404423,0.7637598991947494,-0.4670031273689776,0.4670031273689776
1b9b7252,HAMMING,SIGN96_CENTERED,,11.0,11.0,47.96774193548387,48.0,11.0,24.0,36.96774193548387,
1b9b7252,HAMMING,ITQ96_CENTERED,101.0,1.0,1.0,47.94408602150538,49.0,1.0,9.0,46.94408602150538,
1b9b7252,HAMMING,ITQ96_CENTERED,202.0,4.0,4.0,48.18494623655914,49.0,4.0,9.0,44.18494623655914,
1b9b7252,HAMMING,ITQ96_CENTERED,303.0,3.0,3.0,47.898924731182795,48.0,3.0,8.0,44.898924731182795,
1b9b7252,HAMMING,ITQ96_CENTERED,404.0,3.0,3.0,48.240860215053765,49.0,3.0,8.0,45.240860215053765,
1b9b7252,HAMMING,ITQ96_CENTERED,505.0,3.0,3.0,47.94193548387097,49.0,3.0,7.0,44.94193548387097,
1b9b7252,COSINE,FLOAT96_UNCENTERED,,0.9606965591314118,0.9606965591314118,0.12242095721786575,0.09094596164647331,0.9606965591314118,0.8900749993912598,-0.8382756019135461,0.8382756019135461
1b9b7252,COSINE,FLOAT96_CENTERED,,0.9554024771271725,0.9554024771271725,-0.00077569184843116,-0.029817358335223403,0.9554024771271725,0.875688098102833,-0.9561781689756037,0.9561781689756037
1c0ddc50,HAMMING,SIGN96_CENTERED,,37.0,37.0,47.84432234432234,48.0,34.0,29.0,10.844322344322343,
1c0ddc50,HAMMING,ITQ96_CENTERED,101.0,43.5,43.5,47.934065934065934,50.0,41.0,21.0,4.434065934065934,
1c0ddc50,HAMMING,ITQ96_CENTERED,202.0,39.0,39.0,47.972527472527474,49.0,37.0,20.0,8.972527472527474,
1c0ddc50,HAMMING,ITQ96_CENTERED,303.0,40.0,40.0,47.93589743589744,49.0,40.0,23.0,7.935897435897438,
1c0ddc50,HAMMING,ITQ96_CENTERED,404.0,38.5,38.5,47.904761904761905,49.0,37.0,21.0,9.404761904761905,
1c0ddc50,HAMMING,ITQ96_CENTERED,505.0,40.0,40.0,47.972527472527474,49.0,38.0,19.0,7.972527472527474,
1c0ddc50,COSINE,FLOAT96_UNCENTERED,,0.3397077546075969,0.3397077546075969,0.13795720455286706,0.09849052939288191,0.3807487339299038,0.7123711239127128,-0.20175055005472983,0.20175055005472983
1c0ddc50,COSINE,FLOAT96_CENTERED,,0.22728228832660968,0.22728228832660968,0.001139158689974654,-0.049243852261748336,0.2709658523927329,0.639758071128621,-0.22614312963663502,0.22614312963663502
1c549ce4,HAMMING,SIGN96_CENTERED,,28.5,28.5,47.380434782608695,48.0,22.0,27.0,18.880434782608695,
1c549ce4,HAMMING,ITQ96_CENTERED,101.0,17.0,17.0,48.13695652173913,49.0,17.0,11.0,31.13695652173913,
1c549ce4,HAMMING,ITQ96_CENTERED,202.0,20.0,20.0,48.17391304347826,49.0,18.0,14.0,28.173913043478258,
1c549ce4,HAMMING,ITQ96_CENTERED,303.0,15.0,15.0,47.95434782608696,49.0,12.0,13.0,32.95434782608696,
1c549ce4,HAMMING,ITQ96_CENTERED,404.0,18.0,18.0,48.20434782608696,49.0,17.0,7.0,30.20434782608696,
1c549ce4,HAMMING,ITQ96_CENTERED,505.0,15.5,15.5,48.11304347826087,49.0,14.0,9.0,32.61304347826087,
1c549ce4,COSINE,FLOAT96_UNCENTERED,,0.7775478738236083,0.7775478738236083,0.06626935391665409,0.025662323517889298,0.8131182489420589,0.8131244607951345,-0.7112785199069542,0.7112785199069542
1c549ce4,COSINE,FLOAT96_CENTERED,,0.7623988285160161,0.7623988285160161,-0.0038189058366136395,-0.035796181492390944,0.8000618955797091,0.7975324230426327,-0.7662177343526297,0.7662177343526297
1cea1afa,HAMMING,SIGN96_CENTERED,,26.5,26.5,47.91925465838509,48.0,25.0,31.0,21.419254658385093,
1cea1afa,HAMMING,ITQ96_CENTERED,101.0,16.0,16.0,47.772256728778466,49.0,15.0,7.0,31.772256728778466,
1cea1afa,HAMMING,ITQ96_CENTERED,202.0,23.0,23.0,48.161490683229815,50.0,21.0,13.0,25.161490683229815,
1cea1afa,HAMMING,ITQ96_CENTERED,303.0,18.5,18.5,47.94824016563147,49.0,18.0,11.0,29.448240165631468,
1cea1afa,HAMMING,ITQ96_CENTERED,404.0,21.5,21.5,48.002070393374744,49.0,18.0,11.0,26.502070393374744,
1cea1afa,HAMMING,ITQ96_CENTERED,505.0,19.0,19.0,48.33540372670807,49.0,19.0,13.0,29.335403726708073,
1cea1afa,COSINE,FLOAT96_UNCENTERED,,0.7241328404819845,0.7241328404819845,0.058974246963024474,0.0216636321644558,0.7350204601526046,0.8625936295168517,-0.66515859351896,0.66515859351896
1cea1afa,COSINE,FLOAT96_CENTERED,,0.7016665718923536,0.7016665718923536,-0.0026435078483597295,-0.0354865192363623,0.7119721841723758,0.8524454001931858,-0.7043100797407134,0.7043100797407134
1d4da289,HAMMING,SIGN96_CENTERED,,8.0,8.0,48.665346534653466,49.0,8.0,15.0,40.665346534653466,
1d4da289,HAMMING,ITQ96_CENTERED,101.0,6.0,6.0,47.904950495049505,49.0,6.0,6.0,41.904950495049505,
1d4da289,HAMMING,ITQ96_CENTERED,202.0,10.0,10.0,47.7049504950495,49.0,10.0,5.0,37.7049504950495,
1d4da289,HAMMING,ITQ96_CENTERED,303.0,3.0,3.0,47.962376237623765,49.0,3.0,5.0,44.962376237623765,
1d4da289,HAMMING,ITQ96_CENTERED,404.0,8.0,8.0,48.122772277227725,49.0,8.0,6.0,40.122772277227725,
1d4da289,HAMMING,ITQ96_CENTERED,505.0,3.0,3.0,47.87326732673267,49.0,3.0,5.0,44.87326732673267,
1d4da289,COSINE,FLOAT96_UNCENTERED,,0.9327072942615107,0.9327072942615107,0.1135932747964615,0.0795603306707693,0.9327072942615107,0.9087191514437952,-0.8191140194650491,0.8191140194650491
1d4da289,COSINE,FLOAT96_CENTERED,,0.9239473390515109,0.9239473390515109,-0.0014712666718208589,-0.04027538648756294,0.9239473390515109,0.8970402828679915,-0.9254186057233318,0.9254186057233318
1d4e3b97,HAMMING,SIGN96_CENTERED,,28.0,28.0,48.20127118644068,48.0,25.0,25.0,20.201271186440678,
1d4e3b97,HAMMING,ITQ96_CENTERED,101.0,7.5,7.5,48.07415254237288,49.0,7.0,5.0,40.57415254237288,
1d4e3b97,HAMMING,ITQ96_CENTERED,202.0,7.0,7.0,48.19703389830509,49.0,6.0,7.0,41.19703389830509,
1d4e3b97,HAMMING,ITQ96_CENTERED,303.0,10.0,10.0,47.95338983050848,49.0,9.0,7.0,37.95338983050848,
1d4e3b97,HAMMING,ITQ96_CENTERED,404.0,9.0,9.0,48.184322033898304,49.0,7.0,5.0,39.184322033898304,
1d4e3b97,HAMMING,ITQ96_CENTERED,505.0,12.0,12.0,48.067796610169495,49.0,12.0,8.0,36.067796610169495,
1d4e3b97,COSINE,FLOAT96_UNCENTERED,,0.8617186318332735,0.8617186318332735,0.09315025571182868,0.058953763422777195,0.8773926759981113,0.8683136167728623,-0.7685683761214448,0.7685683761214448
1d4e3b97,COSINE,FLOAT96_CENTERED,,0.851061471924815,0.851061471924815,-0.0028821393061108243,-0.031866521864904115,0.8689368619489325,0.8518332225648363,-0.8539436112309258,0.8539436112309258
1da05512,HAMMING,SIGN96_CENTERED,,24.5,24.5,47.56956521739131,48.0,24.0,25.0,23.069565217391307,
1da05512,HAMMING,ITQ96_CENTERED,101.0,9.5,9.5,48.143478260869564,49.0,6.0,9.0,38.643478260869564,
1da05512,HAMMING,ITQ96_CENTERED,202.0,13.0,13.0,48.05652173913043,49.0,12.0,10.0,35.05652173913043,
1da05512,HAMMING,ITQ96_CENTERED,303.0,9.0,9.0,48.31739130434783,49.0,6.0,5.0,39.31739130434783,
1da05512,HAMMING,ITQ96_CENTERED,404.0,12.0,12.0,48.05434782608695,49.0,10.0,11.0,36.05434782608695,
1da05512,HAMMING,ITQ96_CENTERED,505.0,8.0,8.0,48.18695652173913,49.0,6.0,8.0,40.18695652173913,
1da05512,COSINE,FLOAT96_UNCENTERED,,0.8114832667983529,0.8114832667983529,0.0873269535440582,0.06535851960127213,0.8283070886329797,0.8372325866746085,-0.7241563132542947,0.7241563132542947
1da05512,COSINE,FLOAT96_CENTERED,,0.7921936616359357,0.7921936616359357,-0.004477695128779885,-0.02552108782994529,0.8109348862363628,0.8249475404852232,-0.7966713567647157,0.7966713567647157
1de5cff2,HAMMING,SIGN96_CENTERED,,29.0,29.0,47.19703389830509,47.0,29.0,22.0,18.197033898305087,
1de5cff2,HAMMING,ITQ96_CENTERED,101.0,5.0,5.0,47.86652542372882,49.0,5.0,1.0,42.86652542372882,
1de5cff2,HAMMING,ITQ96_CENTERED,202.0,2.0,2.0,47.889830508474574,49.0,2.0,2.0,45.889830508474574,
1de5cff2,HAMMING,ITQ96_CENTERED,303.0,4.0,4.0,47.644067796610166,49.0,4.0,1.0,43.644067796610166,
1de5cff2,HAMMING,ITQ96_CENTERED,404.0,4.0,4.0,48.09322033898305,49.0,4.0,2.0,44.09322033898305,
1de5cff2,HAMMING,ITQ96_CENTERED,505.0,7.0,7.0,47.97457627118644,49.0,7.0,3.0,40.97457627118644,
1de5cff2,COSINE,FLOAT96_UNCENTERED,,0.9265447839431703,0.9265447839431703,0.08459797459162385,0.04814154624677401,0.9265447839431703,0.9504961393217141,-0.8419468093515464,0.8419468093515464
1de5cff2,COSINE,FLOAT96_CENTERED,,0.9190931275419356,0.9190931275419356,-0.0017057861669727314,-0.031732090840237634,0.9190931275419356,0.9465988337545074,-0.9207989137089083,0.9207989137089083
1e043500,HAMMING,SIGN96_CENTERED,,10.0,10.0,47.587426326129666,48.0,10.0,14.0,37.587426326129666,
1e043500,HAMMING,ITQ96_CENTERED,101.0,11.0,11.0,47.95677799607073,48.0,11.0,13.0,36.95677799607073,
1e043500,HAMMING,ITQ96_CENTERED,202.0,10.0,10.0,47.8762278978389,48.0,10.0,11.0,37.8762278978389,
1e043500,HAMMING,ITQ96_CENTERED,303.0,11.0,11.0,48.30058939096267,49.0,11.0,11.0,37.30058939096267,
1e043500,HAMMING,ITQ96_CENTERED,404.0,15.0,15.0,48.03536345776031,49.0,15.0,19.0,33.03536345776031,
1e043500,HAMMING,ITQ96_CENTERED,505.0,8.0,8.0,47.92927308447937,49.0,8.0,10.0,39.92927308447937,
1e043500,COSINE,FLOAT96_UNCENTERED,,0.8565660670929182,0.8565660670929182,0.0725509464625423,0.050021150945276704,0.8565660670929182,0.8199664027246897,-0.7840151206303758,0.7840151206303758
1e043500,COSINE,FLOAT96_CENTERED,,0.8453996828188765,0.8453996828188765,-0.0014458720700524547,-0.025372697615410573,0.8453996828188765,0.8000226716071638,-0.8468455548889289,0.8468455548889289
1f2b8d4f,HAMMING,SIGN96_CENTERED,,39.5,39.5,47.667307692307695,48.0,38.0,21.0,8.167307692307695,
1f2b8d4f,HAMMING,ITQ96_CENTERED,101.0,15.5,15.5,48.065384615384616,49.0,14.0,9.0,32.565384615384616,
1f2b8d4f,HAMMING,ITQ96_CENTERED,202.0,18.0,18.0,48.026923076923076,49.0,17.0,4.0,30.026923076923076,
1f2b8d4f,HAMMING,ITQ96_CENTERED,303.0,18.0,18.0,48.488461538461536,50.0,15.0,11.0,30.488461538461536,
1f2b8d4f,HAMMING,ITQ96_CENTERED,404.0,13.5,13.5,47.99423076923077,49.0,11.0,9.0,34.49423076923077,
1f2b8d4f,HAMMING,ITQ96_CENTERED,505.0,13.5,13.5,48.27884615384615,50.0,12.0,8.0,34.77884615384615,
1f2b8d4f,COSINE,FLOAT96_UNCENTERED,,0.8085659737028952,0.8085659737028952,0.0906746039158638,0.04950029027692414,0.8361698126797553,0.8960017887055466,-0.7178913697870314,0.7178913697870314
1f2b8d4f,COSINE,FLOAT96_CENTERED,,0.7877800856413099,0.7877800856413099,-0.0021635942893629724,-0.041781637361525306,0.8180977702450103,0.885546954683838,-0.7899436799306728,0.7899436799306728
1faac195,HAMMING,SIGN96_CENTERED,,23.0,23.0,48.32048681541582,48.0,23.0,30.0,25.32048681541582,
1faac195,HAMMING,ITQ96_CENTERED,101.0,7.0,7.0,48.294117647058826,49.0,7.0,10.0,41.294117647058826,
1faac195,HAMMING,ITQ96_CENTERED,202.0,7.0,7.0,47.66328600405679,48.0,7.0,9.0,40.66328600405679,
1faac195,HAMMING,ITQ96_CENTERED,303.0,8.0,8.0,48.630831643002026,49.0,8.0,9.0,40.630831643002026,
1faac195,HAMMING,ITQ96_CENTERED,404.0,8.0,8.0,47.953346855983774,49.0,8.0,6.0,39.953346855983774,
1faac195,HAMMING,ITQ96_CENTERED,505.0,7.0,7.0,48.05882352941177,49.0,7.0,12.0,41.05882352941177,
1faac195,COSINE,FLOAT96_UNCENTERED,,0.8684460547819903,0.8684460547819903,0.062031642578504846,0.034724581219650906,0.8684460547819903,0.8318696613426582,-0.8064144122034855,0.8064144122034855
1faac195,COSINE,FLOAT96_CENTERED,,0.8630677207918402,0.8630677207918402,-0.0030388722196972346,-0.021745492193758688,0.8630677207918402,0.8234913759461928,-0.8661065930115375,0.8661065930115375
2133c1b5,HAMMING,SIGN96_CENTERED,,25.5,25.5,48.629558541266796,49.0,22.0,23.0,23.129558541266796,
2133c1b5,HAMMING,ITQ96_CENTERED,101.0,26.0,26.0,48.26487523992323,50.0,20.0,22.0,22.264875239923228,
2133c1b5,HAMMING,ITQ96_CENTERED,202.0,24.5,24.5,47.550863723608444,48.0,18.0,15.0,23.050863723608444,
2133c1b5,HAMMING,ITQ96_CENTERED,303.0,24.5,24.5,48.257197696737045,49.0,18.0,18.0,23.757197696737045,
2133c1b5,HAMMING,ITQ96_CENTERED,404.0,20.5,20.5,48.05566218809981,49.0,18.0,19.0,27.55566218809981,
2133c1b5,HAMMING,ITQ96_CENTERED,505.0,28.0,28.0,48.119001919385795,49.0,26.0,24.0,20.119001919385795,
2133c1b5,COSINE,FLOAT96_UNCENTERED,,0.6646871571446018,0.6646871571446018,0.10937896548170616,0.07956320740702255,0.7055040758961785,0.7323593287499828,-0.5553081916628957,0.5553081916628957
2133c1b5,COSINE,FLOAT96_CENTERED,,0.6219063375422731,0.6219063375422731,-0.0021882047132539516,-0.04254997187512391,0.6698078803553145,0.6961696022759597,-0.6240945422555271,0.6240945422555271
21436231,HAMMING,SIGN96_CENTERED,,7.0,7.0,47.61643835616438,48.0,7.0,15.0,40.61643835616438,
21436231,HAMMING,ITQ96_CENTERED,101.0,2.0,2.0,48.09001956947162,49.0,2.0,5.0,46.09001956947162,
21436231,HAMMING,ITQ96_CENTERED,202.0,1.0,1.0,48.02739726027397,49.0,1.0,5.0,47.02739726027397,
21436231,HAMMING,ITQ96_CENTERED,303.0,1.0,1.0,48.054794520547944,49.0,1.0,4.0,47.054794520547944,
21436231,HAMMING,ITQ96_CENTERED,404.0,2.0,2.0,48.20156555772994,49.0,2.0,7.0,46.20156555772994,
21436231,HAMMING,ITQ96_CENTERED,505.0,5.0,5.0,48.05675146771037,49.0,5.0,5.0,43.05675146771037,
21436231,COSINE,FLOAT96_UNCENTERED,,0.9467641302120211,0.9467641302120211,0.0562626656989452,0.029369470205061567,0.9467641302120211,0.8991304614368567,-0.8905014645130759,0.8905014645130759
21436231,COSINE,FLOAT96_CENTERED,,0.9446044142688019,0.9446044142688019,-0.0019997000648343936,-0.030380782131460896,0.9446044142688019,0.8940351629744926,-0.9466041143336363,0.9466041143336363
21d02d0d,HAMMING,SIGN96_CENTERED,,22.5,22.5,48.01414141414141,48.0,19.0,24.0,25.514141414141413,
21d02d0d,HAMMING,ITQ96_CENTERED,101.0,21.5,21.5,48.153535353535354,49.0,19.0,20.0,26.653535353535354,
21d02d0d,HAMMING,ITQ96_CENTERED,202.0,20.5,20.5,48.23232323232323,49.0,16.0,21.0,27.732323232323232,
21d02d0d,HAMMING,ITQ96_CENTERED,303.0,23.5,23.5,47.892929292929296,49.0,23.0,20.0,24.392929292929296,
21d02d0d,HAMMING,ITQ96_CENTERED,404.0,19.0,19.0,48.55353535353535,50.0,18.0,25.0,29.553535353535352,
21d02d0d,HAMMING,ITQ96_CENTERED,505.0,22.0,22.0,47.94949494949495,49.0,19.0,18.0,25.949494949494948,
21d02d0d,COSINE,FLOAT96_UNCENTERED,,0.7157313960034453,0.7157313960034453,0.12486086401459656,0.08776564913484575,0.7647382518014076,0.7326103498561864,-0.5908705319888488,0.5908705319888488
21d02d0d,COSINE,FLOAT96_CENTERED,,0.6605955113538247,0.6605955113538247,-0.0015384056204801263,-0.04229668412409758,0.7223821528166557,0.6809531760552082,-0.6621339169743048,0.6621339169743048
22d2cb42,HAMMING,SIGN96_CENTERED,,28.0,28.0,47.851694915254235,48.0,28.0,11.0,19.851694915254235,
22d2cb42,HAMMING,ITQ96_CENTERED,101.0,16.0,16.0,48.09110169491525,49.0,16.0,7.0,32.09110169491525,
22d2cb42,HAMMING,ITQ96_CENTERED,202.0,17.0,17.0,48.067796610169495,49.0,17.0,6.0,31.067796610169495,
22d2cb42,HAMMING,ITQ96_CENTERED,303.0,16.0,16.0,47.6271186440678,49.0,16.0,8.0,31.6271186440678,
22d2cb42,HAMMING,ITQ96_CENTERED,404.0,21.0,21.0,48.00847457627118,49.0,21.0,6.0,27.008474576271183,
22d2cb42,HAMMING,ITQ96_CENTERED,505.0,18.0,18.0,47.82203389830509,49.0,18.0,3.0,29.822033898305087,
22d2cb42,COSINE,FLOAT96_UNCENTERED,,0.7448553670819241,0.7448553670819241,0.04549191683819833,0.017333026584786256,0.7448553670819241,0.9177128901163683,-0.6993634502437258,0.6993634502437258
22d2cb42,COSINE,FLOAT96_CENTERED,,0.7367777517516209,0.7367777517516209,-0.001665358397245361,-0.02131028300410087,0.7367777517516209,0.9158946104554513,-0.7384431101488662,0.7384431101488662
2311e44b,HAMMING,SIGN96_CENTERED,,26.5,26.5,47.86965376782077,48.0,17.0,10.0,21.369653767820772,
2311e44b,HAMMING,ITQ96_CENTERED,101.0,19.5,19.5,48.33197556008147,49.0,5.0,5.0,28.831975560081467,
2311e44b,HAMMING,ITQ96_CENTERED,202.0,18.0,18.0,48.29327902240326,49.0,6.0,2.0,30.29327902240326,
2311e44b,HAMMING,ITQ96_CENTERED,303.0,18.0,18.0,48.17107942973524,49.0,7.0,4.0,30.171079429735236,
2311e44b,HAMMING,ITQ96_CENTERED,404.0,16.5,16.5,47.77800407331976,48.0,6.0,4.0,31.278004073319757,
2311e44b,HAMMING,ITQ96_CENTERED,505.0,17.0,17.0,48.14256619144603,49.0,7.0,5.0,31.14256619144603,
2311e44b,COSINE,FLOAT96_UNCENTERED,,0.7841761052859075,0.7841761052859075,0.05127325669562692,0.022839175290461103,0.9168855895802535,0.9322826173857593,-0.7329028485902807,0.7329028485902807
2311e44b,COSINE,FLOAT96_CENTERED,,0.7705234932928726,0.7705234932928726,-0.0032887239859326015,-0.02288194817033135,0.9136164969789159,0.9302432570409986,-0.7738122172788052,0.7738122172788052
2318644b,HAMMING,SIGN96_CENTERED,,30.0,30.0,47.550863723608444,47.0,22.0,22.0,17.550863723608444,
2318644b,HAMMING,ITQ96_CENTERED,101.0,26.0,26.0,48.397312859884835,50.0,17.0,19.0,22.397312859884835,
2318644b,HAMMING,ITQ96_CENTERED,202.0,29.0,29.0,48.02495201535508,49.0,20.0,20.0,19.024952015355083,
2318644b,HAMMING,ITQ96_CENTERED,303.0,28.0,28.0,48.00383877159309,49.0,22.0,22.0,20.003838771593088,
2318644b,HAMMING,ITQ96_CENTERED,404.0,29.0,29.0,48.076775431861805,49.0,22.0,21.0,19.076775431861805,
2318644b,HAMMING,ITQ96_CENTERED,505.0,30.0,30.0,48.36468330134357,50.0,22.0,23.0,18.364683301343568,
2318644b,COSINE,FLOAT96_UNCENTERED,,0.5594894019401985,0.5594894019401985,0.10163261027826724,0.062169088746685024,0.6966203558631401,0.6673330069671186,-0.4578567916619312,0.4578567916619312
2318644b,COSINE,FLOAT96_CENTERED,,0.516109056794976,0.516109056794976,-0.0022885207929369406,-0.038511366615725705,0.6649739091974534,0.6188269691411118,-0.5183975775879129,0.5183975775879129
25e5aa4f,HAMMING,SIGN96_CENTERED,,48.0,48.0,47.26732673267327,48.0,48.0,19.0,-0.7326732673267315,
25e5aa4f,HAMMING,ITQ96_CENTERED,101.0,33.0,33.0,47.984158415841584,49.0,33.0,7.0,14.984158415841584,
25e5aa4f,HAMMING,ITQ96_CENTERED,202.0,28.0,28.0,47.9009900990099,49.0,28.0,9.0,19.900990099009903,
25e5aa4f,HAMMING,ITQ96_CENTERED,303.0,30.0,30.0,48.01980198019802,49.0,30.0,5.0,18.019801980198018,
25e5aa4f,HAMMING,ITQ96_CENTERED,404.0,28.0,28.0,48.0019801980198,49.0,28.0,10.0,20.0019801980198,
25e5aa4f,HAMMING,ITQ96_CENTERED,505.0,26.0,26.0,48.0019801980198,49.0,26.0,11.0,22.0019801980198,
25e5aa4f,COSINE,FLOAT96_UNCENTERED,,0.5050624657590987,0.5050624657590987,0.07444570148160157,0.03677832039486491,0.5050624657590987,0.8976691151138367,-0.4306167642774972,0.4306167642774972
25e5aa4f,COSINE,FLOAT96_CENTERED,,0.4555681116495704,0.4555681116495704,-0.00015803151521148344,-0.03533593796688062,0.4555681116495704,0.8878731097182216,-0.4557261431647819,0.4557261431647819
2698e78f,HAMMING,SIGN96_CENTERED,,30.0,30.0,48.13655462184874,48.0,27.0,15.0,18.136554621848738,
2698e78f,HAMMING,ITQ96_CENTERED,101.0,15.5,15.5,47.911764705882355,49.0,8.0,5.0,32.411764705882355,
2698e78f,HAMMING,ITQ96_CENTERED,202.0,17.0,17.0,47.6827731092437,48.0,8.0,8.0,30.682773109243698,
2698e78f,HAMMING,ITQ96_CENTERED,303.0,16.5,16.5,48.02731092436975,49.0,10.0,8.0,31.52731092436975,
2698e78f,HAMMING,ITQ96_CENTERED,404.0,17.5,17.5,48.16596638655462,49.0,11.0,10.0,30.665966386554622,
2698e78f,HAMMING,ITQ96_CENTERED,505.0,15.5,15.5,48.075630252100844,49.0,14.0,11.0,32.575630252100844,
2698e78f,COSINE,FLOAT96_UNCENTERED,,0.7769012153865767,0.7769012153865767,0.04756420048096334,0.013531149917093317,0.8389465686033555,0.877745851426681,-0.7293370149056134,0.7293370149056134
2698e78f,COSINE,FLOAT96_CENTERED,,0.7638395419370948,0.7638395419370948,-0.0034311217508327836,-0.026989564194899125,0.8310165319096401,0.8740194418078194,-0.7672706636879276,0.7672706636879276
26bdc477,HAMMING,SIGN96_CENTERED,,19.5,19.5,48.59475806451613,48.0,16.0,21.0,29.094758064516128,
26bdc477,HAMMING,ITQ96_CENTERED,101.0,16.5,16.5,47.97379032258065,49.0,16.0,6.0,31.473790322580648,
26bdc477,HAMMING,ITQ96_CENTERED,202.0,13.5,13.5,48.042338709677416,49.0,12.0,14.0,34.542338709677416,
26bdc477,HAMMING,ITQ96_CENTERED,303.0,15.5,15.5,48.020161290322584,49.0,15.0,14.0,32.520161290322584,
26bdc477,HAMMING,ITQ96_CENTERED,404.0,15.5,15.5,48.48991935483871,50.0,15.0,12.0,32.98991935483871,
26bdc477,HAMMING,ITQ96_CENTERED,505.0,14.0,14.0,48.15120967741935,49.0,13.0,15.0,34.15120967741935,
26bdc477,COSINE,FLOAT96_UNCENTERED,,0.8153909116206951,0.8153909116206951,0.06826336319791357,0.034297865334075445,0.8708801976876166,0.8658559141160589,-0.7471275484227815,0.7471275484227815
26bdc477,COSINE,FLOAT96_CENTERED,,0.7986481740072062,0.7986481740072062,-0.0023285319011513337,-0.02312445664958384,0.8600378843338597,0.8524427253326522,-0.8009767059083576,0.8009767059083576
27016adc,HAMMING,SIGN96_CENTERED,,32.5,32.5,48.149284253578735,48.0,21.0,23.0,15.649284253578735,
27016adc,HAMMING,ITQ96_CENTERED,101.0,19.5,19.5,48.280163599182,50.0,6.0,7.0,28.780163599182004,
27016adc,HAMMING,ITQ96_CENTERED,202.0,24.5,24.5,47.85889570552147,49.0,12.0,7.0,23.35889570552147,
27016adc,HAMMING,ITQ96_CENTERED,303.0,19.0,19.0,48.210633946830264,49.0,9.0,9.0,29.210633946830264,
27016adc,HAMMING,ITQ96_CENTERED,404.0,22.5,22.5,48.194274028629856,49.0,12.0,6.0,25.694274028629856,
27016adc,HAMMING,ITQ96_CENTERED,505.0,25.0,25.0,48.057259713701434,49.0,10.0,6.0,23.057259713701434,
27016adc,COSINE,FLOAT96_UNCENTERED,,0.6784765615093354,0.6784765615093354,0.0770734444753276,0.041997989898764236,0.8469757678575192,0.8955909060093588,-0.6014031170340078,0.6014031170340078
27016adc,COSINE,FLOAT96_CENTERED,,0.6491287157928456,0.6491287157928456,-0.00276205214865581,-0.03336040398953302,0.8368702552794892,0.8858022358647861,-0.6518907679415014,0.6518907679415014
2788b940,HAMMING,SIGN96_CENTERED,,43.2,44.0,48.5,49.0,38.0,33.0,5.299999999999997,
2788b940,HAMMING,ITQ96_CENTERED,101.0,28.8,27.0,48.01914893617021,49.0,26.0,20.0,19.21914893617021,
2788b940,HAMMING,ITQ96_CENTERED,202.0,30.0,29.0,48.39148936170213,49.0,26.0,19.0,18.391489361702128,
2788b940,HAMMING,ITQ96_CENTERED,303.0,26.0,26.0,48.00425531914894,49.0,24.0,20.0,22.00425531914894,
2788b940,HAMMING,ITQ96_CENTERED,404.0,26.2,27.0,48.55106382978723,50.0,19.0,20.0,22.351063829787233,
2788b940,HAMMING,ITQ96_CENTERED,505.0,27.4,27.0,47.8,49.0,26.0,19.0,20.4,
2788b940,COSINE,FLOAT96_UNCENTERED,,0.6077626036472997,0.6162723239230152,0.08819616556111058,0.03515983788074062,0.6362876758242861,0.6874772881215807,-0.5195664380861892,0.5195664380861892
2788b940,COSINE,FLOAT96_CENTERED,,0.564631902328468,0.5764967079542878,-0.005163221937777266,-0.0493240701356741,0.5954508959102149,0.6622461910404495,-0.5697951242662453,0.5697951242662453
28bcfaac,HAMMING,SIGN96_CENTERED,,18.0,18.0,48.170340681362724,48.0,18.0,25.0,30.170340681362724,
28bcfaac,HAMMING,ITQ96_CENTERED,101.0,3.0,3.0,48.33266533066132,49.0,3.0,5.0,45.33266533066132,
28bcfaac,HAMMING,ITQ96_CENTERED,202.0,5.0,5.0,48.18236472945892,49.0,5.0,6.0,43.18236472945892,
28bcfaac,HAMMING,ITQ96_CENTERED,303.0,5.0,5.0,48.31663326653307,49.0,5.0,6.0,43.31663326653307,
28bcfaac,HAMMING,ITQ96_CENTERED,404.0,7.0,7.0,48.11823647294589,49.0,7.0,7.0,41.11823647294589,
28bcfaac,HAMMING,ITQ96_CENTERED,505.0,1.0,1.0,47.83967935871743,48.0,1.0,2.0,46.83967935871743,
28bcfaac,COSINE,FLOAT96_UNCENTERED,,0.9518141881719311,0.9518141881719311,0.10166129625382946,0.08729339561986908,0.9518141881719311,0.8864033320919769,-0.8501528919181016,0.8501528919181016
28bcfaac,COSINE,FLOAT96_CENTERED,,0.945719507999194,0.945719507999194,-0.00219120605327819,-0.01964104929379219,0.945719507999194,0.8733293635469651,-0.9479107140524722,0.9479107140524722
28dc39ac,HAMMING,SIGN96_CENTERED,,36.2,35.0,48.3075117370892,48.0,31.0,34.0,12.107511737089197,
28dc39ac,HAMMING,ITQ96_CENTERED,101.0,27.6,26.0,48.24178403755869,49.0,23.0,22.0,20.641784037558686,
28dc39ac,HAMMING,ITQ96_CENTERED,202.0,28.6,28.0,48.42723004694836,50.0,21.0,21.0,19.827230046948358,
28dc39ac,HAMMING,ITQ96_CENTERED,303.0,26.4,27.0,48.46478873239437,49.0,19.0,24.0,22.06478873239437,
28dc39ac,HAMMING,ITQ96_CENTERED,404.0,26.0,24.0,48.21830985915493,50.0,21.0,22.0,22.218309859154928,
28dc39ac,HAMMING,ITQ96_CENTERED,505.0,24.8,26.0,48.732394366197184,50.5,17.0,19.0,23.932394366197183,
28dc39ac,COSINE,FLOAT96_UNCENTERED,,0.6145759115299156,0.6163828038086483,0.09515930519574281,0.03956401575796071,0.7650885976800903,0.6730494049451985,-0.5194166063341729,0.5194166063341729
28dc39ac,COSINE,FLOAT96_CENTERED,,0.5737713708183649,0.5758008796866325,-0.0062798319473442565,-0.05639436965462205,0.7354017224531431,0.6255747779053259,-0.5800512027657092,0.5800512027657092
29f2956b,HAMMING,SIGN96_CENTERED,,32.0,32.0,48.06060606060606,48.0,32.0,29.0,16.060606060606062,
29f2956b,HAMMING,ITQ96_CENTERED,101.0,18.0,18.0,48.21212121212121,49.0,18.0,14.0,30.21212121212121,
29f2956b,HAMMING,ITQ96_CENTERED,202.0,14.0,14.0,48.04646464646465,49.0,14.0,11.0,34.04646464646465,
29f2956b,HAMMING,ITQ96_CENTERED,303.0,14.0,14.0,48.18787878787879,49.0,14.0,10.0,34.18787878787879,
29f2956b,HAMMING,ITQ96_CENTERED,404.0,18.0,18.0,48.13131313131313,49.0,18.0,16.0,30.131313131313128,
29f2956b,HAMMING,ITQ96_CENTERED,505.0,14.0,14.0,48.02424242424242,49.0,14.0,14.0,34.02424242424242,
29f2956b,COSINE,FLOAT96_UNCENTERED,,0.7973990519164454,0.7973990519164454,0.10182928758591456,0.08008608702633584,0.7973990519164454,0.806499315512594,-0.6955697643305309,0.6955697643305309
29f2956b,COSINE,FLOAT96_CENTERED,,0.7753116134459086,0.7753116134459086,-0.0011659234324646465,-0.024594499420901344,0.7753116134459086,0.7834765122994669,-0.7764775368783733,0.7764775368783733
2a1811e2,HAMMING,SIGN96_CENTERED,,28.0,28.0,48.56603773584906,49.0,23.0,20.0,20.566037735849058,
2a1811e2,HAMMING,ITQ96_CENTERED,101.0,23.0,23.0,48.37735849056604,49.0,9.0,8.0,25.37735849056604,
2a1811e2,HAMMING,ITQ96_CENTERED,202.0,23.5,23.5,47.924528301886795,49.0,13.0,9.0,24.424528301886795,
2a1811e2,HAMMING,ITQ96_CENTERED,303.0,26.0,26.0,47.735849056603776,49.0,17.0,11.0,21.735849056603776,
2a1811e2,HAMMING,ITQ96_CENTERED,404.0,24.0,24.0,47.9601677148847,49.0,11.0,7.0,23.960167714884697,
2a1811e2,HAMMING,ITQ96_CENTERED,505.0,23.0,23.0,48.0503144654088,49.0,8.0,10.0,25.050314465408803,
2a1811e2,COSINE,FLOAT96_UNCENTERED,,0.643914505255567,0.643914505255567,0.06712742613069046,0.02735179962790313,0.8078317532233025,0.8234967287933015,-0.5767870791248766,0.5767870791248766
2a1811e2,COSINE,FLOAT96_CENTERED,,0.6133873441421767,0.6133873441421767,-0.002141220981427793,-0.02778356090863449,0.794335860011355,0.8122036327675335,-0.6155285651236044,0.6155285651236044
2b8f3739,HAMMING,SIGN96_CENTERED,,36.333333333333336,35.0,48.13319672131148,48.0,34.0,29.0,11.799863387978142,
2b8f3739,HAMMING,ITQ96_CENTERED,101.0,32.0,29.0,48.13934426229508,49.0,29.0,19.0,16.139344262295083,
2b8f3739,HAMMING,ITQ96_CENTERED,202.0,29.0,24.0,48.01229508196721,49.0,24.0,23.0,19.01229508196721,
2b8f3739,HAMMING,ITQ96_CENTERED,303.0,34.666666666666664,31.0,47.96516393442623,49.0,30.0,19.0,13.298497267759565,
2b8f3739,HAMMING,ITQ96_CENTERED,404.0,31.666666666666668,29.0,48.13319672131148,50.0,26.0,23.0,16.46653005464481,
2b8f3739,HAMMING,ITQ96_CENTERED,505.0,29.666666666666668,26.0,48.243852459016395,50.0,26.0,19.0,18.577185792349727,
2b8f3739,COSINE,FLOAT96_UNCENTERED,,0.524403260170514,0.6026132661132942,0.1032887286791187,0.054109585030847104,0.633613741836266,0.7241457014650879,-0.42111453149139527,0.42111453149139527
2b8f3739,COSINE,FLOAT96_CENTERED,,0.46578855911003086,0.5551673880211121,-0.0021177853065926762,-0.05206409007708622,0.5798838018894213,0.6794257998101785,-0.46790634441662354,0.46790634441662354
2bf43736,HAMMING,SIGN96_CENTERED,,8.0,8.0,48.280922431865825,48.0,8.0,11.0,40.280922431865825,
2bf43736,HAMMING,ITQ96_CENTERED,101.0,0.0,0.0,47.77568134171908,49.0,0.0,1.0,47.77568134171908,
2bf43736,HAMMING,ITQ96_CENTERED,202.0,0.0,0.0,48.34591194968554,49.0,0.0,0.0,48.34591194968554,
2bf43736,HAMMING,ITQ96_CENTERED,303.0,1.0,1.0,48.343815513626836,49.0,1.0,2.0,47.343815513626836,
2bf43736,HAMMING,ITQ96_CENTERED,404.0,0.0,0.0,47.893081761006286,48.0,0.0,3.0,47.893081761006286,
2bf43736,HAMMING,ITQ96_CENTERED,505.0,0.0,0.0,47.890985324947586,49.0,0.0,0.0,47.890985324947586,
2bf43736,COSINE,FLOAT96_UNCENTERED,,0.9862702187151402,0.9862702187151402,0.06129743333470794,0.03222096896682186,0.9862702187151402,0.9683611001442606,-0.9249727853804323,0.9249727853804323
2bf43736,COSINE,FLOAT96_CENTERED,,0.9858801133332783,0.9858801133332783,-0.0028769155091749954,-0.02571264297903823,0.9858801133332783,0.9671522508213247,-0.9887570288424533,0.9887570288424533
2c63a862,HAMMING,SIGN96_CENTERED,,43.5,43.5,48.0607210626186,48.0,34.0,28.0,4.560721062618597,
2c63a862,HAMMING,ITQ96_CENTERED,101.0,35.5,35.5,47.98481973434535,49.0,35.0,24.0,12.48481973434535,
2c63a862,HAMMING,ITQ96_CENTERED,202.0,29.0,29.0,47.64326375711575,49.0,27.0,22.0,18.643263757115747,
2c63a862,HAMMING,ITQ96_CENTERED,303.0,32.0,32.0,47.992409867172675,49.0,29.0,28.0,15.992409867172675,
2c63a862,HAMMING,ITQ96_CENTERED,404.0,33.5,33.5,48.036053130929794,49.0,29.0,29.0,14.536053130929794,
2c63a862,HAMMING,ITQ96_CENTERED,505.0,33.5,33.5,47.95066413662239,49.0,32.0,26.0,14.450664136622393,
2c63a862,COSINE,FLOAT96_UNCENTERED,,0.5260633418224884,0.5260633418224884,0.16695474514636335,0.1413165496410715,0.5858569151012509,0.6621113176080053,-0.35910859667612505,0.35910859667612505
2c63a862,COSINE,FLOAT96_CENTERED,,0.4150533017552721,0.4150533017552721,0.0001515798416864724,-0.035992657447157614,0.4900441999910423,0.5802977987791634,-0.41490172191358565,0.41490172191358565
2ce6a0f2,HAMMING,SIGN96_CENTERED,,41.75,39.0,47.88655462184874,48.0,36.0,26.0,6.136554621848738,
2ce6a0f2,HAMMING,ITQ96_CENTERED,101.0,32.75,35.0,48.195378151260506,50.0,21.0,12.0,15.445378151260506,
2ce6a0f2,HAMMING,ITQ96_CENTERED,202.0,28.75,29.5,48.08613445378151,49.0,20.0,16.0,19.33613445378151,
2ce6a0f2,HAMMING,ITQ96_CENTERED,303.0,34.25,36.0,47.98109243697479,49.0,25.0,16.0,13.73109243697479,
2ce6a0f2,HAMMING,ITQ96_CENTERED,404.0,31.0,33.0,48.0735294117647,50.0,21.0,19.0,17.073529411764703,
2ce6a0f2,HAMMING,ITQ96_CENTERED,505.0,34.25,35.5,48.16596638655462,50.0,26.0,23.0,13.915966386554622,
2ce6a0f2,COSINE,FLOAT96_UNCENTERED,,0.5129418339343077,0.4904990709009658,0.14484958317545446,0.09987185605926074,0.6889266726884576,0.752942566435248,-0.3680922507588532,0.3680922507588532
2ce6a0f2,COSINE,FLOAT96_CENTERED,,0.4275390325213575,0.39855682759666955,-0.002872816513134135,-0.05583392006086304,0.632673224811194,0.6991546175194271,-0.43041184903449164,0.43041184903449164
2e6d26dc,HAMMING,SIGN96_CENTERED,,31.75,31.0,48.05510204081633,48.0,27.0,31.0,16.30510204081633,
2e6d26dc,HAMMING,ITQ96_CENTERED,101.0,30.75,34.0,48.2,50.0,12.0,9.0,17.450000000000003,
2e6d26dc,HAMMING,ITQ96_CENTERED,202.0,31.5,34.5,48.022448979591836,50.0,13.0,11.0,16.522448979591836,
2e6d26dc,HAMMING,ITQ96_CENTERED,303.0,30.5,34.0,48.17551020408163,49.5,14.0,12.0,17.675510204081633,
2e6d26dc,HAMMING,ITQ96_CENTERED,404.0,33.25,37.0,47.73265306122449,49.0,15.0,11.0,14.48265306122449,
2e6d26dc,HAMMING,ITQ96_CENTERED,505.0,30.0,34.5,47.93061224489796,49.0,13.0,12.0,17.930612244897958,
2e6d26dc,COSINE,FLOAT96_UNCENTERED,,0.5123005726379724,0.4777794895232589,0.09533834034684842,0.04939589950130598,0.8191106215507286,0.8626720558495836,-0.41696223229112395,0.41696223229112395
2e6d26dc,COSINE,FLOAT96_CENTERED,,0.46288885562177273,0.42530125234113514,-0.0022811129651979065,-0.04799656957346226,0.7947542029627316,0.8428904833859908,-0.46516996858697063,0.46516996858697063
2ebe6c90,HAMMING,SIGN96_CENTERED,,22.0,22.0,48.11594202898551,48.0,17.0,31.0,26.115942028985508,
2ebe6c90,HAMMING,ITQ96_CENTERED,101.0,9.5,9.5,47.88819875776397,49.0,9.0,13.0,38.38819875776397,
2ebe6c90,HAMMING,ITQ96_CENTERED,202.0,7.5,7.5,48.09730848861284,49.0,6.0,11.0,40.59730848861284,
2ebe6c90,HAMMING,ITQ96_CENTERED,303.0,10.0,10.0,47.886128364389236,49.0,10.0,14.0,37.886128364389236,
2ebe6c90,HAMMING,ITQ96_CENTERED,404.0,9.5,9.5,48.36645962732919,49.0,8.0,14.0,38.86645962732919,
2ebe6c90,HAMMING,ITQ96_CENTERED,505.0,9.0,9.0,48.0351966873706,49.0,9.0,10.0,39.0351966873706,
2ebe6c90,COSINE,FLOAT96_UNCENTERED,,0.8935025767932796,0.8935025767932796,0.06888070064313005,0.039299289543459785,0.9047164940978297,0.8453973176778183,-0.8246218761501496,0.8246218761501496
2ebe6c90,COSINE,FLOAT96_CENTERED,,0.8859275791909365,0.8859275791909365,-0.004158777772595535,-0.02896710943048964,0.8975178101461654,0.8358820976603185,-0.890086356963532,0.890086356963532
2ebe6c92,HAMMING,SIGN96_CENTERED,,58.5,58.5,48.261855670103095,48.0,57.0,36.0,-10.238144329896905,
2ebe6c92,HAMMING,ITQ96_CENTERED,101.0,40.0,40.0,47.68659793814433,49.0,40.0,28.0,7.686597938144331,
2ebe6c92,HAMMING,ITQ96_CENTERED,202.0,43.5,43.5,48.04536082474227,49.0,43.0,29.0,4.545360824742268,
2ebe6c92,HAMMING,ITQ96_CENTERED,303.0,40.5,40.5,48.39381443298969,50.0,38.0,29.0,7.893814432989693,
2ebe6c92,HAMMING,ITQ96_CENTERED,404.0,37.0,37.0,48.080412371134024,49.0,35.0,30.0,11.080412371134024,
2ebe6c92,HAMMING,ITQ96_CENTERED,505.0,41.0,41.0,47.876288659793815,49.0,41.0,31.0,6.876288659793815,
2ebe6c92,COSINE,FLOAT96_UNCENTERED,,0.3589020579795773,0.3589020579795773,0.12854793237991743,0.09766868301425519,0.3742466848623285,0.49291412946328894,-0.23035412559965987,0.23035412559965987
2ebe6c92,COSINE,FLOAT96_CENTERED,,0.2517638874225895,0.2517638874225895,-0.00046573918055192937,-0.03966949684487588,0.26826729365451046,0.42007089218087557,-0.2522296266031414,0.2522296266031414
311778f1,HAMMING,SIGN96_CENTERED,,13.0,13.0,47.84168336673347,48.0,13.0,20.0,34.84168336673347,
311778f1,HAMMING,ITQ96_CENTERED,101.0,10.0,10.0,48.10821643286573,49.0,10.0,12.0,38.10821643286573,
311778f1,HAMMING,ITQ96_CENTERED,202.0,8.0,8.0,48.08817635270541,49.0,8.0,10.0,40.08817635270541,
311778f1,HAMMING,ITQ96_CENTERED,303.0,10.0,10.0,47.97995991983968,49.0,10.0,12.0,37.97995991983968,
311778f1,HAMMING,ITQ96_CENTERED,404.0,11.0,11.0,48.14629258517034,49.0,11.0,15.0,37.14629258517034,
311778f1,HAMMING,ITQ96_CENTERED,505.0,15.0,15.0,47.86773547094188,48.0,15.0,15.0,32.86773547094188,
311778f1,COSINE,FLOAT96_UNCENTERED,,0.8705630611182341,0.8705630611182341,0.08961812680463542,0.06268305659941308,0.8705630611182341,0.8270728623836892,-0.7809449343135987,0.7809449343135987
311778f1,COSINE,FLOAT96_CENTERED,,0.8556453641056834,0.8556453641056834,-0.0013984768786283889,-0.022486622038927692,0.8556453641056834,0.8029451610912339,-0.8570438409843117,0.8570438409843117
32260d93,HAMMING,SIGN96_CENTERED,,32.0,32.0,47.96558317399617,49.0,32.0,29.0,15.965583173996173,
32260d93,HAMMING,ITQ96_CENTERED,101.0,28.0,28.0,48.376673040152966,49.0,28.0,18.0,20.376673040152966,
32260d93,HAMMING,ITQ96_CENTERED,202.0,28.0,28.0,47.96367112810707,49.0,28.0,20.0,19.963671128107073,
32260d93,HAMMING,ITQ96_CENTERED,303.0,27.0,27.0,48.2791586998088,49.0,27.0,20.0,21.279158699808796,
32260d93,HAMMING,ITQ96_CENTERED,404.0,26.0,26.0,48.103250478011475,49.0,26.0,21.0,22.103250478011475,
32260d93,HAMMING,ITQ96_CENTERED,505.0,33.0,33.0,48.01720841300191,48.0,33.0,21.0,15.01720841300191,
32260d93,COSINE,FLOAT96_UNCENTERED,,0.5723725295974254,0.5723725295974254,0.08002443659578945,0.04338198106557094,0.5723725295974254,0.6774980772918244,-0.4923480930016359,0.4923480930016359
32260d93,COSINE,FLOAT96_CENTERED,,0.5366376967036968,0.5366376967036968,-0.0022197208245148315,-0.034091869182200966,0.5366376967036968,0.6535335182671527,-0.5388574175282116,0.5388574175282116
3249768e,HAMMING,SIGN96_CENTERED,,22.0,22.0,48.151898734177216,48.0,22.0,16.0,26.151898734177216,
3249768e,HAMMING,ITQ96_CENTERED,101.0,11.0,11.0,48.360759493670884,49.0,11.0,9.0,37.360759493670884,
3249768e,HAMMING,ITQ96_CENTERED,202.0,4.0,4.0,48.01898734177215,49.0,4.0,7.0,44.01898734177215,
3249768e,HAMMING,ITQ96_CENTERED,303.0,8.0,8.0,48.07805907172996,49.0,8.0,8.0,40.07805907172996,
3249768e,HAMMING,ITQ96_CENTERED,404.0,11.0,11.0,48.12236286919831,49.0,11.0,11.0,37.12236286919831,
3249768e,HAMMING,ITQ96_CENTERED,505.0,5.0,5.0,48.029535864978904,49.0,5.0,7.0,43.029535864978904,
3249768e,COSINE,FLOAT96_UNCENTERED,,0.9207364579263102,0.9207364579263102,0.10484927679859116,0.07660070487618319,0.9207364579263102,0.904708107204603,-0.8158871811277191,0.8158871811277191
3249768e,COSINE,FLOAT96_CENTERED,,0.9126085618731156,0.9126085618731156,-0.002159541268645538,-0.032014623277482716,0.9126085618731156,0.8920816433565643,-0.9147681031417612,0.9147681031417612
352ab8bd,HAMMING,SIGN96_CENTERED,,13.0,13.0,47.75836431226766,48.0,13.0,15.0,34.75836431226766,
352ab8bd,HAMMING,ITQ96_CENTERED,101.0,0.0,0.0,48.12639405204461,49.0,0.0,0.0,48.12639405204461,
352ab8bd,HAMMING,ITQ96_CENTERED,202.0,1.0,1.0,47.88475836431227,48.0,1.0,1.0,46.88475836431227,
352ab8bd,HAMMING,ITQ96_CENTERED,303.0,0.0,0.0,48.28066914498141,49.0,0.0,0.0,48.28066914498141,
352ab8bd,HAMMING,ITQ96_CENTERED,404.0,0.0,0.0,48.33271375464684,49.0,0.0,0.0,48.33271375464684,
352ab8bd,HAMMING,ITQ96_CENTERED,505.0,0.0,0.0,48.36431226765799,49.0,0.0,0.0,48.36431226765799,
352ab8bd,COSINE,FLOAT96_UNCENTERED,,0.9757084687224309,0.9757084687224309,0.0488411954564509,0.032766429920152114,0.9757084687224309,0.9878995217549023,-0.92686727326598,0.92686727326598
352ab8bd,COSINE,FLOAT96_CENTERED,,0.9755551481418712,0.9755551481418712,-0.0030099039654275083,-0.013717939193003351,0.9755551481418712,0.987927054495003,-0.9785650521072987,0.9785650521072987
35a27287,HAMMING,SIGN96_CENTERED,,36.0,38.0,48.093023255813954,48.0,26.0,33.0,12.093023255813954,
35a27287,HAMMING,ITQ96_CENTERED,101.0,19.0,16.0,48.12984496124031,49.0,13.0,14.0,29.12984496124031,
35a27287,HAMMING,ITQ96_CENTERED,202.0,18.0,18.0,48.43798449612403,49.5,15.0,11.0,30.43798449612403,
35a27287,HAMMING,ITQ96_CENTERED,303.0,15.0,13.0,47.8062015503876,49.0,13.0,13.0,32.8062015503876,
35a27287,HAMMING,ITQ96_CENTERED,404.0,17.666666666666668,16.0,47.91279069767442,49.0,12.0,11.0,30.24612403100775,
35a27287,HAMMING,ITQ96_CENTERED,505.0,12.333333333333334,11.0,47.934108527131784,49.0,7.0,8.0,35.60077519379845,
35a27287,COSINE,FLOAT96_UNCENTERED,,0.7732402691543258,0.8057691661529798,0.10289677760326553,0.06477295109235337,0.8248423476653506,0.7982898587056138,-0.6703434915510602,0.6703434915510602
35a27287,COSINE,FLOAT96_CENTERED,,0.7489983111198972,0.7864953358329422,-0.004139915788835606,-0.04043698703323863,0.8072261326259716,0.7776617413662875,-0.7531382269087329,0.7531382269087329
36580ce8,HAMMING,SIGN96_CENTERED,,35.0,35.0,48.275735294117645,48.0,35.0,28.0,13.275735294117645,
36580ce8,HAMMING,ITQ96_CENTERED,101.0,40.0,40.0,47.75735294117647,48.0,40.0,17.0,7.757352941176471,
36580ce8,HAMMING,ITQ96_CENTERED,202.0,35.0,35.0,47.97610294117647,48.0,35.0,23.0,12.976102941176471,
36580ce8,HAMMING,ITQ96_CENTERED,303.0,44.0,44.0,47.9797794117647,48.0,44.0,19.0,3.979779411764703,
36580ce8,HAMMING,ITQ96_CENTERED,404.0,40.0,40.0,47.900735294117645,48.0,40.0,23.0,7.900735294117645,
36580ce8,HAMMING,ITQ96_CENTERED,505.0,40.0,40.0,47.876838235294116,48.0,40.0,19.0,7.876838235294116,
36580ce8,COSINE,FLOAT96_UNCENTERED,,0.34825515130917695,0.34825515130917695,0.14704124158543527,0.12498135600184501,0.34825515130917695,0.6657325307847326,-0.20121390972374167,0.20121390972374167
36580ce8,COSINE,FLOAT96_CENTERED,,0.19593880941977623,0.19593880941977623,-0.00021211729500318388,-0.019250288970250273,0.19593880941977623,0.6254970784961523,-0.1961509267147794,0.1961509267147794
36b9f61e,HAMMING,SIGN96_CENTERED,,40.0,39.0,48.110882956878854,48.0,37.0,21.0,8.110882956878854,
36b9f61e,HAMMING,ITQ96_CENTERED,101.0,21.0,22.0,47.94455852156057,49.0,17.0,11.0,26.944558521560573,
36b9f61e,HAMMING,ITQ96_CENTERED,202.0,21.0,23.0,48.431211498973305,49.0,16.0,12.0,27.431211498973305,
36b9f61e,HAMMING,ITQ96_CENTERED,303.0,21.333333333333332,22.0,47.95893223819302,49.0,16.0,8.0,26.62559890485969,
36b9f61e,HAMMING,ITQ96_CENTERED,404.0,19.666666666666668,17.0,48.347022587268995,50.0,16.0,8.0,28.680355920602327,
36b9f61e,HAMMING,ITQ96_CENTERED,505.0,21.666666666666668,24.0,48.121149897330596,49.0,15.0,13.0,26.45448323066393,
36b9f61e,COSINE,FLOAT96_UNCENTERED,,0.7088477349995231,0.7185942267970253,0.06289838152900634,0.030459623920364026,0.8269203602187676,0.8607945385251181,-0.6459493534705167,0.6459493534705167
36b9f61e,COSINE,FLOAT96_CENTERED,,0.6887917449413594,0.6963098277978234,-0.004414896140907295,-0.03240172164447521,0.8164022967937595,0.8526754273490283,-0.6932066410822667,0.6932066410822667
370a8ff4,HAMMING,SIGN96_CENTERED,,29.0,29.0,48.04032258064516,48.0,27.0,22.0,19.04032258064516,
370a8ff4,HAMMING,ITQ96_CENTERED,101.0,19.5,19.5,48.11693548387097,49.0,17.0,13.0,28.616935483870968,
370a8ff4,HAMMING,ITQ96_CENTERED,202.0,18.0,18.0,47.832661290322584,49.0,14.0,6.0,29.832661290322584,
370a8ff4,HAMMING,ITQ96_CENTERED,303.0,19.0,19.0,47.917338709677416,49.0,13.0,15.0,28.917338709677416,
370a8ff4,HAMMING,ITQ96_CENTERED,404.0,23.0,23.0,47.98588709677419,49.0,18.0,16.0,24.985887096774192,
370a8ff4,HAMMING,ITQ96_CENTERED,505.0,22.5,22.5,47.935483870967744,48.0,20.0,15.0,25.435483870967744,
370a8ff4,COSINE,FLOAT96_UNCENTERED,,0.7344398303366217,0.7344398303366217,0.08370460560454814,0.04662826743144505,0.7866662506597409,0.789659933070662,-0.6507352247320736,0.6507352247320736
370a8ff4,COSINE,FLOAT96_CENTERED,,0.7016916403043627,0.7016916403043627,-0.0013171383448057452,-0.034530818133424346,0.7649766077992988,0.7681800886346414,-0.7030087786491684,0.7030087786491684
37d43f65,HAMMING,SIGN96_CENTERED,,16.0,16.0,47.95676691729323,48.0,16.0,9.0,31.95676691729323,
37d43f65,HAMMING,ITQ96_CENTERED,101.0,5.0,5.0,47.77067669172932,49.0,5.0,4.0,42.77067669172932,
37d43f65,HAMMING,ITQ96_CENTERED,202.0,9.0,9.0,47.85338345864662,49.0,9.0,6.0,38.85338345864662,
37d43f65,HAMMING,ITQ96_CENTERED,303.0,7.0,7.0,48.18045112781955,49.0,7.0,6.0,41.18045112781955,
37d43f65,HAMMING,ITQ96_CENTERED,404.0,8.0,8.0,48.17293233082707,49.0,8.0,6.0,40.17293233082707,
37d43f65,HAMMING,ITQ96_CENTERED,505.0,7.0,7.0,48.067669172932334,49.0,7.0,5.0,41.067669172932334,
37d43f65,COSINE,FLOAT96_UNCENTERED,,0.903419153726349,0.903419153726349,0.055268355403921214,0.03699909902707474,0.903419153726349,0.9126639490393945,-0.8481507983224278,0.8481507983224278
37d43f65,COSINE,FLOAT96_CENTERED,,0.898717923436811,0.898717923436811,-0.002029266206895361,-0.020348420835470896,0.898717923436811,0.9090706312112166,-0.9007471896437064,0.9007471896437064
37f165cf,HAMMING,SIGN96_CENTERED,,23.0,23.0,47.39646017699115,48.0,22.0,22.0,24.396460176991148,
37f165cf,HAMMING,ITQ96_CENTERED,101.0,12.0,12.0,47.73805309734513,49.0,6.0,5.0,35.73805309734513,
37f165cf,HAMMING,ITQ96_CENTERED,202.0,15.0,15.0,48.17168141592921,49.0,12.0,10.0,33.17168141592921,
37f165cf,HAMMING,ITQ96_CENTERED,303.0,14.5,14.5,48.06902654867257,49.0,9.0,7.0,33.56902654867257,
37f165cf,HAMMING,ITQ96_CENTERED,404.0,13.0,13.0,48.017699115044245,49.0,8.0,4.0,35.017699115044245,
37f165cf,HAMMING,ITQ96_CENTERED,505.0,15.5,15.5,47.98938053097345,49.0,11.0,6.0,32.48938053097345,
37f165cf,COSINE,FLOAT96_UNCENTERED,,0.8273485632537644,0.8273485632537644,0.0591127111334761,0.027864651571742435,0.8735717064542754,0.914237792134577,-0.7682358521202883,0.7682358521202883
37f165cf,COSINE,FLOAT96_CENTERED,,0.8179986339727487,0.8179986339727487,-0.0033010945538675296,-0.03157277073629003,0.8690101643746198,0.9097837814312405,-0.8212997285266163,0.8212997285266163
38146c39,HAMMING,SIGN96_CENTERED,,44.0,44.0,47.51582867783985,48.0,44.0,32.0,3.515828677839849,
38146c39,HAMMING,ITQ96_CENTERED,101.0,54.0,54.0,47.59217877094972,49.0,54.0,27.0,-6.407821229050278,
38146c39,HAMMING,ITQ96_CENTERED,202.0,45.0,45.0,48.00931098696462,49.0,45.0,29.0,3.0093109869646213,
38146c39,HAMMING,ITQ96_CENTERED,303.0,47.0,47.0,48.06145251396648,49.0,47.0,27.0,1.0614525139664792,
38146c39,HAMMING,ITQ96_CENTERED,404.0,46.0,46.0,47.73184357541899,48.0,46.0,27.0,1.731843575418992,
38146c39,HAMMING,ITQ96_CENTERED,505.0,52.0,52.0,48.279329608938546,49.0,52.0,26.0,-3.7206703910614536,
38146c39,COSINE,FLOAT96_UNCENTERED,,0.18284659662147384,0.18284659662147384,0.17188799341160763,0.13901813137567165,0.18284659662147384,0.615663187580691,-0.010958603209866219,0.010958603209866219
38146c39,COSINE,FLOAT96_CENTERED,,0.01691536538452762,0.01691536538452762,0.0016733889638192543,-0.036316424908773445,0.01691536538452762,0.5220846971583242,-0.015241976420708365,0.015241976420708365
3a704032,HAMMING,SIGN96_CENTERED,,41.0,41.0,47.882599580712785,48.0,31.0,28.0,6.882599580712785,
3a704032,HAMMING,ITQ96_CENTERED,101.0,35.0,35.0,48.0,49.0,32.0,23.0,13.0,
3a704032,HAMMING,ITQ96_CENTERED,202.0,35.0,35.0,48.071278825995805,50.0,32.0,22.0,13.071278825995805,
3a704032,HAMMING,ITQ96_CENTERED,303.0,37.5,37.5,48.25157232704402,49.0,35.0,17.0,10.751572327044023,
3a704032,HAMMING,ITQ96_CENTERED,404.0,38.0,38.0,48.15094339622642,49.0,34.0,23.0,10.150943396226417,
3a704032,HAMMING,ITQ96_CENTERED,505.0,38.5,38.5,48.073375262054505,48.0,36.0,23.0,9.573375262054505,
3a704032,COSINE,FLOAT96_UNCENTERED,,0.3842614346801348,0.3842614346801348,0.1096280900776818,0.07138538852655106,0.5026959865298218,0.6671659797579219,-0.274633344602453,0.274633344602453
3a704032,COSINE,FLOAT96_CENTERED,,0.32344601718066607,0.32344601718066607,-0.0010306805261614744,-0.042207411799301764,0.4496647867489421,0.6202888622055116,-0.3244766977068275,0.3244766977068275
3b6f954b,HAMMING,SIGN96_CENTERED,,17.0,17.0,48.02985074626866,48.0,17.0,14.0,31.029850746268657,
3b6f954b,HAMMING,ITQ96_CENTERED,101.0,22.0,22.0,48.24946695095949,49.0,22.0,20.0,26.249466950959487,
3b6f954b,HAMMING,ITQ96_CENTERED,202.0,18.0,18.0,48.11513859275053,48.0,18.0,19.0,30.115138592750533,
3b6f954b,HAMMING,ITQ96_CENTERED,303.0,15.0,15.0,47.73560767590618,48.0,15.0,16.0,32.73560767590618,
3b6f954b,HAMMING,ITQ96_CENTERED,404.0,19.0,19.0,47.81023454157783,48.0,19.0,19.0,28.810234541577827,
3b6f954b,HAMMING,ITQ96_CENTERED,505.0,20.0,20.0,48.30277185501066,48.0,20.0,19.0,28.30277185501066,
3b6f954b,COSINE,FLOAT96_UNCENTERED,,0.7150839205419132,0.7150839205419132,0.10654057901822273,0.09249335909959294,0.7150839205419132,0.7968198025156095,-0.6085433415236905,0.6085433415236905
3b6f954b,COSINE,FLOAT96_CENTERED,,0.6729937802133591,0.6729937802133591,0.00014274122270759663,-0.022963194201865104,0.6729937802133591,0.7587490211562944,-0.6728510389906515,0.6728510389906515
3ba21379,HAMMING,SIGN96_CENTERED,,39.0,39.0,48.18881118881119,48.0,34.0,28.0,9.188811188811187,
3ba21379,HAMMING,ITQ96_CENTERED,101.0,30.0,30.0,48.24475524475525,49.0,27.0,20.0,18.244755244755247,
3ba21379,HAMMING,ITQ96_CENTERED,202.0,30.5,30.5,48.15617715617716,49.0,30.0,16.0,17.656177156177158,
3ba21379,HAMMING,ITQ96_CENTERED,303.0,31.0,31.0,48.214452214452216,49.0,26.0,17.0,17.214452214452216,
3ba21379,HAMMING,ITQ96_CENTERED,404.0,26.0,26.0,48.282051282051285,49.0,20.0,21.0,22.282051282051285,
3ba21379,HAMMING,ITQ96_CENTERED,505.0,28.5,28.5,48.121212121212125,49.0,24.0,19.0,19.621212121212125,
3ba21379,COSINE,FLOAT96_UNCENTERED,,0.5267487303298328,0.5267487303298328,0.12158512390487758,0.08704256505011182,0.623160867618631,0.7501731016258992,-0.40516360642495525,0.40516360642495525
3ba21379,COSINE,FLOAT96_CENTERED,,0.4677269365069153,0.4677269365069153,-0.0014689398684102754,-0.036680788008537225,0.5775428727917203,0.7070388184815943,-0.4691958763753256,0.4691958763753256
3c1045c8,HAMMING,SIGN96_CENTERED,,25.0,25.0,48.28148148148148,49.0,19.0,26.0,23.281481481481478,
3c1045c8,HAMMING,ITQ96_CENTERED,101.0,34.0,34.0,47.85,49.0,20.0,20.0,13.850000000000001,
3c1045c8,HAMMING,ITQ96_CENTERED,202.0,29.5,29.5,47.83888888888889,49.0,17.0,19.0,18.33888888888889,
3c1045c8,HAMMING,ITQ96_CENTERED,303.0,33.0,33.0,47.97962962962963,49.0,20.0,20.0,14.979629629629628,
3c1045c8,HAMMING,ITQ96_CENTERED,404.0,31.0,31.0,48.22592592592593,49.0,16.0,20.0,17.225925925925928,
3c1045c8,HAMMING,ITQ96_CENTERED,505.0,32.5,32.5,48.092592592592595,49.0,20.0,22.0,15.592592592592595,
3c1045c8,COSINE,FLOAT96_UNCENTERED,,0.486156333097136,0.486156333097136,0.08662748273663633,0.053869611967736,0.7722273816157332,0.6922608648402977,-0.3995288503604997,0.3995288503604997
3c1045c8,COSINE,FLOAT96_CENTERED,,0.42553406729442617,0.42553406729442617,-0.001608048223585786,-0.037993247935517935,0.7452167729369221,0.6607087820232201,-0.42714211551801196,0.42714211551801196
3d86fd0a,HAMMING,SIGN96_CENTERED,,31.0,31.0,47.81142857142857,48.0,31.0,23.0,16.81142857142857,
3d86fd0a,HAMMING,ITQ96_CENTERED,101.0,20.0,20.0,48.184761904761906,49.0,20.0,11.0,28.184761904761906,
3d86fd0a,HAMMING,ITQ96_CENTERED,202.0,14.0,14.0,47.881904761904764,49.0,14.0,5.0,33.881904761904764,
3d86fd0a,HAMMING,ITQ96_CENTERED,303.0,19.0,19.0,48.2552380952381,49.0,19.0,10.0,29.2552380952381,
3d86fd0a,HAMMING,ITQ96_CENTERED,404.0,14.0,14.0,47.86666666666667,48.0,14.0,8.0,33.86666666666667,
3d86fd0a,HAMMING,ITQ96_CENTERED,505.0,20.0,20.0,48.02285714285714,49.0,20.0,9.0,28.02285714285714,
3d86fd0a,COSINE,FLOAT96_UNCENTERED,,0.7128379499435572,0.7128379499435572,0.069850588701161,0.042627184318566075,0.7128379499435572,0.8520074479890297,-0.6429873612423962,0.6429873612423962
3d86fd0a,COSINE,FLOAT96_CENTERED,,0.6962671010279711,0.6962671010279711,-0.0010936628727537302,-0.03385248284551032,0.6962671010279711,0.8401052496194288,-0.6973607639007248,0.6973607639007248
3e321797,HAMMING,SIGN96_CENTERED,,18.0,18.0,48.58691206543967,49.0,18.0,26.0,30.58691206543967,
3e321797,HAMMING,ITQ96_CENTERED,101.0,22.0,22.0,47.95501022494888,49.0,22.0,4.0,25.95501022494888,
3e321797,HAMMING,ITQ96_CENTERED,202.0,17.0,17.0,47.895705521472394,49.0,17.0,10.0,30.895705521472394,
3e321797,HAMMING,ITQ96_CENTERED,303.0,17.0,17.0,47.9959100204499,49.0,17.0,9.0,30.995910020449898,
3e321797,HAMMING,ITQ96_CENTERED,404.0,18.0,18.0,47.74233128834356,48.0,18.0,11.0,29.742331288343557,
3e321797,HAMMING,ITQ96_CENTERED,505.0,19.0,19.0,47.96114519427403,49.0,19.0,8.0,28.96114519427403,
3e321797,COSINE,FLOAT96_UNCENTERED,,0.8206290927564313,0.8206290927564313,0.09475565648661813,0.07354898467526705,0.8206290927564313,0.8401758316666704,-0.7258734362698132,0.7258734362698132
3e321797,COSINE,FLOAT96_CENTERED,,0.8005095398965256,0.8005095398965256,-0.0021076815539930313,-0.021005748093592277,0.8005095398965256,0.8290951338749114,-0.8026172214505186,0.8026172214505186
3f1e9474,HAMMING,SIGN96_CENTERED,,23.0,23.0,47.916342412451364,48.0,23.0,26.0,24.916342412451364,
3f1e9474,HAMMING,ITQ96_CENTERED,101.0,20.0,20.0,48.009727626459146,49.0,20.0,17.0,28.009727626459146,
3f1e9474,HAMMING,ITQ96_CENTERED,202.0,20.0,20.0,48.099221789883266,49.0,20.0,19.0,28.099221789883266,
3f1e9474,HAMMING,ITQ96_CENTERED,303.0,23.0,23.0,47.69844357976654,48.0,23.0,18.0,24.69844357976654,
3f1e9474,HAMMING,ITQ96_CENTERED,404.0,17.0,17.0,48.34630350194553,50.0,17.0,18.0,31.346303501945528,
3f1e9474,HAMMING,ITQ96_CENTERED,505.0,19.0,19.0,47.68677042801556,49.0,19.0,17.0,28.686770428015564,
3f1e9474,COSINE,FLOAT96_UNCENTERED,,0.7301301056111004,0.7301301056111004,0.09529432678117372,0.06233724447888687,0.7301301056111004,0.7255419012921149,-0.6348357788299266,0.6348357788299266
3f1e9474,COSINE,FLOAT96_CENTERED,,0.6893834000758453,0.6893834000758453,-0.0005017141868559115,-0.03514829503179134,0.6893834000758453,0.685072285187518,-0.6898851142627013,0.6898851142627013
3fdac837,HAMMING,SIGN96_CENTERED,,33.5,33.5,47.67849223946785,48.0,32.0,22.0,14.17849223946785,
3fdac837,HAMMING,ITQ96_CENTERED,101.0,24.0,24.0,47.93791574279379,49.0,12.0,11.0,23.93791574279379,
3fdac837,HAMMING,ITQ96_CENTERED,202.0,25.0,25.0,48.19290465631929,49.0,16.0,12.0,23.192904656319293,
3fdac837,HAMMING,ITQ96_CENTERED,303.0,30.5,30.5,48.08203991130821,49.0,25.0,13.0,17.582039911308208,
3fdac837,HAMMING,ITQ96_CENTERED,404.0,22.5,22.5,48.212860310421284,49.0,12.0,13.0,25.712860310421284,
3fdac837,HAMMING,ITQ96_CENTERED,505.0,25.0,25.0,48.0509977827051,49.0,19.0,14.0,23.050997782705103,
3fdac837,COSINE,FLOAT96_UNCENTERED,,0.6335411980057661,0.6335411980057661,0.1008693960770223,0.06794712973895321,0.7721152103875344,0.8511057046128261,-0.5326718019287439,0.5326718019287439
3fdac837,COSINE,FLOAT96_CENTERED,,0.5967793870211358,0.5967793870211358,-0.0020845000634943226,-0.03612838557961626,0.7477485591757441,0.8340320294575313,-0.5988638870846301,0.5988638870846301
3fe836c9,HAMMING,SIGN96_CENTERED,,29.0,29.0,48.32214765100671,48.0,25.0,25.0,19.32214765100671,
3fe836c9,HAMMING,ITQ96_CENTERED,101.0,29.5,29.5,48.14093959731544,49.0,23.0,26.0,18.640939597315437,
3fe836c9,HAMMING,ITQ96_CENTERED,202.0,30.5,30.5,48.25503355704698,49.0,22.0,21.0,17.75503355704698,
3fe836c9,HAMMING,ITQ96_CENTERED,303.0,30.5,30.5,47.950782997762865,49.0,27.0,25.0,17.450782997762865,
3fe836c9,HAMMING,ITQ96_CENTERED,404.0,26.5,26.5,48.0,50.0,22.0,23.0,21.5,
3fe836c9,HAMMING,ITQ96_CENTERED,505.0,30.0,30.0,48.257270693512304,49.0,25.0,22.0,18.257270693512304,
3fe836c9,COSINE,FLOAT96_UNCENTERED,,0.5857861170559251,0.5857861170559251,0.08576879420776592,0.04228563154522941,0.6986999634897991,0.6443515828224571,-0.5000173228481591,0.5000173228481591
3fe836c9,COSINE,FLOAT96_CENTERED,,0.5514629366943347,0.5514629366943347,-0.0033540165563261067,-0.04178827127973188,0.6668320797233356,0.5969213810826721,-0.5548169532506607,0.5548169532506607
4100d0a0,HAMMING,SIGN96_CENTERED,,22.0,22.0,47.54980842911878,48.0,22.0,15.0,25.549808429118777,
4100d0a0,HAMMING,ITQ96_CENTERED,101.0,14.0,14.0,48.1360153256705,49.0,14.0,7.0,34.1360153256705,
4100d0a0,HAMMING,ITQ96_CENTERED,202.0,11.0,11.0,48.00191570881226,49.0,11.0,7.0,37.00191570881226,
4100d0a0,HAMMING,ITQ96_CENTERED,303.0,9.0,9.0,48.07854406130268,49.0,9.0,9.0,39.07854406130268,
4100d0a0,HAMMING,ITQ96_CENTERED,404.0,10.0,10.0,47.833333333333336,48.0,10.0,5.0,37.833333333333336,
4100d0a0,HAMMING,ITQ96_CENTERED,505.0,9.0,9.0,47.85057471264368,49.0,9.0,10.0,38.85057471264368,
4100d0a0,COSINE,FLOAT96_UNCENTERED,,0.8471601163044161,0.8471601163044161,0.053853867927212785,0.023131528422047208,0.8471601163044161,0.8894661371367095,-0.7933062483772033,0.7933062483772033
4100d0a0,COSINE,FLOAT96_CENTERED,,0.8392904710839001,0.8392904710839001,-0.0018177257007182207,-0.031336380600270095,0.8392904710839001,0.8831079788670433,-0.8411081967846183,0.8411081967846183
41275add,HAMMING,SIGN96_CENTERED,,16.0,16.0,48.322641509433964,48.0,16.0,25.0,32.322641509433964,
41275add,HAMMING,ITQ96_CENTERED,101.0,23.0,23.0,48.31320754716981,49.0,23.0,29.0,25.31320754716981,
41275add,HAMMING,ITQ96_CENTERED,202.0,23.0,23.0,48.239622641509435,49.0,23.0,28.0,25.239622641509435,
41275add,HAMMING,ITQ96_CENTERED,303.0,27.0,27.0,47.80943396226415,49.0,27.0,25.0,20.80943396226415,
41275add,HAMMING,ITQ96_CENTERED,404.0,20.0,20.0,47.99811320754717,49.0,20.0,24.0,27.99811320754717,
41275add,HAMMING,ITQ96_CENTERED,505.0,20.0,20.0,47.971698113207545,49.0,20.0,23.0,27.971698113207545,
41275add,COSINE,FLOAT96_UNCENTERED,,0.743984885962288,0.743984885962288,0.1358995420276273,0.1043129779746531,0.743984885962288,0.6038241209356751,-0.6080853439346606,0.6080853439346606
41275add,COSINE,FLOAT96_CENTERED,,0.6943951889495952,0.6943951889495952,0.00017131485018509671,-0.03977582044300848,0.6943951889495952,0.5251892754521348,-0.6942238740994101,0.6942238740994101
41698283,HAMMING,SIGN96_CENTERED,,40.5,40.5,47.54641350210971,48.0,38.0,21.0,7.046413502109708,
41698283,HAMMING,ITQ96_CENTERED,101.0,26.0,26.0,48.151898734177216,50.0,23.0,18.0,22.151898734177216,
41698283,HAMMING,ITQ96_CENTERED,202.0,26.0,26.0,48.07172995780591,49.0,25.0,18.0,22.071729957805907,
41698283,HAMMING,ITQ96_CENTERED,303.0,25.5,25.5,47.86708860759494,49.0,20.0,21.0,22.367088607594937,
41698283,HAMMING,ITQ96_CENTERED,404.0,23.5,23.5,48.0,49.0,22.0,20.0,24.5,
41698283,HAMMING,ITQ96_CENTERED,505.0,20.5,20.5,48.21308016877637,49.0,19.0,20.0,27.713080168776372,
41698283,COSINE,FLOAT96_UNCENTERED,,0.6828818119066354,0.6828818119066354,0.10871429324959272,0.07070656313886309,0.7308097104197515,0.7278674628648634,-0.5741675186570427,0.5741675186570427
41698283,COSINE,FLOAT96_CENTERED,,0.6386048508863056,0.6386048508863056,-0.001592771072870415,-0.048862309477778934,0.6889457406607276,0.6805728360492399,-0.640197621959176,0.640197621959176
42ec0761,HAMMING,SIGN96_CENTERED,,24.0,24.0,47.335260115606935,48.0,20.0,21.0,23.335260115606935,
42ec0761,HAMMING,ITQ96_CENTERED,101.0,17.0,17.0,48.104046242774565,49.0,14.0,12.0,31.104046242774565,
42ec0761,HAMMING,ITQ96_CENTERED,202.0,17.5,17.5,48.227360308285164,49.0,17.0,14.0,30.727360308285164,
42ec0761,HAMMING,ITQ96_CENTERED,303.0,16.0,16.0,48.15992292870906,49.0,9.0,13.0,32.15992292870906,
42ec0761,HAMMING,ITQ96_CENTERED,404.0,17.0,17.0,48.140655105973025,49.0,14.0,12.0,31.140655105973025,
42ec0761,HAMMING,ITQ96_CENTERED,505.0,19.5,19.5,48.11175337186898,48.0,19.0,19.0,28.61175337186898,
42ec0761,COSINE,FLOAT96_UNCENTERED,,0.7962148227640993,0.7962148227640993,0.05640666046015901,0.027612180316388107,0.8335591826553113,0.8336548698485706,-0.7398081623039403,0.7398081623039403
42ec0761,COSINE,FLOAT96_CENTERED,,0.7823747643960928,0.7823747643960928,-0.0026605886313422556,-0.02765591596873936,0.8222100625750994,0.8237121708190553,-0.785035353027435,0.785035353027435
4388e9dd,HAMMING,SIGN96_CENTERED,,28.0,28.0,48.06512605042017,48.0,28.0,21.0,20.06512605042017,
4388e9dd,HAMMING,ITQ96_CENTERED,101.0,7.0,7.0,48.180672268907564,49.0,7.0,7.0,41.180672268907564,
4388e9dd,HAMMING,ITQ96_CENTERED,202.0,9.0,9.0,48.22268907563025,48.0,9.0,9.0,39.22268907563025,
4388e9dd,HAMMING,ITQ96_CENTERED,303.0,14.0,14.0,48.02521008403362,48.0,14.0,13.0,34.02521008403362,
4388e9dd,HAMMING,ITQ96_CENTERED,404.0,8.0,8.0,47.75,48.5,8.0,8.0,39.75,
4388e9dd,HAMMING,ITQ96_CENTERED,505.0,15.0,15.0,48.378151260504204,48.0,15.0,12.0,33.378151260504204,
4388e9dd,COSINE,FLOAT96_UNCENTERED,,0.8197358744620424,0.8197358744620424,0.09146064010930191,0.06249011555206352,0.8197358744620424,0.8452489622764847,-0.7282752343527406,0.7282752343527406
4388e9dd,COSINE,FLOAT96_CENTERED,,0.8005590839292088,0.8005590839292088,-0.0020192718484384666,-0.02699827391124153,0.8005590839292088,0.8303892517937504,-0.8025783557776472,0.8025783557776472
45dc21b6,HAMMING,SIGN96_CENTERED,,15.5,15.5,49.07867494824016,49.0,15.0,29.0,33.57867494824016,
45dc21b6,HAMMING,ITQ96_CENTERED,101.0,16.0,16.0,47.997929606625256,49.0,15.0,28.0,31.997929606625256,
45dc21b6,HAMMING,ITQ96_CENTERED,202.0,16.5,16.5,48.31262939958592,49.0,14.0,21.0,31.812629399585923,
45dc21b6,HAMMING,ITQ96_CENTERED,303.0,16.0,16.0,48.62111801242236,49.0,16.0,24.0,32.62111801242236,
45dc21b6,HAMMING,ITQ96_CENTERED,404.0,13.5,13.5,47.91925465838509,49.0,11.0,23.0,34.41925465838509,
45dc21b6,HAMMING,ITQ96_CENTERED,505.0,14.5,14.5,48.39544513457557,49.0,13.0,25.0,33.89544513457557,
45dc21b6,COSINE,FLOAT96_UNCENTERED,,0.8339880071677286,0.8339880071677286,0.05217332196943275,0.021292240075349432,0.8401049437337607,0.6122414479431526,-0.7818146851982959,0.7818146851982959
45dc21b6,COSINE,FLOAT96_CENTERED,,0.823597733984969,0.823597733984969,-0.00402493080185919,-0.024697894642872035,0.8303399816934719,0.5819158665595157,-0.8276226647868282,0.8276226647868282
46a3abf7,HAMMING,SIGN96_CENTERED,,43.333333333333336,48.0,47.78,48.0,34.0,33.0,4.446666666666665,
46a3abf7,HAMMING,ITQ96_CENTERED,101.0,32.333333333333336,36.0,48.11,50.0,25.0,17.0,15.776666666666664,
46a3abf7,HAMMING,ITQ96_CENTERED,202.0,28.333333333333332,28.0,48.178,49.0,25.0,20.0,19.844666666666665,
46a3abf7,HAMMING,ITQ96_CENTERED,303.0,32.333333333333336,34.0,48.102,49.0,26.0,20.0,15.768666666666661,
46a3abf7,HAMMING,ITQ96_CENTERED,404.0,31.333333333333332,33.0,47.81,49.0,25.0,19.0,16.47666666666667,
46a3abf7,HAMMING,ITQ96_CENTERED,505.0,28.666666666666668,32.0,47.996,50.0,20.0,20.0,19.329333333333334,
46a3abf7,COSINE,FLOAT96_UNCENTERED,,0.5134493484180715,0.454551249744566,0.14683275274850033,0.11031094464416602,0.639790528461108,0.7097760702046312,-0.3666165956695712,0.3666165956695712
46a3abf7,COSINE,FLOAT96_CENTERED,,0.4312381218416621,0.3662458093062509,-0.0008267839806737953,-0.049059226709632545,0.5680234149690115,0.6496491921113655,-0.4320649058223359,0.4320649058223359
488d3006,HAMMING,SIGN96_CENTERED,,14.0,14.0,47.62007874015748,48.0,14.0,11.0,33.62007874015748,
488d3006,HAMMING,ITQ96_CENTERED,101.0,2.0,2.0,48.05118110236221,49.0,2.0,4.0,46.05118110236221,
488d3006,HAMMING,ITQ96_CENTERED,202.0,2.0,2.0,47.931102362204726,49.0,2.0,3.0,45.931102362204726,
488d3006,HAMMING,ITQ96_CENTERED,303.0,3.0,3.0,47.931102362204726,49.0,3.0,3.0,44.931102362204726,
488d3006,HAMMING,ITQ96_CENTERED,404.0,0.0,0.0,47.93700787401575,49.0,0.0,0.0,47.93700787401575,
488d3006,HAMMING,ITQ96_CENTERED,505.0,1.0,1.0,48.025590551181104,49.0,1.0,0.0,47.025590551181104,
488d3006,COSINE,FLOAT96_UNCENTERED,,0.9626587977570009,0.9626587977570009,0.07533841968631985,0.044751898570942285,0.9626587977570009,0.9391959467321525,-0.8873203780706811,0.8873203780706811
488d3006,COSINE,FLOAT96_CENTERED,,0.960191710079297,0.960191710079297,-0.002220652727657219,-0.027915483301805225,0.960191710079297,0.9347557313965978,-0.9624123628069543,0.9624123628069543
4adc0475,HAMMING,SIGN96_CENTERED,,20.5,20.5,48.29303278688525,49.0,17.0,24.0,27.79303278688525,
4adc0475,HAMMING,ITQ96_CENTERED,101.0,15.5,15.5,47.97336065573771,49.0,14.0,19.0,32.47336065573771,
4adc0475,HAMMING,ITQ96_CENTERED,202.0,14.0,14.0,47.79303278688525,48.0,11.0,14.0,33.79303278688525,
4adc0475,HAMMING,ITQ96_CENTERED,303.0,16.0,16.0,48.21311475409836,48.0,14.0,13.0,32.21311475409836,
4adc0475,HAMMING,ITQ96_CENTERED,404.0,11.5,11.5,47.97336065573771,49.0,9.0,15.0,36.47336065573771,
4adc0475,HAMMING,ITQ96_CENTERED,505.0,18.5,18.5,48.075819672131146,49.0,18.0,17.0,29.575819672131146,
4adc0475,COSINE,FLOAT96_UNCENTERED,,0.8061527247954127,0.8061527247954127,0.08088650966434344,0.05767566831865764,0.8427309958312365,0.7481455730547937,-0.7252662151310693,0.7252662151310693
4adc0475,COSINE,FLOAT96_CENTERED,,0.7890188124263158,0.7890188124263158,-0.0028170528336244395,-0.014483628521964694,0.8310318865368251,0.7254602659578452,-0.7918358652599402,0.7918358652599402
4b24c848,HAMMING,SIGN96_CENTERED,,23.0,23.0,48.0390625,48.0,22.0,17.0,25.0390625,
4b24c848,HAMMING,ITQ96_CENTERED,101.0,18.5,18.5,48.294921875,49.0,17.0,12.0,29.794921875,
4b24c848,HAMMING,ITQ96_CENTERED,202.0,18.5,18.5,48.142578125,49.5,17.0,15.0,29.642578125,
4b24c848,HAMMING,ITQ96_CENTERED,303.0,18.0,18.0,48.064453125,49.0,17.0,13.0,30.064453125,
4b24c848,HAMMING,ITQ96_CENTERED,404.0,19.0,19.0,47.951171875,49.0,18.0,14.0,28.951171875,
4b24c848,HAMMING,ITQ96_CENTERED,505.0,19.5,19.5,48.095703125,49.0,19.0,18.0,28.595703125,
4b24c848,COSINE,FLOAT96_UNCENTERED,,0.7498276399039523,0.7498276399039523,0.06296643185544522,0.025736009226591812,0.7760726348170808,0.8389709354086584,-0.686861208048507,0.686861208048507
4b24c848,COSINE,FLOAT96_CENTERED,,0.7324378346335665,0.7324378346335665,-0.0031783371042508283,-0.0290185043763243,0.7616092932669415,0.8276516254973844,-0.7356161717378173,0.7356161717378173
4baee567,HAMMING,SIGN96_CENTERED,,12.0,12.0,47.500974658869396,48.0,12.0,12.0,35.500974658869396,
4baee567,HAMMING,ITQ96_CENTERED,101.0,4.0,4.0,48.10526315789474,49.0,4.0,4.0,44.10526315789474,
4baee567,HAMMING,ITQ96_CENTERED,202.0,3.0,3.0,48.16959064327485,49.0,3.0,3.0,45.16959064327485,
4baee567,HAMMING,ITQ96_CENTERED,303.0,2.0,2.0,48.14035087719298,49.0,2.0,2.0,46.14035087719298,
4baee567,HAMMING,ITQ96_CENTERED,404.0,3.0,3.0,48.03508771929825,49.0,3.0,3.0,45.03508771929825,
4baee567,HAMMING,ITQ96_CENTERED,505.0,3.0,3.0,48.01754385964912,48.0,3.0,3.0,45.01754385964912,
4baee567,COSINE,FLOAT96_UNCENTERED,,0.9358667464180052,0.9358667464180052,0.0750459104667184,0.05645890783246911,0.9358667464180052,0.9329689766478917,-0.8608208359512868,0.8608208359512868
4baee567,COSINE,FLOAT96_CENTERED,,0.9342349819273434,0.9342349819273434,-0.0034358287389872396,-0.019734393396609467,0.9342349819273434,0.9311870674810021,-0.9376708106663307,0.9376708106663307
4bc144e2,HAMMING,SIGN96_CENTERED,,32.5,32.5,47.928030303030305,48.0,28.0,25.0,15.428030303030305,
4bc144e2,HAMMING,ITQ96_CENTERED,101.0,20.0,20.0,48.08901515151515,49.0,14.0,11.0,28.08901515151515,
4bc144e2,HAMMING,ITQ96_CENTERED,202.0,23.0,23.0,48.520833333333336,49.0,15.0,6.0,25.520833333333336,
4bc144e2,HAMMING,ITQ96_CENTERED,303.0,20.5,20.5,48.19318181818182,49.0,12.0,5.0,27.69318181818182,
4bc144e2,HAMMING,ITQ96_CENTERED,404.0,23.0,23.0,48.240530303030305,49.0,13.0,8.0,25.240530303030305,
4bc144e2,HAMMING,ITQ96_CENTERED,505.0,20.5,20.5,48.30113636363637,49.0,12.0,7.0,27.801136363636367,
4bc144e2,COSINE,FLOAT96_UNCENTERED,,0.7065504065157744,0.7065504065157744,0.061743322987747554,0.032334522643362805,0.8029002675950027,0.904370405443933,-0.6448070835280268,0.6448070835280268
4bc144e2,COSINE,FLOAT96_CENTERED,,0.6879137556993615,0.6879137556993615,-0.0030783883977563795,-0.026042284550562865,0.7896826941619884,0.8996571537188677,-0.690992144097118,0.690992144097118
4c36ccef,HAMMING,SIGN96_CENTERED,,33.0,33.0,48.41923076923077,49.0,33.0,17.0,15.419230769230772,
4c36ccef,HAMMING,ITQ96_CENTERED,101.0,10.0,10.0,47.792307692307695,48.0,10.0,5.0,37.792307692307695,
4c36ccef,HAMMING,ITQ96_CENTERED,202.0,17.0,17.0,48.14807692307692,49.0,17.0,12.0,31.14807692307692,
4c36ccef,HAMMING,ITQ96_CENTERED,303.0,9.0,9.0,48.190384615384616,49.0,9.0,9.0,39.190384615384616,
4c36ccef,HAMMING,ITQ96_CENTERED,404.0,11.0,11.0,48.13461538461539,49.0,11.0,9.0,37.13461538461539,
4c36ccef,HAMMING,ITQ96_CENTERED,505.0,12.0,12.0,47.86923076923077,49.0,12.0,7.0,35.86923076923077,
4c36ccef,COSINE,FLOAT96_UNCENTERED,,0.8312463178884051,0.8312463178884051,0.06466249047318304,0.032120204960739925,0.8312463178884051,0.8848605249680788,-0.766583827415222,0.766583827415222
4c36ccef,COSINE,FLOAT96_CENTERED,,0.8195032533364917,0.8195032533364917,-0.0027425015377903787,-0.0291600540826187,0.8195032533364917,0.8803182720243167,-0.8222457548742821,0.8222457548742821
4d6b87c8,HAMMING,SIGN96_CENTERED,,26.0,26.0,47.721789883268485,48.0,21.0,16.0,21.721789883268485,
4d6b87c8,HAMMING,ITQ96_CENTERED,101.0,22.5,22.5,48.05642023346304,49.0,12.0,13.0,25.556420233463037,
4d6b87c8,HAMMING,ITQ96_CENTERED,202.0,19.0,19.0,48.02723735408561,50.0,11.0,9.0,29.027237354085607,
4d6b87c8,HAMMING,ITQ96_CENTERED,303.0,19.0,19.0,48.01750972762646,49.0,10.0,11.0,29.01750972762646,
4d6b87c8,HAMMING,ITQ96_CENTERED,404.0,19.5,19.5,48.17704280155642,49.0,7.0,8.0,28.677042801556418,
4d6b87c8,HAMMING,ITQ96_CENTERED,505.0,20.5,20.5,48.04669260700389,49.0,11.0,13.0,27.54669260700389,
4d6b87c8,COSINE,FLOAT96_UNCENTERED,,0.7295283268953584,0.7295283268953584,0.06434217354979713,0.022405250020979494,0.8782798127024696,0.822178991987385,-0.6651861533455613,0.6651861533455613
4d6b87c8,COSINE,FLOAT96_CENTERED,,0.7083056007092081,0.7083056007092081,-0.0027514363824180086,-0.03681149801372663,0.8695478939517901,0.8070874993936824,-0.7110570370916262,0.7110570370916262
4dfccbf7,HAMMING,SIGN96_CENTERED,,31.0,31.0,48.227360308285164,48.0,30.0,28.0,17.227360308285164,
4dfccbf7,HAMMING,ITQ96_CENTERED,101.0,20.5,20.5,48.13102119460501,49.0,10.0,15.0,27.63102119460501,
4dfccbf7,HAMMING,ITQ96_CENTERED,202.0,16.5,16.5,47.99036608863199,49.0,10.0,11.0,31.490366088631987,
4dfccbf7,HAMMING,ITQ96_CENTERED,303.0,20.0,20.0,47.664739884393065,48.0,13.0,14.0,27.664739884393065,
4dfccbf7,HAMMING,ITQ96_CENTERED,404.0,22.0,22.0,48.163776493256265,49.0,16.0,11.0,26.163776493256265,
4dfccbf7,HAMMING,ITQ96_CENTERED,505.0,21.5,21.5,48.16184971098266,49.0,15.0,14.0,26.661849710982658,
4dfccbf7,COSINE,FLOAT96_UNCENTERED,,0.7679066888192849,0.7679066888192849,0.0985502508838592,0.05386536824678151,0.8225101630065694,0.8350319086721592,-0.6693564379354258,0.6693564379354258
4dfccbf7,COSINE,FLOAT96_CENTERED,,0.7363950150668372,0.7363950150668372,-0.0015093927441328495,-0.04515862959903644,0.8008216717506215,0.8136623000540477,-0.7379044078109701,0.7379044078109701
4dfccbf8,HAMMING,SIGN96_CENTERED,,38.0,38.0,47.231277533039645,47.5,38.0,32.0,9.231277533039645,
4dfccbf8,HAMMING,ITQ96_CENTERED,101.0,43.0,43.0,48.17180616740088,49.0,43.0,22.0,5.171806167400881,
4dfccbf8,HAMMING,ITQ96_CENTERED,202.0,43.0,43.0,48.12334801762115,49.0,43.0,25.0,5.123348017621147,
4dfccbf8,HAMMING,ITQ96_CENTERED,303.0,43.0,43.0,48.151982378854626,48.0,43.0,22.0,5.151982378854626,
4dfccbf8,HAMMING,ITQ96_CENTERED,404.0,35.0,35.0,47.78854625550661,48.0,35.0,29.0,12.78854625550661,
4dfccbf8,HAMMING,ITQ96_CENTERED,505.0,38.0,38.0,48.44493392070485,49.0,38.0,26.0,10.444933920704848,
4dfccbf8,COSINE,FLOAT96_UNCENTERED,,0.285970996620702,0.285970996620702,0.11742740377025616,0.08700232200055125,0.285970996620702,0.6733202847377987,-0.16854359285044584,0.16854359285044584
4dfccbf8,COSINE,FLOAT96_CENTERED,,0.1672453336767273,0.1672453336767273,0.0001640811797949618,-0.031621180511064356,0.1672453336767273,0.6429007602870878,-0.16708125249693234,0.16708125249693234
4f54b7c9,HAMMING,SIGN96_CENTERED,,32.0,32.0,47.88139059304704,48.0,27.0,29.0,15.881390593047037,
4f54b7c9,HAMMING,ITQ96_CENTERED,101.0,24.0,24.0,48.10838445807771,49.0,12.0,9.0,24.10838445807771,
4f54b7c9,HAMMING,ITQ96_CENTERED,202.0,23.5,23.5,47.991820040899796,49.0,13.0,7.0,24.491820040899796,
4f54b7c9,HAMMING,ITQ96_CENTERED,303.0,23.0,23.0,47.807770961145195,49.0,18.0,11.0,24.807770961145195,
4f54b7c9,HAMMING,ITQ96_CENTERED,404.0,24.0,24.0,48.29243353783231,49.0,14.0,7.0,24.29243353783231,
4f54b7c9,HAMMING,ITQ96_CENTERED,505.0,20.5,20.5,48.13905930470348,49.0,11.0,9.0,27.63905930470348,
4f54b7c9,COSINE,FLOAT96_UNCENTERED,,0.6741338687354979,0.6741338687354979,0.0750828231907303,0.03514410364677139,0.8043646409747164,0.8777959768643151,-0.5990510455447675,0.5990510455447675
4f54b7c9,COSINE,FLOAT96_CENTERED,,0.6521186579503693,0.6521186579503693,-0.0021031733248524707,-0.03842229042333521,0.7912829840029313,0.8663523064358877,-0.6542218312752217,0.6542218312752217
4fd1909e,HAMMING,SIGN96_CENTERED,,10.0,10.0,47.69077757685353,48.0,10.0,12.0,37.69077757685353,
4fd1909e,HAMMING,ITQ96_CENTERED,101.0,7.0,7.0,47.99457504520796,49.0,7.0,8.0,40.99457504520796,
4fd1909e,HAMMING,ITQ96_CENTERED,202.0,5.0,5.0,48.09041591320072,49.0,5.0,5.0,43.09041591320072,
4fd1909e,HAMMING,ITQ96_CENTERED,303.0,9.0,9.0,47.77576853526221,49.0,9.0,8.0,38.77576853526221,
4fd1909e,HAMMING,ITQ96_CENTERED,404.0,5.0,5.0,47.76853526220615,49.0,5.0,5.0,42.76853526220615,
4fd1909e,HAMMING,ITQ96_CENTERED,505.0,9.0,9.0,47.824593128390596,49.0,9.0,9.0,38.824593128390596,
4fd1909e,COSINE,FLOAT96_UNCENTERED,,0.879409115325097,0.879409115325097,0.07860092092424956,0.04857123504064864,0.879409115325097,0.8942125139257184,-0.8008081944008475,0.8008081944008475
4fd1909e,COSINE,FLOAT96_CENTERED,,0.8704311988061577,0.8704311988061577,-0.0011372500949712286,-0.027223175487920182,0.8704311988061577,0.8858900771615132,-0.871568448901129,0.871568448901129
5025383b,HAMMING,SIGN96_CENTERED,,28.5,28.5,47.391891891891895,48.0,27.0,23.0,18.891891891891895,
5025383b,HAMMING,ITQ96_CENTERED,101.0,18.5,18.5,47.862612612612615,49.0,5.0,5.0,29.362612612612615,
5025383b,HAMMING,ITQ96_CENTERED,202.0,19.5,19.5,48.2972972972973,49.0,11.0,11.0,28.7972972972973,
5025383b,HAMMING,ITQ96_CENTERED,303.0,19.5,19.5,48.207207207207205,49.0,11.0,11.0,28.707207207207205,
5025383b,HAMMING,ITQ96_CENTERED,404.0,19.5,19.5,48.015765765765764,49.0,14.0,9.0,28.515765765765764,
5025383b,HAMMING,ITQ96_CENTERED,505.0,21.5,21.5,47.78378378378378,49.0,8.0,8.0,26.283783783783782,
5025383b,COSINE,FLOAT96_UNCENTERED,,0.7536182617949235,0.7536182617949235,0.0644840811086716,0.03130582240274339,0.8431315478286421,0.8506148243427141,-0.6891341806862519,0.6891341806862519
5025383b,COSINE,FLOAT96_CENTERED,,0.7380324152627527,0.7380324152627527,-0.003238520658496975,-0.035623257745273695,0.835424049136875,0.8362459770416258,-0.7412709359212496,0.7412709359212496
505af2f5,HAMMING,SIGN96_CENTERED,,37.0,37.0,48.06,48.0,37.0,19.0,11.060000000000002,
505af2f5,HAMMING,ITQ96_CENTERED,101.0,36.0,36.0,48.13,49.0,36.0,14.0,12.130000000000003,
505af2f5,HAMMING,ITQ96_CENTERED,202.0,33.0,33.0,47.774,49.0,33.0,14.0,14.774000000000001,
505af2f5,HAMMING,ITQ96_CENTERED,303.0,37.0,37.0,48.092,49.0,37.0,11.0,11.091999999999999,
505af2f5,HAMMING,ITQ96_CENTERED,404.0,32.0,32.0,48.232,49.0,32.0,12.0,16.232,
505af2f5,HAMMING,ITQ96_CENTERED,505.0,34.0,34.0,48.136,49.0,34.0,14.0,14.136000000000003,
505af2f5,COSINE,FLOAT96_UNCENTERED,,0.4024673263521241,0.4024673263521241,0.11141433394116172,0.06941725320993518,0.4024673263521241,0.8440644064089449,-0.2910529924109624,0.2910529924109624
505af2f5,COSINE,FLOAT96_CENTERED,,0.31808859940551404,0.31808859940551404,-0.00020903633144687993,-0.04010953164035845,0.31808859940551404,0.8245720717773687,-0.3182976357369609,0.3182976357369609
50635ada,HAMMING,SIGN96_CENTERED,,30.5,30.5,47.482041587901705,48.0,29.0,16.0,16.982041587901705,
50635ada,HAMMING,ITQ96_CENTERED,101.0,13.5,13.5,48.16446124763705,49.0,9.0,6.0,34.66446124763705,
50635ada,HAMMING,ITQ96_CENTERED,202.0,15.5,15.5,47.933837429111534,49.0,10.0,6.0,32.433837429111534,
50635ada,HAMMING,ITQ96_CENTERED,303.0,11.5,11.5,48.01512287334594,49.0,4.0,4.0,36.51512287334594,
50635ada,HAMMING,ITQ96_CENTERED,404.0,15.0,15.0,48.039697542533084,49.0,9.0,5.0,33.039697542533084,
50635ada,HAMMING,ITQ96_CENTERED,505.0,17.5,17.5,48.007561436672965,49.0,8.0,4.0,30.507561436672965,
50635ada,COSINE,FLOAT96_UNCENTERED,,0.8153664691848456,0.8153664691848456,0.06416523380114361,0.02916931489680931,0.8726137001118264,0.9371849331046296,-0.751201235383702,0.751201235383702
50635ada,COSINE,FLOAT96_CENTERED,,0.8057334115061165,0.8057334115061165,-0.0033329945004049945,-0.0355541868474764,0.8663293949818286,0.933297947166905,-0.8090664060065216,0.8090664060065216
51a45a95,HAMMING,SIGN96_CENTERED,,19.0,19.0,48.333333333333336,49.0,19.0,18.0,29.333333333333336,
51a45a95,HAMMING,ITQ96_CENTERED,101.0,11.0,11.0,48.16287878787879,49.0,11.0,12.0,37.16287878787879,
51a45a95,HAMMING,ITQ96_CENTERED,202.0,11.0,11.0,47.8125,48.0,11.0,13.0,36.8125,
51a45a95,HAMMING,ITQ96_CENTERED,303.0,12.0,12.0,47.95075757575758,49.0,12.0,12.0,35.95075757575758,
51a45a95,HAMMING,ITQ96_CENTERED,404.0,9.0,9.0,47.96212121212121,49.0,9.0,14.0,38.96212121212121,
51a45a95,HAMMING,ITQ96_CENTERED,505.0,11.0,11.0,48.12310606060606,49.0,11.0,13.0,37.12310606060606,
51a45a95,COSINE,FLOAT96_UNCENTERED,,0.8509479338279551,0.8509479338279551,0.062001268651402285,0.03807501542586457,0.8509479338279551,0.8264191014658372,-0.7889466651765528,0.7889466651765528
51a45a95,COSINE,FLOAT96_CENTERED,,0.8437866108462775,0.8437866108462775,-0.0018791756411861114,-0.019066413665812968,0.8437866108462775,0.811682578427619,-0.8456657864874636,0.8456657864874636
51b23612,HAMMING,SIGN96_CENTERED,,20.0,20.0,47.90625,48.0,20.0,20.0,27.90625,
51b23612,HAMMING,ITQ96_CENTERED,101.0,3.0,3.0,47.94166666666667,49.0,3.0,3.0,44.94166666666667,
51b23612,HAMMING,ITQ96_CENTERED,202.0,5.0,5.0,48.15416666666667,49.0,5.0,3.0,43.15416666666667,
51b23612,HAMMING,ITQ96_CENTERED,303.0,5.0,5.0,47.67916666666667,49.0,5.0,3.0,42.67916666666667,
51b23612,HAMMING,ITQ96_CENTERED,404.0,7.0,7.0,47.96041666666667,49.0,7.0,3.0,40.96041666666667,
51b23612,HAMMING,ITQ96_CENTERED,505.0,3.0,3.0,48.05833333333333,49.0,3.0,2.0,45.05833333333333,
51b23612,COSINE,FLOAT96_UNCENTERED,,0.9345599579940649,0.9345599579940649,0.07904649771337538,0.055308556043019305,0.9345599579940649,0.9011331815136234,-0.8555134602806895,0.8555134602806895
51b23612,COSINE,FLOAT96_CENTERED,,0.9290465267133803,0.9290465267133803,-0.0023645895563274696,-0.024685761109417892,0.9290465267133803,0.8942888358854,-0.9314111162697077,0.9314111162697077
51c32626,HAMMING,SIGN96_CENTERED,,28.0,28.0,47.54303278688525,48.0,19.0,25.0,19.54303278688525,
51c32626,HAMMING,ITQ96_CENTERED,101.0,19.0,19.0,48.11680327868852,49.0,13.0,11.0,29.116803278688522,
51c32626,HAMMING,ITQ96_CENTERED,202.0,14.5,14.5,48.16393442622951,49.0,8.0,9.0,33.66393442622951,
51c32626,HAMMING,ITQ96_CENTERED,303.0,14.5,14.5,48.34836065573771,50.0,11.0,9.0,33.84836065573771,
51c32626,HAMMING,ITQ96_CENTERED,404.0,19.5,19.5,48.157786885245905,50.0,14.0,5.0,28.657786885245905,
51c32626,HAMMING,ITQ96_CENTERED,505.0,18.5,18.5,48.21516393442623,49.0,8.0,6.0,29.71516393442623,
51c32626,COSINE,FLOAT96_UNCENTERED,,0.7497284953057091,0.7497284953057091,0.07097925487197503,0.03671668624441109,0.8579689782886737,0.906010787882007,-0.6787492404337341,0.6787492404337341
51c32626,COSINE,FLOAT96_CENTERED,,0.7298342953366511,0.7298342953366511,-0.003090204556887875,-0.03835096173497926,0.8441402293525296,0.8982254670286336,-0.732924499893539,0.732924499893539
54026fce,HAMMING,SIGN96_CENTERED,,35.0,35.0,48.12314225053078,48.0,35.0,35.0,13.123142250530783,
54026fce,HAMMING,ITQ96_CENTERED,101.0,38.0,38.0,48.303609341825904,49.0,38.0,32.0,10.303609341825904,
54026fce,HAMMING,ITQ96_CENTERED,202.0,38.0,38.0,47.93630573248408,48.0,38.0,27.0,9.93630573248408,
54026fce,HAMMING,ITQ96_CENTERED,303.0,33.0,33.0,48.2484076433121,49.0,33.0,27.0,15.248407643312099,
54026fce,HAMMING,ITQ96_CENTERED,404.0,38.0,38.0,47.78768577494692,49.0,38.0,30.0,9.787685774946922,
54026fce,HAMMING,ITQ96_CENTERED,505.0,30.0,30.0,48.038216560509554,49.0,30.0,30.0,18.038216560509554,
54026fce,COSINE,FLOAT96_UNCENTERED,,0.45975504072829154,0.45975504072829154,0.15749346405066603,0.13597370951611054,0.45975504072829154,0.5469997167053564,-0.30226157667762554,0.30226157667762554
54026fce,COSINE,FLOAT96_CENTERED,,0.36509649021946977,0.36509649021946977,-0.00031280461361347977,-0.028672136511399195,0.36509649021946977,0.45482273189223615,-0.36540929483308326,0.36540929483308326
545bd2b5,HAMMING,SIGN96_CENTERED,,18.0,18.0,47.85217391304348,48.0,18.0,17.0,29.85217391304348,
545bd2b5,HAMMING,ITQ96_CENTERED,101.0,18.0,18.0,47.96739130434783,49.0,18.0,13.0,29.967391304347828,
545bd2b5,HAMMING,ITQ96_CENTERED,202.0,14.0,14.0,48.09347826086957,49.0,14.0,10.0,34.09347826086957,
545bd2b5,HAMMING,ITQ96_CENTERED,303.0,14.0,14.0,48.256521739130434,49.0,14.0,16.0,34.256521739130434,
545bd2b5,HAMMING,ITQ96_CENTERED,404.0,19.0,19.0,47.928260869565214,49.0,19.0,14.0,28.928260869565214,
545bd2b5,HAMMING,ITQ96_CENTERED,505.0,14.0,14.0,48.028260869565216,49.0,14.0,16.0,34.028260869565216,
545bd2b5,COSINE,FLOAT96_UNCENTERED,,0.8001561714003484,0.8001561714003484,0.0921055312184715,0.05161582733862885,0.8001561714003484,0.8333277476012075,-0.7080506401818769,0.7080506401818769
545bd2b5,COSINE,FLOAT96_CENTERED,,0.7753964999260103,0.7753964999260103,-0.00030468694333085535,-0.033856537403946646,0.7753964999260103,0.8057862552350282,-0.7757011868693412,0.7757011868693412
55241a1f,HAMMING,SIGN96_CENTERED,,33.0,33.0,47.15625,47.0,16.0,19.0,14.15625,
55241a1f,HAMMING,ITQ96_CENTERED,101.0,20.5,20.5,48.087890625,49.0,7.0,7.0,27.587890625,
55241a1f,HAMMING,ITQ96_CENTERED,202.0,18.0,18.0,48.400390625,50.0,6.0,8.0,30.400390625,
55241a1f,HAMMING,ITQ96_CENTERED,303.0,24.0,24.0,48.009765625,49.0,10.0,5.0,24.009765625,
55241a1f,HAMMING,ITQ96_CENTERED,404.0,16.0,16.0,48.126953125,49.0,4.0,8.0,32.126953125,
55241a1f,HAMMING,ITQ96_CENTERED,505.0,21.0,21.0,48.06640625,49.0,8.0,6.0,27.06640625,
55241a1f,COSINE,FLOAT96_UNCENTERED,,0.7240336965993148,0.7240336965993148,0.07208445190773254,0.041402795973257675,0.9109742897730363,0.9068959085970199,-0.6519492446915823,0.6519492446915823
55241a1f,COSINE,FLOAT96_CENTERED,,0.6915929604591586,0.6915929604591586,-0.002386105958483594,-0.02712063810057465,0.9047241883394759,0.9019472209130952,-0.6939790664176422,0.6939790664176422
561fabcd,HAMMING,SIGN96_CENTERED,,36.0,36.0,47.79959514170041,48.0,36.0,21.0,11.799595141700408,
561fabcd,HAMMING,ITQ96_CENTERED,101.0,20.0,20.0,47.864372469635626,49.0,20.0,10.0,27.864372469635626,
561fabcd,HAMMING,ITQ96_CENTERED,202.0,20.0,20.0,47.97570850202429,49.0,20.0,13.0,27.97570850202429,
561fabcd,HAMMING,ITQ96_CENTERED,303.0,15.0,15.0,47.98178137651822,49.0,15.0,13.0,32.98178137651822,
561fabcd,HAMMING,ITQ96_CENTERED,404.0,20.0,20.0,47.81983805668016,49.0,20.0,12.0,27.81983805668016,
561fabcd,HAMMING,ITQ96_CENTERED,505.0,22.0,22.0,47.91497975708502,48.0,22.0,13.0,25.91497975708502,
561fabcd,COSINE,FLOAT96_UNCENTERED,,0.6926108205284748,0.6926108205284748,0.1262002523404466,0.10312215979624925,0.6926108205284748,0.7834536383764236,-0.5664105681880282,0.5664105681880282
561fabcd,COSINE,FLOAT96_CENTERED,,0.6360812234023505,0.6360812234023505,-0.0006772480386767207,-0.025713617986004488,0.6360812234023505,0.7474882296514596,-0.6367584714410273,0.6367584714410273
577d4d32,HAMMING,SIGN96_CENTERED,,34.0,34.0,47.93621399176955,48.0,34.0,30.0,13.936213991769549,
577d4d32,HAMMING,ITQ96_CENTERED,101.0,34.0,34.0,47.90534979423868,48.0,34.0,23.0,13.905349794238681,
577d4d32,HAMMING,ITQ96_CENTERED,202.0,29.0,29.0,48.065843621399175,48.0,29.0,30.0,19.065843621399175,
577d4d32,HAMMING,ITQ96_CENTERED,303.0,27.0,27.0,48.08847736625514,48.0,27.0,21.0,21.08847736625514,
577d4d32,HAMMING,ITQ96_CENTERED,404.0,27.0,27.0,48.2201646090535,49.0,27.0,25.0,21.220164609053498,
577d4d32,HAMMING,ITQ96_CENTERED,505.0,30.0,30.0,47.598765432098766,48.0,30.0,26.0,17.598765432098766,
577d4d32,COSINE,FLOAT96_UNCENTERED,,0.6558413526433348,0.6558413526433348,0.19287661851855767,0.18099767796031518,0.6558413526433348,0.721487226694479,-0.4629647341247771,0.4629647341247771
577d4d32,COSINE,FLOAT96_CENTERED,,0.5546550291891933,0.5546550291891933,0.0020302519334236316,-0.008094376710265125,0.5546550291891933,0.6133615637215256,-0.5526247772557696,0.5526247772557696
57f827a0,HAMMING,SIGN96_CENTERED,,39.0,39.0,47.512145748987855,48.0,39.0,32.0,8.512145748987855,
57f827a0,HAMMING,ITQ96_CENTERED,101.0,36.0,36.0,48.11336032388664,49.0,36.0,20.0,12.113360323886639,
57f827a0,HAMMING,ITQ96_CENTERED,202.0,39.0,39.0,48.12955465587044,49.0,39.0,21.0,9.129554655870443,
57f827a0,HAMMING,ITQ96_CENTERED,303.0,42.0,42.0,47.85425101214575,49.0,42.0,24.0,5.8542510121457525,
57f827a0,HAMMING,ITQ96_CENTERED,404.0,36.0,36.0,47.906882591093115,48.5,36.0,24.0,11.906882591093115,
57f827a0,HAMMING,ITQ96_CENTERED,505.0,42.0,42.0,48.06275303643725,49.0,42.0,28.0,6.06275303643725,
57f827a0,COSINE,FLOAT96_UNCENTERED,,0.41149984164711956,0.41149984164711956,0.14809913002594297,0.1310658646027753,0.41149984164711956,0.5922436474281843,-0.2634007116211766,0.2634007116211766
57f827a0,COSINE,FLOAT96_CENTERED,,0.319370458844975,0.319370458844975,0.0004908422855873397,-0.021638255036010266,0.319370458844975,0.5301812133126792,-0.3188796165593877,0.3188796165593877
5809eb10,HAMMING,SIGN96_CENTERED,,32.0,32.0,47.662809917355375,48.0,32.0,18.0,15.662809917355375,
5809eb10,HAMMING,ITQ96_CENTERED,101.0,1.0,1.0,48.021487603305786,49.0,1.0,0.0,47.021487603305786,
5809eb10,HAMMING,ITQ96_CENTERED,202.0,0.0,0.0,48.11570247933884,49.0,0.0,0.0,48.11570247933884,
5809eb10,HAMMING,ITQ96_CENTERED,303.0,0.0,0.0,47.662809917355375,48.0,0.0,0.0,47.662809917355375,
5809eb10,HAMMING,ITQ96_CENTERED,404.0,0.0,0.0,47.732231404958675,48.0,0.0,0.0,47.732231404958675,
5809eb10,HAMMING,ITQ96_CENTERED,505.0,1.0,1.0,48.04462809917355,49.0,1.0,0.0,47.04462809917355,
5809eb10,COSINE,FLOAT96_UNCENTERED,,0.9466479287877632,0.9466479287877632,0.057555718788783274,0.04038675643216083,0.9466479287877632,0.9753718491466794,-0.8890922099989799,0.8890922099989799
5809eb10,COSINE,FLOAT96_CENTERED,,0.944934837059998,0.944934837059998,-0.0025794215919038286,-0.016817769648374538,0.944934837059998,0.974950971122207,-0.9475142586519019,0.9475142586519019
5831f84d,HAMMING,SIGN96_CENTERED,,15.5,15.5,47.84047619047619,48.0,13.0,20.0,32.34047619047619,
5831f84d,HAMMING,ITQ96_CENTERED,101.0,9.5,9.5,47.92857142857143,49.0,5.0,11.0,38.42857142857143,
5831f84d,HAMMING,ITQ96_CENTERED,202.0,11.0,11.0,47.97142857142857,49.0,7.0,5.0,36.97142857142857,
5831f84d,HAMMING,ITQ96_CENTERED,303.0,12.5,12.5,47.945238095238096,49.0,9.0,10.0,35.445238095238096,
5831f84d,HAMMING,ITQ96_CENTERED,404.0,10.5,10.5,48.34047619047619,50.0,7.0,10.0,37.84047619047619,
5831f84d,HAMMING,ITQ96_CENTERED,505.0,11.5,11.5,48.326190476190476,49.0,6.0,9.0,36.826190476190476,
5831f84d,COSINE,FLOAT96_UNCENTERED,,0.8812321355380062,0.8812321355380062,0.05841290115130604,0.022181032171707415,0.9231399118870318,0.8836583563019618,-0.8228192343867001,0.8228192343867001
5831f84d,COSINE,FLOAT96_CENTERED,,0.8731423155846326,0.8731423155846326,-0.004525631565430166,-0.02864873902191934,0.9189202690849487,0.8771576675288177,-0.8776679471500628,0.8776679471500628
58470ed2,HAMMING,SIGN96_CENTERED,,19.0,19.0,48.06808510638298,48.0,19.0,18.0,29.06808510638298,
58470ed2,HAMMING,ITQ96_CENTERED,101.0,24.0,24.0,48.18936170212766,49.0,24.0,24.0,24.189361702127663,
58470ed2,HAMMING,ITQ96_CENTERED,202.0,23.0,23.0,47.98936170212766,48.0,23.0,23.0,24.98936170212766,
58470ed2,HAMMING,ITQ96_CENTERED,303.0,21.0,21.0,47.791489361702126,48.5,21.0,21.0,26.791489361702126,
58470ed2,HAMMING,ITQ96_CENTERED,404.0,22.0,22.0,47.9936170212766,49.0,22.0,22.0,25.9936170212766,
58470ed2,HAMMING,ITQ96_CENTERED,505.0,22.0,22.0,48.16808510638298,49.0,22.0,22.0,26.168085106382982,
58470ed2,COSINE,FLOAT96_UNCENTERED,,0.7170890588734691,0.7170890588734691,0.14911662784561258,0.13270165910287057,0.7170890588734691,0.6816179378776499,-0.5679724310278564,0.5679724310278564
58470ed2,COSINE,FLOAT96_CENTERED,,0.6558846137430068,0.6558846137430068,0.0007720471961878785,-0.019888499491928596,0.6558846137430068,0.6160835636881525,-0.6551125665468189,0.6551125665468189
58bf7951,HAMMING,SIGN96_CENTERED,,37.0,37.0,47.609756097560975,48.0,37.0,28.0,10.609756097560975,
58bf7951,HAMMING,ITQ96_CENTERED,101.0,16.0,16.0,47.96747967479675,49.0,16.0,14.0,31.96747967479675,
58bf7951,HAMMING,ITQ96_CENTERED,202.0,14.0,14.0,47.834146341463416,49.0,14.0,15.0,33.834146341463416,
58bf7951,HAMMING,ITQ96_CENTERED,303.0,19.0,19.0,47.673170731707316,49.0,19.0,14.0,28.673170731707316,
58bf7951,HAMMING,ITQ96_CENTERED,404.0,14.0,14.0,47.920325203252034,49.0,14.0,11.0,33.920325203252034,
58bf7951,HAMMING,ITQ96_CENTERED,505.0,15.0,15.0,47.8780487804878,50.0,15.0,14.0,32.8780487804878,
58bf7951,COSINE,FLOAT96_UNCENTERED,,0.7779574451354183,0.7779574451354183,0.132951832679618,0.09096731534505927,0.7779574451354183,0.8294159875665484,-0.6450056124558003,0.6450056124558003
58bf7951,COSINE,FLOAT96_CENTERED,,0.7403570570865752,0.7403570570865752,0.00013247211211921798,-0.04348508935667306,0.7403570570865752,0.7890944237315124,-0.740224584974456,0.740224584974456
58ef2f1c,HAMMING,SIGN96_CENTERED,,45.0,45.0,47.61895551257253,48.0,45.0,26.0,2.6189555125725335,
58ef2f1c,HAMMING,ITQ96_CENTERED,101.0,15.0,15.0,47.89941972920696,49.0,15.0,11.0,32.89941972920696,
58ef2f1c,HAMMING,ITQ96_CENTERED,202.0,14.0,14.0,48.21856866537718,49.0,14.0,14.0,34.21856866537718,
58ef2f1c,HAMMING,ITQ96_CENTERED,303.0,13.0,13.0,48.09671179883946,49.0,13.0,12.0,35.09671179883946,
58ef2f1c,HAMMING,ITQ96_CENTERED,404.0,14.0,14.0,48.11605415860735,49.0,14.0,13.0,34.11605415860735,
58ef2f1c,HAMMING,ITQ96_CENTERED,505.0,18.0,18.0,48.16247582205029,49.0,18.0,9.0,30.16247582205029,
58ef2f1c,COSINE,FLOAT96_UNCENTERED,,0.7528816158440587,0.7528816158440587,0.09768323211909766,0.060105169049711624,0.7528816158440587,0.8160217001580732,-0.655198383724961,0.655198383724961
58ef2f1c,COSINE,FLOAT96_CENTERED,,0.7303020036508376,0.7303020036508376,-0.001024508732155691,-0.03541579871285404,0.7303020036508376,0.7949708798594813,-0.7313265123829933,0.7313265123829933
59524333,HAMMING,SIGN96_CENTERED,,22.5,22.5,47.638783269961976,48.0,22.0,16.0,25.138783269961976,
59524333,HAMMING,ITQ96_CENTERED,101.0,16.0,16.0,47.96958174904943,50.0,12.0,10.0,31.969581749049432,
59524333,HAMMING,ITQ96_CENTERED,202.0,17.0,17.0,47.870722433460074,49.0,8.0,5.0,30.870722433460074,
59524333,HAMMING,ITQ96_CENTERED,303.0,15.0,15.0,48.09885931558935,50.0,9.0,6.0,33.09885931558935,
59524333,HAMMING,ITQ96_CENTERED,404.0,17.0,17.0,48.034220532319395,49.0,16.0,11.0,31.034220532319395,
59524333,HAMMING,ITQ96_CENTERED,505.0,16.0,16.0,48.26996197718631,50.0,10.0,5.0,32.26996197718631,
59524333,COSINE,FLOAT96_UNCENTERED,,0.7973089445245622,0.7973089445245622,0.08875712167000106,0.04352923412833815,0.8439980908195741,0.8880082080631324,-0.7085518228545612,0.7085518228545612
59524333,COSINE,FLOAT96_CENTERED,,0.7758764749860367,0.7758764749860367,-0.001994100737637708,-0.04576032061855715,0.829488323935548,0.8743520855400804,-0.7778705757236745,0.7778705757236745
5a4f22c0,HAMMING,SIGN96_CENTERED,,19.5,19.5,47.88247422680412,48.0,19.0,30.0,28.38247422680412,
5a4f22c0,HAMMING,ITQ96_CENTERED,101.0,15.5,15.5,48.05360824742268,49.0,15.0,15.0,32.55360824742268,
5a4f22c0,HAMMING,ITQ96_CENTERED,202.0,14.5,14.5,48.07422680412371,49.0,14.0,14.0,33.57422680412371,
5a4f22c0,HAMMING,ITQ96_CENTERED,303.0,14.0,14.0,48.21649484536083,49.0,13.0,15.0,34.21649484536083,
5a4f22c0,HAMMING,ITQ96_CENTERED,404.0,14.5,14.5,48.01030927835052,49.0,14.0,17.0,33.51030927835052,
5a4f22c0,HAMMING,ITQ96_CENTERED,505.0,14.0,14.0,48.315463917525776,49.0,11.0,14.0,34.315463917525776,
5a4f22c0,COSINE,FLOAT96_UNCENTERED,,0.8275795895666693,0.8275795895666693,0.08598196213465721,0.05732572772867044,0.8438780188570352,0.7926121021465686,-0.7415976274320121,0.7415976274320121
5a4f22c0,COSINE,FLOAT96_CENTERED,,0.8085924362704681,0.8085924362704681,-0.0032114564355375146,-0.03439160855896366,0.8264160073525094,0.7733567510269737,-0.8118038927060056,0.8118038927060056
5a7937c8,HAMMING,SIGN96_CENTERED,,33.333333333333336,32.0,47.88461538461539,48.0,31.0,32.0,14.551282051282051,
5a7937c8,HAMMING,ITQ96_CENTERED,101.0,29.666666666666668,32.0,48.20913461538461,49.0,20.0,19.0,18.542467948717945,
5a7937c8,HAMMING,ITQ96_CENTERED,202.0,28.333333333333332,27.0,47.97836538461539,48.0,23.0,27.0,19.645032051282055,
5a7937c8,HAMMING,ITQ96_CENTERED,303.0,34.666666666666664,37.0,48.29086538461539,49.5,25.0,24.0,13.624198717948723,
5a7937c8,HAMMING,ITQ96_CENTERED,404.0,32.333333333333336,35.0,48.14423076923077,49.0,23.0,23.0,15.81089743589743,
5a7937c8,HAMMING,ITQ96_CENTERED,505.0,33.333333333333336,36.0,48.12019230769231,48.0,28.0,23.0,14.786858974358971,
5a7937c8,COSINE,FLOAT96_UNCENTERED,,0.5184925447380112,0.47072441859352265,0.09743978264233553,0.06474580334535524,0.684894021425226,0.6785441357842397,-0.42105276209567566,0.42105276209567566
5a7937c8,COSINE,FLOAT96_CENTERED,,0.4722247251324247,0.41397912086998806,-0.00390955816056512,-0.03503667260399826,0.65847971240064,0.6383003704338753,-0.4761342832929898,0.4761342832929898
5c40ec5b,HAMMING,SIGN96_CENTERED,,24.0,24.0,48.069182389937104,48.0,16.0,20.0,24.069182389937104,
5c40ec5b,HAMMING,ITQ96_CENTERED,101.0,13.5,13.5,48.17819706498952,49.0,12.0,11.0,34.67819706498952,
5c40ec5b,HAMMING,ITQ96_CENTERED,202.0,13.0,13.0,48.064989517819704,49.0,13.0,7.0,35.064989517819704,
5c40ec5b,HAMMING,ITQ96_CENTERED,303.0,13.0,13.0,48.25366876310272,49.0,8.0,10.0,35.25366876310272,
5c40ec5b,HAMMING,ITQ96_CENTERED,404.0,12.5,12.5,48.18029350104822,49.0,9.0,11.0,35.68029350104822,
5c40ec5b,HAMMING,ITQ96_CENTERED,505.0,15.0,15.0,47.9601677148847,49.0,14.0,11.0,32.9601677148847,
5c40ec5b,COSINE,FLOAT96_UNCENTERED,,0.8532937760230097,0.8532937760230097,0.05898457567828026,0.02456277750307788,0.8949675821354351,0.8613801177652942,-0.7943092003447294,0.7943092003447294
5c40ec5b,COSINE,FLOAT96_CENTERED,,0.8466737523598558,0.8466737523598558,-0.0037804208855649274,-0.028179735605133583,0.8901281001061857,0.8525289657031445,-0.8504541732454207,0.8504541732454207
5d3d2817,HAMMING,SIGN96_CENTERED,,30.0,30.0,47.75442043222004,48.0,30.0,26.0,17.754420432220037,
5d3d2817,HAMMING,ITQ96_CENTERED,101.0,29.0,29.0,48.36935166994106,49.0,29.0,26.0,19.36935166994106,
5d3d2817,HAMMING,ITQ96_CENTERED,202.0,31.0,31.0,48.017681728880156,48.0,31.0,26.0,17.017681728880156,
5d3d2817,HAMMING,ITQ96_CENTERED,303.0,30.0,30.0,47.95874263261297,49.0,30.0,26.0,17.958742632612967,
5d3d2817,HAMMING,ITQ96_CENTERED,404.0,34.0,34.0,48.04518664047151,49.0,34.0,26.0,14.045186640471513,
5d3d2817,HAMMING,ITQ96_CENTERED,505.0,29.0,29.0,48.03536345776031,49.0,29.0,24.0,19.03536345776031,
5d3d2817,COSINE,FLOAT96_UNCENTERED,,0.4912732670929479,0.4912732670929479,0.07511770957561319,0.040896546733828476,0.4912732670929479,0.6388862766610026,-0.4161555575173347,0.4161555575173347
5d3d2817,COSINE,FLOAT96_CENTERED,,0.44563286131289914,0.44563286131289914,-0.000887761434920113,-0.028423739819654018,0.44563286131289914,0.6116789728521279,-0.44652062274781923,0.44652062274781923
5e1b23de,HAMMING,SIGN96_CENTERED,,36.0,36.0,47.80855855855856,48.0,36.0,24.0,11.808558558558559,
5e1b23de,HAMMING,ITQ96_CENTERED,101.0,22.0,22.0,47.76801801801802,48.0,22.0,22.0,25.76801801801802,
5e1b23de,HAMMING,ITQ96_CENTERED,202.0,24.0,24.0,48.26126126126126,49.0,24.0,20.0,24.26126126126126,
5e1b23de,HAMMING,ITQ96_CENTERED,303.0,22.0,22.0,47.91216216216216,49.0,22.0,18.0,25.91216216216216,
5e1b23de,HAMMING,ITQ96_CENTERED,404.0,25.0,25.0,47.997747747747745,49.0,25.0,25.0,22.997747747747745,
5e1b23de,HAMMING,ITQ96_CENTERED,505.0,17.0,17.0,47.92567567567568,49.0,17.0,20.0,30.925675675675677,
5e1b23de,COSINE,FLOAT96_UNCENTERED,,0.6681578209439124,0.6681578209439124,0.12558629182159292,0.09173329770636697,0.6681578209439124,0.6842848578336027,-0.5425715291223194,0.5425715291223194
5e1b23de,COSINE,FLOAT96_CENTERED,,0.6113508927023286,0.6113508927023286,-0.0010915460775787226,-0.035970353426365946,0.6113508927023286,0.6338376741498647,-0.6124424387799073,0.6124424387799073
60036106,HAMMING,SIGN96_CENTERED,,28.5,28.5,47.35966735966736,48.0,23.0,21.0,18.859667359667363,
60036106,HAMMING,ITQ96_CENTERED,101.0,22.0,22.0,48.13929313929314,49.0,11.0,10.0,26.139293139293137,
60036106,HAMMING,ITQ96_CENTERED,202.0,19.5,19.5,47.773388773388774,49.0,13.0,9.0,28.273388773388774,
60036106,HAMMING,ITQ96_CENTERED,303.0,17.0,17.0,48.32848232848233,50.0,6.0,6.0,31.32848232848233,
60036106,HAMMING,ITQ96_CENTERED,404.0,20.5,20.5,48.2993762993763,50.0,7.0,4.0,27.7993762993763,
60036106,HAMMING,ITQ96_CENTERED,505.0,17.0,17.0,48.20582120582121,49.0,7.0,5.0,31.20582120582121,
60036106,COSINE,FLOAT96_UNCENTERED,,0.6873048681030829,0.6873048681030829,0.07545169695096185,0.03904630056247457,0.8563216813906209,0.8999348869548115,-0.611853171152121,0.611853171152121
60036106,COSINE,FLOAT96_CENTERED,,0.6585716432322211,0.6585716432322211,-0.0026951603514593653,-0.03702446338073046,0.8446290209871522,0.8936442524540453,-0.6612668035836804,0.6612668035836804
60159905,HAMMING,SIGN96_CENTERED,,30.0,30.0,48.34529147982063,48.0,25.0,27.0,18.34529147982063,
60159905,HAMMING,ITQ96_CENTERED,101.0,19.0,19.0,48.11659192825112,49.0,7.0,9.0,29.11659192825112,
60159905,HAMMING,ITQ96_CENTERED,202.0,22.0,22.0,47.988789237668165,49.0,12.0,13.0,25.988789237668165,
60159905,HAMMING,ITQ96_CENTERED,303.0,19.0,19.0,48.22645739910314,49.0,10.0,13.0,29.22645739910314,
60159905,HAMMING,ITQ96_CENTERED,404.0,21.5,21.5,48.02242152466368,49.0,11.0,9.0,26.522421524663677,
60159905,HAMMING,ITQ96_CENTERED,505.0,23.0,23.0,48.11883408071749,49.0,13.0,12.0,25.11883408071749,
60159905,COSINE,FLOAT96_UNCENTERED,,0.6981428291812599,0.6981428291812599,0.09518627885763327,0.0694467968743207,0.8374573025991386,0.8329376026233175,-0.6029565503236266,0.6029565503236266
60159905,COSINE,FLOAT96_CENTERED,,0.6595075237053393,0.6595075237053393,-0.00294689847470754,-0.02152623322516155,0.8193505712815916,0.8129541557270251,-0.6624544221800468,0.6624544221800468
603deb26,HAMMING,SIGN96_CENTERED,,23.5,23.5,47.85531914893617,48.0,16.0,16.0,24.355319148936168,
603deb26,HAMMING,ITQ96_CENTERED,101.0,11.5,11.5,47.94893617021277,49.0,4.0,3.0,36.44893617021277,
603deb26,HAMMING,ITQ96_CENTERED,202.0,10.5,10.5,48.07021276595745,49.0,3.0,2.0,37.57021276595745,
603deb26,HAMMING,ITQ96_CENTERED,303.0,9.5,9.5,48.15744680851064,49.0,5.0,3.0,38.65744680851064,
603deb26,HAMMING,ITQ96_CENTERED,404.0,9.0,9.0,47.827659574468086,48.0,5.0,3.0,38.827659574468086,
603deb26,HAMMING,ITQ96_CENTERED,505.0,9.5,9.5,48.05106382978723,49.0,3.0,3.0,38.55106382978723,
603deb26,COSINE,FLOAT96_UNCENTERED,,0.8477276728789822,0.8477276728789822,0.06438647550694865,0.03969256039491722,0.9173988944711808,0.932410529474692,-0.7833411973720336,0.7833411973720336
603deb26,COSINE,FLOAT96_CENTERED,,0.8359101423872206,0.8359101423872206,-0.004350942429520177,-0.026190368336079094,0.9118878986423696,0.9280219952727373,-0.8402610848167408,0.8402610848167408
60472f9c,HAMMING,SIGN96_CENTERED,,36.0,36.0,47.92256637168141,48.0,30.0,19.0,11.922566371681413,
60472f9c,HAMMING,ITQ96_CENTERED,101.0,23.5,23.5,48.18805309734513,49.0,23.0,17.0,24.688053097345133,
60472f9c,HAMMING,ITQ96_CENTERED,202.0,27.5,27.5,47.915929203539825,49.0,27.0,12.0,20.415929203539825,
60472f9c,HAMMING,ITQ96_CENTERED,303.0,27.5,27.5,47.9070796460177,49.0,26.0,13.0,20.4070796460177,
60472f9c,HAMMING,ITQ96_CENTERED,404.0,24.5,24.5,47.81637168141593,49.0,24.0,13.0,23.31637168141593,
60472f9c,HAMMING,ITQ96_CENTERED,505.0,28.0,28.0,48.10398230088496,49.0,26.0,13.0,20.103982300884958,
60472f9c,COSINE,FLOAT96_UNCENTERED,,0.6640395910213178,0.6640395910213178,0.08484956151255417,0.04546880184285659,0.666361625398534,0.8465689691000713,-0.5791900295087636,0.5791900295087636
60472f9c,COSINE,FLOAT96_CENTERED,,0.6287947691241788,0.6287947691241788,-0.0016548918771102723,-0.037197565818909026,0.6321117438099838,0.833096049445689,-0.6304496610012891,0.6304496610012891
6071bd76,HAMMING,SIGN96_CENTERED,,24.5,24.5,47.97291666666667,48.0,22.0,20.0,23.47291666666667,
6071bd76,HAMMING,ITQ96_CENTERED,101.0,11.5,11.5,48.4375,49.0,7.0,8.0,36.9375,
6071bd76,HAMMING,ITQ96_CENTERED,202.0,16.5,16.5,47.97708333333333,49.0,12.0,12.0,31.477083333333333,
6071bd76,HAMMING,ITQ96_CENTERED,303.0,16.0,16.0,48.02916666666667,49.0,11.0,6.0,32.02916666666667,
6071bd76,HAMMING,ITQ96_CENTERED,404.0,14.0,14.0,48.01875,49.0,6.0,10.0,34.01875,
6071bd76,HAMMING,ITQ96_CENTERED,505.0,14.5,14.5,48.202083333333334,49.0,9.0,8.0,33.702083333333334,
6071bd76,COSINE,FLOAT96_UNCENTERED,,0.8304834948624127,0.8304834948624127,0.06404937791507279,0.036392544337863694,0.9008030665274389,0.8578032519280784,-0.7664341169473399,0.7664341169473399
6071bd76,COSINE,FLOAT96_CENTERED,,0.8179145073246246,0.8179145073246246,-0.003357485197534029,-0.027969480576807527,0.8943749419881597,0.8496832412369534,-0.8212719925221585,0.8212719925221585
60bf93ed,HAMMING,SIGN96_CENTERED,,19.0,19.0,47.92886178861789,48.0,18.0,27.0,28.928861788617887,
60bf93ed,HAMMING,ITQ96_CENTERED,101.0,15.0,15.0,48.21951219512195,50.0,13.0,15.0,33.21951219512195,
60bf93ed,HAMMING,ITQ96_CENTERED,202.0,13.0,13.0,48.05691056910569,49.0,13.0,12.0,35.05691056910569,
60bf93ed,HAMMING,ITQ96_CENTERED,303.0,17.0,17.0,48.16056910569106,49.0,17.0,15.0,31.16056910569106,
60bf93ed,HAMMING,ITQ96_CENTERED,404.0,13.0,13.0,48.27642276422764,49.0,13.0,17.0,35.27642276422764,
60bf93ed,HAMMING,ITQ96_CENTERED,505.0,14.0,14.0,48.06707317073171,49.0,13.0,10.0,34.06707317073171,
60bf93ed,COSINE,FLOAT96_UNCENTERED,,0.7951045486569972,0.7951045486569972,0.0859109547898153,0.04571561528482661,0.8299542130636519,0.7661566299254088,-0.709193593867182,0.709193593867182
60bf93ed,COSINE,FLOAT96_CENTERED,,0.7732984845263347,0.7732984845263347,-0.0030523415995509246,-0.042997531175965234,0.8117410685056835,0.7440564997424579,-0.7763508261258856,0.7763508261258856
60d45044,HAMMING,SIGN96_CENTERED,,34.0,34.0,47.7037037037037,48.0,34.0,32.0,13.703703703703702,
60d45044,HAMMING,ITQ96_CENTERED,101.0,26.0,26.0,48.06296296296296,49.0,26.0,21.0,22.062962962962963,
60d45044,HAMMING,ITQ96_CENTERED,202.0,23.0,23.0,48.31296296296296,50.0,23.0,21.0,25.312962962962963,
60d45044,HAMMING,ITQ96_CENTERED,303.0,26.0,26.0,47.79259259259259,49.5,26.0,22.0,21.79259259259259,
60d45044,HAMMING,ITQ96_CENTERED,404.0,24.0,24.0,47.657407407407405,49.0,24.0,23.0,23.657407407407405,
60d45044,HAMMING,ITQ96_CENTERED,505.0,21.0,21.0,48.087037037037035,49.0,21.0,19.0,27.087037037037035,
60d45044,COSINE,FLOAT96_UNCENTERED,,0.6613320674552905,0.6613320674552905,0.113482018448495,0.068254616805519,0.6613320674552905,0.702713576734142,-0.5478500490067955,0.5478500490067955
60d45044,COSINE,FLOAT96_CENTERED,,0.6238192118810025,0.6238192118810025,0.00027116883996871455,-0.04268301817264124,0.6238192118810025,0.6739274424144664,-0.6235480430410338,0.6235480430410338
618f13b2,HAMMING,SIGN96_CENTERED,,21.0,21.0,48.00992063492063,48.0,9.0,5.0,27.009920634920633,
618f13b2,HAMMING,ITQ96_CENTERED,101.0,12.5,12.5,48.66865079365079,49.0,1.0,1.0,36.16865079365079,
618f13b2,HAMMING,ITQ96_CENTERED,202.0,16.5,16.5,47.99801587301587,49.0,5.0,6.0,31.498015873015873,
618f13b2,HAMMING,ITQ96_CENTERED,303.0,15.0,15.0,47.87698412698413,49.0,3.0,3.0,32.87698412698413,
618f13b2,HAMMING,ITQ96_CENTERED,404.0,14.0,14.0,48.017857142857146,49.0,2.0,1.0,34.017857142857146,
618f13b2,HAMMING,ITQ96_CENTERED,505.0,14.0,14.0,48.06944444444444,49.0,4.0,4.0,34.06944444444444,
618f13b2,COSINE,FLOAT96_UNCENTERED,,0.771304359548558,0.771304359548558,0.06471092135659681,0.04141968795082304,0.9165327844306549,0.922007018508084,-0.7065934381919612,0.7065934381919612
618f13b2,COSINE,FLOAT96_CENTERED,,0.753765628747799,0.753765628747799,-0.0027644363827698313,-0.023581963924381617,0.9106835220685706,0.9168791301564165,-0.7565300651305688,0.7565300651305688
61f8c8f8,HAMMING,SIGN96_CENTERED,,34.0,34.0,47.89059080962801,48.0,29.0,31.0,13.890590809628009,
61f8c8f8,HAMMING,ITQ96_CENTERED,101.0,28.0,28.0,48.00218818380744,49.0,20.0,15.0,20.00218818380744,
61f8c8f8,HAMMING,ITQ96_CENTERED,202.0,25.5,25.5,48.155361050328224,49.0,17.0,16.0,22.655361050328224,
61f8c8f8,HAMMING,ITQ96_CENTERED,303.0,27.5,27.5,47.9781181619256,49.0,18.0,15.0,20.4781181619256,
61f8c8f8,HAMMING,ITQ96_CENTERED,404.0,28.5,28.5,48.26258205689278,50.0,22.0,20.0,19.762582056892782,
61f8c8f8,HAMMING,ITQ96_CENTERED,505.0,26.5,26.5,48.25164113785558,49.0,16.0,17.0,21.75164113785558,
61f8c8f8,COSINE,FLOAT96_UNCENTERED,,0.6095167893014777,0.6095167893014777,0.10571671375703488,0.07239514600619015,0.763999909526478,0.7407272608341305,-0.5038000755444428,0.5038000755444428
61f8c8f8,COSINE,FLOAT96_CENTERED,,0.5712238205224581,0.5712238205224581,-0.0024042143777975224,-0.042938501687418924,0.7406187897473269,0.7071128434179355,-0.5736280349002556,0.5736280349002556
6222b6eb,HAMMING,SIGN96_CENTERED,,14.0,14.0,47.45967741935484,48.0,14.0,15.0,33.45967741935484,
6222b6eb,HAMMING,ITQ96_CENTERED,101.0,1.0,1.0,47.94153225806452,49.0,1.0,1.0,46.94153225806452,
6222b6eb,HAMMING,ITQ96_CENTERED,202.0,4.0,4.0,48.36088709677419,49.0,4.0,5.0,44.36088709677419,
6222b6eb,HAMMING,ITQ96_CENTERED,303.0,4.0,4.0,48.23588709677419,49.0,4.0,2.0,44.23588709677419,
6222b6eb,HAMMING,ITQ96_CENTERED,404.0,4.0,4.0,47.82258064516129,49.0,4.0,4.0,43.82258064516129,
6222b6eb,HAMMING,ITQ96_CENTERED,505.0,4.0,4.0,47.94153225806452,49.0,4.0,4.0,43.94153225806452,
6222b6eb,COSINE,FLOAT96_UNCENTERED,,0.9503167818858209,0.9503167818858209,0.09194573917134045,0.06755324333296009,0.9503167818858209,0.9465082871192109,-0.8583710427144805,0.8583710427144805
6222b6eb,COSINE,FLOAT96_CENTERED,,0.9459091209875174,0.9459091209875174,-0.0020659899072508698,-0.024725189247452584,0.9459091209875174,0.9414927026376868,-0.9479751108947683,0.9479751108947683
6456829e,HAMMING,SIGN96_CENTERED,,33.0,33.0,47.76131687242798,48.0,28.0,22.0,14.761316872427983,
6456829e,HAMMING,ITQ96_CENTERED,101.0,25.0,25.0,48.440329218106996,49.0,19.0,16.0,23.440329218106996,
6456829e,HAMMING,ITQ96_CENTERED,202.0,27.0,27.0,47.82098765432099,49.0,19.0,19.0,20.820987654320987,
6456829e,HAMMING,ITQ96_CENTERED,303.0,24.5,24.5,47.94444444444444,49.0,18.0,17.0,23.444444444444443,
6456829e,HAMMING,ITQ96_CENTERED,404.0,27.0,27.0,48.390946502057616,50.0,20.0,21.0,21.390946502057616,
6456829e,HAMMING,ITQ96_CENTERED,505.0,26.5,26.5,48.358024691358025,50.0,19.0,16.0,21.858024691358025,
6456829e,COSINE,FLOAT96_UNCENTERED,,0.6367073065960716,0.6367073065960716,0.0822041013427579,0.03774626058732649,0.7536799438801165,0.7889626678732269,-0.5545032052533136,0.5545032052533136
6456829e,COSINE,FLOAT96_CENTERED,,0.603621152301175,0.603621152301175,-0.0025962801713601755,-0.042859999185630326,0.7324818368126969,0.7646317075110457,-0.6062174324725351,0.6062174324725351
65240037,HAMMING,SIGN96_CENTERED,,30.0,30.0,47.99180327868852,48.0,30.0,9.0,17.991803278688522,
65240037,HAMMING,ITQ96_CENTERED,101.0,2.0,2.0,47.84426229508197,49.0,2.0,0.0,45.84426229508197,
65240037,HAMMING,ITQ96_CENTERED,202.0,2.0,2.0,47.72540983606557,49.0,2.0,0.0,45.72540983606557,
65240037,HAMMING,ITQ96_CENTERED,303.0,3.0,3.0,48.11065573770492,49.0,3.0,0.0,45.11065573770492,
65240037,HAMMING,ITQ96_CENTERED,404.0,3.0,3.0,48.03073770491803,49.0,3.0,0.0,45.03073770491803,
65240037,HAMMING,ITQ96_CENTERED,505.0,1.0,1.0,48.442622950819676,50.0,1.0,0.0,47.442622950819676,
65240037,COSINE,FLOAT96_UNCENTERED,,0.9269242957216683,0.9269242957216683,0.06470810249156939,0.0355978104586198,0.9269242957216683,0.9720815966029612,-0.8622161932300989,0.8622161932300989
65240037,COSINE,FLOAT96_CENTERED,,0.9237080762977485,0.9237080762977485,-0.0028411936592527367,-0.03131981144650656,0.9237080762977485,0.970837916202743,-0.9265492699570013,0.9265492699570013
6613b389,HAMMING,SIGN96_CENTERED,,29.0,29.0,48.0,48.5,28.0,22.0,19.0,
6613b389,HAMMING,ITQ96_CENTERED,101.0,21.5,21.5,48.15555555555556,49.0,15.0,16.0,26.65555555555556,
6613b389,HAMMING,ITQ96_CENTERED,202.0,27.5,27.5,47.98,49.0,25.0,15.0,20.479999999999997,
6613b389,HAMMING,ITQ96_CENTERED,303.0,25.5,25.5,48.24666666666667,49.0,16.0,12.0,22.74666666666667,
6613b389,HAMMING,ITQ96_CENTERED,404.0,25.0,25.0,47.77333333333333,49.0,18.0,17.0,22.773333333333333,
6613b389,HAMMING,ITQ96_CENTERED,505.0,23.5,23.5,47.86,49.0,18.0,10.0,24.36,
6613b389,COSINE,FLOAT96_UNCENTERED,,0.6496158515744497,0.6496158515744497,0.06957901693682864,0.03354926136799108,0.7214958781996715,0.790803537638087,-0.580036834637621,0.580036834637621
6613b389,COSINE,FLOAT96_CENTERED,,0.6268977020261177,0.6268977020261177,-0.0024491456126372116,-0.03963908227497931,0.7003970076047719,0.7708785597179107,-0.6293468476387549,0.6293468476387549
66f24dbb,HAMMING,SIGN96_CENTERED,,47.0,47.0,47.89525691699605,48.0,47.0,20.0,0.8952569169960469,
66f24dbb,HAMMING,ITQ96_CENTERED,101.0,16.0,16.0,47.78260869565217,49.0,16.0,2.0,31.782608695652172,
66f24dbb,HAMMING,ITQ96_CENTERED,202.0,16.0,16.0,47.8201581027668,48.0,16.0,3.0,31.820158102766797,
66f24dbb,HAMMING,ITQ96_CENTERED,303.0,18.0,18.0,48.1205533596838,49.0,18.0,5.0,30.120553359683797,
66f24dbb,HAMMING,ITQ96_CENTERED,404.0,19.0,19.0,48.0296442687747,49.0,19.0,1.0,29.029644268774703,
66f24dbb,HAMMING,ITQ96_CENTERED,505.0,14.0,14.0,48.258893280632414,49.0,14.0,1.0,34.258893280632414,
66f24dbb,COSINE,FLOAT96_UNCENTERED,,0.7865175549261785,0.7865175549261785,0.04099121255404788,0.01613179485312652,0.7865175549261785,0.9303684405204594,-0.7455263423721306,0.7455263423721306
66f24dbb,COSINE,FLOAT96_CENTERED,,0.7850039217489961,0.7850039217489961,-0.0029351484398659126,-0.020594080031651113,0.7850039217489961,0.9311127886408018,-0.787939070188862,0.787939070188862
67e0d0f2,HAMMING,SIGN96_CENTERED,,33.0,33.0,47.53740157480315,48.0,25.0,25.0,14.537401574803148,
67e0d0f2,HAMMING,ITQ96_CENTERED,101.0,26.5,26.5,47.93503937007874,49.0,26.0,23.0,21.43503937007874,
67e0d0f2,HAMMING,ITQ96_CENTERED,202.0,25.5,25.5,47.903543307086615,49.0,25.0,21.0,22.403543307086615,
67e0d0f2,HAMMING,ITQ96_CENTERED,303.0,29.0,29.0,48.2007874015748,49.0,28.0,20.0,19.2007874015748,
67e0d0f2,HAMMING,ITQ96_CENTERED,404.0,27.0,27.0,48.20669291338583,49.0,25.0,26.0,21.20669291338583,
67e0d0f2,HAMMING,ITQ96_CENTERED,505.0,25.5,25.5,48.20275590551181,49.0,21.0,20.0,22.702755905511808,
67e0d0f2,COSINE,FLOAT96_UNCENTERED,,0.6174114252177182,0.6174114252177182,0.12425618437997632,0.08530759374394335,0.6641484358140625,0.6639158658974527,-0.49315524083774187,0.49315524083774187
67e0d0f2,COSINE,FLOAT96_CENTERED,,0.5646250770656991,0.5646250770656991,-0.0019023536179543505,-0.0484903797893521,0.6175721432168187,0.6109970292810333,-0.5665274306836534,0.5665274306836534
681a1674,HAMMING,SIGN96_CENTERED,,31.0,31.0,47.71518987341772,48.0,23.0,14.0,16.71518987341772,
681a1674,HAMMING,ITQ96_CENTERED,101.0,16.5,16.5,48.267932489451475,49.0,8.0,7.0,31.767932489451475,
681a1674,HAMMING,ITQ96_CENTERED,202.0,18.5,18.5,48.234177215189874,49.0,10.0,9.0,29.734177215189874,
681a1674,HAMMING,ITQ96_CENTERED,303.0,19.0,19.0,48.040084388185655,49.0,11.0,11.0,29.040084388185655,
681a1674,HAMMING,ITQ96_CENTERED,404.0,19.0,19.0,48.22784810126582,50.0,12.0,10.0,29.22784810126582,
681a1674,HAMMING,ITQ96_CENTERED,505.0,18.5,18.5,48.09071729957806,49.0,9.0,7.0,29.59071729957806,
681a1674,COSINE,FLOAT96_UNCENTERED,,0.7942509800420194,0.7942509800420194,0.045308403367531336,0.015574251371045358,0.8373793562749988,0.9041227881816949,-0.7489425766744882,0.7489425766744882
681a1674,COSINE,FLOAT96_CENTERED,,0.7873530677428593,0.7873530677428593,-0.004885800539019739,-0.02735408501015177,0.8334669455951877,0.9027469748736535,-0.7922388682818791,0.7922388682818791
69fee5aa,HAMMING,SIGN96_CENTERED,,18.0,18.0,48.056133056133056,49.0,14.0,18.0,30.056133056133056,
69fee5aa,HAMMING,ITQ96_CENTERED,101.0,13.5,13.5,48.07484407484407,49.0,10.0,12.0,34.57484407484407,
69fee5aa,HAMMING,ITQ96_CENTERED,202.0,13.0,13.0,48.06029106029106,49.0,8.0,11.0,35.06029106029106,
69fee5aa,HAMMING,ITQ96_CENTERED,303.0,13.5,13.5,48.21829521829522,49.0,11.0,9.0,34.71829521829522,
69fee5aa,HAMMING,ITQ96_CENTERED,404.0,14.0,14.0,47.762993762993766,49.0,11.0,12.0,33.762993762993766,
69fee5aa,HAMMING,ITQ96_CENTERED,505.0,11.5,11.5,47.7962577962578,49.0,6.0,12.0,36.2962577962578,
69fee5aa,COSINE,FLOAT96_UNCENTERED,,0.8404564146420976,0.8404564146420976,0.07004581779684659,0.0308411570433548,0.8712996626185993,0.8083084424906055,-0.770410596845251,0.770410596845251
69fee5aa,COSINE,FLOAT96_CENTERED,,0.8264320635693518,0.8264320635693518,-0.0028272945564041954,-0.03459273012947489,0.8605150321977045,0.7850727043493361,-0.829259358125756,0.829259358125756
6a1eabeb,HAMMING,SIGN96_CENTERED,,22.0,22.0,48.63503649635037,49.0,11.0,12.0,26.635036496350367,
6a1eabeb,HAMMING,ITQ96_CENTERED,101.0,8.0,8.0,48.257907542579076,49.0,2.0,2.0,40.257907542579076,
6a1eabeb,HAMMING,ITQ96_CENTERED,202.0,13.0,13.0,47.929440389294406,49.0,6.0,6.0,34.929440389294406,
6a1eabeb,HAMMING,ITQ96_CENTERED,303.0,14.0,14.0,48.37469586374696,49.0,5.0,5.0,34.37469586374696,
6a1eabeb,HAMMING,ITQ96_CENTERED,404.0,11.5,11.5,47.90997566909976,49.0,3.0,3.0,36.40997566909976,
6a1eabeb,HAMMING,ITQ96_CENTERED,505.0,13.5,13.5,48.284671532846716,49.0,3.0,3.0,34.784671532846716,
6a1eabeb,COSINE,FLOAT96_UNCENTERED,,0.8446917722104766,0.8446917722104766,0.060154123248758413,0.035332052600051345,0.9273102264567725,0.9167127532651147,-0.7845376489617182,0.7845376489617182
6a1eabeb,COSINE,FLOAT96_CENTERED,,0.8340063870313035,0.8340063870313035,-0.0041623622906669005,-0.023524942675698365,0.9240927070480036,0.9131055451531398,-0.8381687493219704,0.8381687493219704
6a27ffc2,HAMMING,SIGN96_CENTERED,,23.0,23.0,48.319755600814666,48.0,17.0,21.0,25.319755600814666,
6a27ffc2,HAMMING,ITQ96_CENTERED,101.0,9.0,9.0,47.930753564154784,49.0,8.0,10.0,38.930753564154784,
6a27ffc2,HAMMING,ITQ96_CENTERED,202.0,10.0,10.0,48.09979633401222,49.0,8.0,8.0,38.09979633401222,
6a27ffc2,HAMMING,ITQ96_CENTERED,303.0,13.5,13.5,48.134419551934826,49.0,8.0,9.0,34.634419551934826,
6a27ffc2,HAMMING,ITQ96_CENTERED,404.0,12.0,12.0,48.181262729124235,49.0,7.0,11.0,36.181262729124235,
6a27ffc2,HAMMING,ITQ96_CENTERED,505.0,10.5,10.5,48.35030549898167,49.0,6.0,6.0,37.85030549898167,
6a27ffc2,COSINE,FLOAT96_UNCENTERED,,0.8629359486641068,0.8629359486641068,0.05401936376401239,0.02731367410125288,0.9080795166545688,0.8746438410135853,-0.8089165849000944,0.8089165849000944
6a27ffc2,COSINE,FLOAT96_CENTERED,,0.8546811320894251,0.8546811320894251,-0.004038693880083844,-0.024565278783324478,0.9036508889552977,0.8694292134454605,-0.8587198259695089,0.8587198259695089
6ade9755,HAMMING,SIGN96_CENTERED,,31.0,31.0,47.6484375,48.0,31.0,22.0,16.6484375,
6ade9755,HAMMING,ITQ96_CENTERED,101.0,8.0,8.0,47.884765625,49.0,8.0,7.0,39.884765625,
6ade9755,HAMMING,ITQ96_CENTERED,202.0,9.0,9.0,48.087890625,49.0,9.0,3.0,39.087890625,
6ade9755,HAMMING,ITQ96_CENTERED,303.0,8.0,8.0,48.185546875,49.0,8.0,4.0,40.185546875,
6ade9755,HAMMING,ITQ96_CENTERED,404.0,5.0,5.0,47.8984375,49.0,5.0,5.0,42.8984375,
6ade9755,HAMMING,ITQ96_CENTERED,505.0,8.0,8.0,47.896484375,49.0,8.0,6.0,39.896484375,
6ade9755,COSINE,FLOAT96_UNCENTERED,,0.8789875187224971,0.8789875187224971,0.04651063124169595,0.015713915356989662,0.8789875187224971,0.9110716658612332,-0.8324768874808012,0.8324768874808012
6ade9755,COSINE,FLOAT96_CENTERED,,0.8757608285766197,0.8757608285766197,-0.002227899893157354,-0.026177609422524915,0.8757608285766197,0.908004096276208,-0.877988728469777,0.877988728469777
6ae235be,HAMMING,SIGN96_CENTERED,,11.0,11.0,47.88079470198676,48.0,11.0,21.0,36.88079470198676,
6ae235be,HAMMING,ITQ96_CENTERED,101.0,8.0,8.0,48.143487858719645,49.0,8.0,10.0,40.143487858719645,
6ae235be,HAMMING,ITQ96_CENTERED,202.0,12.0,12.0,47.94922737306843,49.0,12.0,11.0,35.94922737306843,
6ae235be,HAMMING,ITQ96_CENTERED,303.0,9.0,9.0,48.13245033112583,49.0,9.0,12.0,39.13245033112583,
6ae235be,HAMMING,ITQ96_CENTERED,404.0,10.0,10.0,48.094922737306845,49.0,10.0,9.0,38.094922737306845,
6ae235be,HAMMING,ITQ96_CENTERED,505.0,7.0,7.0,47.77041942604856,48.0,7.0,12.0,40.77041942604856,
6ae235be,COSINE,FLOAT96_UNCENTERED,,0.9326843568127626,0.9326843568127626,0.08043002763623561,0.06067435495393056,0.9326843568127626,0.8646934739677103,-0.852254329176527,0.852254329176527
6ae235be,COSINE,FLOAT96_CENTERED,,0.9268082083882467,0.9268082083882467,-0.002383826278037045,-0.02191864322331287,0.9268082083882467,0.8533916552790668,-0.9291920346662838,0.9291920346662838
6aeb4375,HAMMING,SIGN96_CENTERED,,18.0,18.0,48.0343347639485,48.0,17.0,25.0,30.0343347639485,
6aeb4375,HAMMING,ITQ96_CENTERED,101.0,14.5,14.5,48.107296137339056,49.0,12.0,13.0,33.607296137339056,
6aeb4375,HAMMING,ITQ96_CENTERED,202.0,9.5,9.5,48.212446351931334,49.0,9.0,16.0,38.712446351931334,
6aeb4375,HAMMING,ITQ96_CENTERED,303.0,12.0,12.0,48.1587982832618,49.0,12.0,20.0,36.1587982832618,
6aeb4375,HAMMING,ITQ96_CENTERED,404.0,13.5,13.5,48.02145922746781,49.0,12.0,16.0,34.52145922746781,
6aeb4375,HAMMING,ITQ96_CENTERED,505.0,12.5,12.5,48.35622317596567,50.0,9.0,19.0,35.85622317596567,
6aeb4375,COSINE,FLOAT96_UNCENTERED,,0.8436340860225617,0.8436340860225617,0.06227375066229047,0.022739657641545258,0.8491917584418289,0.7826352292952294,-0.7813603353602713,0.7813603353602713
6aeb4375,COSINE,FLOAT96_CENTERED,,0.8325613089062562,0.8325613089062562,-0.0041599705941236164,-0.03738351185587592,0.8381347734798721,0.757143428430995,-0.8367212795003799,0.8367212795003799
6b168ec8,HAMMING,SIGN96_CENTERED,,19.0,19.0,47.82744282744283,48.0,19.0,21.0,28.82744282744283,
6b168ec8,HAMMING,ITQ96_CENTERED,101.0,13.0,13.0,47.5945945945946,49.0,13.0,6.0,34.5945945945946,
6b168ec8,HAMMING,ITQ96_CENTERED,202.0,17.0,17.0,48.016632016632016,49.0,17.0,5.0,31.016632016632016,
6b168ec8,HAMMING,ITQ96_CENTERED,303.0,12.0,12.0,47.9022869022869,49.0,12.0,2.0,35.9022869022869,
6b168ec8,HAMMING,ITQ96_CENTERED,404.0,14.0,14.0,48.106029106029105,49.0,14.0,8.0,34.106029106029105,
6b168ec8,HAMMING,ITQ96_CENTERED,505.0,12.0,12.0,47.987525987525984,49.0,12.0,2.0,35.987525987525984,
6b168ec8,COSINE,FLOAT96_UNCENTERED,,0.8342758413853703,0.8342758413853703,0.03769198409996675,0.016061422400531863,0.8342758413853703,0.9093225069837847,-0.7965838572854035,0.7965838572854035
6b168ec8,COSINE,FLOAT96_CENTERED,,0.8298283915304637,0.8298283915304637,-0.0022460811816807217,-0.0162744949016322,0.8298283915304637,0.9090341717395682,-0.8320744727121444,0.8320744727121444
6b7dfb22,HAMMING,SIGN96_CENTERED,,45.0,45.0,47.82127659574468,48.0,45.0,30.0,2.8212765957446777,
6b7dfb22,HAMMING,ITQ96_CENTERED,101.0,32.0,32.0,47.851063829787236,49.0,32.0,23.0,15.851063829787236,
6b7dfb22,HAMMING,ITQ96_CENTERED,202.0,31.0,31.0,48.2,49.0,31.0,25.0,17.200000000000003,
6b7dfb22,HAMMING,ITQ96_CENTERED,303.0,31.0,31.0,48.02340425531915,49.0,31.0,25.0,17.02340425531915,
6b7dfb22,HAMMING,ITQ96_CENTERED,404.0,30.0,30.0,48.31276595744681,49.0,30.0,24.0,18.312765957446807,
6b7dfb22,HAMMING,ITQ96_CENTERED,505.0,29.0,29.0,47.9,49.0,29.0,25.0,18.9,
6b7dfb22,COSINE,FLOAT96_UNCENTERED,,0.5356191904797288,0.5356191904797288,0.14541650458794425,0.11557827925054245,0.5356191904797288,0.6095791589185029,-0.3902026858917846,0.3902026858917846
6b7dfb22,COSINE,FLOAT96_CENTERED,,0.45510966710410344,0.45510966710410344,0.00047164490695613705,-0.04152123696050043,0.45510966710410344,0.5511649977069262,-0.45463802219714733,0.45463802219714733
6c49646a,HAMMING,SIGN96_CENTERED,,26.5,26.5,48.058548009367684,49.0,25.0,25.0,21.558548009367684,
6c49646a,HAMMING,ITQ96_CENTERED,101.0,17.0,17.0,48.13817330210773,49.0,13.0,9.0,31.13817330210773,
6c49646a,HAMMING,ITQ96_CENTERED,202.0,17.5,17.5,48.15222482435597,49.0,11.0,11.0,30.65222482435597,
6c49646a,HAMMING,ITQ96_CENTERED,303.0,18.5,18.5,48.131147540983605,49.0,17.0,13.0,29.631147540983605,
6c49646a,HAMMING,ITQ96_CENTERED,404.0,17.0,17.0,47.89929742388759,49.0,11.0,7.0,30.89929742388759,
6c49646a,HAMMING,ITQ96_CENTERED,505.0,17.0,17.0,47.866510538641684,49.0,11.0,13.0,30.866510538641684,
6c49646a,COSINE,FLOAT96_UNCENTERED,,0.7900401113839383,0.7900401113839383,0.06352293921128696,0.030733980243113343,0.8317937791034464,0.840557428580321,-0.7265171721726513,0.7265171721726513
6c49646a,COSINE,FLOAT96_CENTERED,,0.7778095837414313,0.7778095837414313,-0.004122831145414947,-0.03212842755161518,0.8218725184105606,0.8303800899827214,-0.7819324148868462,0.7819324148868462
6cb6f249,HAMMING,SIGN96_CENTERED,,31.5,31.5,47.71367521367522,48.0,29.0,31.0,16.213675213675216,
6cb6f249,HAMMING,ITQ96_CENTERED,101.0,27.0,27.0,48.0534188034188,49.0,24.0,13.0,21.0534188034188,
6cb6f249,HAMMING,ITQ96_CENTERED,202.0,38.0,38.0,47.873931623931625,49.0,33.0,11.0,9.873931623931625,
6cb6f249,HAMMING,ITQ96_CENTERED,303.0,26.5,26.5,47.965811965811966,49.0,25.0,12.0,21.465811965811966,
6cb6f249,HAMMING,ITQ96_CENTERED,404.0,31.0,31.0,47.83119658119658,49.0,29.0,11.0,16.83119658119658,
6cb6f249,HAMMING,ITQ96_CENTERED,505.0,33.0,33.0,48.27991452991453,49.0,30.0,11.0,15.279914529914528,
6cb6f249,COSINE,FLOAT96_UNCENTERED,,0.5746176438166012,0.5746176438166012,0.07505423569925725,0.03132377037174982,0.6740311628033001,0.8458209207834135,-0.49956340811734395,0.49956340811734395
6cb6f249,COSINE,FLOAT96_CENTERED,,0.5302492545678261,0.5302492545678261,-0.0020560134191793204,-0.04242018042470716,0.637404799240674,0.8307698222458035,-0.5323052679870054,0.5323052679870054
6d550036,HAMMING,SIGN96_CENTERED,,44.5,42.5,48.04590818363273,48.0,39.0,26.0,3.545908183632733,
6d550036,HAMMING,ITQ96_CENTERED,101.0,47.75,48.0,47.5748502994012,49.0,41.0,16.0,-0.17514970059880142,
6d550036,HAMMING,ITQ96_CENTERED,202.0,47.0,48.0,48.03393213572854,49.0,36.0,17.0,1.0339321357285414,
6d550036,HAMMING,ITQ96_CENTERED,303.0,49.5,49.0,48.13373253493014,49.0,44.0,15.0,-1.3662674650698605,
6d550036,HAMMING,ITQ96_CENTERED,404.0,43.5,43.0,47.80239520958084,49.0,36.0,18.0,4.302395209580837,
6d550036,HAMMING,ITQ96_CENTERED,505.0,48.75,48.0,48.10379241516966,49.0,44.0,10.0,-0.6462075848303428,
6d550036,COSINE,FLOAT96_UNCENTERED,,0.16946859397977077,0.1609209226943354,0.11101910890357726,0.06779006109720467,0.38212880106418823,0.7936247240937406,-0.058449485076193505,0.058449485076193505
6d550036,COSINE,FLOAT96_CENTERED,,0.05524381574852063,0.028987927777728247,0.0012485529619129443,-0.04133172206449528,0.2953308617741457,0.7604224409230994,-0.053995262786607684,0.053995262786607684
6e984301,HAMMING,SIGN96_CENTERED,,24.0,24.0,47.951076320939336,48.0,23.0,24.0,23.951076320939336,
6e984301,HAMMING,ITQ96_CENTERED,101.0,18.5,18.5,47.98238747553816,49.0,16.0,13.0,29.48238747553816,
6e984301,HAMMING,ITQ96_CENTERED,202.0,15.5,15.5,48.18590998043053,49.0,12.0,12.0,32.68590998043053,
6e984301,HAMMING,ITQ96_CENTERED,303.0,18.5,18.5,47.98434442270059,49.0,17.0,16.0,29.484344422700588,
6e984301,HAMMING,ITQ96_CENTERED,404.0,14.0,14.0,48.228962818003914,49.0,14.0,12.0,34.228962818003914,
6e984301,HAMMING,ITQ96_CENTERED,505.0,18.0,18.0,48.211350293542075,49.0,15.0,13.0,30.211350293542075,
6e984301,COSINE,FLOAT96_UNCENTERED,,0.7697535873751816,0.7697535873751816,0.12271677693375292,0.08653612934860097,0.8029246047966965,0.8133879780771984,-0.6470368104414287,0.6470368104414287
6e984301,COSINE,FLOAT96_CENTERED,,0.728986490844701,0.728986490844701,-0.0009204035962431745,-0.042515768772355175,0.7693793794386573,0.7872982966355292,-0.7299068944409441,0.7299068944409441
6e984302,HAMMING,SIGN96_CENTERED,,32.0,32.0,47.81917211328976,48.0,32.0,29.0,15.81917211328976,
6e984302,HAMMING,ITQ96_CENTERED,101.0,40.0,40.0,48.074074074074076,49.0,40.0,27.0,8.074074074074076,
6e984302,HAMMING,ITQ96_CENTERED,202.0,41.0,41.0,47.9760348583878,49.0,41.0,23.0,6.9760348583877985,
6e984302,HAMMING,ITQ96_CENTERED,303.0,39.0,39.0,48.167755991285404,49.0,39.0,29.0,9.167755991285404,
6e984302,HAMMING,ITQ96_CENTERED,404.0,41.0,41.0,47.92374727668845,49.0,41.0,27.0,6.923747276688452,
6e984302,HAMMING,ITQ96_CENTERED,505.0,39.0,39.0,47.891067538126364,49.0,39.0,25.0,8.891067538126364,
6e984302,COSINE,FLOAT96_UNCENTERED,,0.3496881882312181,0.3496881882312181,0.1545513225411116,0.13221888432316886,0.3496881882312181,0.6330422763997072,-0.19513686569010652,0.19513686569010652
6e984302,COSINE,FLOAT96_CENTERED,,0.2172979917945966,0.2172979917945966,0.0014709457734770998,-0.02184551469057223,0.2172979917945966,0.5416348162794541,-0.21582704602111952,0.21582704602111952
6f9b354f,HAMMING,SIGN96_CENTERED,,23.0,23.0,48.496993987975955,49.0,23.0,25.0,25.496993987975955,
6f9b354f,HAMMING,ITQ96_CENTERED,101.0,35.0,35.0,48.142284569138276,48.0,35.0,24.0,13.142284569138276,
6f9b354f,HAMMING,ITQ96_CENTERED,202.0,29.0,29.0,48.454909819639276,49.0,29.0,23.0,19.454909819639276,
6f9b354f,HAMMING,ITQ96_CENTERED,303.0,36.0,36.0,48.37074148296593,49.0,36.0,21.0,12.370741482965933,
6f9b354f,HAMMING,ITQ96_CENTERED,404.0,28.0,28.0,48.13426853707415,49.0,28.0,19.0,20.13426853707415,
6f9b354f,HAMMING,ITQ96_CENTERED,505.0,25.0,25.0,48.06613226452906,49.0,25.0,21.0,23.06613226452906,
6f9b354f,COSINE,FLOAT96_UNCENTERED,,0.5358848191060865,0.5358848191060865,0.08172915491680394,0.06833918392864906,0.5358848191060865,0.6579932693053494,-0.4541556641892826,0.4541556641892826
6f9b354f,COSINE,FLOAT96_CENTERED,,0.47165822975294325,0.47165822975294325,-0.001335065666724989,-0.024409713323586994,0.47165822975294325,0.6342059680516975,-0.4729932954196682,0.4729932954196682
7024f17c,HAMMING,SIGN96_CENTERED,,42.0,42.0,48.54885654885655,49.0,34.0,30.0,6.548856548856548,
7024f17c,HAMMING,ITQ96_CENTERED,101.0,36.0,36.0,47.71725571725572,49.0,23.0,11.0,11.717255717255718,
7024f17c,HAMMING,ITQ96_CENTERED,202.0,37.5,37.5,48.20582120582121,50.0,30.0,14.0,10.70582120582121,
7024f17c,HAMMING,ITQ96_CENTERED,303.0,35.0,35.0,48.12889812889813,50.0,28.0,17.0,13.128898128898129,
7024f17c,HAMMING,ITQ96_CENTERED,404.0,34.5,34.5,47.87733887733888,49.0,25.0,14.0,13.377338877338879,
7024f17c,HAMMING,ITQ96_CENTERED,505.0,36.5,36.5,47.733887733887734,49.0,26.0,14.0,11.233887733887734,
7024f17c,COSINE,FLOAT96_UNCENTERED,,0.3996204038937806,0.3996204038937806,0.08323347362427118,0.03804131541951529,0.6357640083557039,0.7829994579629707,-0.3163869302695094,0.3163869302695094
7024f17c,COSINE,FLOAT96_CENTERED,,0.3369827280069159,0.3369827280069159,-0.00022001901641289717,-0.043685541564957776,0.5824405094684708,0.7631663165799242,-0.3372027470233288,0.3372027470233288
70b3e69b,HAMMING,SIGN96_CENTERED,,22.0,22.0,48.03846153846154,48.0,22.0,27.0,26.03846153846154,
70b3e69b,HAMMING,ITQ96_CENTERED,101.0,3.0,3.0,48.3421052631579,49.0,3.0,1.0,45.3421052631579,
70b3e69b,HAMMING,ITQ96_CENTERED,202.0,1.0,1.0,48.058704453441294,49.0,1.0,0.0,47.058704453441294,
70b3e69b,HAMMING,ITQ96_CENTERED,303.0,1.0,1.0,48.012145748987855,49.0,1.0,1.0,47.012145748987855,
70b3e69b,HAMMING,ITQ96_CENTERED,404.0,3.0,3.0,47.84817813765182,49.0,3.0,0.0,44.84817813765182,
70b3e69b,HAMMING,ITQ96_CENTERED,505.0,3.0,3.0,48.21052631578947,49.0,3.0,1.0,45.21052631578947,
70b3e69b,COSINE,FLOAT96_UNCENTERED,,0.9582547467212503,0.9582547467212503,0.07511041539184982,0.05066929374498529,0.9582547467212503,0.9619354469613228,-0.8831443313294005,0.8831443313294005
70b3e69b,COSINE,FLOAT96_CENTERED,,0.9552454042570154,0.9552454042570154,-0.002666867858249644,-0.027085462321129516,0.9552454042570154,0.9595706810555814,-0.9579122721152651,0.9579122721152651
71017276,HAMMING,SIGN96_CENTERED,,25.0,25.0,48.257748776508976,48.0,25.0,23.0,23.257748776508976,
71017276,HAMMING,ITQ96_CENTERED,101.0,23.0,23.0,47.831973898858074,48.0,23.0,22.0,24.831973898858074,
71017276,HAMMING,ITQ96_CENTERED,202.0,28.0,28.0,48.159869494290376,49.0,28.0,20.0,20.159869494290376,
71017276,HAMMING,ITQ96_CENTERED,303.0,23.0,23.0,48.13703099510604,49.0,23.0,20.0,25.137030995106038,
71017276,HAMMING,ITQ96_CENTERED,404.0,26.0,26.0,47.98858075040783,49.0,26.0,23.0,21.988580750407827,
71017276,HAMMING,ITQ96_CENTERED,505.0,26.0,26.0,48.05057096247961,49.0,26.0,23.0,22.05057096247961,
71017276,COSINE,FLOAT96_UNCENTERED,,0.6590266628288077,0.6590266628288077,0.09270612722565412,0.06434379201293065,0.6590266628288077,0.6498634191083927,-0.5663205356031537,0.5663205356031537
71017276,COSINE,FLOAT96_CENTERED,,0.6160098243876878,0.6160098243876878,-0.0012132549092798723,-0.02953042856963182,0.6160098243876878,0.6177508198273046,-0.6172230792969677,0.6172230792969677
71017277,HAMMING,SIGN96_CENTERED,,50.0,50.0,48.333333333333336,48.0,50.0,26.0,-1.6666666666666643,
71017277,HAMMING,ITQ96_CENTERED,101.0,39.0,39.0,48.17479674796748,49.0,39.0,18.0,9.174796747967477,
71017277,HAMMING,ITQ96_CENTERED,202.0,47.0,47.0,47.8109756097561,48.0,47.0,18.0,0.810975609756099,
71017277,HAMMING,ITQ96_CENTERED,303.0,43.0,43.0,47.79471544715447,49.0,43.0,18.0,4.7947154471544735,
71017277,HAMMING,ITQ96_CENTERED,404.0,48.0,48.0,48.0630081300813,49.0,48.0,15.0,0.06300813008130035,
71017277,HAMMING,ITQ96_CENTERED,505.0,44.0,44.0,48.22357723577236,49.0,44.0,20.0,4.22357723577236,
71017277,COSINE,FLOAT96_UNCENTERED,,0.2290901719614882,0.2290901719614882,0.0822679043884741,0.05318123519145704,0.2290901719614882,0.7439099265499951,-0.1468222675730141,0.1468222675730141
71017277,COSINE,FLOAT96_CENTERED,,0.13464112747104862,0.13464112747104862,0.0006119273767193508,-0.030170865976680762,0.13464112747104862,0.7200160869904153,-0.13402920009432925,0.13402920009432925
71315a70,HAMMING,SIGN96_CENTERED,,19.5,19.5,47.931640625,48.0,15.0,22.0,28.431640625,
71315a70,HAMMING,ITQ96_CENTERED,101.0,12.0,12.0,48.0703125,49.0,6.0,5.0,36.0703125,
71315a70,HAMMING,ITQ96_CENTERED,202.0,13.5,13.5,47.83984375,48.0,9.0,4.0,34.33984375,
71315a70,HAMMING,ITQ96_CENTERED,303.0,11.5,11.5,48.322265625,49.0,5.0,4.0,36.822265625,
71315a70,HAMMING,ITQ96_CENTERED,404.0,11.5,11.5,48.18359375,49.0,8.0,7.0,36.68359375,
71315a70,HAMMING,ITQ96_CENTERED,505.0,10.5,10.5,48.044921875,49.0,5.0,6.0,37.544921875,
71315a70,COSINE,FLOAT96_UNCENTERED,,0.8621710670211431,0.8621710670211431,0.04600637135379146,0.021919728458699078,0.9031507493028452,0.9038422834880242,-0.8161646956673516,0.8161646956673516
71315a70,COSINE,FLOAT96_CENTERED,,0.8570248089064936,0.8570248089064936,-0.004382989254178483,-0.019615874530728425,0.8998896117701201,0.90114370973611,-0.861407798160672,0.861407798160672
7161e7e2,HAMMING,SIGN96_CENTERED,,26.0,26.0,47.71402550091074,48.0,26.0,23.0,21.714025500910743,
7161e7e2,HAMMING,ITQ96_CENTERED,101.0,0.0,0.0,48.183970856102,49.0,0.0,0.0,48.183970856102,
7161e7e2,HAMMING,ITQ96_CENTERED,202.0,0.0,0.0,48.03825136612022,49.0,0.0,0.0,48.03825136612022,
7161e7e2,HAMMING,ITQ96_CENTERED,303.0,1.0,1.0,48.09836065573771,48.0,1.0,1.0,47.09836065573771,
7161e7e2,HAMMING,ITQ96_CENTERED,404.0,1.0,1.0,47.92896174863388,48.0,1.0,0.0,46.92896174863388,
7161e7e2,HAMMING,ITQ96_CENTERED,505.0,0.0,0.0,47.99089253187614,49.0,0.0,0.0,47.99089253187614,
7161e7e2,COSINE,FLOAT96_UNCENTERED,,0.9529984305327357,0.9529984305327357,0.054903410675452104,0.03637852158121545,0.9529984305327357,0.9851343215801187,-0.8980950198572836,0.8980950198572836
7161e7e2,COSINE,FLOAT96_CENTERED,,0.9524184710209276,0.9524184710209276,-0.0029903050039762793,-0.020189117922866203,0.9524184710209276,0.9850034953451495,-0.9554087760249038,0.9554087760249038
71a3fd6b,HAMMING,SIGN96_CENTERED,,25.0,25.0,48.42465753424658,49.0,25.0,21.0,23.424657534246577,
71a3fd6b,HAMMING,ITQ96_CENTERED,101.0,2.0,2.0,48.077625570776256,49.0,2.0,2.0,46.077625570776256,
71a3fd6b,HAMMING,ITQ96_CENTERED,202.0,3.0,3.0,47.83561643835616,49.0,3.0,3.0,44.83561643835616,
71a3fd6b,HAMMING,ITQ96_CENTERED,303.0,2.0,2.0,47.85159817351598,48.0,2.0,2.0,45.85159817351598,
71a3fd6b,HAMMING,ITQ96_CENTERED,404.0,2.0,2.0,48.10045662100457,49.0,2.0,2.0,46.10045662100457,
71a3fd6b,HAMMING,ITQ96_CENTERED,505.0,4.0,4.0,48.08904109589041,49.0,4.0,3.0,44.08904109589041,
71a3fd6b,COSINE,FLOAT96_UNCENTERED,,0.9409830991318322,0.9409830991318322,0.05669422535136663,0.03911901752213012,0.9409830991318322,0.9358241502028957,-0.8842888737804656,0.8842888737804656
71a3fd6b,COSINE,FLOAT96_CENTERED,,0.9405827199688492,0.9405827199688492,-0.0032030709888598336,-0.014885364612648125,0.9405827199688492,0.9351698874033008,-0.9437857909577091,0.9437857909577091
720133ac,HAMMING,SIGN96_CENTERED,,29.5,29.5,47.71120689655172,48.0,27.0,24.0,18.211206896551722,
720133ac,HAMMING,ITQ96_CENTERED,101.0,23.5,23.5,47.89870689655172,49.0,21.0,17.0,24.398706896551722,
720133ac,HAMMING,ITQ96_CENTERED,202.0,19.5,19.5,48.116379310344826,49.0,15.0,12.0,28.616379310344826,
720133ac,HAMMING,ITQ96_CENTERED,303.0,22.0,22.0,47.775862068965516,49.0,16.0,13.0,25.775862068965516,
720133ac,HAMMING,ITQ96_CENTERED,404.0,24.5,24.5,48.26724137931034,50.0,17.0,14.0,23.76724137931034,
720133ac,HAMMING,ITQ96_CENTERED,505.0,22.5,22.5,48.168103448275865,50.0,20.0,12.0,25.668103448275865,
720133ac,COSINE,FLOAT96_UNCENTERED,,0.6753231993449957,0.6753231993449957,0.08007279694540481,0.04289302845319186,0.7026530191522552,0.8138241655588154,-0.5952504023995909,0.5952504023995909
720133ac,COSINE,FLOAT96_CENTERED,,0.6469296068055419,0.6469296068055419,-0.002451217719948346,-0.03815080188250447,0.6858090067661027,0.7957673333051765,-0.6493808245254903,0.6493808245254903
726462e0,HAMMING,SIGN96_CENTERED,,28.0,28.0,47.852,48.0,28.0,32.0,19.851999999999997,
726462e0,HAMMING,ITQ96_CENTERED,101.0,29.0,29.0,48.244,48.0,29.0,31.0,19.244,
726462e0,HAMMING,ITQ96_CENTERED,202.0,33.0,33.0,47.902,48.0,33.0,32.0,14.902000000000001,
726462e0,HAMMING,ITQ96_CENTERED,303.0,31.0,31.0,48.014,48.0,31.0,30.0,17.014000000000003,
726462e0,HAMMING,ITQ96_CENTERED,404.0,38.0,38.0,48.168,48.0,38.0,31.0,10.168,
726462e0,HAMMING,ITQ96_CENTERED,505.0,33.0,33.0,48.168,49.0,33.0,32.0,15.168,
726462e0,COSINE,FLOAT96_UNCENTERED,,0.6050017915792361,0.6050017915792361,0.1809594725844899,0.18765056077846623,0.6050017915792361,0.513554831399505,-0.42404231899474615,0.42404231899474615
726462e0,COSINE,FLOAT96_CENTERED,,0.4842424529425388,0.4842424529425388,0.0022833574503889112,0.008406406081681143,0.4842424529425388,0.36325119992653515,-0.4819590954921499,0.4819590954921499
72e3ee87,HAMMING,SIGN96_CENTERED,,21.0,21.0,48.02429149797571,48.0,20.0,22.0,27.02429149797571,
72e3ee87,HAMMING,ITQ96_CENTERED,101.0,15.5,15.5,48.29959514170041,49.0,11.0,17.0,32.79959514170041,
72e3ee87,HAMMING,ITQ96_CENTERED,202.0,18.0,18.0,48.19635627530364,48.0,12.0,15.0,30.196356275303643,
72e3ee87,HAMMING,ITQ96_CENTERED,303.0,19.5,19.5,47.78137651821862,48.0,18.0,16.0,28.28137651821862,
72e3ee87,HAMMING,ITQ96_CENTERED,404.0,17.0,17.0,48.050607287449395,49.0,17.0,18.0,31.050607287449395,
72e3ee87,HAMMING,ITQ96_CENTERED,505.0,20.5,20.5,48.564777327935225,49.0,20.0,20.0,28.064777327935225,
72e3ee87,COSINE,FLOAT96_UNCENTERED,,0.8041461550590049,0.8041461550590049,0.060799209129057875,0.038046329971881655,0.8316713984869772,0.8371852162584965,-0.743346945929947,0.743346945929947
72e3ee87,COSINE,FLOAT96_CENTERED,,0.7921162899472249,0.7921162899472249,-0.003334711311131704,-0.01957462039106314,0.821484361174924,0.8242985098513371,-0.7954510012583567,0.7954510012583567
73d42213,HAMMING,SIGN96_CENTERED,,32.5,32.5,48.237354085603116,48.0,27.0,20.0,15.737354085603116,
73d42213,HAMMING,ITQ96_CENTERED,101.0,22.0,22.0,48.10311284046693,49.0,17.0,14.0,26.103112840466927,
73d42213,HAMMING,ITQ96_CENTERED,202.0,25.0,25.0,48.293774319066145,49.5,22.0,15.0,23.293774319066145,
73d42213,HAMMING,ITQ96_CENTERED,303.0,23.5,23.5,48.30544747081712,50.0,19.0,14.0,24.80544747081712,
73d42213,HAMMING,ITQ96_CENTERED,404.0,24.5,24.5,48.19455252918288,49.0,14.0,13.0,23.69455252918288,
73d42213,HAMMING,ITQ96_CENTERED,505.0,25.5,25.5,47.68093385214008,48.0,17.0,16.0,22.18093385214008,
73d42213,COSINE,FLOAT96_UNCENTERED,,0.6117724632154045,0.6117724632154045,0.10812752800936583,0.06941330865082126,0.6926603800011468,0.7988957885856249,-0.5036449352060386,0.5036449352060386
73d42213,COSINE,FLOAT96_CENTERED,,0.5601438512726559,0.5601438512726559,-0.0012655466307520964,-0.040905782731012696,0.6574918992575426,0.771045502296558,-0.5614093979034079,0.5614093979034079
7401057b,HAMMING,SIGN96_CENTERED,,24.0,24.0,48.195945945945944,48.0,20.0,12.0,24.195945945945944,
7401057b,HAMMING,ITQ96_CENTERED,101.0,11.5,11.5,48.612612612612615,49.0,3.0,4.0,37.112612612612615,
7401057b,HAMMING,ITQ96_CENTERED,202.0,13.5,13.5,48.101351351351354,49.0,2.0,2.0,34.601351351351354,
7401057b,HAMMING,ITQ96_CENTERED,303.0,12.0,12.0,47.9527027027027,49.0,3.0,1.0,35.9527027027027,
7401057b,HAMMING,ITQ96_CENTERED,404.0,12.5,12.5,48.12162162162162,49.0,1.0,3.0,35.62162162162162,
7401057b,HAMMING,ITQ96_CENTERED,505.0,11.5,11.5,48.2545045045045,49.0,3.0,4.0,36.7545045045045,
7401057b,COSINE,FLOAT96_UNCENTERED,,0.8577432195333307,0.8577432195333307,0.043734650621258316,0.01999293162815801,0.9463702752529377,0.9391139205818122,-0.8140085689120723,0.8140085689120723
7401057b,COSINE,FLOAT96_CENTERED,,0.8518949758907106,0.8518949758907106,-0.004614305210629036,-0.021588359078739357,0.9456729095992623,0.9377916021171668,-0.8565092811013396,0.8565092811013396
7405e8b1,HAMMING,SIGN96_CENTERED,,29.0,29.0,47.65310492505353,48.0,22.0,20.0,18.653104925053533,
7405e8b1,HAMMING,ITQ96_CENTERED,101.0,25.0,25.0,47.83297644539615,49.0,17.0,3.0,22.83297644539615,
7405e8b1,HAMMING,ITQ96_CENTERED,202.0,23.5,23.5,48.19914346895075,49.0,17.0,6.0,24.69914346895075,
7405e8b1,HAMMING,ITQ96_CENTERED,303.0,27.0,27.0,47.980728051391864,49.0,22.0,8.0,20.980728051391864,
7405e8b1,HAMMING,ITQ96_CENTERED,404.0,21.5,21.5,47.856531049250535,49.0,17.0,9.0,26.356531049250535,
7405e8b1,HAMMING,ITQ96_CENTERED,505.0,23.0,23.0,48.057815845824415,49.0,17.0,5.0,25.057815845824415,
7405e8b1,COSINE,FLOAT96_UNCENTERED,,0.678622062682966,0.678622062682966,0.07304064811941983,0.04069846044493486,0.7545368979088091,0.8994969214370606,-0.6055814145635462,0.6055814145635462
7405e8b1,COSINE,FLOAT96_CENTERED,,0.649106761890085,0.649106761890085,-0.002791595929069156,-0.031738138514612386,0.7332793659114814,0.8914092487514564,-0.6518983578191542,0.6518983578191542
7527f7e2,HAMMING,SIGN96_CENTERED,,27.0,27.0,47.79959100204499,48.0,27.0,27.0,20.79959100204499,
7527f7e2,HAMMING,ITQ96_CENTERED,101.0,22.0,22.0,48.13292433537832,49.0,22.0,18.0,26.13292433537832,
7527f7e2,HAMMING,ITQ96_CENTERED,202.0,24.0,24.0,48.057259713701434,49.0,24.0,18.0,24.057259713701434,
7527f7e2,HAMMING,ITQ96_CENTERED,303.0,23.0,23.0,48.13701431492843,49.0,23.0,19.0,25.13701431492843,
7527f7e2,HAMMING,ITQ96_CENTERED,404.0,17.0,17.0,47.94683026584867,49.0,17.0,16.0,30.946830265848668,
7527f7e2,HAMMING,ITQ96_CENTERED,505.0,24.0,24.0,47.93456032719836,49.0,24.0,19.0,23.934560327198362,
7527f7e2,COSINE,FLOAT96_UNCENTERED,,0.7231702665386642,0.7231702665386642,0.09209162509575239,0.04453657483389216,0.7231702665386642,0.7202866512218185,-0.6310786414429118,0.6310786414429118
7527f7e2,COSINE,FLOAT96_CENTERED,,0.6828802740349259,0.6828802740349259,-0.00015811696990784127,-0.0462552736413483,0.6828802740349259,0.7013952827247788,-0.6830383910048338,0.6830383910048338
75499fd8,HAMMING,SIGN96_CENTERED,,37.0,37.0,48.310204081632655,48.0,37.0,17.0,11.310204081632655,
75499fd8,HAMMING,ITQ96_CENTERED,101.0,8.0,8.0,48.16938775510204,49.5,8.0,6.0,40.16938775510204,
75499fd8,HAMMING,ITQ96_CENTERED,202.0,13.0,13.0,48.05510204081633,49.0,13.0,10.0,35.05510204081633,
75499fd8,HAMMING,ITQ96_CENTERED,303.0,15.0,15.0,48.23265306122449,49.0,15.0,12.0,33.23265306122449,
75499fd8,HAMMING,ITQ96_CENTERED,404.0,13.0,13.0,47.88775510204081,48.0,13.0,12.0,34.88775510204081,
75499fd8,HAMMING,ITQ96_CENTERED,505.0,16.0,16.0,48.310204081632655,49.0,16.0,14.0,32.310204081632655,
75499fd8,COSINE,FLOAT96_UNCENTERED,,0.8000114549844126,0.8000114549844126,0.06306548527049705,0.020940489888041487,0.8000114549844126,0.8047437727896951,-0.7369459697139156,0.7369459697139156
75499fd8,COSINE,FLOAT96_CENTERED,,0.7877114032012591,0.7877114032012591,-0.001211917558548601,-0.03301581208541815,0.7877114032012591,0.7897794019037385,-0.7889233207598076,0.7889233207598076
75832dbd,HAMMING,SIGN96_CENTERED,,45.0,45.0,47.6892177589852,48.0,45.0,31.0,2.689217758985201,
75832dbd,HAMMING,ITQ96_CENTERED,101.0,27.0,27.0,48.25158562367865,50.0,27.0,24.0,21.25158562367865,
75832dbd,HAMMING,ITQ96_CENTERED,202.0,23.0,23.0,48.11416490486258,49.0,23.0,22.0,25.114164904862577,
75832dbd,HAMMING,ITQ96_CENTERED,303.0,25.0,25.0,48.295983086680764,49.0,25.0,23.0,23.295983086680764,
75832dbd,HAMMING,ITQ96_CENTERED,404.0,25.0,25.0,48.09725158562368,49.0,25.0,24.0,23.09725158562368,
75832dbd,HAMMING,ITQ96_CENTERED,505.0,29.0,29.0,48.325581395348834,49.0,29.0,27.0,19.325581395348834,
75832dbd,COSINE,FLOAT96_UNCENTERED,,0.556138895937808,0.556138895937808,0.13645917922656983,0.10871157516073032,0.556138895937808,0.598890069826595,-0.41967971671123816,0.41967971671123816
75832dbd,COSINE,FLOAT96_CENTERED,,0.4985260805146853,0.4985260805146853,-0.0011261984780254308,-0.03387386524867514,0.4985260805146853,0.546906290213551,-0.4996522789927107,0.4996522789927107
75f70248,HAMMING,SIGN96_CENTERED,,33.0,33.0,47.67956989247312,48.0,33.0,28.0,14.679569892473118,
75f70248,HAMMING,ITQ96_CENTERED,101.0,21.0,21.0,47.80215053763441,49.0,21.0,18.0,26.80215053763441,
75f70248,HAMMING,ITQ96_CENTERED,202.0,18.0,18.0,48.01720430107527,49.0,18.0,15.0,30.017204301075267,
75f70248,HAMMING,ITQ96_CENTERED,303.0,18.0,18.0,48.2,49.0,18.0,18.0,30.200000000000003,
75f70248,HAMMING,ITQ96_CENTERED,404.0,16.0,16.0,47.909677419354836,49.0,16.0,15.0,31.909677419354836,
75f70248,HAMMING,ITQ96_CENTERED,505.0,17.0,17.0,48.043010752688176,49.0,17.0,15.0,31.043010752688176,
75f70248,COSINE,FLOAT96_UNCENTERED,,0.7283646379978779,0.7283646379978779,0.10963586684145882,0.07254178038840643,0.7283646379978779,0.747196312049887,-0.6187287711564191,0.6187287711564191
75f70248,COSINE,FLOAT96_CENTERED,,0.7066529474481194,0.7066529474481194,-0.0016843992598161287,-0.040399912100642345,0.7066529474481194,0.7249245669753188,-0.7083373467079355,0.7083373467079355
76d63226,HAMMING,SIGN96_CENTERED,,27.0,27.0,47.94877049180328,48.0,27.0,29.0,20.94877049180328,
76d63226,HAMMING,ITQ96_CENTERED,101.0,23.0,23.0,47.82172131147541,49.0,23.0,17.0,24.821721311475407,
76d63226,HAMMING,ITQ96_CENTERED,202.0,25.0,25.0,48.09426229508197,49.0,25.0,19.0,23.09426229508197,
76d63226,HAMMING,ITQ96_CENTERED,303.0,22.0,22.0,47.91188524590164,49.0,22.0,21.0,25.911885245901637,
76d63226,HAMMING,ITQ96_CENTERED,404.0,29.0,29.0,47.88934426229508,49.0,29.0,22.0,18.889344262295083,
76d63226,HAMMING,ITQ96_CENTERED,505.0,27.0,27.0,47.97950819672131,49.0,27.0,18.0,20.979508196721312,
76d63226,COSINE,FLOAT96_UNCENTERED,,0.6999201930765904,0.6999201930765904,0.11988660608888063,0.08649092030958283,0.6999201930765904,0.7333784516406323,-0.5800335869877098,0.5800335869877098
76d63226,COSINE,FLOAT96_CENTERED,,0.6412481043452383,0.6412481043452383,0.0008746627470582127,-0.03163239188544034,0.6412481043452383,0.6744104881844208,-0.6403734415981801,0.6403734415981801
778164c6,HAMMING,SIGN96_CENTERED,,14.0,14.0,47.842883548983366,48.0,14.0,20.0,33.842883548983366,
778164c6,HAMMING,ITQ96_CENTERED,101.0,4.0,4.0,47.99260628465804,49.0,4.0,5.0,43.99260628465804,
778164c6,HAMMING,ITQ96_CENTERED,202.0,3.0,3.0,48.50092421441774,49.0,3.0,4.0,45.50092421441774,
778164c6,HAMMING,ITQ96_CENTERED,303.0,6.0,6.0,48.17190388170055,49.0,6.0,5.0,42.17190388170055,
778164c6,HAMMING,ITQ96_CENTERED,404.0,8.0,8.0,47.92236598890943,49.0,8.0,5.0,39.92236598890943,
778164c6,HAMMING,ITQ96_CENTERED,505.0,4.0,4.0,47.88909426987061,49.0,4.0,4.0,43.88909426987061,
778164c6,COSINE,FLOAT96_UNCENTERED,,0.9324849391740682,0.9324849391740682,0.07828267140969375,0.05654190785382614,0.9324849391740682,0.9084887117334872,-0.8542022677643744,0.8542022677643744
778164c6,COSINE,FLOAT96_CENTERED,,0.929172906208079,0.929172906208079,-0.0020727594490504648,-0.02328489823709072,0.929172906208079,0.9013084087261657,-0.9312456656571295,0.9312456656571295
77eafa52,HAMMING,SIGN96_CENTERED,,33.0,33.0,48.201904761904764,48.0,29.0,30.0,15.201904761904764,
77eafa52,HAMMING,ITQ96_CENTERED,101.0,20.0,20.0,47.78857142857143,49.0,17.0,17.0,27.78857142857143,
77eafa52,HAMMING,ITQ96_CENTERED,202.0,20.0,20.0,48.16761904761905,49.0,17.0,17.0,28.16761904761905,
77eafa52,HAMMING,ITQ96_CENTERED,303.0,21.0,21.0,48.12190476190476,49.0,16.0,14.0,27.12190476190476,
77eafa52,HAMMING,ITQ96_CENTERED,404.0,18.0,18.0,48.28952380952381,49.0,14.0,14.0,30.289523809523807,
77eafa52,HAMMING,ITQ96_CENTERED,505.0,19.5,19.5,47.838095238095235,49.0,15.0,12.0,28.338095238095235,
77eafa52,COSINE,FLOAT96_UNCENTERED,,0.7131773720473845,0.7131773720473845,0.08377709545913944,0.04677554801145408,0.7806673916534195,0.7933541751796137,-0.629400276588245,0.629400276588245
77eafa52,COSINE,FLOAT96_CENTERED,,0.6939930518897478,0.6939930518897478,-0.003229663051997778,-0.040374495530648855,0.7634857137390941,0.7783467073491631,-0.6972227149417456,0.6972227149417456
7a87bd0c,HAMMING,SIGN96_CENTERED,,17.5,17.5,47.90277777777778,48.0,17.0,21.0,30.40277777777778,
7a87bd0c,HAMMING,ITQ96_CENTERED,101.0,13.0,13.0,48.220238095238095,49.0,9.0,6.0,35.220238095238095,
7a87bd0c,HAMMING,ITQ96_CENTERED,202.0,10.0,10.0,47.714285714285715,49.0,4.0,10.0,37.714285714285715,
7a87bd0c,HAMMING,ITQ96_CENTERED,303.0,10.0,10.0,47.88690476190476,49.0,8.0,7.0,37.88690476190476,
7a87bd0c,HAMMING,ITQ96_CENTERED,404.0,9.0,9.0,48.12896825396825,49.0,6.0,4.0,39.12896825396825,
7a87bd0c,HAMMING,ITQ96_CENTERED,505.0,9.5,9.5,48.43452380952381,50.0,7.0,8.0,38.93452380952381,
7a87bd0c,COSINE,FLOAT96_UNCENTERED,,0.879038505193843,0.879038505193843,0.05700319116803724,0.029377830676814883,0.9098836424791926,0.8788585311027344,-0.8220353140258058,0.8220353140258058
7a87bd0c,COSINE,FLOAT96_CENTERED,,0.8725327276776913,0.8725327276776913,-0.002836186950747328,-0.025646707243960995,0.9058144142461623,0.8715107801462899,-0.8753689146284386,0.8753689146284386
7a8d0b71,HAMMING,SIGN96_CENTERED,,16.0,16.0,47.60860655737705,48.0,16.0,16.0,31.60860655737705,
7a8d0b71,HAMMING,ITQ96_CENTERED,101.0,7.0,7.0,47.9405737704918,48.0,7.0,9.0,40.9405737704918,
7a8d0b71,HAMMING,ITQ96_CENTERED,202.0,7.0,7.0,47.94672131147541,49.0,7.0,5.0,40.94672131147541,
7a8d0b71,HAMMING,ITQ96_CENTERED,303.0,10.0,10.0,47.903688524590166,48.0,10.0,11.0,37.903688524590166,
7a8d0b71,HAMMING,ITQ96_CENTERED,404.0,12.0,12.0,47.78893442622951,49.0,12.0,12.0,35.78893442622951,
7a8d0b71,HAMMING,ITQ96_CENTERED,505.0,12.0,12.0,47.80532786885246,48.0,12.0,11.0,35.80532786885246,
7a8d0b71,COSINE,FLOAT96_UNCENTERED,,0.8978725143114972,0.8978725143114972,0.11133891935282561,0.0847983767873092,0.8978725143114972,0.9014835258281713,-0.7865335949586716,0.7865335949586716
7a8d0b71,COSINE,FLOAT96_CENTERED,,0.8807260986272496,0.8807260986272496,-0.0004228885323352789,-0.028928211234771177,0.8807260986272496,0.8848927131108429,-0.8811489871595849,0.8811489871595849
7e00a6cb,HAMMING,SIGN96_CENTERED,,19.0,19.0,48.182948490230906,48.0,19.0,22.0,29.182948490230906,
7e00a6cb,HAMMING,ITQ96_CENTERED,101.0,19.0,19.0,48.223801065719364,49.0,19.0,17.0,29.223801065719364,
7e00a6cb,HAMMING,ITQ96_CENTERED,202.0,18.0,18.0,47.767317939609235,49.0,18.0,12.0,29.767317939609235,
7e00a6cb,HAMMING,ITQ96_CENTERED,303.0,15.0,15.0,48.01065719360568,49.0,15.0,15.0,33.01065719360568,
7e00a6cb,HAMMING,ITQ96_CENTERED,404.0,16.0,16.0,48.08703374777975,50.0,16.0,15.0,32.08703374777975,
7e00a6cb,HAMMING,ITQ96_CENTERED,505.0,17.0,17.0,48.28063943161634,50.0,17.0,11.0,31.280639431616343,
7e00a6cb,COSINE,FLOAT96_UNCENTERED,,0.7722264895957979,0.7722264895957979,0.1352835364423125,0.08908674721765382,0.7722264895957979,0.8051425263226637,-0.6369429531534854,0.6369429531534854
7e00a6cb,COSINE,FLOAT96_CENTERED,,0.7390976372480687,0.7390976372480687,0.0013297145908166264,-0.04490870077054867,0.7390976372480687,0.7624443109041699,-0.737767922657252,0.737767922657252
7e974930,HAMMING,SIGN96_CENTERED,,19.0,19.0,48.024,48.0,18.0,25.0,29.024,
7e974930,HAMMING,ITQ96_CENTERED,101.0,16.0,16.0,47.974,49.0,11.0,11.0,31.973999999999997,
7e974930,HAMMING,ITQ96_CENTERED,202.0,14.0,14.0,48.474,49.0,10.0,12.0,34.474,
7e974930,HAMMING,ITQ96_CENTERED,303.0,14.0,14.0,47.948,49.0,4.0,8.0,33.948,
7e974930,HAMMING,ITQ96_CENTERED,404.0,15.0,15.0,48.152,49.0,9.0,14.0,33.152,
7e974930,HAMMING,ITQ96_CENTERED,505.0,15.0,15.0,48.426,49.0,13.0,14.0,33.426,
7e974930,COSINE,FLOAT96_UNCENTERED,,0.8425377797062802,0.8425377797062802,0.05229664055919678,0.024770460542695025,0.8737449871577616,0.8333726743778003,-0.7902411391470834,0.7902411391470834
7e974930,COSINE,FLOAT96_CENTERED,,0.8375714112884597,0.8375714112884597,-0.003480475871280867,-0.021822618859751862,0.8728511065780219,0.8221295517075061,-0.8410518871597406,0.8410518871597406
8077ef71,HAMMING,SIGN96_CENTERED,,38.0,38.0,47.75587703435805,48.0,38.0,30.0,9.75587703435805,
8077ef71,HAMMING,ITQ96_CENTERED,101.0,37.0,37.0,48.07414104882459,49.0,37.0,9.0,11.074141048824593,
8077ef71,HAMMING,ITQ96_CENTERED,202.0,44.0,44.0,47.730560578661844,48.0,44.0,11.0,3.7305605786618443,
8077ef71,HAMMING,ITQ96_CENTERED,303.0,44.0,44.0,48.00361663652803,49.0,44.0,13.0,4.0036166365280295,
8077ef71,HAMMING,ITQ96_CENTERED,404.0,37.0,37.0,48.21157323688969,49.0,37.0,16.0,11.211573236889691,
8077ef71,HAMMING,ITQ96_CENTERED,505.0,41.0,41.0,48.04882459312839,49.0,41.0,11.0,7.048824593128387,
8077ef71,COSINE,FLOAT96_UNCENTERED,,0.37627778624343555,0.37627778624343555,0.09049228890477777,0.04829152063070152,0.37627778624343555,0.7964262224279668,-0.28578549733865777,0.28578549733865777
8077ef71,COSINE,FLOAT96_CENTERED,,0.27968960579987945,0.27968960579987945,-0.0009001540831017722,-0.035703969586193256,0.27968960579987945,0.7820181299717838,-0.28058975988298124,0.28058975988298124
80ec1f4f,HAMMING,SIGN96_CENTERED,,44.5,44.5,48.197938144329896,48.0,43.0,30.0,3.697938144329896,
80ec1f4f,HAMMING,ITQ96_CENTERED,101.0,29.0,29.0,48.1298969072165,49.0,29.0,16.0,19.129896907216498,
80ec1f4f,HAMMING,ITQ96_CENTERED,202.0,30.0,30.0,47.79381443298969,49.0,28.0,18.0,17.79381443298969,
80ec1f4f,HAMMING,ITQ96_CENTERED,303.0,31.0,31.0,48.1298969072165,49.0,31.0,20.0,17.129896907216498,
80ec1f4f,HAMMING,ITQ96_CENTERED,404.0,30.0,30.0,47.878350515463914,49.0,28.0,12.0,17.878350515463914,
80ec1f4f,HAMMING,ITQ96_CENTERED,505.0,26.5,26.5,47.68865979381443,49.0,25.0,15.0,21.18865979381443,
80ec1f4f,COSINE,FLOAT96_UNCENTERED,,0.5372670583065523,0.5372670583065523,0.10514449312609347,0.06295564544929638,0.5959174608151311,0.7921524424094557,-0.43212256518045883,0.43212256518045883
80ec1f4f,COSINE,FLOAT96_CENTERED,,0.48192914755757854,0.48192914755757854,-0.0009105497745768681,-0.047769784889330744,0.5480838293810217,0.7604958939771391,-0.4828396973321554,0.4828396973321554
81507db6,HAMMING,SIGN96_CENTERED,,27.666666666666668,27.0,48.134122287968445,49.0,23.0,29.0,20.467455621301777,
81507db6,HAMMING,ITQ96_CENTERED,101.0,17.333333333333332,17.0,48.315581854043394,49.0,17.0,18.0,30.982248520710062,
81507db6,HAMMING,ITQ96_CENTERED,202.0,15.0,15.0,48.205128205128204,49.0,11.0,13.0,33.205128205128204,
81507db6,HAMMING,ITQ96_CENTERED,303.0,17.0,18.0,48.20710059171598,49.0,13.0,12.0,31.207100591715978,
81507db6,HAMMING,ITQ96_CENTERED,404.0,17.333333333333332,19.0,48.201183431952664,49.0,14.0,15.0,30.867850098619332,
81507db6,HAMMING,ITQ96_CENTERED,505.0,20.333333333333332,21.0,48.145956607495066,49.0,17.0,17.0,27.812623274161734,
81507db6,COSINE,FLOAT96_UNCENTERED,,0.7478782066642052,0.7409751765511108,0.10157981055896369,0.07551293571498251,0.7863103378974562,0.7664372734988073,-0.6462983961052415,0.6462983961052415
81507db6,COSINE,FLOAT96_CENTERED,,0.7167284925230236,0.7082707299648892,-0.004195910431874434,-0.0233129861385345,0.7639572890502416,0.7369847673841515,-0.720924402954898,0.720924402954898
830ce83f,HAMMING,SIGN96_CENTERED,,30.333333333333332,29.0,48.02165354330709,48.0,23.0,26.0,17.688320209973757,
830ce83f,HAMMING,ITQ96_CENTERED,101.0,28.0,22.0,48.25590551181102,49.0,22.0,16.0,20.255905511811022,
830ce83f,HAMMING,ITQ96_CENTERED,202.0,30.0,32.0,48.13385826771653,49.0,24.0,23.0,18.133858267716533,
830ce83f,HAMMING,ITQ96_CENTERED,303.0,32.333333333333336,29.0,47.95866141732284,49.0,24.0,19.0,15.625328083989501,
830ce83f,HAMMING,ITQ96_CENTERED,404.0,30.0,25.0,48.35826771653543,49.0,23.0,20.0,18.35826771653543,
830ce83f,HAMMING,ITQ96_CENTERED,505.0,27.0,23.0,48.16732283464567,49.0,21.0,16.0,21.167322834645667,
830ce83f,COSINE,FLOAT96_UNCENTERED,,0.5402576913365583,0.5519551350109597,0.09140316391358133,0.055101304457903705,0.6804388123815568,0.7201542831310874,-0.448854527422977,0.448854527422977
830ce83f,COSINE,FLOAT96_CENTERED,,0.49294011312516434,0.5118388145504137,-0.0019961018768496585,-0.0308343655670736,0.6390167477021719,0.6760162171653369,-0.494936215002014,0.494936215002014
8464fc84,HAMMING,SIGN96_CENTERED,,18.0,18.0,47.60455486542443,48.0,18.0,23.0,29.604554865424433,
8464fc84,HAMMING,ITQ96_CENTERED,101.0,11.0,11.0,48.16770186335404,49.0,11.0,8.0,37.16770186335404,
8464fc84,HAMMING,ITQ96_CENTERED,202.0,11.0,11.0,47.76190476190476,49.0,11.0,5.0,36.76190476190476,
8464fc84,HAMMING,ITQ96_CENTERED,303.0,9.0,9.0,47.838509316770185,49.0,9.0,6.0,38.838509316770185,
8464fc84,HAMMING,ITQ96_CENTERED,404.0,9.0,9.0,47.98343685300207,49.0,9.0,8.0,38.98343685300207,
8464fc84,HAMMING,ITQ96_CENTERED,505.0,7.0,7.0,47.87163561076605,49.0,7.0,2.0,40.87163561076605,
8464fc84,COSINE,FLOAT96_UNCENTERED,,0.9063707062678458,0.9063707062678458,0.09370672575472291,0.0651991784465003,0.9063707062678458,0.8525958730899581,-0.8126639805131228,0.8126639805131228
8464fc84,COSINE,FLOAT96_CENTERED,,0.8958738393771333,0.8958738393771333,-0.002208322192663803,-0.030513173434060577,0.8958738393771333,0.8389937501696201,-0.898082161569797,0.898082161569797
852ce960,HAMMING,SIGN96_CENTERED,,19.5,19.5,48.32233502538071,49.0,17.0,30.0,28.82233502538071,
852ce960,HAMMING,ITQ96_CENTERED,101.0,18.0,18.0,47.984771573604064,49.0,16.0,16.0,29.984771573604064,
852ce960,HAMMING,ITQ96_CENTERED,202.0,17.0,17.0,48.058375634517766,49.0,15.0,14.0,31.058375634517766,
852ce960,HAMMING,ITQ96_CENTERED,303.0,17.0,17.0,47.90355329949239,49.0,15.0,18.0,30.903553299492387,
852ce960,HAMMING,ITQ96_CENTERED,404.0,21.5,21.5,48.246192893401016,49.0,19.0,21.0,26.746192893401016,
852ce960,HAMMING,ITQ96_CENTERED,505.0,19.5,19.5,48.263959390862944,49.0,17.0,18.0,28.763959390862944,
852ce960,COSINE,FLOAT96_UNCENTERED,,0.8043221678929158,0.8043221678929158,0.06418513007715805,0.026760308893684297,0.8265085952223614,0.7640691433215933,-0.7401370378157577,0.7401370378157577
852ce960,COSINE,FLOAT96_CENTERED,,0.7911452385682141,0.7911452385682141,-0.004961670268938364,-0.030731644679548815,0.8181845659732483,0.747426234678904,-0.7961069088371524,0.7961069088371524
853b0a1d,HAMMING,SIGN96_CENTERED,,21.0,21.0,47.57534246575342,48.0,21.0,17.0,26.575342465753423,
853b0a1d,HAMMING,ITQ96_CENTERED,101.0,5.0,5.0,48.29354207436399,49.0,5.0,6.0,43.29354207436399,
853b0a1d,HAMMING,ITQ96_CENTERED,202.0,4.0,4.0,47.92563600782779,49.0,4.0,4.0,43.92563600782779,
853b0a1d,HAMMING,ITQ96_CENTERED,303.0,7.0,7.0,48.24461839530333,49.0,7.0,6.0,41.24461839530333,
853b0a1d,HAMMING,ITQ96_CENTERED,404.0,4.0,4.0,48.01565557729941,49.0,4.0,5.0,44.01565557729941,
853b0a1d,HAMMING,ITQ96_CENTERED,505.0,3.0,3.0,47.84931506849315,49.0,3.0,3.0,44.84931506849315,
853b0a1d,COSINE,FLOAT96_UNCENTERED,,0.9037480891447915,0.9037480891447915,0.04559252450801214,0.015668158479218104,0.9037480891447915,0.9005681086856281,-0.8581555646367794,0.8581555646367794
853b0a1d,COSINE,FLOAT96_CENTERED,,0.9016131601879587,0.9016131601879587,-0.0023910169891210127,-0.022350819698332514,0.9016131601879587,0.8987374513470259,-0.9040041771770797,0.9040041771770797
8550ddae,HAMMING,SIGN96_CENTERED,,25.0,25.0,48.58849557522124,49.0,25.0,25.0,23.588495575221238,
8550ddae,HAMMING,ITQ96_CENTERED,101.0,14.0,14.0,47.940265486725664,49.0,14.0,15.0,33.940265486725664,
8550ddae,HAMMING,ITQ96_CENTERED,202.0,23.0,23.0,47.86725663716814,49.5,23.0,17.0,24.86725663716814,
8550ddae,HAMMING,ITQ96_CENTERED,303.0,21.0,21.0,48.0287610619469,49.0,21.0,18.0,27.028761061946902,
8550ddae,HAMMING,ITQ96_CENTERED,404.0,18.0,18.0,48.008849557522126,50.0,18.0,18.0,30.008849557522126,
8550ddae,HAMMING,ITQ96_CENTERED,505.0,19.0,19.0,47.69690265486726,49.0,19.0,18.0,28.69690265486726,
8550ddae,COSINE,FLOAT96_UNCENTERED,,0.7381453545013628,0.7381453545013628,0.13266090177952486,0.06939339525848034,0.7381453545013628,0.772910595533743,-0.6054844527218379,0.6054844527218379
8550ddae,COSINE,FLOAT96_CENTERED,,0.6913625115293467,0.6913625115293467,0.000347881808007968,-0.06368252153359819,0.6913625115293467,0.7207868876875724,-0.6910146297213388,0.6910146297213388
85fa3a3f,HAMMING,SIGN96_CENTERED,,28.0,23.0,47.861224489795916,48.0,23.0,22.0,19.861224489795916,
85fa3a3f,HAMMING,ITQ96_CENTERED,101.0,16.333333333333332,6.0,48.20204081632653,49.0,5.0,7.0,31.868707482993198,
85fa3a3f,HAMMING,ITQ96_CENTERED,202.0,17.333333333333332,8.0,48.022448979591836,49.0,8.0,8.0,30.689115646258504,
85fa3a3f,HAMMING,ITQ96_CENTERED,303.0,16.333333333333332,9.0,48.31428571428572,49.0,7.0,6.0,31.980952380952385,
85fa3a3f,HAMMING,ITQ96_CENTERED,404.0,16.333333333333332,7.0,48.02448979591837,49.0,5.0,6.0,31.691156462585038,
85fa3a3f,HAMMING,ITQ96_CENTERED,505.0,14.666666666666666,8.0,48.42040816326531,49.0,5.0,6.0,33.75374149659864,
85fa3a3f,COSINE,FLOAT96_UNCENTERED,,0.7641264544576757,0.860900442696453,0.0690418616186645,0.04243814880171403,0.91044442358158,0.8980575270362858,-0.6950845928390111,0.6950845928390111
85fa3a3f,COSINE,FLOAT96_CENTERED,,0.7437909809166668,0.8501903283272317,-0.005063796225279607,-0.029270430542324605,0.9055886036275617,0.891632370008323,-0.7488547771419465,0.7488547771419465
86b68151,HAMMING,SIGN96_CENTERED,,15.0,15.0,47.642561983471076,48.0,15.0,16.0,32.642561983471076,
86b68151,HAMMING,ITQ96_CENTERED,101.0,5.0,5.0,47.768595041322314,49.0,5.0,6.0,42.768595041322314,
86b68151,HAMMING,ITQ96_CENTERED,202.0,7.0,7.0,47.8698347107438,49.0,7.0,6.0,40.8698347107438,
86b68151,HAMMING,ITQ96_CENTERED,303.0,6.0,6.0,48.08057851239669,49.0,6.0,6.0,42.08057851239669,
86b68151,HAMMING,ITQ96_CENTERED,404.0,2.0,2.0,48.150826446280995,49.0,2.0,2.0,46.150826446280995,
86b68151,HAMMING,ITQ96_CENTERED,505.0,5.0,5.0,47.79338842975206,49.0,5.0,6.0,42.79338842975206,
86b68151,COSINE,FLOAT96_UNCENTERED,,0.887752917673712,0.887752917673712,0.09673340322486176,0.05339930864141501,0.887752917673712,0.8940940029031998,-0.7910195144488502,0.7910195144488502
86b68151,COSINE,FLOAT96_CENTERED,,0.8741585072756607,0.8741585072756607,-0.0004901083546040317,-0.04084712067350347,0.8741585072756607,0.8786679038166679,-0.8746486156302647,0.8746486156302647
86f00804,HAMMING,SIGN96_CENTERED,,26.0,26.0,46.70916334661354,47.0,26.0,29.0,20.709163346613543,
86f00804,HAMMING,ITQ96_CENTERED,101.0,12.0,12.0,48.06374501992032,50.0,12.0,14.0,36.06374501992032,
86f00804,HAMMING,ITQ96_CENTERED,202.0,24.0,24.0,47.776892430278885,49.0,24.0,15.0,23.776892430278885,
86f00804,HAMMING,ITQ96_CENTERED,303.0,16.0,16.0,48.31274900398407,49.0,16.0,16.0,32.31274900398407,
86f00804,HAMMING,ITQ96_CENTERED,404.0,16.0,16.0,47.98406374501992,49.0,16.0,17.0,31.984063745019917,
86f00804,HAMMING,ITQ96_CENTERED,505.0,15.0,15.0,48.02988047808765,49.0,15.0,16.0,33.02988047808765,
86f00804,COSINE,FLOAT96_UNCENTERED,,0.7464501300546273,0.7464501300546273,0.10442008339975571,0.05643126648070229,0.7464501300546273,0.7600511702631482,-0.6420300466548716,0.6420300466548716
86f00804,COSINE,FLOAT96_CENTERED,,0.7071899462480041,0.7071899462480041,0.0006040253807001032,-0.05107908366422388,0.7071899462480041,0.7155442371577828,-0.706585920867304,0.706585920867304
8752c811,HAMMING,SIGN96_CENTERED,,22.0,22.0,47.53455284552845,48.0,22.0,17.0,25.534552845528452,
8752c811,HAMMING,ITQ96_CENTERED,101.0,7.0,7.0,47.84756097560975,48.0,7.0,12.0,40.84756097560975,
8752c811,HAMMING,ITQ96_CENTERED,202.0,10.0,10.0,48.048780487804876,48.0,10.0,10.0,38.048780487804876,
8752c811,HAMMING,ITQ96_CENTERED,303.0,10.0,10.0,47.699186991869915,48.0,10.0,6.0,37.699186991869915,
8752c811,HAMMING,ITQ96_CENTERED,404.0,10.0,10.0,48.166666666666664,48.0,10.0,8.0,38.166666666666664,
8752c811,HAMMING,ITQ96_CENTERED,505.0,11.0,11.0,47.90040650406504,48.5,11.0,9.0,36.90040650406504,
8752c811,COSINE,FLOAT96_UNCENTERED,,0.8665905746529974,0.8665905746529974,0.10014094817541869,0.08327500415517275,0.8665905746529974,0.875852929024858,-0.7664496264775786,0.7664496264775786
8752c811,COSINE,FLOAT96_CENTERED,,0.8455311545948582,0.8455311545948582,-0.0020601542815549493,-0.024787354414942155,0.8455311545948582,0.8666868454363869,-0.8475913088764131,0.8475913088764131
87f22b4a,HAMMING,SIGN96_CENTERED,,27.5,27.5,48.148305084745765,48.0,23.0,28.0,20.648305084745765,
87f22b4a,HAMMING,ITQ96_CENTERED,101.0,29.0,29.0,47.73728813559322,49.0,19.0,22.0,18.737288135593218,
87f22b4a,HAMMING,ITQ96_CENTERED,202.0,27.5,27.5,47.96822033898305,49.0,24.0,26.0,20.468220338983052,
87f22b4a,HAMMING,ITQ96_CENTERED,303.0,21.0,21.0,48.00847457627118,49.0,19.0,23.0,27.008474576271183,
87f22b4a,HAMMING,ITQ96_CENTERED,404.0,25.0,25.0,48.2478813559322,49.0,17.0,19.0,23.2478813559322,
87f22b4a,HAMMING,ITQ96_CENTERED,505.0,27.0,27.0,48.00423728813559,49.0,22.0,24.0,21.00423728813559,
87f22b4a,COSINE,FLOAT96_UNCENTERED,,0.6219279951130348,0.6219279951130348,0.1135011582138596,0.08649762792034443,0.7039574413421632,0.6107128331175269,-0.5084268368991751,0.5084268368991751
87f22b4a,COSINE,FLOAT96_CENTERED,,0.5639781363399887,0.5639781363399887,-0.002090153704132281,-0.029490192277040403,0.6610908925058476,0.5739418458213921,-0.566068290044121,0.566068290044121
88432d0a,HAMMING,SIGN96_CENTERED,,46.5,46.0,47.95157894736842,48.0,41.0,34.0,1.451578947368418,
88432d0a,HAMMING,ITQ96_CENTERED,101.0,48.0,47.5,48.01894736842105,49.0,44.0,19.0,0.0189473684210526,
88432d0a,HAMMING,ITQ96_CENTERED,202.0,43.5,44.0,47.873684210526314,49.0,38.0,23.0,4.373684210526314,
88432d0a,HAMMING,ITQ96_CENTERED,303.0,46.5,48.0,48.061052631578946,49.0,38.0,19.0,1.5610526315789457,
88432d0a,HAMMING,ITQ96_CENTERED,404.0,43.25,42.5,48.01052631578948,49.0,41.0,25.0,4.760526315789477,
88432d0a,HAMMING,ITQ96_CENTERED,505.0,44.5,45.0,48.216842105263154,49.0,42.0,26.0,3.7168421052631544,
88432d0a,COSINE,FLOAT96_UNCENTERED,,0.23410966819622755,0.23833319417689705,0.1339039711339188,0.09663492038707445,0.32872402835219494,0.6621079417348554,-0.10020569706230875,0.10020569706230875
88432d0a,COSINE,FLOAT96_CENTERED,,0.11678311031007389,0.11892479443107237,-0.00020224520341143772,-0.03769360477951641,0.2138231844758185,0.6120149052160183,-0.11698535551348534,0.11698535551348534
89527b6b,HAMMING,SIGN96_CENTERED,,16.0,16.0,48.10944206008584,48.0,16.0,18.0,32.10944206008584,
89527b6b,HAMMING,ITQ96_CENTERED,101.0,17.0,17.0,47.97424892703863,48.0,17.0,25.0,30.97424892703863,
89527b6b,HAMMING,ITQ96_CENTERED,202.0,17.0,17.0,47.96351931330472,48.0,17.0,28.0,30.963519313304722,
89527b6b,HAMMING,ITQ96_CENTERED,303.0,14.0,14.0,48.19957081545064,49.0,14.0,27.0,34.19957081545064,
89527b6b,HAMMING,ITQ96_CENTERED,404.0,18.0,18.0,47.85622317596567,49.0,18.0,27.0,29.856223175965667,
89527b6b,HAMMING,ITQ96_CENTERED,505.0,20.0,20.0,48.18669527896996,49.0,20.0,27.0,28.186695278969957,
89527b6b,COSINE,FLOAT96_UNCENTERED,,0.8383372180473134,0.8383372180473134,0.15076554511746976,0.1348168024295267,0.8383372180473134,0.6722959067281237,-0.6875716729298437,0.6875716729298437
89527b6b,COSINE,FLOAT96_CENTERED,,0.7940366380719832,0.7940366380719832,0.0007325568321405621,-0.022946785474273985,0.7940366380719832,0.5823450664489083,-0.7933040812398426,0.7933040812398426
8979f9ec,HAMMING,SIGN96_CENTERED,,28.0,28.0,48.261241970021416,48.0,24.0,19.0,20.261241970021416,
8979f9ec,HAMMING,ITQ96_CENTERED,101.0,23.5,23.5,48.14132762312634,49.0,21.0,12.0,24.641327623126337,
8979f9ec,HAMMING,ITQ96_CENTERED,202.0,18.0,18.0,48.057815845824415,49.0,15.0,15.0,30.057815845824415,
8979f9ec,HAMMING,ITQ96_CENTERED,303.0,20.0,20.0,47.88008565310493,49.0,18.0,14.0,27.880085653104928,
8979f9ec,HAMMING,ITQ96_CENTERED,404.0,20.0,20.0,47.854389721627406,49.0,16.0,14.0,27.854389721627406,
8979f9ec,HAMMING,ITQ96_CENTERED,505.0,21.0,21.0,48.149892933618844,49.0,17.0,18.0,27.149892933618844,
8979f9ec,COSINE,FLOAT96_UNCENTERED,,0.7249040670983397,0.7249040670983397,0.08793204564199705,0.03802315924456698,0.7766778011333887,0.8402343085918841,-0.6369720214563426,0.6369720214563426
8979f9ec,COSINE,FLOAT96_CENTERED,,0.6984799350637514,0.6984799350637514,-0.003198048909554254,-0.04969931505826133,0.7465429315970123,0.8238063970428319,-0.7016779839733056,0.7016779839733056
89941a93,HAMMING,SIGN96_CENTERED,,31.0,31.0,47.745247148288975,48.0,27.0,32.0,16.745247148288975,
89941a93,HAMMING,ITQ96_CENTERED,101.0,18.0,18.0,48.07414448669201,49.0,17.0,14.0,30.074144486692013,
89941a93,HAMMING,ITQ96_CENTERED,202.0,16.0,16.0,47.8212927756654,49.0,16.0,16.0,31.8212927756654,
89941a93,HAMMING,ITQ96_CENTERED,303.0,14.5,14.5,48.250950570342205,49.0,11.0,11.0,33.750950570342205,
89941a93,HAMMING,ITQ96_CENTERED,404.0,13.0,13.0,47.61596958174905,49.0,12.0,11.0,34.61596958174905,
89941a93,HAMMING,ITQ96_CENTERED,505.0,17.5,17.5,48.155893536121674,49.0,14.0,13.0,30.655893536121674,
89941a93,COSINE,FLOAT96_UNCENTERED,,0.7667733427715725,0.7667733427715725,0.059312291911004775,0.026313871239056683,0.7742807041921791,0.7841851752183085,-0.7074610508605678,0.7074610508605678
89941a93,COSINE,FLOAT96_CENTERED,,0.7508052887148571,0.7508052887148571,-0.0023567442374230366,-0.030608191331030495,0.7547562008489375,0.7734606714312423,-0.7531620329522801,0.7531620329522801
89941a94,HAMMING,SIGN96_CENTERED,,24.0,24.0,47.412667946257194,48.0,20.0,22.0,23.412667946257194,
89941a94,HAMMING,ITQ96_CENTERED,101.0,14.5,14.5,47.72936660268714,49.0,9.0,8.0,33.22936660268714,
89941a94,HAMMING,ITQ96_CENTERED,202.0,11.5,11.5,48.10172744721689,50.0,10.0,13.0,36.60172744721689,
89941a94,HAMMING,ITQ96_CENTERED,303.0,12.0,12.0,48.13819577735125,49.0,7.0,10.0,36.13819577735125,
89941a94,HAMMING,ITQ96_CENTERED,404.0,11.0,11.0,47.96928982725528,50.0,7.0,10.0,36.96928982725528,
89941a94,HAMMING,ITQ96_CENTERED,505.0,13.0,13.0,48.05758157389635,49.0,13.0,12.0,35.05758157389635,
89941a94,COSINE,FLOAT96_UNCENTERED,,0.849086043705339,0.849086043705339,0.06620721427393415,0.023853440467022653,0.8720072083089005,0.8475450708377198,-0.7828788294314049,0.7828788294314049
89941a94,COSINE,FLOAT96_CENTERED,,0.8378019078390773,0.8378019078390773,-0.002626274412596493,-0.0405895989921025,0.8619213246070752,0.8365923308508695,-0.8404281822516737,0.8404281822516737
8a137a7f,HAMMING,SIGN96_CENTERED,,20.0,20.0,48.12524461839531,49.0,20.0,21.0,28.125244618395307,
8a137a7f,HAMMING,ITQ96_CENTERED,101.0,3.0,3.0,48.12328767123287,49.0,3.0,5.0,45.12328767123287,
8a137a7f,HAMMING,ITQ96_CENTERED,202.0,9.0,9.0,47.681017612524464,49.0,9.0,7.0,38.681017612524464,
8a137a7f,HAMMING,ITQ96_CENTERED,303.0,6.0,6.0,47.70645792563601,49.0,6.0,8.0,41.70645792563601,
8a137a7f,HAMMING,ITQ96_CENTERED,404.0,6.0,6.0,48.12524461839531,49.0,6.0,8.0,42.12524461839531,
8a137a7f,HAMMING,ITQ96_CENTERED,505.0,3.0,3.0,48.11350293542074,49.0,3.0,7.0,45.11350293542074,
8a137a7f,COSINE,FLOAT96_UNCENTERED,,0.9031933524557942,0.9031933524557942,0.05749371134491106,0.03118242529985399,0.9031933524557942,0.8965116525198493,-0.8456996411108831,0.8456996411108831
8a137a7f,COSINE,FLOAT96_CENTERED,,0.8989311440643555,0.8989311440643555,-0.0023316972361288302,-0.022764624742526714,0.8989311440643555,0.8922444625666935,-0.9012628413004843,0.9012628413004843
8a2466db,HAMMING,SIGN96_CENTERED,,28.0,28.0,47.80276134122288,48.0,28.0,26.0,19.802761341222883,
8a2466db,HAMMING,ITQ96_CENTERED,101.0,35.0,35.0,48.0887573964497,49.0,35.0,28.0,13.0887573964497,
8a2466db,HAMMING,ITQ96_CENTERED,202.0,30.0,30.0,48.11439842209073,49.0,30.0,28.0,18.11439842209073,
8a2466db,HAMMING,ITQ96_CENTERED,303.0,26.0,26.0,48.19132149901381,49.0,26.0,28.0,22.19132149901381,
8a2466db,HAMMING,ITQ96_CENTERED,404.0,29.0,29.0,48.07692307692308,50.0,29.0,27.0,19.07692307692308,
8a2466db,HAMMING,ITQ96_CENTERED,505.0,28.0,28.0,48.02564102564103,49.0,28.0,27.0,20.02564102564103,
8a2466db,COSINE,FLOAT96_UNCENTERED,,0.5463669875417188,0.5463669875417188,0.10657882913517498,0.06600007036123752,0.5463669875417188,0.5772388079250272,-0.4397881584065438,0.4397881584065438
8a2466db,COSINE,FLOAT96_CENTERED,,0.48793762220667725,0.48793762220667725,-0.0004985124168959746,-0.04495328625074757,0.48793762220667725,0.529006349274096,-0.4884361346235732,0.4884361346235732
8aef76bc,HAMMING,SIGN96_CENTERED,,12.0,12.0,48.18329938900204,49.0,12.0,15.0,36.18329938900204,
8aef76bc,HAMMING,ITQ96_CENTERED,101.0,6.0,6.0,48.02240325865581,49.0,6.0,4.0,42.02240325865581,
8aef76bc,HAMMING,ITQ96_CENTERED,202.0,1.0,1.0,48.29938900203666,49.0,1.0,0.0,47.29938900203666,
8aef76bc,HAMMING,ITQ96_CENTERED,303.0,1.0,1.0,47.824847250509166,49.0,1.0,1.0,46.824847250509166,
8aef76bc,HAMMING,ITQ96_CENTERED,404.0,3.0,3.0,48.31160896130346,49.0,3.0,4.0,45.31160896130346,
8aef76bc,HAMMING,ITQ96_CENTERED,505.0,2.0,2.0,47.86354378818737,49.0,2.0,3.0,45.86354378818737,
8aef76bc,COSINE,FLOAT96_UNCENTERED,,0.948808035635903,0.948808035635903,0.07510175550762659,0.04586612014260904,0.948808035635903,0.9405770472649992,-0.8737062801282764,0.8737062801282764
8aef76bc,COSINE,FLOAT96_CENTERED,,0.9456540179795396,0.9456540179795396,-0.002119359398754962,-0.02264705385013255,0.9456540179795396,0.9367184092792602,-0.9477733773782946,0.9477733773782946
8b9d4367,HAMMING,SIGN96_CENTERED,,15.0,15.0,47.634328358208954,48.0,15.0,17.0,32.634328358208954,
8b9d4367,HAMMING,ITQ96_CENTERED,101.0,6.0,6.0,48.048507462686565,49.0,6.0,5.0,42.048507462686565,
8b9d4367,HAMMING,ITQ96_CENTERED,202.0,7.0,7.0,48.30597014925373,49.0,7.0,7.0,41.30597014925373,
8b9d4367,HAMMING,ITQ96_CENTERED,303.0,2.0,2.0,48.184701492537314,49.0,2.0,2.0,46.184701492537314,
8b9d4367,HAMMING,ITQ96_CENTERED,404.0,3.0,3.0,48.115671641791046,49.0,3.0,4.0,45.115671641791046,
8b9d4367,HAMMING,ITQ96_CENTERED,505.0,3.0,3.0,48.11380597014925,49.0,3.0,3.0,45.11380597014925,
8b9d4367,COSINE,FLOAT96_UNCENTERED,,0.9503493217059016,0.9503493217059016,0.09007202183418832,0.06844684945078533,0.9503493217059016,0.9087726255362487,-0.8602772998717133,0.8602772998717133
8b9d4367,COSINE,FLOAT96_CENTERED,,0.9451321576248106,0.9451321576248106,-0.001492917432889637,-0.021924027784154476,0.9451321576248106,0.8995666985682863,-0.9466250750577002,0.9466250750577002
8c18457d,HAMMING,SIGN96_CENTERED,,30.666666666666668,30.0,47.893271461716935,48.0,30.0,30.0,17.226604795050267,
8c18457d,HAMMING,ITQ96_CENTERED,101.0,19.333333333333332,20.0,48.292343387471,49.0,18.0,15.0,28.959010054137668,
8c18457d,HAMMING,ITQ96_CENTERED,202.0,18.666666666666668,17.0,48.03480278422274,49.0,17.0,14.0,29.368136117556073,
8c18457d,HAMMING,ITQ96_CENTERED,303.0,24.666666666666668,24.0,48.00232018561485,49.0,23.0,16.0,23.33565351894818,
8c18457d,HAMMING,ITQ96_CENTERED,404.0,19.333333333333332,20.0,48.31554524361949,50.0,18.0,18.0,28.982211910286157,
8c18457d,HAMMING,ITQ96_CENTERED,505.0,17.0,15.0,47.96055684454756,49.0,15.0,14.0,30.96055684454756,
8c18457d,COSINE,FLOAT96_UNCENTERED,,0.7223637519608591,0.7255417401745683,0.09435380187000764,0.05840333381697598,0.734417262322874,0.7899541259167162,-0.6280099500908515,0.6280099500908515
8c18457d,COSINE,FLOAT96_CENTERED,,0.6969079900017031,0.7017470212386077,-0.004774763133949624,-0.040114198156342186,0.7063503978769786,0.7717871701903161,-0.7016827531356528,0.7016827531356528
8cf4d046,HAMMING,SIGN96_CENTERED,,25.5,25.5,47.33476394849785,47.0,18.0,10.0,21.83476394849785,
8cf4d046,HAMMING,ITQ96_CENTERED,101.0,18.5,18.5,48.283261802575105,49.0,17.0,11.0,29.783261802575105,
8cf4d046,HAMMING,ITQ96_CENTERED,202.0,16.5,16.5,48.128755364806864,50.0,16.0,6.0,31.628755364806864,
8cf4d046,HAMMING,ITQ96_CENTERED,303.0,14.0,14.0,48.41630901287554,50.0,11.0,11.0,34.41630901287554,
8cf4d046,HAMMING,ITQ96_CENTERED,404.0,19.5,19.5,48.19098712446352,49.0,17.0,12.0,28.69098712446352,
8cf4d046,HAMMING,ITQ96_CENTERED,505.0,16.5,16.5,48.081545064377686,49.0,13.0,12.0,31.581545064377686,
8cf4d046,COSINE,FLOAT96_UNCENTERED,,0.7576255447724336,0.7576255447724336,0.0520292545983336,0.016514400771954773,0.7607632461739194,0.8842667196300366,-0.7055962901741,0.7055962901741
8cf4d046,COSINE,FLOAT96_CENTERED,,0.7449268949148008,0.7449268949148008,-0.0036677705315636073,-0.033537245355047623,0.7459200740899775,0.8790865601850394,-0.7485946654463644,0.7485946654463644
8cf51dda,HAMMING,SIGN96_CENTERED,,16.0,16.0,47.93818984547461,48.0,16.0,14.0,31.93818984547461,
8cf51dda,HAMMING,ITQ96_CENTERED,101.0,8.0,8.0,48.17880794701987,49.0,8.0,9.0,40.17880794701987,
8cf51dda,HAMMING,ITQ96_CENTERED,202.0,8.0,8.0,48.143487858719645,49.0,8.0,7.0,40.143487858719645,
8cf51dda,HAMMING,ITQ96_CENTERED,303.0,11.0,11.0,48.026490066225165,49.0,11.0,11.0,37.026490066225165,
8cf51dda,HAMMING,ITQ96_CENTERED,404.0,6.0,6.0,47.64900662251656,48.0,6.0,5.0,41.64900662251656,
8cf51dda,HAMMING,ITQ96_CENTERED,505.0,9.0,9.0,47.916114790286976,49.0,9.0,7.0,38.916114790286976,
8cf51dda,COSINE,FLOAT96_UNCENTERED,,0.8996086530079328,0.8996086530079328,0.09878345754733711,0.07955307892038799,0.8996086530079328,0.9166199495274856,-0.8008251954605957,0.8008251954605957
8cf51dda,COSINE,FLOAT96_CENTERED,,0.8864993531076519,0.8864993531076519,-0.002475533426860803,-0.03116225076536378,0.8864993531076519,0.9098398481141373,-0.8889748865345127,0.8889748865345127
8e91e7d9,HAMMING,SIGN96_CENTERED,,50.0,50.0,47.774193548387096,48.0,45.0,22.0,-2.225806451612904,
8e91e7d9,HAMMING,ITQ96_CENTERED,101.0,50.5,50.5,48.36290322580645,50.0,49.0,24.0,-2.1370967741935516,
8e91e7d9,HAMMING,ITQ96_CENTERED,202.0,48.0,48.0,48.11693548387097,49.0,46.0,23.0,0.11693548387096797,
8e91e7d9,HAMMING,ITQ96_CENTERED,303.0,49.5,49.5,48.09475806451613,49.0,49.0,22.0,-1.4052419354838719,
8e91e7d9,HAMMING,ITQ96_CENTERED,404.0,49.0,49.0,47.903225806451616,49.0,45.0,21.0,-1.0967741935483843,
8e91e7d9,HAMMING,ITQ96_CENTERED,505.0,45.0,45.0,48.10685483870968,49.0,40.0,22.0,3.1068548387096797,
8e91e7d9,COSINE,FLOAT96_UNCENTERED,,0.03176837846974638,0.03176837846974638,0.06327979148605276,0.026616200458947123,0.07497863899207834,0.6624377991375718,0.031511413016306375,-0.031511413016306375
8e91e7d9,COSINE,FLOAT96_CENTERED,,-0.05820393139332863,-0.05820393139332863,-0.0015712439068149063,-0.03385637862889715,0.00036513867495944596,0.6422600061294351,0.05663268748651372,-0.05663268748651372
8e9d538c,HAMMING,SIGN96_CENTERED,,18.0,18.0,48.08471074380165,48.0,18.0,21.0,30.08471074380165,
8e9d538c,HAMMING,ITQ96_CENTERED,101.0,5.5,5.5,48.22727272727273,49.0,4.0,3.0,42.72727272727273,
8e9d538c,HAMMING,ITQ96_CENTERED,202.0,4.0,4.0,48.02892561983471,49.0,3.0,1.0,44.02892561983471,
8e9d538c,HAMMING,ITQ96_CENTERED,303.0,7.0,7.0,48.27685950413223,49.0,4.0,3.0,41.27685950413223,
8e9d538c,HAMMING,ITQ96_CENTERED,404.0,6.0,6.0,48.22933884297521,49.0,4.0,2.0,42.22933884297521,
8e9d538c,HAMMING,ITQ96_CENTERED,505.0,3.0,3.0,48.20247933884298,49.0,2.0,1.0,45.20247933884298,
8e9d538c,COSINE,FLOAT96_UNCENTERED,,0.935064445939808,0.935064445939808,0.03455510416336768,0.015564993371368246,0.9423127104974622,0.9382662869242391,-0.9005093417764403,0.9005093417764403
8e9d538c,COSINE,FLOAT96_CENTERED,,0.9345215783342736,0.9345215783342736,-0.004369526755493515,-0.01787206852547358,0.9418340236367281,0.9378393741290041,-0.9388911050897671,0.9388911050897671
8ebdbe50,HAMMING,SIGN96_CENTERED,,22.0,22.0,48.06172839506173,48.0,22.0,26.0,26.061728395061728,
8ebdbe50,HAMMING,ITQ96_CENTERED,101.0,29.0,29.0,48.22633744855967,49.0,29.0,21.0,19.22633744855967,
8ebdbe50,HAMMING,ITQ96_CENTERED,202.0,27.0,27.0,47.781893004115226,49.0,27.0,20.0,20.781893004115226,
8ebdbe50,HAMMING,ITQ96_CENTERED,303.0,24.0,24.0,47.97325102880659,49.0,24.0,21.0,23.973251028806587,
8ebdbe50,HAMMING,ITQ96_CENTERED,404.0,25.0,25.0,48.43004115226338,49.0,25.0,26.0,23.430041152263378,
8ebdbe50,HAMMING,ITQ96_CENTERED,505.0,29.0,29.0,48.12551440329218,49.0,29.0,20.0,19.12551440329218,
8ebdbe50,COSINE,FLOAT96_UNCENTERED,,0.6239135364922912,0.6239135364922912,0.0953643486026406,0.05434191219685407,0.6239135364922912,0.6728195336745237,-0.5285491878896506,0.5285491878896506
8ebdbe50,COSINE,FLOAT96_CENTERED,,0.5904378717591953,0.5904378717591953,-0.0010479699549463433,-0.0444368794600427,0.5904378717591953,0.6488250413741502,-0.5914858417141416,0.5914858417141416
8fb83627,HAMMING,SIGN96_CENTERED,,22.333333333333332,22.0,47.65352697095436,48.0,20.0,11.0,25.320193637621028,
8fb83627,HAMMING,ITQ96_CENTERED,101.0,21.333333333333332,16.0,48.34232365145228,49.0,15.0,10.0,27.00899031811895,
8fb83627,HAMMING,ITQ96_CENTERED,202.0,21.0,19.0,48.16182572614108,49.0,16.0,9.0,27.161825726141082,
8fb83627,HAMMING,ITQ96_CENTERED,303.0,19.333333333333332,14.0,48.197095435684645,49.0,10.0,6.0,28.863762102351313,
8fb83627,HAMMING,ITQ96_CENTERED,404.0,19.333333333333332,14.0,48.23651452282158,49.0,11.0,6.0,28.903181189488247,
8fb83627,HAMMING,ITQ96_CENTERED,505.0,21.666666666666668,16.0,48.33195020746888,49.0,14.0,9.0,26.66528354080221,
8fb83627,COSINE,FLOAT96_UNCENTERED,,0.7203004946250048,0.7505202905308689,0.05965908242601421,0.030458337677831595,0.8247500267889087,0.8854773184343827,-0.6606414121989905,0.6606414121989905
8fb83627,COSINE,FLOAT96_CENTERED,,0.7067004208186659,0.7379238822797441,-0.0049536802059343445,-0.03202917284795966,0.815553784599984,0.879574713754733,-0.7116541010246002,0.7116541010246002
91b15a6e,HAMMING,SIGN96_CENTERED,,35.5,35.5,48.38809034907597,49.0,30.0,23.0,12.888090349075974,
91b15a6e,HAMMING,ITQ96_CENTERED,101.0,24.5,24.5,47.80698151950719,49.0,12.0,12.0,23.30698151950719,
91b15a6e,HAMMING,ITQ96_CENTERED,202.0,22.0,22.0,48.02258726899384,49.0,12.0,12.0,26.02258726899384,
91b15a6e,HAMMING,ITQ96_CENTERED,303.0,22.5,22.5,48.45790554414784,49.0,14.0,13.0,25.95790554414784,
91b15a6e,HAMMING,ITQ96_CENTERED,404.0,23.5,23.5,47.9958932238193,49.0,14.0,10.0,24.4958932238193,
91b15a6e,HAMMING,ITQ96_CENTERED,505.0,23.5,23.5,47.899383983572896,49.0,15.0,8.0,24.399383983572896,
91b15a6e,COSINE,FLOAT96_UNCENTERED,,0.6153780051720029,0.6153780051720029,0.06554213183133394,0.022222144962137008,0.8003596783982857,0.8587178752736611,-0.549835873340669,0.549835873340669
91b15a6e,COSINE,FLOAT96_CENTERED,,0.5829465440607816,0.5829465440607816,-0.0014499191297369627,-0.032602573771851204,0.785334214375145,0.8474046449116016,-0.5843964631905185,0.5843964631905185
92a0aa75,HAMMING,SIGN96_CENTERED,,47.0,47.0,47.92273730684327,48.0,46.0,30.0,0.9227373068432669,
92a0aa75,HAMMING,ITQ96_CENTERED,101.0,36.5,36.5,47.9448123620309,49.0,34.0,24.0,11.444812362030902,
92a0aa75,HAMMING,ITQ96_CENTERED,202.0,34.5,34.5,48.13907284768212,49.0,32.0,28.0,13.639072847682122,
92a0aa75,HAMMING,ITQ96_CENTERED,303.0,42.0,42.0,48.16556291390729,49.0,41.0,31.0,6.165562913907287,
92a0aa75,HAMMING,ITQ96_CENTERED,404.0,35.0,35.0,47.845474613686534,49.0,33.0,28.0,12.845474613686534,
92a0aa75,HAMMING,ITQ96_CENTERED,505.0,40.0,40.0,47.94260485651214,49.0,36.0,24.0,7.9426048565121405,
92a0aa75,COSINE,FLOAT96_UNCENTERED,,0.3726709355337828,0.3726709355337828,0.14315623109392625,0.10107705053283561,0.3783073596817847,0.5950367617389161,-0.22951470443985653,0.22951470443985653
92a0aa75,COSINE,FLOAT96_CENTERED,,0.2528165703003153,0.2528165703003153,0.0003316349958224256,-0.05015689635185918,0.26052613689507814,0.5239342286653477,-0.25248493530449284,0.25248493530449284
945e3d21,HAMMING,SIGN96_CENTERED,,37.0,37.0,47.841889117043124,48.0,31.0,32.0,10.841889117043124,
945e3d21,HAMMING,ITQ96_CENTERED,101.0,28.0,28.0,48.05749486652977,49.0,26.0,21.0,20.057494866529773,
945e3d21,HAMMING,ITQ96_CENTERED,202.0,29.0,29.0,48.435318275154,50.0,26.0,22.0,19.435318275154003,
945e3d21,HAMMING,ITQ96_CENTERED,303.0,25.0,25.0,48.02258726899384,49.0,24.0,24.0,23.02258726899384,
945e3d21,HAMMING,ITQ96_CENTERED,404.0,25.0,25.0,48.26078028747433,49.0,20.0,20.0,23.260780287474333,
945e3d21,HAMMING,ITQ96_CENTERED,505.0,25.5,25.5,47.7782340862423,49.0,22.0,21.0,22.2782340862423,
945e3d21,COSINE,FLOAT96_UNCENTERED,,0.6232740957609446,0.6232740957609446,0.13797111625723754,0.08417858343764546,0.6556475415617662,0.699618026775422,-0.48530297950370704,0.48530297950370704
945e3d21,COSINE,FLOAT96_CENTERED,,0.5527987830424477,0.5527987830424477,0.00046830205779953206,-0.05823053111884645,0.5921399851502731,0.6377496058801623,-0.5523304809846481,0.5523304809846481
94f70d80,HAMMING,SIGN96_CENTERED,,16.0,16.0,47.9901768172888,48.0,16.0,21.0,31.9901768172888,
94f70d80,HAMMING,ITQ96_CENTERED,101.0,13.0,13.0,48.1335952848723,48.0,13.0,16.0,35.1335952848723,
94f70d80,HAMMING,ITQ96_CENTERED,202.0,19.0,19.0,48.3909626719057,49.0,19.0,13.0,29.390962671905697,
94f70d80,HAMMING,ITQ96_CENTERED,303.0,20.0,20.0,48.02161100196464,49.0,20.0,18.0,28.021611001964637,
94f70d80,HAMMING,ITQ96_CENTERED,404.0,17.0,17.0,48.082514734774065,49.0,17.0,16.0,31.082514734774065,
94f70d80,HAMMING,ITQ96_CENTERED,505.0,25.0,25.0,47.81335952848723,48.0,25.0,17.0,22.813359528487233,
94f70d80,COSINE,FLOAT96_UNCENTERED,,0.726862672204572,0.726862672204572,0.06580767906180246,0.04130637696734544,0.726862672204572,0.7519264385099682,-0.6610549931427696,0.6610549931427696
94f70d80,COSINE,FLOAT96_CENTERED,,0.7085212216826876,0.7085212216826876,-0.001993512666062587,-0.02444074373959857,0.7085212216826876,0.7397904050776659,-0.7105147343487502,0.7105147343487502
95228167,HAMMING,SIGN96_CENTERED,,39.0,39.0,47.4901185770751,48.0,39.0,28.0,8.490118577075101,
95228167,HAMMING,ITQ96_CENTERED,101.0,38.0,38.0,47.91699604743083,49.0,38.0,28.0,9.916996047430828,
95228167,HAMMING,ITQ96_CENTERED,202.0,36.0,36.0,48.13241106719368,49.0,36.0,22.0,12.13241106719368,
95228167,HAMMING,ITQ96_CENTERED,303.0,36.0,36.0,47.89328063241107,48.0,36.0,30.0,11.89328063241107,
95228167,HAMMING,ITQ96_CENTERED,404.0,36.0,36.0,48.130434782608695,49.0,36.0,29.0,12.130434782608695,
95228167,HAMMING,ITQ96_CENTERED,505.0,36.0,36.0,48.1699604743083,49.0,36.0,29.0,12.169960474308297,
95228167,COSINE,FLOAT96_UNCENTERED,,0.38537670988234596,0.38537670988234596,0.17366291092104494,0.1578234358949082,0.38537670988234596,0.6152907743195655,-0.21171379896130102,0.21171379896130102
95228167,COSINE,FLOAT96_CENTERED,,0.2819863591055791,0.2819863591055791,0.0008044375004688898,-0.017174096535469464,0.2819863591055791,0.5094594295967682,-0.28118192160511024,0.28118192160511024
95bcc1c8,HAMMING,SIGN96_CENTERED,,24.0,24.0,48.22839506172839,49.0,24.0,19.0,24.228395061728392,
95bcc1c8,HAMMING,ITQ96_CENTERED,101.0,13.0,13.0,47.76131687242798,48.0,13.0,15.0,34.76131687242798,
95bcc1c8,HAMMING,ITQ96_CENTERED,202.0,12.0,12.0,47.95473251028807,49.0,12.0,13.0,35.95473251028807,
95bcc1c8,HAMMING,ITQ96_CENTERED,303.0,11.0,11.0,47.870370370370374,49.0,11.0,13.0,36.870370370370374,
95bcc1c8,HAMMING,ITQ96_CENTERED,404.0,13.0,13.0,47.946502057613166,48.0,13.0,13.0,34.946502057613166,
95bcc1c8,HAMMING,ITQ96_CENTERED,505.0,13.0,13.0,48.09465020576132,49.0,13.0,12.0,35.09465020576132,
95bcc1c8,COSINE,FLOAT96_UNCENTERED,,0.8479367251749775,0.8479367251749775,0.08319854976079466,0.053010235795700814,0.8479367251749775,0.798896465157344,-0.7647381754141829,0.7647381754141829
95bcc1c8,COSINE,FLOAT96_CENTERED,,0.8337417095495532,0.8337417095495532,-0.0012268468022364363,-0.03260000369848966,0.8337417095495532,0.7732786176156136,-0.8349685563517896,0.8349685563517896
982b5123,HAMMING,SIGN96_CENTERED,,29.0,29.0,48.303609341825904,49.0,28.0,31.0,19.303609341825904,
982b5123,HAMMING,ITQ96_CENTERED,101.0,13.5,13.5,48.29723991507431,49.0,12.0,17.0,34.79723991507431,
982b5123,HAMMING,ITQ96_CENTERED,202.0,10.0,10.0,48.23779193205945,49.0,10.0,14.0,38.23779193205945,
982b5123,HAMMING,ITQ96_CENTERED,303.0,15.0,15.0,48.004246284501065,49.0,13.0,15.0,33.004246284501065,
982b5123,HAMMING,ITQ96_CENTERED,404.0,16.0,16.0,48.460721868365184,49.0,14.0,15.0,32.460721868365184,
982b5123,HAMMING,ITQ96_CENTERED,505.0,12.5,12.5,48.1104033970276,49.0,12.0,15.0,35.6104033970276,
982b5123,COSINE,FLOAT96_UNCENTERED,,0.8274904996879741,0.8274904996879741,0.07022684902898994,0.031728649787509444,0.8451388193677837,0.7909258697219161,-0.7572636506589842,0.7572636506589842
982b5123,COSINE,FLOAT96_CENTERED,,0.8154643969711522,0.8154643969711522,-0.003181301546439434,-0.03485604150208881,0.8342159391112806,0.7669223028536575,-0.8186456985175917,0.8186456985175917
993da5e2,HAMMING,SIGN96_CENTERED,,26.0,26.0,48.15702479338843,48.0,23.0,21.0,22.15702479338843,
993da5e2,HAMMING,ITQ96_CENTERED,101.0,17.0,17.0,48.010330578512395,49.0,13.0,13.0,31.010330578512395,
993da5e2,HAMMING,ITQ96_CENTERED,202.0,19.5,19.5,48.485537190082646,50.0,12.0,14.0,28.985537190082646,
993da5e2,HAMMING,ITQ96_CENTERED,303.0,21.5,21.5,48.21280991735537,49.0,18.0,12.0,26.712809917355372,
993da5e2,HAMMING,ITQ96_CENTERED,404.0,16.0,16.0,47.79338842975206,49.0,16.0,15.0,31.793388429752063,
993da5e2,HAMMING,ITQ96_CENTERED,505.0,17.5,17.5,48.14876033057851,49.0,14.0,13.0,30.64876033057851,
993da5e2,COSINE,FLOAT96_UNCENTERED,,0.7791846430864429,0.7791846430864429,0.09870860940747146,0.06176094127946413,0.8192209065733467,0.8456034541931092,-0.6804760336789714,0.6804760336789714
993da5e2,COSINE,FLOAT96_CENTERED,,0.7510186093105444,0.7510186093105444,-0.0025989009003210316,-0.04099799131751412,0.795971072722777,0.8282974510646315,-0.7536175102108654,0.7536175102108654
9a707b81,HAMMING,SIGN96_CENTERED,,33.0,33.0,48.30492424242424,48.0,31.0,35.0,15.304924242424242,
9a707b81,HAMMING,ITQ96_CENTERED,101.0,27.5,27.5,48.14962121212121,49.0,18.0,19.0,20.64962121212121,
9a707b81,HAMMING,ITQ96_CENTERED,202.0,25.0,25.0,48.15340909090909,50.0,20.0,21.0,23.153409090909093,
9a707b81,HAMMING,ITQ96_CENTERED,303.0,27.5,27.5,47.94886363636363,49.0,13.0,15.0,20.448863636363633,
9a707b81,HAMMING,ITQ96_CENTERED,404.0,28.5,28.5,47.83712121212121,49.0,25.0,22.0,19.33712121212121,
9a707b81,HAMMING,ITQ96_CENTERED,505.0,32.5,32.5,48.077651515151516,49.0,25.0,24.0,15.577651515151516,
9a707b81,COSINE,FLOAT96_UNCENTERED,,0.6500946545537178,0.6500946545537178,0.15707356812852113,0.11255538649078345,0.7678010166715132,0.7427461611174502,-0.4930210864251967,0.4930210864251967
9a707b81,COSINE,FLOAT96_CENTERED,,0.5710838168875495,0.5710838168875495,0.0005374205690056411,-0.04419318408299083,0.7224551150672771,0.666268452418745,-0.5705463963185439,0.5705463963185439
9a707b82,HAMMING,SIGN96_CENTERED,,42.0,42.0,48.088512241054616,48.0,42.0,28.0,6.088512241054616,
9a707b82,HAMMING,ITQ96_CENTERED,101.0,52.0,52.0,47.68926553672316,49.0,52.0,26.0,-4.310734463276837,
9a707b82,HAMMING,ITQ96_CENTERED,202.0,43.0,43.0,48.16007532956686,50.0,43.0,20.0,5.160075329566858,
9a707b82,HAMMING,ITQ96_CENTERED,303.0,50.0,50.0,48.11487758945386,50.0,50.0,23.0,-1.8851224105461384,
9a707b82,HAMMING,ITQ96_CENTERED,404.0,47.0,47.0,47.94915254237288,49.0,47.0,23.0,0.9491525423728788,
9a707b82,HAMMING,ITQ96_CENTERED,505.0,45.0,45.0,47.97175141242938,50.0,45.0,27.0,2.971751412429377,
9a707b82,COSINE,FLOAT96_UNCENTERED,,0.1896231689680773,0.1896231689680773,0.12969559210109607,0.08567959768972694,0.1896231689680773,0.6494173733172701,-0.05992757686698122,0.05992757686698122
9a707b82,COSINE,FLOAT96_CENTERED,,0.04258703984006377,0.04258703984006377,0.0005032632428314093,-0.0456265607015266,0.04258703984006377,0.597273044081022,-0.04208377659723236,0.04208377659723236
9aaed6a3,HAMMING,SIGN96_CENTERED,,24.5,24.5,47.749536178107604,48.0,17.0,24.0,23.249536178107604,
9aaed6a3,HAMMING,ITQ96_CENTERED,101.0,24.0,24.0,48.26901669758813,49.0,14.0,14.0,24.26901669758813,
9aaed6a3,HAMMING,ITQ96_CENTERED,202.0,25.5,25.5,48.44341372912802,50.0,14.0,18.0,22.943413729128018,
9aaed6a3,HAMMING,ITQ96_CENTERED,303.0,26.0,26.0,48.606679035250465,50.0,18.0,15.0,22.606679035250465,
9aaed6a3,HAMMING,ITQ96_CENTERED,404.0,25.5,25.5,48.22634508348794,49.0,21.0,18.0,22.726345083487942,
9aaed6a3,HAMMING,ITQ96_CENTERED,505.0,23.5,23.5,48.20779220779221,49.0,19.0,20.0,24.70779220779221,
9aaed6a3,COSINE,FLOAT96_UNCENTERED,,0.6120936906545578,0.6120936906545578,0.058155544558445044,0.022118283092415925,0.7964439656023257,0.7818165011094182,-0.5539381460961127,0.5539381460961127
9aaed6a3,COSINE,FLOAT96_CENTERED,,0.5963295832007756,0.5963295832007756,-0.0035168729465893675,-0.03471296272993491,0.784165717391718,0.7632405739162613,-0.599846456147365,0.599846456147365
9bbe84a2,HAMMING,SIGN96_CENTERED,,36.5,36.5,47.74398249452954,48.0,33.0,28.0,11.24398249452954,
9bbe84a2,HAMMING,ITQ96_CENTERED,101.0,22.5,22.5,48.22100656455142,49.0,15.0,12.0,25.721006564551423,
9bbe84a2,HAMMING,ITQ96_CENTERED,202.0,24.5,24.5,48.01312910284464,49.0,20.0,14.0,23.513129102844637,
9bbe84a2,HAMMING,ITQ96_CENTERED,303.0,22.5,22.5,48.40481400437637,49.0,17.0,17.0,25.90481400437637,
9bbe84a2,HAMMING,ITQ96_CENTERED,404.0,24.0,24.0,48.10503282275711,49.0,17.0,13.0,24.10503282275711,
9bbe84a2,HAMMING,ITQ96_CENTERED,505.0,25.5,25.5,48.08752735229759,49.0,17.0,15.0,22.58752735229759,
9bbe84a2,COSINE,FLOAT96_UNCENTERED,,0.6423258750462986,0.6423258750462986,0.07049162399704874,0.032738890179294516,0.76242002661281,0.7840370392885205,-0.5718342510492498,0.5718342510492498
9bbe84a2,COSINE,FLOAT96_CENTERED,,0.6190861735079589,0.6190861735079589,-0.0028128253995500668,-0.03408302887265835,0.7465181076450463,0.7689389398841494,-0.621898998907509,0.621898998907509
9d25d4e0,HAMMING,SIGN96_CENTERED,,44.6,42.0,48.131147540983605,48.0,41.0,29.0,3.5311475409836035,
9d25d4e0,HAMMING,ITQ96_CENTERED,101.0,28.8,27.0,48.243852459016395,49.0,23.0,16.0,19.443852459016394,
9d25d4e0,HAMMING,ITQ96_CENTERED,202.0,29.0,28.0,48.17827868852459,50.0,23.0,16.0,19.178278688524593,
9d25d4e0,HAMMING,ITQ96_CENTERED,303.0,29.4,27.0,48.067622950819676,50.0,24.0,12.0,18.667622950819677,
9d25d4e0,HAMMING,ITQ96_CENTERED,404.0,25.8,25.0,48.049180327868854,49.0,22.0,11.0,22.249180327868853,
9d25d4e0,HAMMING,ITQ96_CENTERED,505.0,32.6,34.0,48.16188524590164,50.0,27.0,10.0,15.561885245901635,
9d25d4e0,COSINE,FLOAT96_UNCENTERED,,0.5565147762591954,0.6079537608292505,0.09246941480981435,0.04344967315952669,0.6728337809455109,0.8378996804568541,-0.4640453614493811,0.4640453614493811
9d25d4e0,COSINE,FLOAT96_CENTERED,,0.5097071294903202,0.5604861698306493,-0.0039089888204438,-0.04865801921476308,0.6262836065581,0.8138493225849215,-0.5136161183107639,0.5136161183107639
9ea5eabc,HAMMING,SIGN96_CENTERED,,27.5,27.5,47.385046728971965,48.0,27.0,27.0,19.885046728971965,
9ea5eabc,HAMMING,ITQ96_CENTERED,101.0,17.5,17.5,47.99439252336449,49.0,17.0,11.0,30.49439252336449,
9ea5eabc,HAMMING,ITQ96_CENTERED,202.0,20.0,20.0,48.12149532710281,50.0,16.0,11.0,28.121495327102807,
9ea5eabc,HAMMING,ITQ96_CENTERED,303.0,18.5,18.5,47.86915887850467,49.0,14.0,16.0,29.36915887850467,
9ea5eabc,HAMMING,ITQ96_CENTERED,404.0,21.0,21.0,48.0803738317757,49.0,19.0,10.0,27.080373831775702,
9ea5eabc,HAMMING,ITQ96_CENTERED,505.0,18.5,18.5,48.00747663551402,49.0,18.0,9.0,29.507476635514017,
9ea5eabc,COSINE,FLOAT96_UNCENTERED,,0.7765590120353145,0.7765590120353145,0.08044527820226201,0.03481888890089482,0.8183817157842789,0.8213270714907585,-0.6961137338330525,0.6961137338330525
9ea5eabc,COSINE,FLOAT96_CENTERED,,0.7527136879637781,0.7527136879637781,-0.0012636323763282622,-0.035469931449082996,0.8021333407981311,0.7953785463718582,-0.7539773203401064,0.7539773203401064
9ee3ecd6,HAMMING,SIGN96_CENTERED,,20.0,20.0,47.59493670886076,48.0,13.0,12.0,27.594936708860757,
9ee3ecd6,HAMMING,ITQ96_CENTERED,101.0,18.5,18.5,48.37552742616034,49.0,5.0,4.0,29.87552742616034,
9ee3ecd6,HAMMING,ITQ96_CENTERED,202.0,18.0,18.0,48.11603375527426,49.0,5.0,6.0,30.11603375527426,
9ee3ecd6,HAMMING,ITQ96_CENTERED,303.0,19.0,19.0,47.80168776371308,49.0,8.0,7.0,28.801687763713083,
9ee3ecd6,HAMMING,ITQ96_CENTERED,404.0,20.5,20.5,48.073839662447256,49.0,9.0,7.0,27.573839662447256,
9ee3ecd6,HAMMING,ITQ96_CENTERED,505.0,18.5,18.5,48.141350210970465,49.0,5.0,6.0,29.641350210970465,
9ee3ecd6,COSINE,FLOAT96_UNCENTERED,,0.766537005237876,0.766537005237876,0.07480103141003694,0.036299180820157415,0.9158632571557327,0.9076102737756526,-0.6917359738278391,0.6917359738278391
9ee3ecd6,COSINE,FLOAT96_CENTERED,,0.7492761989319777,0.7492761989319777,-0.004051470048739104,-0.03801745774207019,0.9104416455260264,0.9018923012420615,-0.7533276689807168,0.7533276689807168
a06e4cfe,HAMMING,SIGN96_CENTERED,,19.0,19.0,47.46153846153846,48.0,19.0,15.0,28.46153846153846,
a06e4cfe,HAMMING,ITQ96_CENTERED,101.0,8.0,8.0,47.849906191369605,48.0,8.0,5.0,39.849906191369605,
a06e4cfe,HAMMING,ITQ96_CENTERED,202.0,6.0,6.0,48.18198874296435,49.0,6.0,7.0,42.18198874296435,
a06e4cfe,HAMMING,ITQ96_CENTERED,303.0,7.0,7.0,47.87429643527204,49.0,7.0,7.0,40.87429643527204,
a06e4cfe,HAMMING,ITQ96_CENTERED,404.0,8.0,8.0,48.031894934333955,49.0,8.0,3.0,40.031894934333955,
a06e4cfe,HAMMING,ITQ96_CENTERED,505.0,3.0,3.0,48.18011257035647,49.0,3.0,5.0,45.18011257035647,
a06e4cfe,COSINE,FLOAT96_UNCENTERED,,0.9089038715730937,0.9089038715730937,0.049736285215712606,0.027799305785085483,0.9089038715730937,0.9128627429203516,-0.8591675863573811,0.8591675863573811
a06e4cfe,COSINE,FLOAT96_CENTERED,,0.906152540212962,0.906152540212962,-0.0023023630906300807,-0.01617796162473746,0.906152540212962,0.9100281779368419,-0.908454903303592,0.908454903303592
a08a253f,HAMMING,SIGN96_CENTERED,,31.0,31.0,48.39068100358423,49.0,12.0,17.0,17.390681003584227,
a08a253f,HAMMING,ITQ96_CENTERED,101.0,24.0,24.0,47.956989247311824,49.0,5.0,7.0,23.956989247311824,
a08a253f,HAMMING,ITQ96_CENTERED,202.0,27.5,27.5,47.85125448028674,48.0,11.0,10.0,20.35125448028674,
a08a253f,HAMMING,ITQ96_CENTERED,303.0,23.0,23.0,48.01075268817204,49.0,8.0,9.0,25.01075268817204,
a08a253f,HAMMING,ITQ96_CENTERED,404.0,25.0,25.0,47.72401433691756,48.0,3.0,6.0,22.724014336917563,
a08a253f,HAMMING,ITQ96_CENTERED,505.0,26.5,26.5,48.084229390681,49.0,7.0,8.0,21.584229390681003,
a08a253f,COSINE,FLOAT96_UNCENTERED,,0.5670315624935742,0.5670315624935742,0.07411256956374981,0.04081676187928303,0.90308937418772,0.8908320482516241,-0.49291899292982444,0.49291899292982444
a08a253f,COSINE,FLOAT96_CENTERED,,0.5282381205942811,0.5282381205942811,-0.0012948068126242284,-0.025733248266689497,0.8978094231906278,0.8853035173867276,-0.5295329274069054,0.5295329274069054
a11281a2,HAMMING,SIGN96_CENTERED,,30.5,30.5,47.747252747252745,48.0,30.0,30.0,17.247252747252745,
a11281a2,HAMMING,ITQ96_CENTERED,101.0,23.5,23.5,47.918681318681315,49.0,22.0,9.0,24.418681318681315,
a11281a2,HAMMING,ITQ96_CENTERED,202.0,23.0,23.0,48.050549450549454,50.0,22.0,15.0,25.050549450549454,
a11281a2,HAMMING,ITQ96_CENTERED,303.0,22.0,22.0,47.8021978021978,49.0,21.0,10.0,25.802197802197803,
a11281a2,HAMMING,ITQ96_CENTERED,404.0,19.5,19.5,47.927472527472524,49.0,18.0,14.0,28.427472527472524,
a11281a2,HAMMING,ITQ96_CENTERED,505.0,26.5,26.5,47.74065934065934,49.0,26.0,15.0,21.24065934065934,
a11281a2,COSINE,FLOAT96_UNCENTERED,,0.7347538841388127,0.7347538841388127,0.08491997910144752,0.0473625314404017,0.7415660478383246,0.8130631443871852,-0.6498339050373652,0.6498339050373652
a11281a2,COSINE,FLOAT96_CENTERED,,0.7071243036754817,0.7071243036754817,-0.002328528937505856,-0.036347007249781786,0.7152858744058685,0.787416121516202,-0.7094528326129876,0.7094528326129876
a1cc6108,HAMMING,SIGN96_CENTERED,,38.5,38.5,47.51428571428571,48.0,29.0,23.0,9.014285714285712,
a1cc6108,HAMMING,ITQ96_CENTERED,101.0,31.0,31.0,48.13061224489796,49.0,25.0,19.0,17.13061224489796,
a1cc6108,HAMMING,ITQ96_CENTERED,202.0,26.0,26.0,47.98367346938775,49.0,17.0,20.0,21.983673469387753,
a1cc6108,HAMMING,ITQ96_CENTERED,303.0,27.0,27.0,48.042857142857144,49.0,17.0,21.0,21.042857142857144,
a1cc6108,HAMMING,ITQ96_CENTERED,404.0,30.5,30.5,47.891836734693875,49.0,21.0,20.0,17.391836734693875,
a1cc6108,HAMMING,ITQ96_CENTERED,505.0,31.0,31.0,47.93469387755102,48.5,27.0,24.0,16.93469387755102,
a1cc6108,COSINE,FLOAT96_UNCENTERED,,0.5738505826432913,0.5738505826432913,0.09761353621922504,0.06096198509216398,0.720443239958237,0.7627378923922519,-0.4762370464240662,0.4762370464240662
a1cc6108,COSINE,FLOAT96_CENTERED,,0.5091088263814683,0.5091088263814683,-5.4699009272219276e-05,-0.04111569681413413,0.6864188040026943,0.7218346154880453,-0.5091635253907405,0.5091635253907405
a1eacc2a,HAMMING,SIGN96_CENTERED,,23.0,23.0,48.230932203389834,49.0,21.0,23.0,25.230932203389834,
a1eacc2a,HAMMING,ITQ96_CENTERED,101.0,18.5,18.5,48.22457627118644,50.0,14.0,17.0,29.724576271186443,
a1eacc2a,HAMMING,ITQ96_CENTERED,202.0,18.5,18.5,47.94491525423729,50.0,17.0,16.0,29.444915254237287,
a1eacc2a,HAMMING,ITQ96_CENTERED,303.0,15.5,15.5,47.8771186440678,49.0,15.0,17.0,32.3771186440678,
a1eacc2a,HAMMING,ITQ96_CENTERED,404.0,20.5,20.5,48.3728813559322,49.0,17.0,21.0,27.8728813559322,
a1eacc2a,HAMMING,ITQ96_CENTERED,505.0,17.5,17.5,48.09957627118644,50.0,15.0,14.0,30.599576271186443,
a1eacc2a,COSINE,FLOAT96_UNCENTERED,,0.8060693288896082,0.8060693288896082,0.08930143761587366,0.03892098702920345,0.8441086627303999,0.7934176662089663,-0.7167678912737346,0.7167678912737346
a1eacc2a,COSINE,FLOAT96_CENTERED,,0.7804002766626403,0.7804002766626403,-0.0006960706808794542,-0.04772591010720216,0.8246137966964273,0.7598681545870518,-0.7810963473435197,0.7810963473435197
a2f3aa27,HAMMING,SIGN96_CENTERED,,30.0,30.0,47.56726457399103,48.0,25.0,24.0,17.567264573991032,
a2f3aa27,HAMMING,ITQ96_CENTERED,101.0,19.5,19.5,47.94170403587444,49.0,18.0,10.0,28.441704035874437,
a2f3aa27,HAMMING,ITQ96_CENTERED,202.0,18.0,18.0,48.36771300448431,49.5,16.0,11.0,30.367713004484308,
a2f3aa27,HAMMING,ITQ96_CENTERED,303.0,16.5,16.5,47.76457399103139,49.0,13.0,5.0,31.26457399103139,
a2f3aa27,HAMMING,ITQ96_CENTERED,404.0,15.5,15.5,47.98654708520179,49.0,13.0,13.0,32.48654708520179,
a2f3aa27,HAMMING,ITQ96_CENTERED,505.0,18.5,18.5,48.073991031390136,49.0,14.0,10.0,29.573991031390136,
a2f3aa27,COSINE,FLOAT96_UNCENTERED,,0.7504780393351744,0.7504780393351744,0.06481295646749376,0.025194428740432987,0.7766822085391103,0.85535871162583,-0.6856650828676807,0.6856650828676807
a2f3aa27,COSINE,FLOAT96_CENTERED,,0.721800869972705,0.721800869972705,-0.0021257815888223166,-0.037330405344167844,0.7520752075671858,0.8417849918235789,-0.7239266515615272,0.7239266515615272
a3045048,HAMMING,SIGN96_CENTERED,,18.5,18.5,47.333333333333336,48.0,12.0,23.0,28.833333333333336,
a3045048,HAMMING,ITQ96_CENTERED,101.0,12.5,12.5,48.144329896907216,49.0,10.0,15.0,35.644329896907216,
a3045048,HAMMING,ITQ96_CENTERED,202.0,10.5,10.5,47.95876288659794,49.0,9.0,14.0,37.45876288659794,
a3045048,HAMMING,ITQ96_CENTERED,303.0,11.0,11.0,48.11683848797251,49.0,8.0,9.0,37.11683848797251,
a3045048,HAMMING,ITQ96_CENTERED,404.0,14.5,14.5,48.529209621993125,50.0,13.0,15.0,34.029209621993125,
a3045048,HAMMING,ITQ96_CENTERED,505.0,11.0,11.0,47.68041237113402,49.0,9.0,12.0,36.68041237113402,
a3045048,COSINE,FLOAT96_UNCENTERED,,0.8499490447650548,0.8499490447650548,0.08275865718070813,0.038852398628522675,0.8833092333336605,0.8198506114784363,-0.7671903875843467,0.7671903875843467
a3045048,COSINE,FLOAT96_CENTERED,,0.8380944439302862,0.8380944439302862,-0.0027581542111703274,-0.04194950345451794,0.873208091797031,0.8013770961805923,-0.8408525981414565,0.8408525981414565
a3332713,HAMMING,SIGN96_CENTERED,,33.0,33.0,47.546236559139786,48.0,19.0,14.0,14.546236559139786,
a3332713,HAMMING,ITQ96_CENTERED,101.0,20.0,20.0,48.04731182795699,49.0,9.0,7.0,28.04731182795699,
a3332713,HAMMING,ITQ96_CENTERED,202.0,17.5,17.5,48.16989247311828,49.0,2.0,5.0,30.66989247311828,
a3332713,HAMMING,ITQ96_CENTERED,303.0,22.5,22.5,48.421505376344086,49.0,7.0,4.0,25.921505376344086,
a3332713,HAMMING,ITQ96_CENTERED,404.0,21.5,21.5,47.913978494623656,49.0,9.0,5.0,26.413978494623656,
a3332713,HAMMING,ITQ96_CENTERED,505.0,24.0,24.0,48.07311827956989,49.0,9.0,2.0,24.07311827956989,
a3332713,COSINE,FLOAT96_UNCENTERED,,0.697880629085466,0.697880629085466,0.058425625923128964,0.026923461290119396,0.8856778723806892,0.9163194794874215,-0.639455003162337,0.639455003162337
a3332713,COSINE,FLOAT96_CENTERED,,0.6820988766892208,0.6820988766892208,-0.0039049076206999966,-0.028497889767918592,0.8788819434591214,0.9122633073053682,-0.6860037843099207,0.6860037843099207
a346bb18,HAMMING,SIGN96_CENTERED,,36.0,36.0,47.924369747899156,48.0,32.0,29.0,11.924369747899156,
a346bb18,HAMMING,ITQ96_CENTERED,101.0,23.5,23.5,48.19957983193277,49.0,15.0,13.0,24.699579831932773,
a346bb18,HAMMING,ITQ96_CENTERED,202.0,24.5,24.5,48.23529411764706,49.5,17.0,14.0,23.735294117647058,
a346bb18,HAMMING,ITQ96_CENTERED,303.0,23.5,23.5,47.752100840336134,49.0,12.0,12.0,24.252100840336134,
a346bb18,HAMMING,ITQ96_CENTERED,404.0,26.5,26.5,47.89705882352941,49.0,20.0,16.0,21.397058823529413,
a346bb18,HAMMING,ITQ96_CENTERED,505.0,22.0,22.0,47.86764705882353,49.0,12.0,14.0,25.86764705882353,
a346bb18,COSINE,FLOAT96_UNCENTERED,,0.6603582337634721,0.6603582337634721,0.12292785582651379,0.08479846342129257,0.8128230333733444,0.8320060368223323,-0.5374303779369584,0.5374303779369584
a346bb18,COSINE,FLOAT96_CENTERED,,0.6102953977927145,0.6102953977927145,-0.0013159206426164138,-0.05081624895997046,0.7845821116964713,0.8017070479068685,-0.6116113184353309,0.6116113184353309
a3838d2b,HAMMING,SIGN96_CENTERED,,39.0,40.5,48.03138075313807,48.0,25.0,24.0,9.031380753138073,
a3838d2b,HAMMING,ITQ96_CENTERED,101.0,30.666666666666668,32.5,47.74686192468619,49.0,6.0,6.0,17.080195258019526,
a3838d2b,HAMMING,ITQ96_CENTERED,202.0,29.166666666666668,29.5,48.02092050209205,49.0,8.0,4.0,18.854253835425386,
a3838d2b,HAMMING,ITQ96_CENTERED,303.0,30.666666666666668,34.5,47.92887029288703,49.0,7.0,1.0,17.26220362622036,
a3838d2b,HAMMING,ITQ96_CENTERED,404.0,30.166666666666668,33.5,48.26150627615063,49.0,7.0,4.0,18.09483960948396,
a3838d2b,HAMMING,ITQ96_CENTERED,505.0,28.5,31.0,47.81589958158996,49.0,8.0,4.0,19.31589958158996,
a3838d2b,COSINE,FLOAT96_UNCENTERED,,0.5362000054471393,0.5335399586163387,0.06887737992888891,0.03544464678917881,0.8771602809253887,0.91604722193299,-0.4673226255182504,0.4673226255182504
a3838d2b,COSINE,FLOAT96_CENTERED,,0.4954646794864755,0.4924633337332879,-0.006344524462465652,-0.03483554791786904,0.8712424973323496,0.9101847544600931,-0.5018092039489411,0.5018092039489411
a40e080f,HAMMING,SIGN96_CENTERED,,25.0,25.0,47.702651515151516,48.0,25.0,20.0,22.702651515151516,
a40e080f,HAMMING,ITQ96_CENTERED,101.0,1.0,1.0,48.12310606060606,49.0,1.0,1.0,47.12310606060606,
a40e080f,HAMMING,ITQ96_CENTERED,202.0,0.0,0.0,47.97727272727273,49.0,0.0,0.0,47.97727272727273,
a40e080f,HAMMING,ITQ96_CENTERED,303.0,0.0,0.0,47.78977272727273,49.0,0.0,0.0,47.78977272727273,
a40e080f,HAMMING,ITQ96_CENTERED,404.0,1.0,1.0,47.941287878787875,48.0,1.0,1.0,46.941287878787875,
a40e080f,HAMMING,ITQ96_CENTERED,505.0,0.0,0.0,48.01893939393939,49.0,0.0,0.0,48.01893939393939,
a40e080f,COSINE,FLOAT96_UNCENTERED,,0.950352234546181,0.950352234546181,0.09256541013943519,0.06291082069575928,0.950352234546181,0.9418558397880517,-0.8577868244067458,0.8577868244067458
a40e080f,COSINE,FLOAT96_CENTERED,,0.9454051663805491,0.9454051663805491,-0.0013968559692797051,-0.024099888994187704,0.9454051663805491,0.9365592866757811,-0.9468020223498288,0.9468020223498288
a4996e51,HAMMING,SIGN96_CENTERED,,32.5,32.5,47.858823529411765,48.0,27.0,19.0,15.358823529411765,
a4996e51,HAMMING,ITQ96_CENTERED,101.0,23.0,23.0,48.076470588235296,49.0,9.0,6.0,25.076470588235296,
a4996e51,HAMMING,ITQ96_CENTERED,202.0,22.0,22.0,47.87450980392157,49.0,6.0,4.0,25.87450980392157,
a4996e51,HAMMING,ITQ96_CENTERED,303.0,22.5,22.5,48.319607843137256,49.0,6.0,8.0,25.819607843137256,
a4996e51,HAMMING,ITQ96_CENTERED,404.0,19.5,19.5,47.9921568627451,49.0,6.0,6.0,28.492156862745098,
a4996e51,HAMMING,ITQ96_CENTERED,505.0,17.5,17.5,47.786274509803924,49.0,2.0,3.0,30.286274509803924,
a4996e51,COSINE,FLOAT96_UNCENTERED,,0.6981528570908906,0.6981528570908906,0.07248215218199727,0.04452665165917026,0.9185217452923073,0.8951784097629485,-0.6256707049088933,0.6256707049088933
a4996e51,COSINE,FLOAT96_CENTERED,,0.6772276451070395,0.6772276451070395,-0.0026861824040331867,-0.027948108567410146,0.9130909765554798,0.8859131718208002,-0.6799138275110727,0.6799138275110727
a82c026e,HAMMING,SIGN96_CENTERED,,26.0,26.0,47.566315789473684,48.0,26.0,24.0,21.566315789473684,
a82c026e,HAMMING,ITQ96_CENTERED,101.0,21.0,21.0,48.206315789473685,49.0,21.0,18.0,27.206315789473685,
a82c026e,HAMMING,ITQ96_CENTERED,202.0,17.0,17.0,48.27578947368421,49.0,17.0,20.0,31.275789473684213,
a82c026e,HAMMING,ITQ96_CENTERED,303.0,15.0,15.0,47.7978947368421,49.0,15.0,15.0,32.7978947368421,
a82c026e,HAMMING,ITQ96_CENTERED,404.0,21.0,21.0,47.922105263157896,50.0,21.0,20.0,26.922105263157896,
a82c026e,HAMMING,ITQ96_CENTERED,505.0,19.0,19.0,47.82947368421053,49.0,19.0,18.0,28.829473684210527,
a82c026e,COSINE,FLOAT96_UNCENTERED,,0.6830471927961927,0.6830471927961927,0.09742355095694538,0.053499028072413184,0.6830471927961927,0.7327313205346231,-0.5856236418392473,0.5856236418392473
a82c026e,COSINE,FLOAT96_CENTERED,,0.64237237835126,0.64237237835126,-0.0003799106337511136,-0.04257512579925718,0.64237237835126,0.6903613165738782,-0.6427522889850111,0.6427522889850111
a89d7624,HAMMING,SIGN96_CENTERED,,42.5,42.5,48.435222672064775,49.0,41.0,26.0,5.935222672064775,
a89d7624,HAMMING,ITQ96_CENTERED,101.0,40.5,40.5,48.1578947368421,49.0,40.0,21.0,7.657894736842103,
a89d7624,HAMMING,ITQ96_CENTERED,202.0,41.5,41.5,48.202429149797574,49.0,38.0,16.0,6.702429149797574,
a89d7624,HAMMING,ITQ96_CENTERED,303.0,39.0,39.0,48.26315789473684,49.0,39.0,19.0,9.263157894736842,
a89d7624,HAMMING,ITQ96_CENTERED,404.0,39.0,39.0,47.88259109311741,49.0,37.0,19.0,8.882591093117412,
a89d7624,HAMMING,ITQ96_CENTERED,505.0,34.5,34.5,48.14574898785425,49.0,33.0,19.0,13.645748987854248,
a89d7624,COSINE,FLOAT96_UNCENTERED,,0.3031340809396413,0.3031340809396413,0.09775331725090314,0.06281912608474816,0.32171664404081596,0.7616386491779381,-0.20538076368873814,0.20538076368873814
a89d7624,COSINE,FLOAT96_CENTERED,,0.23836858986560833,0.23836858986560833,-0.0010901371244453723,-0.030780762817477426,0.26307756036920815,0.7404947353263489,-0.2394587269900537,0.2394587269900537
a96c20ee,HAMMING,SIGN96_CENTERED,,20.0,20.0,47.70431211498973,48.0,20.0,29.0,27.704312114989733,
a96c20ee,HAMMING,ITQ96_CENTERED,101.0,17.0,17.0,48.02258726899384,49.0,17.0,14.0,31.02258726899384,
a96c20ee,HAMMING,ITQ96_CENTERED,202.0,15.5,15.5,48.16427104722793,49.0,13.0,15.0,32.66427104722793,
a96c20ee,HAMMING,ITQ96_CENTERED,303.0,17.5,17.5,47.827515400410675,49.0,16.0,13.0,30.327515400410675,
a96c20ee,HAMMING,ITQ96_CENTERED,404.0,12.0,12.0,48.25462012320329,49.0,11.0,16.0,36.25462012320329,
a96c20ee,HAMMING,ITQ96_CENTERED,505.0,15.0,15.0,48.25051334702259,49.0,12.0,13.0,33.25051334702259,
a96c20ee,COSINE,FLOAT96_UNCENTERED,,0.8335964624054804,0.8335964624054804,0.09522689772592492,0.06541146242159687,0.843732361019594,0.8214961688978362,-0.7383695646795554,0.7383695646795554
a96c20ee,COSINE,FLOAT96_CENTERED,,0.8106354165126554,0.8106354165126554,-0.003007902026258248,-0.03414889049550035,0.8230917118989727,0.7989316959582283,-0.8136433185389136,0.8136433185389136
a9f6b44c,HAMMING,SIGN96_CENTERED,,37.5,36.5,48.1228813559322,48.0,30.0,33.0,10.6228813559322,
a9f6b44c,HAMMING,ITQ96_CENTERED,101.0,33.75,32.0,47.96186440677966,49.0,30.0,26.0,14.211864406779661,
a9f6b44c,HAMMING,ITQ96_CENTERED,202.0,32.5,30.5,48.12076271186441,49.0,28.0,26.0,15.620762711864408,
a9f6b44c,HAMMING,ITQ96_CENTERED,303.0,33.25,32.5,47.978813559322035,49.0,26.0,21.0,14.728813559322035,
a9f6b44c,HAMMING,ITQ96_CENTERED,404.0,30.0,28.0,48.0,48.0,23.0,23.0,18.0,
a9f6b44c,HAMMING,ITQ96_CENTERED,505.0,33.5,31.0,47.69915254237288,48.0,27.0,24.0,14.199152542372879,
a9f6b44c,COSINE,FLOAT96_UNCENTERED,,0.4609756070200706,0.4844295737026062,0.12550148621481855,0.10402746210551905,0.6245658368340665,0.698083676631983,-0.3354741208052521,0.3354741208052521
a9f6b44c,COSINE,FLOAT96_CENTERED,,0.3784122498319026,0.4109076353131397,-0.002035362334119235,-0.023977004292385008,0.5668016631779956,0.6461765740550629,-0.3804476121660218,0.3804476121660218
aae3761f,HAMMING,SIGN96_CENTERED,,20.333333333333332,19.0,47.91701244813278,48.0,18.0,23.0,27.58367911479945,
aae3761f,HAMMING,ITQ96_CENTERED,101.0,20.666666666666668,18.0,48.412863070539416,50.0,13.0,13.0,27.746196403872748,
aae3761f,HAMMING,ITQ96_CENTERED,202.0,23.0,24.0,48.226141078838175,50.0,15.0,20.0,25.226141078838175,
aae3761f,HAMMING,ITQ96_CENTERED,303.0,23.333333333333332,23.0,48.24688796680498,49.0,17.0,17.0,24.913554633471644,
aae3761f,HAMMING,ITQ96_CENTERED,404.0,22.0,20.0,48.14522821576764,49.0,16.0,15.0,26.145228215767638,
aae3761f,HAMMING,ITQ96_CENTERED,505.0,24.333333333333332,22.0,48.315352697095435,49.0,16.0,17.0,23.982019363762102,
aae3761f,COSINE,FLOAT96_UNCENTERED,,0.6852894923461769,0.7176026157065695,0.09111895363504975,0.05409046975800003,0.7785003622960378,0.7257076363995367,-0.5941705387111271,0.5941705387111271
aae3761f,COSINE,FLOAT96_CENTERED,,0.6485994248230896,0.6797425818638604,-0.003953176000313432,-0.04541586206673956,0.7547751995220375,0.6980016173619105,-0.652552600823403,0.652552600823403
ac031881,HAMMING,SIGN96_CENTERED,,26.0,26.0,47.70075757575758,48.0,26.0,18.0,21.700757575757578,
ac031881,HAMMING,ITQ96_CENTERED,101.0,6.0,6.0,47.759469696969695,50.0,6.0,4.0,41.759469696969695,
ac031881,HAMMING,ITQ96_CENTERED,202.0,6.0,6.0,47.86174242424242,50.0,6.0,3.0,41.86174242424242,
ac031881,HAMMING,ITQ96_CENTERED,303.0,8.0,8.0,48.058712121212125,50.0,8.0,5.0,40.058712121212125,
ac031881,HAMMING,ITQ96_CENTERED,404.0,11.0,11.0,48.14204545454545,50.0,11.0,8.0,37.14204545454545,
ac031881,HAMMING,ITQ96_CENTERED,505.0,8.0,8.0,48.10606060606061,50.0,8.0,5.0,40.10606060606061,
ac031881,COSINE,FLOAT96_UNCENTERED,,0.8743963094786675,0.8743963094786675,0.09268450988861089,0.04557004030517342,0.8743963094786675,0.9160800717008665,-0.7817117995900567,0.7817117995900567
ac031881,COSINE,FLOAT96_CENTERED,,0.8626441766597346,0.8626441766597346,-0.0018271741154601334,-0.05166325771069833,0.8626441766597346,0.9072179780789673,-0.8644713507751948,0.8644713507751948
ad7109d1,HAMMING,SIGN96_CENTERED,,44.0,44.0,47.83870967741935,48.0,44.0,31.0,3.8387096774193523,
ad7109d1,HAMMING,ITQ96_CENTERED,101.0,39.0,39.0,48.081720430107524,49.0,39.0,26.0,9.081720430107524,
ad7109d1,HAMMING,ITQ96_CENTERED,202.0,39.0,39.0,47.85376344086021,49.0,39.0,25.0,8.853763440860213,
ad7109d1,HAMMING,ITQ96_CENTERED,303.0,42.0,42.0,47.86666666666667,49.0,42.0,25.0,5.866666666666667,
ad7109d1,HAMMING,ITQ96_CENTERED,404.0,36.0,36.0,48.101075268817205,49.0,36.0,23.0,12.101075268817205,
ad7109d1,HAMMING,ITQ96_CENTERED,505.0,42.0,42.0,48.32258064516129,49.0,42.0,23.0,6.322580645161288,
ad7109d1,COSINE,FLOAT96_UNCENTERED,,0.3977254212169065,0.3977254212169065,0.1747633416754955,0.1405747955750411,0.3977254212169065,0.6869552336896996,-0.222962079541411,0.222962079541411
ad7109d1,COSINE,FLOAT96_CENTERED,,0.27790702072474277,0.27790702072474277,0.003202320872953727,-0.03775196180750208,0.27790702072474277,0.5970810414315558,-0.274704699851789,0.274704699851789
af082822,HAMMING,SIGN96_CENTERED,,32.0,32.0,48.522267206477736,49.0,32.0,29.0,16.522267206477736,
af082822,HAMMING,ITQ96_CENTERED,101.0,40.0,40.0,47.89473684210526,49.0,40.0,10.0,7.89473684210526,
af082822,HAMMING,ITQ96_CENTERED,202.0,38.0,38.0,47.811740890688256,48.0,38.0,18.0,9.811740890688256,
af082822,HAMMING,ITQ96_CENTERED,303.0,36.0,36.0,48.0748987854251,49.0,36.0,15.0,12.074898785425098,
af082822,HAMMING,ITQ96_CENTERED,404.0,37.0,37.0,47.94736842105263,49.0,37.0,13.0,10.94736842105263,
af082822,HAMMING,ITQ96_CENTERED,505.0,39.0,39.0,48.17206477732793,49.0,39.0,13.0,9.172064777327932,
af082822,COSINE,FLOAT96_UNCENTERED,,0.4940350571128427,0.4940350571128427,0.1142570711329972,0.08250717459852372,0.4940350571128427,0.8004227471504004,-0.37977798597984547,0.37977798597984547
af082822,COSINE,FLOAT96_CENTERED,,0.4028337169450918,0.4028337169450918,-0.00010165570740336495,-0.028354470913336566,0.4028337169450918,0.7799191562515515,-0.4029353726524952,0.4029353726524952
af8d2e46,HAMMING,SIGN96_CENTERED,,16.0,16.0,47.078947368421055,48.0,16.0,20.0,31.078947368421055,
af8d2e46,HAMMING,ITQ96_CENTERED,101.0,8.0,8.0,48.24696356275304,50.0,8.0,7.0,40.24696356275304,
af8d2e46,HAMMING,ITQ96_CENTERED,202.0,11.0,11.0,48.311740890688256,50.0,11.0,9.0,37.311740890688256,
af8d2e46,HAMMING,ITQ96_CENTERED,303.0,10.0,10.0,48.21052631578947,50.0,10.0,10.0,38.21052631578947,
af8d2e46,HAMMING,ITQ96_CENTERED,404.0,9.0,9.0,47.98987854251012,49.0,9.0,6.0,38.98987854251012,
af8d2e46,HAMMING,ITQ96_CENTERED,505.0,12.0,12.0,48.22064777327935,49.0,12.0,7.0,36.22064777327935,
af8d2e46,COSINE,FLOAT96_UNCENTERED,,0.8665227655661826,0.8665227655661826,0.0917093912986072,0.045308315703712354,0.8665227655661826,0.8706759546586302,-0.7748133742675753,0.7748133742675753
af8d2e46,COSINE,FLOAT96_CENTERED,,0.8518915824520378,0.8518915824520378,-0.0009425095558651851,-0.04578768362689667,0.8518915824520378,0.858052547840228,-0.8528340920079029,0.8528340920079029
afdc33df,HAMMING,SIGN96_CENTERED,,26.666666666666668,25.0,47.855711422845694,48.0,24.0,21.0,21.189044756179026,
afdc33df,HAMMING,ITQ96_CENTERED,101.0,22.333333333333332,22.0,47.85370741482966,49.0,22.0,23.0,25.520374081496325,
afdc33df,HAMMING,ITQ96_CENTERED,202.0,23.333333333333332,24.0,48.2685370741483,49.0,20.0,18.0,24.935203740814966,
afdc33df,HAMMING,ITQ96_CENTERED,303.0,26.666666666666668,27.0,48.24248496993988,50.0,25.0,17.0,21.575818303273213,
afdc33df,HAMMING,ITQ96_CENTERED,404.0,21.666666666666668,21.0,48.00400801603207,49.0,21.0,22.0,26.3373413493654,
afdc33df,HAMMING,ITQ96_CENTERED,505.0,17.666666666666668,18.0,48.02605210420842,49.0,14.0,20.0,30.35938543754175,
afdc33df,COSINE,FLOAT96_UNCENTERED,,0.7076765923798135,0.7168154888307587,0.10727328703900521,0.05890995882358657,0.7182381992912648,0.7486875398466456,-0.6004033053408083,0.6004033053408083
afdc33df,COSINE,FLOAT96_CENTERED,,0.6774086006738765,0.6845649714758619,-0.0029240885319629416,-0.050179498138217565,0.6892160657667051,0.7071754404282536,-0.6803326892058394,0.6803326892058394
affe2881,HAMMING,SIGN96_CENTERED,,30.5,30.5,47.767634854771785,47.5,27.0,22.0,17.267634854771785,
affe2881,HAMMING,ITQ96_CENTERED,101.0,24.5,24.5,48.08298755186722,49.0,21.0,13.0,23.58298755186722,
affe2881,HAMMING,ITQ96_CENTERED,202.0,21.0,21.0,48.36929460580913,50.0,16.0,14.0,27.36929460580913,
affe2881,HAMMING,ITQ96_CENTERED,303.0,26.5,26.5,48.087136929460584,50.0,24.0,14.0,21.587136929460584,
affe2881,HAMMING,ITQ96_CENTERED,404.0,22.5,22.5,48.09958506224066,50.0,18.0,16.0,25.599585062240664,
affe2881,HAMMING,ITQ96_CENTERED,505.0,22.5,22.5,48.03319502074689,49.0,17.0,14.0,25.533195020746888,
affe2881,COSINE,FLOAT96_UNCENTERED,,0.6880979808846246,0.6880979808846246,0.09270846652601038,0.04338239568865039,0.7332727521008943,0.8489244572039935,-0.5953895143586142,0.5953895143586142
affe2881,COSINE,FLOAT96_CENTERED,,0.654366173054419,0.654366173054419,-0.002032949123942582,-0.04575352874625008,0.7021063995297966,0.8250365984867319,-0.6563991221783616,0.6563991221783616
b01defab,HAMMING,SIGN96_CENTERED,,20.5,20.5,48.15768463073852,48.0,15.0,14.0,27.657684630738522,
b01defab,HAMMING,ITQ96_CENTERED,101.0,11.0,11.0,48.19560878243513,50.0,10.0,9.0,37.19560878243513,
b01defab,HAMMING,ITQ96_CENTERED,202.0,13.5,13.5,48.05588822355289,49.0,11.0,10.0,34.55588822355289,
b01defab,HAMMING,ITQ96_CENTERED,303.0,15.0,15.0,48.0439121756487,49.0,14.0,12.0,33.0439121756487,
b01defab,HAMMING,ITQ96_CENTERED,404.0,12.5,12.5,48.3812375249501,50.0,11.0,14.0,35.8812375249501,
b01defab,HAMMING,ITQ96_CENTERED,505.0,9.0,9.0,48.063872255489024,49.0,7.0,10.0,39.063872255489024,
b01defab,COSINE,FLOAT96_UNCENTERED,,0.8474323653846099,0.8474323653846099,0.061134089925211,0.022565376399308723,0.8574026754425106,0.853015883846946,-0.7862982754593989,0.7862982754593989
b01defab,COSINE,FLOAT96_CENTERED,,0.836271680811321,0.836271680811321,-0.0027779616034005147,-0.032835098996954346,0.8472092429829899,0.8410036400196286,-0.8390496424147215,0.8390496424147215
b0479f84,HAMMING,SIGN96_CENTERED,,27.0,27.0,48.38522954091816,48.0,27.0,33.0,21.38522954091816,
b0479f84,HAMMING,ITQ96_CENTERED,101.0,33.0,33.0,47.92215568862275,48.0,33.0,32.0,14.922155688622752,
b0479f84,HAMMING,ITQ96_CENTERED,202.0,25.0,25.0,48.22754491017964,49.0,25.0,29.0,23.22754491017964,
b0479f84,HAMMING,ITQ96_CENTERED,303.0,29.0,29.0,47.902195608782435,48.0,29.0,29.0,18.902195608782435,
b0479f84,HAMMING,ITQ96_CENTERED,404.0,26.0,26.0,48.013972055888225,49.0,26.0,29.0,22.013972055888225,
b0479f84,HAMMING,ITQ96_CENTERED,505.0,31.0,31.0,47.97005988023952,49.0,31.0,31.0,16.970059880239518,
b0479f84,COSINE,FLOAT96_UNCENTERED,,0.5691393287481394,0.5691393287481394,0.1764256146584812,0.154153911758276,0.5691393287481394,0.5461489651900234,-0.3927137140896583,0.3927137140896583
b0479f84,COSINE,FLOAT96_CENTERED,,0.48165452137317377,0.48165452137317377,0.0011982228402017763,-0.027114043906080937,0.48165452137317377,0.4292760833179792,-0.480456298532972,0.480456298532972
b29f3365,HAMMING,SIGN96_CENTERED,,29.0,29.0,48.19512195121951,48.0,23.0,22.0,19.195121951219512,
b29f3365,HAMMING,ITQ96_CENTERED,101.0,23.5,23.5,47.78455284552845,49.0,23.0,16.0,24.284552845528452,
b29f3365,HAMMING,ITQ96_CENTERED,202.0,21.0,21.0,48.0,49.0,17.0,17.0,27.0,
b29f3365,HAMMING,ITQ96_CENTERED,303.0,20.5,20.5,48.03252032520325,49.0,19.0,14.0,27.53252032520325,
b29f3365,HAMMING,ITQ96_CENTERED,404.0,22.5,22.5,48.09349593495935,49.0,20.0,19.0,25.59349593495935,
b29f3365,HAMMING,ITQ96_CENTERED,505.0,20.5,20.5,48.140243902439025,49.0,17.0,16.0,27.640243902439025,
b29f3365,COSINE,FLOAT96_UNCENTERED,,0.7349363689537404,0.7349363689537404,0.0951989109899514,0.05114875357629848,0.7801863910243192,0.8189943057751968,-0.639737457963789,0.639737457963789
b29f3365,COSINE,FLOAT96_CENTERED,,0.7031029457525614,0.7031029457525614,-0.0016467825575741733,-0.0428140559085399,0.7534742350036738,0.7981443924798854,-0.7047497283101356,0.7047497283101356
b320f3f8,HAMMING,SIGN96_CENTERED,,26.0,26.0,48.33549783549783,48.0,26.0,28.0,22.335497835497833,
b320f3f8,HAMMING,ITQ96_CENTERED,101.0,16.0,16.0,47.97835497835498,49.0,16.0,11.0,31.97835497835498,
b320f3f8,HAMMING,ITQ96_CENTERED,202.0,17.0,17.0,47.874458874458874,49.0,17.0,16.0,30.874458874458874,
b320f3f8,HAMMING,ITQ96_CENTERED,303.0,21.0,21.0,47.73593073593074,48.0,21.0,14.0,26.735930735930737,
b320f3f8,HAMMING,ITQ96_CENTERED,404.0,14.0,14.0,48.246753246753244,49.0,14.0,11.0,34.246753246753244,
b320f3f8,HAMMING,ITQ96_CENTERED,505.0,20.0,20.0,47.93073593073593,49.0,20.0,11.0,27.930735930735928,
b320f3f8,COSINE,FLOAT96_UNCENTERED,,0.7430837641325809,0.7430837641325809,0.12009415446519352,0.08793049117561633,0.7430837641325809,0.8360494577006323,-0.6229896096673874,0.6229896096673874
b320f3f8,COSINE,FLOAT96_CENTERED,,0.7067724575119496,0.7067724575119496,0.00019326245100909775,-0.04225506533372153,0.7067724575119496,0.807227639550318,-0.7065791950609405,0.7065791950609405
b3c15d39,HAMMING,SIGN96_CENTERED,,25.0,25.0,47.66,48.0,24.0,15.0,22.659999999999997,
b3c15d39,HAMMING,ITQ96_CENTERED,101.0,13.0,13.0,48.012,49.0,10.0,7.0,35.012,
b3c15d39,HAMMING,ITQ96_CENTERED,202.0,12.5,12.5,48.114,49.0,10.0,8.0,35.614,
b3c15d39,HAMMING,ITQ96_CENTERED,303.0,14.0,14.0,48.23,49.0,10.0,5.0,34.23,
b3c15d39,HAMMING,ITQ96_CENTERED,404.0,12.0,12.0,48.084,49.0,10.0,6.0,36.084,
b3c15d39,HAMMING,ITQ96_CENTERED,505.0,14.5,14.5,47.886,49.0,12.0,8.0,33.386,
b3c15d39,COSINE,FLOAT96_UNCENTERED,,0.81888284900497,0.81888284900497,0.07389870582586311,0.048799270629910164,0.8448865115022313,0.9342632913785149,-0.7449841431791069,0.7449841431791069
b3c15d39,COSINE,FLOAT96_CENTERED,,0.8034161602946771,0.8034161602946771,-0.002942648153501837,-0.02658470239921723,0.83381786196458,0.9298163445125538,-0.806358808448179,0.806358808448179
b46e15ed,HAMMING,SIGN96_CENTERED,,39.4,38.0,48.21141649048626,49.0,27.0,28.0,8.811416490486259,
b46e15ed,HAMMING,ITQ96_CENTERED,101.0,34.2,32.0,48.44186046511628,49.0,20.0,19.0,14.241860465116275,
b46e15ed,HAMMING,ITQ96_CENTERED,202.0,32.6,32.0,47.84566596194503,49.0,18.0,20.0,15.24566596194503,
b46e15ed,HAMMING,ITQ96_CENTERED,303.0,34.4,33.0,48.27484143763213,49.0,20.0,23.0,13.874841437632135,
b46e15ed,HAMMING,ITQ96_CENTERED,404.0,32.4,35.0,47.90909090909091,48.0,23.0,22.0,15.509090909090908,
b46e15ed,HAMMING,ITQ96_CENTERED,505.0,34.2,34.0,48.11416490486258,49.0,21.0,21.0,13.914164904862574,
b46e15ed,COSINE,FLOAT96_UNCENTERED,,0.4719322842565199,0.47503597081409665,0.11247288808704468,0.08604606148938776,0.7009794378020948,0.7238445645641978,-0.3594593961694752,0.3594593961694752
b46e15ed,COSINE,FLOAT96_CENTERED,,0.39415664758309854,0.3938320891468108,-0.0030948196284671927,-0.03367669415019609,0.6575068139943989,0.680120220099554,-0.39725146721156573,0.39725146721156573
b46e15ee,HAMMING,SIGN96_CENTERED,,26.0,26.0,48.61184210526316,49.0,26.0,27.0,22.611842105263158,
b46e15ee,HAMMING,ITQ96_CENTERED,101.0,16.0,16.0,47.81578947368421,49.0,16.0,21.0,31.815789473684212,
b46e15ee,HAMMING,ITQ96_CENTERED,202.0,16.0,16.0,48.12719298245614,49.0,16.0,22.0,32.12719298245614,
b46e15ee,HAMMING,ITQ96_CENTERED,303.0,19.0,19.0,48.18640350877193,49.0,19.0,22.0,29.18640350877193,
b46e15ee,HAMMING,ITQ96_CENTERED,404.0,18.0,18.0,47.96271929824562,49.0,18.0,24.0,29.962719298245617,
b46e15ee,HAMMING,ITQ96_CENTERED,505.0,25.0,25.0,48.00438596491228,49.0,25.0,24.0,23.00438596491228,
b46e15ee,COSINE,FLOAT96_UNCENTERED,,0.7713987212532223,0.7713987212532223,0.10032995025122882,0.06558711249722682,0.7713987212532223,0.6766843286081066,-0.6710687710019935,0.6710687710019935
b46e15ee,COSINE,FLOAT96_CENTERED,,0.7430786292519223,0.7430786292519223,-0.0010602987967534999,-0.03185105228931957,0.7430786292519223,0.6299457362187484,-0.7441389280486758,0.7441389280486758
b5ef892d,HAMMING,SIGN96_CENTERED,,30.5,30.5,48.219844357976655,49.0,25.0,26.0,17.719844357976655,
b5ef892d,HAMMING,ITQ96_CENTERED,101.0,25.0,25.0,47.72762645914397,48.0,25.0,26.0,22.72762645914397,
b5ef892d,HAMMING,ITQ96_CENTERED,202.0,29.0,29.0,48.13035019455253,49.0,23.0,21.0,19.130350194552527,
b5ef892d,HAMMING,ITQ96_CENTERED,303.0,23.0,23.0,48.59727626459144,50.0,20.0,19.0,25.597276264591443,
b5ef892d,HAMMING,ITQ96_CENTERED,404.0,28.0,28.0,48.204280155642024,49.0,27.0,23.0,20.204280155642024,
b5ef892d,HAMMING,ITQ96_CENTERED,505.0,33.0,33.0,48.06420233463035,48.0,31.0,31.0,15.064202334630352,
b5ef892d,COSINE,FLOAT96_UNCENTERED,,0.6346439406637869,0.6346439406637869,0.13534028193290693,0.12399937918426229,0.6551080536872504,0.6306679281822686,-0.49930365873088,0.49930365873088
b5ef892d,COSINE,FLOAT96_CENTERED,,0.5670373581561838,0.5670373581561838,-0.002272090907890261,-0.016147975761068425,0.5836830352235234,0.5726709998173181,-0.5693094490640741,0.5693094490640741
b6019101,HAMMING,SIGN96_CENTERED,,24.5,24.5,48.17716535433071,49.0,24.0,21.0,23.67716535433071,
b6019101,HAMMING,ITQ96_CENTERED,101.0,14.5,14.5,48.15944881889764,50.0,13.0,9.0,33.65944881889764,
b6019101,HAMMING,ITQ96_CENTERED,202.0,9.0,9.0,48.48031496062992,49.0,9.0,6.0,39.48031496062992,
b6019101,HAMMING,ITQ96_CENTERED,303.0,10.0,10.0,48.34251968503937,50.0,7.0,5.0,38.34251968503937,
b6019101,HAMMING,ITQ96_CENTERED,404.0,11.5,11.5,48.19488188976378,49.0,10.0,7.0,36.69488188976378,
b6019101,HAMMING,ITQ96_CENTERED,505.0,13.0,13.0,48.24409448818898,49.0,13.0,5.0,35.24409448818898,
b6019101,COSINE,FLOAT96_UNCENTERED,,0.8508139739412017,0.8508139739412017,0.06714445995817676,0.028843935030953862,0.8571249243945398,0.9009809533854316,-0.783669513983025,0.783669513983025
b6019101,COSINE,FLOAT96_CENTERED,,0.8407091749988818,0.8407091749988818,-0.0038796460295773094,-0.03675287659374811,0.847326364838254,0.8952968821478124,-0.8445888210284591,0.8445888210284591
b6025781,HAMMING,SIGN96_CENTERED,,23.0,23.0,48.26797385620915,49.0,23.0,19.0,25.267973856209153,
b6025781,HAMMING,ITQ96_CENTERED,101.0,15.0,15.0,48.08278867102396,49.0,15.0,8.0,33.08278867102396,
b6025781,HAMMING,ITQ96_CENTERED,202.0,15.0,15.0,47.89760348583878,49.0,15.0,9.0,32.89760348583878,
b6025781,HAMMING,ITQ96_CENTERED,303.0,10.0,10.0,47.90196078431372,49.0,10.0,5.0,37.90196078431372,
b6025781,HAMMING,ITQ96_CENTERED,404.0,11.0,11.0,48.19607843137255,49.0,11.0,9.0,37.19607843137255,
b6025781,HAMMING,ITQ96_CENTERED,505.0,6.0,6.0,48.10021786492375,49.0,6.0,4.0,42.10021786492375,
b6025781,COSINE,FLOAT96_UNCENTERED,,0.8289318651090015,0.8289318651090015,0.09804056522962966,0.0699095791317461,0.8289318651090015,0.8930013477151464,-0.7308912998793718,0.7308912998793718
b6025781,COSINE,FLOAT96_CENTERED,,0.812167451518514,0.812167451518514,-0.0018896413905041115,-0.036707263786321706,0.812167451518514,0.8820739928093229,-0.8140570929090181,0.8140570929090181
b759caee,HAMMING,SIGN96_CENTERED,,17.0,17.0,48.11067961165048,49.0,17.0,15.0,31.110679611650482,
b759caee,HAMMING,ITQ96_CENTERED,101.0,20.0,20.0,48.18640776699029,49.0,20.0,19.0,28.186407766990293,
b759caee,HAMMING,ITQ96_CENTERED,202.0,21.0,21.0,47.84077669902913,49.0,21.0,21.0,26.840776699029128,
b759caee,HAMMING,ITQ96_CENTERED,303.0,22.0,22.0,48.12427184466019,49.0,22.0,21.0,26.124271844660193,
b759caee,HAMMING,ITQ96_CENTERED,404.0,17.0,17.0,47.803883495145634,49.0,17.0,21.0,30.803883495145634,
b759caee,HAMMING,ITQ96_CENTERED,505.0,23.0,23.0,48.02718446601942,49.0,23.0,19.0,25.02718446601942,
b759caee,COSINE,FLOAT96_UNCENTERED,,0.7650234224510253,0.7650234224510253,0.1469584908109565,0.11170015215266163,0.7650234224510253,0.7643298199382801,-0.6180649316400688,0.6180649316400688
b759caee,COSINE,FLOAT96_CENTERED,,0.6976565934981152,0.6976565934981152,0.0009758894538512515,-0.035740875532559266,0.6976565934981152,0.719343808307688,-0.6966807040442639,0.6966807040442639
b86304ba,HAMMING,SIGN96_CENTERED,,27.0,27.0,47.89670329670329,48.0,27.0,30.0,20.896703296703294,
b86304ba,HAMMING,ITQ96_CENTERED,101.0,20.0,20.0,47.903296703296704,49.0,20.0,17.0,27.903296703296704,
b86304ba,HAMMING,ITQ96_CENTERED,202.0,23.0,23.0,48.02417582417583,49.0,23.0,20.0,25.024175824175828,
b86304ba,HAMMING,ITQ96_CENTERED,303.0,17.0,17.0,48.12307692307692,49.0,17.0,14.0,31.123076923076923,
b86304ba,HAMMING,ITQ96_CENTERED,404.0,18.0,18.0,48.05714285714286,49.0,18.0,17.0,30.057142857142857,
b86304ba,HAMMING,ITQ96_CENTERED,505.0,21.0,21.0,47.668131868131866,49.0,21.0,16.0,26.668131868131866,
b86304ba,COSINE,FLOAT96_UNCENTERED,,0.7201019406374727,0.7201019406374727,0.09431632537870394,0.05487829454450109,0.7201019406374727,0.7724618767465777,-0.6257856152587687,0.6257856152587687
b86304ba,COSINE,FLOAT96_CENTERED,,0.6885116699623871,0.6885116699623871,-0.0003553136126753906,-0.043009098692108186,0.6885116699623871,0.737457354790705,-0.6888669835750625,0.6888669835750625
b9cfe692,HAMMING,SIGN96_CENTERED,,28.0,28.0,47.940816326530616,48.0,27.0,18.0,19.940816326530616,
b9cfe692,HAMMING,ITQ96_CENTERED,101.0,11.0,11.0,48.2530612244898,49.0,10.0,12.0,37.2530612244898,
b9cfe692,HAMMING,ITQ96_CENTERED,202.0,12.5,12.5,47.981632653061226,49.0,11.0,7.0,35.481632653061226,
b9cfe692,HAMMING,ITQ96_CENTERED,303.0,13.5,13.5,48.289795918367346,50.0,13.0,10.0,34.789795918367346,
b9cfe692,HAMMING,ITQ96_CENTERED,404.0,13.5,13.5,48.2530612244898,50.0,12.0,10.0,34.7530612244898,
b9cfe692,HAMMING,ITQ96_CENTERED,505.0,10.0,10.0,48.0,50.0,8.0,9.0,38.0,
b9cfe692,COSINE,FLOAT96_UNCENTERED,,0.8427371580023171,0.8427371580023171,0.0775081480940223,0.03168155655465475,0.8544191116030223,0.89716337334297,-0.7652290099082948,0.7652290099082948
b9cfe692,COSINE,FLOAT96_CENTERED,,0.8285501346548233,0.8285501346548233,-0.0025317943808510204,-0.04077632897984303,0.8415482000297038,0.8875915559958523,-0.8310819290356743,0.8310819290356743
ba358f49,HAMMING,SIGN96_CENTERED,,29.0,29.0,48.71744471744472,49.0,21.0,31.0,19.71744471744472,
ba358f49,HAMMING,ITQ96_CENTERED,101.0,25.5,25.5,48.235872235872236,49.0,24.0,24.0,22.735872235872236,
ba358f49,HAMMING,ITQ96_CENTERED,202.0,24.0,24.0,47.86977886977887,50.0,21.0,22.0,23.86977886977887,
ba358f49,HAMMING,ITQ96_CENTERED,303.0,19.5,19.5,48.43980343980344,49.0,14.0,22.0,28.93980343980344,
ba358f49,HAMMING,ITQ96_CENTERED,404.0,24.0,24.0,48.39066339066339,49.0,22.0,28.0,24.39066339066339,
ba358f49,HAMMING,ITQ96_CENTERED,505.0,23.5,23.5,48.01719901719902,49.0,18.0,23.0,24.51719901719902,
ba358f49,COSINE,FLOAT96_UNCENTERED,,0.7174100579060476,0.7174100579060476,0.0994001446805384,0.07327055160187101,0.7875790535885319,0.6586350097235228,-0.6180099132255092,0.6180099132255092
ba358f49,COSINE,FLOAT96_CENTERED,,0.6762182197106472,0.6762182197106472,-0.001953021036042904,-0.030888420022061325,0.7566204551900204,0.6069274836272207,-0.6781712407466901,0.6781712407466901
ba61f0b9,HAMMING,SIGN96_CENTERED,,28.0,28.0,48.267699115044245,48.0,26.0,16.0,20.267699115044245,
ba61f0b9,HAMMING,ITQ96_CENTERED,101.0,13.5,13.5,47.72345132743363,48.0,6.0,4.0,34.22345132743363,
ba61f0b9,HAMMING,ITQ96_CENTERED,202.0,13.5,13.5,48.14159292035398,49.0,8.0,6.0,34.64159292035398,
ba61f0b9,HAMMING,ITQ96_CENTERED,303.0,10.5,10.5,48.24557522123894,49.0,6.0,7.0,37.74557522123894,
ba61f0b9,HAMMING,ITQ96_CENTERED,404.0,16.5,16.5,48.241150442477874,49.0,7.0,7.0,31.741150442477874,
ba61f0b9,HAMMING,ITQ96_CENTERED,505.0,13.0,13.0,48.02654867256637,49.0,9.0,6.0,35.02654867256637,
ba61f0b9,COSINE,FLOAT96_UNCENTERED,,0.8328863075613298,0.8328863075613298,0.056745130385990265,0.03190338746280557,0.8984583197917881,0.8983207088437282,-0.7761411771753395,0.7761411771753395
ba61f0b9,COSINE,FLOAT96_CENTERED,,0.8201736369292619,0.8201736369292619,-0.0036544743951686495,-0.02833960539663087,0.892562434030146,0.8931087522999114,-0.8238281113244306,0.8238281113244306
bb7c3b45,HAMMING,SIGN96_CENTERED,,26.5,26.5,47.9817444219067,48.0,24.0,32.0,21.481744421906697,
bb7c3b45,HAMMING,ITQ96_CENTERED,101.0,24.5,24.5,47.93103448275862,48.0,8.0,8.0,23.43103448275862,
bb7c3b45,HAMMING,ITQ96_CENTERED,202.0,22.5,22.5,48.11561866125761,49.0,8.0,5.0,25.615618661257606,
bb7c3b45,HAMMING,ITQ96_CENTERED,303.0,22.5,22.5,48.00608519269777,49.0,8.0,5.0,25.506085192697768,
bb7c3b45,HAMMING,ITQ96_CENTERED,404.0,23.0,23.0,47.94117647058823,49.0,9.0,3.0,24.941176470588232,
bb7c3b45,HAMMING,ITQ96_CENTERED,505.0,26.0,26.0,48.16227180527383,49.0,10.0,4.0,22.162271805273832,
bb7c3b45,COSINE,FLOAT96_UNCENTERED,,0.6418791768579566,0.6418791768579566,0.046968564793740765,0.021661405353801608,0.8787709009330591,0.9112784255486241,-0.5949106120642158,0.5949106120642158
bb7c3b45,COSINE,FLOAT96_CENTERED,,0.6151476446769089,0.6151476446769089,-0.0033211186357207474,-0.02369750445626425,0.8751095167161241,0.9085567659065623,-0.6184687633126296,0.6184687633126296
bbf86515,HAMMING,SIGN96_CENTERED,,32.5,32.5,48.37938144329897,49.0,24.0,20.0,15.879381443298968,
bbf86515,HAMMING,ITQ96_CENTERED,101.0,12.5,12.5,48.136082474226804,49.0,7.0,5.0,35.636082474226804,
bbf86515,HAMMING,ITQ96_CENTERED,202.0,22.0,22.0,48.383505154639174,50.0,10.0,7.0,26.383505154639174,
bbf86515,HAMMING,ITQ96_CENTERED,303.0,15.0,15.0,47.89484536082474,49.0,7.0,7.0,32.89484536082474,
bbf86515,HAMMING,ITQ96_CENTERED,404.0,12.0,12.0,48.11958762886598,49.0,8.0,7.0,36.11958762886598,
bbf86515,HAMMING,ITQ96_CENTERED,505.0,15.5,15.5,47.995876288659794,49.0,8.0,9.0,32.495876288659794,
bbf86515,COSINE,FLOAT96_UNCENTERED,,0.7949807619638529,0.7949807619638529,0.07714039852444035,0.045217466426936206,0.8966434321412445,0.8739873956701985,-0.7178403634394126,0.7178403634394126
bbf86515,COSINE,FLOAT96_CENTERED,,0.7736094162330132,0.7736094162330132,-0.0026027851958742286,-0.02919249388476423,0.8893770331867816,0.8626427770880872,-0.7762122014288874,0.7762122014288874
bc149d6b,HAMMING,SIGN96_CENTERED,,38.5,38.5,47.991397849462366,48.0,25.0,22.0,9.491397849462366,
bc149d6b,HAMMING,ITQ96_CENTERED,101.0,24.0,24.0,48.189247311827955,49.0,10.0,13.0,24.189247311827955,
bc149d6b,HAMMING,ITQ96_CENTERED,202.0,22.5,22.5,48.00215053763441,48.0,8.0,9.0,25.502150537634407,
bc149d6b,HAMMING,ITQ96_CENTERED,303.0,25.5,25.5,47.98924731182796,48.0,14.0,14.0,22.48924731182796,
bc149d6b,HAMMING,ITQ96_CENTERED,404.0,23.5,23.5,48.07096774193548,49.0,9.0,11.0,24.570967741935483,
bc149d6b,HAMMING,ITQ96_CENTERED,505.0,27.5,27.5,48.111827956989245,49.0,12.0,11.0,20.611827956989245,
bc149d6b,COSINE,FLOAT96_UNCENTERED,,0.5861040027131458,0.5861040027131458,0.10561025880854148,0.0758624657962537,0.8504620891362038,0.8391278553804957,-0.4804937439046043,0.4804937439046043
bc149d6b,COSINE,FLOAT96_CENTERED,,0.5404818036299481,0.5404818036299481,-0.0015594506311507428,-0.028209608450102057,0.835919084961962,0.8263919203784731,-0.5420412542610988,0.5420412542610988
bc8a6e93,HAMMING,SIGN96_CENTERED,,18.0,18.0,47.91977611940298,48.0,18.0,24.0,29.919776119402982,
bc8a6e93,HAMMING,ITQ96_CENTERED,101.0,21.0,21.0,48.059701492537314,49.0,21.0,21.0,27.059701492537314,
bc8a6e93,HAMMING,ITQ96_CENTERED,202.0,14.0,14.0,47.95522388059702,49.0,14.0,12.0,33.95522388059702,
bc8a6e93,HAMMING,ITQ96_CENTERED,303.0,16.0,16.0,47.87126865671642,49.0,16.0,16.0,31.871268656716417,
bc8a6e93,HAMMING,ITQ96_CENTERED,404.0,16.0,16.0,48.08022388059702,48.5,16.0,14.0,32.08022388059702,
bc8a6e93,HAMMING,ITQ96_CENTERED,505.0,17.0,17.0,47.809701492537314,48.0,17.0,18.0,30.809701492537314,
bc8a6e93,COSINE,FLOAT96_UNCENTERED,,0.7595167236313058,0.7595167236313058,0.08131287848338593,0.052730456270058984,0.7595167236313058,0.7196788094039854,-0.6782038451479199,0.6782038451479199
bc8a6e93,COSINE,FLOAT96_CENTERED,,0.7382281762455913,0.7382281762455913,-0.0008009673828058242,-0.028127582248124682,0.7382281762455913,0.6896176556837986,-0.7390291436283971,0.7390291436283971
bcbe585f,HAMMING,SIGN96_CENTERED,,17.0,17.0,48.17920353982301,48.0,17.0,21.0,31.179203539823007,
bcbe585f,HAMMING,ITQ96_CENTERED,101.0,8.0,8.0,47.76327433628319,49.0,8.0,10.0,39.76327433628319,
bcbe585f,HAMMING,ITQ96_CENTERED,202.0,6.0,6.0,47.99778761061947,49.0,6.0,7.0,41.99778761061947,
bcbe585f,HAMMING,ITQ96_CENTERED,303.0,11.0,11.0,48.174778761061944,49.0,11.0,12.0,37.174778761061944,
bcbe585f,HAMMING,ITQ96_CENTERED,404.0,10.0,10.0,48.057522123893804,49.0,10.0,13.0,38.057522123893804,
bcbe585f,HAMMING,ITQ96_CENTERED,505.0,7.0,7.0,48.163716814159294,49.0,7.0,9.0,41.163716814159294,
bcbe585f,COSINE,FLOAT96_UNCENTERED,,0.9090179763473059,0.9090179763473059,0.07319383432312386,0.03257507626721323,0.9090179763473059,0.8607164578164324,-0.835824142024182,0.835824142024182
bcbe585f,COSINE,FLOAT96_CENTERED,,0.9016470867727991,0.9016470867727991,-0.0016750962862789437,-0.03376066543422433,0.9016470867727991,0.8471252207897598,-0.9033221830590781,0.9033221830590781
bf659f65,HAMMING,SIGN96_CENTERED,,38.333333333333336,41.0,47.58284600389864,48.0,29.0,32.0,9.249512670565302,
bf659f65,HAMMING,ITQ96_CENTERED,101.0,22.333333333333332,23.0,48.16764132553606,50.0,17.0,16.0,25.834307992202728,
bf659f65,HAMMING,ITQ96_CENTERED,202.0,24.0,23.0,47.8849902534113,49.0,20.0,11.0,23.884990253411303,
bf659f65,HAMMING,ITQ96_CENTERED,303.0,26.333333333333332,26.0,48.005847953216374,50.0,24.0,16.0,21.672514619883042,
bf659f65,HAMMING,ITQ96_CENTERED,404.0,21.0,19.0,48.419103313840154,50.0,16.0,15.0,27.419103313840154,
bf659f65,HAMMING,ITQ96_CENTERED,505.0,22.333333333333332,24.0,48.11695906432749,50.0,18.0,13.0,25.783625730994157,
bf659f65,COSINE,FLOAT96_UNCENTERED,,0.6670380178296194,0.7100052446884049,0.07927267456286234,0.02534852013696504,0.7504629778431922,0.7616932574653029,-0.587765343266757,0.587765343266757
bf659f65,COSINE,FLOAT96_CENTERED,,0.6367868612152378,0.6864145524852294,-0.003020805853555839,-0.05227365732237759,0.7275465857913537,0.7347228900448654,-0.6398076670687936,0.6398076670687936
c14c00dd,HAMMING,SIGN96_CENTERED,,43.0,43.0,47.73930753564155,48.0,43.0,32.0,4.739307535641551,
c14c00dd,HAMMING,ITQ96_CENTERED,101.0,43.0,43.0,47.914460285132385,49.0,43.0,23.0,4.914460285132385,
c14c00dd,HAMMING,ITQ96_CENTERED,202.0,42.0,42.0,47.90427698574338,49.0,42.0,18.0,5.90427698574338,
c14c00dd,HAMMING,ITQ96_CENTERED,303.0,41.0,41.0,47.682281059063136,48.0,41.0,22.0,6.682281059063136,
c14c00dd,HAMMING,ITQ96_CENTERED,404.0,42.0,42.0,47.85539714867617,49.0,42.0,25.0,5.855397148676168,
c14c00dd,HAMMING,ITQ96_CENTERED,505.0,40.0,40.0,48.39714867617108,49.0,40.0,29.0,8.397148676171078,
c14c00dd,COSINE,FLOAT96_UNCENTERED,,0.31772325254989753,0.31772325254989753,0.1726638769389014,0.14425173267988756,0.31772325254989753,0.7089898927585101,-0.14505937561099613,0.14505937561099613
c14c00dd,COSINE,FLOAT96_CENTERED,,0.18193649305815718,0.18193649305815718,0.003150399077830212,-0.02112146560411119,0.18193649305815718,0.6151766800683139,-0.17878609398032697,0.17878609398032697
c18a7dc8,HAMMING,SIGN96_CENTERED,,49.0,49.0,48.18145956607495,48.0,48.0,32.0,-0.818540433925051,
c18a7dc8,HAMMING,ITQ96_CENTERED,101.0,47.5,47.5,48.15976331360947,49.0,45.0,25.0,0.6597633136094672,
c18a7dc8,HAMMING,ITQ96_CENTERED,202.0,47.5,47.5,47.89940828402367,49.0,42.0,23.0,0.39940828402367146,
c18a7dc8,HAMMING,ITQ96_CENTERED,303.0,47.5,47.5,47.94082840236686,49.0,43.0,22.0,0.4408284023668614,
c18a7dc8,HAMMING,ITQ96_CENTERED,404.0,46.5,46.5,47.53451676528599,49.0,41.0,24.0,1.0345167652859928,
c18a7dc8,HAMMING,ITQ96_CENTERED,505.0,49.0,49.0,48.252465483234715,49.0,46.0,25.0,-0.7475345167652847,
c18a7dc8,COSINE,FLOAT96_UNCENTERED,,0.13363045136620452,0.13363045136620452,0.11174943414652934,0.07465016038612353,0.17915750038728784,0.6235766288343935,-0.021881017219675183,0.021881017219675183
c18a7dc8,COSINE,FLOAT96_CENTERED,,0.011489672767530663,0.011489672767530663,0.0011142968156986014,-0.042996591244258586,0.08896705440832216,0.5664066777068075,-0.010375375951832062,0.010375375951832062
c19f7a0b,HAMMING,SIGN96_CENTERED,,25.0,25.0,47.35849056603774,47.0,25.0,23.0,22.358490566037737,
c19f7a0b,HAMMING,ITQ96_CENTERED,101.0,19.0,19.0,48.0,49.0,19.0,16.0,29.0,
c19f7a0b,HAMMING,ITQ96_CENTERED,202.0,15.0,15.0,48.280922431865825,49.0,15.0,14.0,33.280922431865825,
c19f7a0b,HAMMING,ITQ96_CENTERED,303.0,15.0,15.0,47.9538784067086,49.0,15.0,17.0,32.9538784067086,
c19f7a0b,HAMMING,ITQ96_CENTERED,404.0,16.0,16.0,48.106918238993714,49.0,16.0,17.0,32.106918238993714,
c19f7a0b,HAMMING,ITQ96_CENTERED,505.0,18.0,18.0,48.0440251572327,49.0,18.0,18.0,30.044025157232703,
c19f7a0b,COSINE,FLOAT96_UNCENTERED,,0.7734585781475689,0.7734585781475689,0.1463324841435423,0.12101204409037414,0.7734585781475689,0.7828054434857881,-0.6271260940040266,0.6271260940040266
c19f7a0b,COSINE,FLOAT96_CENTERED,,0.7327262641791613,0.7327262641791613,0.000712992638663088,-0.035974680321654684,0.7327262641791613,0.7231077268253483,-0.7320132715404982,0.7320132715404982
c2ac3c61,HAMMING,SIGN96_CENTERED,,31.0,31.0,47.67110266159696,48.0,27.0,20.0,16.67110266159696,
c2ac3c61,HAMMING,ITQ96_CENTERED,101.0,17.5,17.5,48.00760456273764,49.0,14.0,12.0,30.50760456273764,
c2ac3c61,HAMMING,ITQ96_CENTERED,202.0,20.5,20.5,48.148288973384034,49.0,20.0,13.0,27.648288973384034,
c2ac3c61,HAMMING,ITQ96_CENTERED,303.0,19.0,19.0,48.049429657794676,50.0,15.0,10.0,29.049429657794676,
c2ac3c61,HAMMING,ITQ96_CENTERED,404.0,21.0,21.0,48.01520912547529,49.0,18.0,6.0,27.015209125475288,
c2ac3c61,HAMMING,ITQ96_CENTERED,505.0,20.5,20.5,48.01520912547529,49.0,17.0,10.0,27.515209125475288,
c2ac3c61,COSINE,FLOAT96_UNCENTERED,,0.7117951918493591,0.7117951918493591,0.06811159804065302,0.024623860479886253,0.7454165148511731,0.862935100310144,-0.6436835938087061,0.6436835938087061
c2ac3c61,COSINE,FLOAT96_CENTERED,,0.6946897959571385,0.6946897959571385,-0.0030411821503959708,-0.03804575272446829,0.732926642597601,0.8520829090519586,-0.6977309781075345,0.6977309781075345
c4a1ceb8,HAMMING,SIGN96_CENTERED,,45.5,50.5,48.22520661157025,48.5,21.0,30.0,2.7252066115702505,
c4a1ceb8,HAMMING,ITQ96_CENTERED,101.0,34.0,33.5,48.02066115702479,50.0,27.0,21.0,14.02066115702479,
c4a1ceb8,HAMMING,ITQ96_CENTERED,202.0,32.5,34.0,47.91115702479339,49.0,23.0,18.0,15.41115702479339,
c4a1ceb8,HAMMING,ITQ96_CENTERED,303.0,32.75,33.5,48.303719008264466,50.0,25.0,15.0,15.553719008264466,
c4a1ceb8,HAMMING,ITQ96_CENTERED,404.0,31.75,32.5,47.97520661157025,49.0,24.0,20.0,16.22520661157025,
c4a1ceb8,HAMMING,ITQ96_CENTERED,505.0,34.5,35.0,48.09297520661157,49.0,28.0,20.0,13.59297520661157,
c4a1ceb8,COSINE,FLOAT96_UNCENTERED,,0.4568151545830039,0.4007294599041765,0.1286342820367746,0.08691202388631664,0.6743811606390131,0.7504033704707187,-0.3281808725462293,0.3281808725462293
c4a1ceb8,COSINE,FLOAT96_CENTERED,,0.38184863698762994,0.31906364445609403,-0.0034313947626864556,-0.04635859943362165,0.626508097947256,0.7157922725836418,-0.3852800317503164,0.3852800317503164
c4ea545c,HAMMING,SIGN96_CENTERED,,40.0,40.0,48.002049180327866,48.0,35.0,33.0,8.002049180327866,
c4ea545c,HAMMING,ITQ96_CENTERED,101.0,31.0,31.0,47.97336065573771,49.0,30.0,25.0,16.973360655737707,
c4ea545c,HAMMING,ITQ96_CENTERED,202.0,28.0,28.0,48.22540983606557,50.0,25.0,26.0,20.225409836065573,
c4ea545c,HAMMING,ITQ96_CENTERED,303.0,29.5,29.5,48.174180327868854,49.0,28.0,27.0,18.674180327868854,
c4ea545c,HAMMING,ITQ96_CENTERED,404.0,24.0,24.0,48.03893442622951,50.0,23.0,21.0,24.03893442622951,
c4ea545c,HAMMING,ITQ96_CENTERED,505.0,27.0,27.0,48.35450819672131,49.0,25.0,23.0,21.354508196721312,
c4ea545c,COSINE,FLOAT96_UNCENTERED,,0.5971632731456359,0.5971632731456359,0.08944325869262969,0.042170866004513974,0.603978987664116,0.6113003995481257,-0.5077200144530062,0.5077200144530062
c4ea545c,COSINE,FLOAT96_CENTERED,,0.5558518896962636,0.5558518896962636,-0.0028024074469741238,-0.043261775405400965,0.566851482484193,0.5739991525487012,-0.5586542971432378,0.5586542971432378
c4f10528,HAMMING,SIGN96_CENTERED,,40.0,40.0,47.69214876033058,48.0,40.0,20.0,7.692148760330582,
c4f10528,HAMMING,ITQ96_CENTERED,101.0,20.0,20.0,48.039256198347104,49.0,20.0,8.0,28.039256198347104,
c4f10528,HAMMING,ITQ96_CENTERED,202.0,22.0,22.0,48.21694214876033,49.0,22.0,9.0,26.21694214876033,
c4f10528,HAMMING,ITQ96_CENTERED,303.0,19.0,19.0,48.324380165289256,49.0,19.0,9.0,29.324380165289256,
c4f10528,HAMMING,ITQ96_CENTERED,404.0,25.0,25.0,48.31818181818182,49.0,25.0,13.0,23.31818181818182,
c4f10528,HAMMING,ITQ96_CENTERED,505.0,26.0,26.0,47.6900826446281,49.0,26.0,12.0,21.6900826446281,
c4f10528,COSINE,FLOAT96_UNCENTERED,,0.6686110385862145,0.6686110385862145,0.0940797925141702,0.05567556282672716,0.6686110385862145,0.8749153810707365,-0.5745312460720443,0.5745312460720443
c4f10528,COSINE,FLOAT96_CENTERED,,0.6294092077888972,0.6294092077888972,-0.0012807072553242776,-0.03272997317475827,0.6294092077888972,0.8586080438624405,-0.6306899150442214,0.6306899150442214
c5e8278d,HAMMING,SIGN96_CENTERED,,16.0,16.0,47.455128205128204,48.0,16.0,23.0,31.455128205128204,
c5e8278d,HAMMING,ITQ96_CENTERED,101.0,9.0,9.0,48.05555555555556,49.0,9.0,13.0,39.05555555555556,
c5e8278d,HAMMING,ITQ96_CENTERED,202.0,15.0,15.0,48.47863247863248,49.0,15.0,10.0,33.47863247863248,
c5e8278d,HAMMING,ITQ96_CENTERED,303.0,14.0,14.0,47.833333333333336,49.0,14.0,7.0,33.833333333333336,
c5e8278d,HAMMING,ITQ96_CENTERED,404.0,15.0,15.0,47.92948717948718,49.0,15.0,10.0,32.92948717948718,
c5e8278d,HAMMING,ITQ96_CENTERED,505.0,13.0,13.0,47.8974358974359,49.0,13.0,11.0,34.8974358974359,
c5e8278d,COSINE,FLOAT96_UNCENTERED,,0.8663320962173896,0.8663320962173896,0.06223959108314797,0.02529283312924771,0.8663320962173896,0.8813032940604338,-0.8040925051342416,0.8040925051342416
c5e8278d,COSINE,FLOAT96_CENTERED,,0.8565931847925387,0.8565931847925387,-0.0014757295841552414,-0.03145103862076236,0.8565931847925387,0.8711091905988994,-0.8580689143766939,0.8580689143766939
c6853660,HAMMING,SIGN96_CENTERED,,28.5,28.5,48.008421052631576,48.0,28.0,23.0,19.508421052631576,
c6853660,HAMMING,ITQ96_CENTERED,101.0,17.0,17.0,47.717894736842105,49.0,14.0,6.0,30.717894736842105,
c6853660,HAMMING,ITQ96_CENTERED,202.0,15.5,15.5,48.126315789473686,49.0,15.0,8.0,32.626315789473686,
c6853660,HAMMING,ITQ96_CENTERED,303.0,16.0,16.0,47.97052631578947,49.0,14.0,9.0,31.97052631578947,
c6853660,HAMMING,ITQ96_CENTERED,404.0,17.5,17.5,47.96842105263158,48.0,15.0,10.0,30.468421052631577,
c6853660,HAMMING,ITQ96_CENTERED,505.0,12.5,12.5,48.10315789473684,49.0,10.0,8.0,35.60315789473684,
c6853660,COSINE,FLOAT96_UNCENTERED,,0.7869545533933333,0.7869545533933333,0.09150125807482894,0.06345827548647749,0.8013676352124657,0.8645377637304209,-0.6954532953185044,0.6954532953185044
c6853660,COSINE,FLOAT96_CENTERED,,0.7621510201737727,0.7621510201737727,-0.0030249183943987425,-0.033492428457050576,0.7789096186040565,0.8490842133676938,-0.7651759385681715,0.7651759385681715
c7cf7dfd,HAMMING,SIGN96_CENTERED,,20.0,20.0,47.80346820809248,48.0,20.0,17.0,27.803468208092482,
c7cf7dfd,HAMMING,ITQ96_CENTERED,101.0,2.0,2.0,47.88053949903661,49.0,2.0,0.0,45.88053949903661,
c7cf7dfd,HAMMING,ITQ96_CENTERED,202.0,4.0,4.0,47.897880539499035,49.0,4.0,2.0,43.897880539499035,
c7cf7dfd,HAMMING,ITQ96_CENTERED,303.0,0.0,0.0,48.225433526011564,49.0,0.0,2.0,48.225433526011564,
c7cf7dfd,HAMMING,ITQ96_CENTERED,404.0,5.0,5.0,48.11175337186898,49.0,5.0,1.0,43.11175337186898,
c7cf7dfd,HAMMING,ITQ96_CENTERED,505.0,0.0,0.0,47.882466281310215,49.0,0.0,0.0,47.882466281310215,
c7cf7dfd,COSINE,FLOAT96_UNCENTERED,,0.9597091684287411,0.9597091684287411,0.06537530559650019,0.03743361781142079,0.9597091684287411,0.9549175819459604,-0.8943338628322409,0.8943338628322409
c7cf7dfd,COSINE,FLOAT96_CENTERED,,0.9576801270725575,0.9576801270725575,-0.0024679186834688878,-0.02392479392946705,0.9576801270725575,0.9524413268227238,-0.9601480457560263,0.9601480457560263
c7dc5443,HAMMING,SIGN96_CENTERED,,30.0,30.0,48.035714285714285,48.0,28.0,25.0,18.035714285714285,
c7dc5443,HAMMING,ITQ96_CENTERED,101.0,10.0,10.0,47.94957983193277,49.0,9.0,13.0,37.94957983193277,
c7dc5443,HAMMING,ITQ96_CENTERED,202.0,18.0,18.0,48.168067226890756,49.0,18.0,13.0,30.168067226890756,
c7dc5443,HAMMING,ITQ96_CENTERED,303.0,18.0,18.0,48.260504201680675,49.0,17.0,14.0,30.260504201680675,
c7dc5443,HAMMING,ITQ96_CENTERED,404.0,15.0,15.0,48.121848739495796,49.0,14.0,15.0,33.121848739495796,
c7dc5443,HAMMING,ITQ96_CENTERED,505.0,15.5,15.5,47.989495798319325,49.0,14.0,14.0,32.489495798319325,
c7dc5443,COSINE,FLOAT96_UNCENTERED,,0.8166997748515824,0.8166997748515824,0.06832013878329012,0.028666704012026076,0.8190567086061938,0.8158655676478936,-0.7483796360682923,0.7483796360682923
c7dc5443,COSINE,FLOAT96_CENTERED,,0.8015352748467135,0.8015352748467135,-0.002551809393057588,-0.030568190190605922,0.8043388807641738,0.8011297432750734,-0.804087084239771,0.804087084239771
c8090214,HAMMING,SIGN96_CENTERED,,27.5,27.5,48.225382932166305,48.0,22.0,25.0,20.725382932166305,
c8090214,HAMMING,ITQ96_CENTERED,101.0,22.0,22.0,48.157549234135665,49.0,20.0,21.0,26.157549234135665,
c8090214,HAMMING,ITQ96_CENTERED,202.0,18.0,18.0,47.99124726477024,49.0,13.0,22.0,29.991247264770237,
c8090214,HAMMING,ITQ96_CENTERED,303.0,21.0,21.0,48.21006564551422,49.0,21.0,19.0,27.21006564551422,
c8090214,HAMMING,ITQ96_CENTERED,404.0,19.0,19.0,48.288840262582056,49.0,18.0,20.0,29.288840262582056,
c8090214,HAMMING,ITQ96_CENTERED,505.0,22.5,22.5,48.00656455142232,49.0,19.0,19.0,25.506564551422322,
c8090214,COSINE,FLOAT96_UNCENTERED,,0.7190732693039936,0.7190732693039936,0.0944367311101307,0.05855353161671036,0.7295690439395042,0.7262739630655078,-0.6246365381938629,0.6246365381938629
c8090214,COSINE,FLOAT96_CENTERED,,0.688659210673002,0.688659210673002,-0.0027394140670059563,-0.038208135151037194,0.6983078364596547,0.6949105909496777,-0.6913986247400079,0.6913986247400079
c8c3f81d,HAMMING,SIGN96_CENTERED,,24.0,24.0,48.34156378600823,49.0,24.0,25.0,24.34156378600823,
c8c3f81d,HAMMING,ITQ96_CENTERED,101.0,5.0,5.0,47.7798353909465,49.0,5.0,6.0,42.7798353909465,
c8c3f81d,HAMMING,ITQ96_CENTERED,202.0,5.0,5.0,48.20987654320987,49.0,5.0,7.0,43.20987654320987,
c8c3f81d,HAMMING,ITQ96_CENTERED,303.0,9.0,9.0,48.074074074074076,49.0,9.0,8.0,39.074074074074076,
c8c3f81d,HAMMING,ITQ96_CENTERED,404.0,5.0,5.0,47.79835390946502,49.0,5.0,5.0,42.79835390946502,
c8c3f81d,HAMMING,ITQ96_CENTERED,505.0,5.0,5.0,47.89300411522634,49.0,5.0,5.0,42.89300411522634,
c8c3f81d,COSINE,FLOAT96_UNCENTERED,,0.8911041388717935,0.8911041388717935,0.06888771273088798,0.02681505291616457,0.8911041388717935,0.8728947522053487,-0.8222164261409055,0.8222164261409055
c8c3f81d,COSINE,FLOAT96_CENTERED,,0.8847417058598357,0.8847417058598357,-0.0016040119253804793,-0.03400518916934123,0.8847417058598357,0.8653781545265891,-0.8863457177852162,0.8863457177852162
c8f1aeed,HAMMING,SIGN96_CENTERED,,17.0,17.0,47.912524850894634,48.0,17.0,19.0,30.912524850894634,
c8f1aeed,HAMMING,ITQ96_CENTERED,101.0,3.0,3.0,48.32007952286283,49.0,3.0,5.0,45.32007952286283,
c8f1aeed,HAMMING,ITQ96_CENTERED,202.0,0.0,0.0,47.90457256461232,49.0,0.0,2.0,47.90457256461232,
c8f1aeed,HAMMING,ITQ96_CENTERED,303.0,4.0,4.0,47.95427435387674,48.0,4.0,3.0,43.95427435387674,
c8f1aeed,HAMMING,ITQ96_CENTERED,404.0,4.0,4.0,47.89264413518887,49.0,4.0,4.0,43.89264413518887,
c8f1aeed,HAMMING,ITQ96_CENTERED,505.0,3.0,3.0,48.09145129224652,48.0,3.0,3.0,45.09145129224652,
c8f1aeed,COSINE,FLOAT96_UNCENTERED,,0.9465580671691279,0.9465580671691279,0.12351698928347533,0.09602471169955945,0.9465580671691279,0.9344733840244144,-0.8230410778856526,0.8230410778856526
c8f1aeed,COSINE,FLOAT96_CENTERED,,0.9388072220051775,0.9388072220051775,-0.0003421858517954727,-0.026668016936358716,0.9388072220051775,0.9240065911433302,-0.939149407856973,0.939149407856973
c960da58,HAMMING,SIGN96_CENTERED,,23.0,23.0,47.52882703777336,48.0,23.0,15.0,24.52882703777336,
c960da58,HAMMING,ITQ96_CENTERED,101.0,6.0,6.0,48.337972166998014,49.0,6.0,8.0,42.337972166998014,
c960da58,HAMMING,ITQ96_CENTERED,202.0,4.0,4.0,47.69184890656064,49.0,4.0,4.0,43.69184890656064,
c960da58,HAMMING,ITQ96_CENTERED,303.0,7.0,7.0,48.28230616302187,49.0,7.0,10.0,41.28230616302187,
c960da58,HAMMING,ITQ96_CENTERED,404.0,6.0,6.0,48.00198807157058,49.0,6.0,6.0,42.00198807157058,
c960da58,HAMMING,ITQ96_CENTERED,505.0,4.0,4.0,48.05566600397614,49.0,4.0,7.0,44.05566600397614,
c960da58,COSINE,FLOAT96_UNCENTERED,,0.902447415652655,0.902447415652655,0.058962372351841284,0.0319460255670907,0.902447415652655,0.8670383121777143,-0.8434850433008136,0.8434850433008136
c960da58,COSINE,FLOAT96_CENTERED,,0.8964388300277404,0.8964388300277404,-0.0012671600355388388,-0.01865136987302651,0.8964388300277404,0.856972721868145,-0.8977059900632792,0.8977059900632792
c9f37c46,HAMMING,SIGN96_CENTERED,,22.0,22.0,47.86247544204322,48.0,22.0,24.0,25.86247544204322,
c9f37c46,HAMMING,ITQ96_CENTERED,101.0,21.0,21.0,48.618860510805504,50.0,14.0,16.0,27.618860510805504,
c9f37c46,HAMMING,ITQ96_CENTERED,202.0,20.0,20.0,47.67190569744597,49.0,11.0,15.0,27.671905697445972,
c9f37c46,HAMMING,ITQ96_CENTERED,303.0,18.0,18.0,47.84282907662082,49.0,14.0,18.0,29.842829076620824,
c9f37c46,HAMMING,ITQ96_CENTERED,404.0,20.5,20.5,47.82907662082515,48.0,16.0,17.0,27.32907662082515,
c9f37c46,HAMMING,ITQ96_CENTERED,505.0,22.0,22.0,48.00785854616896,49.0,14.0,17.0,26.00785854616896,
c9f37c46,COSINE,FLOAT96_UNCENTERED,,0.7522480822639738,0.7522480822639738,0.07746064548218665,0.04662657123503271,0.8687168176446602,0.7733527605716193,-0.6747874367817871,0.6747874367817871
c9f37c46,COSINE,FLOAT96_CENTERED,,0.7240218532294067,0.7240218532294067,-0.0020670736934662198,-0.026997475023665313,0.8604067140990737,0.7598180351843705,-0.726088926922873,0.726088926922873
caf03d32,HAMMING,SIGN96_CENTERED,,25.5,25.5,48.04276985743381,48.0,23.0,21.0,22.54276985743381,
caf03d32,HAMMING,ITQ96_CENTERED,101.0,6.5,6.5,48.18533604887984,49.0,6.0,5.0,41.68533604887984,
caf03d32,HAMMING,ITQ96_CENTERED,202.0,12.0,12.0,48.09775967413442,49.0,11.0,8.0,36.09775967413442,
caf03d32,HAMMING,ITQ96_CENTERED,303.0,9.0,9.0,48.224032586558046,49.0,7.0,7.0,39.224032586558046,
caf03d32,HAMMING,ITQ96_CENTERED,404.0,8.5,8.5,48.14052953156823,49.0,8.0,6.0,39.64052953156823,
caf03d32,HAMMING,ITQ96_CENTERED,505.0,10.5,10.5,48.23014256619145,49.0,10.0,9.0,37.73014256619145,
caf03d32,COSINE,FLOAT96_UNCENTERED,,0.8860194401716259,0.8860194401716259,0.09065897768651435,0.05421650462285246,0.9010250476808249,0.8950776899979918,-0.7953604624851116,0.7953604624851116
caf03d32,COSINE,FLOAT96_CENTERED,,0.8768778449422541,0.8768778449422541,-0.004195222808972504,-0.042500774280055206,0.8914960610475171,0.8865743381753212,-0.8810730677512266,0.8810730677512266
caf9ead2,HAMMING,SIGN96_CENTERED,,25.0,25.0,48.13548387096774,48.0,25.0,20.0,23.13548387096774,
caf9ead2,HAMMING,ITQ96_CENTERED,101.0,13.0,13.0,48.13978494623656,49.0,13.0,8.0,35.13978494623656,
caf9ead2,HAMMING,ITQ96_CENTERED,202.0,13.0,13.0,48.303225806451614,49.0,13.0,9.0,35.303225806451614,
caf9ead2,HAMMING,ITQ96_CENTERED,303.0,13.0,13.0,47.93763440860215,49.0,13.0,9.0,34.93763440860215,
caf9ead2,HAMMING,ITQ96_CENTERED,404.0,15.0,15.0,48.29677419354839,49.0,15.0,13.0,33.29677419354839,
caf9ead2,HAMMING,ITQ96_CENTERED,505.0,10.0,10.0,47.987096774193546,48.0,10.0,7.0,37.987096774193546,
caf9ead2,COSINE,FLOAT96_UNCENTERED,,0.8310914989409635,0.8310914989409635,0.08722331065415843,0.052323401629782565,0.8310914989409635,0.8360906724904872,-0.743868188286805,0.743868188286805
caf9ead2,COSINE,FLOAT96_CENTERED,,0.8129456572748053,0.8129456572748053,-0.0016327825337939378,-0.03683715240668181,0.8129456572748053,0.8212859368540854,-0.8145784398085992,0.8145784398085992
cc06de0d,HAMMING,SIGN96_CENTERED,,32.0,32.0,48.13478260869565,48.0,31.0,18.0,16.13478260869565,
cc06de0d,HAMMING,ITQ96_CENTERED,101.0,19.5,19.5,47.96086956521739,49.0,15.0,10.0,28.460869565217394,
cc06de0d,HAMMING,ITQ96_CENTERED,202.0,17.5,17.5,47.71739130434783,49.0,14.0,11.0,30.217391304347828,
cc06de0d,HAMMING,ITQ96_CENTERED,303.0,19.5,19.5,48.07608695652174,49.0,19.0,12.0,28.576086956521742,
cc06de0d,HAMMING,ITQ96_CENTERED,404.0,17.5,17.5,48.20434782608696,49.0,15.0,7.0,30.70434782608696,
cc06de0d,HAMMING,ITQ96_CENTERED,505.0,19.0,19.0,48.219565217391306,49.0,16.0,5.0,29.219565217391306,
cc06de0d,COSINE,FLOAT96_UNCENTERED,,0.7409738261813041,0.7409738261813041,0.06974600894444663,0.027253257424594238,0.7763830685613873,0.879182011715662,-0.6712278172368575,0.6712278172368575
cc06de0d,COSINE,FLOAT96_CENTERED,,0.7243647360910792,0.7243647360910792,-0.003180209758767606,-0.038236206067612355,0.7646724470103929,0.8710882380641353,-0.7275449458498469,0.7275449458498469
cc539528,HAMMING,SIGN96_CENTERED,,21.0,21.0,47.88686868686869,48.0,21.0,23.0,26.886868686868688,
cc539528,HAMMING,ITQ96_CENTERED,101.0,4.0,4.0,48.08282828282828,49.0,4.0,1.0,44.08282828282828,
cc539528,HAMMING,ITQ96_CENTERED,202.0,4.0,4.0,47.72727272727273,49.0,4.0,1.0,43.72727272727273,
cc539528,HAMMING,ITQ96_CENTERED,303.0,7.0,7.0,47.87474747474747,48.0,7.0,1.0,40.87474747474747,
cc539528,HAMMING,ITQ96_CENTERED,404.0,5.0,5.0,47.69090909090909,49.0,5.0,3.0,42.69090909090909,
cc539528,HAMMING,ITQ96_CENTERED,505.0,1.0,1.0,48.08080808080808,49.0,1.0,0.0,47.08080808080808,
cc539528,COSINE,FLOAT96_UNCENTERED,,0.9361829918639795,0.9361829918639795,0.07219216700169033,0.047058088508750186,0.9361829918639795,0.9695507315060112,-0.8639908248622892,0.8639908248622892
cc539528,COSINE,FLOAT96_CENTERED,,0.9313259887696345,0.9313259887696345,-0.002391011613431367,-0.020560353004309424,0.9313259887696345,0.9678909798827849,-0.9337170003830658,0.9337170003830658
cc5ded98,HAMMING,SIGN96_CENTERED,,28.5,28.5,48.15885947046843,48.0,27.0,26.0,19.65885947046843,
cc5ded98,HAMMING,ITQ96_CENTERED,101.0,13.5,13.5,48.348268839103866,49.0,10.0,9.0,34.848268839103866,
cc5ded98,HAMMING,ITQ96_CENTERED,202.0,14.0,14.0,48.29124236252546,49.0,13.0,15.0,34.29124236252546,
cc5ded98,HAMMING,ITQ96_CENTERED,303.0,14.5,14.5,47.830957230142566,49.0,12.0,11.0,33.330957230142566,
cc5ded98,HAMMING,ITQ96_CENTERED,404.0,14.0,14.0,48.22199592668024,49.0,14.0,12.0,34.22199592668024,
cc5ded98,HAMMING,ITQ96_CENTERED,505.0,12.5,12.5,47.95112016293279,49.0,11.0,8.0,35.45112016293279,
cc5ded98,COSINE,FLOAT96_UNCENTERED,,0.8334051524665951,0.8334051524665951,0.07204816926063848,0.032059503507734496,0.8589321845896525,0.8343739279541464,-0.7613569832059566,0.7613569832059566
cc5ded98,COSINE,FLOAT96_CENTERED,,0.8202368194867922,0.8202368194867922,-0.00269768310165759,-0.03637731132464068,0.8492895928041276,0.8153409597940386,-0.8229345025884498,0.8229345025884498
cc6d1ec1,HAMMING,SIGN96_CENTERED,,23.0,23.0,48.4043956043956,48.0,17.0,25.0,25.404395604395603,
cc6d1ec1,HAMMING,ITQ96_CENTERED,101.0,15.0,15.0,48.08571428571429,49.0,15.0,15.0,33.08571428571429,
cc6d1ec1,HAMMING,ITQ96_CENTERED,202.0,12.0,12.0,48.00879120879121,49.0,11.0,13.0,36.00879120879121,
cc6d1ec1,HAMMING,ITQ96_CENTERED,303.0,11.5,11.5,48.14725274725275,49.0,10.0,18.0,36.64725274725275,
cc6d1ec1,HAMMING,ITQ96_CENTERED,404.0,8.0,8.0,48.18021978021978,49.0,8.0,18.0,40.18021978021978,
cc6d1ec1,HAMMING,ITQ96_CENTERED,505.0,13.0,13.0,48.114285714285714,49.0,12.0,18.0,35.114285714285714,
cc6d1ec1,COSINE,FLOAT96_UNCENTERED,,0.850731850175407,0.850731850175407,0.08031327028725613,0.0339118235209951,0.8526913095844912,0.7533429684228765,-0.7704185798881509,0.7704185798881509
cc6d1ec1,COSINE,FLOAT96_CENTERED,,0.8366456600124139,0.8366456600124139,-0.003093348733686032,-0.045287203129673326,0.839220019031526,0.7299552892636451,-0.8397390087461,0.8397390087461
ccb36322,HAMMING,SIGN96_CENTERED,,37.0,37.0,48.08085106382979,48.0,37.0,30.0,11.08085106382979,
ccb36322,HAMMING,ITQ96_CENTERED,101.0,29.0,29.0,47.87234042553192,49.0,29.0,26.0,18.872340425531917,
ccb36322,HAMMING,ITQ96_CENTERED,202.0,33.0,33.0,48.06808510638298,49.0,33.0,29.0,15.06808510638298,
ccb36322,HAMMING,ITQ96_CENTERED,303.0,35.0,35.0,48.06382978723404,48.0,35.0,27.0,13.063829787234042,
ccb36322,HAMMING,ITQ96_CENTERED,404.0,35.0,35.0,47.88936170212766,48.0,35.0,28.0,12.889361702127658,
ccb36322,HAMMING,ITQ96_CENTERED,505.0,27.0,27.0,47.95531914893617,49.0,27.0,27.0,20.95531914893617,
ccb36322,COSINE,FLOAT96_UNCENTERED,,0.5077444103434943,0.5077444103434943,0.1501389729110303,0.1103232353228635,0.5077444103434943,0.6283707922196847,-0.357605437432464,0.357605437432464
ccb36322,COSINE,FLOAT96_CENTERED,,0.41525228325141816,0.41525228325141816,0.0008788619286847466,-0.04081234812203917,0.41525228325141816,0.5385665660798289,-0.4143734213227334,0.4143734213227334
ce6d2d27,HAMMING,SIGN96_CENTERED,,27.0,27.0,47.747591522158,48.0,18.0,22.0,20.747591522157997,
ce6d2d27,HAMMING,ITQ96_CENTERED,101.0,19.5,19.5,48.06936416184971,49.0,8.0,9.0,28.569364161849713,
ce6d2d27,HAMMING,ITQ96_CENTERED,202.0,18.0,18.0,47.91329479768786,49.0,11.0,11.0,29.91329479768786,
ce6d2d27,HAMMING,ITQ96_CENTERED,303.0,19.0,19.0,48.04624277456647,49.0,7.0,6.0,29.046242774566473,
ce6d2d27,HAMMING,ITQ96_CENTERED,404.0,19.0,19.0,47.97495183044316,49.0,8.0,8.0,28.97495183044316,
ce6d2d27,HAMMING,ITQ96_CENTERED,505.0,21.0,21.0,48.01926782273603,49.0,9.0,12.0,27.019267822736033,
ce6d2d27,COSINE,FLOAT96_UNCENTERED,,0.7359501699522719,0.7359501699522719,0.09758375365716462,0.06377084536820107,0.8757582136760647,0.8550179714121171,-0.6383664162951073,0.6383664162951073
ce6d2d27,COSINE,FLOAT96_CENTERED,,0.7091863367309594,0.7091863367309594,-0.0033236110794045274,-0.04176004031574523,0.8619400352922195,0.8390599601839815,-0.7125099478103639,0.7125099478103639
ceb54acb,HAMMING,SIGN96_CENTERED,,18.0,18.0,48.20528455284553,48.5,18.0,23.0,30.205284552845526,
ceb54acb,HAMMING,ITQ96_CENTERED,101.0,24.0,24.0,47.97764227642276,48.0,24.0,24.0,23.977642276422763,
ceb54acb,HAMMING,ITQ96_CENTERED,202.0,33.0,33.0,47.68292682926829,48.0,33.0,25.0,14.68292682926829,
ceb54acb,HAMMING,ITQ96_CENTERED,303.0,23.0,23.0,47.96747967479675,48.0,23.0,25.0,24.96747967479675,
ceb54acb,HAMMING,ITQ96_CENTERED,404.0,21.0,21.0,47.886178861788615,48.0,21.0,22.0,26.886178861788615,
ceb54acb,HAMMING,ITQ96_CENTERED,505.0,20.0,20.0,47.760162601626014,48.0,20.0,20.0,27.760162601626014,
ceb54acb,COSINE,FLOAT96_UNCENTERED,,0.6502784582784166,0.6502784582784166,0.17012242185124707,0.15635126576421712,0.6502784582784166,0.6151388656751209,-0.48015603642716953,0.48015603642716953
ceb54acb,COSINE,FLOAT96_CENTERED,,0.5732659741504542,0.5732659741504542,0.0011351791542897646,-0.009388094072744914,0.5732659741504542,0.5344011383280785,-0.5721307949961645,0.5721307949961645
cf22b7bf,HAMMING,SIGN96_CENTERED,,28.0,28.0,48.302919708029194,48.0,21.0,30.0,20.302919708029194,
cf22b7bf,HAMMING,ITQ96_CENTERED,101.0,32.0,32.0,47.79197080291971,49.0,31.0,21.0,15.791970802919707,
cf22b7bf,HAMMING,ITQ96_CENTERED,202.0,28.0,28.0,47.7956204379562,49.0,27.0,22.0,19.795620437956202,
cf22b7bf,HAMMING,ITQ96_CENTERED,303.0,29.5,29.5,47.77007299270073,48.0,29.0,22.0,18.270072992700733,
cf22b7bf,HAMMING,ITQ96_CENTERED,404.0,27.5,27.5,48.26094890510949,50.0,23.0,24.0,20.760948905109487,
cf22b7bf,HAMMING,ITQ96_CENTERED,505.0,29.5,29.5,47.85766423357664,49.0,26.0,23.0,18.357664233576642,
cf22b7bf,COSINE,FLOAT96_UNCENTERED,,0.6091314100421983,0.6091314100421983,0.11959851051922242,0.0700747621808235,0.6195392331755718,0.7053314315382624,-0.48953289952297585,0.48953289952297585
cf22b7bf,COSINE,FLOAT96_CENTERED,,0.5307414754938058,0.5307414754938058,0.0006576027736226919,-0.04852392831910609,0.5418413752644715,0.6444545159488434,-0.5300838727201831,0.5300838727201831
d01c6aa8,HAMMING,SIGN96_CENTERED,,40.5,40.5,47.66510538641686,48.0,37.0,24.0,7.165105386416862,
d01c6aa8,HAMMING,ITQ96_CENTERED,101.0,22.0,22.0,48.142857142857146,49.0,8.0,5.0,26.142857142857146,
d01c6aa8,HAMMING,ITQ96_CENTERED,202.0,21.5,21.5,48.23887587822014,49.0,9.0,6.0,26.738875878220142,
d01c6aa8,HAMMING,ITQ96_CENTERED,303.0,23.0,23.0,48.13817330210773,49.0,16.0,9.0,25.13817330210773,
d01c6aa8,HAMMING,ITQ96_CENTERED,404.0,24.5,24.5,47.91803278688525,48.0,13.0,10.0,23.41803278688525,
d01c6aa8,HAMMING,ITQ96_CENTERED,505.0,22.5,22.5,48.46370023419204,49.0,8.0,7.0,25.96370023419204,
d01c6aa8,COSINE,FLOAT96_UNCENTERED,,0.6524096605726372,0.6524096605726372,0.060290743527740526,0.030592741542301502,0.8041525364696656,0.8939726388363582,-0.5921189170448966,0.5921189170448966
d01c6aa8,COSINE,FLOAT96_CENTERED,,0.6371013758242625,0.6371013758242625,-0.003841273742822965,-0.03099329470225649,0.7979409183173715,0.8891245608274746,-0.6409426495670855,0.6409426495670855
d23cf73b,HAMMING,SIGN96_CENTERED,,38.25,37.0,48.43503937007874,49.0,35.0,32.0,10.18503937007874,
d23cf73b,HAMMING,ITQ96_CENTERED,101.0,32.0,33.0,47.97047244094488,50.0,24.0,18.0,15.970472440944881,
d23cf73b,HAMMING,ITQ96_CENTERED,202.0,31.25,32.0,48.07283464566929,49.0,24.0,18.0,16.82283464566929,
d23cf73b,HAMMING,ITQ96_CENTERED,303.0,37.5,37.5,47.95669291338583,49.0,33.0,20.0,10.45669291338583,
d23cf73b,HAMMING,ITQ96_CENTERED,404.0,34.0,33.0,48.28543307086614,49.0,25.0,22.0,14.28543307086614,
d23cf73b,HAMMING,ITQ96_CENTERED,505.0,32.25,31.5,48.039370078740156,49.0,28.0,19.0,15.789370078740156,
d23cf73b,COSINE,FLOAT96_UNCENTERED,,0.5018488457642813,0.49762359141481327,0.16267861682713416,0.1254705002235073,0.6454249517904143,0.7313710864526195,-0.3391702289371472,0.3391702289371472
d23cf73b,COSINE,FLOAT96_CENTERED,,0.3918890597994606,0.3930896601253614,-0.0012657232676738287,-0.04617443083047905,0.5500893424687334,0.667054402760073,-0.3931547830671344,0.3931547830671344
d24813b1,HAMMING,SIGN96_CENTERED,,31.0,31.0,47.79752066115702,48.0,31.0,32.0,16.797520661157023,
d24813b1,HAMMING,ITQ96_CENTERED,101.0,36.0,36.0,47.86570247933884,49.0,36.0,31.0,11.865702479338843,
d24813b1,HAMMING,ITQ96_CENTERED,202.0,44.0,44.0,48.34297520661157,50.0,44.0,31.0,4.34297520661157,
d24813b1,HAMMING,ITQ96_CENTERED,303.0,37.0,37.0,47.87190082644628,49.0,37.0,30.0,10.871900826446279,
d24813b1,HAMMING,ITQ96_CENTERED,404.0,44.0,44.0,48.03305785123967,48.0,44.0,28.0,4.033057851239668,
d24813b1,HAMMING,ITQ96_CENTERED,505.0,35.0,35.0,47.66942148760331,49.0,35.0,32.0,12.669421487603309,
d24813b1,COSINE,FLOAT96_UNCENTERED,,0.4096459569833142,0.4096459569833142,0.1683622585453822,0.13921353579096615,0.4096459569833142,0.4825904795530915,-0.241283698437932,0.241283698437932
d24813b1,COSINE,FLOAT96_CENTERED,,0.31047144733615223,0.31047144733615223,0.0007931052196685717,-0.038315750213124444,0.31047144733615223,0.37817828794876196,-0.30967834211648365,0.30967834211648365
d3ab962e,HAMMING,SIGN96_CENTERED,,37.0,37.0,47.94507575757576,48.0,31.0,33.0,10.945075757575758,
d3ab962e,HAMMING,ITQ96_CENTERED,101.0,34.0,34.0,47.87310606060606,48.0,33.0,26.0,13.873106060606062,
d3ab962e,HAMMING,ITQ96_CENTERED,202.0,25.5,25.5,47.64393939393939,49.5,24.0,23.0,22.14393939393939,
d3ab962e,HAMMING,ITQ96_CENTERED,303.0,32.5,32.5,48.183712121212125,49.0,31.0,27.0,15.683712121212125,
d3ab962e,HAMMING,ITQ96_CENTERED,404.0,28.0,28.0,48.13068181818182,49.0,26.0,26.0,20.13068181818182,
d3ab962e,HAMMING,ITQ96_CENTERED,505.0,35.0,35.0,47.84469696969697,49.0,33.0,28.0,12.844696969696969,
d3ab962e,COSINE,FLOAT96_UNCENTERED,,0.5462628299873172,0.5462628299873172,0.10099400587624043,0.05704719702874264,0.5806755212717938,0.5848675852664872,-0.4452688241110768,0.4452688241110768
d3ab962e,COSINE,FLOAT96_CENTERED,,0.49169125362490673,0.49169125362490673,-0.001313230355675681,-0.04824693429772827,0.536452312512925,0.5293233390191628,-0.4930044839805824,0.4930044839805824
d52b4f67,HAMMING,SIGN96_CENTERED,,28.0,28.0,48.04602510460251,48.0,28.0,32.0,20.046025104602514,
d52b4f67,HAMMING,ITQ96_CENTERED,101.0,10.0,10.0,47.84309623430963,49.0,10.0,11.0,37.84309623430963,
d52b4f67,HAMMING,ITQ96_CENTERED,202.0,11.0,11.0,48.14016736401673,49.0,11.0,13.0,37.14016736401673,
d52b4f67,HAMMING,ITQ96_CENTERED,303.0,10.0,10.0,47.84937238493724,49.0,10.0,10.0,37.84937238493724,
d52b4f67,HAMMING,ITQ96_CENTERED,404.0,13.0,13.0,47.96025104602511,49.0,13.0,13.0,34.96025104602511,
d52b4f67,HAMMING,ITQ96_CENTERED,505.0,12.0,12.0,48.15481171548117,50.0,12.0,11.0,36.15481171548117,
d52b4f67,COSINE,FLOAT96_UNCENTERED,,0.836773545516581,0.836773545516581,0.0749949753160168,0.030549306274713313,0.836773545516581,0.8000556719574522,-0.7617785702005642,0.7617785702005642
d52b4f67,COSINE,FLOAT96_CENTERED,,0.8248590341555017,0.8248590341555017,-0.0015060599082134946,-0.043560313072470075,0.8248590341555017,0.7878639660458125,-0.8263650940637152,0.8263650940637152
d596882b,HAMMING,SIGN96_CENTERED,,19.0,19.0,47.81395348837209,48.0,19.0,23.0,28.813953488372093,
d596882b,HAMMING,ITQ96_CENTERED,101.0,17.0,17.0,47.9830866807611,49.0,17.0,15.0,30.983086680761097,
d596882b,HAMMING,ITQ96_CENTERED,202.0,18.0,18.0,47.90274841437632,49.0,18.0,13.0,29.90274841437632,
d596882b,HAMMING,ITQ96_CENTERED,303.0,9.0,9.0,47.938689217758984,49.0,9.0,11.0,38.938689217758984,
d596882b,HAMMING,ITQ96_CENTERED,404.0,13.0,13.0,47.98097251585624,49.0,13.0,13.0,34.98097251585624,
d596882b,HAMMING,ITQ96_CENTERED,505.0,22.0,22.0,48.12684989429175,49.0,22.0,18.0,26.12684989429175,
d596882b,COSINE,FLOAT96_UNCENTERED,,0.7972941093554592,0.7972941093554592,0.15482865514434369,0.12701843447610564,0.7972941093554592,0.8060711375741217,-0.6424654542111154,0.6424654542111154
d596882b,COSINE,FLOAT96_CENTERED,,0.7471357341158068,0.7471357341158068,-0.00038967326232848906,-0.04025636881888027,0.7471357341158068,0.7591340685700436,-0.7475254073781353,0.7475254073781353
d6062bb9,HAMMING,SIGN96_CENTERED,,35.5,35.5,48.0188679245283,48.0,29.0,31.0,12.518867924528301,
d6062bb9,HAMMING,ITQ96_CENTERED,101.0,25.0,25.0,48.17169811320755,49.0,13.0,8.0,23.171698113207547,
d6062bb9,HAMMING,ITQ96_CENTERED,202.0,24.0,24.0,48.09245283018868,49.0,18.0,14.0,24.092452830188677,
d6062bb9,HAMMING,ITQ96_CENTERED,303.0,27.5,27.5,48.04716981132076,49.0,20.0,14.0,20.547169811320757,
d6062bb9,HAMMING,ITQ96_CENTERED,404.0,21.0,21.0,47.718867924528304,49.0,15.0,15.0,26.718867924528304,
d6062bb9,HAMMING,ITQ96_CENTERED,505.0,20.0,20.0,47.87169811320755,49.0,13.0,13.0,27.87169811320755,
d6062bb9,COSINE,FLOAT96_UNCENTERED,,0.6355759626278952,0.6355759626278952,0.08986951487725645,0.05768432916215907,0.7101242744308839,0.7963139767594845,-0.5457064477506387,0.5457064477506387
d6062bb9,COSINE,FLOAT96_CENTERED,,0.6015332662195146,0.6015332662195146,-0.0014133221540422256,-0.03583272312549861,0.6884249513735597,0.7741396355390628,-0.6029465883735569,0.6029465883735569
d6233ab6,HAMMING,SIGN96_CENTERED,,42.0,42.0,47.783908045977014,48.0,41.0,27.0,5.7839080459770145,
d6233ab6,HAMMING,ITQ96_CENTERED,101.0,40.5,40.5,48.14022988505747,49.0,39.0,23.0,7.640229885057472,
d6233ab6,HAMMING,ITQ96_CENTERED,202.0,47.0,47.0,48.19310344827586,49.0,42.0,19.0,1.1931034482758633,
d6233ab6,HAMMING,ITQ96_CENTERED,303.0,44.0,44.0,47.735632183908045,49.0,41.0,21.0,3.735632183908045,
d6233ab6,HAMMING,ITQ96_CENTERED,404.0,36.5,36.5,48.2183908045977,49.0,36.0,23.0,11.718390804597703,
d6233ab6,HAMMING,ITQ96_CENTERED,505.0,43.0,43.0,48.29425287356322,49.0,43.0,23.0,5.294252873563217,
d6233ab6,COSINE,FLOAT96_UNCENTERED,,0.30442421586615964,0.30442421586615964,0.16090569941739952,0.13307847375056164,0.3145504013091874,0.6546652420438216,-0.14351851644876013,0.14351851644876013
d6233ab6,COSINE,FLOAT96_CENTERED,,0.16844318465970526,0.16844318465970526,0.00021234486055876558,-0.030364815738264293,0.17889113669756507,0.5795755035170537,-0.1682308397991465,0.1682308397991465
d682f1a2,HAMMING,SIGN96_CENTERED,,29.333333333333332,32.0,47.92274678111588,48.0,22.0,27.0,18.58941344778255,
d682f1a2,HAMMING,ITQ96_CENTERED,101.0,26.0,26.0,48.30042918454936,49.0,22.0,25.0,22.30042918454936,
d682f1a2,HAMMING,ITQ96_CENTERED,202.0,30.0,31.0,48.23390557939914,48.0,27.0,23.0,18.233905579399142,
d682f1a2,HAMMING,ITQ96_CENTERED,303.0,29.333333333333332,29.0,48.37339055793991,50.0,26.0,24.0,19.04005722460658,
d682f1a2,HAMMING,ITQ96_CENTERED,404.0,25.333333333333332,25.0,48.27467811158798,49.0,25.0,26.0,22.94134477825465,
d682f1a2,HAMMING,ITQ96_CENTERED,505.0,25.333333333333332,24.0,48.291845493562235,49.0,24.0,28.0,22.958512160228903,
d682f1a2,COSINE,FLOAT96_UNCENTERED,,0.5797472487975844,0.5958954710281101,0.1239421231874186,0.09831717091010819,0.6416436855342655,0.5944359106018214,-0.45580512561016584,0.45580512561016584
d682f1a2,COSINE,FLOAT96_CENTERED,,0.5101099585914528,0.5317634581475178,-0.0027324197416791467,-0.03662426732912649,0.5831800379227304,0.5371638152717773,-0.512842378333132,0.512842378333132
d7c942c3,HAMMING,SIGN96_CENTERED,,29.0,29.0,47.115830115830114,47.0,19.0,23.0,18.115830115830114,
d7c942c3,HAMMING,ITQ96_CENTERED,101.0,19.0,19.0,48.277992277992276,49.0,17.0,15.0,29.277992277992276,
d7c942c3,HAMMING,ITQ96_CENTERED,202.0,16.5,16.5,48.18532818532819,49.0,15.0,16.0,31.68532818532819,
d7c942c3,HAMMING,ITQ96_CENTERED,303.0,21.5,21.5,48.1042471042471,49.0,21.0,16.0,26.6042471042471,
d7c942c3,HAMMING,ITQ96_CENTERED,404.0,19.0,19.0,47.770270270270274,49.0,18.0,14.0,28.770270270270274,
d7c942c3,HAMMING,ITQ96_CENTERED,505.0,18.0,18.0,48.11196911196911,50.0,17.0,12.0,30.11196911196911,
d7c942c3,COSINE,FLOAT96_UNCENTERED,,0.7778140019629987,0.7778140019629987,0.08644550153898033,0.03531681159348637,0.8113614206906933,0.7658355229364727,-0.6913685004240183,0.6913685004240183
d7c942c3,COSINE,FLOAT96_CENTERED,,0.7527723899605616,0.7527723899605616,-0.002362136339042192,-0.03696841651918872,0.790011458221947,0.7426653614979917,-0.7551345262996038,0.7551345262996038
d851d5ba,HAMMING,SIGN96_CENTERED,,41.75,41.0,47.945179584120986,48.0,38.0,31.0,6.195179584120986,
d851d5ba,HAMMING,ITQ96_CENTERED,101.0,19.75,19.0,47.9054820415879,49.0,17.0,17.0,28.155482041587902,
d851d5ba,HAMMING,ITQ96_CENTERED,202.0,19.75,19.0,48.28166351606805,50.0,18.0,15.0,28.53166351606805,
d851d5ba,HAMMING,ITQ96_CENTERED,303.0,20.25,20.5,48.27788279773157,49.0,19.0,20.0,28.02788279773157,
d851d5ba,HAMMING,ITQ96_CENTERED,404.0,20.5,22.0,48.119092627599244,50.0,16.0,15.0,27.619092627599244,
d851d5ba,HAMMING,ITQ96_CENTERED,505.0,20.5,20.5,48.253308128544425,50.0,17.0,13.0,27.753308128544425,
d851d5ba,COSINE,FLOAT96_UNCENTERED,,0.7297068646645417,0.7242459530109451,0.08233279481461094,0.03266174619478049,0.7631136456572232,0.7902843379548833,-0.6473740698499307,0.6473740698499307
d851d5ba,COSINE,FLOAT96_CENTERED,,0.702238687532481,0.6980261705629205,-0.004038083239816023,-0.042691040192963166,0.7387226997450533,0.7669343184784966,-0.706276770772297,0.706276770772297
d905b33f,HAMMING,SIGN96_CENTERED,,33.5,33.5,48.04183266932271,48.0,27.0,25.0,14.541832669322709,
d905b33f,HAMMING,ITQ96_CENTERED,101.0,27.5,27.5,47.90438247011952,49.0,22.0,14.0,20.404382470119522,
d905b33f,HAMMING,ITQ96_CENTERED,202.0,27.5,27.5,47.70717131474104,48.0,19.0,17.0,20.20717131474104,
d905b33f,HAMMING,ITQ96_CENTERED,303.0,28.0,28.0,48.276892430278885,49.0,25.0,18.0,20.276892430278885,
d905b33f,HAMMING,ITQ96_CENTERED,404.0,31.5,31.5,48.00796812749004,50.0,26.0,13.0,16.507968127490038,
d905b33f,HAMMING,ITQ96_CENTERED,505.0,28.0,28.0,48.254980079681275,49.0,21.0,22.0,20.254980079681275,
d905b33f,COSINE,FLOAT96_UNCENTERED,,0.5510611160131158,0.5510611160131158,0.12077561431221422,0.10254808231266196,0.683110510679128,0.773834581174369,-0.4302855017009016,0.4302855017009016
d905b33f,COSINE,FLOAT96_CENTERED,,0.47893918376925404,0.47893918376925404,-0.0014561325771935624,-0.018180443369489364,0.6375859137755862,0.7288785371479705,-0.4803953163464476,0.4803953163464476
dad224aa,HAMMING,SIGN96_CENTERED,,43.0,43.0,47.92870905587669,48.0,35.0,21.0,4.928709055876688,
dad224aa,HAMMING,ITQ96_CENTERED,101.0,29.5,29.5,48.01348747591522,49.0,22.0,5.0,18.51348747591522,
dad224aa,HAMMING,ITQ96_CENTERED,202.0,32.0,32.0,47.969171483622354,49.0,23.0,5.0,15.969171483622354,
dad224aa,HAMMING,ITQ96_CENTERED,303.0,26.5,26.5,47.78998073217726,49.0,18.0,8.0,21.289980732177263,
dad224aa,HAMMING,ITQ96_CENTERED,404.0,28.0,28.0,48.01541425818883,49.0,22.0,9.0,20.015414258188827,
dad224aa,HAMMING,ITQ96_CENTERED,505.0,30.5,30.5,48.227360308285164,49.0,23.0,8.0,17.727360308285164,
dad224aa,COSINE,FLOAT96_UNCENTERED,,0.5828401807338581,0.5828401807338581,0.07996646062781299,0.03965220493833256,0.6708129205321014,0.8689088010115618,-0.5028737201060451,0.5028737201060451
dad224aa,COSINE,FLOAT96_CENTERED,,0.5490302789499842,0.5490302789499842,-0.0010168792827756192,-0.03395407935899939,0.6412685465229587,0.8545522670277038,-0.5500471582327598,0.5500471582327598
db467c8c,HAMMING,SIGN96_CENTERED,,30.0,30.0,47.501057082452434,48.0,26.0,25.0,17.501057082452434,
db467c8c,HAMMING,ITQ96_CENTERED,101.0,24.5,24.5,47.881606765327696,49.0,11.0,7.0,23.381606765327696,
db467c8c,HAMMING,ITQ96_CENTERED,202.0,26.0,26.0,47.6553911205074,49.0,17.0,12.0,21.655391120507403,
db467c8c,HAMMING,ITQ96_CENTERED,303.0,29.0,29.0,47.93446088794926,49.0,22.0,8.0,18.934460887949257,
db467c8c,HAMMING,ITQ96_CENTERED,404.0,29.0,29.0,48.17547568710359,49.0,20.0,11.0,19.175475687103592,
db467c8c,HAMMING,ITQ96_CENTERED,505.0,26.5,26.5,48.095137420718814,49.0,19.0,14.0,21.595137420718814,
db467c8c,COSINE,FLOAT96_UNCENTERED,,0.6249564880672356,0.6249564880672356,0.0945280234520832,0.054327520069896065,0.7923423637091406,0.8442267305622253,-0.5304284646151524,0.5304284646151524
db467c8c,COSINE,FLOAT96_CENTERED,,0.5724055829202133,0.5724055829202133,-0.0022896928683226454,-0.04358884565156224,0.7646462963284545,0.8295255949650134,-0.5746952757885359,0.5746952757885359
dc439ea3,HAMMING,SIGN96_CENTERED,,41.0,41.0,47.84421052631579,48.0,41.0,18.0,6.844210526315791,
dc439ea3,HAMMING,ITQ96_CENTERED,101.0,11.0,11.0,48.385263157894734,49.0,11.0,6.0,37.385263157894734,
dc439ea3,HAMMING,ITQ96_CENTERED,202.0,11.0,11.0,48.12,49.0,11.0,6.0,37.12,
dc439ea3,HAMMING,ITQ96_CENTERED,303.0,12.0,12.0,47.8378947368421,49.0,12.0,7.0,35.8378947368421,
dc439ea3,HAMMING,ITQ96_CENTERED,404.0,16.0,16.0,47.96421052631579,49.0,16.0,9.0,31.96421052631579,
dc439ea3,HAMMING,ITQ96_CENTERED,505.0,17.0,17.0,47.91789473684211,48.0,17.0,12.0,30.917894736842108,
dc439ea3,COSINE,FLOAT96_UNCENTERED,,0.7525522319423313,0.7525522319423313,0.10496964257751712,0.07816924504625364,0.7525522319423313,0.8676436152043473,-0.6475825893648142,0.6475825893648142
dc439ea3,COSINE,FLOAT96_CENTERED,,0.7238474111315247,0.7238474111315247,-0.0012289182107312288,-0.03056097336940112,0.7238474111315247,0.8555408601005057,-0.725076329342256,0.725076329342256
dccbc061,HAMMING,SIGN96_CENTERED,,13.0,13.0,48.117063492063494,49.0,13.0,30.0,35.117063492063494,
dccbc061,HAMMING,ITQ96_CENTERED,101.0,15.0,15.0,48.21626984126984,49.0,15.0,10.0,33.21626984126984,
dccbc061,HAMMING,ITQ96_CENTERED,202.0,11.0,11.0,47.9781746031746,49.0,11.0,11.0,36.9781746031746,
dccbc061,HAMMING,ITQ96_CENTERED,303.0,15.0,15.0,48.073412698412696,49.0,15.0,14.0,33.073412698412696,
dccbc061,HAMMING,ITQ96_CENTERED,404.0,17.0,17.0,48.12301587301587,49.0,17.0,16.0,31.123015873015873,
dccbc061,HAMMING,ITQ96_CENTERED,505.0,14.0,14.0,47.96626984126984,48.0,14.0,12.0,33.96626984126984,
dccbc061,COSINE,FLOAT96_UNCENTERED,,0.8464823340100731,0.8464823340100731,0.0821255892309486,0.050835059704723524,0.8464823340100731,0.8122045995891709,-0.7643567447791245,0.7643567447791245
dccbc061,COSINE,FLOAT96_CENTERED,,0.8316666310929339,0.8316666310929339,-0.0019175289234147502,-0.03128913904783334,0.8316666310929339,0.7934347897264512,-0.8335841600163487,0.8335841600163487
dcfa8644,HAMMING,SIGN96_CENTERED,,20.5,20.5,47.67948717948718,48.0,19.0,24.0,27.179487179487182,
dcfa8644,HAMMING,ITQ96_CENTERED,101.0,13.0,13.0,47.99145299145299,49.0,8.0,9.0,34.99145299145299,
dcfa8644,HAMMING,ITQ96_CENTERED,202.0,10.0,10.0,48.01923076923077,49.0,9.0,11.0,38.01923076923077,
dcfa8644,HAMMING,ITQ96_CENTERED,303.0,12.0,12.0,47.78632478632478,49.0,11.0,8.0,35.78632478632478,
dcfa8644,HAMMING,ITQ96_CENTERED,404.0,12.0,12.0,48.02991452991453,49.0,11.0,9.0,36.02991452991453,
dcfa8644,HAMMING,ITQ96_CENTERED,505.0,10.0,10.0,48.098290598290596,49.0,9.0,12.0,38.098290598290596,
dcfa8644,COSINE,FLOAT96_UNCENTERED,,0.8612404967025542,0.8612404967025542,0.0685632462781569,0.031301029866808626,0.8763162992946937,0.8608272996907087,-0.7926772504243973,0.7926772504243973
dcfa8644,COSINE,FLOAT96_CENTERED,,0.849722681269556,0.849722681269556,-0.0029478650062991414,-0.03303793990692394,0.8649831191697058,0.8489192903449287,-0.8526705462758551,0.8526705462758551
dd2973ad,HAMMING,SIGN96_CENTERED,,33.5,33.5,47.945525291828794,48.0,29.0,23.0,14.445525291828794,
dd2973ad,HAMMING,ITQ96_CENTERED,101.0,22.5,22.5,48.08949416342413,50.0,19.0,13.0,25.589494163424128,
dd2973ad,HAMMING,ITQ96_CENTERED,202.0,25.0,25.0,48.005836575875485,49.0,20.0,20.0,23.005836575875485,
dd2973ad,HAMMING,ITQ96_CENTERED,303.0,28.0,28.0,47.97276264591439,48.0,20.0,19.0,19.972762645914393,
dd2973ad,HAMMING,ITQ96_CENTERED,404.0,21.5,21.5,47.797665369649806,49.0,15.0,17.0,26.297665369649806,
dd2973ad,HAMMING,ITQ96_CENTERED,505.0,27.0,27.0,48.206225680933855,49.0,18.0,11.0,21.206225680933855,
dd2973ad,COSINE,FLOAT96_UNCENTERED,,0.5879867988630051,0.5879867988630051,0.12248786215652911,0.09132854858569404,0.7103271069053654,0.8250010414995084,-0.46549893670647596,0.46549893670647596
dd2973ad,COSINE,FLOAT96_CENTERED,,0.5294810852303484,0.5294810852303484,-0.0004918877251001723,-0.036944341077164,0.6692123416850255,0.7956877913793605,-0.5299729729554487,0.5299729729554487
dfde3500,HAMMING,SIGN96_CENTERED,,26.5,26.5,47.63179916317991,48.0,8.0,15.0,21.131799163179913,
dfde3500,HAMMING,ITQ96_CENTERED,101.0,25.0,25.0,47.88912133891213,49.0,5.0,2.0,22.889121338912133,
dfde3500,HAMMING,ITQ96_CENTERED,202.0,20.5,20.5,48.17573221757322,49.0,1.0,3.0,27.67573221757322,
dfde3500,HAMMING,ITQ96_CENTERED,303.0,25.0,25.0,48.46443514644351,50.0,3.0,5.0,23.464435146443513,
dfde3500,HAMMING,ITQ96_CENTERED,404.0,23.5,23.5,47.96652719665272,48.0,3.0,6.0,24.46652719665272,
dfde3500,HAMMING,ITQ96_CENTERED,505.0,23.0,23.0,48.40167364016737,49.0,2.0,4.0,25.401673640167367,
dfde3500,COSINE,FLOAT96_UNCENTERED,,0.5786822879861269,0.5786822879861269,0.07774756482230735,0.055508957895689055,0.9387651728688459,0.9138070234859657,-0.5009347231638195,0.5009347231638195
dfde3500,COSINE,FLOAT96_CENTERED,,0.5465248739355941,0.5465248739355941,-0.0021872924212398654,-0.02156195527982815,0.9352887692097507,0.9050399683001712,-0.548712166356834,0.548712166356834
e01b8e2f,HAMMING,SIGN96_CENTERED,,36.0,36.0,47.98850574712644,48.0,36.0,28.0,11.988505747126439,
e01b8e2f,HAMMING,ITQ96_CENTERED,101.0,34.0,34.0,48.14750957854406,49.0,34.0,24.0,14.14750957854406,
e01b8e2f,HAMMING,ITQ96_CENTERED,202.0,38.0,38.0,48.172413793103445,49.0,38.0,29.0,10.172413793103445,
e01b8e2f,HAMMING,ITQ96_CENTERED,303.0,36.0,36.0,47.92145593869732,49.0,36.0,26.0,11.92145593869732,
e01b8e2f,HAMMING,ITQ96_CENTERED,404.0,32.0,32.0,48.172413793103445,48.5,32.0,20.0,16.172413793103445,
e01b8e2f,HAMMING,ITQ96_CENTERED,505.0,31.0,31.0,48.122605363984675,49.0,31.0,23.0,17.122605363984675,
e01b8e2f,COSINE,FLOAT96_UNCENTERED,,0.42979213991216236,0.42979213991216236,0.1346982793880251,0.11000111376885889,0.42979213991216236,0.6163389134502104,-0.2950938605241373,0.2950938605241373
e01b8e2f,COSINE,FLOAT96_CENTERED,,0.33596427872755147,0.33596427872755147,-0.00030657513296515897,-0.036492526117114496,0.33596427872755147,0.5684654192391283,-0.33627085386051664,0.33627085386051664
e25c3b8d,HAMMING,SIGN96_CENTERED,,24.0,24.0,48.66856060606061,49.0,18.0,22.0,24.66856060606061,
e25c3b8d,HAMMING,ITQ96_CENTERED,101.0,21.5,21.5,48.07575757575758,49.0,8.0,8.0,26.575757575757578,
e25c3b8d,HAMMING,ITQ96_CENTERED,202.0,19.0,19.0,47.68181818181818,49.0,5.0,7.0,28.68181818181818,
e25c3b8d,HAMMING,ITQ96_CENTERED,303.0,22.0,22.0,48.28409090909091,49.0,6.0,4.0,26.284090909090907,
e25c3b8d,HAMMING,ITQ96_CENTERED,404.0,20.0,20.0,47.88257575757576,49.0,5.0,7.0,27.882575757575758,
e25c3b8d,HAMMING,ITQ96_CENTERED,505.0,22.0,22.0,48.33901515151515,49.0,10.0,8.0,26.33901515151515,
e25c3b8d,COSINE,FLOAT96_UNCENTERED,,0.6712743479494279,0.6712743479494279,0.044191874887660874,0.017504952780090226,0.9106073758480713,0.8834128246776645,-0.627082473061767,0.627082473061767
e25c3b8d,COSINE,FLOAT96_CENTERED,,0.6550716695948664,0.6550716695948664,-0.0030902607110210698,-0.018691632980568904,0.9085378317333239,0.8809195427790834,-0.6581619303058874,0.6581619303058874
e3038f8c,HAMMING,SIGN96_CENTERED,,46.25,47.0,47.980176211453745,48.0,40.0,27.0,1.7301762114537453,
e3038f8c,HAMMING,ITQ96_CENTERED,101.0,29.75,30.0,48.10132158590309,49.0,26.0,23.0,18.351321585903086,
e3038f8c,HAMMING,ITQ96_CENTERED,202.0,33.25,33.5,48.40528634361233,50.0,27.0,25.0,15.155286343612332,
e3038f8c,HAMMING,ITQ96_CENTERED,303.0,33.5,34.0,48.158590308370044,49.0,27.0,20.0,14.658590308370044,
e3038f8c,HAMMING,ITQ96_CENTERED,404.0,32.0,31.5,47.986784140969164,49.0,29.0,23.0,15.986784140969164,
e3038f8c,HAMMING,ITQ96_CENTERED,505.0,35.5,36.5,48.096916299559474,50.0,29.0,22.0,12.596916299559474,
e3038f8c,COSINE,FLOAT96_UNCENTERED,,0.4539658440548186,0.4428063182154205,0.08409111121133683,0.02752854087826178,0.5215004398800782,0.6754436714143791,-0.36987473284348177,0.36987473284348177
e3038f8c,COSINE,FLOAT96_CENTERED,,0.3981774264630249,0.39404330696794143,-0.0031772728097842072,-0.05344789424592132,0.4595785815092036,0.6227186953717168,-0.4013546992728091,0.4013546992728091
e3fc4d6e,HAMMING,SIGN96_CENTERED,,13.0,13.0,47.955598455598455,48.0,13.0,14.0,34.955598455598455,
e3fc4d6e,HAMMING,ITQ96_CENTERED,101.0,13.0,13.0,48.15250965250965,48.0,13.0,12.0,35.15250965250965,
e3fc4d6e,HAMMING,ITQ96_CENTERED,202.0,21.0,21.0,47.99034749034749,49.0,21.0,21.0,26.99034749034749,
e3fc4d6e,HAMMING,ITQ96_CENTERED,303.0,15.0,15.0,48.422779922779924,49.0,15.0,15.0,33.422779922779924,
e3fc4d6e,HAMMING,ITQ96_CENTERED,404.0,14.0,14.0,48.011583011583014,49.0,14.0,14.0,34.011583011583014,
e3fc4d6e,HAMMING,ITQ96_CENTERED,505.0,11.0,11.0,48.1003861003861,49.0,11.0,11.0,37.1003861003861,
e3fc4d6e,COSINE,FLOAT96_UNCENTERED,,0.8123053197880019,0.8123053197880019,0.12231292044027495,0.09407305341842641,0.8123053197880019,0.8232164200715751,-0.6899923993477269,0.6899923993477269
e3fc4d6e,COSINE,FLOAT96_CENTERED,,0.7882775864068184,0.7882775864068184,-0.0003947476626390814,-0.030299479806665204,0.7882775864068184,0.7937808600854642,-0.7886723340694575,0.7886723340694575
e47becba,HAMMING,SIGN96_CENTERED,,31.0,31.0,48.04744525547445,48.0,29.0,28.0,17.04744525547445,
e47becba,HAMMING,ITQ96_CENTERED,101.0,38.5,38.5,48.02554744525548,49.0,33.0,19.0,9.525547445255476,
e47becba,HAMMING,ITQ96_CENTERED,202.0,40.5,40.5,47.839416058394164,49.0,38.0,20.0,7.339416058394164,
e47becba,HAMMING,ITQ96_CENTERED,303.0,41.5,41.5,48.33576642335766,49.0,38.0,24.0,6.835766423357661,
e47becba,HAMMING,ITQ96_CENTERED,404.0,38.5,38.5,47.76642335766423,48.0,37.0,23.0,9.26642335766423,
e47becba,HAMMING,ITQ96_CENTERED,505.0,39.5,39.5,47.96897810218978,49.0,35.0,20.0,8.46897810218978,
e47becba,COSINE,FLOAT96_UNCENTERED,,0.388744551204035,0.388744551204035,0.08861681529910037,0.05914049412108418,0.44977412034238484,0.646719093553343,-0.30012773590493463,0.30012773590493463
e47becba,COSINE,FLOAT96_CENTERED,,0.287688811726312,0.287688811726312,0.000642990309778444,-0.026524107837186853,0.3689550637531401,0.6193004173224871,-0.28704582141653356,0.28704582141653356
e48988bc,HAMMING,SIGN96_CENTERED,,26.0,26.0,47.98109640831758,48.0,26.0,16.0,21.981096408317583,
e48988bc,HAMMING,ITQ96_CENTERED,101.0,7.0,7.0,48.04158790170133,49.0,7.0,4.0,41.04158790170133,
e48988bc,HAMMING,ITQ96_CENTERED,202.0,5.0,5.0,48.11153119092628,49.0,5.0,1.0,43.11153119092628,
e48988bc,HAMMING,ITQ96_CENTERED,303.0,4.0,4.0,48.23818525519849,49.0,4.0,1.0,44.23818525519849,
e48988bc,HAMMING,ITQ96_CENTERED,404.0,2.0,2.0,48.071833648393195,49.0,2.0,2.0,46.071833648393195,
e48988bc,HAMMING,ITQ96_CENTERED,505.0,6.0,6.0,47.9640831758034,48.0,6.0,2.0,41.9640831758034,
e48988bc,COSINE,FLOAT96_UNCENTERED,,0.9182909799830443,0.9182909799830443,0.09921695951357491,0.07685599623540817,0.9182909799830443,0.9449522517770003,-0.8190740204694694,0.8190740204694694
e48988bc,COSINE,FLOAT96_CENTERED,,0.9107363197487994,0.9107363197487994,-0.0017463534680969592,-0.02382753214554716,0.9107363197487994,0.9393520715841012,-0.9124826732168964,0.9124826732168964
e493bb7c,HAMMING,SIGN96_CENTERED,,20.5,20.5,48.09920634920635,48.0,16.0,19.0,27.599206349206348,
e493bb7c,HAMMING,ITQ96_CENTERED,101.0,10.0,10.0,48.083333333333336,49.0,9.0,10.0,38.083333333333336,
e493bb7c,HAMMING,ITQ96_CENTERED,202.0,16.5,16.5,47.82936507936508,49.0,10.0,12.0,31.329365079365083,
e493bb7c,HAMMING,ITQ96_CENTERED,303.0,10.0,10.0,47.98809523809524,49.0,4.0,4.0,37.98809523809524,
e493bb7c,HAMMING,ITQ96_CENTERED,404.0,15.0,15.0,48.17460317460318,49.0,7.0,7.0,33.17460317460318,
e493bb7c,HAMMING,ITQ96_CENTERED,505.0,13.5,13.5,48.410714285714285,49.0,7.0,10.0,34.910714285714285,
e493bb7c,COSINE,FLOAT96_UNCENTERED,,0.8373537184571108,0.8373537184571108,0.06381930159996053,0.027931955584802447,0.8870872456189373,0.8706707768917701,-0.7735344168571503,0.7735344168571503
e493bb7c,COSINE,FLOAT96_CENTERED,,0.8243332147204978,0.8243332147204978,-0.002628989965370267,-0.03182027081513021,0.8801313100618706,0.8613074492016832,-0.8269622046858681,0.8269622046858681
e4e14d04,HAMMING,SIGN96_CENTERED,,23.5,23.5,48.490196078431374,49.0,23.0,31.0,24.990196078431374,
e4e14d04,HAMMING,ITQ96_CENTERED,101.0,17.5,17.5,48.052287581699346,49.0,17.0,17.0,30.552287581699346,
e4e14d04,HAMMING,ITQ96_CENTERED,202.0,17.0,17.0,47.97385620915033,49.0,16.0,18.0,30.973856209150327,
e4e14d04,HAMMING,ITQ96_CENTERED,303.0,13.5,13.5,48.1437908496732,50.0,10.0,12.0,34.6437908496732,
e4e14d04,HAMMING,ITQ96_CENTERED,404.0,15.0,15.0,48.29193899782135,50.0,12.0,19.0,33.29193899782135,
e4e14d04,HAMMING,ITQ96_CENTERED,505.0,15.5,15.5,48.18082788671024,49.0,15.0,17.0,32.68082788671024,
e4e14d04,COSINE,FLOAT96_UNCENTERED,,0.8276626399615845,0.8276626399615845,0.07021793828855064,0.03476350745945976,0.8344847087972419,0.7976891189185766,-0.7574447016730339,0.7574447016730339
e4e14d04,COSINE,FLOAT96_CENTERED,,0.8159055885542564,0.8159055885542564,-0.004009991910621528,-0.03303972232297535,0.8247701527479399,0.7800606035479251,-0.819915580464878,0.819915580464878
e56a43b9,HAMMING,SIGN96_CENTERED,,23.0,23.0,48.591928251121075,49.0,17.0,15.0,25.591928251121075,
e56a43b9,HAMMING,ITQ96_CENTERED,101.0,13.0,13.0,47.7914798206278,49.0,5.0,4.0,34.7914798206278,
e56a43b9,HAMMING,ITQ96_CENTERED,202.0,15.0,15.0,47.9237668161435,49.0,8.0,10.0,32.9237668161435,
e56a43b9,HAMMING,ITQ96_CENTERED,303.0,15.5,15.5,48.327354260089685,49.0,3.0,9.0,32.827354260089685,
e56a43b9,HAMMING,ITQ96_CENTERED,404.0,20.0,20.0,47.94170403587444,49.0,11.0,10.0,27.941704035874437,
e56a43b9,HAMMING,ITQ96_CENTERED,505.0,17.0,17.0,47.937219730941706,49.0,7.0,6.0,30.937219730941706,
e56a43b9,COSINE,FLOAT96_UNCENTERED,,0.7787078477041451,0.7787078477041451,0.05480883774305913,0.024616194429286434,0.8841797265165743,0.8847953501147583,-0.723899009961086,0.723899009961086
e56a43b9,COSINE,FLOAT96_CENTERED,,0.7642674107319007,0.7642674107319007,-0.0032789358871330933,-0.029493852462419704,0.8782422963809997,0.8777751067497144,-0.7675463466190339,0.7675463466190339
e6041065,HAMMING,SIGN96_CENTERED,,25.5,25.5,48.22199592668024,48.0,21.0,29.0,22.721995926680243,
e6041065,HAMMING,ITQ96_CENTERED,101.0,17.5,17.5,48.010183299389,49.0,14.0,19.0,30.510183299389,
e6041065,HAMMING,ITQ96_CENTERED,202.0,20.0,20.0,48.39714867617108,50.0,15.0,14.0,28.397148676171078,
e6041065,HAMMING,ITQ96_CENTERED,303.0,24.0,24.0,47.61914460285132,49.0,23.0,19.0,23.61914460285132,
e6041065,HAMMING,ITQ96_CENTERED,404.0,16.0,16.0,48.29938900203666,49.0,16.0,15.0,32.29938900203666,
e6041065,HAMMING,ITQ96_CENTERED,505.0,21.5,21.5,47.79633401221996,49.0,21.0,19.0,26.29633401221996,
e6041065,COSINE,FLOAT96_UNCENTERED,,0.7504522856894227,0.7504522856894227,0.08959368836229777,0.04878642292167594,0.7769158036702996,0.7473618097322354,-0.6608585973271249,0.6608585973271249
e6041065,COSINE,FLOAT96_CENTERED,,0.7192371321232227,0.7192371321232227,-0.002352522079690306,-0.04017688897539959,0.752634590415787,0.7120236153471361,-0.721589654202913,0.721589654202913
e61a7584,HAMMING,SIGN96_CENTERED,,36.0,36.0,48.093117408906885,48.0,31.0,32.0,12.093117408906885,
e61a7584,HAMMING,ITQ96_CENTERED,101.0,18.5,18.5,48.01417004048583,49.0,16.0,12.0,29.51417004048583,
e61a7584,HAMMING,ITQ96_CENTERED,202.0,21.5,21.5,48.19433198380567,49.0,15.0,9.0,26.694331983805668,
e61a7584,HAMMING,ITQ96_CENTERED,303.0,20.5,20.5,47.931174089068826,49.0,13.0,11.0,27.431174089068826,
e61a7584,HAMMING,ITQ96_CENTERED,404.0,18.0,18.0,48.29554655870445,49.0,15.0,11.0,30.29554655870445,
e61a7584,HAMMING,ITQ96_CENTERED,505.0,19.5,19.5,48.21457489878542,49.0,19.0,10.0,28.714574898785422,
e61a7584,COSINE,FLOAT96_UNCENTERED,,0.7338992149886983,0.7338992149886983,0.05995566142154213,0.027368552025482135,0.8091293982875969,0.8598108656606269,-0.6739435535671561,0.6739435535671561
e61a7584,COSINE,FLOAT96_CENTERED,,0.717811441430649,0.717811441430649,-0.002831611890778937,-0.03486766806368405,0.7954619216611558,0.8508725433926964,-0.720643053321428,0.720643053321428
e66b632c,HAMMING,SIGN96_CENTERED,,28.0,28.0,48.220238095238095,48.0,24.0,22.0,20.220238095238095,
e66b632c,HAMMING,ITQ96_CENTERED,101.0,20.0,20.0,48.29365079365079,49.0,15.0,11.0,28.29365079365079,
e66b632c,HAMMING,ITQ96_CENTERED,202.0,13.5,13.5,47.83531746031746,49.0,8.0,7.0,34.33531746031746,
e66b632c,HAMMING,ITQ96_CENTERED,303.0,15.5,15.5,48.073412698412696,49.0,7.0,10.0,32.573412698412696,
e66b632c,HAMMING,ITQ96_CENTERED,404.0,20.0,20.0,48.273809523809526,49.0,11.0,11.0,28.273809523809526,
e66b632c,HAMMING,ITQ96_CENTERED,505.0,19.0,19.0,48.31349206349206,49.0,13.0,10.0,29.313492063492063,
e66b632c,COSINE,FLOAT96_UNCENTERED,,0.8052389112803258,0.8052389112803258,0.10215591875700994,0.07103447768591498,0.8865519329231282,0.9003384730515211,-0.7030829925233159,0.7030829925233159
e66b632c,COSINE,FLOAT96_CENTERED,,0.780502634127194,0.780502634127194,-0.0025341243220985666,-0.03042725716546837,0.8712867222445498,0.8874050550564082,-0.7830367584492925,0.7830367584492925
e831120c,HAMMING,SIGN96_CENTERED,,23.0,23.0,48.38830897703549,48.0,16.0,20.0,25.388308977035493,
e831120c,HAMMING,ITQ96_CENTERED,101.0,20.0,20.0,48.11691022964509,49.0,18.0,14.0,28.116910229645093,
e831120c,HAMMING,ITQ96_CENTERED,202.0,20.0,20.0,48.30062630480167,49.0,13.0,13.0,28.300626304801668,
e831120c,HAMMING,ITQ96_CENTERED,303.0,22.5,22.5,48.06054279749478,49.0,17.0,11.0,25.560542797494783,
e831120c,HAMMING,ITQ96_CENTERED,404.0,14.0,14.0,48.19832985386221,49.0,11.0,10.0,34.19832985386221,
e831120c,HAMMING,ITQ96_CENTERED,505.0,22.0,22.0,47.84133611691023,49.0,18.0,16.0,25.841336116910227,
e831120c,COSINE,FLOAT96_UNCENTERED,,0.7548224122308212,0.7548224122308212,0.06741912167967404,0.03657944559957356,0.8117485091955075,0.8854641988316375,-0.6874032905511472,0.6874032905511472
e831120c,COSINE,FLOAT96_CENTERED,,0.7351089421673133,0.7351089421673133,-0.0037674483115126066,-0.032171442837641076,0.796934336830585,0.8786282890658266,-0.7388763904788259,0.7388763904788259
e8a79c70,HAMMING,SIGN96_CENTERED,,32.0,32.0,48.07053941908714,48.0,32.0,21.0,16.07053941908714,
e8a79c70,HAMMING,ITQ96_CENTERED,101.0,21.0,21.0,48.06431535269709,49.0,21.0,10.0,27.064315352697093,
e8a79c70,HAMMING,ITQ96_CENTERED,202.0,20.0,20.0,48.149377593360995,49.0,20.0,7.0,28.149377593360995,
e8a79c70,HAMMING,ITQ96_CENTERED,303.0,20.0,20.0,48.031120331950206,49.0,20.0,12.0,28.031120331950206,
e8a79c70,HAMMING,ITQ96_CENTERED,404.0,19.0,19.0,47.96680497925311,49.0,19.0,9.0,28.966804979253112,
e8a79c70,HAMMING,ITQ96_CENTERED,505.0,23.0,23.0,48.13900414937759,49.0,23.0,7.0,25.13900414937759,
e8a79c70,COSINE,FLOAT96_UNCENTERED,,0.7175599772665593,0.7175599772665593,0.10027913995139653,0.08597843032056415,0.7175599772665593,0.8737371613766958,-0.6172808373151628,0.6172808373151628
e8a79c70,COSINE,FLOAT96_CENTERED,,0.6921059809849691,0.6921059809849691,-0.0017643798849297228,-0.01802527319189722,0.6921059809849691,0.8633744124529963,-0.6938703608698988,0.6938703608698988
e9327a54,HAMMING,SIGN96_CENTERED,,21.0,21.0,47.515037593984964,48.0,21.0,30.0,26.515037593984964,
e9327a54,HAMMING,ITQ96_CENTERED,101.0,14.0,14.0,48.159774436090224,49.0,14.0,11.0,34.159774436090224,
e9327a54,HAMMING,ITQ96_CENTERED,202.0,9.0,9.0,47.90413533834587,49.0,9.0,9.0,38.90413533834587,
e9327a54,HAMMING,ITQ96_CENTERED,303.0,16.0,16.0,47.93045112781955,49.0,16.0,8.0,31.930451127819552,
e9327a54,HAMMING,ITQ96_CENTERED,404.0,9.0,9.0,48.24812030075188,50.0,9.0,5.0,39.24812030075188,
e9327a54,HAMMING,ITQ96_CENTERED,505.0,20.0,20.0,47.95864661654135,49.0,20.0,14.0,27.95864661654135,
e9327a54,COSINE,FLOAT96_UNCENTERED,,0.8457107269549508,0.8457107269549508,0.11652942561362546,0.07817321172220282,0.8457107269549508,0.8647521264437318,-0.7291813013413253,0.7291813013413253
e9327a54,COSINE,FLOAT96_CENTERED,,0.8234720929820888,0.8234720929820888,-0.0009365465228839172,-0.04665242437865327,0.8234720929820888,0.8420907995019661,-0.8244086395049727,0.8244086395049727
e982271f,HAMMING,SIGN96_CENTERED,,17.0,17.0,47.88775510204081,48.0,17.0,22.0,30.887755102040813,
e982271f,HAMMING,ITQ96_CENTERED,101.0,0.0,0.0,47.59183673469388,48.0,0.0,3.0,47.59183673469388,
e982271f,HAMMING,ITQ96_CENTERED,202.0,3.0,3.0,47.75170068027211,48.0,3.0,3.0,44.75170068027211,
e982271f,HAMMING,ITQ96_CENTERED,303.0,3.0,3.0,48.01020408163265,48.0,3.0,4.0,45.01020408163265,
e982271f,HAMMING,ITQ96_CENTERED,404.0,3.0,3.0,48.1921768707483,49.0,3.0,3.0,45.1921768707483,
e982271f,HAMMING,ITQ96_CENTERED,505.0,3.0,3.0,48.113945578231295,49.0,3.0,2.0,45.113945578231295,
e982271f,COSINE,FLOAT96_UNCENTERED,,0.9444662939307711,0.9444662939307711,0.0666127529307615,0.047651315923624704,0.9444662939307711,0.9226427901022292,-0.8778535410000096,0.8778535410000096
e982271f,COSINE,FLOAT96_CENTERED,,0.9429038588787679,0.9429038588787679,-0.003353454113230079,-0.020265797589768035,0.9429038588787679,0.9197724083773867,-0.946257312991998,0.946257312991998
eac54adc,HAMMING,SIGN96_CENTERED,,20.0,20.0,48.006493506493506,48.0,13.0,25.0,28.006493506493506,
eac54adc,HAMMING,ITQ96_CENTERED,101.0,29.0,29.0,47.85064935064935,49.0,20.0,16.0,18.85064935064935,
eac54adc,HAMMING,ITQ96_CENTERED,202.0,29.0,29.0,48.183982683982684,48.0,16.0,19.0,19.183982683982684,
eac54adc,HAMMING,ITQ96_CENTERED,303.0,25.5,25.5,48.05194805194805,48.0,18.0,20.0,22.551948051948052,
eac54adc,HAMMING,ITQ96_CENTERED,404.0,26.5,26.5,48.11038961038961,48.0,19.0,20.0,21.61038961038961,
eac54adc,HAMMING,ITQ96_CENTERED,505.0,24.5,24.5,47.93290043290043,49.0,16.0,15.0,23.432900432900432,
eac54adc,COSINE,FLOAT96_UNCENTERED,,0.6461967109343432,0.6461967109343432,0.1388898058252398,0.10739149380512183,0.7604260902211883,0.7345531803242603,-0.5073069051091034,0.5073069051091034
eac54adc,COSINE,FLOAT96_CENTERED,,0.5734278443462223,0.5734278443462223,0.00011448980326291093,-0.028041079106067127,0.7067417912276583,0.681917519794975,-0.5733133545429594,0.5733133545429594
eac54add,HAMMING,SIGN96_CENTERED,,48.0,48.0,47.95578947368421,48.0,48.0,29.0,-0.044210526315787035,
eac54add,HAMMING,ITQ96_CENTERED,101.0,47.0,47.0,48.28421052631579,50.0,47.0,19.0,1.284210526315789,
eac54add,HAMMING,ITQ96_CENTERED,202.0,56.0,56.0,47.991578947368424,49.0,56.0,24.0,-8.008421052631576,
eac54add,HAMMING,ITQ96_CENTERED,303.0,52.0,52.0,48.10315789473684,49.0,52.0,20.0,-3.896842105263161,
eac54add,HAMMING,ITQ96_CENTERED,404.0,51.0,51.0,47.64421052631579,49.0,51.0,17.0,-3.3557894736842115,
eac54add,HAMMING,ITQ96_CENTERED,505.0,50.0,50.0,48.025263157894734,49.0,50.0,23.0,-1.9747368421052656,
eac54add,COSINE,FLOAT96_UNCENTERED,,0.008339218851338683,0.008339218851338683,0.09471788090527349,0.05464077494095716,0.008339218851338683,0.7372065375097182,0.0863786620539348,-0.0863786620539348
eac54add,COSINE,FLOAT96_CENTERED,,-0.12418836041492763,-0.12418836041492763,0.0002582208093643454,-0.03884995580513568,-0.12418836041492763,0.7078258217350563,0.12444658122429197,-0.12444658122429197
eaca4986,HAMMING,SIGN96_CENTERED,,21.0,21.0,48.11328125,48.0,21.0,25.0,27.11328125,
eaca4986,HAMMING,ITQ96_CENTERED,101.0,35.0,35.0,47.9375,49.0,35.0,18.0,12.9375,
eaca4986,HAMMING,ITQ96_CENTERED,202.0,42.0,42.0,48.208984375,49.0,42.0,14.0,6.208984375,
eaca4986,HAMMING,ITQ96_CENTERED,303.0,37.0,37.0,47.908203125,49.0,37.0,14.0,10.908203125,
eaca4986,HAMMING,ITQ96_CENTERED,404.0,32.0,32.0,47.962890625,49.0,32.0,17.0,15.962890625,
eaca4986,HAMMING,ITQ96_CENTERED,505.0,31.0,31.0,47.751953125,49.0,31.0,15.0,16.751953125,
eaca4986,COSINE,FLOAT96_UNCENTERED,,0.5037954215031575,0.5037954215031575,0.13519908018841748,0.1003821159997051,0.5037954215031575,0.7412891081618611,-0.36859634131474,0.36859634131474
eaca4986,COSINE,FLOAT96_CENTERED,,0.3954027445517526,0.3954027445517526,-0.00015613625667455257,-0.03503233978795646,0.3954027445517526,0.7054550799117243,-0.39555888080842716,0.39555888080842716
eace081b,HAMMING,SIGN96_CENTERED,,31.0,31.0,47.959016393442624,48.0,31.0,15.0,16.959016393442624,
eace081b,HAMMING,ITQ96_CENTERED,101.0,20.0,20.0,48.08811475409836,49.0,20.0,7.0,28.088114754098363,
eace081b,HAMMING,ITQ96_CENTERED,202.0,17.0,17.0,48.19467213114754,49.0,17.0,7.0,31.19467213114754,
eace081b,HAMMING,ITQ96_CENTERED,303.0,16.0,16.0,48.290983606557376,49.0,16.0,4.0,32.290983606557376,
eace081b,HAMMING,ITQ96_CENTERED,404.0,19.0,19.0,48.19877049180328,49.0,19.0,8.0,29.19877049180328,
eace081b,HAMMING,ITQ96_CENTERED,505.0,19.0,19.0,48.09016393442623,49.0,19.0,10.0,29.09016393442623,
eace081b,COSINE,FLOAT96_UNCENTERED,,0.6792243560897042,0.6792243560897042,0.054749992807360204,0.011823644840352879,0.6792243560897042,0.911252035068453,-0.624474363282344,0.624474363282344
eace081b,COSINE,FLOAT96_CENTERED,,0.6687177001007854,0.6687177001007854,-0.0028218209932111722,-0.027832602685760918,0.6687177001007854,0.9095875940974592,-0.6715395210939965,0.6715395210939965
ec81a493,HAMMING,SIGN96_CENTERED,,10.0,10.0,47.84615384615385,48.0,10.0,6.0,37.84615384615385,
ec81a493,HAMMING,ITQ96_CENTERED,101.0,4.0,4.0,48.40485829959514,49.0,4.0,4.0,44.40485829959514,
ec81a493,HAMMING,ITQ96_CENTERED,202.0,2.0,2.0,47.917004048582996,49.0,2.0,3.0,45.917004048582996,
ec81a493,HAMMING,ITQ96_CENTERED,303.0,1.0,1.0,48.27125506072875,49.0,1.0,1.0,47.27125506072875,
ec81a493,HAMMING,ITQ96_CENTERED,404.0,2.0,2.0,47.98178137651822,49.0,2.0,1.0,45.98178137651822,
ec81a493,HAMMING,ITQ96_CENTERED,505.0,5.0,5.0,48.31983805668016,49.0,5.0,7.0,43.31983805668016,
ec81a493,COSINE,FLOAT96_UNCENTERED,,0.9565214913504435,0.9565214913504435,0.03036867177151547,0.015317551008907544,0.9565214913504435,0.9465905046116276,-0.926152819578928,0.926152819578928
ec81a493,COSINE,FLOAT96_CENTERED,,0.9573839387532108,0.9573839387532108,-0.0030900207994670713,-0.01094801251244951,0.9573839387532108,0.9473629567431118,-0.9604739595526779,0.9604739595526779
ed4ddc30,HAMMING,SIGN96_CENTERED,,21.0,21.0,47.45286506469501,48.0,19.0,18.0,26.45286506469501,
ed4ddc30,HAMMING,ITQ96_CENTERED,101.0,18.0,18.0,48.40480591497227,49.0,14.0,16.0,30.404805914972272,
ed4ddc30,HAMMING,ITQ96_CENTERED,202.0,17.0,17.0,47.8724584103512,49.0,10.0,14.0,30.8724584103512,
ed4ddc30,HAMMING,ITQ96_CENTERED,303.0,16.0,16.0,48.177449168207026,49.0,10.0,10.0,32.177449168207026,
ed4ddc30,HAMMING,ITQ96_CENTERED,404.0,15.5,15.5,47.94269870609982,49.0,13.0,17.0,32.44269870609982,
ed4ddc30,HAMMING,ITQ96_CENTERED,505.0,17.0,17.0,48.22550831792976,49.0,13.0,17.0,31.22550831792976,
ed4ddc30,COSINE,FLOAT96_UNCENTERED,,0.7439666699652583,0.7439666699652583,0.06589758978008187,0.030020714064974627,0.8209360577341068,0.8029175371523355,-0.6780690801851764,0.6780690801851764
ed4ddc30,COSINE,FLOAT96_CENTERED,,0.7230256341427925,0.7230256341427925,-0.003447864006723711,-0.035990036092936974,0.8107879289137369,0.7918417998841653,-0.7264734981495162,0.7264734981495162
edced276,HAMMING,SIGN96_CENTERED,,34.0,34.0,48.379958246346554,49.0,32.0,28.0,14.379958246346554,
edced276,HAMMING,ITQ96_CENTERED,101.0,32.0,35.0,47.920668058455114,50.0,20.0,20.0,15.920668058455114,
edced276,HAMMING,ITQ96_CENTERED,202.0,27.666666666666668,30.0,47.906054279749476,49.0,14.0,16.0,20.23938761308281,
edced276,HAMMING,ITQ96_CENTERED,303.0,33.666666666666664,37.0,48.110647181628394,49.0,22.0,17.0,14.44398051496173,
edced276,HAMMING,ITQ96_CENTERED,404.0,32.666666666666664,37.0,47.91858037578288,49.0,24.0,15.0,15.251913709116216,
edced276,HAMMING,ITQ96_CENTERED,505.0,32.333333333333336,36.0,47.9937369519833,50.0,19.0,15.0,15.660403618649966,
edced276,COSINE,FLOAT96_UNCENTERED,,0.5041245333278135,0.430942750886911,0.1359050861557468,0.09556065322011083,0.7196649596413005,0.7752445402015775,-0.36821944717206667,0.36821944717206667
edced276,COSINE,FLOAT96_CENTERED,,0.395419924836588,0.30578929503834457,0.00029554164424909057,-0.04561689172336567,0.6606448576935429,0.7244941679629431,-0.3951243831923389,0.3951243831923389
eeda8a6d,HAMMING,SIGN96_CENTERED,,41.5,41.5,47.46966731898239,48.0,40.0,32.0,5.969667318982388,
eeda8a6d,HAMMING,ITQ96_CENTERED,101.0,18.0,18.0,48.088062622309195,49.0,17.0,15.0,30.088062622309195,
eeda8a6d,HAMMING,ITQ96_CENTERED,202.0,20.5,20.5,47.92172211350294,49.0,20.0,15.0,27.421722113502938,
eeda8a6d,HAMMING,ITQ96_CENTERED,303.0,19.5,19.5,47.91585127201566,49.0,18.0,13.0,28.415851272015658,
eeda8a6d,HAMMING,ITQ96_CENTERED,404.0,16.0,16.0,47.986301369863014,49.0,13.0,8.0,31.986301369863014,
eeda8a6d,HAMMING,ITQ96_CENTERED,505.0,17.0,17.0,48.22700587084149,50.0,14.0,14.0,31.227005870841488,
eeda8a6d,COSINE,FLOAT96_UNCENTERED,,0.7609510776695677,0.7609510776695677,0.06248270411403602,0.030163597283240737,0.7613854447974164,0.7869144924145529,-0.6984683735555317,0.6984683735555317
eeda8a6d,COSINE,FLOAT96_CENTERED,,0.7472209608456881,0.7472209608456881,-0.0036510894666927874,-0.032007371228094834,0.7475923072140942,0.7681706307411268,-0.7508720503123809,0.7508720503123809
ef66a6e5,HAMMING,SIGN96_CENTERED,,31.0,31.0,48.14221218961625,48.0,25.0,25.0,17.142212189616252,
ef66a6e5,HAMMING,ITQ96_CENTERED,101.0,22.0,22.0,47.81038374717833,49.0,10.0,7.0,25.810383747178328,
ef66a6e5,HAMMING,ITQ96_CENTERED,202.0,21.5,21.5,47.88939051918736,49.0,8.0,8.0,26.38939051918736,
ef66a6e5,HAMMING,ITQ96_CENTERED,303.0,21.0,21.0,47.91422121896163,49.0,6.0,7.0,26.91422121896163,
ef66a6e5,HAMMING,ITQ96_CENTERED,404.0,24.0,24.0,48.121896162528216,49.0,7.0,7.0,24.121896162528216,
ef66a6e5,HAMMING,ITQ96_CENTERED,505.0,19.0,19.0,48.318284424379236,49.0,5.0,6.0,29.318284424379236,
ef66a6e5,COSINE,FLOAT96_UNCENTERED,,0.631043411451237,0.631043411451237,0.08033658240382445,0.05217537041812836,0.8941876543460932,0.8786067612661482,-0.5507068290474125,0.5507068290474125
ef66a6e5,COSINE,FLOAT96_CENTERED,,0.6019368666532313,0.6019368666532313,-0.0036336826682648138,-0.03069061060675142,0.8870442735181971,0.8701917929283224,-0.6055705493214961,0.6055705493214961
ef9cf60a,HAMMING,SIGN96_CENTERED,,31.0,31.0,48.14807692307692,48.0,25.0,30.0,17.14807692307692,
ef9cf60a,HAMMING,ITQ96_CENTERED,101.0,24.0,24.0,47.848076923076924,49.0,23.0,19.0,23.848076923076924,
ef9cf60a,HAMMING,ITQ96_CENTERED,202.0,28.0,28.0,48.01538461538462,48.0,25.0,19.0,20.01538461538462,
ef9cf60a,HAMMING,ITQ96_CENTERED,303.0,20.0,20.0,47.878846153846155,48.0,16.0,15.0,27.878846153846155,
ef9cf60a,HAMMING,ITQ96_CENTERED,404.0,23.5,23.5,47.85,49.0,17.0,18.0,24.35,
ef9cf60a,HAMMING,ITQ96_CENTERED,505.0,23.5,23.5,48.04615384615385,49.0,21.0,17.0,24.54615384615385,
ef9cf60a,COSINE,FLOAT96_UNCENTERED,,0.6322959015039786,0.6322959015039786,0.08635864033713167,0.06032355177676256,0.6852959276707885,0.7393697263091201,-0.5459372611668469,0.5459372611668469
ef9cf60a,COSINE,FLOAT96_CENTERED,,0.6010764111875913,0.6010764111875913,-0.0019957069852995237,-0.027678665686623714,0.6583048602142177,0.707481087383676,-0.6030721181728907,0.6030721181728907
efc3f7c2,HAMMING,SIGN96_CENTERED,,36.5,36.5,47.75757575757576,48.0,27.0,21.0,11.257575757575758,
efc3f7c2,HAMMING,ITQ96_CENTERED,101.0,30.5,30.5,48.084848484848486,50.0,29.0,12.0,17.584848484848486,
efc3f7c2,HAMMING,ITQ96_CENTERED,202.0,28.5,28.5,48.03838383838384,49.0,26.0,13.0,19.538383838383837,
efc3f7c2,HAMMING,ITQ96_CENTERED,303.0,31.0,31.0,48.23232323232323,49.0,31.0,14.0,17.232323232323232,
efc3f7c2,HAMMING,ITQ96_CENTERED,404.0,32.0,32.0,48.34949494949495,49.0,31.0,13.0,16.349494949494947,
efc3f7c2,HAMMING,ITQ96_CENTERED,505.0,32.5,32.5,48.365656565656565,50.0,29.0,16.0,15.865656565656565,
efc3f7c2,COSINE,FLOAT96_UNCENTERED,,0.485519633588945,0.485519633588945,0.08615055042384832,0.042439924646987995,0.5599689259666276,0.8075493320278235,-0.39936908316509667,0.39936908316509667
efc3f7c2,COSINE,FLOAT96_CENTERED,,0.43805225867953573,0.43805225867953573,-0.0012791877212344745,-0.03867348234962089,0.4973180612967857,0.790348744611156,-0.4393314464007702,0.4393314464007702
f0853d11,HAMMING,SIGN96_CENTERED,,34.5,34.5,48.377510040160644,49.0,23.0,26.0,13.877510040160644,
f0853d11,HAMMING,ITQ96_CENTERED,101.0,27.0,27.0,48.10843373493976,49.0,23.0,18.0,21.10843373493976,
f0853d11,HAMMING,ITQ96_CENTERED,202.0,28.0,28.0,47.967871485943775,49.0,18.0,15.0,19.967871485943775,
f0853d11,HAMMING,ITQ96_CENTERED,303.0,25.5,25.5,48.56425702811245,49.0,17.0,19.0,23.06425702811245,
f0853d11,HAMMING,ITQ96_CENTERED,404.0,28.5,28.5,48.19879518072289,50.0,23.0,21.0,19.69879518072289,
f0853d11,HAMMING,ITQ96_CENTERED,505.0,26.0,26.0,48.19477911646587,49.0,19.0,18.0,22.194779116465867,
f0853d11,COSINE,FLOAT96_UNCENTERED,,0.5909237150600875,0.5909237150600875,0.07585741111820045,0.034792638741358434,0.6905987047458677,0.7452102020102326,-0.515066303941887,0.515066303941887
f0853d11,COSINE,FLOAT96_CENTERED,,0.553340631339351,0.553340631339351,-0.0028599327171380524,-0.03628162631470411,0.6702218763805013,0.7330049986288136,-0.556200564056489,0.556200564056489
f0e564bc,HAMMING,SIGN96_CENTERED,,28.0,28.0,48.12252964426877,49.0,24.0,23.0,20.122529644268774,
f0e564bc,HAMMING,ITQ96_CENTERED,101.0,23.5,23.5,48.0395256916996,49.0,14.0,13.0,24.539525691699602,
f0e564bc,HAMMING,ITQ96_CENTERED,202.0,26.0,26.0,48.06719367588933,49.0,18.0,12.0,22.067193675889328,
f0e564bc,HAMMING,ITQ96_CENTERED,303.0,30.5,30.5,47.701581027667984,48.0,19.0,12.0,17.201581027667984,
f0e564bc,HAMMING,ITQ96_CENTERED,404.0,26.5,26.5,48.00592885375494,49.0,14.0,9.0,21.505928853754938,
f0e564bc,HAMMING,ITQ96_CENTERED,505.0,26.0,26.0,48.1699604743083,49.0,15.0,13.0,22.169960474308297,
f0e564bc,COSINE,FLOAT96_UNCENTERED,,0.611969399174762,0.611969399174762,0.09229154472369032,0.05786772820906107,0.7693157393147061,0.8273178515758217,-0.5196778544510717,0.5196778544510717
f0e564bc,COSINE,FLOAT96_CENTERED,,0.5683208864930757,0.5683208864930757,-0.0013510566803192666,-0.03723352981877297,0.7460589720020239,0.8049451793335202,-0.569671943173395,0.569671943173395
f35224e0,HAMMING,SIGN96_CENTERED,,36.5,36.5,48.12670565302144,49.0,36.0,25.0,11.626705653021439,
f35224e0,HAMMING,ITQ96_CENTERED,101.0,16.5,16.5,48.08966861598441,49.0,14.0,14.0,31.589668615984408,
f35224e0,HAMMING,ITQ96_CENTERED,202.0,17.5,17.5,47.978557504873294,49.0,16.0,15.0,30.478557504873294,
f35224e0,HAMMING,ITQ96_CENTERED,303.0,15.0,15.0,48.23001949317739,49.0,14.0,11.0,33.23001949317739,
f35224e0,HAMMING,ITQ96_CENTERED,404.0,21.0,21.0,48.10526315789474,49.0,19.0,17.0,27.10526315789474,
f35224e0,HAMMING,ITQ96_CENTERED,505.0,13.5,13.5,48.136452241715396,49.0,13.0,14.0,34.636452241715396,
f35224e0,COSINE,FLOAT96_UNCENTERED,,0.7726119548918067,0.7726119548918067,0.09427490070054699,0.05457515644116806,0.7743963616702394,0.7837902003049655,-0.6783370541912597,0.6783370541912597
f35224e0,COSINE,FLOAT96_CENTERED,,0.7466185070760623,0.7466185070760623,-0.0033856764633820504,-0.044030247554934066,0.7488154362614581,0.7575357442419967,-0.7500041835394443,0.7500041835394443
f4f1d8a4,HAMMING,SIGN96_CENTERED,,18.0,18.0,47.78767123287671,48.0,18.0,23.0,29.78767123287671,
f4f1d8a4,HAMMING,ITQ96_CENTERED,101.0,21.0,21.0,47.89554794520548,50.0,21.0,19.0,26.89554794520548,
f4f1d8a4,HAMMING,ITQ96_CENTERED,202.0,25.0,25.0,47.863013698630134,49.0,25.0,20.0,22.863013698630134,
f4f1d8a4,HAMMING,ITQ96_CENTERED,303.0,21.0,21.0,48.13356164383562,49.0,21.0,19.0,27.13356164383562,
f4f1d8a4,HAMMING,ITQ96_CENTERED,404.0,24.0,24.0,48.070205479452056,50.0,24.0,22.0,24.070205479452056,
f4f1d8a4,HAMMING,ITQ96_CENTERED,505.0,24.0,24.0,47.94349315068493,49.0,24.0,18.0,23.94349315068493,
f4f1d8a4,COSINE,FLOAT96_UNCENTERED,,0.729536243976667,0.729536243976667,0.09148555591379225,0.04469746674724151,0.729536243976667,0.7482156729842746,-0.6380506880628748,0.6380506880628748
f4f1d8a4,COSINE,FLOAT96_CENTERED,,0.6989341923633392,0.6989341923633392,-3.1349813127550224e-05,-0.04534732716192541,0.6989341923633392,0.7141842206521312,-0.6989655421764668,0.6989655421764668
f523d9fe,HAMMING,SIGN96_CENTERED,,22.0,22.0,47.56521739130435,48.0,22.0,24.0,25.56521739130435,
f523d9fe,HAMMING,ITQ96_CENTERED,101.0,18.0,18.0,47.81987577639752,49.0,18.0,13.0,29.819875776397517,
f523d9fe,HAMMING,ITQ96_CENTERED,202.0,19.0,19.0,48.25879917184265,50.0,19.0,14.0,29.258799171842647,
f523d9fe,HAMMING,ITQ96_CENTERED,303.0,19.0,19.0,48.002070393374744,49.0,19.0,14.0,29.002070393374744,
f523d9fe,HAMMING,ITQ96_CENTERED,404.0,24.0,24.0,47.87163561076605,49.0,24.0,20.0,23.87163561076605,
f523d9fe,HAMMING,ITQ96_CENTERED,505.0,21.0,21.0,48.08695652173913,49.0,21.0,14.0,27.086956521739133,
f523d9fe,COSINE,FLOAT96_UNCENTERED,,0.7795222563797319,0.7795222563797319,0.1555688921180358,0.1269266871214381,0.7795222563797319,0.8177420116392753,-0.6239533642616961,0.6239533642616961
f523d9fe,COSINE,FLOAT96_CENTERED,,0.7406179452978426,0.7406179452978426,-3.6449976811421655e-05,-0.030880734049507145,0.7406179452978426,0.7807445480639009,-0.740654395274654,0.740654395274654
f685340e,HAMMING,SIGN96_CENTERED,,27.0,27.0,47.65165876777251,48.0,23.0,19.0,20.65165876777251,
f685340e,HAMMING,ITQ96_CENTERED,101.0,16.5,16.5,47.81990521327014,49.0,5.0,7.0,31.31990521327014,
f685340e,HAMMING,ITQ96_CENTERED,202.0,17.0,17.0,48.11611374407583,49.0,14.0,9.0,31.116113744075832,
f685340e,HAMMING,ITQ96_CENTERED,303.0,15.0,15.0,48.1303317535545,49.0,10.0,5.0,33.1303317535545,
f685340e,HAMMING,ITQ96_CENTERED,404.0,15.5,15.5,48.06872037914692,49.0,7.0,5.0,32.56872037914692,
f685340e,HAMMING,ITQ96_CENTERED,505.0,14.0,14.0,48.10663507109005,49.0,10.0,5.0,34.10663507109005,
f685340e,COSINE,FLOAT96_UNCENTERED,,0.8218091254488716,0.8218091254488716,0.06531800652410258,0.03264691719206204,0.863714706592459,0.9130113309462788,-0.7564911189247691,0.7564911189247691
f685340e,COSINE,FLOAT96_CENTERED,,0.8087103464772913,0.8087103464772913,-0.004093980519824454,-0.034061849671076574,0.8544170340793076,0.9090745184168538,-0.8128043269971158,0.8128043269971158
f8c5f88b,HAMMING,SIGN96_CENTERED,,27.0,27.0,47.71604938271605,48.0,27.0,21.0,20.71604938271605,
f8c5f88b,HAMMING,ITQ96_CENTERED,101.0,11.0,11.0,48.00617283950617,49.0,11.0,4.0,37.00617283950617,
f8c5f88b,HAMMING,ITQ96_CENTERED,202.0,8.0,8.0,48.17078189300412,49.0,8.0,7.0,40.17078189300412,
f8c5f88b,HAMMING,ITQ96_CENTERED,303.0,7.0,7.0,48.141975308641975,49.0,7.0,6.0,41.141975308641975,
f8c5f88b,HAMMING,ITQ96_CENTERED,404.0,9.0,9.0,47.92798353909465,49.0,9.0,5.0,38.92798353909465,
f8c5f88b,HAMMING,ITQ96_CENTERED,505.0,12.0,12.0,47.934156378600825,49.0,12.0,7.0,35.934156378600825,
f8c5f88b,COSINE,FLOAT96_UNCENTERED,,0.8606728079150562,0.8606728079150562,0.06947825071278084,0.03599809146004946,0.8606728079150562,0.8855706905396135,-0.7911945572022754,0.7911945572022754
f8c5f88b,COSINE,FLOAT96_CENTERED,,0.8495574447012924,0.8495574447012924,-0.001479870416282156,-0.030290134112431345,0.8495574447012924,0.8779661851197542,-0.8510373151175745,0.8510373151175745
f9e8c073,HAMMING,SIGN96_CENTERED,,27.0,27.0,47.89043824701195,48.0,21.0,14.0,20.89043824701195,
f9e8c073,HAMMING,ITQ96_CENTERED,101.0,17.5,17.5,47.810756972111555,49.0,11.0,9.0,30.310756972111555,
f9e8c073,HAMMING,ITQ96_CENTERED,202.0,18.5,18.5,48.17330677290837,49.0,12.0,14.0,29.67330677290837,
f9e8c073,HAMMING,ITQ96_CENTERED,303.0,19.0,19.0,48.13147410358566,49.0,11.0,14.0,29.13147410358566,
f9e8c073,HAMMING,ITQ96_CENTERED,404.0,17.5,17.5,48.10956175298805,49.0,9.0,8.0,30.60956175298805,
f9e8c073,HAMMING,ITQ96_CENTERED,505.0,23.0,23.0,47.94223107569721,49.0,15.0,13.0,24.942231075697208,
f9e8c073,COSINE,FLOAT96_UNCENTERED,,0.7375481929419918,0.7375481929419918,0.07976753260584135,0.05008892893640927,0.8651175695248101,0.8526207405057122,-0.6577806603361505,0.6577806603361505
f9e8c073,COSINE,FLOAT96_CENTERED,,0.7028580315078967,0.7028580315078967,-0.0015087629906723695,-0.022503147841919348,0.8511292357003064,0.8401422234277904,-0.7043667944985691,0.7043667944985691
faba32e5,HAMMING,SIGN96_CENTERED,,22.0,22.0,47.692796610169495,48.0,22.0,21.0,25.692796610169495,
faba32e5,HAMMING,ITQ96_CENTERED,101.0,9.0,9.0,47.82838983050848,49.0,9.0,7.0,38.82838983050848,
faba32e5,HAMMING,ITQ96_CENTERED,202.0,9.0,9.0,48.00847457627118,48.0,9.0,10.0,39.00847457627118,
faba32e5,HAMMING,ITQ96_CENTERED,303.0,9.0,9.0,47.91737288135593,49.0,9.0,8.0,38.91737288135593,
faba32e5,HAMMING,ITQ96_CENTERED,404.0,7.0,7.0,47.983050847457626,49.0,7.0,6.0,40.983050847457626,
faba32e5,HAMMING,ITQ96_CENTERED,505.0,8.0,8.0,48.13771186440678,49.0,8.0,8.0,40.13771186440678,
faba32e5,COSINE,FLOAT96_UNCENTERED,,0.874882013776824,0.874882013776824,0.07790448541149339,0.05850700008878054,0.874882013776824,0.8835542515654948,-0.7969775283653305,0.7969775283653305
faba32e5,COSINE,FLOAT96_CENTERED,,0.8629375484673265,0.8629375484673265,-0.002167275866367653,-0.022000120081929635,0.8629375484673265,0.8742935788841549,-0.8651048243336942,0.8651048243336942
fca70973,HAMMING,SIGN96_CENTERED,,40.0,40.0,48.05215419501134,48.0,40.0,29.0,8.05215419501134,
fca70973,HAMMING,ITQ96_CENTERED,101.0,39.0,39.0,48.33560090702948,50.0,39.0,19.0,9.33560090702948,
fca70973,HAMMING,ITQ96_CENTERED,202.0,34.0,34.0,47.852607709750565,49.0,34.0,19.0,13.852607709750565,
fca70973,HAMMING,ITQ96_CENTERED,303.0,38.0,38.0,48.25396825396825,49.0,38.0,15.0,10.253968253968253,
fca70973,HAMMING,ITQ96_CENTERED,404.0,36.0,36.0,48.10884353741496,49.0,36.0,20.0,12.108843537414963,
fca70973,HAMMING,ITQ96_CENTERED,505.0,36.0,36.0,48.26077097505669,49.0,36.0,17.0,12.260770975056687,
fca70973,COSINE,FLOAT96_UNCENTERED,,0.45838749453407446,0.45838749453407446,0.1029176204999068,0.06447392748544936,0.45838749453407446,0.7362482576576885,-0.35546987403416763,0.35546987403416763
fca70973,COSINE,FLOAT96_CENTERED,,0.40102719560029065,0.40102719560029065,-0.0006421696616460397,-0.04578445509626026,0.40102719560029065,0.6905347372239378,-0.4016693652619367,0.4016693652619367
fca762bc,HAMMING,SIGN96_CENTERED,,21.0,21.0,47.580786026200876,48.0,21.0,32.0,26.580786026200876,
fca762bc,HAMMING,ITQ96_CENTERED,101.0,8.0,8.0,48.146288209606986,49.0,8.0,10.0,40.146288209606986,
fca762bc,HAMMING,ITQ96_CENTERED,202.0,10.0,10.0,48.032751091703055,49.0,10.0,9.0,38.032751091703055,
fca762bc,HAMMING,ITQ96_CENTERED,303.0,4.0,4.0,48.20524017467249,49.0,4.0,11.0,44.20524017467249,
fca762bc,HAMMING,ITQ96_CENTERED,404.0,10.0,10.0,48.11135371179039,49.0,10.0,12.0,38.11135371179039,
fca762bc,HAMMING,ITQ96_CENTERED,505.0,10.0,10.0,47.79694323144105,49.0,10.0,14.0,37.79694323144105,
fca762bc,COSINE,FLOAT96_UNCENTERED,,0.9249373199661091,0.9249373199661091,0.1454910413541545,0.11800957357657935,0.9249373199661091,0.8126716012441553,-0.7794462786119546,0.7794462786119546
fca762bc,COSINE,FLOAT96_CENTERED,,0.9105038454739386,0.9105038454739386,-0.0010361086586285055,-0.03705398934380584,0.9105038454739386,0.7788910588578143,-0.911539954132567,0.911539954132567
fea54f57,HAMMING,SIGN96_CENTERED,,15.0,15.0,47.57794676806083,48.0,15.0,18.0,32.57794676806083,
fea54f57,HAMMING,ITQ96_CENTERED,101.0,8.0,8.0,47.91634980988593,49.0,8.0,6.0,39.91634980988593,
fea54f57,HAMMING,ITQ96_CENTERED,202.0,6.0,6.0,48.0171102661597,49.0,6.0,7.0,42.0171102661597,
fea54f57,HAMMING,ITQ96_CENTERED,303.0,6.0,6.0,48.049429657794676,49.0,6.0,6.0,42.049429657794676,
fea54f57,HAMMING,ITQ96_CENTERED,404.0,6.0,6.0,47.893536121673,49.0,6.0,5.0,41.893536121673,
fea54f57,HAMMING,ITQ96_CENTERED,505.0,11.0,11.0,47.98669201520912,49.0,11.0,9.0,36.98669201520912,
fea54f57,COSINE,FLOAT96_UNCENTERED,,0.8858909472176146,0.8858909472176146,0.11061884215451083,0.07874207880828504,0.8858909472176146,0.8737317253423389,-0.7752721050631038,0.7752721050631038
fea54f57,COSINE,FLOAT96_CENTERED,,0.8709393975986544,0.8709393975986544,-0.002123957772435883,-0.03636243621214352,0.8709393975986544,0.8603442563230066,-0.8730633553710903,0.8730633553710903
gpt4_0a05b494,HAMMING,SIGN96_CENTERED,,30.5,30.5,47.78174603174603,48.0,30.0,23.0,17.28174603174603,
gpt4_0a05b494,HAMMING,ITQ96_CENTERED,101.0,22.0,22.0,48.111111111111114,49.0,21.0,20.0,26.111111111111114,
gpt4_0a05b494,HAMMING,ITQ96_CENTERED,202.0,28.0,28.0,47.87698412698413,50.0,27.0,23.0,19.876984126984127,
gpt4_0a05b494,HAMMING,ITQ96_CENTERED,303.0,27.0,27.0,47.958333333333336,49.0,23.0,23.0,20.958333333333336,
gpt4_0a05b494,HAMMING,ITQ96_CENTERED,404.0,25.5,25.5,48.01190476190476,50.0,24.0,17.0,22.51190476190476,
gpt4_0a05b494,HAMMING,ITQ96_CENTERED,505.0,26.0,26.0,47.90277777777778,49.0,23.0,20.0,21.90277777777778,
gpt4_0a05b494,COSINE,FLOAT96_UNCENTERED,,0.6559996597514006,0.6559996597514006,0.11235958416744792,0.0594727912330032,0.6712323523441058,0.7105349591656205,-0.5436400755839527,0.5436400755839527
gpt4_0a05b494,COSINE,FLOAT96_CENTERED,,0.5938707577561624,0.5938707577561624,0.00014656069859597754,-0.050752197092948,0.6195437059623649,0.6552664772139384,-0.5937241970575664,0.5937241970575664
gpt4_0b2f1d21,HAMMING,SIGN96_CENTERED,,34.5,34.5,47.81818181818182,48.0,32.0,26.0,13.31818181818182,
gpt4_0b2f1d21,HAMMING,ITQ96_CENTERED,101.0,27.0,27.0,48.17171717171717,49.0,16.0,12.0,21.17171717171717,
gpt4_0b2f1d21,HAMMING,ITQ96_CENTERED,202.0,23.5,23.5,48.183838383838385,49.0,13.0,8.0,24.683838383838385,
gpt4_0b2f1d21,HAMMING,ITQ96_CENTERED,303.0,27.0,27.0,48.08888888888889,49.0,12.0,7.0,21.08888888888889,
gpt4_0b2f1d21,HAMMING,ITQ96_CENTERED,404.0,23.5,23.5,48.111111111111114,49.0,9.0,7.0,24.611111111111114,
gpt4_0b2f1d21,HAMMING,ITQ96_CENTERED,505.0,27.5,27.5,48.29494949494949,49.0,18.0,9.0,20.794949494949492,
gpt4_0b2f1d21,COSINE,FLOAT96_UNCENTERED,,0.6096560770661408,0.6096560770661408,0.06470314857639088,0.026941453498018422,0.7898998628387468,0.8861781010505718,-0.5449529284897499,0.5449529284897499
gpt4_0b2f1d21,COSINE,FLOAT96_CENTERED,,0.5748043049828997,0.5748043049828997,-0.0020133681585047854,-0.03260764508043614,0.7755177329048835,0.8797813351023829,-0.5768176731414045,0.5768176731414045
gpt4_15e38248,HAMMING,SIGN96_CENTERED,,43.4,43.0,48.35698924731183,49.0,40.0,31.0,4.9569892473118315,
gpt4_15e38248,HAMMING,ITQ96_CENTERED,101.0,38.8,38.0,48.116129032258065,49.0,36.0,32.0,9.316129032258068,
gpt4_15e38248,HAMMING,ITQ96_CENTERED,202.0,43.2,44.0,48.339784946236556,48.0,39.0,31.0,5.139784946236553,
gpt4_15e38248,HAMMING,ITQ96_CENTERED,303.0,38.8,39.0,48.148387096774194,49.0,38.0,30.0,9.348387096774196,
gpt4_15e38248,HAMMING,ITQ96_CENTERED,404.0,41.2,41.0,48.35268817204301,49.0,39.0,30.0,7.152688172043007,
gpt4_15e38248,HAMMING,ITQ96_CENTERED,505.0,42.4,42.0,48.13548387096774,48.0,41.0,32.0,5.735483870967741,
gpt4_15e38248,COSINE,FLOAT96_UNCENTERED,,0.3230697453694681,0.3366831280863217,0.13014353891540031,0.1160150973000911,0.35059602113874716,0.4972355128137439,-0.19292620645406777,0.19292620645406777
gpt4_15e38248,COSINE,FLOAT96_CENTERED,,0.20404343660217333,0.2076033525824182,-0.0018182627901722447,-0.013941228329485184,0.2360162896316097,0.4266089419943415,-0.20586169939234558,0.20586169939234558
gpt4_18c2b244,HAMMING,SIGN96_CENTERED,,24.333333333333332,22.0,48.42886178861789,49.0,20.0,28.0,24.095528455284555,
gpt4_18c2b244,HAMMING,ITQ96_CENTERED,101.0,19.333333333333332,20.0,48.048780487804876,49.0,17.0,15.0,28.715447154471544,
gpt4_18c2b244,HAMMING,ITQ96_CENTERED,202.0,19.666666666666668,19.0,47.99186991869919,49.0,17.0,14.0,28.32520325203252,
gpt4_18c2b244,HAMMING,ITQ96_CENTERED,303.0,19.333333333333332,19.0,48.18292682926829,50.0,16.0,17.0,28.849593495934958,
gpt4_18c2b244,HAMMING,ITQ96_CENTERED,404.0,20.666666666666668,17.0,48.13821138211382,50.0,17.0,17.0,27.471544715447155,
gpt4_18c2b244,HAMMING,ITQ96_CENTERED,505.0,21.333333333333332,20.0,48.1239837398374,50.0,19.0,13.0,26.790650406504067,
gpt4_18c2b244,COSINE,FLOAT96_UNCENTERED,,0.7285869542005626,0.753743209620264,0.10086819110654975,0.05729799940311457,0.7603470262908265,0.8291729338643683,-0.6277187630940129,0.6277187630940129
gpt4_18c2b244,COSINE,FLOAT96_CENTERED,,0.6940148984392702,0.7241743944753862,-0.0036911598975823768,-0.044581934507359755,0.7335520541039758,0.803376297578058,-0.6977060583368526,0.6977060583368526
gpt4_1916e0ea,HAMMING,SIGN96_CENTERED,,30.0,30.0,47.83050847457627,48.0,29.0,24.0,17.83050847457627,
gpt4_1916e0ea,HAMMING,ITQ96_CENTERED,101.0,27.0,27.0,48.19774011299435,50.0,26.0,20.0,21.197740112994353,
gpt4_1916e0ea,HAMMING,ITQ96_CENTERED,202.0,24.5,24.5,48.32391713747646,49.0,24.0,23.0,23.823917137476457,
gpt4_1916e0ea,HAMMING,ITQ96_CENTERED,303.0,27.0,27.0,47.85875706214689,49.0,26.0,20.0,20.858757062146893,
gpt4_1916e0ea,HAMMING,ITQ96_CENTERED,404.0,26.0,26.0,47.97928436911488,49.0,24.0,23.0,21.97928436911488,
gpt4_1916e0ea,HAMMING,ITQ96_CENTERED,505.0,23.5,23.5,47.93973634651601,49.0,22.0,19.0,24.439736346516007,
gpt4_1916e0ea,COSINE,FLOAT96_UNCENTERED,,0.6756698950191234,0.6756698950191234,0.14367974387500504,0.10063963018557542,0.6931877014920811,0.7266601825627983,-0.5319901511441184,0.5319901511441184
gpt4_1916e0ea,COSINE,FLOAT96_CENTERED,,0.6115629407692995,0.6115629407692995,-0.00021682326003067017,-0.051973964243994177,0.6374262608676114,0.6665702001739867,-0.6117797640293302,0.6117797640293302
gpt4_194be4b3,HAMMING,SIGN96_CENTERED,,47.5,47.0,47.2,47.0,44.0,30.0,-0.29999999999999716,
gpt4_194be4b3,HAMMING,ITQ96_CENTERED,101.0,43.25,42.5,48.14042553191489,49.0,36.0,26.0,4.890425531914893,
gpt4_194be4b3,HAMMING,ITQ96_CENTERED,202.0,42.25,42.0,47.94042553191489,49.0,38.0,24.0,5.69042553191489,
gpt4_194be4b3,HAMMING,ITQ96_CENTERED,303.0,45.75,47.0,48.236170212765956,49.0,36.0,22.0,2.4861702127659555,
gpt4_194be4b3,HAMMING,ITQ96_CENTERED,404.0,44.25,45.0,47.93404255319149,49.0,38.0,25.0,3.684042553191489,
gpt4_194be4b3,HAMMING,ITQ96_CENTERED,505.0,43.75,43.5,48.217021276595744,50.0,36.0,26.0,4.467021276595744,
gpt4_194be4b3,COSINE,FLOAT96_UNCENTERED,,0.18828830474679958,0.18876196924177624,0.09362700190182845,0.06173507282618405,0.38721321184671414,0.6257527554567155,-0.09466130284497114,0.09466130284497114
gpt4_194be4b3,COSINE,FLOAT96_CENTERED,,0.10911207015882152,0.11051815526140212,-0.0006158009356201028,-0.03235904808298503,0.33283728206752516,0.5707011132099337,-0.10972787109444163,0.10972787109444163
gpt4_1a1dc16d,HAMMING,SIGN96_CENTERED,,33.5,33.5,48.106430155210646,48.0,33.0,30.0,14.606430155210646,
gpt4_1a1dc16d,HAMMING,ITQ96_CENTERED,101.0,25.5,25.5,47.993348115299334,49.0,23.0,22.0,22.493348115299334,
gpt4_1a1dc16d,HAMMING,ITQ96_CENTERED,202.0,24.5,24.5,47.84257206208426,49.0,24.0,18.0,23.34257206208426,
gpt4_1a1dc16d,HAMMING,ITQ96_CENTERED,303.0,28.0,28.0,48.31929046563193,49.0,25.0,23.0,20.31929046563193,
gpt4_1a1dc16d,HAMMING,ITQ96_CENTERED,404.0,25.0,25.0,48.27937915742794,49.0,22.0,22.0,23.27937915742794,
gpt4_1a1dc16d,HAMMING,ITQ96_CENTERED,505.0,25.5,25.5,48.2549889135255,50.0,21.0,20.0,22.7549889135255,
gpt4_1a1dc16d,COSINE,FLOAT96_UNCENTERED,,0.634592026827525,0.634592026827525,0.1051145939226409,0.06092462546428678,0.6675666481459699,0.7043896133127385,-0.5294774329048841,0.5294774329048841
gpt4_1a1dc16d,COSINE,FLOAT96_CENTERED,,0.5815167610198417,0.5815167610198417,-0.001358497692023694,-0.05229982037882907,0.624623826502312,0.6602484630564197,-0.5828752587118654,0.5828752587118654
gpt4_1d4ab0c9,HAMMING,SIGN96_CENTERED,,16.5,16.5,47.92099792099792,48.0,15.0,25.0,31.42099792099792,
gpt4_1d4ab0c9,HAMMING,ITQ96_CENTERED,101.0,14.0,14.0,48.17047817047817,49.0,12.0,13.0,34.17047817047817,
gpt4_1d4ab0c9,HAMMING,ITQ96_CENTERED,202.0,17.0,17.0,48.195426195426194,49.0,17.0,15.0,31.195426195426194,
gpt4_1d4ab0c9,HAMMING,ITQ96_CENTERED,303.0,10.0,10.0,48.20582120582121,49.0,9.0,12.0,38.20582120582121,
gpt4_1d4ab0c9,HAMMING,ITQ96_CENTERED,404.0,14.5,14.5,48.04573804573805,50.0,14.0,8.0,33.54573804573805,
gpt4_1d4ab0c9,HAMMING,ITQ96_CENTERED,505.0,16.5,16.5,48.08316008316008,49.0,15.0,13.0,31.58316008316008,
gpt4_1d4ab0c9,COSINE,FLOAT96_UNCENTERED,,0.8594484393237012,0.8594484393237012,0.08933028944208193,0.05218894130623573,0.8663061930553879,0.8336965459462055,-0.7701181498816192,0.7701181498816192
gpt4_1d4ab0c9,COSINE,FLOAT96_CENTERED,,0.8439552746805213,0.8439552746805213,-0.0028345311926915823,-0.03707635268031002,0.8530209722589064,0.8121515425885085,-0.846789805873213,0.846789805873213
gpt4_1d80365e,HAMMING,SIGN96_CENTERED,,16.0,16.0,47.615533980582526,48.0,12.0,27.0,31.615533980582526,
gpt4_1d80365e,HAMMING,ITQ96_CENTERED,101.0,11.0,11.0,48.04854368932039,49.0,11.0,18.0,37.04854368932039,
gpt4_1d80365e,HAMMING,ITQ96_CENTERED,202.0,10.5,10.5,48.08349514563107,49.0,7.0,15.0,37.58349514563107,
gpt4_1d80365e,HAMMING,ITQ96_CENTERED,303.0,10.5,10.5,47.79805825242718,49.0,8.0,15.0,37.29805825242718,
gpt4_1d80365e,HAMMING,ITQ96_CENTERED,404.0,7.0,7.0,48.05631067961165,49.0,7.0,16.0,41.05631067961165,
gpt4_1d80365e,HAMMING,ITQ96_CENTERED,505.0,6.5,6.5,47.966990291262135,49.0,6.0,15.0,41.466990291262135,
gpt4_1d80365e,COSINE,FLOAT96_UNCENTERED,,0.8944024350159943,0.8944024350159943,0.06945788441776371,0.035992396426682144,0.9205454704574106,0.7983488124950178,-0.8249445505982306,0.8249445505982306
gpt4_1d80365e,COSINE,FLOAT96_CENTERED,,0.8874795720333928,0.8874795720333928,-0.003926277045961692,-0.03988389864705146,0.9154814625305062,0.7841556802267893,-0.8914058490793545,0.8914058490793545
gpt4_1e4a8aeb,HAMMING,SIGN96_CENTERED,,27.5,27.5,47.737945492662476,48.0,23.0,25.0,20.237945492662476,
gpt4_1e4a8aeb,HAMMING,ITQ96_CENTERED,101.0,21.0,21.0,47.979035639413,49.0,19.0,11.0,26.979035639413,
gpt4_1e4a8aeb,HAMMING,ITQ96_CENTERED,202.0,24.0,24.0,48.343815513626836,50.0,18.0,10.0,24.343815513626836,
gpt4_1e4a8aeb,HAMMING,ITQ96_CENTERED,303.0,22.5,22.5,48.19706498951782,49.0,19.0,9.0,25.69706498951782,
gpt4_1e4a8aeb,HAMMING,ITQ96_CENTERED,404.0,25.0,25.0,48.22851153039832,49.0,21.0,12.0,23.228511530398322,
gpt4_1e4a8aeb,HAMMING,ITQ96_CENTERED,505.0,22.0,22.0,48.073375262054505,49.0,17.0,15.0,26.073375262054505,
gpt4_1e4a8aeb,COSINE,FLOAT96_UNCENTERED,,0.6739301818081943,0.6739301818081943,0.10196994059701396,0.07047887741426156,0.7238091751235116,0.8245469882222906,-0.5719602412111804,0.5719602412111804
gpt4_1e4a8aeb,COSINE,FLOAT96_CENTERED,,0.628959907137715,0.628959907137715,-0.002217751158832582,-0.03479461195727988,0.6902895410519849,0.8018519099960515,-0.6311776582965476,0.6311776582965476
gpt4_1e4a8aec,HAMMING,SIGN96_CENTERED,,42.0,42.0,48.06237424547284,48.0,42.0,24.0,6.062374245472839,
gpt4_1e4a8aec,HAMMING,ITQ96_CENTERED,101.0,42.0,42.0,47.9738430583501,49.0,42.0,20.0,5.9738430583500985,
gpt4_1e4a8aec,HAMMING,ITQ96_CENTERED,202.0,43.0,43.0,47.89738430583501,49.0,43.0,16.0,4.897384305835011,
gpt4_1e4a8aec,HAMMING,ITQ96_CENTERED,303.0,45.0,45.0,47.881287726358146,49.0,45.0,16.0,2.8812877263581456,
gpt4_1e4a8aec,HAMMING,ITQ96_CENTERED,404.0,44.0,44.0,48.19315895372233,49.0,44.0,16.0,4.193158953722332,
gpt4_1e4a8aec,HAMMING,ITQ96_CENTERED,505.0,49.0,49.0,47.65593561368209,48.0,49.0,23.0,-1.3440643863179105,
gpt4_1e4a8aec,COSINE,FLOAT96_UNCENTERED,,0.14369546612190054,0.14369546612190054,0.0881092576361153,0.05802080419287655,0.14369546612190054,0.7442077442360837,-0.05558620848578524,0.05558620848578524
gpt4_1e4a8aec,COSINE,FLOAT96_CENTERED,,0.046898363202031106,0.046898363202031106,-0.00016696806544602637,-0.036548812988541,0.046898363202031106,0.7197262289360636,-0.04706533126747713,0.04706533126747713
gpt4_213fd887,HAMMING,SIGN96_CENTERED,,25.5,25.5,48.083333333333336,49.0,16.0,28.0,22.583333333333336,
gpt4_213fd887,HAMMING,ITQ96_CENTERED,101.0,18.5,18.5,48.195945945945944,49.0,10.0,13.0,29.695945945945944,
gpt4_213fd887,HAMMING,ITQ96_CENTERED,202.0,12.5,12.5,48.70945945945946,50.0,7.0,15.0,36.20945945945946,
gpt4_213fd887,HAMMING,ITQ96_CENTERED,303.0,16.5,16.5,48.130630630630634,49.0,12.0,18.0,31.630630630630634,
gpt4_213fd887,HAMMING,ITQ96_CENTERED,404.0,22.0,22.0,48.02477477477478,49.0,16.0,19.0,26.024774774774777,
gpt4_213fd887,HAMMING,ITQ96_CENTERED,505.0,18.0,18.0,48.137387387387385,49.0,14.0,15.0,30.137387387387385,
gpt4_213fd887,COSINE,FLOAT96_UNCENTERED,,0.72166556343411,0.72166556343411,0.0777614733859509,0.045833947303386476,0.888581709022878,0.7970076503649544,-0.6439040900481592,0.6439040900481592
gpt4_213fd887,COSINE,FLOAT96_CENTERED,,0.6936260877392846,0.6936260877392846,-0.003019750351501378,-0.030459845480929157,0.8777481920976661,0.777162092089922,-0.696645838090786,0.696645838090786
gpt4_21adecb5,HAMMING,SIGN96_CENTERED,,27.5,27.5,48.13948919449902,48.0,27.0,24.0,20.63948919449902,
gpt4_21adecb5,HAMMING,ITQ96_CENTERED,101.0,30.5,30.5,48.30648330058939,50.0,25.0,21.0,17.80648330058939,
gpt4_21adecb5,HAMMING,ITQ96_CENTERED,202.0,34.0,34.0,48.16502946954813,49.0,33.0,21.0,14.16502946954813,
gpt4_21adecb5,HAMMING,ITQ96_CENTERED,303.0,33.5,33.5,47.90569744597249,49.0,32.0,19.0,14.405697445972493,
gpt4_21adecb5,HAMMING,ITQ96_CENTERED,404.0,30.5,30.5,47.9705304518664,49.0,27.0,19.0,17.470530451866402,
gpt4_21adecb5,HAMMING,ITQ96_CENTERED,505.0,36.5,36.5,48.45776031434185,50.0,34.0,21.0,11.957760314341847,
gpt4_21adecb5,COSINE,FLOAT96_UNCENTERED,,0.5086773954598094,0.5086773954598094,0.11602893870099262,0.08069751833469505,0.5393557301211599,0.6818074569806203,-0.39264845675881677,0.39264845675881677
gpt4_21adecb5,COSINE,FLOAT96_CENTERED,,0.4263236980404216,0.4263236980404216,-0.0009187818666165661,-0.04096684254416592,0.4746443752849036,0.6248001218655286,-0.4272424799070382,0.4272424799070382
gpt4_2312f94c,HAMMING,SIGN96_CENTERED,,20.5,20.5,47.473118279569896,47.0,17.0,31.0,26.973118279569896,
gpt4_2312f94c,HAMMING,ITQ96_CENTERED,101.0,13.0,13.0,48.10322580645161,49.0,10.0,12.0,35.10322580645161,
gpt4_2312f94c,HAMMING,ITQ96_CENTERED,202.0,11.0,11.0,47.84301075268817,49.0,8.0,9.0,36.84301075268817,
gpt4_2312f94c,HAMMING,ITQ96_CENTERED,303.0,11.5,11.5,48.049462365591395,49.0,8.0,7.0,36.549462365591395,
gpt4_2312f94c,HAMMING,ITQ96_CENTERED,404.0,11.5,11.5,48.31182795698925,49.0,7.0,13.0,36.81182795698925,
gpt4_2312f94c,HAMMING,ITQ96_CENTERED,505.0,14.5,14.5,48.11397849462366,49.0,10.0,13.0,33.61397849462366,
gpt4_2312f94c,COSINE,FLOAT96_UNCENTERED,,0.849924823934338,0.849924823934338,0.0686108822051768,0.033039276745291724,0.919758722009206,0.8769755098985723,-0.7813139417291612,0.7813139417291612
gpt4_2312f94c,COSINE,FLOAT96_CENTERED,,0.8376772470400256,0.8376772470400256,-0.003369577140199717,-0.036303173102590916,0.9145170526419131,0.8694364912305457,-0.8410468241802252,0.8410468241802252
gpt4_2487a7cb,HAMMING,SIGN96_CENTERED,,34.0,34.0,47.90872210953347,48.0,27.0,22.0,13.908722109533471,
gpt4_2487a7cb,HAMMING,ITQ96_CENTERED,101.0,26.5,26.5,47.969574036511155,49.0,16.0,10.0,21.469574036511155,
gpt4_2487a7cb,HAMMING,ITQ96_CENTERED,202.0,30.0,30.0,48.09330628803245,50.0,20.0,15.0,18.09330628803245,
gpt4_2487a7cb,HAMMING,ITQ96_CENTERED,303.0,27.0,27.0,48.16227180527383,49.0,16.0,14.0,21.162271805273832,
gpt4_2487a7cb,HAMMING,ITQ96_CENTERED,404.0,21.5,21.5,47.86612576064909,49.0,9.0,10.0,26.36612576064909,
gpt4_2487a7cb,HAMMING,ITQ96_CENTERED,505.0,25.5,25.5,47.900608519269774,49.0,13.0,11.0,22.400608519269774,
gpt4_2487a7cb,COSINE,FLOAT96_UNCENTERED,,0.5865844716995463,0.5865844716995463,0.11689545929872805,0.07421452086076682,0.7655230070612513,0.8286686898999094,-0.4696890124008183,0.4696890124008183
gpt4_2487a7cb,COSINE,FLOAT96_CENTERED,,0.4989221952158275,0.4989221952158275,-0.0008020734049535535,-0.043602840598190355,0.7351826259966892,0.8026075903957709,-0.499724268620781,0.499724268620781
gpt4_2655b836,HAMMING,SIGN96_CENTERED,,38.5,38.5,48.008639308855294,48.0,33.0,31.0,9.508639308855294,
gpt4_2655b836,HAMMING,ITQ96_CENTERED,101.0,20.5,20.5,47.97840172786177,49.0,16.0,17.0,27.478401727861772,
gpt4_2655b836,HAMMING,ITQ96_CENTERED,202.0,17.0,17.0,47.91360691144708,49.0,12.0,13.0,30.913606911447083,
gpt4_2655b836,HAMMING,ITQ96_CENTERED,303.0,19.0,19.0,48.30669546436285,49.0,17.0,17.0,29.306695464362853,
gpt4_2655b836,HAMMING,ITQ96_CENTERED,404.0,18.5,18.5,47.98704103671706,49.0,14.0,10.0,29.48704103671706,
gpt4_2655b836,HAMMING,ITQ96_CENTERED,505.0,16.0,16.0,48.01511879049676,49.0,12.0,13.0,32.01511879049676,
gpt4_2655b836,COSINE,FLOAT96_UNCENTERED,,0.7819524975217853,0.7819524975217853,0.10293455038898994,0.0704344284631275,0.7885956807827814,0.815385130300495,-0.6790179471327954,0.6790179471327954
gpt4_2655b836,COSINE,FLOAT96_CENTERED,,0.7467678131211621,0.7467678131211621,-0.0022235337126404065,-0.039927843668223564,0.7582994580308791,0.7940517154094326,-0.7489913468338025,0.7489913468338025
gpt4_2ba83207,HAMMING,SIGN96_CENTERED,,31.5,30.5,47.78112449799197,48.0,25.0,27.0,16.281124497991968,
gpt4_2ba83207,HAMMING,ITQ96_CENTERED,101.0,24.5,26.0,48.234939759036145,49.0,19.0,21.0,23.734939759036145,
gpt4_2ba83207,HAMMING,ITQ96_CENTERED,202.0,20.5,18.5,48.204819277108435,49.0,16.0,17.0,27.704819277108435,
gpt4_2ba83207,HAMMING,ITQ96_CENTERED,303.0,23.75,22.0,48.144578313253014,49.0,18.0,17.0,24.394578313253014,
gpt4_2ba83207,HAMMING,ITQ96_CENTERED,404.0,24.25,23.5,48.03012048192771,49.0,20.0,21.0,23.78012048192771,
gpt4_2ba83207,HAMMING,ITQ96_CENTERED,505.0,26.25,24.0,47.94578313253012,48.0,22.0,21.0,21.695783132530117,
gpt4_2ba83207,COSINE,FLOAT96_UNCENTERED,,0.6487944179638645,0.6792824614540562,0.1296658412095518,0.09554220169701463,0.6944940774777932,0.7092345882888644,-0.5191285767543127,0.5191285767543127
gpt4_2ba83207,COSINE,FLOAT96_CENTERED,,0.5885951369674812,0.632973176434964,-0.003426276758492041,-0.03888005774290601,0.6391251251093333,0.6610208991356171,-0.5920214137259733,0.5920214137259733
gpt4_2c50253f,HAMMING,SIGN96_CENTERED,,29.0,29.0,48.27334465195246,48.0,22.0,28.0,19.273344651952463,
gpt4_2c50253f,HAMMING,ITQ96_CENTERED,101.0,29.0,29.0,48.207130730050935,50.0,22.0,21.0,19.207130730050935,
gpt4_2c50253f,HAMMING,ITQ96_CENTERED,202.0,27.5,27.5,47.830220713073004,49.0,21.0,17.0,20.330220713073004,
gpt4_2c50253f,HAMMING,ITQ96_CENTERED,303.0,26.5,26.5,48.28183361629881,50.0,20.0,11.0,21.78183361629881,
gpt4_2c50253f,HAMMING,ITQ96_CENTERED,404.0,29.5,29.5,47.884550084889646,49.0,22.0,21.0,18.384550084889646,
gpt4_2c50253f,HAMMING,ITQ96_CENTERED,505.0,31.5,31.5,48.06960950764007,49.0,26.0,23.0,16.569609507640067,
gpt4_2c50253f,COSINE,FLOAT96_UNCENTERED,,0.6146945923287741,0.6146945923287741,0.1258138564985036,0.08159582379657576,0.7555852365957674,0.7205342740210197,-0.4888807358302705,0.4888807358302705
gpt4_2c50253f,COSINE,FLOAT96_CENTERED,,0.5337161461011942,0.5337161461011942,0.00034552717430854935,-0.051501591525523735,0.7046474163787251,0.674225081524709,-0.5333706189268856,0.5333706189268856
gpt4_2d58bcd6,HAMMING,SIGN96_CENTERED,,19.5,19.5,47.804573804573806,48.0,18.0,17.0,28.304573804573806,
gpt4_2d58bcd6,HAMMING,ITQ96_CENTERED,101.0,11.0,11.0,48.187110187110186,49.0,10.0,11.0,37.187110187110186,
gpt4_2d58bcd6,HAMMING,ITQ96_CENTERED,202.0,10.0,10.0,48.018711018711016,49.0,10.0,10.0,38.018711018711016,
gpt4_2d58bcd6,HAMMING,ITQ96_CENTERED,303.0,11.5,11.5,47.9022869022869,49.0,10.0,10.0,36.4022869022869,
gpt4_2d58bcd6,HAMMING,ITQ96_CENTERED,404.0,11.5,11.5,48.46985446985447,50.0,11.0,10.0,36.96985446985447,
gpt4_2d58bcd6,HAMMING,ITQ96_CENTERED,505.0,10.0,10.0,48.00623700623701,49.0,9.0,8.0,38.00623700623701,
gpt4_2d58bcd6,COSINE,FLOAT96_UNCENTERED,,0.8547736539283257,0.8547736539283257,0.07483781373696236,0.03188241586525753,0.867900410459105,0.8743962752571006,-0.7799358401913634,0.7799358401913634
gpt4_2d58bcd6,COSINE,FLOAT96_CENTERED,,0.8436372627497715,0.8436372627497715,-0.0029896136526415596,-0.04126045129349814,0.8600577427884125,0.864426198023287,-0.8466268764024131,0.8466268764024131
gpt4_2f56ae70,HAMMING,SIGN96_CENTERED,,39.333333333333336,38.0,47.51428571428571,47.0,38.0,33.0,8.180952380952377,
gpt4_2f56ae70,HAMMING,ITQ96_CENTERED,101.0,41.666666666666664,40.0,48.41538461538462,50.0,37.0,29.0,6.748717948717953,
gpt4_2f56ae70,HAMMING,ITQ96_CENTERED,202.0,41.0,38.0,48.35164835164835,49.0,38.0,28.0,7.35164835164835,
gpt4_2f56ae70,HAMMING,ITQ96_CENTERED,303.0,36.666666666666664,36.0,48.081318681318685,49.0,35.0,28.0,11.41465201465202,
gpt4_2f56ae70,HAMMING,ITQ96_CENTERED,404.0,37.0,37.0,47.91208791208791,49.0,36.0,30.0,10.912087912087912,
gpt4_2f56ae70,HAMMING,ITQ96_CENTERED,505.0,39.333333333333336,40.0,48.17362637362638,48.0,38.0,31.0,8.84029304029304,
gpt4_2f56ae70,COSINE,FLOAT96_UNCENTERED,,0.4144975610326875,0.3875835973381343,0.16004792206999097,0.130579770849472,0.4727157584185339,0.5945016024473664,-0.2544496389626965,0.2544496389626965
gpt4_2f56ae70,COSINE,FLOAT96_CENTERED,,0.3015935599756816,0.273117810984375,-0.0005483611550919426,-0.03643829964302095,0.37168166465592084,0.4842559139856324,-0.30214192113077354,0.30214192113077354
gpt4_2f584639,HAMMING,SIGN96_CENTERED,,35.0,35.0,47.62978723404255,47.0,34.0,29.0,12.629787234042553,
gpt4_2f584639,HAMMING,ITQ96_CENTERED,101.0,18.5,18.5,48.219148936170214,49.0,15.0,11.0,29.719148936170214,
gpt4_2f584639,HAMMING,ITQ96_CENTERED,202.0,17.5,17.5,48.268085106382976,49.0,13.0,11.0,30.768085106382976,
gpt4_2f584639,HAMMING,ITQ96_CENTERED,303.0,17.5,17.5,47.97659574468085,49.0,15.0,12.0,30.47659574468085,
gpt4_2f584639,HAMMING,ITQ96_CENTERED,404.0,20.5,20.5,47.94042553191489,49.0,16.0,10.0,27.44042553191489,
gpt4_2f584639,HAMMING,ITQ96_CENTERED,505.0,16.0,16.0,47.93829787234043,49.0,16.0,12.0,31.938297872340428,
gpt4_2f584639,COSINE,FLOAT96_UNCENTERED,,0.7664522644842655,0.7664522644842655,0.06414890650865625,0.02416048113404659,0.8088082648065008,0.8601280300599172,-0.7023033579756093,0.7023033579756093
gpt4_2f584639,COSINE,FLOAT96_CENTERED,,0.7503373927620481,0.7503373927620481,-0.0034485376731881383,-0.03854191109855402,0.7935422925211546,0.8502651892755283,-0.7537859304352362,0.7537859304352362
gpt4_2f8be40d,HAMMING,SIGN96_CENTERED,,35.333333333333336,37.0,48.14861995753716,49.0,30.0,29.0,12.815286624203821,
gpt4_2f8be40d,HAMMING,ITQ96_CENTERED,101.0,38.0,37.0,48.197452229299365,49.0,34.0,26.0,10.197452229299365,
gpt4_2f8be40d,HAMMING,ITQ96_CENTERED,202.0,27.666666666666668,28.0,47.747346072186836,49.0,26.0,24.0,20.08067940552017,
gpt4_2f8be40d,HAMMING,ITQ96_CENTERED,303.0,31.0,31.0,48.246284501061574,50.0,30.0,28.0,17.246284501061574,
gpt4_2f8be40d,HAMMING,ITQ96_CENTERED,404.0,31.666666666666668,30.0,47.84501061571125,49.0,29.0,26.0,16.178343949044585,
gpt4_2f8be40d,HAMMING,ITQ96_CENTERED,505.0,33.333333333333336,32.0,48.19532908704883,50.0,32.0,27.0,14.861995753715497,
gpt4_2f8be40d,COSINE,FLOAT96_UNCENTERED,,0.5117043430037294,0.48552786227001266,0.11641739994248416,0.05802928666371002,0.5743672810472057,0.6178974870306377,-0.3952869430612452,0.3952869430612452
gpt4_2f8be40d,COSINE,FLOAT96_CENTERED,,0.42978827427768024,0.40168527478451566,-0.0015084162732416906,-0.05597102198236663,0.5026725906164748,0.5581932231261754,-0.4312966905509219,0.4312966905509219
gpt4_2f91af09,HAMMING,SIGN96_CENTERED,,30.0,32.0,47.169921875,47.5,21.0,25.0,17.169921875,
gpt4_2f91af09,HAMMING,ITQ96_CENTERED,101.0,20.666666666666668,23.0,47.861328125,49.0,10.0,8.0,27.194661458333332,
gpt4_2f91af09,HAMMING,ITQ96_CENTERED,202.0,24.0,30.0,48.236328125,49.0,12.0,10.0,24.236328125,
gpt4_2f91af09,HAMMING,ITQ96_CENTERED,303.0,24.333333333333332,27.0,48.3125,50.0,15.0,10.0,23.979166666666668,
gpt4_2f91af09,HAMMING,ITQ96_CENTERED,404.0,19.666666666666668,22.0,48.189453125,49.0,9.0,8.0,28.522786458333332,
gpt4_2f91af09,HAMMING,ITQ96_CENTERED,505.0,22.666666666666668,28.0,48.36328125,49.0,9.0,9.0,25.696614583333332,
gpt4_2f91af09,COSINE,FLOAT96_UNCENTERED,,0.6962875433649982,0.6200812913477538,0.1026690601806011,0.06214095375763264,0.8564501304426142,0.8680377457618704,-0.5936184831843971,0.5936184831843971
gpt4_2f91af09,COSINE,FLOAT96_CENTERED,,0.6541258059080164,0.5628278110989242,-0.002414726579641755,-0.044613772236332706,0.8369244574839844,0.8523521705948571,-0.6565405324876581,0.6565405324876581
gpt4_31ff4165,HAMMING,SIGN96_CENTERED,,48.166666666666664,51.5,48.03991130820399,48.0,29.0,16.0,-0.12675535846267394,
gpt4_31ff4165,HAMMING,ITQ96_CENTERED,101.0,40.833333333333336,41.0,47.99778270509978,49.0,27.0,18.0,7.164449371766445,
gpt4_31ff4165,HAMMING,ITQ96_CENTERED,202.0,40.5,39.0,48.208425720620845,49.0,29.0,19.0,7.708425720620845,
gpt4_31ff4165,HAMMING,ITQ96_CENTERED,303.0,39.0,39.5,48.330376940133036,49.0,20.0,15.0,9.330376940133036,
gpt4_31ff4165,HAMMING,ITQ96_CENTERED,404.0,38.5,41.5,48.16629711751663,49.0,23.0,17.0,9.666297117516628,
gpt4_31ff4165,HAMMING,ITQ96_CENTERED,505.0,42.5,45.0,48.38359201773836,49.0,27.0,16.0,5.8835920177383585,
gpt4_31ff4165,COSINE,FLOAT96_UNCENTERED,,0.347439625051716,0.3570870038552668,0.13584304934332891,0.11400565407150123,0.6846517679654944,0.8031487952499394,-0.21159657570838708,0.21159657570838708
gpt4_31ff4165,COSINE,FLOAT96_CENTERED,,0.24638820689610366,0.2593002262517313,-0.00160580044110297,-0.02738616795509488,0.6259292760726546,0.7615690750659565,-0.24799400733720664,0.24799400733720664
gpt4_372c3eed,HAMMING,SIGN96_CENTERED,,33.0,34.0,47.989177489177486,48.0,23.0,31.0,14.989177489177486,
gpt4_372c3eed,HAMMING,ITQ96_CENTERED,101.0,24.333333333333332,24.0,47.900432900432904,49.0,21.0,19.0,23.56709956709957,
gpt4_372c3eed,HAMMING,ITQ96_CENTERED,202.0,23.666666666666668,22.0,48.103896103896105,49.0,15.0,19.0,24.437229437229437,
gpt4_372c3eed,HAMMING,ITQ96_CENTERED,303.0,24.333333333333332,23.0,48.37662337662338,49.0,20.0,21.0,24.043290043290046,
gpt4_372c3eed,HAMMING,ITQ96_CENTERED,404.0,22.0,17.0,48.246753246753244,49.0,16.0,19.0,26.246753246753244,
gpt4_372c3eed,HAMMING,ITQ96_CENTERED,505.0,28.333333333333332,25.0,48.06060606060606,49.0,23.0,21.0,19.72727272727273,
gpt4_372c3eed,COSINE,FLOAT96_UNCENTERED,,0.6115924393682559,0.6624251615385928,0.12866053819349596,0.0967551482766053,0.7385766773691518,0.6838388686934196,-0.4829319011747599,0.4829319011747599
gpt4_372c3eed,COSINE,FLOAT96_CENTERED,,0.5557484035661554,0.603544546960275,-0.00299505321196819,-0.036262814365317614,0.6995302764360041,0.6432755022767713,-0.5587434567781235,0.5587434567781235
gpt4_385a5000,HAMMING,SIGN96_CENTERED,,25.5,25.5,48.30142566191446,48.0,24.0,29.0,22.801425661914458,
gpt4_385a5000,HAMMING,ITQ96_CENTERED,101.0,12.0,12.0,47.775967413441954,49.0,11.0,12.0,35.775967413441954,
gpt4_385a5000,HAMMING,ITQ96_CENTERED,202.0,11.5,11.5,47.9979633401222,50.0,11.0,11.0,36.4979633401222,
gpt4_385a5000,HAMMING,ITQ96_CENTERED,303.0,18.5,18.5,48.29531568228106,50.0,18.0,16.0,29.795315682281057,
gpt4_385a5000,HAMMING,ITQ96_CENTERED,404.0,10.0,10.0,48.06720977596741,50.0,10.0,7.0,38.06720977596741,
gpt4_385a5000,HAMMING,ITQ96_CENTERED,505.0,17.0,17.0,48.122199592668025,49.0,14.0,15.0,31.122199592668025,
gpt4_385a5000,COSINE,FLOAT96_UNCENTERED,,0.8096832404890564,0.8096832404890564,0.08231895800997961,0.03211627350098299,0.8350978001575643,0.790607468885456,-0.7273642824790768,0.7273642824790768
gpt4_385a5000,COSINE,FLOAT96_CENTERED,,0.7926086097585374,0.7926086097585374,-0.002455158388114666,-0.04826497271211108,0.8194355749208745,0.7695354023067659,-0.7950637681466521,0.7950637681466521
gpt4_45189cb4,HAMMING,SIGN96_CENTERED,,39.0,39.0,47.68473895582329,48.0,38.0,34.0,8.684738955823292,
gpt4_45189cb4,HAMMING,ITQ96_CENTERED,101.0,36.333333333333336,34.0,48.070281124497996,49.0,33.0,25.0,11.73694779116466,
gpt4_45189cb4,HAMMING,ITQ96_CENTERED,202.0,34.666666666666664,33.0,47.53815261044177,49.0,31.0,26.0,12.871485943775106,
gpt4_45189cb4,HAMMING,ITQ96_CENTERED,303.0,35.333333333333336,33.0,47.833333333333336,49.0,32.0,27.0,12.5,
gpt4_45189cb4,HAMMING,ITQ96_CENTERED,404.0,34.333333333333336,34.0,48.27510040160642,50.0,26.0,25.0,13.941767068273087,
gpt4_45189cb4,HAMMING,ITQ96_CENTERED,505.0,31.333333333333332,30.0,48.126506024096386,49.0,23.0,20.0,16.793172690763054,
gpt4_45189cb4,COSINE,FLOAT96_UNCENTERED,,0.4115061960102322,0.4758438164357848,0.10254676460184495,0.05785592133440576,0.5259902169528563,0.6340915955591202,-0.3089594314083872,0.3089594314083872
gpt4_45189cb4,COSINE,FLOAT96_CENTERED,,0.34365833539068485,0.42564105103172983,-0.001863586403229264,-0.04986987599490428,0.47212128842537787,0.59181754850135,-0.3455219217939141,0.3455219217939141
gpt4_468eb063,HAMMING,SIGN96_CENTERED,,32.0,32.0,47.66197183098591,47.0,32.0,32.0,15.661971830985912,
gpt4_468eb063,HAMMING,ITQ96_CENTERED,101.0,39.0,39.0,48.08450704225352,49.0,39.0,19.0,9.08450704225352,
gpt4_468eb063,HAMMING,ITQ96_CENTERED,202.0,38.0,38.0,48.04024144869215,49.0,38.0,19.0,10.04024144869215,
gpt4_468eb063,HAMMING,ITQ96_CENTERED,303.0,40.0,40.0,48.01609657947686,49.0,40.0,20.0,8.016096579476859,
gpt4_468eb063,HAMMING,ITQ96_CENTERED,404.0,41.0,41.0,48.15090543259557,49.0,41.0,22.0,7.150905432595572,
gpt4_468eb063,HAMMING,ITQ96_CENTERED,505.0,36.0,36.0,47.899396378269614,49.0,36.0,20.0,11.899396378269614,
gpt4_468eb063,COSINE,FLOAT96_UNCENTERED,,0.3680435602663429,0.3680435602663429,0.08513319315775283,0.0580361427418375,0.3680435602663429,0.6737914108974178,-0.2829103671085901,0.2829103671085901
gpt4_468eb063,COSINE,FLOAT96_CENTERED,,0.2720210070020922,0.2720210070020922,-0.0008120566311178739,-0.027316513022102647,0.2720210070020922,0.6644391625568973,-0.2728330636332101,0.2728330636332101
gpt4_468eb064,HAMMING,SIGN96_CENTERED,,43.0,43.0,48.04357298474945,48.0,43.0,20.0,5.043572984749453,
gpt4_468eb064,HAMMING,ITQ96_CENTERED,101.0,47.0,47.0,47.832244008714596,49.0,47.0,12.0,0.8322440087145964,
gpt4_468eb064,HAMMING,ITQ96_CENTERED,202.0,51.0,51.0,47.83660130718954,49.0,51.0,18.0,-3.1633986928104605,
gpt4_468eb064,HAMMING,ITQ96_CENTERED,303.0,53.0,53.0,48.35294117647059,49.0,53.0,18.0,-4.647058823529413,
gpt4_468eb064,HAMMING,ITQ96_CENTERED,404.0,44.0,44.0,47.88453159041394,49.0,44.0,14.0,3.8845315904139426,
gpt4_468eb064,HAMMING,ITQ96_CENTERED,505.0,49.0,49.0,48.0,49.0,49.0,13.0,-1.0,
gpt4_468eb064,COSINE,FLOAT96_UNCENTERED,,0.12788274907979857,0.12788274907979857,0.08338661432042337,0.053331126495068666,0.12788274907979857,0.7889075712057478,-0.04449613475937521,0.04449613475937521
gpt4_468eb064,COSINE,FLOAT96_CENTERED,,0.009951995485629738,0.009951995485629738,-0.0007210666583765316,-0.03212669472235762,0.009951995485629738,0.7771510493237622,-0.01067306214400627,0.01067306214400627
gpt4_483dd43c,HAMMING,SIGN96_CENTERED,,24.5,24.5,47.54150943396226,48.0,22.0,26.0,23.04150943396226,
gpt4_483dd43c,HAMMING,ITQ96_CENTERED,101.0,11.0,11.0,47.9377358490566,49.0,9.0,16.0,36.9377358490566,
gpt4_483dd43c,HAMMING,ITQ96_CENTERED,202.0,12.0,12.0,48.03962264150943,49.0,7.0,14.0,36.03962264150943,
gpt4_483dd43c,HAMMING,ITQ96_CENTERED,303.0,10.5,10.5,48.0433962264151,49.0,10.0,15.0,37.5433962264151,
gpt4_483dd43c,HAMMING,ITQ96_CENTERED,404.0,8.5,8.5,47.85471698113208,49.0,5.0,12.0,39.35471698113208,
gpt4_483dd43c,HAMMING,ITQ96_CENTERED,505.0,10.0,10.0,48.00754716981132,49.0,8.0,10.0,38.00754716981132,
gpt4_483dd43c,COSINE,FLOAT96_UNCENTERED,,0.876447667049358,0.876447667049358,0.08910644217005557,0.05170123844903181,0.9052909687341277,0.791059791939039,-0.7873412248793024,0.7873412248793024
gpt4_483dd43c,COSINE,FLOAT96_CENTERED,,0.8636483353319009,0.8636483353319009,-0.0027616190601308706,-0.03593796507489355,0.895791024321427,0.767278226595408,-0.8664099543920317,0.8664099543920317
gpt4_4929293a,HAMMING,SIGN96_CENTERED,,24.0,24.0,48.15702479338843,48.0,23.0,18.0,24.15702479338843,
gpt4_4929293a,HAMMING,ITQ96_CENTERED,101.0,12.0,12.0,48.02892561983471,49.0,11.0,12.0,36.02892561983471,
gpt4_4929293a,HAMMING,ITQ96_CENTERED,202.0,13.0,13.0,47.925619834710744,49.0,9.0,12.0,34.925619834710744,
gpt4_4929293a,HAMMING,ITQ96_CENTERED,303.0,12.5,12.5,47.997933884297524,49.0,12.0,11.0,35.497933884297524,
gpt4_4929293a,HAMMING,ITQ96_CENTERED,404.0,12.0,12.0,48.260330578512395,49.0,7.0,11.0,36.260330578512395,
gpt4_4929293a,HAMMING,ITQ96_CENTERED,505.0,12.0,12.0,47.91942148760331,49.0,10.0,11.0,35.91942148760331,
gpt4_4929293a,COSINE,FLOAT96_UNCENTERED,,0.8579166264306735,0.8579166264306735,0.060100980091209,0.025335692543430433,0.8724560007307384,0.8415866659025921,-0.7978156463394644,0.7978156463394644
gpt4_4929293a,COSINE,FLOAT96_CENTERED,,0.8499118966752082,0.8499118966752082,-0.0031164246717470916,-0.03435697407953037,0.8652695177074596,0.8319272388259593,-0.8530283213469553,0.8530283213469553
gpt4_4929293b,HAMMING,SIGN96_CENTERED,,51.0,51.0,48.14957264957265,48.0,51.0,35.0,-2.8504273504273527,
gpt4_4929293b,HAMMING,ITQ96_CENTERED,101.0,52.0,52.0,47.86538461538461,48.0,52.0,20.0,-4.134615384615387,
gpt4_4929293b,HAMMING,ITQ96_CENTERED,202.0,50.0,50.0,47.93589743589744,49.0,50.0,19.0,-2.064102564102562,
gpt4_4929293b,HAMMING,ITQ96_CENTERED,303.0,51.0,51.0,48.05769230769231,49.0,51.0,21.0,-2.9423076923076934,
gpt4_4929293b,HAMMING,ITQ96_CENTERED,404.0,48.0,48.0,47.876068376068375,49.0,48.0,25.0,-0.12393162393162527,
gpt4_4929293b,HAMMING,ITQ96_CENTERED,505.0,52.0,52.0,48.1474358974359,49.0,52.0,20.0,-3.852564102564102,
gpt4_4929293b,COSINE,FLOAT96_UNCENTERED,,0.03483675358902688,0.03483675358902688,0.14833619674320953,0.11250216654287908,0.03483675358902688,0.6979405253435216,0.11349944315418264,-0.11349944315418264
gpt4_4929293b,COSINE,FLOAT96_CENTERED,,-0.14808434634328865,-0.14808434634328865,0.0012306731439314187,-0.04067624015179559,-0.14808434634328865,0.651125875850687,0.14931501948722006,-0.14931501948722006
gpt4_4cd9eba1,HAMMING,SIGN96_CENTERED,,22.0,22.0,47.502008032128515,48.0,19.0,25.0,25.502008032128515,
gpt4_4cd9eba1,HAMMING,ITQ96_CENTERED,101.0,19.5,19.5,48.10441767068273,49.0,17.0,17.0,28.60441767068273,
gpt4_4cd9eba1,HAMMING,ITQ96_CENTERED,202.0,19.5,19.5,48.01204819277108,49.0,19.0,17.0,28.512048192771083,
gpt4_4cd9eba1,HAMMING,ITQ96_CENTERED,303.0,23.0,23.0,48.23293172690763,50.0,19.0,19.0,25.23293172690763,
gpt4_4cd9eba1,HAMMING,ITQ96_CENTERED,404.0,17.0,17.0,47.92570281124498,49.0,14.0,19.0,30.92570281124498,
gpt4_4cd9eba1,HAMMING,ITQ96_CENTERED,505.0,21.0,21.0,48.110441767068274,49.0,17.0,22.0,27.110441767068274,
gpt4_4cd9eba1,COSINE,FLOAT96_UNCENTERED,,0.7834621187048616,0.7834621187048616,0.11852318473372195,0.07912179378784948,0.8369428436822326,0.7646506559695592,-0.6649389339711397,0.6649389339711397
gpt4_4cd9eba1,COSINE,FLOAT96_CENTERED,,0.7459264292371174,0.7459264292371174,-0.0009588286791826637,-0.05073136881861161,0.8053296258811232,0.7143834591370523,-0.7468852579163,0.7468852579163
gpt4_4edbafa2,HAMMING,SIGN96_CENTERED,,25.5,25.5,48.3231441048035,48.0,22.0,34.0,22.823144104803497,
gpt4_4edbafa2,HAMMING,ITQ96_CENTERED,101.0,19.0,19.0,47.89737991266376,48.0,17.0,18.0,28.89737991266376,
gpt4_4edbafa2,HAMMING,ITQ96_CENTERED,202.0,15.5,15.5,47.84061135371179,49.0,14.0,18.0,32.34061135371179,
gpt4_4edbafa2,HAMMING,ITQ96_CENTERED,303.0,14.5,14.5,48.02401746724891,49.0,14.0,18.0,33.52401746724891,
gpt4_4edbafa2,HAMMING,ITQ96_CENTERED,404.0,16.5,16.5,48.28384279475983,50.0,16.0,17.0,31.783842794759828,
gpt4_4edbafa2,HAMMING,ITQ96_CENTERED,505.0,18.0,18.0,48.25982532751092,49.0,18.0,17.0,30.259825327510917,
gpt4_4edbafa2,COSINE,FLOAT96_UNCENTERED,,0.7737144106732531,0.7737144106732531,0.08121548796347462,0.04507669412164128,0.7835438234208185,0.7141744152649955,-0.6924989227097784,0.6924989227097784
gpt4_4edbafa2,COSINE,FLOAT96_CENTERED,,0.7529818632967913,0.7529818632967913,-0.0036034774439711627,-0.036319007402432164,0.7640390484129296,0.6892503580197621,-0.7565853407407624,0.7565853407407624
gpt4_4ef30696,HAMMING,SIGN96_CENTERED,,26.5,26.5,48.19305019305019,48.0,19.0,21.0,21.69305019305019,
gpt4_4ef30696,HAMMING,ITQ96_CENTERED,101.0,24.0,24.0,48.33783783783784,49.0,17.0,20.0,24.33783783783784,
gpt4_4ef30696,HAMMING,ITQ96_CENTERED,202.0,30.0,30.0,47.87258687258687,49.0,22.0,21.0,17.872586872586872,
gpt4_4ef30696,HAMMING,ITQ96_CENTERED,303.0,26.5,26.5,47.88996138996139,49.0,18.0,25.0,21.389961389961393,
gpt4_4ef30696,HAMMING,ITQ96_CENTERED,404.0,24.5,24.5,48.26640926640927,49.0,19.0,25.0,23.76640926640927,
gpt4_4ef30696,HAMMING,ITQ96_CENTERED,505.0,28.0,28.0,47.91698841698842,49.0,19.0,23.0,19.916988416988417,
gpt4_4ef30696,COSINE,FLOAT96_UNCENTERED,,0.6621746522340146,0.6621746522340146,0.12906058791495809,0.10154186390672837,0.7626945395033273,0.7141837606785298,-0.5331140643190565,0.5331140643190565
gpt4_4ef30696,COSINE,FLOAT96_CENTERED,,0.5901230411784488,0.5901230411784488,-0.0007677982233560395,-0.039946082981174365,0.7160191154822318,0.6625803785717074,-0.5908908394018049,0.5908908394018049
gpt4_4fc4f797,HAMMING,SIGN96_CENTERED,,14.5,14.5,48.09787234042553,48.0,9.0,17.0,33.59787234042553,
gpt4_4fc4f797,HAMMING,ITQ96_CENTERED,101.0,7.5,7.5,48.212765957446805,49.0,4.0,2.0,40.712765957446805,
gpt4_4fc4f797,HAMMING,ITQ96_CENTERED,202.0,8.5,8.5,48.1063829787234,49.0,4.0,5.0,39.6063829787234,
gpt4_4fc4f797,HAMMING,ITQ96_CENTERED,303.0,6.5,6.5,48.268085106382976,49.0,4.0,3.0,41.768085106382976,
gpt4_4fc4f797,HAMMING,ITQ96_CENTERED,404.0,10.5,10.5,48.00425531914894,49.0,7.0,7.0,37.50425531914894,
gpt4_4fc4f797,HAMMING,ITQ96_CENTERED,505.0,9.0,9.0,48.1063829787234,49.0,5.0,7.0,39.1063829787234,
gpt4_4fc4f797,COSINE,FLOAT96_UNCENTERED,,0.9005491559571642,0.9005491559571642,0.07148144821451759,0.04542580827856437,0.9415374273460805,0.928540278381925,-0.8290677077426466,0.8290677077426466
gpt4_4fc4f797,COSINE,FLOAT96_CENTERED,,0.8940594762764849,0.8940594762764849,-0.004108926960681665,-0.026572333458830186,0.9382941086687021,0.9245437258954258,-0.8981684032371665,0.8981684032371665
gpt4_5438fa52,HAMMING,SIGN96_CENTERED,,37.5,37.5,47.99608610567515,48.0,35.0,30.0,10.496086105675147,
gpt4_5438fa52,HAMMING,ITQ96_CENTERED,101.0,31.0,31.0,47.86692759295499,49.0,26.0,27.0,16.866927592954987,
gpt4_5438fa52,HAMMING,ITQ96_CENTERED,202.0,36.5,36.5,47.90802348336595,49.0,36.0,26.0,11.408023483365952,
gpt4_5438fa52,HAMMING,ITQ96_CENTERED,303.0,29.0,29.0,48.13111545988259,49.0,27.0,26.0,19.131115459882587,
gpt4_5438fa52,HAMMING,ITQ96_CENTERED,404.0,32.0,32.0,48.11545988258317,49.0,30.0,27.0,16.115459882583167,
gpt4_5438fa52,HAMMING,ITQ96_CENTERED,505.0,34.0,34.0,47.75342465753425,49.0,28.0,25.0,13.753424657534246,
gpt4_5438fa52,COSINE,FLOAT96_UNCENTERED,,0.5401260595128949,0.5401260595128949,0.13776119047095278,0.10145229528524764,0.6145596026127083,0.6127474250935874,-0.40236486904194213,0.40236486904194213
gpt4_5438fa52,COSINE,FLOAT96_CENTERED,,0.4653671108613765,0.4653671108613765,-0.0005007217264450048,-0.03830795517576088,0.5567958269920691,0.5509957395280776,-0.4658678325878215,0.4658678325878215
gpt4_5501fe77,HAMMING,SIGN96_CENTERED,,26.333333333333332,26.0,48.58674463937622,49.0,22.0,27.0,22.25341130604289,
gpt4_5501fe77,HAMMING,ITQ96_CENTERED,101.0,24.0,25.0,47.91228070175438,50.0,20.0,12.0,23.912280701754383,
gpt4_5501fe77,HAMMING,ITQ96_CENTERED,202.0,25.0,29.0,48.01559454191033,49.0,16.0,20.0,23.015594541910332,
gpt4_5501fe77,HAMMING,ITQ96_CENTERED,303.0,25.333333333333332,26.0,48.01364522417154,50.0,23.0,18.0,22.680311890838208,
gpt4_5501fe77,HAMMING,ITQ96_CENTERED,404.0,25.666666666666668,26.0,47.89863547758284,49.0,23.0,21.0,22.231968810916175,
gpt4_5501fe77,HAMMING,ITQ96_CENTERED,505.0,25.333333333333332,25.0,47.865497076023395,50.0,22.0,19.0,22.532163742690063,
gpt4_5501fe77,COSINE,FLOAT96_UNCENTERED,,0.6590919020851865,0.6200399064858473,0.11633820535727733,0.05536546959407702,0.7499207386892478,0.8128158249505185,-0.5427536967279092,0.5427536967279092
gpt4_5501fe77,COSINE,FLOAT96_CENTERED,,0.6041988811842035,0.5704274424733428,-0.0006087548168341458,-0.061529168106619396,0.7035339435414834,0.7771132095707792,-0.6048076360010377,0.6048076360010377
gpt4_59149c77,HAMMING,SIGN96_CENTERED,,29.0,29.0,47.57676348547718,48.0,27.0,27.0,18.57676348547718,
gpt4_59149c77,HAMMING,ITQ96_CENTERED,101.0,24.0,24.0,48.42323651452282,50.0,20.0,19.0,24.42323651452282,
gpt4_59149c77,HAMMING,ITQ96_CENTERED,202.0,22.5,22.5,47.84647302904564,49.0,21.0,15.0,25.34647302904564,
gpt4_59149c77,HAMMING,ITQ96_CENTERED,303.0,24.5,24.5,48.031120331950206,50.0,24.0,17.0,23.531120331950206,
gpt4_59149c77,HAMMING,ITQ96_CENTERED,404.0,25.0,25.0,48.060165975103736,49.0,20.0,13.0,23.060165975103736,
gpt4_59149c77,HAMMING,ITQ96_CENTERED,505.0,25.0,25.0,47.91078838174274,49.0,24.0,15.0,22.91078838174274,
gpt4_59149c77,COSINE,FLOAT96_UNCENTERED,,0.6985507855563177,0.6985507855563177,0.07678407201003427,0.04216132832755708,0.7082753179087118,0.7839568734780227,-0.6217667135462834,0.6217667135462834
gpt4_59149c77,COSINE,FLOAT96_CENTERED,,0.6737563174244912,0.6737563174244912,-0.002577967778135664,-0.0342706420050984,0.679018049583431,0.7612046125568978,-0.6763342852026268,0.6763342852026268
gpt4_59149c78,HAMMING,SIGN96_CENTERED,,49.0,49.0,48.45967741935484,49.0,49.0,32.0,-0.5403225806451601,
gpt4_59149c78,HAMMING,ITQ96_CENTERED,101.0,39.0,39.0,48.153225806451616,49.0,39.0,18.0,9.153225806451616,
gpt4_59149c78,HAMMING,ITQ96_CENTERED,202.0,35.0,35.0,47.98790322580645,49.0,35.0,14.0,12.987903225806448,
gpt4_59149c78,HAMMING,ITQ96_CENTERED,303.0,33.0,33.0,48.19959677419355,49.0,33.0,16.0,15.199596774193552,
gpt4_59149c78,HAMMING,ITQ96_CENTERED,404.0,36.0,36.0,48.01008064516129,49.0,36.0,16.0,12.010080645161288,
gpt4_59149c78,HAMMING,ITQ96_CENTERED,505.0,38.0,38.0,48.08870967741935,49.0,38.0,13.0,10.088709677419352,
gpt4_59149c78,COSINE,FLOAT96_UNCENTERED,,0.4200013975025473,0.4200013975025473,0.10911871307638529,0.06552937843085585,0.4200013975025473,0.7684882062307306,-0.31088268442616196,0.31088268442616196
gpt4_59149c78,COSINE,FLOAT96_CENTERED,,0.3368934922104899,0.3368934922104899,-0.0008117998384336694,-0.04016017353891083,0.3368934922104899,0.7380705902478101,-0.3377052920489236,0.3377052920489236
gpt4_59c863d7,HAMMING,SIGN96_CENTERED,,36.4,35.0,48.29831932773109,48.0,24.0,26.0,11.898319327731095,
gpt4_59c863d7,HAMMING,ITQ96_CENTERED,101.0,29.6,33.0,48.21218487394958,49.0,16.0,16.0,18.61218487394958,
gpt4_59c863d7,HAMMING,ITQ96_CENTERED,202.0,29.2,31.0,47.86764705882353,48.0,19.0,19.0,18.66764705882353,
gpt4_59c863d7,HAMMING,ITQ96_CENTERED,303.0,28.6,35.0,48.069327731092436,49.0,14.0,13.0,19.469327731092434,
gpt4_59c863d7,HAMMING,ITQ96_CENTERED,404.0,31.4,35.0,48.10294117647059,49.0,17.0,17.0,16.70294117647059,
gpt4_59c863d7,HAMMING,ITQ96_CENTERED,505.0,29.6,35.0,47.871848739495796,49.0,17.0,18.0,18.271848739495795,
gpt4_59c863d7,COSINE,FLOAT96_UNCENTERED,,0.5401407930772152,0.4980919304129618,0.09615111482910321,0.05513320258737639,0.7821099049161363,0.7548123419557018,-0.443989678248112,0.443989678248112
gpt4_59c863d7,COSINE,FLOAT96_CENTERED,,0.48303357807820396,0.4217940779626719,-0.0045308967954750205,-0.04940550086699137,0.7573087307019549,0.7294617417636782,-0.487564474873679,0.487564474873679
gpt4_5dcc0aab,HAMMING,SIGN96_CENTERED,,31.0,31.0,48.47802197802198,49.0,31.0,27.0,17.478021978021978,
gpt4_5dcc0aab,HAMMING,ITQ96_CENTERED,101.0,28.0,28.0,48.14835164835165,49.0,28.0,15.0,20.14835164835165,
gpt4_5dcc0aab,HAMMING,ITQ96_CENTERED,202.0,27.0,27.0,47.879120879120876,49.0,27.0,21.0,20.879120879120876,
gpt4_5dcc0aab,HAMMING,ITQ96_CENTERED,303.0,30.0,30.0,48.091575091575095,50.0,30.0,22.0,18.091575091575095,
gpt4_5dcc0aab,HAMMING,ITQ96_CENTERED,404.0,31.0,31.0,48.10622710622711,49.0,31.0,17.0,17.10622710622711,
gpt4_5dcc0aab,HAMMING,ITQ96_CENTERED,505.0,36.0,36.0,48.001831501831504,49.0,36.0,17.0,12.001831501831504,
gpt4_5dcc0aab,COSINE,FLOAT96_UNCENTERED,,0.4601975905537131,0.4601975905537131,0.0938718669971344,0.043790633250582106,0.4601975905537131,0.7052731152076245,-0.3663257235565787,0.3663257235565787
gpt4_5dcc0aab,COSINE,FLOAT96_CENTERED,,0.41660892587936416,0.41660892587936416,6.170253343129351e-05,-0.04176669840982275,0.41660892587936416,0.6680549325084506,-0.41654722334593286,0.41654722334593286
gpt4_61e13b3c,HAMMING,SIGN96_CENTERED,,25.5,25.5,47.93978494623656,48.0,21.0,29.0,22.439784946236557,
gpt4_61e13b3c,HAMMING,ITQ96_CENTERED,101.0,21.0,21.0,48.07311827956989,49.0,16.0,15.0,27.07311827956989,
gpt4_61e13b3c,HAMMING,ITQ96_CENTERED,202.0,21.5,21.5,48.04516129032258,49.0,16.0,14.0,26.545161290322582,
gpt4_61e13b3c,HAMMING,ITQ96_CENTERED,303.0,22.0,22.0,47.98924731182796,49.0,17.0,14.0,25.98924731182796,
gpt4_61e13b3c,HAMMING,ITQ96_CENTERED,404.0,21.5,21.5,47.965591397849465,49.0,12.0,15.0,26.465591397849465,
gpt4_61e13b3c,HAMMING,ITQ96_CENTERED,505.0,24.0,24.0,48.159139784946234,49.0,15.0,13.0,24.159139784946234,
gpt4_61e13b3c,COSINE,FLOAT96_UNCENTERED,,0.6935092149800139,0.6935092149800139,0.09807528471517113,0.05891782000941359,0.8259260167886863,0.8168449583395323,-0.5954339302648428,0.5954339302648428
gpt4_61e13b3c,COSINE,FLOAT96_CENTERED,,0.6563278481824988,0.6563278481824988,-0.0018594917039605268,-0.038174870349813504,0.8085061199505088,0.7881913375962671,-0.6581873398864593,0.6581873398864593
gpt4_65aabe59,HAMMING,SIGN96_CENTERED,,36.666666666666664,34.0,47.69265033407572,48.0,30.0,26.0,11.025983667409058,
gpt4_65aabe59,HAMMING,ITQ96_CENTERED,101.0,27.666666666666668,22.0,48.216035634743875,49.0,21.0,14.0,20.549368968077207,
gpt4_65aabe59,HAMMING,ITQ96_CENTERED,202.0,31.666666666666668,30.0,47.97327394209354,49.0,21.0,15.0,16.306607275426874,
gpt4_65aabe59,HAMMING,ITQ96_CENTERED,303.0,28.333333333333332,26.0,47.897550111358576,48.0,21.0,16.0,19.564216778025244,
gpt4_65aabe59,HAMMING,ITQ96_CENTERED,404.0,25.333333333333332,21.0,48.29175946547884,50.0,19.0,15.0,22.958426132145508,
gpt4_65aabe59,HAMMING,ITQ96_CENTERED,505.0,28.0,24.0,48.084632516703785,49.0,21.0,13.0,20.084632516703785,
gpt4_65aabe59,COSINE,FLOAT96_UNCENTERED,,0.6239456224223305,0.6831203489683373,0.08511146566402115,0.04672293521769785,0.7987073186913058,0.8136507925311314,-0.5388341567583094,0.5388341567583094
gpt4_65aabe59,COSINE,FLOAT96_CENTERED,,0.5813775754803868,0.6526214872369894,-0.0033282485972743,-0.04485705826490881,0.7816232087686813,0.7961341991618309,-0.5847058240776611,0.5847058240776611
gpt4_68e94287,HAMMING,SIGN96_CENTERED,,29.5,29.5,47.67484662576687,48.0,29.0,31.0,18.174846625766868,
gpt4_68e94287,HAMMING,ITQ96_CENTERED,101.0,35.0,35.0,48.32106339468303,49.0,23.0,22.0,13.32106339468303,
gpt4_68e94287,HAMMING,ITQ96_CENTERED,202.0,35.0,35.0,48.06952965235174,50.0,24.0,18.0,13.06952965235174,
gpt4_68e94287,HAMMING,ITQ96_CENTERED,303.0,36.5,36.5,47.84662576687116,49.0,29.0,18.0,11.346625766871163,
gpt4_68e94287,HAMMING,ITQ96_CENTERED,404.0,33.5,33.5,48.04907975460123,49.0,28.0,23.0,14.54907975460123,
gpt4_68e94287,HAMMING,ITQ96_CENTERED,505.0,34.5,34.5,48.00204498977505,49.0,24.0,21.0,13.502044989775051,
gpt4_68e94287,COSINE,FLOAT96_UNCENTERED,,0.45244589210943187,0.45244589210943187,0.10749283188252237,0.0632283201165269,0.6584624261928251,0.6901830436039476,-0.3449530602269095,0.3449530602269095
gpt4_68e94287,COSINE,FLOAT96_CENTERED,,0.37150292848223077,0.37150292848223077,-0.0021752049813707334,-0.05046796136813729,0.6116961702036107,0.6376082668027871,-0.3736781334636015,0.3736781334636015
gpt4_68e94288,HAMMING,SIGN96_CENTERED,,47.0,47.0,47.32096069868996,47.5,47.0,30.0,0.3209606986899587,
gpt4_68e94288,HAMMING,ITQ96_CENTERED,101.0,48.0,48.0,48.043668122270745,49.0,48.0,23.0,0.0436681222707449,
gpt4_68e94288,HAMMING,ITQ96_CENTERED,202.0,45.0,45.0,48.1528384279476,49.0,45.0,24.0,3.1528384279476,
gpt4_68e94288,HAMMING,ITQ96_CENTERED,303.0,50.0,50.0,47.95414847161572,49.0,50.0,21.0,-2.045851528384283,
gpt4_68e94288,HAMMING,ITQ96_CENTERED,404.0,45.0,45.0,48.01528384279476,49.0,45.0,20.0,3.0152838427947586,
gpt4_68e94288,HAMMING,ITQ96_CENTERED,505.0,52.0,52.0,47.88209606986899,49.0,52.0,21.0,-4.117903930131007,
gpt4_68e94288,COSINE,FLOAT96_UNCENTERED,,0.08993827061500684,0.08993827061500684,0.09738600962488862,0.05112266995282558,0.08993827061500684,0.6957109002338453,0.007447739009881785,-0.007447739009881785
gpt4_68e94288,COSINE,FLOAT96_CENTERED,,0.0036850537549298263,0.0036850537549298263,-0.0001017068472701282,-0.04804258905522815,0.0036850537549298263,0.65771301892931,-0.0037867606021999545,0.0037867606021999545
gpt4_6dc9b45b,HAMMING,SIGN96_CENTERED,,16.0,16.0,47.70744680851064,48.0,16.0,19.0,31.70744680851064,
gpt4_6dc9b45b,HAMMING,ITQ96_CENTERED,101.0,17.0,17.0,48.31737588652482,48.0,17.0,10.0,31.31737588652482,
gpt4_6dc9b45b,HAMMING,ITQ96_CENTERED,202.0,12.0,12.0,48.223404255319146,49.0,12.0,12.0,36.223404255319146,
gpt4_6dc9b45b,HAMMING,ITQ96_CENTERED,303.0,14.0,14.0,48.054964539007095,49.0,14.0,13.0,34.054964539007095,
gpt4_6dc9b45b,HAMMING,ITQ96_CENTERED,404.0,20.0,20.0,48.047872340425535,49.0,20.0,13.0,28.047872340425535,
gpt4_6dc9b45b,HAMMING,ITQ96_CENTERED,505.0,18.0,18.0,48.173758865248224,49.0,18.0,15.0,30.173758865248224,
gpt4_6dc9b45b,COSINE,FLOAT96_UNCENTERED,,0.7597958895612422,0.7597958895612422,0.06871134502467034,0.03688621348758576,0.7597958895612422,0.8298204825505858,-0.6910845445365719,0.6910845445365719
gpt4_6dc9b45b,COSINE,FLOAT96_CENTERED,,0.7490976992057023,0.7490976992057023,-0.0048775799769795,-0.010999018645154637,0.7490976992057023,0.8212249123209748,-0.7539752791826818,0.7539752791826818
gpt4_6ed717ea,HAMMING,SIGN96_CENTERED,,29.5,29.5,48.13757700205339,48.0,28.0,26.0,18.63757700205339,
gpt4_6ed717ea,HAMMING,ITQ96_CENTERED,101.0,23.0,23.0,48.24229979466119,49.0,20.0,16.0,25.242299794661193,
gpt4_6ed717ea,HAMMING,ITQ96_CENTERED,202.0,19.5,19.5,48.02258726899384,49.0,15.0,14.0,28.52258726899384,
gpt4_6ed717ea,HAMMING,ITQ96_CENTERED,303.0,21.0,21.0,48.125256673511295,49.0,18.0,16.0,27.125256673511295,
gpt4_6ed717ea,HAMMING,ITQ96_CENTERED,404.0,22.5,22.5,48.172484599589325,50.0,19.0,17.0,25.672484599589325,
gpt4_6ed717ea,HAMMING,ITQ96_CENTERED,505.0,21.0,21.0,48.08829568788501,49.0,14.0,15.0,27.088295687885008,
gpt4_6ed717ea,COSINE,FLOAT96_UNCENTERED,,0.7243875255370457,0.7243875255370457,0.0803344079358057,0.03681197204956864,0.7726447650370345,0.7765406302300881,-0.64405311760124,0.64405311760124
gpt4_6ed717ea,COSINE,FLOAT96_CENTERED,,0.7003413704081048,0.7003413704081048,-0.0025033863549690375,-0.03545187617671061,0.7588074327559224,0.7638721807681217,-0.7028447567630739,0.7028447567630739
gpt4_70e84552,HAMMING,SIGN96_CENTERED,,23.5,23.5,47.458064516129035,48.0,21.0,26.0,23.958064516129035,
gpt4_70e84552,HAMMING,ITQ96_CENTERED,101.0,12.0,12.0,48.00645161290323,49.0,9.0,16.0,36.00645161290323,
gpt4_70e84552,HAMMING,ITQ96_CENTERED,202.0,16.5,16.5,47.87741935483871,49.0,14.0,17.0,31.377419354838707,
gpt4_70e84552,HAMMING,ITQ96_CENTERED,303.0,17.0,17.0,47.97849462365591,49.0,16.0,15.0,30.978494623655912,
gpt4_70e84552,HAMMING,ITQ96_CENTERED,404.0,14.5,14.5,48.090322580645164,49.0,13.0,18.0,33.590322580645164,
gpt4_70e84552,HAMMING,ITQ96_CENTERED,505.0,16.0,16.0,47.98279569892473,49.0,14.0,15.0,31.982795698924733,
gpt4_70e84552,COSINE,FLOAT96_UNCENTERED,,0.8336952934746092,0.8336952934746092,0.09199528091473974,0.058307405598423734,0.8357993461769513,0.7855123020645687,-0.7417000125598695,0.7417000125598695
gpt4_70e84552,COSINE,FLOAT96_CENTERED,,0.8148044604953453,0.8148044604953453,-0.0023900700795950803,-0.03199479770151776,0.8150593026013866,0.7576913518594109,-0.8171945305749404,0.8171945305749404
gpt4_731e37d7,HAMMING,SIGN96_CENTERED,,47.0,47.0,47.98272552783109,48.0,44.0,27.0,0.9827255278310929,
gpt4_731e37d7,HAMMING,ITQ96_CENTERED,101.0,29.25,28.0,48.12476007677543,49.0,22.0,11.0,18.87476007677543,
gpt4_731e37d7,HAMMING,ITQ96_CENTERED,202.0,28.75,30.0,48.09980806142035,49.0,20.0,4.0,19.349808061420347,
gpt4_731e37d7,HAMMING,ITQ96_CENTERED,303.0,25.5,26.5,48.28214971209213,49.0,20.0,8.0,22.782149712092128,
gpt4_731e37d7,HAMMING,ITQ96_CENTERED,404.0,26.75,25.5,48.10556621880998,50.0,23.0,7.0,21.355566218809983,
gpt4_731e37d7,HAMMING,ITQ96_CENTERED,505.0,25.75,26.0,47.91554702495201,49.0,23.0,8.0,22.165547024952012,
gpt4_731e37d7,COSINE,FLOAT96_UNCENTERED,,0.5753828418759954,0.5592248097956887,0.08528239837477705,0.042513618313095844,0.691496214946935,0.8776703208490777,-0.4901004435012184,0.4901004435012184
gpt4_731e37d7,COSINE,FLOAT96_CENTERED,,0.5225906310070849,0.5023089622531753,-0.003218747299383425,-0.04068537040536563,0.6542940644072268,0.8646762098342131,-0.5258093783064683,0.5258093783064683
gpt4_74aed68e,HAMMING,SIGN96_CENTERED,,17.5,17.5,48.21129707112971,48.0,14.0,28.0,30.711297071129707,
gpt4_74aed68e,HAMMING,ITQ96_CENTERED,101.0,8.0,8.0,47.87866108786611,48.0,6.0,8.0,39.87866108786611,
gpt4_74aed68e,HAMMING,ITQ96_CENTERED,202.0,11.0,11.0,47.55439330543933,48.5,11.0,14.0,36.55439330543933,
gpt4_74aed68e,HAMMING,ITQ96_CENTERED,303.0,10.5,10.5,48.29497907949791,49.0,5.0,17.0,37.79497907949791,
gpt4_74aed68e,HAMMING,ITQ96_CENTERED,404.0,9.5,9.5,48.07949790794979,49.0,6.0,14.0,38.57949790794979,
gpt4_74aed68e,HAMMING,ITQ96_CENTERED,505.0,10.5,10.5,48.0,49.0,9.0,14.0,37.5,
gpt4_74aed68e,COSINE,FLOAT96_UNCENTERED,,0.8870499182296294,0.8870499182296294,0.06795177179084572,0.028564682959289663,0.9001977280964046,0.8271155017278798,-0.8190981464387836,0.8190981464387836
gpt4_74aed68e,COSINE,FLOAT96_CENTERED,,0.8792156630387851,0.8792156630387851,-0.004075391159962239,-0.036005784681611946,0.8947850461590879,0.8136842687266371,-0.8832910541987473,0.8832910541987473
gpt4_76048e76,HAMMING,SIGN96_CENTERED,,27.5,27.5,47.90208333333333,48.0,27.0,16.0,20.40208333333333,
gpt4_76048e76,HAMMING,ITQ96_CENTERED,101.0,21.0,21.0,47.98125,49.0,12.0,9.0,26.981250000000003,
gpt4_76048e76,HAMMING,ITQ96_CENTERED,202.0,21.0,21.0,48.1125,49.0,15.0,7.0,27.112499999999997,
gpt4_76048e76,HAMMING,ITQ96_CENTERED,303.0,24.0,24.0,47.979166666666664,48.0,16.0,12.0,23.979166666666664,
gpt4_76048e76,HAMMING,ITQ96_CENTERED,404.0,24.0,24.0,47.920833333333334,49.0,13.0,12.0,23.920833333333334,
gpt4_76048e76,HAMMING,ITQ96_CENTERED,505.0,25.5,25.5,48.10625,49.0,17.0,13.0,22.606250000000003,
gpt4_76048e76,COSINE,FLOAT96_UNCENTERED,,0.6888005894637794,0.6888005894637794,0.0647627206674533,0.032521774055815945,0.7595353671134086,0.8933493091681173,-0.6240378687963262,0.6240378687963262
gpt4_76048e76,COSINE,FLOAT96_CENTERED,,0.6688746812762141,0.6688746812762141,-0.004041484668477694,-0.029667026410016676,0.7455012190138698,0.8863064712926679,-0.6729161659446917,0.6729161659446917
gpt4_78cf46a3,HAMMING,SIGN96_CENTERED,,30.5,30.5,47.74950298210736,48.0,25.0,31.0,17.24950298210736,
gpt4_78cf46a3,HAMMING,ITQ96_CENTERED,101.0,20.5,20.5,48.20079522862823,49.0,12.0,14.0,27.70079522862823,
gpt4_78cf46a3,HAMMING,ITQ96_CENTERED,202.0,19.5,19.5,47.97216699801193,49.0,11.0,10.0,28.47216699801193,
gpt4_78cf46a3,HAMMING,ITQ96_CENTERED,303.0,16.5,16.5,48.184890656063615,49.0,11.0,14.0,31.684890656063615,
gpt4_78cf46a3,HAMMING,ITQ96_CENTERED,404.0,18.5,18.5,48.16699801192843,49.0,12.0,11.0,29.666998011928428,
gpt4_78cf46a3,HAMMING,ITQ96_CENTERED,505.0,21.0,21.0,48.09542743538768,49.0,19.0,16.0,27.095427435387677,
gpt4_78cf46a3,COSINE,FLOAT96_UNCENTERED,,0.7551162371818154,0.7551162371818154,0.10501547247685201,0.07015206829981399,0.8325963629788204,0.8103309288798983,-0.6501007647049634,0.6501007647049634
gpt4_78cf46a3,COSINE,FLOAT96_CENTERED,,0.7231377524355271,0.7231377524355271,-0.001455708740682162,-0.03681098200494001,0.8101490941182613,0.7844889001898435,-0.7245934611762093,0.7245934611762093
gpt4_7a0daae1,HAMMING,SIGN96_CENTERED,,22.0,22.0,48.78533094812165,49.0,22.0,31.0,26.785330948121647,
gpt4_7a0daae1,HAMMING,ITQ96_CENTERED,101.0,22.5,22.5,48.01610017889087,49.0,20.0,17.0,25.516100178890873,
gpt4_7a0daae1,HAMMING,ITQ96_CENTERED,202.0,25.0,25.0,48.16457960644007,49.0,21.0,20.0,23.16457960644007,
gpt4_7a0daae1,HAMMING,ITQ96_CENTERED,303.0,23.5,23.5,48.30590339892665,50.0,22.0,19.0,24.805903398926652,
gpt4_7a0daae1,HAMMING,ITQ96_CENTERED,404.0,23.0,23.0,48.264758497316635,49.0,22.0,14.0,25.264758497316635,
gpt4_7a0daae1,HAMMING,ITQ96_CENTERED,505.0,24.0,24.0,48.04830053667263,50.0,23.0,19.0,24.048300536672627,
gpt4_7a0daae1,COSINE,FLOAT96_UNCENTERED,,0.7440434590227885,0.7440434590227885,0.13115452850574968,0.09768083596426448,0.7657858358520155,0.8001253805247737,-0.6128889305170387,0.6128889305170387
gpt4_7a0daae1,COSINE,FLOAT96_CENTERED,,0.6957769672343632,0.6957769672343632,-0.001638311838711765,-0.04046512175377051,0.7247429744630053,0.7654790831466358,-0.697415279073075,0.697415279073075
gpt4_7abb270c,HAMMING,SIGN96_CENTERED,,45.166666666666664,47.5,48.07809110629067,48.0,31.0,24.0,2.9114244396240068,
gpt4_7abb270c,HAMMING,ITQ96_CENTERED,101.0,33.5,36.0,48.06941431670282,49.0,20.0,9.0,14.569414316702819,
gpt4_7abb270c,HAMMING,ITQ96_CENTERED,202.0,35.833333333333336,37.5,47.906724511930584,49.0,22.0,14.0,12.073391178597248,
gpt4_7abb270c,HAMMING,ITQ96_CENTERED,303.0,32.333333333333336,33.0,47.939262472885034,49.0,22.0,16.0,15.605929139551698,
gpt4_7abb270c,HAMMING,ITQ96_CENTERED,404.0,34.333333333333336,39.0,47.7765726681128,48.0,18.0,12.0,13.443239334779463,
gpt4_7abb270c,HAMMING,ITQ96_CENTERED,505.0,33.166666666666664,37.0,48.31236442516269,50.0,18.0,13.0,15.145697758496027,
gpt4_7abb270c,COSINE,FLOAT96_UNCENTERED,,0.4370836746525715,0.37570155317886195,0.11911119269993752,0.07358182970659441,0.7497452876957224,0.8269866732804974,-0.31797248195263395,0.31797248195263395
gpt4_7abb270c,COSINE,FLOAT96_CENTERED,,0.3633406108047878,0.3005867213697818,-0.0033795992518679406,-0.04599718139609163,0.7073854901936371,0.7896068165176823,-0.3667202100566557,0.3667202100566557
gpt4_7bc6cf22,HAMMING,SIGN96_CENTERED,,23.0,23.0,47.50772200772201,48.0,23.0,28.0,24.50772200772201,
gpt4_7bc6cf22,HAMMING,ITQ96_CENTERED,101.0,26.0,26.0,47.97490347490348,49.0,26.0,29.0,21.974903474903478,
gpt4_7bc6cf22,HAMMING,ITQ96_CENTERED,202.0,25.0,25.0,47.95945945945946,49.0,25.0,24.0,22.95945945945946,
gpt4_7bc6cf22,HAMMING,ITQ96_CENTERED,303.0,24.0,24.0,48.07915057915058,49.0,24.0,25.0,24.07915057915058,
gpt4_7bc6cf22,HAMMING,ITQ96_CENTERED,404.0,36.0,36.0,48.102316602316606,50.0,36.0,29.0,12.102316602316606,
gpt4_7bc6cf22,HAMMING,ITQ96_CENTERED,505.0,25.0,25.0,48.35328185328186,49.0,25.0,27.0,23.353281853281857,
gpt4_7bc6cf22,COSINE,FLOAT96_UNCENTERED,,0.7071946162692808,0.7071946162692808,0.13678517996544837,0.09908681327289517,0.7071946162692808,0.5830096719480129,-0.5704094363038325,0.5704094363038325
gpt4_7bc6cf22,COSINE,FLOAT96_CENTERED,,0.6377385002082646,0.6377385002082646,-0.00026739898833402336,-0.04640664795153488,0.6377385002082646,0.4834759304796882,-0.6380058991965987,0.6380058991965987
gpt4_7ca326fa,HAMMING,SIGN96_CENTERED,,28.333333333333332,28.0,48.45808966861598,48.0,23.0,29.0,20.12475633528265,
gpt4_7ca326fa,HAMMING,ITQ96_CENTERED,101.0,24.333333333333332,25.0,48.1578947368421,49.0,21.0,15.0,23.82456140350877,
gpt4_7ca326fa,HAMMING,ITQ96_CENTERED,202.0,25.0,26.0,47.98830409356725,49.0,21.0,13.0,22.98830409356725,
gpt4_7ca326fa,HAMMING,ITQ96_CENTERED,303.0,22.333333333333332,21.0,47.9766081871345,49.0,19.0,18.0,25.64327485380117,
gpt4_7ca326fa,HAMMING,ITQ96_CENTERED,404.0,20.666666666666668,21.0,47.98440545808967,49.0,18.0,18.0,27.317738791423,
gpt4_7ca326fa,HAMMING,ITQ96_CENTERED,505.0,25.0,27.0,48.07797270955166,49.0,19.0,19.0,23.07797270955166,
gpt4_7ca326fa,COSINE,FLOAT96_UNCENTERED,,0.6798991775041143,0.6909590044141392,0.07157811489146604,0.03173800149696952,0.706116782190098,0.7652821403946913,-0.6083210626126483,0.6083210626126483
gpt4_7ca326fa,COSINE,FLOAT96_CENTERED,,0.6498216654619837,0.6565536657813754,-0.002975720856684307,-0.0343586094394903,0.6797309215084149,0.7367780707025193,-0.652797386318668,0.652797386318668
gpt4_7ddcf75f,HAMMING,SIGN96_CENTERED,,22.0,22.0,47.67223382045929,48.0,22.0,27.0,25.67223382045929,
gpt4_7ddcf75f,HAMMING,ITQ96_CENTERED,101.0,8.0,8.0,48.29436325678497,49.0,8.0,3.0,40.29436325678497,
gpt4_7ddcf75f,HAMMING,ITQ96_CENTERED,202.0,8.0,8.0,48.356993736951985,49.0,8.0,5.0,40.356993736951985,
gpt4_7ddcf75f,HAMMING,ITQ96_CENTERED,303.0,10.0,10.0,48.373695198329855,49.0,10.0,4.0,38.373695198329855,
gpt4_7ddcf75f,HAMMING,ITQ96_CENTERED,404.0,7.0,7.0,48.10647181628392,49.0,7.0,3.0,41.10647181628392,
gpt4_7ddcf75f,HAMMING,ITQ96_CENTERED,505.0,12.0,12.0,47.78496868475992,48.0,12.0,5.0,35.78496868475992,
gpt4_7ddcf75f,COSINE,FLOAT96_UNCENTERED,,0.8974214393915338,0.8974214393915338,0.06578500110415035,0.041839555976513176,0.8974214393915338,0.9035231488904188,-0.8316364382873835,0.8316364382873835
gpt4_7ddcf75f,COSINE,FLOAT96_CENTERED,,0.8906805859594464,0.8906805859594464,-0.0023913553850014066,-0.02335525965042648,0.8906805859594464,0.8984170454015163,-0.8930719413444479,0.8930719413444479
gpt4_7de946e7,HAMMING,SIGN96_CENTERED,,32.5,32.5,47.986817325800374,48.0,26.0,19.0,15.486817325800374,
gpt4_7de946e7,HAMMING,ITQ96_CENTERED,101.0,25.5,25.5,47.77401129943503,48.0,25.0,22.0,22.27401129943503,
gpt4_7de946e7,HAMMING,ITQ96_CENTERED,202.0,26.5,26.5,47.92278719397363,49.0,26.0,22.0,21.422787193973633,
gpt4_7de946e7,HAMMING,ITQ96_CENTERED,303.0,25.5,25.5,47.94538606403013,49.0,23.0,24.0,22.44538606403013,
gpt4_7de946e7,HAMMING,ITQ96_CENTERED,404.0,27.5,27.5,47.90772128060264,49.0,27.0,22.0,20.407721280602637,
gpt4_7de946e7,HAMMING,ITQ96_CENTERED,505.0,26.5,26.5,47.92655367231639,49.0,26.0,22.0,21.426553672316388,
gpt4_7de946e7,COSINE,FLOAT96_UNCENTERED,,0.6316862936086107,0.6316862936086107,0.15821771510918362,0.12836221426575745,0.6357716682514368,0.7520762980181783,-0.47346857849942714,0.47346857849942714
gpt4_7de946e7,COSINE,FLOAT96_CENTERED,,0.5392593495925146,0.5392593495925146,0.0020760697653463226,-0.017542229768412108,0.5517411355527972,0.6863421946340218,-0.5371832798271683,0.5371832798271683
gpt4_7f6b06db,HAMMING,SIGN96_CENTERED,,41.333333333333336,40.0,47.22342342342343,47.0,40.0,30.0,5.890090090090091,
gpt4_7f6b06db,HAMMING,ITQ96_CENTERED,101.0,34.666666666666664,36.0,47.78378378378378,48.0,28.0,27.0,13.117117117117118,
gpt4_7f6b06db,HAMMING,ITQ96_CENTERED,202.0,37.666666666666664,37.0,47.88648648648649,49.0,32.0,25.0,10.219819819819826,
gpt4_7f6b06db,HAMMING,ITQ96_CENTERED,303.0,40.666666666666664,38.0,48.06846846846847,49.0,37.0,22.0,7.401801801801803,
gpt4_7f6b06db,HAMMING,ITQ96_CENTERED,404.0,39.0,38.0,47.77117117117117,48.0,33.0,25.0,8.771171171171169,
gpt4_7f6b06db,HAMMING,ITQ96_CENTERED,505.0,37.333333333333336,35.0,47.86486486486486,48.0,34.0,27.0,10.531531531531527,
gpt4_7f6b06db,COSINE,FLOAT96_UNCENTERED,,0.33690477631290766,0.3232379637532662,0.12147719131708969,0.09119430823170876,0.4819162178164942,0.5677511392409001,-0.215427584995818,0.215427584995818
gpt4_7f6b06db,COSINE,FLOAT96_CENTERED,,0.25274060870760157,0.2358514887437414,-4.095124901140237e-06,-0.03785769532087937,0.4190607880259945,0.5126018526928139,-0.2527447038325027,0.2527447038325027
gpt4_7fce9456,HAMMING,SIGN96_CENTERED,,36.0,37.0,47.85743380855397,48.0,16.0,22.0,11.85743380855397,
gpt4_7fce9456,HAMMING,ITQ96_CENTERED,101.0,33.5,37.5,47.92871690427699,49.0,9.0,9.0,14.428716904276989,
gpt4_7fce9456,HAMMING,ITQ96_CENTERED,202.0,35.0,41.5,47.96334012219959,49.0,11.0,10.0,12.96334012219959,
gpt4_7fce9456,HAMMING,ITQ96_CENTERED,303.0,33.166666666666664,38.5,48.09368635437882,49.0,7.0,7.0,14.927019687712153,
gpt4_7fce9456,HAMMING,ITQ96_CENTERED,404.0,36.833333333333336,39.0,48.057026476578415,49.0,14.0,13.0,11.223693143245079,
gpt4_7fce9456,HAMMING,ITQ96_CENTERED,505.0,35.333333333333336,41.5,48.03665987780041,49.0,10.0,10.0,12.703326544467075,
gpt4_7fce9456,COSINE,FLOAT96_UNCENTERED,,0.40991174316717566,0.36232156953269234,0.10574898422292725,0.0852716461022562,0.8509097020992482,0.8347253718342029,-0.3041627589442484,0.3041627589442484
gpt4_7fce9456,COSINE,FLOAT96_CENTERED,,0.3458802528344172,0.28661837593234707,-0.0041363449847249805,-0.028277286263430734,0.8387625529094385,0.8219344351755781,-0.3500165978191422,0.3500165978191422
gpt4_8279ba02,HAMMING,SIGN96_CENTERED,,43.0,43.0,47.86270491803279,48.0,43.0,27.0,4.86270491803279,
gpt4_8279ba02,HAMMING,ITQ96_CENTERED,101.0,29.0,29.0,48.075819672131146,49.0,29.0,25.0,19.075819672131146,
gpt4_8279ba02,HAMMING,ITQ96_CENTERED,202.0,32.0,32.0,48.22540983606557,49.0,32.0,26.0,16.225409836065573,
gpt4_8279ba02,HAMMING,ITQ96_CENTERED,303.0,30.0,30.0,48.317622950819676,49.0,30.0,24.0,18.317622950819676,
gpt4_8279ba02,HAMMING,ITQ96_CENTERED,404.0,25.0,25.0,48.10860655737705,49.0,25.0,24.0,23.10860655737705,
gpt4_8279ba02,HAMMING,ITQ96_CENTERED,505.0,28.0,28.0,47.924180327868854,49.0,28.0,23.0,19.924180327868854,
gpt4_8279ba02,COSINE,FLOAT96_UNCENTERED,,0.5327127106873824,0.5327127106873824,0.1020463996974401,0.07284574958667732,0.5327127106873824,0.5675892796761918,-0.43066631098994224,0.43066631098994224
gpt4_8279ba02,COSINE,FLOAT96_CENTERED,,0.48946628854481405,0.48946628854481405,-0.001423631684392538,-0.038710736979407634,0.48946628854481405,0.5208994574146821,-0.4908899202292066,0.4908899202292066
gpt4_8279ba03,HAMMING,SIGN96_CENTERED,,40.0,40.0,48.20440881763527,49.0,40.0,30.0,8.204408817635269,
gpt4_8279ba03,HAMMING,ITQ96_CENTERED,101.0,44.0,44.0,47.97394789579158,49.0,44.0,31.0,3.973947895791582,
gpt4_8279ba03,HAMMING,ITQ96_CENTERED,202.0,52.0,52.0,48.23246492985972,49.0,52.0,32.0,-3.7675350701402834,
gpt4_8279ba03,HAMMING,ITQ96_CENTERED,303.0,49.0,49.0,48.10821643286573,49.0,49.0,24.0,-0.8917835671342687,
gpt4_8279ba03,HAMMING,ITQ96_CENTERED,404.0,52.0,52.0,48.186372745490985,49.0,52.0,28.0,-3.813627254509015,
gpt4_8279ba03,HAMMING,ITQ96_CENTERED,505.0,49.0,49.0,47.93787575150301,49.0,49.0,29.0,-1.0621242484969926,
gpt4_8279ba03,COSINE,FLOAT96_UNCENTERED,,0.20069881292207542,0.20069881292207542,0.15320347835737244,0.12609022879002035,0.20069881292207542,0.5950812818436502,-0.04749533456470298,0.04749533456470298
gpt4_8279ba03,COSINE,FLOAT96_CENTERED,,0.024558324776422953,0.024558324776422953,0.0016792463508342463,-0.023949144279265363,0.024558324776422953,0.48947502745669463,-0.022879078425588707,0.022879078425588707
gpt4_85da3956,HAMMING,SIGN96_CENTERED,,16.0,16.0,48.08134920634921,48.0,16.0,9.0,32.08134920634921,
gpt4_85da3956,HAMMING,ITQ96_CENTERED,101.0,2.0,2.0,48.14484126984127,49.0,2.0,4.0,46.14484126984127,
gpt4_85da3956,HAMMING,ITQ96_CENTERED,202.0,2.0,2.0,48.09325396825397,49.0,2.0,3.0,46.09325396825397,
gpt4_85da3956,HAMMING,ITQ96_CENTERED,303.0,3.0,3.0,47.698412698412696,48.0,3.0,4.0,44.698412698412696,
gpt4_85da3956,HAMMING,ITQ96_CENTERED,404.0,2.0,2.0,48.111111111111114,49.0,2.0,1.0,46.111111111111114,
gpt4_85da3956,HAMMING,ITQ96_CENTERED,505.0,4.0,4.0,48.00992063492063,49.0,4.0,7.0,44.00992063492063,
gpt4_85da3956,COSINE,FLOAT96_UNCENTERED,,0.9364505421897785,0.9364505421897785,0.05976463850135623,0.03166129812585561,0.9364505421897785,0.9191212094679947,-0.8766859036884223,0.8766859036884223
gpt4_85da3956,COSINE,FLOAT96_CENTERED,,0.933538862076441,0.933538862076441,-0.0014489923970454396,-0.019590225372670047,0.933538862076441,0.9150110204501936,-0.9349878544734864,0.9349878544734864
gpt4_88806d6e,HAMMING,SIGN96_CENTERED,,37.5,37.5,48.329938900203665,49.0,29.0,17.0,10.829938900203665,
gpt4_88806d6e,HAMMING,ITQ96_CENTERED,101.0,25.0,25.0,47.9938900203666,49.0,8.0,5.0,22.9938900203666,
gpt4_88806d6e,HAMMING,ITQ96_CENTERED,202.0,25.5,25.5,48.31568228105906,49.0,9.0,5.0,22.81568228105906,
gpt4_88806d6e,HAMMING,ITQ96_CENTERED,303.0,28.0,28.0,48.14052953156823,49.0,11.0,4.0,20.140529531568227,
gpt4_88806d6e,HAMMING,ITQ96_CENTERED,404.0,27.0,27.0,48.0,49.0,8.0,3.0,21.0,
gpt4_88806d6e,HAMMING,ITQ96_CENTERED,505.0,26.0,26.0,48.12016293279022,49.0,11.0,1.0,22.120162932790222,
gpt4_88806d6e,COSINE,FLOAT96_UNCENTERED,,0.5446960780002124,0.5446960780002124,0.050501401269379506,0.021024793848779026,0.8223783181938259,0.9048625444387288,-0.49419467673083284,0.49419467673083284
gpt4_88806d6e,COSINE,FLOAT96_CENTERED,,0.5234659127771767,0.5234659127771767,-0.00259039835486543,-0.02037614194700209,0.816405087614776,0.9018060004230942,-0.5260563111320421,0.5260563111320421
gpt4_8c8961ae,HAMMING,SIGN96_CENTERED,,32.0,32.0,47.65010351966874,48.0,26.0,26.0,15.65010351966874,
gpt4_8c8961ae,HAMMING,ITQ96_CENTERED,101.0,16.5,16.5,47.958592132505174,49.0,9.0,10.0,31.458592132505174,
gpt4_8c8961ae,HAMMING,ITQ96_CENTERED,202.0,18.5,18.5,48.30434782608695,49.0,14.0,13.0,29.804347826086953,
gpt4_8c8961ae,HAMMING,ITQ96_CENTERED,303.0,15.5,15.5,48.16977225672878,49.0,10.0,13.0,32.66977225672878,
gpt4_8c8961ae,HAMMING,ITQ96_CENTERED,404.0,16.5,16.5,48.010351966873706,49.0,11.0,10.0,31.510351966873706,
gpt4_8c8961ae,HAMMING,ITQ96_CENTERED,505.0,17.5,17.5,48.05590062111801,49.0,15.0,12.0,30.555900621118013,
gpt4_8c8961ae,COSINE,FLOAT96_UNCENTERED,,0.7386266671180882,0.7386266671180882,0.07777895364423593,0.04180152006347268,0.8539009444112227,0.8381274703857707,-0.6608477134738523,0.6608477134738523
gpt4_8c8961ae,COSINE,FLOAT96_CENTERED,,0.7201623776159709,0.7201623776159709,-0.002455445212888132,-0.033811033240951485,0.8400070570396289,0.82627280581445,-0.722617822828859,0.722617822828859
gpt4_8e165409,HAMMING,SIGN96_CENTERED,,26.5,26.5,47.81380753138075,48.0,17.0,21.0,21.313807531380753,
gpt4_8e165409,HAMMING,ITQ96_CENTERED,101.0,10.5,10.5,47.80543933054393,49.0,8.0,9.0,37.30543933054393,
gpt4_8e165409,HAMMING,ITQ96_CENTERED,202.0,16.0,16.0,48.10878661087866,49.5,11.0,9.0,32.10878661087866,
gpt4_8e165409,HAMMING,ITQ96_CENTERED,303.0,13.5,13.5,48.15271966527197,50.0,9.0,8.0,34.65271966527197,
gpt4_8e165409,HAMMING,ITQ96_CENTERED,404.0,13.5,13.5,48.05648535564853,49.0,10.0,10.0,34.55648535564853,
gpt4_8e165409,HAMMING,ITQ96_CENTERED,505.0,16.5,16.5,47.79707112970711,49.0,15.0,12.0,31.297071129707113,
gpt4_8e165409,COSINE,FLOAT96_UNCENTERED,,0.834303115130423,0.834303115130423,0.08693956999855054,0.04562808543636523,0.8864565805033133,0.8670682442496922,-0.7473635451318724,0.7473635451318724
gpt4_8e165409,COSINE,FLOAT96_CENTERED,,0.8169561818349748,0.8169561818349748,-0.0024726082465722295,-0.037848916196578375,0.874130324277988,0.8497563960917915,-0.819428790081547,0.819428790081547
gpt4_93159ced,HAMMING,SIGN96_CENTERED,,34.333333333333336,32.0,47.90249433106576,48.0,30.0,24.0,13.569160997732425,
gpt4_93159ced,HAMMING,ITQ96_CENTERED,101.0,29.0,25.0,47.93197278911565,49.0,24.0,19.0,18.931972789115648,
gpt4_93159ced,HAMMING,ITQ96_CENTERED,202.0,28.333333333333332,21.0,48.42176870748299,49.0,19.0,19.0,20.088435374149658,
gpt4_93159ced,HAMMING,ITQ96_CENTERED,303.0,29.666666666666668,24.0,48.35374149659864,49.0,24.0,23.0,18.68707482993197,
gpt4_93159ced,HAMMING,ITQ96_CENTERED,404.0,25.0,19.0,48.301587301587304,49.0,18.0,19.0,23.301587301587304,
gpt4_93159ced,HAMMING,ITQ96_CENTERED,505.0,23.666666666666668,18.0,48.36054421768708,49.0,17.0,22.0,24.69387755102041,
gpt4_93159ced,COSINE,FLOAT96_UNCENTERED,,0.5655777424100404,0.6350254101878785,0.13302702645029466,0.10431087231906308,0.6976178326156639,0.7296728341144968,-0.4325507159597458,0.4325507159597458
gpt4_93159ced,COSINE,FLOAT96_CENTERED,,0.4959692169010849,0.5908686482020019,-0.0023727361619307573,-0.0365149846919789,0.6576169311423595,0.6855952690060179,-0.49834195306301565,0.49834195306301565
gpt4_93f6379c,HAMMING,SIGN96_CENTERED,,26.5,26.5,48.15124153498871,49.0,19.0,22.0,21.651241534988714,
gpt4_93f6379c,HAMMING,ITQ96_CENTERED,101.0,20.5,20.5,47.839729119638825,49.0,13.0,12.0,27.339729119638825,
gpt4_93f6379c,HAMMING,ITQ96_CENTERED,202.0,23.5,23.5,47.94356659142212,49.0,16.0,18.0,24.44356659142212,
gpt4_93f6379c,HAMMING,ITQ96_CENTERED,303.0,21.0,21.0,48.0451467268623,49.0,16.0,13.0,27.0451467268623,
gpt4_93f6379c,HAMMING,ITQ96_CENTERED,404.0,21.5,21.5,48.306997742663654,49.0,12.0,13.0,26.806997742663654,
gpt4_93f6379c,HAMMING,ITQ96_CENTERED,505.0,18.5,18.5,48.146726862302486,49.0,13.0,13.0,29.646726862302486,
gpt4_93f6379c,COSINE,FLOAT96_UNCENTERED,,0.6797332864689076,0.6797332864689076,0.0974611740529897,0.05460029972347235,0.7655722667206725,0.7921159472115213,-0.5822721124159179,0.5822721124159179
gpt4_93f6379c,COSINE,FLOAT96_CENTERED,,0.6444242667642043,0.6444242667642043,-0.002199215913850639,-0.04878759874630663,0.7378391549235014,0.766399583249516,-0.6466234826780549,0.6466234826780549
gpt4_98f46fc6,HAMMING,SIGN96_CENTERED,,37.5,37.5,48.02459016393443,48.0,32.0,15.0,10.524590163934427,
gpt4_98f46fc6,HAMMING,ITQ96_CENTERED,101.0,22.5,22.5,48.03073770491803,49.0,11.0,9.0,25.53073770491803,
gpt4_98f46fc6,HAMMING,ITQ96_CENTERED,202.0,26.0,26.0,48.12090163934426,49.0,17.0,16.0,22.12090163934426,
gpt4_98f46fc6,HAMMING,ITQ96_CENTERED,303.0,23.5,23.5,48.14344262295082,49.0,19.0,16.0,24.643442622950822,
gpt4_98f46fc6,HAMMING,ITQ96_CENTERED,404.0,27.0,27.0,48.26639344262295,50.0,18.0,11.0,21.26639344262295,
gpt4_98f46fc6,HAMMING,ITQ96_CENTERED,505.0,23.0,23.0,48.153688524590166,49.0,12.0,12.0,25.153688524590166,
gpt4_98f46fc6,COSINE,FLOAT96_UNCENTERED,,0.6157053239112007,0.6157053239112007,0.06987164524995358,0.03345206529389448,0.7681420228460458,0.8605380517698076,-0.5458336786612471,0.5458336786612471
gpt4_98f46fc6,COSINE,FLOAT96_CENTERED,,0.580096380597202,0.580096380597202,-0.0020760257037174784,-0.03179111714771682,0.7527752879833182,0.8486720332401446,-0.5821724063009195,0.5821724063009195
gpt4_9a159967,HAMMING,SIGN96_CENTERED,,39.333333333333336,37.0,47.61670235546038,48.0,33.0,27.0,8.283369022127047,
gpt4_9a159967,HAMMING,ITQ96_CENTERED,101.0,31.333333333333332,32.0,47.97216274089936,50.0,29.0,29.0,16.638829407566025,
gpt4_9a159967,HAMMING,ITQ96_CENTERED,202.0,27.333333333333332,28.0,48.35117773019272,49.0,25.0,25.0,21.017844396859385,
gpt4_9a159967,HAMMING,ITQ96_CENTERED,303.0,27.666666666666668,27.0,47.944325481798714,49.0,26.0,27.0,20.277658815132046,
gpt4_9a159967,HAMMING,ITQ96_CENTERED,404.0,27.0,26.0,47.9186295503212,49.0,26.0,26.0,20.9186295503212,
gpt4_9a159967,HAMMING,ITQ96_CENTERED,505.0,31.333333333333332,31.0,48.01713062098501,49.0,30.0,29.0,16.683797287651675,
gpt4_9a159967,COSINE,FLOAT96_UNCENTERED,,0.5656539324011096,0.5666056186746286,0.128512207433316,0.08078887903202112,0.5876699104084457,0.5606785487153059,-0.4371417249677936,0.4371417249677936
gpt4_9a159967,COSINE,FLOAT96_CENTERED,,0.502206216089557,0.5044770088898556,-0.0020234219847965716,-0.05229892216087217,0.5207416784528592,0.4898505953845736,-0.5042296380743535,0.5042296380743535
gpt4_a1b77f9c,HAMMING,SIGN96_CENTERED,,29.5,31.0,48.613821138211385,49.0,17.0,22.0,19.113821138211385,
gpt4_a1b77f9c,HAMMING,ITQ96_CENTERED,101.0,26.833333333333332,30.5,47.9349593495935,49.0,11.0,15.0,21.101626016260166,
gpt4_a1b77f9c,HAMMING,ITQ96_CENTERED,202.0,26.333333333333332,30.5,48.27642276422764,49.0,10.0,19.0,21.943089430894307,
gpt4_a1b77f9c,HAMMING,ITQ96_CENTERED,303.0,28.333333333333332,31.0,48.0589430894309,49.0,10.0,15.0,19.725609756097565,
gpt4_a1b77f9c,HAMMING,ITQ96_CENTERED,404.0,28.333333333333332,31.0,48.260162601626014,49.0,15.0,16.0,19.926829268292682,
gpt4_a1b77f9c,HAMMING,ITQ96_CENTERED,505.0,27.0,30.0,48.390243902439025,49.0,12.0,12.0,21.390243902439025,
gpt4_a1b77f9c,COSINE,FLOAT96_UNCENTERED,,0.5995257018177189,0.5839070136568535,0.08174901463160196,0.03186843158090259,0.8592000892666696,0.8019317323227383,-0.5177766871861169,0.5177766871861169
gpt4_a1b77f9c,COSINE,FLOAT96_CENTERED,,0.5590366157726626,0.5328191326018125,-0.005855068847158404,-0.04283397064760669,0.8478278562461066,0.7852239664097096,-0.564891684619821,0.564891684619821
gpt4_a2d1d1f6,HAMMING,SIGN96_CENTERED,,17.0,17.0,47.86736842105263,48.0,17.0,8.0,30.867368421052632,
gpt4_a2d1d1f6,HAMMING,ITQ96_CENTERED,101.0,5.0,5.0,47.73263157894737,48.0,5.0,9.0,42.73263157894737,
gpt4_a2d1d1f6,HAMMING,ITQ96_CENTERED,202.0,4.0,4.0,48.025263157894734,49.0,4.0,4.0,44.025263157894734,
gpt4_a2d1d1f6,HAMMING,ITQ96_CENTERED,303.0,7.0,7.0,48.30105263157895,49.0,7.0,9.0,41.30105263157895,
gpt4_a2d1d1f6,HAMMING,ITQ96_CENTERED,404.0,5.0,5.0,47.91789473684211,49.0,5.0,12.0,42.91789473684211,
gpt4_a2d1d1f6,HAMMING,ITQ96_CENTERED,505.0,10.0,10.0,47.88421052631579,49.0,10.0,12.0,37.88421052631579,
gpt4_a2d1d1f6,COSINE,FLOAT96_UNCENTERED,,0.9084808626568245,0.9084808626568245,0.07627471850628925,0.056886400051453914,0.9084808626568245,0.8553016663552263,-0.8322061441505353,0.8322061441505353
gpt4_a2d1d1f6,COSINE,FLOAT96_CENTERED,,0.90071002150952,0.90071002150952,-0.0015937079106702313,-0.027774793685253575,0.90071002150952,0.8412378680855463,-0.9023037294201902,0.9023037294201902
gpt4_a56e767c,HAMMING,SIGN96_CENTERED,,43.333333333333336,46.5,47.93630573248408,48.0,30.0,29.0,4.602972399150744,
gpt4_a56e767c,HAMMING,ITQ96_CENTERED,101.0,27.0,28.5,48.34394904458599,50.0,14.0,14.0,21.34394904458599,
gpt4_a56e767c,HAMMING,ITQ96_CENTERED,202.0,27.166666666666668,28.5,48.140127388535035,49.0,16.0,18.0,20.973460721868367,
gpt4_a56e767c,HAMMING,ITQ96_CENTERED,303.0,25.166666666666668,27.0,48.010615711252655,49.0,15.0,14.0,22.843949044585987,
gpt4_a56e767c,HAMMING,ITQ96_CENTERED,404.0,24.833333333333332,27.0,48.3588110403397,50.0,16.0,12.0,23.52547770700637,
gpt4_a56e767c,HAMMING,ITQ96_CENTERED,505.0,23.0,25.0,48.32908704883227,49.0,13.0,17.0,25.32908704883227,
gpt4_a56e767c,COSINE,FLOAT96_UNCENTERED,,0.6178473558300782,0.5927665935212566,0.09396742925668038,0.05877899784962608,0.8030116933933737,0.8127191563395801,-0.5238799265733979,0.5238799265733979
gpt4_a56e767c,COSINE,FLOAT96_CENTERED,,0.5748968925172017,0.5511488037788088,-0.0059892491615441135,-0.04260210960465565,0.7790654806714667,0.7855416911609181,-0.5808861416787457,0.5808861416787457
gpt4_ab202e7f,HAMMING,SIGN96_CENTERED,,39.6,36.0,48.39915966386555,49.0,30.0,24.0,8.799159663865545,
gpt4_ab202e7f,HAMMING,ITQ96_CENTERED,101.0,33.0,33.0,48.365546218487395,49.0,28.0,28.0,15.365546218487395,
gpt4_ab202e7f,HAMMING,ITQ96_CENTERED,202.0,36.2,36.0,48.30252100840336,49.0,30.0,27.0,12.102521008403357,
gpt4_ab202e7f,HAMMING,ITQ96_CENTERED,303.0,32.6,33.0,48.00840336134454,49.0,25.0,28.0,15.40840336134454,
gpt4_ab202e7f,HAMMING,ITQ96_CENTERED,404.0,34.6,35.0,48.22478991596638,49.0,29.0,27.0,13.624789915966382,
gpt4_ab202e7f,HAMMING,ITQ96_CENTERED,505.0,36.6,39.0,48.03991596638655,49.0,28.0,25.0,11.43991596638655,
gpt4_ab202e7f,COSINE,FLOAT96_UNCENTERED,,0.45712349423135706,0.46401862849158476,0.11460339075518836,0.07903504454497912,0.5925424261058918,0.5869471380818398,-0.3425201034761687,0.3425201034761687
gpt4_ab202e7f,COSINE,FLOAT96_CENTERED,,0.37796545930128145,0.37409648797966183,-0.0029052294692000075,-0.037399686105426336,0.5321154270135134,0.5168633079679741,-0.38087068877048147,0.38087068877048147
gpt4_af6db32f,HAMMING,SIGN96_CENTERED,,22.0,22.0,48.31578947368421,48.0,22.0,25.0,26.315789473684212,
gpt4_af6db32f,HAMMING,ITQ96_CENTERED,101.0,16.0,16.0,48.13473684210526,49.0,16.0,14.0,32.13473684210526,
gpt4_af6db32f,HAMMING,ITQ96_CENTERED,202.0,8.0,8.0,48.41263157894737,49.0,8.0,4.0,40.41263157894737,
gpt4_af6db32f,HAMMING,ITQ96_CENTERED,303.0,12.0,12.0,48.35578947368421,49.0,12.0,8.0,36.35578947368421,
gpt4_af6db32f,HAMMING,ITQ96_CENTERED,404.0,10.0,10.0,48.23368421052631,49.0,10.0,11.0,38.23368421052631,
gpt4_af6db32f,HAMMING,ITQ96_CENTERED,505.0,16.0,16.0,47.89473684210526,49.0,16.0,10.0,31.89473684210526,
gpt4_af6db32f,COSINE,FLOAT96_UNCENTERED,,0.8286562367112401,0.8286562367112401,0.0687791960275202,0.029551903002232094,0.8286562367112401,0.8310286590144849,-0.7598770406837199,0.7598770406837199
gpt4_af6db32f,COSINE,FLOAT96_CENTERED,,0.816958537479544,0.816958537479544,-0.002350449715355079,-0.032105964224425396,0.816958537479544,0.8207563118630247,-0.819308987194899,0.819308987194899
gpt4_b0863698,HAMMING,SIGN96_CENTERED,,24.0,24.0,48.078947368421055,48.0,24.0,27.0,24.078947368421055,
gpt4_b0863698,HAMMING,ITQ96_CENTERED,101.0,32.0,32.0,48.05701754385965,49.0,32.0,24.0,16.05701754385965,
gpt4_b0863698,HAMMING,ITQ96_CENTERED,202.0,36.0,36.0,47.96491228070175,50.0,36.0,19.0,11.964912280701753,
gpt4_b0863698,HAMMING,ITQ96_CENTERED,303.0,28.0,28.0,48.171052631578945,50.0,28.0,18.0,20.171052631578945,
gpt4_b0863698,HAMMING,ITQ96_CENTERED,404.0,32.0,32.0,47.6140350877193,49.0,32.0,22.0,15.614035087719301,
gpt4_b0863698,HAMMING,ITQ96_CENTERED,505.0,30.0,30.0,47.824561403508774,49.0,30.0,21.0,17.824561403508774,
gpt4_b0863698,COSINE,FLOAT96_UNCENTERED,,0.5292256168617182,0.5292256168617182,0.08837739327279887,0.040765648608938033,0.5292256168617182,0.714198551904167,-0.44084822358891934,0.44084822358891934
gpt4_b0863698,COSINE,FLOAT96_CENTERED,,0.470758403532231,0.470758403532231,-4.418263107695075e-05,-0.050024090503877794,0.470758403532231,0.6775496273135193,-0.47080258616330795,0.47080258616330795
gpt4_b4a80587,HAMMING,SIGN96_CENTERED,,33.5,33.5,47.55925925925926,48.0,32.0,30.0,14.059259259259257,
gpt4_b4a80587,HAMMING,ITQ96_CENTERED,101.0,30.5,30.5,48.016666666666666,50.0,30.0,24.0,17.516666666666666,
gpt4_b4a80587,HAMMING,ITQ96_CENTERED,202.0,31.5,31.5,48.12407407407407,49.0,24.0,18.0,16.624074074074073,
gpt4_b4a80587,HAMMING,ITQ96_CENTERED,303.0,27.5,27.5,47.94814814814815,49.0,24.0,19.0,20.44814814814815,
gpt4_b4a80587,HAMMING,ITQ96_CENTERED,404.0,31.0,31.0,47.82222222222222,49.0,31.0,24.0,16.822222222222223,
gpt4_b4a80587,HAMMING,ITQ96_CENTERED,505.0,26.5,26.5,48.12777777777778,49.0,26.0,20.0,21.62777777777778,
gpt4_b4a80587,COSINE,FLOAT96_UNCENTERED,,0.6020310648314702,0.6020310648314702,0.1463950348782765,0.08584446029539666,0.6272841324702252,0.7198871031075991,-0.4556360299531937,0.4556360299531937
gpt4_b4a80587,COSINE,FLOAT96_CENTERED,,0.5111123080888396,0.5111123080888396,0.001918661428187765,-0.0564967454543501,0.541231350277549,0.6587160047393118,-0.5091936466606518,0.5091936466606518
gpt4_b5700ca0,HAMMING,SIGN96_CENTERED,,52.0,52.0,47.985971943887776,49.0,52.0,34.0,-4.014028056112224,
gpt4_b5700ca0,HAMMING,ITQ96_CENTERED,101.0,47.0,47.0,48.23847695390781,50.0,47.0,21.0,1.2384769539078135,
gpt4_b5700ca0,HAMMING,ITQ96_CENTERED,202.0,47.0,47.0,47.64929859719439,48.0,47.0,20.0,0.6492985971943881,
gpt4_b5700ca0,HAMMING,ITQ96_CENTERED,303.0,50.0,50.0,48.08016032064128,49.0,50.0,20.0,-1.9198396793587165,
gpt4_b5700ca0,HAMMING,ITQ96_CENTERED,404.0,52.0,52.0,48.102204408817634,49.0,52.0,19.0,-3.8977955911823656,
gpt4_b5700ca0,HAMMING,ITQ96_CENTERED,505.0,46.0,46.0,48.192384769539075,49.0,46.0,21.0,2.192384769539075,
gpt4_b5700ca0,COSINE,FLOAT96_UNCENTERED,,0.11564699949470282,0.11564699949470282,0.10706498841227029,0.06669789130307244,0.11564699949470282,0.6864549602349366,-0.008582011082432534,0.008582011082432534
gpt4_b5700ca0,COSINE,FLOAT96_CENTERED,,-0.008513062942919482,-0.008513062942919482,-0.00015780070760550255,-0.040927503783528316,-0.008513062942919482,0.6569671309344127,0.008355262235313979,-0.008355262235313979
gpt4_b5700ca9,HAMMING,SIGN96_CENTERED,,14.0,14.0,47.43097014925373,48.0,14.0,17.0,33.43097014925373,
gpt4_b5700ca9,HAMMING,ITQ96_CENTERED,101.0,7.0,7.0,48.009328358208954,49.0,7.0,5.0,41.009328358208954,
gpt4_b5700ca9,HAMMING,ITQ96_CENTERED,202.0,9.0,9.0,48.031716417910445,49.0,9.0,8.0,39.031716417910445,
gpt4_b5700ca9,HAMMING,ITQ96_CENTERED,303.0,4.0,4.0,48.235074626865675,50.0,4.0,7.0,44.235074626865675,
gpt4_b5700ca9,HAMMING,ITQ96_CENTERED,404.0,6.0,6.0,47.84701492537314,48.0,6.0,8.0,41.84701492537314,
gpt4_b5700ca9,HAMMING,ITQ96_CENTERED,505.0,8.0,8.0,47.97201492537314,48.5,8.0,7.0,39.97201492537314,
gpt4_b5700ca9,COSINE,FLOAT96_UNCENTERED,,0.9197004445230169,0.9197004445230169,0.07113779224504228,0.045470809572239285,0.9197004445230169,0.8856827711976654,-0.8485626522779747,0.8485626522779747
gpt4_b5700ca9,COSINE,FLOAT96_CENTERED,,0.91415436221635,0.91415436221635,-0.0012253537940572598,-0.025413976820546132,0.91415436221635,0.8766796572479152,-0.9153797160104074,0.9153797160104074
gpt4_c27434e8,HAMMING,SIGN96_CENTERED,,34.0,34.0,48.05622489959839,48.0,27.0,28.0,14.05622489959839,
gpt4_c27434e8,HAMMING,ITQ96_CENTERED,101.0,19.5,19.5,47.81526104417671,49.0,14.0,9.0,28.315261044176708,
gpt4_c27434e8,HAMMING,ITQ96_CENTERED,202.0,14.5,14.5,48.200803212851405,49.0,7.0,10.0,33.700803212851405,
gpt4_c27434e8,HAMMING,ITQ96_CENTERED,303.0,15.5,15.5,48.03413654618474,49.0,5.0,10.0,32.53413654618474,
gpt4_c27434e8,HAMMING,ITQ96_CENTERED,404.0,20.0,20.0,48.03413654618474,49.0,14.0,9.0,28.03413654618474,
gpt4_c27434e8,HAMMING,ITQ96_CENTERED,505.0,16.5,16.5,47.90160642570281,49.0,12.0,11.0,31.40160642570281,
gpt4_c27434e8,COSINE,FLOAT96_UNCENTERED,,0.8086515048469329,0.8086515048469329,0.06104711883951545,0.026866390135021387,0.8858605782337714,0.8682138982623009,-0.7476043860074175,0.7476043860074175
gpt4_c27434e8,COSINE,FLOAT96_CENTERED,,0.7985026710922982,0.7985026710922982,-0.0032935656790435306,-0.030964188037119356,0.8792193926748179,0.8602186581194642,-0.8017962367713417,0.8017962367713417
gpt4_cd90e484,HAMMING,SIGN96_CENTERED,,27.0,27.0,48.4901185770751,49.0,26.0,28.0,21.4901185770751,
gpt4_cd90e484,HAMMING,ITQ96_CENTERED,101.0,14.5,14.5,47.930830039525695,49.0,14.0,6.0,33.430830039525695,
gpt4_cd90e484,HAMMING,ITQ96_CENTERED,202.0,11.0,11.0,47.77470355731225,49.0,9.0,7.0,36.77470355731225,
gpt4_cd90e484,HAMMING,ITQ96_CENTERED,303.0,11.5,11.5,48.15415019762846,49.0,10.0,6.0,36.65415019762846,
gpt4_cd90e484,HAMMING,ITQ96_CENTERED,404.0,13.5,13.5,47.794466403162055,49.0,9.0,10.0,34.294466403162055,
gpt4_cd90e484,HAMMING,ITQ96_CENTERED,505.0,12.5,12.5,48.08498023715415,49.0,11.0,10.0,35.58498023715415,
gpt4_cd90e484,COSINE,FLOAT96_UNCENTERED,,0.8290604124436289,0.8290604124436289,0.14649631037618427,0.12173923732584938,0.8677143855168791,0.842672182541135,-0.6825641020674447,0.6825641020674447
gpt4_cd90e484,COSINE,FLOAT96_CENTERED,,0.7932996847358065,0.7932996847358065,-0.0004927160281730013,-0.027541991161817027,0.8410850964819113,0.8086062364620439,-0.7937924007639795,0.7937924007639795
gpt4_d12ceb0e,HAMMING,SIGN96_CENTERED,,39.0,37.0,47.90928270042194,48.0,36.0,30.0,8.90928270042194,
gpt4_d12ceb0e,HAMMING,ITQ96_CENTERED,101.0,42.333333333333336,42.0,48.01476793248945,49.0,38.0,19.0,5.681434599156113,
gpt4_d12ceb0e,HAMMING,ITQ96_CENTERED,202.0,43.0,42.0,47.9746835443038,49.0,39.0,17.0,4.974683544303801,
gpt4_d12ceb0e,HAMMING,ITQ96_CENTERED,303.0,41.0,43.0,48.118143459915615,49.0,35.0,13.0,7.118143459915615,
gpt4_d12ceb0e,HAMMING,ITQ96_CENTERED,404.0,43.333333333333336,43.0,47.83755274261603,50.0,40.0,12.0,4.5042194092826975,
gpt4_d12ceb0e,HAMMING,ITQ96_CENTERED,505.0,42.666666666666664,43.0,47.744725738396625,49.0,38.0,18.0,5.07805907172996,
gpt4_d12ceb0e,COSINE,FLOAT96_UNCENTERED,,0.33236536060556937,0.28546582017225997,0.10993639304514341,0.0560664240296612,0.45963149079455284,0.7539060084684397,-0.22242896756042596,0.22242896756042596
gpt4_d12ceb0e,COSINE,FLOAT96_CENTERED,,0.2139509378148818,0.1833461813606784,-0.00010877881333719735,-0.04722571492192727,0.3627643717326901,0.7233628793343647,-0.21405971662821902,0.21405971662821902
gpt4_d31cdae3,HAMMING,SIGN96_CENTERED,,23.0,23.0,48.34100418410042,48.0,17.0,27.0,25.34100418410042,
gpt4_d31cdae3,HAMMING,ITQ96_CENTERED,101.0,24.0,24.0,48.07949790794979,49.0,18.0,16.0,24.079497907949794,
gpt4_d31cdae3,HAMMING,ITQ96_CENTERED,202.0,17.0,17.0,48.35983263598327,50.0,14.0,19.0,31.359832635983267,
gpt4_d31cdae3,HAMMING,ITQ96_CENTERED,303.0,18.5,18.5,48.0836820083682,49.0,11.0,13.0,29.5836820083682,
gpt4_d31cdae3,HAMMING,ITQ96_CENTERED,404.0,23.0,23.0,48.11087866108787,49.0,16.0,13.0,25.110878661087867,
gpt4_d31cdae3,HAMMING,ITQ96_CENTERED,505.0,20.0,20.0,48.0836820083682,49.0,15.0,11.0,28.0836820083682,
gpt4_d31cdae3,COSINE,FLOAT96_UNCENTERED,,0.757032460059899,0.757032460059899,0.059274400477011185,0.022124969586825402,0.8635084551879253,0.8287995366058708,-0.6977580595828878,0.6977580595828878
gpt4_d31cdae3,COSINE,FLOAT96_CENTERED,,0.7410265719635892,0.7410265719635892,-0.0031946510046469744,-0.03168580633554417,0.8561142806080209,0.8193099058615918,-0.7442212229682362,0.7442212229682362
gpt4_d6585ce8,HAMMING,SIGN96_CENTERED,,42.8,45.0,47.364197530864196,48.0,33.0,25.0,4.564197530864199,
gpt4_d6585ce8,HAMMING,ITQ96_CENTERED,101.0,36.6,33.0,48.14609053497942,49.0,28.0,19.0,11.54609053497942,
gpt4_d6585ce8,HAMMING,ITQ96_CENTERED,202.0,34.4,31.0,48.10288065843621,50.0,24.0,16.0,13.702880658436214,
gpt4_d6585ce8,HAMMING,ITQ96_CENTERED,303.0,37.8,34.0,47.93621399176955,49.0,29.0,20.0,10.136213991769552,
gpt4_d6585ce8,HAMMING,ITQ96_CENTERED,404.0,33.2,32.0,48.047325102880656,49.5,23.0,16.0,14.847325102880653,
gpt4_d6585ce8,HAMMING,ITQ96_CENTERED,505.0,35.2,30.0,48.03909465020576,50.0,26.0,17.0,12.839094650205759,
gpt4_d6585ce8,COSINE,FLOAT96_UNCENTERED,,0.4735337802025441,0.5567696915104792,0.13622847674874775,0.09276570318072658,0.6359702109541123,0.728761433246911,-0.3373053034537964,0.3373053034537964
gpt4_d6585ce8,COSINE,FLOAT96_CENTERED,,0.3821851730954756,0.47398292335834813,-0.002704756238700776,-0.050342100186709635,0.5673505578193929,0.6878865805376122,-0.3848899293341764,0.3848899293341764
gpt4_d6585ce9,HAMMING,SIGN96_CENTERED,,42.0,42.0,48.1487414187643,49.0,42.0,28.0,6.148741418764303,
gpt4_d6585ce9,HAMMING,ITQ96_CENTERED,101.0,31.0,31.0,47.974828375286044,49.0,31.0,26.0,16.974828375286044,
gpt4_d6585ce9,HAMMING,ITQ96_CENTERED,202.0,40.0,40.0,48.34096109839817,50.0,40.0,19.0,8.340961098398168,
gpt4_d6585ce9,HAMMING,ITQ96_CENTERED,303.0,37.0,37.0,47.82837528604119,50.0,37.0,24.0,10.828375286041187,
gpt4_d6585ce9,HAMMING,ITQ96_CENTERED,404.0,30.0,30.0,48.02974828375286,50.0,30.0,26.0,18.02974828375286,
gpt4_d6585ce9,HAMMING,ITQ96_CENTERED,505.0,32.0,32.0,48.066361556064074,50.0,32.0,24.0,16.066361556064074,
gpt4_d6585ce9,COSINE,FLOAT96_UNCENTERED,,0.46072350884313357,0.46072350884313357,0.12183447467995462,0.06004549156534503,0.46072350884313357,0.6091264272397786,-0.33888903416317895,0.33888903416317895
gpt4_d6585ce9,COSINE,FLOAT96_CENTERED,,0.3588008133610401,0.3588008133610401,6.080403071706542e-06,-0.0697011767326567,0.3588008133610401,0.5336090524178757,-0.3587947329579684,0.3587947329579684
gpt4_d84a3211,HAMMING,SIGN96_CENTERED,,41.75,43.0,48.16089613034623,48.0,38.0,34.0,6.410896130346231,
gpt4_d84a3211,HAMMING,ITQ96_CENTERED,101.0,38.0,38.0,48.04073319755601,49.0,36.0,15.0,10.040733197556008,
gpt4_d84a3211,HAMMING,ITQ96_CENTERED,202.0,34.75,34.5,48.217922606924645,49.0,32.0,15.0,13.467922606924645,
gpt4_d84a3211,HAMMING,ITQ96_CENTERED,303.0,37.0,37.0,47.88798370672098,49.0,35.0,13.0,10.88798370672098,
gpt4_d84a3211,HAMMING,ITQ96_CENTERED,404.0,32.75,32.0,48.25458248472505,49.0,32.0,15.0,15.504582484725049,
gpt4_d84a3211,HAMMING,ITQ96_CENTERED,505.0,31.75,32.0,48.08757637474542,49.0,30.0,12.0,16.337576374745417,
gpt4_d84a3211,COSINE,FLOAT96_UNCENTERED,,0.4883421357616843,0.4874475232750083,0.10454913496942864,0.06536459369158407,0.5410769811140308,0.7828370965000024,-0.38379300079225565,0.38379300079225565
gpt4_d84a3211,COSINE,FLOAT96_CENTERED,,0.40936586838722183,0.41287659782974984,-0.002692397604110744,-0.04916278251464269,0.46743087925864035,0.7612408431944585,-0.41205826599133255,0.41205826599133255
gpt4_d9af6064,HAMMING,SIGN96_CENTERED,,37.5,37.5,48.359022556390975,48.0,37.0,33.0,10.859022556390975,
gpt4_d9af6064,HAMMING,ITQ96_CENTERED,101.0,13.0,13.0,48.34398496240601,50.0,12.0,10.0,35.34398496240601,
gpt4_d9af6064,HAMMING,ITQ96_CENTERED,202.0,11.5,11.5,48.29323308270677,49.0,11.0,10.0,36.79323308270677,
gpt4_d9af6064,HAMMING,ITQ96_CENTERED,303.0,14.0,14.0,48.05827067669173,49.0,13.0,9.0,34.05827067669173,
gpt4_d9af6064,HAMMING,ITQ96_CENTERED,404.0,13.5,13.5,48.296992481203006,50.0,11.0,12.0,34.796992481203006,
gpt4_d9af6064,HAMMING,ITQ96_CENTERED,505.0,11.5,11.5,47.964285714285715,49.0,9.0,11.0,36.464285714285715,
gpt4_d9af6064,COSINE,FLOAT96_UNCENTERED,,0.8057106220964396,0.8057106220964396,0.09763689752729282,0.05541581763229788,0.8446905109274763,0.8528358770555666,-0.7080737245691469,0.7080737245691469
gpt4_d9af6064,COSINE,FLOAT96_CENTERED,,0.7865372229840324,0.7865372229840324,-0.002202009787463949,-0.043960911216065005,0.8270958368115602,0.8387541228585836,-0.7887392327714964,0.7887392327714964
gpt4_e05b82a6,HAMMING,SIGN96_CENTERED,,30.0,31.0,48.33874239350913,48.0,20.0,21.0,18.33874239350913,
gpt4_e05b82a6,HAMMING,ITQ96_CENTERED,101.0,25.75,26.5,48.302231237322516,50.0,21.0,22.0,22.552231237322516,
gpt4_e05b82a6,HAMMING,ITQ96_CENTERED,202.0,31.0,31.5,48.19675456389452,49.0,28.0,22.0,17.196754563894523,
gpt4_e05b82a6,HAMMING,ITQ96_CENTERED,303.0,22.75,23.0,48.328600405679516,49.0,19.0,21.0,25.578600405679516,
gpt4_e05b82a6,HAMMING,ITQ96_CENTERED,404.0,26.0,24.0,47.97971602434077,49.0,20.0,17.0,21.979716024340767,
gpt4_e05b82a6,HAMMING,ITQ96_CENTERED,505.0,24.5,23.5,47.98985801217039,49.0,22.0,21.0,23.489858012170387,
gpt4_e05b82a6,COSINE,FLOAT96_UNCENTERED,,0.6505326383604491,0.6440833526212051,0.1332538819720852,0.09594602951975795,0.7484480199236583,0.7287181346823937,-0.5172787563883638,0.5172787563883638
gpt4_e05b82a6,COSINE,FLOAT96_CENTERED,,0.6019352995650799,0.5930698986742329,-0.002844652281670847,-0.04591101219112997,0.7087183293080752,0.6717513070413119,-0.6047799518467507,0.6047799518467507
gpt4_e061b84f,HAMMING,SIGN96_CENTERED,,48.333333333333336,49.0,47.86206896551724,48.0,43.0,32.0,-0.47126436781609726,
gpt4_e061b84f,HAMMING,ITQ96_CENTERED,101.0,46.666666666666664,48.0,48.15301724137931,49.0,43.0,32.0,1.4863505747126453,
gpt4_e061b84f,HAMMING,ITQ96_CENTERED,202.0,45.333333333333336,47.0,47.838362068965516,49.0,40.0,27.0,2.5050287356321803,
gpt4_e061b84f,HAMMING,ITQ96_CENTERED,303.0,47.666666666666664,46.0,47.939655172413794,48.0,46.0,27.0,0.2729885057471293,
gpt4_e061b84f,HAMMING,ITQ96_CENTERED,404.0,51.333333333333336,49.0,47.980603448275865,48.0,48.0,28.0,-3.352729885057471,
gpt4_e061b84f,HAMMING,ITQ96_CENTERED,505.0,45.0,44.0,48.07543103448276,49.0,43.0,31.0,3.0754310344827616,
gpt4_e061b84f,COSINE,FLOAT96_UNCENTERED,,0.14789067412678344,0.13575904516518125,0.13474432109265133,0.10351229965901587,0.21842785651787675,0.5455918752768758,-0.013146353034132113,0.013146353034132113
gpt4_e061b84f,COSINE,FLOAT96_CENTERED,,0.015136374502965011,0.010269667956489745,0.000505608116477691,-0.02718040369081412,0.10369876314245999,0.4660347903021027,-0.01463076638648732,0.01463076638648732
gpt4_e061b84g,HAMMING,SIGN96_CENTERED,,40.0,40.0,47.8141592920354,48.0,40.0,28.0,7.814159292035399,
gpt4_e061b84g,HAMMING,ITQ96_CENTERED,101.0,40.0,40.0,47.6212389380531,49.0,40.0,10.0,7.6212389380530965,
gpt4_e061b84g,HAMMING,ITQ96_CENTERED,202.0,46.0,46.0,47.94159292035398,50.0,46.0,13.0,1.9415929203539832,
gpt4_e061b84g,HAMMING,ITQ96_CENTERED,303.0,41.0,41.0,48.07964601769911,49.0,41.0,13.0,7.079646017699112,
gpt4_e061b84g,HAMMING,ITQ96_CENTERED,404.0,40.0,40.0,47.65132743362832,49.0,40.0,9.0,7.6513274336283175,
gpt4_e061b84g,HAMMING,ITQ96_CENTERED,505.0,37.0,37.0,48.00353982300885,49.0,37.0,10.0,11.00353982300885,
gpt4_e061b84g,COSINE,FLOAT96_UNCENTERED,,0.26995709856690575,0.26995709856690575,0.11001561634598131,0.05590202991423096,0.26995709856690575,0.8374950068691707,-0.15994148222092444,0.15994148222092444
gpt4_e061b84g,COSINE,FLOAT96_CENTERED,,0.1678821254338791,0.1678821254338791,0.0023489556809812994,-0.04368154367617023,0.1678821254338791,0.8141340792387689,-0.16553316975289778,0.16553316975289778
gpt4_e072b769,HAMMING,SIGN96_CENTERED,,25.0,25.0,48.15349887133183,48.0,25.0,25.0,23.153498871331827,
gpt4_e072b769,HAMMING,ITQ96_CENTERED,101.0,14.0,14.0,48.37471783295711,49.0,14.0,11.0,34.37471783295711,
gpt4_e072b769,HAMMING,ITQ96_CENTERED,202.0,8.0,8.0,48.16252821670429,49.0,8.0,9.0,40.16252821670429,
gpt4_e072b769,HAMMING,ITQ96_CENTERED,303.0,11.0,11.0,47.84424379232506,49.0,11.0,8.0,36.84424379232506,
gpt4_e072b769,HAMMING,ITQ96_CENTERED,404.0,11.0,11.0,48.06094808126411,48.0,11.0,10.0,37.06094808126411,
gpt4_e072b769,HAMMING,ITQ96_CENTERED,505.0,12.0,12.0,48.21218961625282,49.0,12.0,9.0,36.21218961625282,
gpt4_e072b769,COSINE,FLOAT96_UNCENTERED,,0.8244352426687562,0.8244352426687562,0.09316188550422588,0.0630592609694497,0.8244352426687562,0.8549857482046148,-0.7312733571645303,0.7312733571645303
gpt4_e072b769,COSINE,FLOAT96_CENTERED,,0.8010746033788455,0.8010746033788455,-0.0015598800308576184,-0.033135163590401855,0.8010746033788455,0.8403878468260527,-0.8026344834097031,0.8026344834097031
gpt4_e414231e,HAMMING,SIGN96_CENTERED,,20.5,20.5,47.95247524752475,48.0,19.0,23.0,27.452475247524752,
gpt4_e414231e,HAMMING,ITQ96_CENTERED,101.0,12.5,12.5,48.0059405940594,49.0,8.0,11.0,35.5059405940594,
gpt4_e414231e,HAMMING,ITQ96_CENTERED,202.0,13.0,13.0,48.1029702970297,49.0,6.0,8.0,35.1029702970297,
gpt4_e414231e,HAMMING,ITQ96_CENTERED,303.0,11.5,11.5,47.845544554455444,49.0,4.0,10.0,36.345544554455444,
gpt4_e414231e,HAMMING,ITQ96_CENTERED,404.0,9.5,9.5,48.07524752475248,49.0,4.0,6.0,38.57524752475248,
gpt4_e414231e,HAMMING,ITQ96_CENTERED,505.0,11.5,11.5,48.283168316831684,49.0,5.0,9.0,36.783168316831684,
gpt4_e414231e,COSINE,FLOAT96_UNCENTERED,,0.8528492242795244,0.8528492242795244,0.06972612663585048,0.038551275411914096,0.913766648904782,0.891117124593166,-0.7831230976436738,0.7831230976436738
gpt4_e414231e,COSINE,FLOAT96_CENTERED,,0.8408461271581997,0.8408461271581997,-0.002861889567352367,-0.035286649972432256,0.9091366174020217,0.8839522681818857,-0.8437080167255521,0.8437080167255521
gpt4_e414231f,HAMMING,SIGN96_CENTERED,,38.0,38.0,47.86707566462168,48.0,38.0,29.0,9.86707566462168,
gpt4_e414231f,HAMMING,ITQ96_CENTERED,101.0,19.0,19.0,48.04703476482618,49.0,19.0,13.0,29.04703476482618,
gpt4_e414231f,HAMMING,ITQ96_CENTERED,202.0,14.0,14.0,48.304703476482615,49.0,14.0,13.0,34.304703476482615,
gpt4_e414231f,HAMMING,ITQ96_CENTERED,303.0,13.0,13.0,48.05316973415133,49.0,13.0,11.0,35.05316973415133,
gpt4_e414231f,HAMMING,ITQ96_CENTERED,404.0,15.0,15.0,48.556237218813905,50.0,15.0,13.0,33.556237218813905,
gpt4_e414231f,HAMMING,ITQ96_CENTERED,505.0,15.0,15.0,48.1799591002045,49.0,15.0,10.0,33.1799591002045,
gpt4_e414231f,COSINE,FLOAT96_UNCENTERED,,0.7802179824767586,0.7802179824767586,0.08644363581588597,0.05964120146579982,0.7802179824767586,0.8151847066377489,-0.6937743466608726,0.6937743466608726
gpt4_e414231f,COSINE,FLOAT96_CENTERED,,0.76399449677566,0.76399449677566,-0.0017648941786580085,-0.03557228771256401,0.76399449677566,0.799990971649322,-0.765759390954318,0.765759390954318
gpt4_ec93e27f,HAMMING,SIGN96_CENTERED,,45.0,45.0,47.94163424124513,48.0,37.0,30.0,2.941634241245133,
gpt4_ec93e27f,HAMMING,ITQ96_CENTERED,101.0,24.5,24.5,47.782101167315176,49.0,22.0,15.0,23.282101167315176,
gpt4_ec93e27f,HAMMING,ITQ96_CENTERED,202.0,26.0,26.0,47.90272373540856,49.0,22.0,16.0,21.902723735408557,
gpt4_ec93e27f,HAMMING,ITQ96_CENTERED,303.0,24.0,24.0,47.85214007782101,49.0,22.0,14.0,23.852140077821012,
gpt4_ec93e27f,HAMMING,ITQ96_CENTERED,404.0,21.5,21.5,48.13618677042802,49.0,21.0,12.0,26.63618677042802,
gpt4_ec93e27f,HAMMING,ITQ96_CENTERED,505.0,23.0,23.0,48.14980544747082,49.0,23.0,14.0,25.14980544747082,
gpt4_ec93e27f,COSINE,FLOAT96_UNCENTERED,,0.6435355771572037,0.6435355771572037,0.11411950524335106,0.08395487855109424,0.6866689027593873,0.7671083132692487,-0.5294160719138526,0.5294160719138526
gpt4_ec93e27f,COSINE,FLOAT96_CENTERED,,0.6007955061254158,0.6007955061254158,-0.001681889823670481,-0.03962692901864956,0.6510648615715136,0.7314831522844768,-0.6024773959490862,0.6024773959490862
gpt4_f2262a51,HAMMING,SIGN96_CENTERED,,53.0,54.0,47.77215189873418,48.0,44.0,32.0,-5.2278481012658204,
gpt4_f2262a51,HAMMING,ITQ96_CENTERED,101.0,53.0,53.0,48.22784810126582,49.0,48.0,30.0,-4.7721518987341796,
gpt4_f2262a51,HAMMING,ITQ96_CENTERED,202.0,53.8,54.0,47.93248945147679,49.0,51.0,28.0,-5.867510548523207,
gpt4_f2262a51,HAMMING,ITQ96_CENTERED,303.0,50.8,51.0,48.11392405063291,49.0,48.0,27.0,-2.686075949367087,
gpt4_f2262a51,HAMMING,ITQ96_CENTERED,404.0,52.6,52.0,48.04430379746835,49.0,51.0,26.0,-4.555696202531649,
gpt4_f2262a51,HAMMING,ITQ96_CENTERED,505.0,52.8,53.0,47.82700421940928,48.5,50.0,26.0,-4.972995780590715,
gpt4_f2262a51,COSINE,FLOAT96_UNCENTERED,,0.0039726130459411925,-0.0022316569622763682,0.1460817570040897,0.1279000573763805,0.06207134824076943,0.5893309090994133,0.14210914395814853,-0.14210914395814853
gpt4_f2262a51,COSINE,FLOAT96_CENTERED,,-0.15298817711180504,-0.1693611776439999,0.003180334866625599,-0.017380106515415876,-0.09582216434347673,0.5243324131997054,0.15616851197843065,-0.15616851197843065
gpt4_f420262c,HAMMING,SIGN96_CENTERED,,38.6,41.0,47.912244897959184,48.0,30.0,33.0,9.312244897959182,
gpt4_f420262c,HAMMING,ITQ96_CENTERED,101.0,25.8,23.0,48.39795918367347,49.0,16.0,19.0,22.59795918367347,
gpt4_f420262c,HAMMING,ITQ96_CENTERED,202.0,22.6,22.0,48.1,49.0,11.0,18.0,25.5,
gpt4_f420262c,HAMMING,ITQ96_CENTERED,303.0,24.4,21.0,48.13673469387755,49.0,13.0,10.0,23.73673469387755,
gpt4_f420262c,HAMMING,ITQ96_CENTERED,404.0,22.8,25.0,48.43469387755102,49.0,11.0,14.0,25.63469387755102,
gpt4_f420262c,HAMMING,ITQ96_CENTERED,505.0,22.8,25.0,48.21224489795918,49.0,11.0,14.0,25.41224489795918,
gpt4_f420262c,COSINE,FLOAT96_UNCENTERED,,0.6118890522165967,0.6066167352646277,0.08081601363400481,0.037874564223243645,0.8189837937610328,0.7937539538470992,-0.5310730385825919,0.5310730385825919
gpt4_f420262c,COSINE,FLOAT96_CENTERED,,0.5736380531532649,0.5586303828625994,-0.005755971920970746,-0.035509166179065924,0.8042376374865765,0.7769326328555042,-0.5793940250742357,0.5793940250742357
gpt4_f420262d,HAMMING,SIGN96_CENTERED,,55.0,62.0,48.20620842572062,48.0,41.0,30.0,-6.793791574279382,
gpt4_f420262d,HAMMING,ITQ96_CENTERED,101.0,43.0,45.0,47.95565410199556,49.0,36.0,16.0,4.955654101995563,
gpt4_f420262d,HAMMING,ITQ96_CENTERED,202.0,38.333333333333336,42.0,47.75609756097561,49.0,28.0,15.0,9.422764227642276,
gpt4_f420262d,HAMMING,ITQ96_CENTERED,303.0,40.666666666666664,41.0,47.90465631929047,49.0,37.0,19.0,7.237989652623803,
gpt4_f420262d,HAMMING,ITQ96_CENTERED,404.0,43.0,45.0,47.866962305986696,49.0,37.0,19.0,4.866962305986696,
gpt4_f420262d,HAMMING,ITQ96_CENTERED,505.0,43.0,46.0,48.252771618625275,50.0,35.0,15.0,5.252771618625275,
gpt4_f420262d,COSINE,FLOAT96_UNCENTERED,,0.22821002407975996,0.1827103470457799,0.12416847806082047,0.08644465532239838,0.42180102272946307,0.7992850083213339,-0.10404154601893949,0.10404154601893949
gpt4_f420262d,COSINE,FLOAT96_CENTERED,,0.12864049055473256,0.08394238708914963,0.0012757994515938573,-0.04731069477544744,0.32297086472070535,0.7632589874829351,-0.1273646911031387,0.1273646911031387
gpt4_f49edff3,HAMMING,SIGN96_CENTERED,,27.666666666666668,25.0,47.5030303030303,48.0,24.0,25.0,19.836363636363632,
gpt4_f49edff3,HAMMING,ITQ96_CENTERED,101.0,20.666666666666668,12.0,47.94141414141414,49.0,10.0,13.0,27.274747474747475,
gpt4_f49edff3,HAMMING,ITQ96_CENTERED,202.0,19.666666666666668,12.0,48.31717171717172,49.0,11.0,15.0,28.65050505050505,
gpt4_f49edff3,HAMMING,ITQ96_CENTERED,303.0,21.333333333333332,15.0,47.9010101010101,49.0,11.0,10.0,26.56767676767677,
gpt4_f49edff3,HAMMING,ITQ96_CENTERED,404.0,24.333333333333332,18.0,48.17979797979798,49.0,14.0,14.0,23.84646464646465,
gpt4_f49edff3,HAMMING,ITQ96_CENTERED,505.0,22.0,17.0,48.086868686868684,49.0,14.0,18.0,26.086868686868684,
gpt4_f49edff3,COSINE,FLOAT96_UNCENTERED,,0.7156316584285595,0.825513066962186,0.0895291094399449,0.04812228417697087,0.8326303163559013,0.7941588317853431,-0.6261025489886146,0.6261025489886146
gpt4_f49edff3,COSINE,FLOAT96_CENTERED,,0.6847875900639626,0.8081110288884646,-0.003351508500525231,-0.03685989144228478,0.8144553304274506,0.765324605881294,-0.6881390985644878,0.6881390985644878
gpt4_fa19884c,HAMMING,SIGN96_CENTERED,,24.0,24.0,48.415841584158414,49.0,19.0,14.0,24.415841584158414,
gpt4_fa19884c,HAMMING,ITQ96_CENTERED,101.0,24.0,24.0,48.32871287128713,49.0,17.0,11.0,24.32871287128713,
gpt4_fa19884c,HAMMING,ITQ96_CENTERED,202.0,20.5,20.5,48.067326732673266,49.0,8.0,7.0,27.567326732673266,
gpt4_fa19884c,HAMMING,ITQ96_CENTERED,303.0,20.5,20.5,48.035643564356434,50.0,7.0,8.0,27.535643564356434,
gpt4_fa19884c,HAMMING,ITQ96_CENTERED,404.0,21.0,21.0,48.22376237623762,50.0,6.0,7.0,27.223762376237623,
gpt4_fa19884c,HAMMING,ITQ96_CENTERED,505.0,18.5,18.5,48.17029702970297,50.0,9.0,6.0,29.670297029702972,
gpt4_fa19884c,COSINE,FLOAT96_UNCENTERED,,0.7163442373493152,0.7163442373493152,0.09602446112945016,0.051344224292873886,0.8774513522395799,0.8951011721799998,-0.620319776219865,0.620319776219865
gpt4_fa19884c,COSINE,FLOAT96_CENTERED,,0.6824963976409298,0.6824963976409298,-0.0008394021784882443,-0.04267944332633343,0.8637780771005111,0.8822637603084,-0.683335799819418,0.683335799819418
gpt4_fa19884d,HAMMING,SIGN96_CENTERED,,41.0,41.0,48.306306306306304,49.0,41.0,30.0,7.306306306306304,
gpt4_fa19884d,HAMMING,ITQ96_CENTERED,101.0,34.0,34.0,48.18738738738739,50.0,34.0,17.0,14.187387387387389,
gpt4_fa19884d,HAMMING,ITQ96_CENTERED,202.0,38.0,38.0,48.001801801801804,49.0,38.0,16.0,10.001801801801804,
gpt4_fa19884d,HAMMING,ITQ96_CENTERED,303.0,29.0,29.0,48.043243243243246,50.0,29.0,13.0,19.043243243243246,
gpt4_fa19884d,HAMMING,ITQ96_CENTERED,404.0,41.0,41.0,47.976576576576576,49.0,41.0,16.0,6.976576576576576,
gpt4_fa19884d,HAMMING,ITQ96_CENTERED,505.0,37.0,37.0,47.84504504504505,49.0,37.0,17.0,10.845045045045048,
gpt4_fa19884d,COSINE,FLOAT96_UNCENTERED,,0.43883331405481546,0.43883331405481546,0.1241618412063839,0.05563958492380225,0.43883331405481546,0.7431007694577099,-0.31467147284843155,0.31467147284843155
gpt4_fa19884d,COSINE,FLOAT96_CENTERED,,0.3544219613479499,0.3544219613479499,0.0021499227343188226,-0.05214803472216256,0.3544219613479499,0.7051223040135027,-0.3522720386136311,0.3522720386136311
gpt4_fe651585,HAMMING,SIGN96_CENTERED,,34.5,34.5,47.582089552238806,48.0,34.0,35.0,13.082089552238806,
gpt4_fe651585,HAMMING,ITQ96_CENTERED,101.0,29.5,29.5,47.9317697228145,49.0,19.0,17.0,18.4317697228145,
gpt4_fe651585,HAMMING,ITQ96_CENTERED,202.0,27.0,27.0,48.16204690831557,49.0,19.0,13.0,21.162046908315567,
gpt4_fe651585,HAMMING,ITQ96_CENTERED,303.0,29.0,29.0,47.95948827292111,49.0,23.0,18.0,18.959488272921106,
gpt4_fe651585,HAMMING,ITQ96_CENTERED,404.0,26.5,26.5,47.98294243070362,49.0,20.0,17.0,21.482942430703623,
gpt4_fe651585,HAMMING,ITQ96_CENTERED,505.0,25.5,25.5,47.95948827292111,49.0,15.0,16.0,22.459488272921106,
gpt4_fe651585,COSINE,FLOAT96_UNCENTERED,,0.528234717464886,0.528234717464886,0.05419630988260896,0.015582845610487367,0.7029580796643227,0.7288581290466964,-0.47403840758227705,0.47403840758227705
gpt4_fe651585,COSINE,FLOAT96_CENTERED,,0.5087830779394846,0.5087830779394846,-0.002702395492514244,-0.039951250908049706,0.6902358359899734,0.722698983151153,-0.5114854734319989,0.5114854734319989
__SUMMARY__,COSINE,FLOAT96_CENTERED,,0.6357995210929749,0.6952333815957509,-0.0018670997871351824,-0.034856011370616974,0.6975658992940803,0.7667583658173321,-0.63766662088011,0.63766662088011
__SUMMARY__,COSINE,FLOAT96_UNCENTERED,,0.6769949027638288,0.7243167392739953,0.0942682721707974,0.053867490107258754,0.732326692470748,0.7942466554956555,-0.5827266305930314,0.5827266305930314
__SUMMARY__,HAMMING,ITQ96_CENTERED,101.0,21.855921985815602,20.75,48.06171180437766,49.0,18.327659574468086,14.057446808510639,26.20578981856205,
__SUMMARY__,HAMMING,ITQ96_CENTERED,202.0,21.78656028368794,20.25,48.05239224638506,49.0,18.229787234042554,14.006382978723405,26.26583196269712,
__SUMMARY__,HAMMING,ITQ96_CENTERED,303.0,21.794929078014185,20.5,48.073981994720334,49.0,18.325531914893617,13.987234042553192,26.279052916706156,
__SUMMARY__,HAMMING,ITQ96_CENTERED,404.0,21.609113475177303,20.5,48.058844951511766,49.0,18.159574468085108,14.238297872340425,26.449731476334453,
__SUMMARY__,HAMMING,ITQ96_CENTERED,505.0,21.865567375886524,20.75,48.06105056751464,49.0,18.42127659574468,14.214893617021277,26.195483191628124,
__SUMMARY__,HAMMING,SIGN96_CENTERED,,29.362836879432624,28.5,47.94482639567189,48.0,26.272340425531915,24.23617021276596,18.58198951623926,
