conv_id,question_id,category,archive_size,archive_size_quartile,audit_gold_count,gold_cardinality_stratum,raw_evidence_valid,audit_evidence_valid,native_raw_any_r3,native_raw_all_r3,native_raw_fractional_r3,native_audit_any_r3,native_audit_all_r3,native_audit_fractional_r3,haar_raw_any_r3,haar_raw_all_r3,haar_raw_fractional_r3,haar_audit_any_r3,haar_audit_all_r3,haar_audit_fractional_r3,itq_raw_any_r3,itq_raw_all_r3,itq_raw_fractional_r3,itq_audit_any_r3,itq_audit_all_r3,itq_audit_fractional_r3,native_minus_haar_pp,haar_minus_native_pp
locomo_0,locomo_0_qa0,2,419,1,1,one,1,1,1.0,1.0,1.0,1.0,1.0,1.0,1.0,1.0,1.0,1.0,1.0,1.0,1.0,1.0,1.0,1.0,1.0,1.0,0.0,-0.0
locomo_0,locomo_0_qa1,2,419,1,1,one,1,1,0.0,0.0,0.0,0.0,0.0,0.0,0.0,0.0,0.0,0.0,0.0,0.0,0.0,0.0,0.0,0.0,0.0,0.0,0.0,-0.0
locomo_0,locomo_0_qa10,2,419,1,1,one,1,1,0.0,0.0,0.0,0.0,0.0,0.0,0.0,0.0,0.0,0.0,0.0,0.0,0.0,0.0,0.0,0.0,0.0,0.0,0.0,-0.0
locomo_0,locomo_0_qa100,4,419,1,1,one,1,1,0.0,0.0,0.0,0.0,0.0,0.0,0.1,0.1,0.1,0.1,0.1,0.1,0.2,0.2,0.2,0.2,0.2,0.2,-10.0,10.0
locomo_0,locomo_0_qa101,4,419,1,1,one,1,1,0.0,0.0,0.0,0.0,0.0,0.0,0.0,0.0,0.0,0.0,0.0,0.0,0.0,0.0,0.0,0.0,0.0,0.0,0.0,-0.0
locomo_0,locomo_0_qa102,4,419,1,1,one,1,1,0.0,0.0,0.0,0.0,0.0,0.0,0.0,0.0,0.0,0.0,0.0,0.0,0.4,0.4,0.4,0.4,0.4,0.4,0.0,-0.0
locomo_0,locomo_0_qa103,4,419,1,1,one,1,1,0.0,0.0,0.0,0.0,0.0,0.0,0.12,0.12,0.12,0.12,0.12,0.12,0.0,0.0,0.0,0.0,0.0,0.0,-12.0,12.0
locomo_0,locomo_0_qa104,4,419,1,1,one,1,1,0.0,0.0,0.0,0.0,0.0,0.0,0.0,0.0,0.0,0.0,0.0,0.0,0.0,0.0,0.0,0.0,0.0,0.0,0.0,-0.0
locomo_0,locomo_0_qa105,4,419,1,1,one,1,1,0.0,0.0,0.0,0.0,0.0,0.0,0.0,0.0,0.0,0.0,0.0,0.0,0.0,0.0,0.0,0.0,0.0,0.0,0.0,-0.0
locomo_0,locomo_0_qa106,4,419,1,1,one,1,1,0.0,0.0,0.0,0.0,0.0,0.0,0.0,0.0,0.0,0.0,0.0,0.0,0.0,0.0,0.0,0.0,0.0,0.0,0.0,-0.0
locomo_0,locomo_0_qa107,4,419,1,2,multi,1,1,1.0,1.0,1.0,1.0,0.0,0.5,0.29,0.29,0.29,1.0,0.4,0.7,1.0,1.0,1.0,1.0,0.6,0.8,-19.999999999999996,19.999999999999996
locomo_0,locomo_0_qa108,4,419,1,1,one,1,1,0.0,0.0,0.0,0.0,0.0,0.0,0.0,0.0,0.0,0.0,0.0,0.0,0.0,0.0,0.0,0.0,0.0,0.0,0.0,-0.0
locomo_0,locomo_0_qa109,4,419,1,1,one,1,1,0.0,0.0,0.0,0.0,0.0,0.0,0.0,0.0,0.0,0.0,0.0,0.0,0.0,0.0,0.0,0.0,0.0,0.0,0.0,-0.0
locomo_0,locomo_0_qa11,1,419,1,2,multi,1,1,0.0,0.0,0.0,0.0,0.0,0.0,0.0,0.0,0.0,0.0,0.0,0.0,0.0,0.0,0.0,0.0,0.0,0.0,0.0,-0.0
locomo_0,locomo_0_qa110,4,419,1,1,one,1,1,0.7,0.7,0.7,0.7,0.7,0.7,0.06999999999999999,0.06999999999999999,0.06999999999999999,0.06999999999999999,0.06999999999999999,0.06999999999999999,0.09,0.09,0.09,0.09,0.09,0.09,63.0,-63.0
locomo_0,locomo_0_qa111,4,419,1,1,one,1,1,1.0,1.0,1.0,0.0,0.0,0.0,1.0,1.0,1.0,0.0,0.0,0.0,0.8400000000000001,0.8400000000000001,0.8400000000000001,0.0,0.0,0.0,0.0,-0.0
locomo_0,locomo_0_qa112,4,419,1,1,one,1,1,0.0,0.0,0.0,0.0,0.0,0.0,0.0,0.0,0.0,0.0,0.0,0.0,0.0,0.0,0.0,0.0,0.0,0.0,0.0,-0.0
locomo_0,locomo_0_qa113,4,419,1,1,one,1,1,1.0,1.0,1.0,1.0,1.0,1.0,0.0,0.0,0.0,0.0,0.0,0.0,0.0,0.0,0.0,0.0,0.0,0.0,100.0,-100.0
locomo_0,locomo_0_qa114,4,419,1,1,one,1,1,1.0,1.0,1.0,1.0,1.0,1.0,0.6,0.6,0.6,0.6,0.6,0.6,0.8,0.8,0.8,0.8,0.8,0.8,40.0,-40.0
locomo_0,locomo_0_qa115,4,419,1,1,one,1,1,0.35,0.35,0.35,0.35,0.35,0.35,0.9400000000000001,0.9400000000000001,0.9400000000000001,0.9400000000000001,0.9400000000000001,0.9400000000000001,1.0,1.0,1.0,1.0,1.0,1.0,-59.00000000000001,59.00000000000001
locomo_0,locomo_0_qa116,4,419,1,1,one,1,1,0.0,0.0,0.0,0.0,0.0,0.0,0.0,0.0,0.0,0.0,0.0,0.0,0.0,0.0,0.0,0.0,0.0,0.0,0.0,-0.0
locomo_0,locomo_0_qa117,4,419,1,1,one,1,1,0.0,0.0,0.0,0.0,0.0,0.0,0.8,0.8,0.8,0.8,0.8,0.8,0.72,0.72,0.72,0.72,0.72,0.72,-80.0,80.0
locomo_0,locomo_0_qa118,4,419,1,1,one,1,1,0.0,0.0,0.0,0.0,0.0,0.0,0.0,0.0,0.0,0.0,0.0,0.0,0.0,0.0,0.0,0.0,0.0,0.0,0.0,-0.0
locomo_0,locomo_0_qa119,4,419,1,1,one,1,1,0.0,0.0,0.0,0.0,0.0,0.0,0.0,0.0,0.0,0.0,0.0,0.0,0.0,0.0,0.0,0.0,0.0,0.0,0.0,-0.0
locomo_0,locomo_0_qa12,2,419,1,1,one,1,1,1.0,1.0,1.0,1.0,1.0,1.0,0.29,0.29,0.29,0.29,0.29,0.29,0.8,0.8,0.8,0.8,0.8,0.8,71.0,-71.0
locomo_0,locomo_0_qa120,4,419,1,1,one,1,1,0.0,0.0,0.0,0.0,0.0,0.0,0.0,0.0,0.0,0.0,0.0,0.0,0.0,0.0,0.0,0.0,0.0,0.0,0.0,-0.0
locomo_0,locomo_0_qa121,4,419,1,1,one,1,1,0.0,0.0,0.0,0.0,0.0,0.0,0.0,0.0,0.0,0.0,0.0,0.0,0.0,0.0,0.0,0.0,0.0,0.0,0.0,-0.0
locomo_0,locomo_0_qa122,4,419,1,1,one,1,1,0.0,0.0,0.0,0.0,0.0,0.0,0.0,0.0,0.0,0.0,0.0,0.0,0.0,0.0,0.0,0.0,0.0,0.0,0.0,-0.0
locomo_0,locomo_0_qa123,4,419,1,1,one,1,1,0.0,0.0,0.0,0.0,0.0,0.0,0.0,0.0,0.0,0.0,0.0,0.0,0.0,0.0,0.0,0.0,0.0,0.0,0.0,-0.0
locomo_0,locomo_0_qa124,4,419,1,1,one,1,1,0.0,0.0,0.0,0.0,0.0,0.0,0.0,0.0,0.0,0.0,0.0,0.0,0.0,0.0,0.0,0.0,0.0,0.0,0.0,-0.0
locomo_0,locomo_0_qa125,4,419,1,1,one,1,1,0.0,0.0,0.0,0.0,0.0,0.0,0.0,0.0,0.0,0.0,0.0,0.0,0.0,0.0,0.0,0.0,0.0,0.0,0.0,-0.0
locomo_0,locomo_0_qa126,4,419,1,1,one,1,1,0.0,0.0,0.0,0.0,0.0,0.0,0.0,0.0,0.0,0.0,0.0,0.0,0.0,0.0,0.0,0.0,0.0,0.0,0.0,-0.0
locomo_0,locomo_0_qa127,4,419,1,1,one,1,1,1.0,1.0,1.0,1.0,1.0,1.0,0.11000000000000001,0.11000000000000001,0.11000000000000001,0.11000000000000001,0.11000000000000001,0.11000000000000001,0.0,0.0,0.0,0.0,0.0,0.0,89.0,-89.0
locomo_0,locomo_0_qa128,4,419,1,1,one,1,1,0.0,0.0,0.0,0.0,0.0,0.0,0.0,0.0,0.0,0.0,0.0,0.0,0.0,0.0,0.0,0.0,0.0,0.0,0.0,-0.0
locomo_0,locomo_0_qa129,4,419,1,1,one,1,1,0.0,0.0,0.0,0.0,0.0,0.0,0.12,0.12,0.12,0.12,0.12,0.12,0.2,0.2,0.2,0.2,0.2,0.2,-12.0,12.0
locomo_0,locomo_0_qa13,1,419,1,2,multi,1,1,0.0,0.0,0.0,0.0,0.0,0.0,0.0,0.0,0.0,0.0,0.0,0.0,0.0,0.0,0.0,0.0,0.0,0.0,0.0,-0.0
locomo_0,locomo_0_qa130,4,419,1,1,one,1,1,0.25,0.25,0.25,0.25,0.25,0.25,0.0,0.0,0.0,0.0,0.0,0.0,0.0,0.0,0.0,0.0,0.0,0.0,25.0,-25.0
locomo_0,locomo_0_qa131,4,419,1,1,one,1,1,1.0,1.0,1.0,1.0,1.0,1.0,0.8,0.8,0.8,0.8,0.8,0.8,1.0,1.0,1.0,1.0,1.0,1.0,19.999999999999996,-19.999999999999996
locomo_0,locomo_0_qa132,4,419,1,1,one,1,1,1.0,1.0,1.0,0.0,0.0,0.0,1.0,1.0,1.0,0.0,0.0,0.0,1.0,1.0,1.0,0.0,0.0,0.0,0.0,-0.0
locomo_0,locomo_0_qa133,4,419,1,1,one,1,1,1.0,1.0,1.0,1.0,1.0,1.0,0.0,0.0,0.0,0.0,0.0,0.0,0.0,0.0,0.0,0.0,0.0,0.0,100.0,-100.0
locomo_0,locomo_0_qa134,4,419,1,1,one,1,1,0.0,0.0,0.0,0.0,0.0,0.0,0.32,0.32,0.32,0.32,0.32,0.32,0.6,0.6,0.6,0.6,0.6,0.6,-32.0,32.0
locomo_0,locomo_0_qa135,4,419,1,1,one,1,1,0.0,0.0,0.0,0.0,0.0,0.0,0.0,0.0,0.0,0.0,0.0,0.0,0.0,0.0,0.0,0.0,0.0,0.0,0.0,-0.0
locomo_0,locomo_0_qa136,4,419,1,1,one,1,1,0.0,0.0,0.0,0.0,0.0,0.0,0.11000000000000001,0.11000000000000001,0.11000000000000001,0.11000000000000001,0.11000000000000001,0.11000000000000001,0.0,0.0,0.0,0.0,0.0,0.0,-11.000000000000002,11.000000000000002
locomo_0,locomo_0_qa137,4,419,1,2,multi,1,1,0.0,0.0,0.0,0.0,0.0,0.0,0.4,0.4,0.4,0.4,0.0,0.2,0.6,0.6,0.6,0.6,0.4,0.5,-20.0,20.0
locomo_0,locomo_0_qa138,4,419,1,2,multi,1,1,1.0,1.0,1.0,1.0,0.0,0.5,0.0,0.0,0.0,0.0,0.0,0.0,0.2,0.2,0.2,0.2,0.0,0.1,50.0,-50.0
locomo_0,locomo_0_qa139,4,419,1,1,one,1,1,0.0,0.0,0.0,1.0,1.0,1.0,0.0,0.0,0.0,1.0,1.0,1.0,0.0,0.0,0.0,1.0,1.0,1.0,0.0,-0.0
locomo_0,locomo_0_qa14,3,419,1,2,multi,1,1,1.0,0.0,0.5,1.0,0.0,0.5,0.6,0.0,0.3,0.6,0.0,0.3,0.5,0.0,0.25,0.5,0.0,0.25,20.0,-20.0
locomo_0,locomo_0_qa140,4,419,1,1,one,1,1,1.0,1.0,1.0,1.0,1.0,1.0,0.0,0.0,0.0,0.0,0.0,0.0,0.0,0.0,0.0,0.0,0.0,0.0,100.0,-100.0
locomo_0,locomo_0_qa141,4,419,1,1,one,1,1,0.0,0.0,0.0,0.0,0.0,0.0,0.0,0.0,0.0,0.0,0.0,0.0,0.0,0.0,0.0,0.0,0.0,0.0,0.0,-0.0
locomo_0,locomo_0_qa142,4,419,1,1,one,1,1,0.0,0.0,0.0,0.0,0.0,0.0,0.0,0.0,0.0,0.0,0.0,0.0,0.0,0.0,0.0,0.0,0.0,0.0,0.0,-0.0
locomo_0,locomo_0_qa143,4,419,1,1,one,1,1,0.0,0.0,0.0,0.0,0.0,0.0,0.0,0.0,0.0,0.0,0.0,0.0,0.0,0.0,0.0,0.0,0.0,0.0,0.0,-0.0
locomo_0,locomo_0_qa144,4,419,1,2,multi,1,1,1.0,0.0,0.5,0.0,0.0,0.0,0.8,0.0,0.4,0.0,0.0,0.0,0.53,0.0,0.265,0.0,0.0,0.0,0.0,-0.0
locomo_0,locomo_0_qa145,4,419,1,1,one,1,1,0.6,0.6,0.6,0.6,0.6,0.6,0.0,0.0,0.0,0.0,0.0,0.0,0.0,0.0,0.0,0.0,0.0,0.0,60.0,-60.0
locomo_0,locomo_0_qa146,4,419,1,1,one,1,1,0.0,0.0,0.0,0.0,0.0,0.0,0.0,0.0,0.0,0.0,0.0,0.0,0.0,0.0,0.0,0.0,0.0,0.0,0.0,-0.0
locomo_0,locomo_0_qa147,4,419,1,1,one,1,1,0.0,0.0,0.0,0.0,0.0,0.0,0.0,0.0,0.0,0.0,0.0,0.0,0.0,0.0,0.0,0.0,0.0,0.0,0.0,-0.0
locomo_0,locomo_0_qa148,4,419,1,1,one,1,1,1.0,1.0,1.0,1.0,1.0,1.0,1.0,1.0,1.0,1.0,1.0,1.0,1.0,1.0,1.0,1.0,1.0,1.0,0.0,-0.0
locomo_0,locomo_0_qa149,4,419,1,1,one,1,1,0.0,0.0,0.0,0.0,0.0,0.0,0.0,0.0,0.0,0.0,0.0,0.0,0.0,0.0,0.0,0.0,0.0,0.0,0.0,-0.0
locomo_0,locomo_0_qa15,1,419,1,4,multi,1,1,0.0,0.0,0.0,0.0,0.0,0.0,0.2,0.0,0.05,0.2,0.0,0.05,0.13999999999999999,0.0,0.034999999999999996,0.13999999999999999,0.0,0.034999999999999996,-5.0,5.0
locomo_0,locomo_0_qa150,4,419,1,1,one,1,1,0.0,0.0,0.0,0.0,0.0,0.0,0.0,0.0,0.0,0.0,0.0,0.0,0.0,0.0,0.0,0.0,0.0,0.0,0.0,-0.0
locomo_0,locomo_0_qa151,4,419,1,1,one,1,1,1.0,1.0,1.0,1.0,1.0,1.0,0.8699999999999999,0.8699999999999999,0.8699999999999999,0.8699999999999999,0.8699999999999999,0.8699999999999999,0.8,0.8,0.8,0.8,0.8,0.8,13.00000000000001,-13.00000000000001
locomo_0,locomo_0_qa16,2,419,1,1,one,1,1,0.0,0.0,0.0,0.0,0.0,0.0,0.29,0.29,0.29,0.29,0.29,0.29,0.06999999999999999,0.06999999999999999,0.06999999999999999,0.06999999999999999,0.06999999999999999,0.06999999999999999,-28.999999999999996,28.999999999999996
locomo_0,locomo_0_qa17,2,419,1,1,one,1,1,1.0,1.0,1.0,1.0,1.0,1.0,1.0,1.0,1.0,1.0,1.0,1.0,1.0,1.0,1.0,1.0,1.0,1.0,0.0,-0.0
locomo_0,locomo_0_qa18,1,419,1,3,multi,1,1,0.0,0.0,0.0,0.0,0.0,0.0,0.2,0.0,0.06666666666666665,0.2,0.0,0.06666666666666665,0.08,0.0,0.026666666666666665,0.08,0.0,0.026666666666666665,-6.666666666666665,6.666666666666665
locomo_0,locomo_0_qa19,1,419,1,2,multi,1,1,0.0,0.0,0.0,0.0,0.0,0.0,0.0,0.0,0.0,0.0,0.0,0.0,0.0,0.0,0.0,0.0,0.0,0.0,0.0,-0.0
locomo_0,locomo_0_qa2,3,419,1,2,multi,1,1,0.0,0.0,0.0,0.0,0.0,0.0,0.0,0.0,0.0,0.0,0.0,0.0,0.0,0.0,0.0,0.0,0.0,0.0,0.0,-0.0
locomo_0,locomo_0_qa20,2,419,1,1,one,1,1,0.0,0.0,0.0,0.0,0.0,0.0,0.0,0.0,0.0,0.0,0.0,0.0,0.0,0.0,0.0,0.0,0.0,0.0,0.0,-0.0
locomo_0,locomo_0_qa21,2,419,1,1,one,1,1,0.0,0.0,0.0,0.0,0.0,0.0,0.0,0.0,0.0,0.0,0.0,0.0,0.0,0.0,0.0,0.0,0.0,0.0,0.0,-0.0
locomo_0,locomo_0_qa22,3,419,1,1,one,1,1,1.0,1.0,1.0,1.0,1.0,1.0,1.0,1.0,1.0,1.0,1.0,1.0,1.0,1.0,1.0,1.0,1.0,1.0,0.0,-0.0
locomo_0,locomo_0_qa23,1,419,1,2,multi,1,1,0.0,0.0,0.0,0.0,0.0,0.0,0.0,0.0,0.0,0.0,0.0,0.0,0.0,0.0,0.0,0.0,0.0,0.0,0.0,-0.0
locomo_0,locomo_0_qa24,1,419,1,2,multi,1,1,0.0,0.0,0.0,0.0,0.0,0.0,0.0,0.0,0.0,0.0,0.0,0.0,0.0,0.0,0.0,0.0,0.0,0.0,0.0,-0.0
locomo_0,locomo_0_qa25,2,419,1,1,one,1,1,0.0,0.0,0.0,0.0,0.0,0.0,0.0,0.0,0.0,0.0,0.0,0.0,0.0,0.0,0.0,0.0,0.0,0.0,0.0,-0.0
locomo_0,locomo_0_qa26,2,419,1,1,one,1,1,0.0,0.0,0.0,0.0,0.0,0.0,0.0,0.0,0.0,0.0,0.0,0.0,0.0,0.0,0.0,0.0,0.0,0.0,0.0,-0.0
locomo_0,locomo_0_qa27,3,419,1,2,multi,1,1,0.0,0.0,0.0,0.0,0.0,0.0,0.06999999999999999,0.0,0.034999999999999996,0.06999999999999999,0.0,0.034999999999999996,0.51,0.0,0.255,0.51,0.0,0.255,-3.4999999999999996,3.4999999999999996
locomo_0,locomo_0_qa28,2,419,1,1,one,1,1,0.0,0.0,0.0,0.0,0.0,0.0,0.0,0.0,0.0,0.0,0.0,0.0,0.0,0.0,0.0,0.0,0.0,0.0,0.0,-0.0
locomo_0,locomo_0_qa29,2,419,1,1,one,1,1,0.0,0.0,0.0,0.0,0.0,0.0,0.0,0.0,0.0,0.0,0.0,0.0,0.0,0.0,0.0,0.0,0.0,0.0,0.0,-0.0
locomo_0,locomo_0_qa3,1,419,1,1,one,1,1,0.0,0.0,0.0,0.0,0.0,0.0,0.0,0.0,0.0,0.0,0.0,0.0,0.0,0.0,0.0,0.0,0.0,0.0,0.0,-0.0
locomo_0,locomo_0_qa30,3,419,1,0,invalid_zero,0,0,,,,,,,,,,,,,,,,,,,,
locomo_0,locomo_0_qa31,2,419,1,1,one,1,1,0.0,0.0,0.0,0.0,0.0,0.0,0.0,0.0,0.0,0.0,0.0,0.0,0.0,0.0,0.0,0.0,0.0,0.0,0.0,-0.0
locomo_0,locomo_0_qa32,1,419,1,7,multi,1,1,0.2,0.0,0.05,0.2,0.0,0.02857142857142857,0.9400000000000001,0.0,0.33999999999999997,0.9400000000000001,0.0,0.23857142857142857,0.8,0.0,0.25,0.8,0.0,0.1714285714285714,-21.0,21.0
locomo_0,locomo_0_qa33,2,419,1,1,one,1,1,0.4,0.4,0.4,0.4,0.4,0.4,0.37,0.37,0.37,0.37,0.37,0.37,0.48999999999999994,0.48999999999999994,0.48999999999999994,0.48999999999999994,0.48999999999999994,0.48999999999999994,3.0000000000000027,-3.0000000000000027
locomo_0,locomo_0_qa34,1,419,1,2,multi,1,1,0.0,0.0,0.0,0.0,0.0,0.0,0.0,0.0,0.0,0.0,0.0,0.0,0.0,0.0,0.0,0.0,0.0,0.0,0.0,-0.0
locomo_0,locomo_0_qa35,2,419,1,1,one,1,1,0.0,0.0,0.0,0.0,0.0,0.0,0.0,0.0,0.0,0.0,0.0,0.0,0.0,0.0,0.0,0.0,0.0,0.0,0.0,-0.0
locomo_0,locomo_0_qa36,2,419,1,1,one,1,1,1.0,1.0,1.0,1.0,1.0,1.0,0.0,0.0,0.0,0.0,0.0,0.0,0.0,0.0,0.0,0.0,0.0,0.0,100.0,-100.0
locomo_0,locomo_0_qa37,1,419,1,2,multi,1,1,0.0,0.0,0.0,0.0,0.0,0.0,0.0,0.0,0.0,0.0,0.0,0.0,0.0,0.0,0.0,0.0,0.0,0.0,0.0,-0.0
locomo_0,locomo_0_qa38,1,419,1,6,multi,1,1,0.0,0.0,0.0,0.0,0.0,0.0,0.0,0.0,0.0,0.0,0.0,0.0,0.0,0.0,0.0,0.2,0.0,0.033333333333333326,0.0,-0.0
locomo_0,locomo_0_qa39,1,419,1,4,multi,1,1,1.0,0.0,0.25,1.0,0.0,0.25,0.8,0.0,0.2,0.8,0.0,0.2,0.55,0.0,0.1375,0.55,0.0,0.1375,4.999999999999999,-4.999999999999999
locomo_0,locomo_0_qa4,1,419,1,2,multi,1,1,0.0,0.0,0.0,0.0,0.0,0.0,0.0,0.0,0.0,0.2,0.0,0.1,0.0,0.0,0.0,0.0,0.0,0.0,-10.0,10.0
locomo_0,locomo_0_qa40,1,419,1,2,multi,1,1,1.0,0.0,0.5,1.0,0.0,0.5,0.8400000000000001,0.0,0.42000000000000004,0.8400000000000001,0.0,0.42000000000000004,0.5700000000000001,0.0,0.28500000000000003,0.5700000000000001,0.0,0.28500000000000003,7.9999999999999964,-7.9999999999999964
locomo_0,locomo_0_qa41,2,419,1,1,one,1,1,0.0,0.0,0.0,0.0,0.0,0.0,0.0,0.0,0.0,0.0,0.0,0.0,0.0,0.0,0.0,0.0,0.0,0.0,0.0,-0.0
locomo_0,locomo_0_qa42,3,419,1,2,multi,1,1,0.0,0.0,0.0,0.0,0.0,0.0,0.0,0.0,0.0,0.0,0.0,0.0,0.0,0.0,0.0,0.0,0.0,0.0,0.0,-0.0
locomo_0,locomo_0_qa43,1,419,1,5,multi,1,1,0.0,0.0,0.0,0.0,0.0,0.0,0.0,0.0,0.0,0.0,0.0,0.0,0.0,0.0,0.0,0.0,0.0,0.0,0.0,-0.0
locomo_0,locomo_0_qa44,2,419,1,1,one,1,1,1.0,1.0,1.0,1.0,1.0,1.0,1.0,1.0,1.0,1.0,1.0,1.0,1.0,1.0,1.0,1.0,1.0,1.0,0.0,-0.0
locomo_0,locomo_0_qa45,2,419,1,1,one,1,1,0.0,0.0,0.0,0.0,0.0,0.0,0.2,0.2,0.2,0.2,0.2,0.2,0.2,0.2,0.2,0.2,0.2,0.2,-20.0,20.0
locomo_0,locomo_0_qa46,3,419,1,0,invalid_zero,0,0,,,,,,,,,,,,,,,,,,,,
locomo_0,locomo_0_qa47,1,419,1,2,multi,1,1,1.0,0.0,0.5,1.0,0.0,0.5,0.0,0.0,0.0,0.0,0.0,0.0,0.2,0.0,0.1,0.2,0.0,0.1,50.0,-50.0
locomo_0,locomo_0_qa48,1,419,1,4,multi,1,1,0.0,0.0,0.0,0.0,0.0,0.0,0.0,0.0,0.0,0.0,0.0,0.0,0.0,0.0,0.0,0.0,0.0,0.0,0.0,-0.0
locomo_0,locomo_0_qa49,2,419,1,1,one,1,1,0.0,0.0,0.0,0.0,0.0,0.0,0.0,0.0,0.0,0.0,0.0,0.0,0.0,0.0,0.0,0.0,0.0,0.0,0.0,-0.0
locomo_0,locomo_0_qa5,2,419,1,1,one,1,1,1.0,1.0,1.0,1.0,1.0,1.0,0.0,0.0,0.0,0.0,0.0,0.0,0.0,0.0,0.0,0.0,0.0,0.0,100.0,-100.0
locomo_0,locomo_0_qa50,3,419,1,1,one,1,1,0.0,0.0,0.0,0.0,0.0,0.0,0.0,0.0,0.0,0.0,0.0,0.0,0.4,0.4,0.4,0.4,0.4,0.4,0.0,-0.0
locomo_0,locomo_0_qa51,1,419,1,3,multi,1,1,0.0,0.0,0.0,0.0,0.0,0.0,0.2,0.0,0.06666666666666665,0.2,0.0,0.06666666666666665,0.09,0.0,0.03,0.09,0.0,0.03,-6.666666666666665,6.666666666666665
locomo_0,locomo_0_qa52,1,419,1,2,multi,1,1,0.0,0.0,0.0,0.0,0.0,0.0,0.0,0.0,0.0,0.0,0.0,0.0,0.0,0.0,0.0,0.0,0.0,0.0,0.0,-0.0
locomo_0,locomo_0_qa53,2,419,1,1,one,1,1,1.0,1.0,1.0,1.0,1.0,1.0,0.8,0.8,0.8,0.8,0.8,0.8,0.89,0.89,0.89,0.89,0.89,0.89,19.999999999999996,-19.999999999999996
locomo_0,locomo_0_qa54,2,419,1,1,one,1,1,1.0,1.0,1.0,1.0,1.0,1.0,0.06999999999999999,0.06999999999999999,0.06999999999999999,0.06999999999999999,0.06999999999999999,0.06999999999999999,0.0,0.0,0.0,0.0,0.0,0.0,93.0,-93.0
locomo_0,locomo_0_qa55,1,419,1,2,multi,1,1,0.0,0.0,0.0,0.0,0.0,0.0,0.15,0.0,0.075,0.15,0.0,0.075,0.0,0.0,0.0,0.0,0.0,0.0,-7.5,7.5
locomo_0,locomo_0_qa56,1,419,1,1,one,1,1,0.0,0.0,0.0,0.0,0.0,0.0,0.0,0.0,0.0,0.0,0.0,0.0,0.0,0.0,0.0,0.0,0.0,0.0,0.0,-0.0
locomo_0,locomo_0_qa57,2,419,1,1,one,1,1,0.0,0.0,0.0,0.0,0.0,0.0,0.0,0.0,0.0,0.0,0.0,0.0,0.0,0.0,0.0,0.0,0.0,0.0,0.0,-0.0
locomo_0,locomo_0_qa58,2,419,1,1,one,1,1,1.0,1.0,1.0,1.0,1.0,1.0,0.0,0.0,0.0,0.0,0.0,0.0,0.0,0.0,0.0,0.0,0.0,0.0,100.0,-100.0
locomo_0,locomo_0_qa59,3,419,1,2,multi,1,1,0.0,0.0,0.0,0.0,0.0,0.0,0.8,0.0,0.4,0.8,0.0,0.4,1.0,0.0,0.5,1.0,0.0,0.5,-40.0,40.0
locomo_0,locomo_0_qa6,2,419,1,1,one,1,1,1.0,1.0,1.0,1.0,1.0,1.0,0.6,0.6,0.6,0.6,0.6,0.6,0.7,0.7,0.7,0.7,0.7,0.7,40.0,-40.0
locomo_0,locomo_0_qa60,1,419,1,2,multi,1,1,0.0,0.0,0.0,0.0,0.0,0.0,0.0,0.0,0.0,0.0,0.0,0.0,0.0,0.0,0.0,0.0,0.0,0.0,0.0,-0.0
locomo_0,locomo_0_qa61,1,419,1,2,multi,1,1,1.0,0.0,0.5,1.0,0.0,0.5,0.0,0.0,0.0,0.0,0.0,0.0,0.0,0.0,0.0,0.0,0.0,0.0,50.0,-50.0
locomo_0,locomo_0_qa62,2,419,1,1,one,1,1,0.25,0.25,0.25,0.25,0.25,0.25,0.0,0.0,0.0,0.0,0.0,0.0,0.0,0.0,0.0,0.0,0.0,0.0,25.0,-25.0
locomo_0,locomo_0_qa63,2,419,1,1,one,1,1,1.0,1.0,1.0,1.0,1.0,1.0,0.8,0.8,0.8,0.8,0.8,0.8,1.0,1.0,1.0,1.0,1.0,1.0,19.999999999999996,-19.999999999999996
locomo_0,locomo_0_qa64,3,419,1,1,one,1,1,0.0,0.0,0.0,0.0,0.0,0.0,0.0,0.0,0.0,0.0,0.0,0.0,0.0,0.0,0.0,0.0,0.0,0.0,0.0,-0.0
locomo_0,locomo_0_qa65,1,419,1,2,multi,1,1,0.0,0.0,0.0,0.0,0.0,0.0,0.0,0.0,0.0,0.0,0.0,0.0,0.0,0.0,0.0,0.0,0.0,0.0,0.0,-0.0
locomo_0,locomo_0_qa66,1,419,1,5,multi,1,1,0.0,0.0,0.0,0.0,0.0,0.0,0.0,0.0,0.0,0.0,0.0,0.0,0.0,0.0,0.0,0.0,0.0,0.0,0.0,-0.0
locomo_0,locomo_0_qa67,2,419,1,1,one,1,1,0.0,0.0,0.0,0.0,0.0,0.0,0.0,0.0,0.0,0.0,0.0,0.0,0.0,0.0,0.0,0.0,0.0,0.0,0.0,-0.0
locomo_0,locomo_0_qa68,2,419,1,1,one,1,1,0.0,0.0,0.0,0.0,0.0,0.0,0.0,0.0,0.0,0.0,0.0,0.0,0.0,0.0,0.0,0.0,0.0,0.0,0.0,-0.0
locomo_0,locomo_0_qa69,3,419,1,3,multi,1,1,0.0,0.0,0.0,0.0,0.0,0.0,0.0,0.0,0.0,0.0,0.0,0.0,0.0,0.0,0.0,0.0,0.0,0.0,0.0,-0.0
locomo_0,locomo_0_qa7,1,419,1,2,multi,1,1,0.0,0.0,0.0,0.0,0.0,0.0,0.0,0.0,0.0,0.0,0.0,0.0,0.0,0.0,0.0,0.0,0.0,0.0,0.0,-0.0
locomo_0,locomo_0_qa70,1,419,1,2,multi,1,1,1.0,0.0,0.5,1.0,0.0,0.5,0.6,0.0,0.3,0.6,0.0,0.3,0.67,0.0,0.335,0.67,0.0,0.335,20.0,-20.0
locomo_0,locomo_0_qa71,1,419,1,2,multi,1,1,0.0,0.0,0.0,0.0,0.0,0.0,0.0,0.0,0.0,0.0,0.0,0.0,0.0,0.0,0.0,0.0,0.0,0.0,0.0,-0.0
locomo_0,locomo_0_qa72,2,419,1,1,one,1,1,0.0,0.0,0.0,0.0,0.0,0.0,0.0,0.0,0.0,0.0,0.0,0.0,0.0,0.0,0.0,0.0,0.0,0.0,0.0,-0.0
locomo_0,locomo_0_qa73,2,419,1,1,one,1,1,0.0,0.0,0.0,0.0,0.0,0.0,0.0,0.0,0.0,0.0,0.0,0.0,0.0,0.0,0.0,0.0,0.0,0.0,0.0,-0.0
locomo_0,locomo_0_qa74,2,419,1,1,one,1,1,0.0,0.0,0.0,0.0,0.0,0.0,0.0,0.0,0.0,0.0,0.0,0.0,0.0,0.0,0.0,0.0,0.0,0.0,0.0,-0.0
locomo_0,locomo_0_qa75,1,419,1,2,multi,1,1,0.0,0.0,0.0,0.0,0.0,0.0,0.0,0.0,0.0,0.0,0.0,0.0,0.0,0.0,0.0,0.0,0.0,0.0,0.0,-0.0
locomo_0,locomo_0_qa76,1,419,1,1,one,1,1,1.0,1.0,1.0,1.0,1.0,1.0,0.0,0.0,0.0,0.0,0.0,0.0,0.0,0.0,0.0,0.0,0.0,0.0,100.0,-100.0
locomo_0,locomo_0_qa77,3,419,1,4,multi,1,1,0.0,0.0,0.0,0.0,0.0,0.0,0.0,0.0,0.0,0.0,0.0,0.0,0.2,0.0,0.1,0.2,0.0,0.05,0.0,-0.0
locomo_0,locomo_0_qa78,1,419,1,2,multi,1,1,0.0,0.0,0.0,0.0,0.0,0.0,0.02,0.0,0.01,0.02,0.0,0.01,0.0,0.0,0.0,0.0,0.0,0.0,-1.0,1.0
locomo_0,locomo_0_qa79,2,419,1,1,one,1,1,0.0,0.0,0.0,0.0,0.0,0.0,0.0,0.0,0.0,0.0,0.0,0.0,0.0,0.0,0.0,0.0,0.0,0.0,0.0,-0.0
locomo_0,locomo_0_qa8,2,419,1,1,one,1,1,0.0,0.0,0.0,0.0,0.0,0.0,0.0,0.0,0.0,0.0,0.0,0.0,0.0,0.0,0.0,0.0,0.0,0.0,0.0,-0.0
locomo_0,locomo_0_qa80,2,419,1,1,one,1,1,0.0,0.0,0.0,0.0,0.0,0.0,0.0,0.0,0.0,0.0,0.0,0.0,0.0,0.0,0.0,0.0,0.0,0.0,0.0,-0.0
locomo_0,locomo_0_qa81,3,419,1,2,multi,1,1,1.0,0.0,0.5,1.0,0.0,0.5,0.31,0.0,0.155,0.31,0.0,0.155,0.0,0.0,0.0,0.0,0.0,0.0,34.5,-34.5
locomo_0,locomo_0_qa82,4,419,1,1,one,1,1,1.0,1.0,1.0,1.0,1.0,1.0,0.4,0.4,0.4,0.4,0.4,0.4,0.2,0.2,0.2,0.2,0.2,0.2,60.0,-60.0
locomo_0,locomo_0_qa83,4,419,1,1,one,1,1,0.0,0.0,0.0,0.0,0.0,0.0,0.0,0.0,0.0,0.0,0.0,0.0,0.0,0.0,0.0,0.0,0.0,0.0,0.0,-0.0
locomo_0,locomo_0_qa84,4,419,1,1,one,1,1,0.0,0.0,0.0,0.0,0.0,0.0,0.0,0.0,0.0,0.0,0.0,0.0,0.0,0.0,0.0,0.0,0.0,0.0,0.0,-0.0
locomo_0,locomo_0_qa85,4,419,1,1,one,1,1,0.0,0.0,0.0,0.0,0.0,0.0,0.0,0.0,0.0,0.0,0.0,0.0,0.0,0.0,0.0,0.0,0.0,0.0,0.0,-0.0
locomo_0,locomo_0_qa86,4,419,1,1,one,1,1,0.0,0.0,0.0,0.0,0.0,0.0,0.41,0.41,0.41,0.41,0.41,0.41,0.6799999999999999,0.6799999999999999,0.6799999999999999,0.6799999999999999,0.6799999999999999,0.6799999999999999,-41.0,41.0
locomo_0,locomo_0_qa87,4,419,1,1,one,1,1,0.0,0.0,0.0,0.0,0.0,0.0,0.0,0.0,0.0,0.0,0.0,0.0,0.0,0.0,0.0,0.0,0.0,0.0,0.0,-0.0
locomo_0,locomo_0_qa88,4,419,1,1,one,1,1,0.0,0.0,0.0,0.0,0.0,0.0,0.0,0.0,0.0,0.0,0.0,0.0,0.0,0.0,0.0,0.0,0.0,0.0,0.0,-0.0
locomo_0,locomo_0_qa89,4,419,1,1,one,1,1,0.0,0.0,0.0,0.0,0.0,0.0,0.0,0.0,0.0,0.0,0.0,0.0,0.0,0.0,0.0,0.0,0.0,0.0,0.0,-0.0
locomo_0,locomo_0_qa9,2,419,1,1,one,1,1,1.0,1.0,1.0,1.0,1.0,1.0,1.0,1.0,1.0,1.0,1.0,1.0,1.0,1.0,1.0,1.0,1.0,1.0,0.0,-0.0
locomo_0,locomo_0_qa90,4,419,1,1,one,1,1,0.0,0.0,0.0,0.0,0.0,0.0,0.0,0.0,0.0,0.0,0.0,0.0,0.0,0.0,0.0,0.0,0.0,0.0,0.0,-0.0
locomo_0,locomo_0_qa91,4,419,1,1,one,1,1,0.0,0.0,0.0,0.0,0.0,0.0,0.0,0.0,0.0,0.0,0.0,0.0,0.0,0.0,0.0,0.0,0.0,0.0,0.0,-0.0
locomo_0,locomo_0_qa92,4,419,1,1,one,1,1,1.0,1.0,1.0,1.0,1.0,1.0,1.0,1.0,1.0,1.0,1.0,1.0,1.0,1.0,1.0,1.0,1.0,1.0,0.0,-0.0
locomo_0,locomo_0_qa93,4,419,1,1,one,1,1,1.0,1.0,1.0,1.0,1.0,1.0,1.0,1.0,1.0,1.0,1.0,1.0,1.0,1.0,1.0,1.0,1.0,1.0,0.0,-0.0
locomo_0,locomo_0_qa94,4,419,1,1,one,1,1,1.0,1.0,1.0,1.0,1.0,1.0,0.8,0.8,0.8,0.8,0.8,0.8,0.8,0.8,0.8,0.8,0.8,0.8,19.999999999999996,-19.999999999999996
locomo_0,locomo_0_qa95,4,419,1,1,one,1,1,0.0,0.0,0.0,0.0,0.0,0.0,0.0,0.0,0.0,0.0,0.0,0.0,0.06,0.06,0.06,0.06,0.06,0.06,0.0,-0.0
locomo_0,locomo_0_qa96,4,419,1,1,one,1,1,0.0,0.0,0.0,0.0,0.0,0.0,0.0,0.0,0.0,0.0,0.0,0.0,0.0,0.0,0.0,0.0,0.0,0.0,0.0,-0.0
locomo_0,locomo_0_qa97,4,419,1,1,one,1,1,0.0,0.0,0.0,0.0,0.0,0.0,0.0,0.0,0.0,0.0,0.0,0.0,0.0,0.0,0.0,0.0,0.0,0.0,0.0,-0.0
locomo_0,locomo_0_qa98,4,419,1,1,one,1,1,0.0,0.0,0.0,0.0,0.0,0.0,1.0,1.0,1.0,1.0,1.0,1.0,1.0,1.0,1.0,1.0,1.0,1.0,-100.0,100.0
locomo_0,locomo_0_qa99,4,419,1,1,one,1,1,0.0,0.0,0.0,0.0,0.0,0.0,0.0,0.0,0.0,0.0,0.0,0.0,0.0,0.0,0.0,0.0,0.0,0.0,0.0,-0.0
locomo_1,locomo_1_qa0,2,369,1,1,one,1,1,1.0,1.0,1.0,1.0,1.0,1.0,1.0,1.0,1.0,1.0,1.0,1.0,1.0,1.0,1.0,1.0,1.0,1.0,0.0,-0.0
locomo_1,locomo_1_qa1,2,369,1,1,one,1,1,1.0,1.0,1.0,1.0,1.0,1.0,1.0,1.0,1.0,1.0,1.0,1.0,1.0,1.0,1.0,1.0,1.0,1.0,0.0,-0.0
locomo_1,locomo_1_qa10,2,369,1,1,one,1,1,1.0,1.0,1.0,1.0,1.0,1.0,0.43,0.43,0.43,0.43,0.43,0.43,0.52,0.52,0.52,0.52,0.52,0.52,57.00000000000001,-57.00000000000001
locomo_1,locomo_1_qa11,2,369,1,1,one,1,1,0.0,0.0,0.0,0.0,0.0,0.0,0.0,0.0,0.0,0.0,0.0,0.0,0.0,0.0,0.0,0.0,0.0,0.0,0.0,-0.0
locomo_1,locomo_1_qa12,2,369,1,1,one,1,1,0.0,0.0,0.0,0.0,0.0,0.0,0.0,0.0,0.0,0.0,0.0,0.0,0.0,0.0,0.0,0.0,0.0,0.0,0.0,-0.0
locomo_1,locomo_1_qa13,2,369,1,1,one,1,1,0.0,0.0,0.0,0.0,0.0,0.0,0.4,0.4,0.4,0.4,0.4,0.4,0.2,0.2,0.2,0.2,0.2,0.2,-40.0,40.0
locomo_1,locomo_1_qa14,2,369,1,1,one,1,1,1.0,1.0,1.0,1.0,1.0,1.0,0.8,0.8,0.8,0.8,0.8,0.8,1.0,1.0,1.0,1.0,1.0,1.0,19.999999999999996,-19.999999999999996
locomo_1,locomo_1_qa15,2,369,1,1,one,1,1,0.2,0.2,0.2,0.2,0.2,0.2,0.2,0.2,0.2,0.2,0.2,0.2,0.47000000000000003,0.47000000000000003,0.47000000000000003,0.47000000000000003,0.47000000000000003,0.47000000000000003,0.0,-0.0
locomo_1,locomo_1_qa16,2,369,1,1,one,1,1,0.0,0.0,0.0,0.0,0.0,0.0,0.0,0.0,0.0,0.0,0.0,0.0,0.0,0.0,0.0,0.0,0.0,0.0,0.0,-0.0
locomo_1,locomo_1_qa17,1,369,1,2,multi,1,1,0.0,0.0,0.0,0.0,0.0,0.0,0.0,0.0,0.0,0.0,0.0,0.0,0.0,0.0,0.0,0.0,0.0,0.0,0.0,-0.0
locomo_1,locomo_1_qa18,1,369,1,2,multi,1,1,0.0,0.0,0.0,0.0,0.0,0.0,0.0,0.0,0.0,0.0,0.0,0.0,0.0,0.0,0.0,0.0,0.0,0.0,0.0,-0.0
locomo_1,locomo_1_qa19,2,369,1,1,one,1,1,1.0,1.0,1.0,1.0,1.0,1.0,0.82,0.82,0.82,0.82,0.82,0.82,0.9400000000000001,0.9400000000000001,0.9400000000000001,0.9400000000000001,0.9400000000000001,0.9400000000000001,18.000000000000004,-18.000000000000004
locomo_1,locomo_1_qa2,4,369,1,2,multi,1,1,0.0,0.0,0.0,0.0,0.0,0.0,0.0,0.0,0.0,0.0,0.0,0.0,0.0,0.0,0.0,0.0,0.0,0.0,0.0,-0.0
locomo_1,locomo_1_qa20,2,369,1,1,one,1,1,1.0,1.0,1.0,1.0,1.0,1.0,0.0,0.0,0.0,0.0,0.0,0.0,0.6,0.6,0.6,0.6,0.6,0.6,100.0,-100.0
locomo_1,locomo_1_qa21,2,369,1,1,one,1,1,1.0,1.0,1.0,1.0,1.0,1.0,0.6,0.6,0.6,0.6,0.6,0.6,0.8,0.8,0.8,0.8,0.8,0.8,40.0,-40.0
locomo_1,locomo_1_qa22,2,369,1,1,one,1,1,1.0,1.0,1.0,1.0,1.0,1.0,0.8,0.8,0.8,0.8,0.8,0.8,0.93,0.93,0.93,0.93,0.93,0.93,19.999999999999996,-19.999999999999996
locomo_1,locomo_1_qa23,1,369,1,4,multi,1,1,0.0,0.0,0.0,0.0,0.0,0.0,0.0,0.0,0.0,0.0,0.0,0.0,0.13,0.0,0.0325,0.13,0.0,0.0325,0.0,-0.0
locomo_1,locomo_1_qa24,1,369,1,3,multi,1,1,0.0,0.0,0.0,0.0,0.0,0.0,0.3,0.0,0.09999999999999999,0.3,0.0,0.09999999999999999,0.2,0.0,0.06666666666666665,0.2,0.0,0.06666666666666665,-10.0,10.0
locomo_1,locomo_1_qa25,1,369,1,2,multi,1,1,0.0,0.0,0.0,0.0,0.0,0.0,0.2,0.0,0.1,0.2,0.0,0.1,0.2,0.0,0.1,0.2,0.0,0.1,-10.0,10.0
locomo_1,locomo_1_qa26,2,369,1,1,one,1,1,0.0,0.0,0.0,0.0,0.0,0.0,0.0,0.0,0.0,0.0,0.0,0.0,0.0,0.0,0.0,0.0,0.0,0.0,0.0,-0.0
locomo_1,locomo_1_qa27,1,369,1,5,multi,1,1,1.0,0.0,0.3100000000000001,1.0,0.0,0.3100000000000001,0.4,0.0,0.12000000000000002,0.4,0.0,0.12000000000000002,0.27,0.0,0.054000000000000006,0.27,0.0,0.054000000000000006,19.000000000000007,-19.000000000000007
locomo_1,locomo_1_qa28,2,369,1,1,one,1,1,0.75,0.75,0.75,0.75,0.75,0.75,0.4,0.4,0.4,0.4,0.4,0.4,0.8,0.8,0.8,0.8,0.8,0.8,35.0,-35.0
locomo_1,locomo_1_qa29,1,369,1,2,multi,1,1,0.0,0.0,0.0,0.0,0.0,0.0,0.0,0.0,0.0,0.0,0.0,0.0,0.0,0.0,0.0,0.0,0.0,0.0,0.0,-0.0
locomo_1,locomo_1_qa3,1,369,1,4,multi,1,1,0.0,0.0,0.0,0.0,0.0,0.0,0.0,0.0,0.0,0.0,0.0,0.0,0.0,0.0,0.0,0.0,0.0,0.0,0.0,-0.0
locomo_1,locomo_1_qa30,2,369,1,1,one,1,1,0.0,0.0,0.0,0.0,0.0,0.0,0.08,0.08,0.08,0.08,0.08,0.08,0.0,0.0,0.0,0.0,0.0,0.0,-8.0,8.0
locomo_1,locomo_1_qa31,1,369,1,2,multi,1,1,0.0,0.0,0.0,0.0,0.0,0.0,0.0,0.0,0.0,0.0,0.0,0.0,0.0,0.0,0.0,0.0,0.0,0.0,0.0,-0.0
locomo_1,locomo_1_qa32,2,369,1,1,one,1,1,0.0,0.0,0.0,0.0,0.0,0.0,0.0,0.0,0.0,0.0,0.0,0.0,0.0,0.0,0.0,0.0,0.0,0.0,0.0,-0.0
locomo_1,locomo_1_qa33,2,369,1,1,one,1,1,0.75,0.75,0.75,0.75,0.75,0.75,0.0,0.0,0.0,0.0,0.0,0.0,0.6,0.6,0.6,0.6,0.6,0.6,75.0,-75.0
locomo_1,locomo_1_qa34,2,369,1,1,one,1,1,0.0,0.0,0.0,0.0,0.0,0.0,0.0,0.0,0.0,0.0,0.0,0.0,0.0,0.0,0.0,0.0,0.0,0.0,0.0,-0.0
locomo_1,locomo_1_qa35,2,369,1,1,one,1,1,0.0,0.0,0.0,0.0,0.0,0.0,0.4,0.4,0.4,0.4,0.4,0.4,0.15,0.15,0.15,0.15,0.15,0.15,-40.0,40.0
locomo_1,locomo_1_qa36,2,369,1,1,one,1,1,0.0,0.0,0.0,0.0,0.0,0.0,0.0,0.0,0.0,0.0,0.0,0.0,0.0,0.0,0.0,0.0,0.0,0.0,0.0,-0.0
locomo_1,locomo_1_qa37,2,369,1,1,one,1,1,1.0,1.0,1.0,1.0,1.0,1.0,1.0,1.0,1.0,1.0,1.0,1.0,1.0,1.0,1.0,1.0,1.0,1.0,0.0,-0.0
locomo_1,locomo_1_qa38,2,369,1,1,one,1,1,1.0,1.0,1.0,1.0,1.0,1.0,0.6,0.6,0.6,0.6,0.6,0.6,1.0,1.0,1.0,1.0,1.0,1.0,40.0,-40.0
locomo_1,locomo_1_qa39,4,369,1,1,one,1,1,0.0,0.0,0.0,0.0,0.0,0.0,0.0,0.0,0.0,0.0,0.0,0.0,0.0,0.0,0.0,0.0,0.0,0.0,0.0,-0.0
locomo_1,locomo_1_qa4,4,369,1,2,multi,1,1,0.0,0.0,0.0,0.0,0.0,0.0,0.0,0.0,0.0,0.0,0.0,0.0,0.0,0.0,0.0,0.0,0.0,0.0,0.0,-0.0
locomo_1,locomo_1_qa40,4,369,1,1,one,1,1,0.0,0.0,0.0,0.0,0.0,0.0,0.0,0.0,0.0,0.0,0.0,0.0,0.0,0.0,0.0,0.0,0.0,0.0,0.0,-0.0
locomo_1,locomo_1_qa41,4,369,1,1,one,1,1,0.0,0.0,0.0,0.0,0.0,0.0,0.0,0.0,0.0,0.0,0.0,0.0,0.0,0.0,0.0,0.0,0.0,0.0,0.0,-0.0
locomo_1,locomo_1_qa42,4,369,1,1,one,1,1,0.4,0.4,0.4,0.4,0.4,0.4,0.0,0.0,0.0,0.0,0.0,0.0,0.0,0.0,0.0,0.0,0.0,0.0,40.0,-40.0
locomo_1,locomo_1_qa43,4,369,1,1,one,1,1,0.0,0.0,0.0,0.0,0.0,0.0,0.0,0.0,0.0,0.0,0.0,0.0,0.0,0.0,0.0,0.0,0.0,0.0,0.0,-0.0
locomo_1,locomo_1_qa44,4,369,1,1,one,1,1,0.0,0.0,0.0,0.0,0.0,0.0,0.0,0.0,0.0,0.0,0.0,0.0,0.0,0.0,0.0,0.0,0.0,0.0,0.0,-0.0
locomo_1,locomo_1_qa45,4,369,1,1,one,1,1,0.0,0.0,0.0,0.0,0.0,0.0,0.0,0.0,0.0,0.0,0.0,0.0,0.0,0.0,0.0,0.0,0.0,0.0,0.0,-0.0
locomo_1,locomo_1_qa46,4,369,1,1,one,1,1,1.0,1.0,1.0,1.0,1.0,1.0,0.0,0.0,0.0,0.0,0.0,0.0,0.0,0.0,0.0,0.0,0.0,0.0,100.0,-100.0
locomo_1,locomo_1_qa47,4,369,1,2,multi,1,1,0.0,0.0,0.0,0.0,0.0,0.0,0.0,0.0,0.0,0.0,0.0,0.0,0.0,0.0,0.0,0.0,0.0,0.0,0.0,-0.0
locomo_1,locomo_1_qa48,4,369,1,1,one,1,1,0.0,0.0,0.0,0.0,0.0,0.0,0.0,0.0,0.0,0.0,0.0,0.0,0.0,0.0,0.0,0.0,0.0,0.0,0.0,-0.0
locomo_1,locomo_1_qa49,4,369,1,2,multi,1,1,1.0,1.0,1.0,1.0,1.0,1.0,1.0,0.6,0.8,1.0,0.6,0.8,1.0,0.44000000000000006,0.72,1.0,0.44000000000000006,0.72,19.999999999999996,-19.999999999999996
locomo_1,locomo_1_qa5,1,369,1,3,multi,1,1,1.0,0.0,0.33333333333333326,1.0,0.0,0.33333333333333326,0.0,0.0,0.0,0.0,0.0,0.0,0.08,0.0,0.026666666666666672,0.08,0.0,0.026666666666666672,33.33333333333333,-33.33333333333333
locomo_1,locomo_1_qa50,4,369,1,1,one,1,1,0.0,0.0,0.0,0.0,0.0,0.0,0.0,0.0,0.0,0.0,0.0,0.0,0.0,0.0,0.0,0.0,0.0,0.0,0.0,-0.0
locomo_1,locomo_1_qa51,4,369,1,1,one,1,1,1.0,1.0,1.0,1.0,1.0,1.0,0.27,0.27,0.27,0.27,0.27,0.27,0.4,0.4,0.4,0.4,0.4,0.4,73.0,-73.0
locomo_1,locomo_1_qa52,4,369,1,1,one,1,1,1.0,1.0,1.0,1.0,1.0,1.0,1.0,1.0,1.0,1.0,1.0,1.0,1.0,1.0,1.0,1.0,1.0,1.0,0.0,-0.0
locomo_1,locomo_1_qa53,4,369,1,1,one,1,1,1.0,1.0,1.0,1.0,1.0,1.0,1.0,1.0,1.0,1.0,1.0,1.0,1.0,1.0,1.0,1.0,1.0,1.0,0.0,-0.0
locomo_1,locomo_1_qa54,4,369,1,1,one,1,1,0.8,0.8,0.8,0.8,0.8,0.8,1.0,1.0,1.0,1.0,1.0,1.0,1.0,1.0,1.0,1.0,1.0,1.0,-19.999999999999996,19.999999999999996
locomo_1,locomo_1_qa55,4,369,1,1,one,1,1,1.0,1.0,1.0,1.0,1.0,1.0,0.0,0.0,0.0,0.0,0.0,0.0,0.0,0.0,0.0,0.0,0.0,0.0,100.0,-100.0
locomo_1,locomo_1_qa56,4,369,1,2,multi,1,1,0.0,0.0,0.0,0.0,0.0,0.0,0.0,0.0,0.0,0.0,0.0,0.0,0.0,0.0,0.0,0.0,0.0,0.0,0.0,-0.0
locomo_1,locomo_1_qa57,4,369,1,1,one,1,1,0.0,0.0,0.0,0.0,0.0,0.0,0.0,0.0,0.0,0.0,0.0,0.0,0.0,0.0,0.0,0.0,0.0,0.0,0.0,-0.0
locomo_1,locomo_1_qa58,4,369,1,1,one,1,1,1.0,1.0,1.0,1.0,1.0,1.0,1.0,1.0,1.0,1.0,1.0,1.0,1.0,1.0,1.0,1.0,1.0,1.0,0.0,-0.0
locomo_1,locomo_1_qa59,4,369,1,1,one,1,1,0.0,0.0,0.0,0.0,0.0,0.0,0.0,0.0,0.0,0.0,0.0,0.0,0.0,0.0,0.0,0.0,0.0,0.0,0.0,-0.0
locomo_1,locomo_1_qa6,2,369,1,1,one,1,1,1.0,1.0,1.0,1.0,1.0,1.0,0.8,0.8,0.8,0.8,0.8,0.8,0.97,0.97,0.97,0.97,0.97,0.97,19.999999999999996,-19.999999999999996
locomo_1,locomo_1_qa60,4,369,1,1,one,1,1,0.0,0.0,0.0,0.0,0.0,0.0,0.0,0.0,0.0,0.0,0.0,0.0,0.0,0.0,0.0,0.0,0.0,0.0,0.0,-0.0
locomo_1,locomo_1_qa61,4,369,1,1,one,1,1,0.0,0.0,0.0,0.0,0.0,0.0,0.0,0.0,0.0,0.0,0.0,0.0,0.0,0.0,0.0,0.0,0.0,0.0,0.0,-0.0
locomo_1,locomo_1_qa62,4,369,1,1,one,1,1,1.0,1.0,1.0,1.0,1.0,1.0,1.0,1.0,1.0,1.0,1.0,1.0,1.0,1.0,1.0,1.0,1.0,1.0,0.0,-0.0
locomo_1,locomo_1_qa63,4,369,1,1,one,1,1,0.0,0.0,0.0,0.0,0.0,0.0,0.0,0.0,0.0,0.0,0.0,0.0,0.0,0.0,0.0,0.0,0.0,0.0,0.0,-0.0
locomo_1,locomo_1_qa64,4,369,1,1,one,1,1,1.0,1.0,1.0,1.0,1.0,1.0,0.06,0.06,0.06,0.06,0.06,0.06,0.0,0.0,0.0,0.0,0.0,0.0,94.0,-94.0
locomo_1,locomo_1_qa65,4,369,1,1,one,1,1,1.0,1.0,1.0,1.0,1.0,1.0,1.0,1.0,1.0,1.0,1.0,1.0,1.0,1.0,1.0,1.0,1.0,1.0,0.0,-0.0
locomo_1,locomo_1_qa66,4,369,1,1,one,1,1,0.0,0.0,0.0,0.0,0.0,0.0,0.0,0.0,0.0,0.0,0.0,0.0,0.0,0.0,0.0,0.0,0.0,0.0,0.0,-0.0
locomo_1,locomo_1_qa67,4,369,1,1,one,1,1,0.0,0.0,0.0,0.0,0.0,0.0,0.0,0.0,0.0,0.0,0.0,0.0,0.0,0.0,0.0,0.0,0.0,0.0,0.0,-0.0
locomo_1,locomo_1_qa68,4,369,1,1,one,1,1,0.0,0.0,0.0,0.0,0.0,0.0,0.0,0.0,0.0,0.0,0.0,0.0,0.0,0.0,0.0,0.0,0.0,0.0,0.0,-0.0
locomo_1,locomo_1_qa69,4,369,1,1,one,1,1,0.0,0.0,0.0,0.0,0.0,0.0,0.0,0.0,0.0,0.0,0.0,0.0,0.0,0.0,0.0,0.0,0.0,0.0,0.0,-0.0
locomo_1,locomo_1_qa7,2,369,1,1,one,1,1,1.0,1.0,1.0,1.0,1.0,1.0,1.0,1.0,1.0,1.0,1.0,1.0,0.86,0.86,0.86,0.86,0.86,0.86,0.0,-0.0
locomo_1,locomo_1_qa70,4,369,1,1,one,1,1,1.0,1.0,1.0,1.0,1.0,1.0,1.0,1.0,1.0,1.0,1.0,1.0,1.0,1.0,1.0,1.0,1.0,1.0,0.0,-0.0
locomo_1,locomo_1_qa71,4,369,1,1,one,1,1,0.0,0.0,0.0,0.0,0.0,0.0,0.0,0.0,0.0,0.0,0.0,0.0,0.0,0.0,0.0,0.0,0.0,0.0,0.0,-0.0
locomo_1,locomo_1_qa72,4,369,1,1,one,1,1,0.0,0.0,0.0,0.0,0.0,0.0,0.0,0.0,0.0,0.0,0.0,0.0,0.0,0.0,0.0,0.0,0.0,0.0,0.0,-0.0
locomo_1,locomo_1_qa73,4,369,1,1,one,1,1,0.0,0.0,0.0,0.0,0.0,0.0,0.0,0.0,0.0,0.0,0.0,0.0,0.0,0.0,0.0,0.0,0.0,0.0,0.0,-0.0
locomo_1,locomo_1_qa74,4,369,1,1,one,1,1,0.0,0.0,0.0,0.0,0.0,0.0,0.0,0.0,0.0,0.0,0.0,0.0,0.0,0.0,0.0,0.0,0.0,0.0,0.0,-0.0
locomo_1,locomo_1_qa75,4,369,1,1,one,1,1,0.0,0.0,0.0,0.0,0.0,0.0,0.0,0.0,0.0,0.0,0.0,0.0,0.0,0.0,0.0,0.0,0.0,0.0,0.0,-0.0
locomo_1,locomo_1_qa76,4,369,1,2,multi,1,1,1.0,0.0,0.5,1.0,0.0,0.5,1.0,1.0,1.0,1.0,1.0,1.0,1.0,1.0,1.0,1.0,1.0,1.0,-50.0,50.0
locomo_1,locomo_1_qa77,4,369,1,1,one,1,1,1.0,1.0,1.0,1.0,1.0,1.0,0.06999999999999999,0.06999999999999999,0.06999999999999999,0.06999999999999999,0.06999999999999999,0.06999999999999999,0.06999999999999999,0.06999999999999999,0.06999999999999999,0.06999999999999999,0.06999999999999999,0.06999999999999999,93.0,-93.0
locomo_1,locomo_1_qa78,4,369,1,1,one,1,1,1.0,1.0,1.0,1.0,1.0,1.0,0.8,0.8,0.8,0.8,0.8,0.8,1.0,1.0,1.0,1.0,1.0,1.0,19.999999999999996,-19.999999999999996
locomo_1,locomo_1_qa8,2,369,1,1,one,1,1,0.0,0.0,0.0,0.0,0.0,0.0,0.0,0.0,0.0,0.0,0.0,0.0,0.0,0.0,0.0,0.0,0.0,0.0,0.0,-0.0
locomo_1,locomo_1_qa80,4,369,1,1,one,1,1,0.0,0.0,0.0,0.0,0.0,0.0,0.0,0.0,0.0,0.0,0.0,0.0,0.0,0.0,0.0,0.0,0.0,0.0,0.0,-0.0
locomo_1,locomo_1_qa81,4,369,1,1,one,1,1,0.0,0.0,0.0,0.0,0.0,0.0,0.4,0.4,0.4,0.4,0.4,0.4,0.85,0.85,0.85,0.85,0.85,0.85,-40.0,40.0
locomo_1,locomo_1_qa9,1,369,1,2,multi,1,1,0.0,0.0,0.0,0.0,0.0,0.0,0.0,0.0,0.0,0.0,0.0,0.0,0.0,0.0,0.0,0.0,0.0,0.0,0.0,-0.0
locomo_2,locomo_2_qa0,2,663,3,1,one,1,1,0.0,0.0,0.0,0.0,0.0,0.0,0.0,0.0,0.0,0.0,0.0,0.0,0.0,0.0,0.0,0.0,0.0,0.0,0.0,-0.0
locomo_2,locomo_2_qa1,2,663,3,1,one,1,1,0.0,0.0,0.0,0.0,0.0,0.0,0.0,0.0,0.0,0.0,0.0,0.0,0.0,0.0,0.0,0.0,0.0,0.0,0.0,-0.0
locomo_2,locomo_2_qa10,2,663,3,1,one,1,1,0.0,0.0,0.0,0.0,0.0,0.0,0.0,0.0,0.0,0.0,0.0,0.0,0.0,0.0,0.0,0.0,0.0,0.0,0.0,-0.0
locomo_2,locomo_2_qa100,4,663,3,1,one,1,1,0.0,0.0,0.0,0.0,0.0,0.0,0.0,0.0,0.0,0.0,0.0,0.0,0.0,0.0,0.0,0.0,0.0,0.0,0.0,-0.0
locomo_2,locomo_2_qa101,4,663,3,1,one,1,1,1.0,1.0,1.0,1.0,1.0,1.0,0.0,0.0,0.0,0.0,0.0,0.0,0.0,0.0,0.0,0.0,0.0,0.0,100.0,-100.0
locomo_2,locomo_2_qa102,4,663,3,1,one,1,1,1.0,1.0,1.0,1.0,1.0,1.0,0.09,0.09,0.09,0.09,0.09,0.09,0.0,0.0,0.0,0.0,0.0,0.0,91.0,-91.0
locomo_2,locomo_2_qa103,4,663,3,1,one,1,1,0.0,0.0,0.0,0.0,0.0,0.0,0.9099999999999999,0.9099999999999999,0.9099999999999999,0.9099999999999999,0.9099999999999999,0.9099999999999999,0.4,0.4,0.4,0.4,0.4,0.4,-90.99999999999999,90.99999999999999
locomo_2,locomo_2_qa104,4,663,3,1,one,1,1,1.0,1.0,1.0,1.0,1.0,1.0,1.0,1.0,1.0,1.0,1.0,1.0,0.8699999999999999,0.8699999999999999,0.8699999999999999,0.8699999999999999,0.8699999999999999,0.8699999999999999,0.0,-0.0
locomo_2,locomo_2_qa105,4,663,3,1,one,1,1,0.0,0.0,0.0,0.0,0.0,0.0,0.0,0.0,0.0,0.0,0.0,0.0,0.0,0.0,0.0,0.0,0.0,0.0,0.0,-0.0
locomo_2,locomo_2_qa106,4,663,3,1,one,1,1,1.0,1.0,1.0,1.0,1.0,1.0,1.0,1.0,1.0,1.0,1.0,1.0,1.0,1.0,1.0,1.0,1.0,1.0,0.0,-0.0
locomo_2,locomo_2_qa107,4,663,3,1,one,1,1,0.0,0.0,0.0,0.0,0.0,0.0,0.0,0.0,0.0,0.0,0.0,0.0,0.0,0.0,0.0,0.0,0.0,0.0,0.0,-0.0
locomo_2,locomo_2_qa108,4,663,3,1,one,1,1,0.0,0.0,0.0,0.0,0.0,0.0,0.0,0.0,0.0,0.0,0.0,0.0,0.0,0.0,0.0,0.0,0.0,0.0,0.0,-0.0
locomo_2,locomo_2_qa109,4,663,3,1,one,1,1,0.0,0.0,0.0,0.0,0.0,0.0,0.0,0.0,0.0,0.0,0.0,0.0,0.0,0.0,0.0,0.0,0.0,0.0,0.0,-0.0
locomo_2,locomo_2_qa11,1,663,3,4,multi,1,1,0.0,0.0,0.0,0.0,0.0,0.0,0.0,0.0,0.0,0.0,0.0,0.0,0.0,0.0,0.0,0.0,0.0,0.0,0.0,-0.0
locomo_2,locomo_2_qa110,4,663,3,1,one,1,1,0.0,0.0,0.0,0.0,0.0,0.0,0.0,0.0,0.0,0.0,0.0,0.0,0.0,0.0,0.0,0.0,0.0,0.0,0.0,-0.0
locomo_2,locomo_2_qa111,4,663,3,1,one,1,1,1.0,1.0,1.0,1.0,1.0,1.0,0.6,0.6,0.6,0.6,0.6,0.6,1.0,1.0,1.0,1.0,1.0,1.0,40.0,-40.0
locomo_2,locomo_2_qa112,4,663,3,1,one,1,1,0.0,0.0,0.0,0.0,0.0,0.0,0.0,0.0,0.0,0.0,0.0,0.0,0.0,0.0,0.0,0.0,0.0,0.0,0.0,-0.0
locomo_2,locomo_2_qa113,4,663,3,1,one,1,1,1.0,1.0,1.0,1.0,1.0,1.0,0.0,0.0,0.0,0.0,0.0,0.0,0.06,0.06,0.06,0.06,0.06,0.06,100.0,-100.0
locomo_2,locomo_2_qa114,4,663,3,1,one,1,1,0.6,0.6,0.6,0.6,0.6,0.6,0.0,0.0,0.0,0.0,0.0,0.0,0.0,0.0,0.0,0.0,0.0,0.0,60.0,-60.0
locomo_2,locomo_2_qa115,4,663,3,1,one,1,1,0.0,0.0,0.0,0.0,0.0,0.0,0.0,0.0,0.0,0.0,0.0,0.0,0.0,0.0,0.0,0.0,0.0,0.0,0.0,-0.0
locomo_2,locomo_2_qa116,4,663,3,2,multi,1,1,0.0,0.0,0.0,0.0,0.0,0.0,0.0,0.0,0.0,0.0,0.0,0.0,0.0,0.0,0.0,0.0,0.0,0.0,0.0,-0.0
locomo_2,locomo_2_qa117,4,663,3,1,one,1,1,1.0,1.0,1.0,1.0,1.0,1.0,0.0,0.0,0.0,0.0,0.0,0.0,0.2,0.2,0.2,0.2,0.2,0.2,100.0,-100.0
locomo_2,locomo_2_qa118,4,663,3,1,one,1,1,0.0,0.0,0.0,0.0,0.0,0.0,0.0,0.0,0.0,0.0,0.0,0.0,0.0,0.0,0.0,0.0,0.0,0.0,0.0,-0.0
locomo_2,locomo_2_qa119,4,663,3,1,one,1,1,0.0,0.0,0.0,0.0,0.0,0.0,0.0,0.0,0.0,0.0,0.0,0.0,0.0,0.0,0.0,0.0,0.0,0.0,0.0,-0.0
locomo_2,locomo_2_qa12,1,663,3,2,multi,1,1,0.0,0.0,0.0,0.0,0.0,0.0,0.0,0.0,0.0,0.0,0.0,0.0,0.0,0.0,0.0,0.0,0.0,0.0,0.0,-0.0
locomo_2,locomo_2_qa120,4,663,3,1,one,1,1,0.65,0.65,0.65,0.65,0.65,0.65,0.54,0.54,0.54,0.54,0.54,0.54,0.8,0.8,0.8,0.8,0.8,0.8,10.999999999999998,-10.999999999999998
locomo_2,locomo_2_qa121,4,663,3,1,one,1,1,0.0,0.0,0.0,0.0,0.0,0.0,0.0,0.0,0.0,0.0,0.0,0.0,0.0,0.0,0.0,0.0,0.0,0.0,0.0,-0.0
locomo_2,locomo_2_qa122,4,663,3,1,one,1,1,0.0,0.0,0.0,0.0,0.0,0.0,0.0,0.0,0.0,0.0,0.0,0.0,0.0,0.0,0.0,0.0,0.0,0.0,0.0,-0.0
locomo_2,locomo_2_qa123,4,663,3,1,one,1,1,0.0,0.0,0.0,0.0,0.0,0.0,0.0,0.0,0.0,0.0,0.0,0.0,0.0,0.0,0.0,0.0,0.0,0.0,0.0,-0.0
locomo_2,locomo_2_qa124,4,663,3,1,one,1,1,0.0,0.0,0.0,0.0,0.0,0.0,0.0,0.0,0.0,0.0,0.0,0.0,0.0,0.0,0.0,0.0,0.0,0.0,0.0,-0.0
locomo_2,locomo_2_qa125,4,663,3,1,one,1,1,0.0,0.0,0.0,0.0,0.0,0.0,0.0,0.0,0.0,0.0,0.0,0.0,0.0,0.0,0.0,0.0,0.0,0.0,0.0,-0.0
locomo_2,locomo_2_qa126,4,663,3,1,one,1,1,1.0,1.0,1.0,1.0,1.0,1.0,0.0,0.0,0.0,0.0,0.0,0.0,0.0,0.0,0.0,0.0,0.0,0.0,100.0,-100.0
locomo_2,locomo_2_qa127,4,663,3,1,one,1,1,0.0,0.0,0.0,0.0,0.0,0.0,0.0,0.0,0.0,0.0,0.0,0.0,0.0,0.0,0.0,0.0,0.0,0.0,0.0,-0.0
locomo_2,locomo_2_qa128,4,663,3,1,one,1,1,0.0,0.0,0.0,0.0,0.0,0.0,0.0,0.0,0.0,0.0,0.0,0.0,0.0,0.0,0.0,0.0,0.0,0.0,0.0,-0.0
locomo_2,locomo_2_qa129,4,663,3,1,one,1,1,1.0,1.0,1.0,0.0,0.0,0.0,0.7,0.7,0.7,0.0,0.0,0.0,0.8,0.8,0.8,0.0,0.0,0.0,0.0,-0.0
locomo_2,locomo_2_qa13,2,663,3,1,one,1,1,0.0,0.0,0.0,0.0,0.0,0.0,0.0,0.0,0.0,0.0,0.0,0.0,0.0,0.0,0.0,0.0,0.0,0.0,0.0,-0.0
locomo_2,locomo_2_qa130,4,663,3,1,one,1,1,0.0,0.0,0.0,0.0,0.0,0.0,0.0,0.0,0.0,0.0,0.0,0.0,0.0,0.0,0.0,0.0,0.0,0.0,0.0,-0.0
locomo_2,locomo_2_qa131,4,663,3,1,one,1,1,0.0,0.0,0.0,0.0,0.0,0.0,0.0,0.0,0.0,0.0,0.0,0.0,0.0,0.0,0.0,0.0,0.0,0.0,0.0,-0.0
locomo_2,locomo_2_qa132,4,663,3,1,one,1,1,0.0,0.0,0.0,0.0,0.0,0.0,0.0,0.0,0.0,0.0,0.0,0.0,0.0,0.0,0.0,0.0,0.0,0.0,0.0,-0.0
locomo_2,locomo_2_qa133,4,663,3,1,one,1,1,0.0,0.0,0.0,0.0,0.0,0.0,0.0,0.0,0.0,0.0,0.0,0.0,0.0,0.0,0.0,0.0,0.0,0.0,0.0,-0.0
locomo_2,locomo_2_qa134,4,663,3,1,one,1,1,0.0,0.0,0.0,0.0,0.0,0.0,0.0,0.0,0.0,0.0,0.0,0.0,0.0,0.0,0.0,0.0,0.0,0.0,0.0,-0.0
locomo_2,locomo_2_qa135,4,663,3,1,one,1,1,1.0,1.0,1.0,1.0,1.0,1.0,1.0,1.0,1.0,1.0,1.0,1.0,1.0,1.0,1.0,1.0,1.0,1.0,0.0,-0.0
locomo_2,locomo_2_qa136,4,663,3,1,one,1,1,0.0,0.0,0.0,0.0,0.0,0.0,0.0,0.0,0.0,0.0,0.0,0.0,0.4,0.4,0.4,0.4,0.4,0.4,0.0,-0.0
locomo_2,locomo_2_qa137,4,663,3,1,one,1,1,1.0,1.0,1.0,1.0,1.0,1.0,0.0,0.0,0.0,0.0,0.0,0.0,0.0,0.0,0.0,0.0,0.0,0.0,100.0,-100.0
locomo_2,locomo_2_qa138,4,663,3,1,one,1,1,1.0,1.0,1.0,1.0,1.0,1.0,0.2,0.2,0.2,0.2,0.2,0.2,0.0,0.0,0.0,0.0,0.0,0.0,80.0,-80.0
locomo_2,locomo_2_qa139,4,663,3,1,one,1,1,0.0,0.0,0.0,0.0,0.0,0.0,0.0,0.0,0.0,0.0,0.0,0.0,0.0,0.0,0.0,0.0,0.0,0.0,0.0,-0.0
locomo_2,locomo_2_qa14,3,663,3,2,multi,1,1,0.0,0.0,0.0,0.0,0.0,0.0,0.0,0.0,0.0,0.0,0.0,0.0,0.0,0.0,0.0,0.0,0.0,0.0,0.0,-0.0
locomo_2,locomo_2_qa140,4,663,3,1,one,1,1,0.0,0.0,0.0,0.0,0.0,0.0,0.0,0.0,0.0,0.0,0.0,0.0,0.0,0.0,0.0,0.0,0.0,0.0,0.0,-0.0
locomo_2,locomo_2_qa141,4,663,3,1,one,1,1,1.0,1.0,1.0,1.0,1.0,1.0,0.13,0.13,0.13,0.13,0.13,0.13,0.4,0.4,0.4,0.4,0.4,0.4,87.0,-87.0
locomo_2,locomo_2_qa142,4,663,3,1,one,1,1,0.0,0.0,0.0,0.0,0.0,0.0,0.2,0.2,0.2,0.2,0.2,0.2,0.0,0.0,0.0,0.0,0.0,0.0,-20.0,20.0
locomo_2,locomo_2_qa143,4,663,3,1,one,1,1,1.0,1.0,1.0,1.0,1.0,1.0,0.0,0.0,0.0,0.0,0.0,0.0,0.15,0.15,0.15,0.15,0.15,0.15,100.0,-100.0
locomo_2,locomo_2_qa144,4,663,3,1,one,1,1,0.0,0.0,0.0,0.0,0.0,0.0,0.0,0.0,0.0,0.0,0.0,0.0,0.0,0.0,0.0,0.0,0.0,0.0,0.0,-0.0
locomo_2,locomo_2_qa145,4,663,3,1,one,1,1,0.0,0.0,0.0,0.0,0.0,0.0,0.4,0.4,0.4,0.4,0.4,0.4,0.0,0.0,0.0,0.0,0.0,0.0,-40.0,40.0
locomo_2,locomo_2_qa146,4,663,3,1,one,1,1,1.0,1.0,1.0,1.0,1.0,1.0,1.0,1.0,1.0,1.0,1.0,1.0,1.0,1.0,1.0,1.0,1.0,1.0,0.0,-0.0
locomo_2,locomo_2_qa147,4,663,3,1,one,1,1,0.0,0.0,0.0,0.0,0.0,0.0,0.0,0.0,0.0,0.0,0.0,0.0,0.0,0.0,0.0,0.0,0.0,0.0,0.0,-0.0
locomo_2,locomo_2_qa148,4,663,3,1,one,1,1,0.0,0.0,0.0,0.0,0.0,0.0,0.0,0.0,0.0,0.0,0.0,0.0,0.0,0.0,0.0,0.0,0.0,0.0,0.0,-0.0
locomo_2,locomo_2_qa149,4,663,3,1,one,1,1,0.0,0.0,0.0,0.0,0.0,0.0,0.0,0.0,0.0,0.0,0.0,0.0,0.0,0.0,0.0,0.0,0.0,0.0,0.0,-0.0
locomo_2,locomo_2_qa15,1,663,3,2,multi,1,1,0.0,0.0,0.0,0.0,0.0,0.0,0.0,0.0,0.0,0.0,0.0,0.0,0.0,0.0,0.0,0.0,0.0,0.0,0.0,-0.0
locomo_2,locomo_2_qa150,4,663,3,1,one,1,1,0.0,0.0,0.0,0.0,0.0,0.0,0.0,0.0,0.0,0.0,0.0,0.0,0.0,0.0,0.0,0.0,0.0,0.0,0.0,-0.0
locomo_2,locomo_2_qa151,4,663,3,1,one,1,1,0.0,0.0,0.0,0.0,0.0,0.0,0.0,0.0,0.0,0.0,0.0,0.0,0.0,0.0,0.0,0.0,0.0,0.0,0.0,-0.0
locomo_2,locomo_2_qa16,2,663,3,1,one,1,1,0.0,0.0,0.0,0.0,0.0,0.0,0.0,0.0,0.0,0.0,0.0,0.0,0.0,0.0,0.0,0.0,0.0,0.0,0.0,-0.0
locomo_2,locomo_2_qa17,3,663,3,1,one,1,1,0.0,0.0,0.0,0.0,0.0,0.0,0.4,0.4,0.4,0.4,0.4,0.4,0.2,0.2,0.2,0.2,0.2,0.2,-40.0,40.0
locomo_2,locomo_2_qa18,1,663,3,2,multi,1,1,0.0,0.0,0.0,0.0,0.0,0.0,0.0,0.0,0.0,0.0,0.0,0.0,0.0,0.0,0.0,0.0,0.0,0.0,0.0,-0.0
locomo_2,locomo_2_qa19,1,663,3,2,multi,1,1,0.0,0.0,0.0,0.0,0.0,0.0,0.0,0.0,0.0,0.0,0.0,0.0,0.0,0.0,0.0,0.0,0.0,0.0,0.0,-0.0
locomo_2,locomo_2_qa2,1,663,3,2,multi,1,1,0.0,0.0,0.0,0.0,0.0,0.0,0.0,0.0,0.0,0.0,0.0,0.0,0.0,0.0,0.0,0.0,0.0,0.0,0.0,-0.0
locomo_2,locomo_2_qa20,2,663,3,2,multi,1,1,0.0,0.0,0.0,0.0,0.0,0.0,0.0,0.0,0.0,0.0,0.0,0.0,0.0,0.0,0.0,0.0,0.0,0.0,0.0,-0.0
locomo_2,locomo_2_qa21,1,663,3,2,multi,1,1,1.0,0.0,0.5,1.0,0.0,0.5,0.25,0.0,0.125,0.25,0.0,0.125,0.9400000000000001,0.0,0.47000000000000003,0.9400000000000001,0.0,0.47000000000000003,37.5,-37.5
locomo_2,locomo_2_qa22,2,663,3,1,one,1,1,0.0,0.0,0.0,0.0,0.0,0.0,0.0,0.0,0.0,0.0,0.0,0.0,0.0,0.0,0.0,0.0,0.0,0.0,0.0,-0.0
locomo_2,locomo_2_qa23,1,663,3,2,multi,1,1,0.0,0.0,0.0,0.0,0.0,0.0,0.7300000000000001,0.0,0.36500000000000005,0.7300000000000001,0.0,0.36500000000000005,0.36,0.0,0.18,0.36,0.0,0.18,-36.50000000000001,36.50000000000001
locomo_2,locomo_2_qa24,2,663,3,1,one,1,1,0.0,0.0,0.0,0.0,0.0,0.0,0.0,0.0,0.0,0.0,0.0,0.0,0.0,0.0,0.0,0.0,0.0,0.0,0.0,-0.0
locomo_2,locomo_2_qa25,1,663,3,2,multi,1,1,0.0,0.0,0.0,0.0,0.0,0.0,0.0,0.0,0.0,0.0,0.0,0.0,0.0,0.0,0.0,0.0,0.0,0.0,0.0,-0.0
locomo_2,locomo_2_qa26,1,663,3,2,multi,1,1,1.0,0.0,0.5,1.0,0.0,0.5,1.0,0.63,0.8150000000000001,1.0,0.63,0.8150000000000001,1.0,0.8,0.9,1.0,0.8,0.9,-31.500000000000007,31.500000000000007
locomo_2,locomo_2_qa27,2,663,3,1,one,1,1,0.0,0.0,0.0,0.0,0.0,0.0,0.0,0.0,0.0,0.0,0.0,0.0,0.0,0.0,0.0,0.0,0.0,0.0,0.0,-0.0
locomo_2,locomo_2_qa28,1,663,3,4,multi,1,1,0.0,0.0,0.0,0.0,0.0,0.0,0.0,0.0,0.0,0.0,0.0,0.0,0.2,0.0,0.05,0.2,0.0,0.05,0.0,-0.0
locomo_2,locomo_2_qa29,1,663,3,2,multi,1,1,1.0,0.0,0.5,1.0,0.0,0.5,0.2,0.0,0.1,0.2,0.0,0.1,0.0,0.0,0.0,0.0,0.0,0.0,40.0,-40.0
locomo_2,locomo_2_qa3,1,663,3,2,multi,1,1,0.0,0.0,0.0,0.0,0.0,0.0,0.0,0.0,0.0,0.0,0.0,0.0,0.0,0.0,0.0,0.0,0.0,0.0,0.0,-0.0
locomo_2,locomo_2_qa30,1,663,3,3,multi,1,1,1.0,0.0,0.33333333333333326,1.0,0.0,0.33333333333333326,0.4,0.0,0.1333333333333333,0.4,0.0,0.1333333333333333,0.2,0.0,0.09666666666666668,0.2,0.0,0.09666666666666668,19.999999999999996,-19.999999999999996
locomo_2,locomo_2_qa31,2,663,3,1,one,1,1,0.0,0.0,0.0,0.0,0.0,0.0,0.0,0.0,0.0,0.0,0.0,0.0,0.0,0.0,0.0,0.0,0.0,0.0,0.0,-0.0
locomo_2,locomo_2_qa32,1,663,3,2,multi,1,1,0.0,0.0,0.0,0.0,0.0,0.0,0.0,0.0,0.0,0.0,0.0,0.0,0.0,0.0,0.0,0.0,0.0,0.0,0.0,-0.0
locomo_2,locomo_2_qa33,1,663,3,3,multi,1,1,0.0,0.0,0.0,0.0,0.0,0.0,0.6799999999999999,0.0,0.24999999999999994,0.6799999999999999,0.0,0.24999999999999994,0.6,0.0,0.19999999999999996,0.6,0.0,0.19999999999999996,-24.999999999999993,24.999999999999993
locomo_2,locomo_2_qa34,2,663,3,1,one,1,1,0.0,0.0,0.0,0.0,0.0,0.0,0.0,0.0,0.0,0.0,0.0,0.0,0.0,0.0,0.0,0.0,0.0,0.0,0.0,-0.0
locomo_2,locomo_2_qa35,1,663,3,2,multi,1,1,0.0,0.0,0.0,0.0,0.0,0.0,0.0,0.0,0.0,0.0,0.0,0.0,0.0,0.0,0.0,0.0,0.0,0.0,0.0,-0.0
locomo_2,locomo_2_qa36,1,663,3,2,multi,1,1,0.0,0.0,0.0,0.0,0.0,0.0,0.0,0.0,0.0,0.0,0.0,0.0,0.16999999999999998,0.0,0.08499999999999999,0.16999999999999998,0.0,0.08499999999999999,0.0,-0.0
locomo_2,locomo_2_qa37,1,663,3,5,multi,1,1,0.0,0.0,0.0,0.0,0.0,0.0,0.2,0.0,0.04000000000000001,0.2,0.0,0.04000000000000001,0.24,0.0,0.04800000000000001,0.24,0.0,0.04800000000000001,-4.000000000000001,4.000000000000001
locomo_2,locomo_2_qa38,2,663,3,1,one,1,1,0.0,0.0,0.0,0.0,0.0,0.0,0.0,0.0,0.0,0.0,0.0,0.0,0.0,0.0,0.0,0.0,0.0,0.0,0.0,-0.0
locomo_2,locomo_2_qa39,3,663,3,1,one,1,1,0.0,0.0,0.0,0.0,0.0,0.0,0.0,0.0,0.0,0.0,0.0,0.0,0.0,0.0,0.0,0.0,0.0,0.0,0.0,-0.0
locomo_2,locomo_2_qa4,2,663,3,1,one,1,1,0.0,0.0,0.0,0.0,0.0,0.0,0.0,0.0,0.0,0.0,0.0,0.0,0.0,0.0,0.0,0.0,0.0,0.0,0.0,-0.0
locomo_2,locomo_2_qa40,1,663,3,2,multi,1,1,0.0,0.0,0.0,0.0,0.0,0.0,0.0,0.0,0.0,0.0,0.0,0.0,0.0,0.0,0.0,0.0,0.0,0.0,0.0,-0.0
locomo_2,locomo_2_qa41,3,663,3,1,one,1,1,0.0,0.0,0.0,0.0,0.0,0.0,0.0,0.0,0.0,0.0,0.0,0.0,0.0,0.0,0.0,0.0,0.0,0.0,0.0,-0.0
locomo_2,locomo_2_qa42,1,663,3,2,multi,1,1,1.0,0.0,0.5,1.0,0.0,0.5,0.71,0.0,0.355,0.71,0.0,0.355,0.6,0.0,0.3,0.6,0.0,0.3,14.500000000000002,-14.500000000000002
locomo_2,locomo_2_qa43,2,663,3,1,one,1,1,0.0,0.0,0.0,0.0,0.0,0.0,1.0,1.0,1.0,1.0,1.0,1.0,1.0,1.0,1.0,1.0,1.0,1.0,-100.0,100.0
locomo_2,locomo_2_qa44,1,663,3,3,multi,1,1,0.0,0.0,0.0,0.65,0.0,0.21666666666666665,0.0,0.0,0.0,0.0,0.0,0.0,0.0,0.0,0.0,0.05,0.0,0.016666666666666666,21.666666666666664,-21.666666666666664
locomo_2,locomo_2_qa45,3,663,3,2,multi,1,1,0.0,0.0,0.0,0.0,0.0,0.0,0.0,0.0,0.0,0.0,0.0,0.0,0.0,0.0,0.0,0.0,0.0,0.0,0.0,-0.0
locomo_2,locomo_2_qa46,2,663,3,1,one,1,1,1.0,1.0,1.0,1.0,1.0,1.0,0.0,0.0,0.0,0.0,0.0,0.0,0.0,0.0,0.0,0.0,0.0,0.0,100.0,-100.0
locomo_2,locomo_2_qa47,1,663,3,4,multi,1,1,0.0,0.0,0.0,0.0,0.0,0.0,0.0,0.0,0.0,0.0,0.0,0.0,0.0,0.0,0.0,0.0,0.0,0.0,0.0,-0.0
locomo_2,locomo_2_qa48,2,663,3,1,one,1,1,0.0,0.0,0.0,0.0,0.0,0.0,0.0,0.0,0.0,0.0,0.0,0.0,0.0,0.0,0.0,0.0,0.0,0.0,0.0,-0.0
locomo_2,locomo_2_qa49,1,663,3,2,multi,1,1,0.0,0.0,0.0,0.0,0.0,0.0,0.0,0.0,0.0,0.0,0.0,0.0,0.0,0.0,0.0,0.0,0.0,0.0,0.0,-0.0
locomo_2,locomo_2_qa5,2,663,3,1,one,1,1,0.0,0.0,0.0,0.0,0.0,0.0,0.0,0.0,0.0,0.0,0.0,0.0,0.0,0.0,0.0,0.0,0.0,0.0,0.0,-0.0
locomo_2,locomo_2_qa50,3,663,3,4,multi,1,1,0.0,0.0,0.0,0.0,0.0,0.0,0.0,0.0,0.0,0.0,0.0,0.0,0.0,0.0,0.0,0.0,0.0,0.0,0.0,-0.0
locomo_2,locomo_2_qa51,2,663,3,1,one,1,1,0.0,0.0,0.0,0.0,0.0,0.0,0.0,0.0,0.0,0.0,0.0,0.0,0.0,0.0,0.0,0.0,0.0,0.0,0.0,-0.0
locomo_2,locomo_2_qa52,1,663,3,2,multi,1,1,1.0,1.0,1.0,1.0,1.0,1.0,1.0,0.6,0.8,1.0,0.6,0.8,1.0,0.6,0.8,1.0,0.6,0.8,19.999999999999996,-19.999999999999996
locomo_2,locomo_2_qa53,2,663,3,1,one,1,1,0.0,0.0,0.0,0.0,0.0,0.0,0.0,0.0,0.0,0.0,0.0,0.0,0.0,0.0,0.0,0.0,0.0,0.0,0.0,-0.0
locomo_2,locomo_2_qa54,2,663,3,1,one,1,1,1.0,1.0,1.0,1.0,1.0,1.0,0.35,0.35,0.35,0.35,0.35,0.35,0.22999999999999998,0.22999999999999998,0.22999999999999998,0.22999999999999998,0.22999999999999998,0.22999999999999998,65.0,-65.0
locomo_2,locomo_2_qa55,2,663,3,1,one,1,1,0.0,0.0,0.0,0.0,0.0,0.0,0.2,0.2,0.2,0.2,0.2,0.2,0.0,0.0,0.0,0.0,0.0,0.0,-20.0,20.0
locomo_2,locomo_2_qa56,2,663,3,2,multi,1,1,0.0,0.0,0.0,0.0,0.0,0.0,0.0,0.0,0.0,0.0,0.0,0.0,0.0,0.0,0.0,0.0,0.0,0.0,0.0,-0.0
locomo_2,locomo_2_qa57,1,663,3,4,multi,1,1,0.0,0.0,0.0,0.0,0.0,0.0,0.0,0.0,0.0,0.0,0.0,0.0,0.0,0.0,0.0,0.0,0.0,0.0,0.0,-0.0
locomo_2,locomo_2_qa58,2,663,3,1,one,1,1,0.0,0.0,0.0,0.0,0.0,0.0,0.0,0.0,0.0,0.0,0.0,0.0,0.0,0.0,0.0,0.0,0.0,0.0,0.0,-0.0
locomo_2,locomo_2_qa59,2,663,3,1,one,1,1,0.0,0.0,0.0,0.0,0.0,0.0,0.0,0.0,0.0,0.0,0.0,0.0,0.0,0.0,0.0,0.0,0.0,0.0,0.0,-0.0
locomo_2,locomo_2_qa6,1,663,3,4,multi,1,1,0.0,0.0,0.0,0.0,0.0,0.0,0.29,0.0,0.0725,0.29,0.0,0.0725,0.0,0.0,0.0,0.0,0.0,0.0,-7.249999999999999,7.249999999999999
locomo_2,locomo_2_qa60,1,663,3,2,multi,1,1,0.0,0.0,0.0,0.0,0.0,0.0,0.0,0.0,0.0,0.0,0.0,0.0,0.0,0.0,0.0,0.0,0.0,0.0,0.0,-0.0
locomo_2,locomo_2_qa61,2,663,3,1,one,1,1,0.0,0.0,0.0,0.0,0.0,0.0,0.0,0.0,0.0,0.0,0.0,0.0,0.0,0.0,0.0,0.0,0.0,0.0,0.0,-0.0
locomo_2,locomo_2_qa62,1,663,3,2,multi,1,1,0.0,0.0,0.0,0.0,0.0,0.0,0.0,0.0,0.0,0.0,0.0,0.0,0.0,0.0,0.0,0.0,0.0,0.0,0.0,-0.0
locomo_2,locomo_2_qa63,2,663,3,2,multi,1,1,0.0,0.0,0.0,0.0,0.0,0.0,0.6,0.0,0.3,0.6,0.0,0.3,0.74,0.0,0.37,0.74,0.0,0.37,-30.0,30.0
locomo_2,locomo_2_qa64,3,663,3,4,multi,1,1,0.0,0.0,0.0,0.0,0.0,0.0,0.0,0.0,0.0,0.0,0.0,0.0,0.0,0.0,0.0,0.0,0.0,0.0,0.0,-0.0
locomo_2,locomo_2_qa65,4,663,3,1,one,1,1,0.0,0.0,0.0,0.0,0.0,0.0,0.0,0.0,0.0,0.0,0.0,0.0,0.0,0.0,0.0,0.0,0.0,0.0,0.0,-0.0
locomo_2,locomo_2_qa66,4,663,3,1,one,1,1,0.0,0.0,0.0,0.0,0.0,0.0,0.0,0.0,0.0,0.0,0.0,0.0,0.0,0.0,0.0,0.0,0.0,0.0,0.0,-0.0
locomo_2,locomo_2_qa67,4,663,3,1,one,1,1,0.0,0.0,0.0,0.0,0.0,0.0,0.0,0.0,0.0,0.0,0.0,0.0,0.0,0.0,0.0,0.0,0.0,0.0,0.0,-0.0
locomo_2,locomo_2_qa68,4,663,3,1,one,1,1,0.0,0.0,0.0,0.0,0.0,0.0,0.0,0.0,0.0,0.0,0.0,0.0,0.0,0.0,0.0,0.0,0.0,0.0,0.0,-0.0
locomo_2,locomo_2_qa69,4,663,3,1,one,1,1,0.0,0.0,0.0,0.0,0.0,0.0,0.2,0.2,0.2,0.2,0.2,0.2,0.2,0.2,0.2,0.2,0.2,0.2,-20.0,20.0
locomo_2,locomo_2_qa7,1,663,3,2,multi,1,1,0.0,0.0,0.0,0.0,0.0,0.0,0.0,0.0,0.0,0.0,0.0,0.0,0.0,0.0,0.0,0.0,0.0,0.0,0.0,-0.0
locomo_2,locomo_2_qa70,4,663,3,1,one,1,1,0.0,0.0,0.0,0.0,0.0,0.0,0.0,0.0,0.0,0.0,0.0,0.0,0.0,0.0,0.0,0.0,0.0,0.0,0.0,-0.0
locomo_2,locomo_2_qa71,4,663,3,1,one,1,1,0.0,0.0,0.0,0.0,0.0,0.0,0.0,0.0,0.0,0.0,0.0,0.0,0.0,0.0,0.0,0.0,0.0,0.0,0.0,-0.0
locomo_2,locomo_2_qa72,4,663,3,1,one,1,1,0.0,0.0,0.0,0.0,0.0,0.0,0.0,0.0,0.0,0.0,0.0,0.0,0.0,0.0,0.0,0.0,0.0,0.0,0.0,-0.0
locomo_2,locomo_2_qa73,4,663,3,1,one,1,1,1.0,1.0,1.0,1.0,1.0,1.0,0.2,0.2,0.2,0.2,0.2,0.2,0.2,0.2,0.2,0.2,0.2,0.2,80.0,-80.0
locomo_2,locomo_2_qa74,4,663,3,1,one,1,1,0.0,0.0,0.0,0.0,0.0,0.0,0.0,0.0,0.0,0.0,0.0,0.0,0.0,0.0,0.0,0.0,0.0,0.0,0.0,-0.0
locomo_2,locomo_2_qa75,4,663,3,1,one,1,1,0.0,0.0,0.0,0.0,0.0,0.0,0.0,0.0,0.0,0.0,0.0,0.0,0.0,0.0,0.0,0.0,0.0,0.0,0.0,-0.0
locomo_2,locomo_2_qa76,4,663,3,1,one,1,1,0.0,0.0,0.0,0.0,0.0,0.0,0.0,0.0,0.0,0.0,0.0,0.0,0.0,0.0,0.0,0.0,0.0,0.0,0.0,-0.0
locomo_2,locomo_2_qa77,4,663,3,1,one,1,1,0.0,0.0,0.0,0.0,0.0,0.0,0.0,0.0,0.0,0.0,0.0,0.0,0.0,0.0,0.0,0.0,0.0,0.0,0.0,-0.0
locomo_2,locomo_2_qa78,4,663,3,1,one,1,1,1.0,1.0,1.0,1.0,1.0,1.0,1.0,1.0,1.0,1.0,1.0,1.0,1.0,1.0,1.0,1.0,1.0,1.0,0.0,-0.0
locomo_2,locomo_2_qa79,4,663,3,1,one,1,1,0.0,0.0,0.0,0.0,0.0,0.0,0.2,0.2,0.2,0.2,0.2,0.2,0.2,0.2,0.2,0.2,0.2,0.2,-20.0,20.0
locomo_2,locomo_2_qa8,3,663,3,1,one,1,1,0.0,0.0,0.0,0.0,0.0,0.0,0.0,0.0,0.0,0.0,0.0,0.0,0.0,0.0,0.0,0.0,0.0,0.0,0.0,-0.0
locomo_2,locomo_2_qa80,4,663,3,1,one,1,1,0.0,0.0,0.0,0.0,0.0,0.0,0.0,0.0,0.0,0.0,0.0,0.0,0.0,0.0,0.0,0.0,0.0,0.0,0.0,-0.0
locomo_2,locomo_2_qa81,4,663,3,1,one,1,1,0.0,0.0,0.0,0.0,0.0,0.0,0.0,0.0,0.0,0.0,0.0,0.0,0.0,0.0,0.0,0.0,0.0,0.0,0.0,-0.0
locomo_2,locomo_2_qa82,4,663,3,1,one,1,1,0.0,0.0,0.0,0.0,0.0,0.0,0.0,0.0,0.0,0.0,0.0,0.0,0.0,0.0,0.0,0.0,0.0,0.0,0.0,-0.0
locomo_2,locomo_2_qa83,4,663,3,1,one,1,1,0.0,0.0,0.0,0.0,0.0,0.0,0.15,0.15,0.15,0.15,0.15,0.15,0.0,0.0,0.0,0.0,0.0,0.0,-15.0,15.0
locomo_2,locomo_2_qa84,4,663,3,1,one,1,1,0.0,0.0,0.0,0.0,0.0,0.0,0.0,0.0,0.0,0.0,0.0,0.0,0.0,0.0,0.0,0.0,0.0,0.0,0.0,-0.0
locomo_2,locomo_2_qa85,4,663,3,1,one,1,1,0.0,0.0,0.0,0.0,0.0,0.0,0.09,0.09,0.09,0.09,0.09,0.09,0.0,0.0,0.0,0.0,0.0,0.0,-9.0,9.0
locomo_2,locomo_2_qa86,4,663,3,1,one,1,1,0.0,0.0,0.0,0.0,0.0,0.0,0.0,0.0,0.0,0.0,0.0,0.0,0.0,0.0,0.0,0.0,0.0,0.0,0.0,-0.0
locomo_2,locomo_2_qa87,4,663,3,1,one,1,1,0.0,0.0,0.0,0.0,0.0,0.0,0.0,0.0,0.0,0.0,0.0,0.0,0.0,0.0,0.0,0.0,0.0,0.0,0.0,-0.0
locomo_2,locomo_2_qa88,4,663,3,1,one,1,1,0.0,0.0,0.0,0.0,0.0,0.0,0.4,0.4,0.4,0.4,0.4,0.4,0.0,0.0,0.0,0.0,0.0,0.0,-40.0,40.0
locomo_2,locomo_2_qa89,4,663,3,1,one,1,1,1.0,1.0,1.0,1.0,1.0,1.0,0.0,0.0,0.0,0.0,0.0,0.0,0.0,0.0,0.0,0.0,0.0,0.0,100.0,-100.0
locomo_2,locomo_2_qa9,1,663,3,2,multi,1,1,0.0,0.0,0.0,0.0,0.0,0.0,0.0,0.0,0.0,0.0,0.0,0.0,0.0,0.0,0.0,0.0,0.0,0.0,0.0,-0.0
locomo_2,locomo_2_qa90,4,663,3,1,one,1,1,0.0,0.0,0.0,0.0,0.0,0.0,0.0,0.0,0.0,0.0,0.0,0.0,0.0,0.0,0.0,0.0,0.0,0.0,0.0,-0.0
locomo_2,locomo_2_qa91,2,663,3,1,one,1,1,0.0,0.0,0.0,0.0,0.0,0.0,0.0,0.0,0.0,0.0,0.0,0.0,0.0,0.0,0.0,0.0,0.0,0.0,0.0,-0.0
locomo_2,locomo_2_qa92,4,663,3,1,one,1,1,0.0,0.0,0.0,0.0,0.0,0.0,0.0,0.0,0.0,0.0,0.0,0.0,0.0,0.0,0.0,0.0,0.0,0.0,0.0,-0.0
locomo_2,locomo_2_qa93,4,663,3,1,one,1,1,0.0,0.0,0.0,0.0,0.0,0.0,0.0,0.0,0.0,0.0,0.0,0.0,0.0,0.0,0.0,0.0,0.0,0.0,0.0,-0.0
locomo_2,locomo_2_qa94,4,663,3,1,one,1,1,0.0,0.0,0.0,0.0,0.0,0.0,0.0,0.0,0.0,0.0,0.0,0.0,0.0,0.0,0.0,0.0,0.0,0.0,0.0,-0.0
locomo_2,locomo_2_qa95,4,663,3,1,one,1,1,0.0,0.0,0.0,0.0,0.0,0.0,0.0,0.0,0.0,0.0,0.0,0.0,0.0,0.0,0.0,0.0,0.0,0.0,0.0,-0.0
locomo_2,locomo_2_qa96,4,663,3,1,one,1,1,1.0,1.0,1.0,1.0,1.0,1.0,0.4,0.4,0.4,0.4,0.4,0.4,0.8,0.8,0.8,0.8,0.8,0.8,60.0,-60.0
locomo_2,locomo_2_qa97,4,663,3,1,one,1,1,1.0,1.0,1.0,1.0,1.0,1.0,0.0,0.0,0.0,0.0,0.0,0.0,0.0,0.0,0.0,0.0,0.0,0.0,100.0,-100.0
locomo_2,locomo_2_qa98,4,663,3,1,one,1,1,0.0,0.0,0.0,0.0,0.0,0.0,0.0,0.0,0.0,0.0,0.0,0.0,0.0,0.0,0.0,0.0,0.0,0.0,0.0,-0.0
locomo_2,locomo_2_qa99,4,663,3,1,one,1,1,0.05,0.05,0.05,0.05,0.05,0.05,0.0,0.0,0.0,0.0,0.0,0.0,0.0,0.0,0.0,0.0,0.0,0.0,5.0,-5.0
locomo_3,locomo_3_qa0,3,629,2,1,one,1,1,0.0,0.0,0.0,0.0,0.0,0.0,0.0,0.0,0.0,0.0,0.0,0.0,0.0,0.0,0.0,0.0,0.0,0.0,0.0,-0.0
locomo_3,locomo_3_qa1,1,629,2,7,multi,1,1,0.3,0.0,0.04285714285714285,0.3,0.0,0.04285714285714285,0.0,0.0,0.0,0.0,0.0,0.0,0.0,0.0,0.0,0.0,0.0,0.0,4.285714285714285,-4.285714285714285
locomo_3,locomo_3_qa10,1,629,2,2,multi,1,1,1.0,1.0,1.0,1.0,1.0,1.0,1.0,0.2,0.6,1.0,0.2,0.6,1.0,0.6,0.8,1.0,0.6,0.8,40.0,-40.0
locomo_3,locomo_3_qa100,4,629,2,1,one,1,1,0.0,0.0,0.0,0.0,0.0,0.0,0.0,0.0,0.0,0.0,0.0,0.0,0.0,0.0,0.0,0.0,0.0,0.0,0.0,-0.0
locomo_3,locomo_3_qa101,4,629,2,1,one,1,1,0.0,0.0,0.0,0.0,0.0,0.0,0.0,0.0,0.0,0.0,0.0,0.0,0.0,0.0,0.0,0.0,0.0,0.0,0.0,-0.0
locomo_3,locomo_3_qa102,4,629,2,1,one,1,1,0.0,0.0,0.0,0.0,0.0,0.0,0.0,0.0,0.0,0.0,0.0,0.0,0.0,0.0,0.0,0.0,0.0,0.0,0.0,-0.0
locomo_3,locomo_3_qa103,4,629,2,1,one,1,1,0.0,0.0,0.0,0.0,0.0,0.0,0.0,0.0,0.0,0.0,0.0,0.0,0.0,0.0,0.0,0.0,0.0,0.0,0.0,-0.0
locomo_3,locomo_3_qa104,4,629,2,1,one,1,1,1.0,1.0,1.0,1.0,1.0,1.0,0.8,0.8,0.8,0.8,0.8,0.8,1.0,1.0,1.0,1.0,1.0,1.0,19.999999999999996,-19.999999999999996
locomo_3,locomo_3_qa105,4,629,2,1,one,1,1,0.0,0.0,0.0,0.0,0.0,0.0,0.0,0.0,0.0,0.0,0.0,0.0,0.0,0.0,0.0,0.0,0.0,0.0,0.0,-0.0
locomo_3,locomo_3_qa106,4,629,2,1,one,1,1,0.0,0.0,0.0,0.0,0.0,0.0,0.0,0.0,0.0,0.0,0.0,0.0,0.2,0.2,0.2,0.2,0.2,0.2,0.0,-0.0
locomo_3,locomo_3_qa107,4,629,2,1,one,1,1,0.0,0.0,0.0,0.0,0.0,0.0,0.4,0.4,0.4,0.4,0.4,0.4,0.15,0.15,0.15,0.15,0.15,0.15,-40.0,40.0
locomo_3,locomo_3_qa108,4,629,2,1,one,1,1,0.0,0.0,0.0,0.0,0.0,0.0,0.0,0.0,0.0,0.0,0.0,0.0,0.0,0.0,0.0,0.0,0.0,0.0,0.0,-0.0
locomo_3,locomo_3_qa109,4,629,2,1,one,1,1,0.4,0.4,0.4,0.4,0.4,0.4,0.0,0.0,0.0,0.0,0.0,0.0,0.0,0.0,0.0,0.0,0.0,0.0,40.0,-40.0
locomo_3,locomo_3_qa11,1,629,2,3,multi,1,1,1.0,0.0,0.33333333333333326,1.0,0.0,0.33333333333333326,1.0,0.0,0.33333333333333326,1.0,0.0,0.33333333333333326,1.0,0.0,0.4666666666666666,1.0,0.0,0.4666666666666666,0.0,-0.0
locomo_3,locomo_3_qa110,4,629,2,1,one,1,1,0.0,0.0,0.0,0.0,0.0,0.0,0.0,0.0,0.0,0.0,0.0,0.0,0.0,0.0,0.0,0.0,0.0,0.0,0.0,-0.0
locomo_3,locomo_3_qa111,4,629,2,1,one,1,1,1.0,1.0,1.0,1.0,1.0,1.0,0.9099999999999999,0.9099999999999999,0.9099999999999999,0.9099999999999999,0.9099999999999999,0.9099999999999999,0.6599999999999999,0.6599999999999999,0.6599999999999999,0.6599999999999999,0.6599999999999999,0.6599999999999999,9.000000000000007,-9.000000000000007
locomo_3,locomo_3_qa112,4,629,2,1,one,1,1,0.0,0.0,0.0,0.0,0.0,0.0,0.2,0.2,0.2,0.2,0.2,0.2,0.0,0.0,0.0,0.0,0.0,0.0,-20.0,20.0
locomo_3,locomo_3_qa113,4,629,2,1,one,1,1,0.0,0.0,0.0,0.0,0.0,0.0,0.0,0.0,0.0,0.0,0.0,0.0,0.0,0.0,0.0,0.0,0.0,0.0,0.0,-0.0
locomo_3,locomo_3_qa114,4,629,2,1,one,1,1,0.0,0.0,0.0,0.0,0.0,0.0,0.0,0.0,0.0,0.0,0.0,0.0,0.0,0.0,0.0,0.0,0.0,0.0,0.0,-0.0
locomo_3,locomo_3_qa115,4,629,2,1,one,1,1,0.5,0.5,0.5,0.5,0.5,0.5,0.35,0.35,0.35,0.35,0.35,0.35,0.75,0.75,0.75,0.75,0.75,0.75,15.000000000000002,-15.000000000000002
locomo_3,locomo_3_qa116,4,629,2,1,one,1,1,1.0,1.0,1.0,1.0,1.0,1.0,0.4,0.4,0.4,0.4,0.4,0.4,0.53,0.53,0.53,0.53,0.53,0.53,60.0,-60.0
locomo_3,locomo_3_qa117,4,629,2,1,one,1,1,0.0,0.0,0.0,0.0,0.0,0.0,0.0,0.0,0.0,0.0,0.0,0.0,0.0,0.0,0.0,0.0,0.0,0.0,0.0,-0.0
locomo_3,locomo_3_qa118,4,629,2,1,one,1,1,0.0,0.0,0.0,0.0,0.0,0.0,0.0,0.0,0.0,0.0,0.0,0.0,0.0,0.0,0.0,0.0,0.0,0.0,0.0,-0.0
locomo_3,locomo_3_qa119,4,629,2,1,one,1,1,1.0,1.0,1.0,1.0,1.0,1.0,1.0,1.0,1.0,1.0,1.0,1.0,1.0,1.0,1.0,1.0,1.0,1.0,0.0,-0.0
locomo_3,locomo_3_qa12,3,629,2,2,multi,1,1,1.0,0.0,0.5,1.0,0.0,0.5,0.13999999999999999,0.0,0.06999999999999999,0.13999999999999999,0.0,0.06999999999999999,0.06,0.0,0.03,0.06,0.0,0.03,43.0,-43.0
locomo_3,locomo_3_qa120,4,629,2,1,one,1,1,0.0,0.0,0.0,0.0,0.0,0.0,0.0,0.0,0.0,0.0,0.0,0.0,0.0,0.0,0.0,0.0,0.0,0.0,0.0,-0.0
locomo_3,locomo_3_qa121,4,629,2,1,one,1,1,1.0,1.0,1.0,1.0,1.0,1.0,0.13,0.13,0.13,0.13,0.13,0.13,0.06,0.06,0.06,0.06,0.06,0.06,87.0,-87.0
locomo_3,locomo_3_qa122,4,629,2,1,one,1,1,0.0,0.0,0.0,0.0,0.0,0.0,0.0,0.0,0.0,0.0,0.0,0.0,0.0,0.0,0.0,0.0,0.0,0.0,0.0,-0.0
locomo_3,locomo_3_qa123,4,629,2,1,one,1,1,0.0,0.0,0.0,0.0,0.0,0.0,0.2,0.2,0.2,0.2,0.2,0.2,0.8,0.8,0.8,0.8,0.8,0.8,-20.0,20.0
locomo_3,locomo_3_qa124,4,629,2,1,one,1,1,0.0,0.0,0.0,0.0,0.0,0.0,0.0,0.0,0.0,0.0,0.0,0.0,0.0,0.0,0.0,0.0,0.0,0.0,0.0,-0.0
locomo_3,locomo_3_qa125,4,629,2,1,one,1,1,0.0,0.0,0.0,0.0,0.0,0.0,0.0,0.0,0.0,0.0,0.0,0.0,0.0,0.0,0.0,0.0,0.0,0.0,0.0,-0.0
locomo_3,locomo_3_qa126,4,629,2,1,one,1,1,0.0,0.0,0.0,0.0,0.0,0.0,0.0,0.0,0.0,0.0,0.0,0.0,0.0,0.0,0.0,0.0,0.0,0.0,0.0,-0.0
locomo_3,locomo_3_qa127,4,629,2,1,one,1,1,1.0,1.0,1.0,1.0,1.0,1.0,0.4,0.4,0.4,0.4,0.4,0.4,0.6,0.6,0.6,0.6,0.6,0.6,60.0,-60.0
locomo_3,locomo_3_qa128,4,629,2,1,one,1,1,0.4,0.4,0.4,0.4,0.4,0.4,0.4,0.4,0.4,0.4,0.4,0.4,0.2,0.2,0.2,0.2,0.2,0.2,0.0,-0.0
locomo_3,locomo_3_qa129,4,629,2,1,one,1,1,0.0,0.0,0.0,0.0,0.0,0.0,0.0,0.0,0.0,0.0,0.0,0.0,0.0,0.0,0.0,0.0,0.0,0.0,0.0,-0.0
locomo_3,locomo_3_qa13,2,629,2,1,one,1,1,1.0,1.0,1.0,1.0,1.0,1.0,0.0,0.0,0.0,0.0,0.0,0.0,0.0,0.0,0.0,0.0,0.0,0.0,100.0,-100.0
locomo_3,locomo_3_qa130,4,629,2,1,one,1,1,1.0,1.0,1.0,1.0,1.0,1.0,1.0,1.0,1.0,1.0,1.0,1.0,1.0,1.0,1.0,1.0,1.0,1.0,0.0,-0.0
locomo_3,locomo_3_qa131,4,629,2,1,one,1,1,0.0,0.0,0.0,0.0,0.0,0.0,0.0,0.0,0.0,0.0,0.0,0.0,0.0,0.0,0.0,0.0,0.0,0.0,0.0,-0.0
locomo_3,locomo_3_qa132,4,629,2,1,one,1,1,0.0,0.0,0.0,0.0,0.0,0.0,0.0,0.0,0.0,0.0,0.0,0.0,0.2,0.2,0.2,0.2,0.2,0.2,0.0,-0.0
locomo_3,locomo_3_qa133,4,629,2,1,one,1,1,1.0,1.0,1.0,1.0,1.0,1.0,1.0,1.0,1.0,1.0,1.0,1.0,1.0,1.0,1.0,1.0,1.0,1.0,0.0,-0.0
locomo_3,locomo_3_qa134,4,629,2,1,one,1,1,0.0,0.0,0.0,0.0,0.0,0.0,0.0,0.0,0.0,0.0,0.0,0.0,0.0,0.0,0.0,0.0,0.0,0.0,0.0,-0.0
locomo_3,locomo_3_qa135,4,629,2,1,one,1,1,0.0,0.0,0.0,0.0,0.0,0.0,0.0,0.0,0.0,0.0,0.0,0.0,0.0,0.0,0.0,0.0,0.0,0.0,0.0,-0.0
locomo_3,locomo_3_qa136,4,629,2,1,one,1,1,0.25,0.25,0.25,0.25,0.25,0.25,0.52,0.52,0.52,0.52,0.52,0.52,0.0,0.0,0.0,0.0,0.0,0.0,-27.0,27.0
locomo_3,locomo_3_qa137,4,629,2,1,one,1,1,0.0,0.0,0.0,0.0,0.0,0.0,0.0,0.0,0.0,0.0,0.0,0.0,0.0,0.0,0.0,0.0,0.0,0.0,0.0,-0.0
locomo_3,locomo_3_qa138,4,629,2,1,one,1,1,0.0,0.0,0.0,0.0,0.0,0.0,0.0,0.0,0.0,0.0,0.0,0.0,0.0,0.0,0.0,0.0,0.0,0.0,0.0,-0.0
locomo_3,locomo_3_qa139,4,629,2,1,one,1,1,0.0,0.0,0.0,0.0,0.0,0.0,0.0,0.0,0.0,0.0,0.0,0.0,0.0,0.0,0.0,0.0,0.0,0.0,0.0,-0.0
locomo_3,locomo_3_qa14,3,629,2,1,one,1,1,0.0,0.0,0.0,0.0,0.0,0.0,0.0,0.0,0.0,0.0,0.0,0.0,0.0,0.0,0.0,0.0,0.0,0.0,0.0,-0.0
locomo_3,locomo_3_qa140,4,629,2,1,one,1,1,0.0,0.0,0.0,0.0,0.0,0.0,0.0,0.0,0.0,0.0,0.0,0.0,0.0,0.0,0.0,0.0,0.0,0.0,0.0,-0.0
locomo_3,locomo_3_qa141,4,629,2,1,one,1,1,0.0,0.0,0.0,0.0,0.0,0.0,0.0,0.0,0.0,0.0,0.0,0.0,0.0,0.0,0.0,0.0,0.0,0.0,0.0,-0.0
locomo_3,locomo_3_qa142,4,629,2,1,one,1,1,0.0,0.0,0.0,0.0,0.0,0.0,0.0,0.0,0.0,0.0,0.0,0.0,0.0,0.0,0.0,0.0,0.0,0.0,0.0,-0.0
locomo_3,locomo_3_qa143,4,629,2,1,one,1,1,1.0,1.0,1.0,1.0,1.0,1.0,0.0,0.0,0.0,0.0,0.0,0.0,0.0,0.0,0.0,0.0,0.0,0.0,100.0,-100.0
locomo_3,locomo_3_qa144,4,629,2,1,one,1,1,0.0,0.0,0.0,0.0,0.0,0.0,0.2,0.2,0.2,0.2,0.2,0.2,0.27999999999999997,0.27999999999999997,0.27999999999999997,0.27999999999999997,0.27999999999999997,0.27999999999999997,-20.0,20.0
locomo_3,locomo_3_qa145,4,629,2,1,one,1,1,0.0,0.0,0.0,0.0,0.0,0.0,0.0,0.0,0.0,0.0,0.0,0.0,0.0,0.0,0.0,0.0,0.0,0.0,0.0,-0.0
locomo_3,locomo_3_qa146,4,629,2,1,one,1,1,0.0,0.0,0.0,0.0,0.0,0.0,0.11000000000000001,0.11000000000000001,0.11000000000000001,0.11000000000000001,0.11000000000000001,0.11000000000000001,0.0,0.0,0.0,0.0,0.0,0.0,-11.000000000000002,11.000000000000002
locomo_3,locomo_3_qa147,4,629,2,1,one,1,1,0.0,0.0,0.0,0.0,0.0,0.0,0.0,0.0,0.0,0.0,0.0,0.0,0.0,0.0,0.0,0.0,0.0,0.0,0.0,-0.0
locomo_3,locomo_3_qa148,4,629,2,1,one,1,1,0.0,0.0,0.0,0.0,0.0,0.0,0.0,0.0,0.0,0.0,0.0,0.0,0.0,0.0,0.0,0.0,0.0,0.0,0.0,-0.0
locomo_3,locomo_3_qa149,4,629,2,1,one,1,1,0.0,0.0,0.0,0.0,0.0,0.0,0.0,0.0,0.0,0.0,0.0,0.0,0.0,0.0,0.0,0.0,0.0,0.0,0.0,-0.0
locomo_3,locomo_3_qa15,2,629,2,1,one,1,1,1.0,1.0,1.0,1.0,1.0,1.0,0.2,0.2,0.2,0.2,0.2,0.2,0.0,0.0,0.0,0.0,0.0,0.0,80.0,-80.0
locomo_3,locomo_3_qa150,4,629,2,1,one,1,1,0.0,0.0,0.0,0.0,0.0,0.0,0.0,0.0,0.0,0.0,0.0,0.0,0.0,0.0,0.0,0.0,0.0,0.0,0.0,-0.0
locomo_3,locomo_3_qa151,4,629,2,1,one,1,1,0.0,0.0,0.0,0.0,0.0,0.0,0.0,0.0,0.0,0.0,0.0,0.0,0.0,0.0,0.0,0.0,0.0,0.0,0.0,-0.0
locomo_3,locomo_3_qa152,4,629,2,1,one,1,1,0.0,0.0,0.0,0.0,0.0,0.0,0.3,0.3,0.3,0.3,0.3,0.3,0.27,0.27,0.27,0.27,0.27,0.27,-30.0,30.0
locomo_3,locomo_3_qa153,4,629,2,1,one,1,1,1.0,1.0,1.0,1.0,1.0,1.0,0.6,0.6,0.6,0.6,0.6,0.6,0.6,0.6,0.6,0.6,0.6,0.6,40.0,-40.0
locomo_3,locomo_3_qa154,4,629,2,1,one,1,1,1.0,1.0,1.0,1.0,1.0,1.0,0.08,0.08,0.08,0.08,0.08,0.08,0.0,0.0,0.0,0.0,0.0,0.0,92.0,-92.0
locomo_3,locomo_3_qa155,4,629,2,1,one,1,1,0.0,0.0,0.0,0.0,0.0,0.0,0.0,0.0,0.0,0.0,0.0,0.0,0.0,0.0,0.0,0.0,0.0,0.0,0.0,-0.0
locomo_3,locomo_3_qa156,4,629,2,1,one,1,1,1.0,1.0,1.0,1.0,1.0,1.0,1.0,1.0,1.0,1.0,1.0,1.0,1.0,1.0,1.0,1.0,1.0,1.0,0.0,-0.0
locomo_3,locomo_3_qa157,4,629,2,1,one,1,1,1.0,1.0,1.0,1.0,1.0,1.0,1.0,1.0,1.0,1.0,1.0,1.0,1.0,1.0,1.0,1.0,1.0,1.0,0.0,-0.0
locomo_3,locomo_3_qa158,4,629,2,1,one,1,1,0.0,0.0,0.0,0.0,0.0,0.0,0.13,0.13,0.13,0.13,0.13,0.13,0.0,0.0,0.0,0.0,0.0,0.0,-13.0,13.0
locomo_3,locomo_3_qa159,4,629,2,1,one,1,1,1.0,1.0,1.0,1.0,1.0,1.0,0.8,0.8,0.8,0.8,0.8,0.8,0.4,0.4,0.4,0.4,0.4,0.4,19.999999999999996,-19.999999999999996
locomo_3,locomo_3_qa16,2,629,2,2,multi,1,1,1.0,0.0,0.5,1.0,0.0,0.5,0.0,0.0,0.0,0.0,0.0,0.0,0.0,0.0,0.0,0.0,0.0,0.0,50.0,-50.0
locomo_3,locomo_3_qa160,4,629,2,1,one,1,1,0.0,0.0,0.0,0.0,0.0,0.0,0.13999999999999999,0.13999999999999999,0.13999999999999999,0.13999999999999999,0.13999999999999999,0.13999999999999999,0.2,0.2,0.2,0.2,0.2,0.2,-13.999999999999998,13.999999999999998
locomo_3,locomo_3_qa161,4,629,2,1,one,1,1,0.0,0.0,0.0,0.0,0.0,0.0,0.0,0.0,0.0,0.0,0.0,0.0,0.0,0.0,0.0,0.0,0.0,0.0,0.0,-0.0
locomo_3,locomo_3_qa162,4,629,2,1,one,1,1,0.0,0.0,0.0,0.0,0.0,0.0,0.0,0.0,0.0,0.0,0.0,0.0,0.09,0.09,0.09,0.09,0.09,0.09,0.0,-0.0
locomo_3,locomo_3_qa163,4,629,2,1,one,1,1,1.0,1.0,1.0,1.0,1.0,1.0,1.0,1.0,1.0,1.0,1.0,1.0,1.0,1.0,1.0,1.0,1.0,1.0,0.0,-0.0
locomo_3,locomo_3_qa164,4,629,2,1,one,1,1,1.0,1.0,1.0,1.0,1.0,1.0,0.22999999999999998,0.22999999999999998,0.22999999999999998,0.22999999999999998,0.22999999999999998,0.22999999999999998,0.31,0.31,0.31,0.31,0.31,0.31,77.0,-77.0
locomo_3,locomo_3_qa165,4,629,2,1,one,1,1,0.0,0.0,0.0,0.0,0.0,0.0,0.0,0.0,0.0,0.0,0.0,0.0,0.0,0.0,0.0,0.0,0.0,0.0,0.0,-0.0
locomo_3,locomo_3_qa166,4,629,2,1,one,1,1,1.0,1.0,1.0,1.0,1.0,1.0,0.0,0.0,0.0,0.0,0.0,0.0,0.29,0.29,0.29,0.29,0.29,0.29,100.0,-100.0
locomo_3,locomo_3_qa167,4,629,2,1,one,1,1,0.0,0.0,0.0,0.0,0.0,0.0,0.0,0.0,0.0,0.0,0.0,0.0,0.0,0.0,0.0,0.0,0.0,0.0,0.0,-0.0
locomo_3,locomo_3_qa168,4,629,2,1,one,1,1,1.0,1.0,1.0,1.0,1.0,1.0,1.0,1.0,1.0,1.0,1.0,1.0,1.0,1.0,1.0,1.0,1.0,1.0,0.0,-0.0
locomo_3,locomo_3_qa169,4,629,2,1,one,1,1,0.0,0.0,0.0,0.0,0.0,0.0,0.0,0.0,0.0,0.0,0.0,0.0,0.0,0.0,0.0,0.0,0.0,0.0,0.0,-0.0
locomo_3,locomo_3_qa17,2,629,2,1,one,1,1,0.0,0.0,0.0,0.0,0.0,0.0,0.0,0.0,0.0,0.0,0.0,0.0,0.0,0.0,0.0,0.0,0.0,0.0,0.0,-0.0
locomo_3,locomo_3_qa170,4,629,2,1,one,1,1,0.0,0.0,0.0,0.0,0.0,0.0,0.2,0.2,0.2,0.2,0.2,0.2,0.0,0.0,0.0,0.0,0.0,0.0,-20.0,20.0
locomo_3,locomo_3_qa171,4,629,2,1,one,1,1,0.0,0.0,0.0,0.0,0.0,0.0,0.0,0.0,0.0,0.0,0.0,0.0,0.0,0.0,0.0,0.0,0.0,0.0,0.0,-0.0
locomo_3,locomo_3_qa172,4,629,2,1,one,1,1,0.0,0.0,0.0,0.0,0.0,0.0,0.0,0.0,0.0,0.0,0.0,0.0,0.0,0.0,0.0,0.0,0.0,0.0,0.0,-0.0
locomo_3,locomo_3_qa173,4,629,2,1,one,1,1,0.0,0.0,0.0,0.0,0.0,0.0,0.0,0.0,0.0,0.0,0.0,0.0,0.0,0.0,0.0,0.0,0.0,0.0,0.0,-0.0
locomo_3,locomo_3_qa174,4,629,2,1,one,1,1,0.0,0.0,0.0,0.0,0.0,0.0,0.0,0.0,0.0,0.0,0.0,0.0,0.0,0.0,0.0,0.0,0.0,0.0,0.0,-0.0
locomo_3,locomo_3_qa175,4,629,2,1,one,1,1,1.0,1.0,1.0,1.0,1.0,1.0,0.8,0.8,0.8,0.8,0.8,0.8,0.72,0.72,0.72,0.72,0.72,0.72,19.999999999999996,-19.999999999999996
locomo_3,locomo_3_qa176,4,629,2,1,one,1,1,0.25,0.25,0.25,0.25,0.25,0.25,0.48,0.48,0.48,0.48,0.48,0.48,0.24,0.24,0.24,0.24,0.24,0.24,-23.0,23.0
locomo_3,locomo_3_qa177,4,629,2,1,one,1,1,0.0,0.0,0.0,0.0,0.0,0.0,0.0,0.0,0.0,0.0,0.0,0.0,0.0,0.0,0.0,0.0,0.0,0.0,0.0,-0.0
locomo_3,locomo_3_qa178,4,629,2,1,one,1,1,0.0,0.0,0.0,0.0,0.0,0.0,0.0,0.0,0.0,0.0,0.0,0.0,0.2,0.2,0.2,0.2,0.2,0.2,0.0,-0.0
locomo_3,locomo_3_qa179,4,629,2,1,one,1,1,1.0,1.0,1.0,1.0,1.0,1.0,0.6,0.6,0.6,0.6,0.6,0.6,0.47000000000000003,0.47000000000000003,0.47000000000000003,0.47000000000000003,0.47000000000000003,0.47000000000000003,40.0,-40.0
locomo_3,locomo_3_qa18,2,629,2,1,one,1,1,0.0,0.0,0.0,0.0,0.0,0.0,0.0,0.0,0.0,0.0,0.0,0.0,0.0,0.0,0.0,0.0,0.0,0.0,0.0,-0.0
locomo_3,locomo_3_qa180,4,629,2,1,one,1,1,0.0,0.0,0.0,0.0,0.0,0.0,0.0,0.0,0.0,0.0,0.0,0.0,0.0,0.0,0.0,0.0,0.0,0.0,0.0,-0.0
locomo_3,locomo_3_qa181,4,629,2,1,one,1,1,0.0,0.0,0.0,0.0,0.0,0.0,0.2,0.2,0.2,0.2,0.2,0.2,0.33999999999999997,0.33999999999999997,0.33999999999999997,0.33999999999999997,0.33999999999999997,0.33999999999999997,-20.0,20.0
locomo_3,locomo_3_qa182,4,629,2,1,one,1,1,0.0,0.0,0.0,0.0,0.0,0.0,0.0,0.0,0.0,0.0,0.0,0.0,0.0,0.0,0.0,0.0,0.0,0.0,0.0,-0.0
locomo_3,locomo_3_qa183,4,629,2,1,one,1,1,1.0,1.0,1.0,1.0,1.0,1.0,0.0,0.0,0.0,0.0,0.0,0.0,0.0,0.0,0.0,0.0,0.0,0.0,100.0,-100.0
locomo_3,locomo_3_qa184,4,629,2,3,multi,1,1,0.0,0.0,0.0,1.0,0.0,0.33333333333333326,0.0,0.0,0.0,0.04,0.0,0.013333333333333332,0.0,0.0,0.0,0.0,0.0,0.0,31.999999999999996,-31.999999999999996
locomo_3,locomo_3_qa185,4,629,2,1,one,1,1,1.0,1.0,1.0,1.0,1.0,1.0,0.31,0.31,0.31,0.31,0.31,0.31,0.0,0.0,0.0,0.0,0.0,0.0,69.0,-69.0
locomo_3,locomo_3_qa186,4,629,2,1,one,1,1,0.0,0.0,0.0,0.0,0.0,0.0,0.0,0.0,0.0,0.0,0.0,0.0,0.0,0.0,0.0,0.0,0.0,0.0,0.0,-0.0
locomo_3,locomo_3_qa187,4,629,2,1,one,1,1,0.2,0.2,0.2,0.2,0.2,0.2,0.7,0.7,0.7,0.7,0.7,0.7,0.8,0.8,0.8,0.8,0.8,0.8,-49.99999999999999,49.99999999999999
locomo_3,locomo_3_qa188,4,629,2,1,one,1,1,0.0,0.0,0.0,0.0,0.0,0.0,0.0,0.0,0.0,0.0,0.0,0.0,0.0,0.0,0.0,0.0,0.0,0.0,0.0,-0.0
locomo_3,locomo_3_qa189,4,629,2,1,one,1,1,0.0,0.0,0.0,0.0,0.0,0.0,0.45999999999999996,0.45999999999999996,0.45999999999999996,0.45999999999999996,0.45999999999999996,0.45999999999999996,0.32999999999999996,0.32999999999999996,0.32999999999999996,0.32999999999999996,0.32999999999999996,0.32999999999999996,-46.0,46.0
locomo_3,locomo_3_qa19,1,629,2,2,multi,1,1,1.0,0.0,0.5,1.0,0.0,0.5,0.2,0.0,0.1,0.2,0.0,0.1,0.22999999999999998,0.04,0.135,0.22999999999999998,0.04,0.135,40.0,-40.0
locomo_3,locomo_3_qa190,4,629,2,1,one,1,1,0.0,0.0,0.0,0.0,0.0,0.0,0.0,0.0,0.0,0.0,0.0,0.0,0.0,0.0,0.0,0.0,0.0,0.0,0.0,-0.0
locomo_3,locomo_3_qa191,4,629,2,1,one,1,1,0.0,0.0,0.0,0.0,0.0,0.0,0.0,0.0,0.0,0.0,0.0,0.0,0.0,0.0,0.0,0.0,0.0,0.0,0.0,-0.0
locomo_3,locomo_3_qa192,4,629,2,1,one,1,1,1.0,1.0,1.0,1.0,1.0,1.0,0.0,0.0,0.0,0.0,0.0,0.0,0.0,0.0,0.0,0.0,0.0,0.0,100.0,-100.0
locomo_3,locomo_3_qa193,4,629,2,1,one,1,1,1.0,1.0,1.0,1.0,1.0,1.0,0.6,0.6,0.6,0.6,0.6,0.6,0.4,0.4,0.4,0.4,0.4,0.4,40.0,-40.0
locomo_3,locomo_3_qa194,4,629,2,1,one,1,1,0.0,0.0,0.0,0.0,0.0,0.0,0.16999999999999998,0.16999999999999998,0.16999999999999998,0.16999999999999998,0.16999999999999998,0.16999999999999998,0.0,0.0,0.0,0.0,0.0,0.0,-17.0,17.0
locomo_3,locomo_3_qa195,4,629,2,1,one,1,1,0.0,0.0,0.0,0.0,0.0,0.0,0.0,0.0,0.0,0.0,0.0,0.0,0.0,0.0,0.0,0.0,0.0,0.0,0.0,-0.0
locomo_3,locomo_3_qa196,4,629,2,1,one,1,1,0.0,0.0,0.0,0.0,0.0,0.0,0.0,0.0,0.0,0.0,0.0,0.0,0.0,0.0,0.0,0.0,0.0,0.0,0.0,-0.0
locomo_3,locomo_3_qa197,4,629,2,1,one,1,1,0.0,0.0,0.0,0.0,0.0,0.0,0.0,0.0,0.0,0.0,0.0,0.0,0.0,0.0,0.0,0.0,0.0,0.0,0.0,-0.0
locomo_3,locomo_3_qa198,4,629,2,1,one,1,1,0.0,0.0,0.0,0.0,0.0,0.0,0.0,0.0,0.0,0.0,0.0,0.0,0.0,0.0,0.0,0.0,0.0,0.0,0.0,-0.0
locomo_3,locomo_3_qa2,2,629,2,1,one,1,1,0.0,0.0,0.0,0.0,0.0,0.0,0.0,0.0,0.0,0.0,0.0,0.0,0.0,0.0,0.0,0.0,0.0,0.0,0.0,-0.0
locomo_3,locomo_3_qa20,2,629,2,1,one,1,1,0.0,0.0,0.0,0.0,0.0,0.0,0.0,0.0,0.0,0.0,0.0,0.0,0.0,0.0,0.0,0.0,0.0,0.0,0.0,-0.0
locomo_3,locomo_3_qa21,2,629,2,1,one,1,1,1.0,1.0,1.0,1.0,1.0,1.0,0.6,0.6,0.6,0.6,0.6,0.6,0.93,0.93,0.93,0.93,0.93,0.93,40.0,-40.0
locomo_3,locomo_3_qa22,2,629,2,2,multi,1,1,0.0,0.0,0.0,0.0,0.0,0.0,0.0,0.0,0.0,0.0,0.0,0.0,0.0,0.0,0.0,0.0,0.0,0.0,0.0,-0.0
locomo_3,locomo_3_qa23,1,629,2,5,multi,1,1,1.0,0.0,0.5999999999999999,1.0,0.0,0.5999999999999999,1.0,0.0,0.28,1.0,0.0,0.28,1.0,0.0,0.32000000000000006,1.0,0.0,0.32000000000000006,31.999999999999986,-31.999999999999986
locomo_3,locomo_3_qa24,2,629,2,1,one,1,1,1.0,1.0,1.0,1.0,1.0,1.0,0.8,0.8,0.8,0.8,0.8,0.8,1.0,1.0,1.0,1.0,1.0,1.0,19.999999999999996,-19.999999999999996
locomo_3,locomo_3_qa25,2,629,2,1,one,1,1,0.0,0.0,0.0,0.0,0.0,0.0,0.0,0.0,0.0,0.0,0.0,0.0,0.0,0.0,0.0,0.0,0.0,0.0,0.0,-0.0
locomo_3,locomo_3_qa26,2,629,2,1,one,1,1,0.0,0.0,0.0,0.0,0.0,0.0,0.0,0.0,0.0,0.0,0.0,0.0,0.0,0.0,0.0,0.0,0.0,0.0,0.0,-0.0
locomo_3,locomo_3_qa27,1,629,2,2,multi,1,1,0.0,0.0,0.0,0.0,0.0,0.0,0.0,0.0,0.0,0.0,0.0,0.0,0.0,0.0,0.0,0.0,0.0,0.0,0.0,-0.0
locomo_3,locomo_3_qa28,2,629,2,1,one,1,1,1.0,1.0,1.0,1.0,1.0,1.0,0.2,0.2,0.2,0.2,0.2,0.2,0.2,0.2,0.2,0.2,0.2,0.2,80.0,-80.0
locomo_3,locomo_3_qa29,2,629,2,1,one,1,1,1.0,1.0,1.0,1.0,1.0,1.0,0.0,0.0,0.0,0.0,0.0,0.0,0.0,0.0,0.0,0.0,0.0,0.0,100.0,-100.0
locomo_3,locomo_3_qa3,2,629,2,1,one,1,1,1.0,1.0,1.0,1.0,1.0,1.0,0.6,0.6,0.6,0.6,0.6,0.6,0.47000000000000003,0.47000000000000003,0.47000000000000003,0.47000000000000003,0.47000000000000003,0.47000000000000003,40.0,-40.0
locomo_3,locomo_3_qa30,1,629,2,4,multi,1,1,1.0,0.0,0.25,1.0,0.0,0.25,0.0,0.0,0.0,0.0,0.0,0.0,0.0,0.0,0.0,0.0,0.0,0.0,25.0,-25.0
locomo_3,locomo_3_qa31,2,629,2,1,one,1,1,0.0,0.0,0.0,0.0,0.0,0.0,0.9,0.9,0.9,0.9,0.9,0.9,0.43,0.43,0.43,0.43,0.43,0.43,-90.0,90.0
locomo_3,locomo_3_qa32,2,629,2,1,one,1,1,0.0,0.0,0.0,0.0,0.0,0.0,0.0,0.0,0.0,0.0,0.0,0.0,0.0,0.0,0.0,0.0,0.0,0.0,0.0,-0.0
locomo_3,locomo_3_qa33,2,629,2,1,one,1,1,0.0,0.0,0.0,0.0,0.0,0.0,0.0,0.0,0.0,0.0,0.0,0.0,0.0,0.0,0.0,0.0,0.0,0.0,0.0,-0.0
locomo_3,locomo_3_qa34,1,629,2,4,multi,1,1,0.0,0.0,0.0,0.0,0.0,0.0,0.4,0.0,0.1333333333333333,0.4,0.0,0.1,0.2,0.0,0.06666666666666665,0.2,0.0,0.05,-10.0,10.0
locomo_3,locomo_3_qa35,2,629,2,1,one,1,1,0.0,0.0,0.0,0.0,0.0,0.0,0.8,0.8,0.8,0.8,0.8,0.8,0.8,0.8,0.8,0.8,0.8,0.8,-80.0,80.0
locomo_3,locomo_3_qa36,2,629,2,1,one,1,1,1.0,1.0,1.0,1.0,1.0,1.0,0.2,0.2,0.2,0.2,0.2,0.2,0.2,0.2,0.2,0.2,0.2,0.2,80.0,-80.0
locomo_3,locomo_3_qa37,2,629,2,1,one,1,1,0.0,0.0,0.0,0.0,0.0,0.0,0.0,0.0,0.0,0.0,0.0,0.0,0.2,0.2,0.2,0.2,0.2,0.2,0.0,-0.0
locomo_3,locomo_3_qa38,2,629,2,1,one,1,1,0.0,0.0,0.0,0.0,0.0,0.0,0.2,0.2,0.2,0.2,0.2,0.2,0.4,0.4,0.4,0.4,0.4,0.4,-20.0,20.0
locomo_3,locomo_3_qa39,2,629,2,1,one,1,1,0.0,0.0,0.0,0.0,0.0,0.0,0.0,0.0,0.0,0.0,0.0,0.0,0.0,0.0,0.0,0.0,0.0,0.0,0.0,-0.0
locomo_3,locomo_3_qa4,3,629,2,2,multi,1,1,0.0,0.0,0.0,0.0,0.0,0.0,0.19,0.19,0.19,0.19,0.0,0.095,0.4,0.4,0.4,0.4,0.0,0.2,-9.5,9.5
locomo_3,locomo_3_qa40,2,629,2,1,one,1,1,0.0,0.0,0.0,0.0,0.0,0.0,0.0,0.0,0.0,0.0,0.0,0.0,0.0,0.0,0.0,0.0,0.0,0.0,0.0,-0.0
locomo_3,locomo_3_qa41,2,629,2,1,one,1,1,0.0,0.0,0.0,0.0,0.0,0.0,0.0,0.0,0.0,0.0,0.0,0.0,0.0,0.0,0.0,0.0,0.0,0.0,0.0,-0.0
locomo_3,locomo_3_qa42,1,629,2,3,multi,1,1,0.0,0.0,0.0,0.0,0.0,0.0,0.0,0.0,0.0,0.0,0.0,0.0,0.0,0.0,0.0,0.0,0.0,0.0,0.0,-0.0
locomo_3,locomo_3_qa43,2,629,2,2,multi,1,1,0.0,0.0,0.0,0.0,0.0,0.0,0.06,0.0,0.03,0.06,0.0,0.03,0.0,0.0,0.0,0.0,0.0,0.0,-3.0,3.0
locomo_3,locomo_3_qa44,2,629,2,1,one,1,1,1.0,1.0,1.0,1.0,1.0,1.0,0.44000000000000006,0.44000000000000006,0.44000000000000006,0.44000000000000006,0.44000000000000006,0.44000000000000006,0.6599999999999999,0.6599999999999999,0.6599999999999999,0.6599999999999999,0.6599999999999999,0.6599999999999999,55.99999999999999,-55.99999999999999
locomo_3,locomo_3_qa45,2,629,2,1,one,1,1,0.0,0.0,0.0,0.0,0.0,0.0,0.2,0.2,0.2,0.2,0.2,0.2,0.0,0.0,0.0,0.0,0.0,0.0,-20.0,20.0
locomo_3,locomo_3_qa46,1,629,2,2,multi,1,1,1.0,0.0,0.5,1.0,0.0,0.5,0.8,0.0,0.4,0.8,0.0,0.4,1.0,0.0,0.5,1.0,0.0,0.5,9.999999999999998,-9.999999999999998
locomo_3,locomo_3_qa47,1,629,2,2,multi,1,1,1.0,0.0,0.5,1.0,0.0,0.5,0.3,0.0,0.15,0.3,0.0,0.15,0.2,0.0,0.1,0.2,0.0,0.1,35.0,-35.0
locomo_3,locomo_3_qa48,2,629,2,1,one,1,1,1.0,1.0,1.0,1.0,1.0,1.0,0.0,0.0,0.0,0.0,0.0,0.0,0.0,0.0,0.0,0.0,0.0,0.0,100.0,-100.0
locomo_3,locomo_3_qa49,1,629,2,2,multi,1,1,1.0,0.0,0.5,1.0,0.0,0.5,0.6,0.0,0.3,0.6,0.0,0.3,0.6,0.0,0.3,0.6,0.0,0.3,20.0,-20.0
locomo_3,locomo_3_qa5,1,629,2,2,multi,1,1,0.0,0.0,0.0,0.0,0.0,0.0,0.0,0.0,0.0,0.0,0.0,0.0,0.0,0.0,0.0,0.0,0.0,0.0,0.0,-0.0
locomo_3,locomo_3_qa50,1,629,2,3,multi,1,1,0.0,0.0,0.0,1.0,0.0,0.33333333333333326,0.0,0.0,0.0,0.6,0.0,0.19999999999999996,0.0,0.0,0.0,0.11000000000000001,0.0,0.03666666666666667,13.33333333333333,-13.33333333333333
locomo_3,locomo_3_qa51,1,629,2,2,multi,1,1,0.0,0.0,0.0,0.0,0.0,0.0,0.0,0.0,0.0,0.0,0.0,0.0,0.0,0.0,0.0,0.0,0.0,0.0,0.0,-0.0
locomo_3,locomo_3_qa52,1,629,2,3,multi,1,1,0.0,0.0,0.0,0.0,0.0,0.0,0.2,0.0,0.1,0.2,0.0,0.06666666666666665,0.47000000000000003,0.06999999999999999,0.27,0.47000000000000003,0.0,0.17999999999999997,-6.666666666666665,6.666666666666665
locomo_3,locomo_3_qa53,1,629,2,2,multi,1,1,1.0,0.0,0.5,1.0,0.0,0.5,0.8,0.0,0.4,0.8,0.0,0.4,0.8,0.0,0.4,0.8,0.0,0.4,9.999999999999998,-9.999999999999998
locomo_3,locomo_3_qa54,2,629,2,1,one,1,1,0.0,0.0,0.0,1.0,1.0,1.0,0.0,0.0,0.0,0.0,0.0,0.0,0.0,0.0,0.0,0.0,0.0,0.0,100.0,-100.0
locomo_3,locomo_3_qa55,1,629,2,6,multi,1,1,0.0,0.0,0.0,0.0,0.0,0.0,0.0,0.0,0.0,0.0,0.0,0.0,0.4,0.0,0.06666666666666665,0.4,0.0,0.06666666666666665,0.0,-0.0
locomo_3,locomo_3_qa56,1,629,2,2,multi,1,1,0.0,0.0,0.0,0.0,0.0,0.0,0.0,0.0,0.0,0.0,0.0,0.0,0.0,0.0,0.0,0.0,0.0,0.0,0.0,-0.0
locomo_3,locomo_3_qa57,2,629,2,1,one,1,1,0.0,0.0,0.0,0.0,0.0,0.0,0.0,0.0,0.0,0.0,0.0,0.0,0.0,0.0,0.0,0.0,0.0,0.0,0.0,-0.0
locomo_3,locomo_3_qa58,1,629,2,7,multi,1,1,0.0,0.0,0.0,0.0,0.0,0.0,0.0,0.0,0.0,0.0,0.0,0.0,0.0,0.0,0.0,0.0,0.0,0.0,0.0,-0.0
locomo_3,locomo_3_qa59,1,629,2,2,multi,1,1,0.0,0.0,0.0,0.0,0.0,0.0,0.0,0.0,0.0,0.0,0.0,0.0,0.0,0.0,0.0,0.0,0.0,0.0,0.0,-0.0
locomo_3,locomo_3_qa6,2,629,2,1,one,1,1,0.0,0.0,0.0,0.0,0.0,0.0,0.0,0.0,0.0,0.0,0.0,0.0,0.0,0.0,0.0,0.0,0.0,0.0,0.0,-0.0
locomo_3,locomo_3_qa60,3,629,2,1,one,1,1,0.0,0.0,0.0,0.0,0.0,0.0,0.0,0.0,0.0,0.0,0.0,0.0,0.0,0.0,0.0,0.0,0.0,0.0,0.0,-0.0
locomo_3,locomo_3_qa61,1,629,2,3,multi,1,1,0.0,0.0,0.0,1.0,0.0,0.33333333333333326,0.0,0.0,0.0,1.0,0.0,0.33333333333333326,0.0,0.0,0.0,1.0,0.0,0.33333333333333326,0.0,-0.0
locomo_3,locomo_3_qa62,1,629,2,2,multi,1,1,0.0,0.0,0.0,0.0,0.0,0.0,0.0,0.0,0.0,0.0,0.0,0.0,0.0,0.0,0.0,0.0,0.0,0.0,0.0,-0.0
locomo_3,locomo_3_qa63,1,629,2,5,multi,1,1,0.0,0.0,0.0,0.0,0.0,0.0,0.0,0.0,0.0,0.0,0.0,0.0,0.0,0.0,0.0,0.0,0.0,0.0,0.0,-0.0
locomo_3,locomo_3_qa64,2,629,2,1,one,1,1,0.0,0.0,0.0,0.0,0.0,0.0,0.0,0.0,0.0,0.0,0.0,0.0,0.0,0.0,0.0,0.0,0.0,0.0,0.0,-0.0
locomo_3,locomo_3_qa65,2,629,2,1,one,1,1,0.0,0.0,0.0,0.0,0.0,0.0,0.0,0.0,0.0,0.0,0.0,0.0,0.0,0.0,0.0,0.0,0.0,0.0,0.0,-0.0
locomo_3,locomo_3_qa66,3,629,2,3,multi,1,1,0.0,0.0,0.0,0.0,0.0,0.0,0.0,0.0,0.0,0.0,0.0,0.0,0.0,0.0,0.0,0.0,0.0,0.0,0.0,-0.0
locomo_3,locomo_3_qa67,1,629,2,4,multi,1,1,0.0,0.0,0.0,0.0,0.0,0.0,0.0,0.0,0.0,0.0,0.0,0.0,0.0,0.0,0.0,0.0,0.0,0.0,0.0,-0.0
locomo_3,locomo_3_qa68,3,629,2,5,multi,1,1,0.0,0.0,0.0,0.0,0.0,0.0,0.0,0.0,0.0,0.0,0.0,0.0,0.0,0.0,0.0,0.0,0.0,0.0,0.0,-0.0
locomo_3,locomo_3_qa69,1,629,2,3,multi,1,1,0.0,0.0,0.0,0.0,0.0,0.0,0.0,0.0,0.0,0.0,0.0,0.0,0.0,0.0,0.0,0.0,0.0,0.0,0.0,-0.0
locomo_3,locomo_3_qa7,2,629,2,1,one,1,1,0.0,0.0,0.0,0.0,0.0,0.0,0.0,0.0,0.0,0.0,0.0,0.0,0.0,0.0,0.0,0.0,0.0,0.0,0.0,-0.0
locomo_3,locomo_3_qa70,1,629,2,3,multi,1,1,0.0,0.0,0.0,0.0,0.0,0.0,0.06,0.0,0.02,0.06,0.0,0.02,0.0,0.0,0.0,0.0,0.0,0.0,-2.0,2.0
locomo_3,locomo_3_qa71,1,629,2,2,multi,1,1,1.0,0.0,0.5,1.0,0.0,0.5,0.0,0.0,0.0,0.0,0.0,0.0,0.0,0.0,0.0,0.0,0.0,0.0,50.0,-50.0
locomo_3,locomo_3_qa72,2,629,2,1,one,1,1,0.0,0.0,0.0,0.0,0.0,0.0,0.0,0.0,0.0,0.0,0.0,0.0,0.0,0.0,0.0,0.0,0.0,0.0,0.0,-0.0
locomo_3,locomo_3_qa73,3,629,2,1,one,1,1,0.0,0.0,0.0,0.0,0.0,0.0,0.0,0.0,0.0,0.0,0.0,0.0,0.0,0.0,0.0,0.0,0.0,0.0,0.0,-0.0
locomo_3,locomo_3_qa74,1,629,2,7,multi,1,1,0.0,0.0,0.0,0.0,0.0,0.0,0.0,0.0,0.0,0.0,0.0,0.0,0.0,0.0,0.0,0.0,0.0,0.0,0.0,-0.0
locomo_3,locomo_3_qa75,1,629,2,4,multi,1,1,0.0,0.0,0.0,0.0,0.0,0.0,0.0,0.0,0.0,0.0,0.0,0.0,0.0,0.0,0.0,0.0,0.0,0.0,0.0,-0.0
locomo_3,locomo_3_qa76,1,629,2,2,multi,1,1,1.0,0.0,0.5,1.0,0.0,0.5,0.4,0.0,0.2,0.4,0.0,0.2,0.0,0.0,0.0,0.0,0.0,0.0,30.0,-30.0
locomo_3,locomo_3_qa77,2,629,2,1,one,1,1,1.0,1.0,1.0,1.0,1.0,1.0,0.0,0.0,0.0,0.0,0.0,0.0,0.0,0.0,0.0,0.0,0.0,0.0,100.0,-100.0
locomo_3,locomo_3_qa78,1,629,2,9,multi,1,1,1.0,0.0,0.33333333333333326,1.0,0.0,0.33333333333333326,1.0,0.0,0.29666666666666663,1.0,0.0,0.29666666666666663,1.0,0.0,0.2544444444444444,1.0,0.0,0.2544444444444444,3.6666666666666625,-3.6666666666666625
locomo_3,locomo_3_qa79,1,629,2,5,multi,1,1,0.0,0.0,0.0,0.0,0.0,0.0,0.0,0.0,0.0,0.0,0.0,0.0,0.0,0.0,0.0,0.0,0.0,0.0,0.0,-0.0
locomo_3,locomo_3_qa8,2,629,2,1,one,1,1,0.0,0.0,0.0,0.0,0.0,0.0,0.0,0.0,0.0,0.0,0.0,0.0,0.0,0.0,0.0,0.0,0.0,0.0,0.0,-0.0
locomo_3,locomo_3_qa80,1,629,2,7,multi,1,1,1.0,0.0,0.2857142857142857,1.0,0.0,0.2857142857142857,1.0,0.0,0.22857142857142856,1.0,0.0,0.22857142857142856,1.0,0.0,0.2942857142857143,1.0,0.0,0.2942857142857143,5.7142857142857135,-5.7142857142857135
locomo_3,locomo_3_qa81,1,629,2,8,multi,1,1,0.0,0.0,0.0,0.0,0.0,0.0,0.2,0.0,0.022222222222222223,0.2,0.0,0.025,0.0,0.0,0.0,0.0,0.0,0.0,-2.5,2.5
locomo_3,locomo_3_qa82,1,629,2,2,multi,1,1,0.0,0.0,0.0,0.0,0.0,0.0,0.0,0.0,0.0,0.0,0.0,0.0,0.0,0.0,0.0,0.0,0.0,0.0,0.0,-0.0
locomo_3,locomo_3_qa83,1,629,2,3,multi,1,1,0.0,0.0,0.0,0.0,0.0,0.0,0.0,0.0,0.0,0.0,0.0,0.0,0.0,0.0,0.0,0.0,0.0,0.0,0.0,-0.0
locomo_3,locomo_3_qa84,3,629,2,2,multi,1,1,0.0,0.0,0.0,0.0,0.0,0.0,0.0,0.0,0.0,0.0,0.0,0.0,0.0,0.0,0.0,0.0,0.0,0.0,0.0,-0.0
locomo_3,locomo_3_qa85,3,629,2,1,one,1,1,0.0,0.0,0.0,0.0,0.0,0.0,0.0,0.0,0.0,0.0,0.0,0.0,0.0,0.0,0.0,0.0,0.0,0.0,0.0,-0.0
locomo_3,locomo_3_qa86,2,629,2,1,one,1,1,0.0,0.0,0.0,0.0,0.0,0.0,0.0,0.0,0.0,0.0,0.0,0.0,0.0,0.0,0.0,0.0,0.0,0.0,0.0,-0.0
locomo_3,locomo_3_qa87,3,629,2,1,one,1,1,0.0,0.0,0.0,0.0,0.0,0.0,0.0,0.0,0.0,0.0,0.0,0.0,0.0,0.0,0.0,0.0,0.0,0.0,0.0,-0.0
locomo_3,locomo_3_qa88,4,629,2,3,multi,1,1,0.0,0.0,0.0,0.0,0.0,0.0,0.0,0.0,0.0,0.0,0.0,0.0,0.0,0.0,0.0,0.0,0.0,0.0,0.0,-0.0
locomo_3,locomo_3_qa89,4,629,2,2,multi,1,1,1.0,0.0,0.5,1.0,0.0,0.5,0.0,0.0,0.0,0.0,0.0,0.0,0.0,0.0,0.0,0.0,0.0,0.0,50.0,-50.0
locomo_3,locomo_3_qa9,2,629,2,1,one,1,1,0.0,0.0,0.0,0.0,0.0,0.0,0.0,0.0,0.0,0.0,0.0,0.0,0.0,0.0,0.0,0.0,0.0,0.0,0.0,-0.0
locomo_3,locomo_3_qa90,4,629,2,1,one,1,1,0.0,0.0,0.0,0.0,0.0,0.0,0.0,0.0,0.0,0.0,0.0,0.0,0.0,0.0,0.0,0.0,0.0,0.0,0.0,-0.0
locomo_3,locomo_3_qa91,4,629,2,1,one,1,1,1.0,1.0,1.0,1.0,1.0,1.0,0.0,0.0,0.0,0.0,0.0,0.0,0.1,0.1,0.1,0.1,0.1,0.1,100.0,-100.0
locomo_3,locomo_3_qa92,4,629,2,1,one,1,1,0.0,0.0,0.0,0.0,0.0,0.0,0.6,0.6,0.6,0.6,0.6,0.6,0.27,0.27,0.27,0.27,0.27,0.27,-60.0,60.0
locomo_3,locomo_3_qa93,4,629,2,2,multi,1,1,1.0,0.0,0.5,1.0,0.0,0.5,0.0,0.0,0.0,0.0,0.0,0.0,0.06999999999999999,0.0,0.034999999999999996,0.06999999999999999,0.0,0.034999999999999996,50.0,-50.0
locomo_3,locomo_3_qa94,4,629,2,2,multi,1,1,0.0,0.0,0.0,0.0,0.0,0.0,0.0,0.0,0.0,0.0,0.0,0.0,0.0,0.0,0.0,0.0,0.0,0.0,0.0,-0.0
locomo_3,locomo_3_qa95,4,629,2,2,multi,1,1,1.0,0.0,0.5,1.0,0.0,0.5,0.8,0.0,0.4,0.8,0.0,0.4,0.4,0.0,0.2,0.4,0.0,0.2,9.999999999999998,-9.999999999999998
locomo_3,locomo_3_qa96,4,629,2,1,one,1,1,0.0,0.0,0.0,0.0,0.0,0.0,0.0,0.0,0.0,0.0,0.0,0.0,0.0,0.0,0.0,0.0,0.0,0.0,0.0,-0.0
locomo_3,locomo_3_qa97,4,629,2,1,one,1,1,0.0,0.0,0.0,0.0,0.0,0.0,0.0,0.0,0.0,0.0,0.0,0.0,0.0,0.0,0.0,0.0,0.0,0.0,0.0,-0.0
locomo_3,locomo_3_qa98,4,629,2,1,one,1,1,0.0,0.0,0.0,0.0,0.0,0.0,0.0,0.0,0.0,0.0,0.0,0.0,0.0,0.0,0.0,0.0,0.0,0.0,0.0,-0.0
locomo_3,locomo_3_qa99,4,629,2,1,one,1,1,0.0,0.0,0.0,0.0,0.0,0.0,0.5,0.5,0.5,0.5,0.5,0.5,0.35,0.35,0.35,0.35,0.35,0.35,-50.0,50.0
locomo_4,locomo_4_qa0,1,680,3,3,multi,1,1,0.0,0.0,0.0,0.0,0.0,0.0,0.0,0.0,0.0,0.0,0.0,0.0,0.0,0.0,0.0,0.0,0.0,0.0,0.0,-0.0
locomo_4,locomo_4_qa1,1,680,3,2,multi,1,1,0.45,0.0,0.225,0.45,0.0,0.225,0.0,0.0,0.0,0.0,0.0,0.0,0.0,0.0,0.0,0.0,0.0,0.0,22.5,-22.5
locomo_4,locomo_4_qa10,2,680,3,2,multi,1,1,1.0,0.0,0.5,1.0,0.0,0.5,0.8,0.0,0.4,0.8,0.0,0.4,0.51,0.0,0.255,0.51,0.0,0.255,9.999999999999998,-9.999999999999998
locomo_4,locomo_4_qa100,4,680,3,1,one,1,1,1.0,1.0,1.0,1.0,1.0,1.0,0.2,0.2,0.2,0.2,0.2,0.2,0.4,0.4,0.4,0.4,0.4,0.4,80.0,-80.0
locomo_4,locomo_4_qa101,4,680,3,1,one,1,1,0.0,0.0,0.0,0.0,0.0,0.0,0.2,0.2,0.2,0.2,0.2,0.2,0.0,0.0,0.0,0.0,0.0,0.0,-20.0,20.0
locomo_4,locomo_4_qa102,4,680,3,1,one,1,1,0.0,0.0,0.0,0.0,0.0,0.0,0.0,0.0,0.0,0.0,0.0,0.0,0.0,0.0,0.0,0.0,0.0,0.0,0.0,-0.0
locomo_4,locomo_4_qa103,4,680,3,2,multi,1,1,0.0,0.0,0.0,0.0,0.0,0.0,0.0,0.0,0.0,0.0,0.0,0.0,0.0,0.0,0.0,0.0,0.0,0.0,0.0,-0.0
locomo_4,locomo_4_qa104,4,680,3,1,one,1,1,0.0,0.0,0.0,0.0,0.0,0.0,0.0,0.0,0.0,0.0,0.0,0.0,0.0,0.0,0.0,0.0,0.0,0.0,0.0,-0.0
locomo_4,locomo_4_qa105,4,680,3,1,one,1,1,0.0,0.0,0.0,0.0,0.0,0.0,0.0,0.0,0.0,0.0,0.0,0.0,0.0,0.0,0.0,0.0,0.0,0.0,0.0,-0.0
locomo_4,locomo_4_qa106,4,680,3,1,one,1,1,1.0,1.0,1.0,1.0,1.0,1.0,1.0,1.0,1.0,1.0,1.0,1.0,1.0,1.0,1.0,1.0,1.0,1.0,0.0,-0.0
locomo_4,locomo_4_qa107,4,680,3,1,one,1,1,0.0,0.0,0.0,0.0,0.0,0.0,0.0,0.0,0.0,0.0,0.0,0.0,0.0,0.0,0.0,0.0,0.0,0.0,0.0,-0.0
locomo_4,locomo_4_qa108,4,680,3,1,one,1,1,0.0,0.0,0.0,0.0,0.0,0.0,0.0,0.0,0.0,0.0,0.0,0.0,0.0,0.0,0.0,0.0,0.0,0.0,0.0,-0.0
locomo_4,locomo_4_qa109,4,680,3,1,one,1,1,0.0,0.0,0.0,0.0,0.0,0.0,0.0,0.0,0.0,0.0,0.0,0.0,0.0,0.0,0.0,0.0,0.0,0.0,0.0,-0.0
locomo_4,locomo_4_qa11,1,680,3,1,one,1,1,0.0,0.0,0.0,0.0,0.0,0.0,0.0,0.0,0.0,0.0,0.0,0.0,0.0,0.0,0.0,0.0,0.0,0.0,0.0,-0.0
locomo_4,locomo_4_qa110,4,680,3,1,one,1,1,0.0,0.0,0.0,0.0,0.0,0.0,0.0,0.0,0.0,0.0,0.0,0.0,0.0,0.0,0.0,0.0,0.0,0.0,0.0,-0.0
locomo_4,locomo_4_qa111,4,680,3,1,one,1,1,0.0,0.0,0.0,0.0,0.0,0.0,0.0,0.0,0.0,0.0,0.0,0.0,0.0,0.0,0.0,0.0,0.0,0.0,0.0,-0.0
locomo_4,locomo_4_qa112,4,680,3,1,one,1,1,1.0,1.0,1.0,1.0,1.0,1.0,0.9,0.9,0.9,0.9,0.9,0.9,1.0,1.0,1.0,1.0,1.0,1.0,9.999999999999998,-9.999999999999998
locomo_4,locomo_4_qa113,4,680,3,1,one,1,1,0.0,0.0,0.0,0.0,0.0,0.0,0.0,0.0,0.0,0.0,0.0,0.0,0.0,0.0,0.0,0.0,0.0,0.0,0.0,-0.0
locomo_4,locomo_4_qa114,4,680,3,1,one,1,1,1.0,1.0,1.0,1.0,1.0,1.0,0.6,0.6,0.6,0.6,0.6,0.6,0.0,0.0,0.0,0.0,0.0,0.0,40.0,-40.0
locomo_4,locomo_4_qa115,4,680,3,1,one,1,1,0.0,0.0,0.0,0.0,0.0,0.0,0.0,0.0,0.0,0.0,0.0,0.0,0.0,0.0,0.0,0.0,0.0,0.0,0.0,-0.0
locomo_4,locomo_4_qa116,4,680,3,1,one,1,1,1.0,1.0,1.0,1.0,1.0,1.0,0.4,0.4,0.4,0.4,0.4,0.4,0.42000000000000004,0.42000000000000004,0.42000000000000004,0.42000000000000004,0.42000000000000004,0.42000000000000004,60.0,-60.0
locomo_4,locomo_4_qa117,4,680,3,1,one,1,1,0.0,0.0,0.0,0.0,0.0,0.0,0.0,0.0,0.0,0.0,0.0,0.0,0.0,0.0,0.0,0.0,0.0,0.0,0.0,-0.0
locomo_4,locomo_4_qa118,4,680,3,1,one,1,1,0.0,0.0,0.0,0.0,0.0,0.0,0.0,0.0,0.0,0.0,0.0,0.0,0.0,0.0,0.0,0.0,0.0,0.0,0.0,-0.0
locomo_4,locomo_4_qa119,4,680,3,1,one,1,1,0.0,0.0,0.0,0.0,0.0,0.0,0.0,0.0,0.0,0.0,0.0,0.0,0.0,0.0,0.0,0.0,0.0,0.0,0.0,-0.0
locomo_4,locomo_4_qa12,2,680,3,1,one,1,1,0.0,0.0,0.0,0.0,0.0,0.0,0.0,0.0,0.0,0.0,0.0,0.0,0.0,0.0,0.0,0.0,0.0,0.0,0.0,-0.0
locomo_4,locomo_4_qa120,4,680,3,1,one,1,1,0.0,0.0,0.0,0.0,0.0,0.0,0.0,0.0,0.0,0.0,0.0,0.0,0.0,0.0,0.0,0.0,0.0,0.0,0.0,-0.0
locomo_4,locomo_4_qa121,4,680,3,1,one,1,1,0.0,0.0,0.0,0.0,0.0,0.0,0.4,0.4,0.4,0.4,0.4,0.4,1.0,1.0,1.0,1.0,1.0,1.0,-40.0,40.0
locomo_4,locomo_4_qa122,4,680,3,1,one,1,1,0.0,0.0,0.0,0.0,0.0,0.0,0.0,0.0,0.0,0.0,0.0,0.0,0.0,0.0,0.0,0.0,0.0,0.0,0.0,-0.0
locomo_4,locomo_4_qa123,4,680,3,1,one,1,1,0.0,0.0,0.0,0.0,0.0,0.0,0.0,0.0,0.0,0.0,0.0,0.0,0.0,0.0,0.0,0.0,0.0,0.0,0.0,-0.0
locomo_4,locomo_4_qa124,4,680,3,1,one,1,1,0.0,0.0,0.0,0.0,0.0,0.0,0.0,0.0,0.0,0.0,0.0,0.0,0.0,0.0,0.0,0.0,0.0,0.0,0.0,-0.0
locomo_4,locomo_4_qa125,4,680,3,1,one,1,1,1.0,1.0,1.0,1.0,1.0,1.0,0.2,0.2,0.2,0.2,0.2,0.2,0.0,0.0,0.0,0.0,0.0,0.0,80.0,-80.0
locomo_4,locomo_4_qa126,4,680,3,1,one,1,1,1.0,1.0,1.0,1.0,1.0,1.0,1.0,1.0,1.0,1.0,1.0,1.0,1.0,1.0,1.0,1.0,1.0,1.0,0.0,-0.0
locomo_4,locomo_4_qa127,4,680,3,1,one,1,1,1.0,1.0,1.0,1.0,1.0,1.0,0.0,0.0,0.0,0.0,0.0,0.0,0.0,0.0,0.0,0.0,0.0,0.0,100.0,-100.0
locomo_4,locomo_4_qa128,4,680,3,3,multi,1,1,0.0,0.0,0.0,1.0,0.0,0.6666666666666665,0.0,0.0,0.0,0.6,0.0,0.19999999999999996,0.0,0.0,0.0,1.0,0.0,0.42333333333333323,46.66666666666666,-46.66666666666666
locomo_4,locomo_4_qa129,4,680,3,1,one,1,1,0.0,0.0,0.0,0.0,0.0,0.0,0.0,0.0,0.0,0.0,0.0,0.0,0.0,0.0,0.0,0.0,0.0,0.0,0.0,-0.0
locomo_4,locomo_4_qa13,1,680,3,2,multi,1,1,1.0,0.0,0.5,1.0,0.0,0.5,1.0,0.0,0.5,1.0,0.0,0.5,1.0,0.0,0.5,1.0,0.0,0.5,0.0,-0.0
locomo_4,locomo_4_qa130,4,680,3,1,one,1,1,1.0,1.0,1.0,1.0,1.0,1.0,0.29,0.29,0.29,0.29,0.29,0.29,0.6,0.6,0.6,0.6,0.6,0.6,71.0,-71.0
locomo_4,locomo_4_qa131,4,680,3,1,one,1,1,1.0,1.0,1.0,1.0,1.0,1.0,0.2,0.2,0.2,0.2,0.2,0.2,0.0,0.0,0.0,0.0,0.0,0.0,80.0,-80.0
locomo_4,locomo_4_qa132,4,680,3,2,multi,1,1,0.45,0.0,0.225,0.45,0.0,0.225,0.0,0.0,0.0,0.0,0.0,0.0,0.0,0.0,0.0,0.0,0.0,0.0,22.5,-22.5
locomo_4,locomo_4_qa133,4,680,3,1,one,1,1,0.0,0.0,0.0,0.0,0.0,0.0,0.0,0.0,0.0,0.0,0.0,0.0,0.0,0.0,0.0,0.0,0.0,0.0,0.0,-0.0
locomo_4,locomo_4_qa134,4,680,3,1,one,1,1,1.0,1.0,1.0,1.0,1.0,1.0,0.4,0.4,0.4,0.4,0.4,0.4,0.8800000000000001,0.8800000000000001,0.8800000000000001,0.8800000000000001,0.8800000000000001,0.8800000000000001,60.0,-60.0
locomo_4,locomo_4_qa135,4,680,3,1,one,1,1,0.0,0.0,0.0,0.0,0.0,0.0,0.8699999999999999,0.8699999999999999,0.8699999999999999,0.0,0.0,0.0,0.78,0.78,0.78,0.0,0.0,0.0,0.0,-0.0
locomo_4,locomo_4_qa136,4,680,3,3,multi,1,1,0.0,0.0,0.0,0.0,0.0,0.0,0.0,0.0,0.0,0.0,0.0,0.0,0.0,0.0,0.0,0.0,0.0,0.0,0.0,-0.0
locomo_4,locomo_4_qa137,4,680,3,1,one,1,1,1.0,1.0,1.0,1.0,1.0,1.0,0.03,0.03,0.03,0.03,0.03,0.03,0.15,0.15,0.15,0.15,0.15,0.15,97.0,-97.0
locomo_4,locomo_4_qa138,4,680,3,1,one,1,1,0.0,0.0,0.0,0.0,0.0,0.0,0.0,0.0,0.0,0.0,0.0,0.0,0.0,0.0,0.0,0.0,0.0,0.0,0.0,-0.0
locomo_4,locomo_4_qa139,4,680,3,1,one,1,1,1.0,1.0,1.0,1.0,1.0,1.0,0.8699999999999999,0.8699999999999999,0.8699999999999999,0.8699999999999999,0.8699999999999999,0.8699999999999999,1.0,1.0,1.0,1.0,1.0,1.0,13.00000000000001,-13.00000000000001
locomo_4,locomo_4_qa14,1,680,3,4,multi,1,1,0.0,0.0,0.0,0.0,0.0,0.0,0.4,0.0,0.1,0.4,0.0,0.1,0.58,0.0,0.17500000000000002,0.58,0.0,0.17500000000000002,-10.0,10.0
locomo_4,locomo_4_qa140,4,680,3,1,one,1,1,0.0,0.0,0.0,0.0,0.0,0.0,0.2,0.2,0.2,0.2,0.2,0.2,0.0,0.0,0.0,0.0,0.0,0.0,-20.0,20.0
locomo_4,locomo_4_qa141,4,680,3,1,one,1,1,1.0,1.0,1.0,1.0,1.0,1.0,0.6,0.6,0.6,0.6,0.6,0.6,0.8,0.8,0.8,0.8,0.8,0.8,40.0,-40.0
locomo_4,locomo_4_qa142,4,680,3,1,one,1,1,1.0,1.0,1.0,1.0,1.0,1.0,0.49000000000000005,0.49000000000000005,0.49000000000000005,0.49000000000000005,0.49000000000000005,0.49000000000000005,0.0,0.0,0.0,0.0,0.0,0.0,51.0,-51.0
locomo_4,locomo_4_qa143,4,680,3,1,one,1,1,1.0,1.0,1.0,1.0,1.0,1.0,0.0,0.0,0.0,0.0,0.0,0.0,0.0,0.0,0.0,0.0,0.0,0.0,100.0,-100.0
locomo_4,locomo_4_qa144,4,680,3,1,one,1,1,0.0,0.0,0.0,0.0,0.0,0.0,0.0,0.0,0.0,0.0,0.0,0.0,0.0,0.0,0.0,0.0,0.0,0.0,0.0,-0.0
locomo_4,locomo_4_qa145,4,680,3,1,one,1,1,0.0,0.0,0.0,0.0,0.0,0.0,0.6,0.6,0.6,0.6,0.6,0.6,0.6,0.6,0.6,0.6,0.6,0.6,-60.0,60.0
locomo_4,locomo_4_qa146,4,680,3,1,one,1,1,1.0,1.0,1.0,1.0,1.0,1.0,0.0,0.0,0.0,0.0,0.0,0.0,0.0,0.0,0.0,0.0,0.0,0.0,100.0,-100.0
locomo_4,locomo_4_qa147,4,680,3,1,one,1,1,1.0,1.0,1.0,1.0,1.0,1.0,0.4,0.4,0.4,0.4,0.4,0.4,0.4,0.4,0.4,0.4,0.4,0.4,60.0,-60.0
locomo_4,locomo_4_qa148,4,680,3,1,one,1,1,0.0,0.0,0.0,0.0,0.0,0.0,0.0,0.0,0.0,0.0,0.0,0.0,0.0,0.0,0.0,0.0,0.0,0.0,0.0,-0.0
locomo_4,locomo_4_qa149,4,680,3,1,one,1,1,0.0,0.0,0.0,0.0,0.0,0.0,0.0,0.0,0.0,0.0,0.0,0.0,0.08,0.08,0.08,0.08,0.08,0.08,0.0,-0.0
locomo_4,locomo_4_qa15,3,680,3,1,one,1,1,1.0,1.0,1.0,1.0,1.0,1.0,1.0,1.0,1.0,1.0,1.0,1.0,1.0,1.0,1.0,1.0,1.0,1.0,0.0,-0.0
locomo_4,locomo_4_qa150,4,680,3,1,one,1,1,1.0,1.0,1.0,1.0,1.0,1.0,0.8,0.8,0.8,0.8,0.8,0.8,1.0,1.0,1.0,1.0,1.0,1.0,19.999999999999996,-19.999999999999996
locomo_4,locomo_4_qa151,4,680,3,3,multi,1,1,0.0,0.0,0.0,0.0,0.0,0.0,0.0,0.0,0.0,0.0,0.0,0.0,0.0,0.0,0.0,0.0,0.0,0.0,0.0,-0.0
locomo_4,locomo_4_qa152,4,680,3,1,one,1,1,1.0,1.0,1.0,1.0,1.0,1.0,0.6799999999999999,0.6799999999999999,0.6799999999999999,0.6799999999999999,0.6799999999999999,0.6799999999999999,1.0,1.0,1.0,1.0,1.0,1.0,32.00000000000001,-32.00000000000001
locomo_4,locomo_4_qa153,4,680,3,1,one,1,1,1.0,1.0,1.0,1.0,1.0,1.0,0.6,0.6,0.6,0.6,0.6,0.6,1.0,1.0,1.0,1.0,1.0,1.0,40.0,-40.0
locomo_4,locomo_4_qa154,4,680,3,1,one,1,1,1.0,1.0,1.0,1.0,1.0,1.0,0.0,0.0,0.0,0.0,0.0,0.0,0.0,0.0,0.0,0.0,0.0,0.0,100.0,-100.0
locomo_4,locomo_4_qa155,4,680,3,1,one,1,1,1.0,1.0,1.0,1.0,1.0,1.0,0.0,0.0,0.0,0.0,0.0,0.0,0.0,0.0,0.0,0.0,0.0,0.0,100.0,-100.0
locomo_4,locomo_4_qa156,4,680,3,1,one,1,1,0.0,0.0,0.0,0.0,0.0,0.0,0.0,0.0,0.0,0.0,0.0,0.0,0.0,0.0,0.0,0.0,0.0,0.0,0.0,-0.0
locomo_4,locomo_4_qa157,4,680,3,1,one,1,1,1.0,1.0,1.0,1.0,1.0,1.0,0.27999999999999997,0.27999999999999997,0.27999999999999997,0.27999999999999997,0.27999999999999997,0.27999999999999997,0.2,0.2,0.2,0.2,0.2,0.2,72.0,-72.0
locomo_4,locomo_4_qa158,4,680,3,1,one,1,1,1.0,1.0,1.0,1.0,1.0,1.0,1.0,1.0,1.0,1.0,1.0,1.0,1.0,1.0,1.0,1.0,1.0,1.0,0.0,-0.0
locomo_4,locomo_4_qa159,4,680,3,1,one,1,1,0.0,0.0,0.0,0.0,0.0,0.0,0.0,0.0,0.0,0.0,0.0,0.0,0.0,0.0,0.0,0.0,0.0,0.0,0.0,-0.0
locomo_4,locomo_4_qa16,2,680,3,2,multi,1,1,1.0,0.0,0.5,1.0,0.0,0.5,0.4,0.0,0.2,0.4,0.0,0.2,0.4,0.0,0.2,0.4,0.0,0.2,30.0,-30.0
locomo_4,locomo_4_qa160,4,680,3,1,one,1,1,0.0,0.0,0.0,0.0,0.0,0.0,0.0,0.0,0.0,0.0,0.0,0.0,0.0,0.0,0.0,0.0,0.0,0.0,0.0,-0.0
locomo_4,locomo_4_qa161,4,680,3,1,one,1,1,0.0,0.0,0.0,0.0,0.0,0.0,0.0,0.0,0.0,0.0,0.0,0.0,0.0,0.0,0.0,0.0,0.0,0.0,0.0,-0.0
locomo_4,locomo_4_qa162,4,680,3,1,one,1,1,1.0,1.0,1.0,1.0,1.0,1.0,0.8,0.8,0.8,0.8,0.8,0.8,0.65,0.65,0.65,0.65,0.65,0.65,19.999999999999996,-19.999999999999996
locomo_4,locomo_4_qa163,4,680,3,1,one,1,1,0.0,0.0,0.0,0.0,0.0,0.0,0.2,0.2,0.2,0.2,0.2,0.2,0.0,0.0,0.0,0.0,0.0,0.0,-20.0,20.0
locomo_4,locomo_4_qa164,4,680,3,1,one,1,1,1.0,1.0,1.0,0.0,0.0,0.0,0.0,0.0,0.0,0.0,0.0,0.0,0.0,0.0,0.0,0.0,0.0,0.0,0.0,-0.0
locomo_4,locomo_4_qa165,4,680,3,1,one,1,1,0.0,0.0,0.0,0.0,0.0,0.0,0.0,0.0,0.0,0.0,0.0,0.0,0.0,0.0,0.0,0.0,0.0,0.0,0.0,-0.0
locomo_4,locomo_4_qa166,4,680,3,1,one,1,1,1.0,1.0,1.0,1.0,1.0,1.0,0.4,0.4,0.4,0.4,0.4,0.4,0.05,0.05,0.05,0.05,0.05,0.05,60.0,-60.0
locomo_4,locomo_4_qa167,4,680,3,1,one,1,1,0.0,0.0,0.0,0.0,0.0,0.0,0.3,0.3,0.3,0.3,0.3,0.3,0.0,0.0,0.0,0.0,0.0,0.0,-30.0,30.0
locomo_4,locomo_4_qa168,4,680,3,1,one,1,1,1.0,1.0,1.0,1.0,1.0,1.0,0.0,0.0,0.0,0.0,0.0,0.0,0.0,0.0,0.0,0.0,0.0,0.0,100.0,-100.0
locomo_4,locomo_4_qa169,4,680,3,1,one,1,1,1.0,1.0,1.0,1.0,1.0,1.0,0.4,0.4,0.4,0.4,0.4,0.4,0.53,0.53,0.53,0.53,0.53,0.53,60.0,-60.0
locomo_4,locomo_4_qa17,1,680,3,6,multi,1,1,0.0,0.0,0.0,0.0,0.0,0.0,0.4,0.0,0.08000000000000002,0.4,0.0,0.06666666666666665,0.4,0.0,0.08000000000000002,0.4,0.0,0.06666666666666665,-6.666666666666665,6.666666666666665
locomo_4,locomo_4_qa170,4,680,3,1,one,1,1,1.0,1.0,1.0,1.0,1.0,1.0,0.47000000000000003,0.47000000000000003,0.47000000000000003,0.47000000000000003,0.47000000000000003,0.47000000000000003,0.8,0.8,0.8,0.8,0.8,0.8,53.0,-53.0
locomo_4,locomo_4_qa171,4,680,3,1,one,1,1,0.0,0.0,0.0,0.0,0.0,0.0,0.26,0.26,0.26,0.26,0.26,0.26,0.29,0.29,0.29,0.29,0.29,0.29,-26.0,26.0
locomo_4,locomo_4_qa172,4,680,3,1,one,1,1,0.0,0.0,0.0,0.0,0.0,0.0,0.0,0.0,0.0,0.0,0.0,0.0,0.0,0.0,0.0,0.0,0.0,0.0,0.0,-0.0
locomo_4,locomo_4_qa173,4,680,3,1,one,1,1,0.0,0.0,0.0,0.0,0.0,0.0,0.0,0.0,0.0,0.0,0.0,0.0,0.0,0.0,0.0,0.0,0.0,0.0,0.0,-0.0
locomo_4,locomo_4_qa174,4,680,3,1,one,1,1,0.0,0.0,0.0,0.0,0.0,0.0,0.0,0.0,0.0,0.0,0.0,0.0,0.0,0.0,0.0,0.0,0.0,0.0,0.0,-0.0
locomo_4,locomo_4_qa175,4,680,3,1,one,1,1,0.0,0.0,0.0,0.0,0.0,0.0,0.0,0.0,0.0,0.0,0.0,0.0,0.0,0.0,0.0,0.0,0.0,0.0,0.0,-0.0
locomo_4,locomo_4_qa176,4,680,3,1,one,1,1,0.0,0.0,0.0,0.0,0.0,0.0,0.0,0.0,0.0,0.0,0.0,0.0,0.0,0.0,0.0,0.0,0.0,0.0,0.0,-0.0
locomo_4,locomo_4_qa177,4,680,3,1,one,1,1,0.0,0.0,0.0,0.0,0.0,0.0,0.0,0.0,0.0,0.0,0.0,0.0,0.0,0.0,0.0,0.0,0.0,0.0,0.0,-0.0
locomo_4,locomo_4_qa18,1,680,3,6,multi,1,1,0.0,0.0,0.0,0.0,0.0,0.0,0.4,0.0,0.06666666666666665,0.4,0.0,0.06666666666666665,0.4,0.0,0.06666666666666665,0.4,0.0,0.06666666666666665,-6.666666666666665,6.666666666666665
locomo_4,locomo_4_qa19,3,680,3,3,multi,1,1,0.0,0.0,0.0,0.0,0.0,0.0,0.0,0.0,0.0,0.0,0.0,0.0,0.0,0.0,0.0,0.0,0.0,0.0,0.0,-0.0
locomo_4,locomo_4_qa2,1,680,3,3,multi,1,1,0.0,0.0,0.0,0.0,0.0,0.0,0.0,0.0,0.0,0.0,0.0,0.0,0.0,0.0,0.0,0.0,0.0,0.0,0.0,-0.0
locomo_4,locomo_4_qa20,2,680,3,4,multi,1,1,0.0,0.0,0.0,0.0,0.0,0.0,0.2,0.0,0.05,0.2,0.0,0.05,0.35,0.0,0.0875,0.35,0.0,0.0875,-5.0,5.0
locomo_4,locomo_4_qa21,1,680,3,3,multi,1,1,0.0,0.0,0.0,0.0,0.0,0.0,0.06999999999999999,0.0,0.023333333333333334,0.06999999999999999,0.0,0.023333333333333334,0.0,0.0,0.0,0.0,0.0,0.0,-2.3333333333333335,2.3333333333333335
locomo_4,locomo_4_qa22,2,680,3,1,one,1,1,0.0,0.0,0.0,0.0,0.0,0.0,0.0,0.0,0.0,0.0,0.0,0.0,0.0,0.0,0.0,0.0,0.0,0.0,0.0,-0.0
locomo_4,locomo_4_qa23,2,680,3,1,one,1,1,0.0,0.0,0.0,0.0,0.0,0.0,0.03,0.03,0.03,0.03,0.03,0.03,0.0,0.0,0.0,0.0,0.0,0.0,-3.0,3.0
locomo_4,locomo_4_qa24,2,680,3,3,multi,1,1,0.0,0.0,0.0,0.0,0.0,0.0,0.0,0.0,0.0,0.0,0.0,0.0,0.0,0.0,0.0,0.0,0.0,0.0,0.0,-0.0
locomo_4,locomo_4_qa25,1,680,3,4,multi,1,1,0.0,0.0,0.0,0.0,0.0,0.0,0.0,0.0,0.0,0.0,0.0,0.0,0.0,0.0,0.0,0.0,0.0,0.0,0.0,-0.0
locomo_4,locomo_4_qa26,1,680,3,2,multi,1,1,1.0,0.0,0.33333333333333326,1.0,0.0,0.5,0.2,0.0,0.06666666666666665,0.2,0.0,0.1,0.4,0.0,0.1333333333333333,0.4,0.0,0.2,40.0,-40.0
locomo_4,locomo_4_qa27,3,680,3,2,multi,1,1,0.0,0.0,0.0,0.0,0.0,0.0,0.0,0.0,0.0,0.0,0.0,0.0,0.0,0.0,0.0,0.0,0.0,0.0,0.0,-0.0
locomo_4,locomo_4_qa28,3,680,3,2,multi,1,1,0.0,0.0,0.0,0.0,0.0,0.0,1.0,0.0,0.5,1.0,0.0,0.5,1.0,0.0,0.5,1.0,0.0,0.5,-50.0,50.0
locomo_4,locomo_4_qa29,1,680,3,2,multi,1,1,1.0,0.0,0.5,1.0,0.0,0.5,0.6,0.0,0.3,0.6,0.0,0.3,0.44000000000000006,0.0,0.22000000000000003,0.44000000000000006,0.0,0.22000000000000003,20.0,-20.0
locomo_4,locomo_4_qa3,3,680,3,3,multi,1,1,0.0,0.0,0.0,0.0,0.0,0.0,0.0,0.0,0.0,0.0,0.0,0.0,0.0,0.0,0.0,0.0,0.0,0.0,0.0,-0.0
locomo_4,locomo_4_qa30,1,680,3,4,multi,1,1,1.0,0.0,0.25,1.0,0.0,0.25,0.0,0.0,0.0,0.0,0.0,0.0,0.0,0.0,0.0,0.0,0.0,0.0,25.0,-25.0
locomo_4,locomo_4_qa31,2,680,3,1,one,1,1,1.0,1.0,1.0,1.0,1.0,1.0,0.0,0.0,0.0,0.0,0.0,0.0,0.15,0.15,0.15,0.15,0.15,0.15,100.0,-100.0
locomo_4,locomo_4_qa32,3,680,3,1,one,1,1,1.0,1.0,1.0,1.0,1.0,1.0,0.78,0.78,0.78,0.78,0.78,0.78,0.8,0.8,0.8,0.8,0.8,0.8,21.999999999999996,-21.999999999999996
locomo_4,locomo_4_qa33,2,680,3,1,one,1,1,0.25,0.25,0.25,0.25,0.25,0.25,0.5599999999999999,0.5599999999999999,0.5599999999999999,0.5599999999999999,0.5599999999999999,0.5599999999999999,0.0,0.0,0.0,0.0,0.0,0.0,-30.999999999999993,30.999999999999993
locomo_4,locomo_4_qa34,3,680,3,3,multi,1,1,0.0,0.0,0.0,0.0,0.0,0.0,0.0,0.0,0.0,0.0,0.0,0.0,0.0,0.0,0.0,0.0,0.0,0.0,0.0,-0.0
locomo_4,locomo_4_qa35,1,680,3,2,multi,1,1,0.0,0.0,0.0,0.0,0.0,0.0,0.0,0.0,0.0,0.0,0.0,0.0,0.0,0.0,0.0,0.0,0.0,0.0,0.0,-0.0
locomo_4,locomo_4_qa36,1,680,3,3,multi,1,1,0.0,0.0,0.0,0.0,0.0,0.0,0.0,0.0,0.0,0.0,0.0,0.0,0.0,0.0,0.0,0.0,0.0,0.0,0.0,-0.0
locomo_4,locomo_4_qa37,2,680,3,1,one,1,1,0.0,0.0,0.0,0.0,0.0,0.0,0.0,0.0,0.0,0.0,0.0,0.0,0.0,0.0,0.0,0.0,0.0,0.0,0.0,-0.0
locomo_4,locomo_4_qa38,1,680,3,3,multi,1,1,0.0,0.0,0.0,0.0,0.0,0.0,0.0,0.0,0.0,0.0,0.0,0.0,0.0,0.0,0.0,0.0,0.0,0.0,0.0,-0.0
locomo_4,locomo_4_qa39,2,680,3,1,one,1,1,0.0,0.0,0.0,0.0,0.0,0.0,0.0,0.0,0.0,0.0,0.0,0.0,0.0,0.0,0.0,0.0,0.0,0.0,0.0,-0.0
locomo_4,locomo_4_qa4,1,680,3,7,multi,1,1,0.0,0.0,0.0,0.0,0.0,0.0,0.8,0.0,0.14285714285714285,0.8,0.0,0.14285714285714285,0.8,0.0,0.11428571428571428,0.8,0.0,0.11428571428571428,-14.285714285714285,14.285714285714285
locomo_4,locomo_4_qa40,2,680,3,1,one,1,1,0.0,0.0,0.0,0.0,0.0,0.0,0.0,0.0,0.0,0.0,0.0,0.0,0.0,0.0,0.0,0.0,0.0,0.0,0.0,-0.0
locomo_4,locomo_4_qa41,1,680,3,2,multi,1,1,0.0,0.0,0.0,0.0,0.0,0.0,0.0,0.0,0.0,0.0,0.0,0.0,0.0,0.0,0.0,0.0,0.0,0.0,0.0,-0.0
locomo_4,locomo_4_qa42,1,680,3,4,multi,1,1,0.0,0.0,0.0,0.0,0.0,0.0,0.0,0.0,0.0,0.0,0.0,0.0,0.0,0.0,0.0,0.0,0.0,0.0,0.0,-0.0
locomo_4,locomo_4_qa43,1,680,3,2,multi,1,1,1.0,0.0,0.5,1.0,0.0,0.5,0.2,0.0,0.1,0.2,0.0,0.1,0.0,0.0,0.0,0.0,0.0,0.0,40.0,-40.0
locomo_4,locomo_4_qa44,2,680,3,1,one,1,1,0.0,0.0,0.0,0.0,0.0,0.0,0.0,0.0,0.0,0.0,0.0,0.0,0.0,0.0,0.0,0.0,0.0,0.0,0.0,-0.0
locomo_4,locomo_4_qa45,2,680,3,1,one,1,1,0.0,0.0,0.0,0.0,0.0,0.0,0.0,0.0,0.0,0.0,0.0,0.0,0.0,0.0,0.0,0.0,0.0,0.0,0.0,-0.0
locomo_4,locomo_4_qa46,2,680,3,1,one,1,1,0.0,0.0,0.0,0.0,0.0,0.0,0.0,0.0,0.0,0.0,0.0,0.0,0.0,0.0,0.0,0.0,0.0,0.0,0.0,-0.0
locomo_4,locomo_4_qa47,2,680,3,1,one,1,1,0.0,0.0,0.0,0.0,0.0,0.0,0.0,0.0,0.0,0.0,0.0,0.0,0.0,0.0,0.0,0.0,0.0,0.0,0.0,-0.0
locomo_4,locomo_4_qa48,1,680,3,1,one,1,1,0.0,0.0,0.0,0.0,0.0,0.0,0.0,0.0,0.0,0.0,0.0,0.0,0.0,0.0,0.0,0.0,0.0,0.0,0.0,-0.0
locomo_4,locomo_4_qa49,1,680,3,2,multi,1,1,0.0,0.0,0.0,0.0,0.0,0.0,0.2,0.0,0.1,0.2,0.0,0.1,0.67,0.0,0.335,0.67,0.0,0.335,-10.0,10.0
locomo_4,locomo_4_qa5,3,680,3,1,one,1,1,0.0,0.0,0.0,0.0,0.0,0.0,0.0,0.0,0.0,0.0,0.0,0.0,0.0,0.0,0.0,0.0,0.0,0.0,0.0,-0.0
locomo_4,locomo_4_qa50,1,680,3,2,multi,1,1,0.0,0.0,0.0,0.0,0.0,0.0,0.0,0.0,0.0,0.0,0.0,0.0,0.0,0.0,0.0,0.0,0.0,0.0,0.0,-0.0
locomo_4,locomo_4_qa51,3,680,3,1,one,1,1,0.0,0.0,0.0,0.0,0.0,0.0,0.0,0.0,0.0,0.0,0.0,0.0,0.0,0.0,0.0,0.0,0.0,0.0,0.0,-0.0
locomo_4,locomo_4_qa52,1,680,3,2,multi,1,1,1.0,0.0,0.5,1.0,0.0,0.5,0.0,0.0,0.0,0.0,0.0,0.0,0.0,0.0,0.0,0.0,0.0,0.0,50.0,-50.0
locomo_4,locomo_4_qa53,3,680,3,2,multi,1,1,0.0,0.0,0.0,0.0,0.0,0.0,0.0,0.0,0.0,0.0,0.0,0.0,0.0,0.0,0.0,0.0,0.0,0.0,0.0,-0.0
locomo_4,locomo_4_qa54,2,680,3,1,one,1,1,0.0,0.0,0.0,0.0,0.0,0.0,0.0,0.0,0.0,0.0,0.0,0.0,0.0,0.0,0.0,0.0,0.0,0.0,0.0,-0.0
locomo_4,locomo_4_qa55,2,680,3,2,multi,1,1,1.0,0.0,0.5,1.0,0.0,0.5,1.0,0.0,0.5,1.0,0.0,0.5,1.0,0.0,0.5,1.0,0.0,0.5,0.0,-0.0
locomo_4,locomo_4_qa56,2,680,3,1,one,1,1,0.0,0.0,0.0,0.0,0.0,0.0,0.0,0.0,0.0,0.0,0.0,0.0,0.0,0.0,0.0,0.0,0.0,0.0,0.0,-0.0
locomo_4,locomo_4_qa57,1,680,3,2,multi,1,1,1.0,0.0,0.5,1.0,0.0,0.5,0.0,0.0,0.0,0.0,0.0,0.0,0.0,0.0,0.0,0.0,0.0,0.0,50.0,-50.0
locomo_4,locomo_4_qa58,2,680,3,2,multi,1,1,1.0,1.0,1.0,1.0,1.0,1.0,0.41,0.2,0.305,0.41,0.2,0.305,1.0,0.12,0.5599999999999999,1.0,0.12,0.5599999999999999,69.5,-69.5
locomo_4,locomo_4_qa59,1,680,3,2,multi,1,1,0.45,0.0,0.225,1.0,0.0,0.5,0.0,0.0,0.0,0.0,0.0,0.0,0.0,0.0,0.0,0.0,0.0,0.0,50.0,-50.0
locomo_4,locomo_4_qa6,2,680,3,1,one,1,1,0.0,0.0,0.0,0.0,0.0,0.0,0.0,0.0,0.0,0.0,0.0,0.0,0.0,0.0,0.0,0.0,0.0,0.0,0.0,-0.0
locomo_4,locomo_4_qa60,2,680,3,1,one,1,1,0.0,0.0,0.0,1.0,1.0,1.0,0.0,0.0,0.0,0.0,0.0,0.0,0.0,0.0,0.0,0.0,0.0,0.0,100.0,-100.0
locomo_4,locomo_4_qa61,1,680,3,6,multi,1,1,0.0,0.0,0.0,0.0,0.0,0.0,0.4,0.0,0.06666666666666665,0.4,0.0,0.06666666666666665,0.0,0.0,0.0,0.0,0.0,0.0,-6.666666666666665,6.666666666666665
locomo_4,locomo_4_qa62,1,680,3,2,multi,1,1,0.0,0.0,0.0,0.0,0.0,0.0,0.0,0.0,0.0,0.0,0.0,0.0,0.0,0.0,0.0,0.0,0.0,0.0,0.0,-0.0
locomo_4,locomo_4_qa63,2,680,3,1,one,1,1,1.0,1.0,1.0,1.0,1.0,1.0,0.08,0.08,0.08,0.08,0.08,0.08,0.25,0.25,0.25,0.25,0.25,0.25,92.0,-92.0
locomo_4,locomo_4_qa64,2,680,3,1,one,1,1,1.0,1.0,1.0,1.0,1.0,1.0,0.0,0.0,0.0,0.0,0.0,0.0,0.15,0.15,0.15,0.15,0.15,0.15,100.0,-100.0
locomo_4,locomo_4_qa65,1,680,3,5,multi,1,1,0.0,0.0,0.0,0.0,0.0,0.0,0.2,0.0,0.04000000000000001,0.2,0.0,0.04000000000000001,0.48999999999999994,0.0,0.09800000000000002,0.48999999999999994,0.0,0.09800000000000002,-4.000000000000001,4.000000000000001
locomo_4,locomo_4_qa66,3,680,3,2,multi,1,1,0.0,0.0,0.0,0.0,0.0,0.0,0.0,0.0,0.0,0.0,0.0,0.0,0.0,0.0,0.0,0.0,0.0,0.0,0.0,-0.0
locomo_4,locomo_4_qa67,3,680,3,4,multi,1,1,0.0,0.0,0.0,0.0,0.0,0.0,0.0,0.0,0.0,0.0,0.0,0.0,0.0,0.0,0.0,0.0,0.0,0.0,0.0,-0.0
locomo_4,locomo_4_qa68,2,680,3,1,one,1,1,0.25,0.25,0.25,0.25,0.25,0.25,0.1,0.1,0.1,0.1,0.1,0.1,0.0,0.0,0.0,0.0,0.0,0.0,15.0,-15.0
locomo_4,locomo_4_qa69,2,680,3,1,one,1,1,0.0,0.0,0.0,0.0,0.0,0.0,0.0,0.0,0.0,0.0,0.0,0.0,0.0,0.0,0.0,0.0,0.0,0.0,0.0,-0.0
locomo_4,locomo_4_qa7,1,680,3,3,multi,1,1,0.0,0.0,0.0,0.0,0.0,0.0,0.0,0.0,0.0,0.0,0.0,0.0,0.0,0.0,0.0,0.0,0.0,0.0,0.0,-0.0
locomo_4,locomo_4_qa70,3,680,3,3,multi,1,1,0.0,0.0,0.0,0.0,0.0,0.0,0.2,0.0,0.06666666666666665,0.2,0.0,0.06666666666666665,0.27,0.0,0.08999999999999998,0.27,0.0,0.08999999999999998,-6.666666666666665,6.666666666666665
locomo_4,locomo_4_qa71,4,680,3,1,one,1,1,0.0,0.0,0.0,0.0,0.0,0.0,0.0,0.0,0.0,0.0,0.0,0.0,0.0,0.0,0.0,0.0,0.0,0.0,0.0,-0.0
locomo_4,locomo_4_qa72,4,680,3,1,one,1,1,0.0,0.0,0.0,0.0,0.0,0.0,0.1,0.1,0.1,0.1,0.1,0.1,0.0,0.0,0.0,0.0,0.0,0.0,-10.0,10.0
locomo_4,locomo_4_qa73,4,680,3,1,one,1,1,1.0,1.0,1.0,1.0,1.0,1.0,1.0,1.0,1.0,1.0,1.0,1.0,1.0,1.0,1.0,1.0,1.0,1.0,0.0,-0.0
locomo_4,locomo_4_qa74,4,680,3,1,one,1,1,1.0,1.0,1.0,1.0,1.0,1.0,0.0,0.0,0.0,0.0,0.0,0.0,0.0,0.0,0.0,0.0,0.0,0.0,100.0,-100.0
locomo_4,locomo_4_qa75,4,680,3,1,one,1,1,0.0,0.0,0.0,0.0,0.0,0.0,0.0,0.0,0.0,0.0,0.0,0.0,0.0,0.0,0.0,0.0,0.0,0.0,0.0,-0.0
locomo_4,locomo_4_qa76,4,680,3,1,one,1,1,0.0,0.0,0.0,0.0,0.0,0.0,0.0,0.0,0.0,0.0,0.0,0.0,0.0,0.0,0.0,0.0,0.0,0.0,0.0,-0.0
locomo_4,locomo_4_qa77,4,680,3,1,one,1,1,1.0,1.0,1.0,1.0,1.0,1.0,0.4,0.4,0.4,0.4,0.4,0.4,0.2,0.2,0.2,0.2,0.2,0.2,60.0,-60.0
locomo_4,locomo_4_qa78,4,680,3,1,one,1,1,0.0,0.0,0.0,0.0,0.0,0.0,0.0,0.0,0.0,0.0,0.0,0.0,0.0,0.0,0.0,0.0,0.0,0.0,0.0,-0.0
locomo_4,locomo_4_qa79,4,680,3,1,one,1,1,1.0,1.0,1.0,1.0,1.0,1.0,0.0,0.0,0.0,0.0,0.0,0.0,0.0,0.0,0.0,0.0,0.0,0.0,100.0,-100.0
locomo_4,locomo_4_qa8,3,680,3,2,multi,1,1,1.0,0.0,0.5,1.0,0.0,0.5,0.43,0.0,0.215,0.43,0.0,0.215,0.4,0.0,0.2,0.4,0.0,0.2,28.500000000000004,-28.500000000000004
locomo_4,locomo_4_qa80,4,680,3,1,one,1,1,1.0,1.0,1.0,1.0,1.0,1.0,0.2,0.2,0.2,0.2,0.2,0.2,0.4,0.4,0.4,0.4,0.4,0.4,80.0,-80.0
locomo_4,locomo_4_qa81,4,680,3,1,one,1,1,0.0,0.0,0.0,0.0,0.0,0.0,0.2,0.2,0.2,0.2,0.2,0.2,0.06,0.06,0.06,0.06,0.06,0.06,-20.0,20.0
locomo_4,locomo_4_qa82,4,680,3,1,one,1,1,0.0,0.0,0.0,0.0,0.0,0.0,0.0,0.0,0.0,0.0,0.0,0.0,0.0,0.0,0.0,0.0,0.0,0.0,0.0,-0.0
locomo_4,locomo_4_qa83,4,680,3,1,one,1,1,0.0,0.0,0.0,0.0,0.0,0.0,0.04,0.04,0.04,0.04,0.04,0.04,0.6,0.6,0.6,0.6,0.6,0.6,-4.0,4.0
locomo_4,locomo_4_qa84,4,680,3,1,one,1,1,0.0,0.0,0.0,0.0,0.0,0.0,0.0,0.0,0.0,0.0,0.0,0.0,0.0,0.0,0.0,0.0,0.0,0.0,0.0,-0.0
locomo_4,locomo_4_qa85,4,680,3,1,one,1,1,0.0,0.0,0.0,0.0,0.0,0.0,0.0,0.0,0.0,0.0,0.0,0.0,0.0,0.0,0.0,0.0,0.0,0.0,0.0,-0.0
locomo_4,locomo_4_qa86,4,680,3,1,one,1,1,0.0,0.0,0.0,0.0,0.0,0.0,0.0,0.0,0.0,0.0,0.0,0.0,0.0,0.0,0.0,0.0,0.0,0.0,0.0,-0.0
locomo_4,locomo_4_qa87,4,680,3,1,one,1,1,1.0,1.0,1.0,1.0,1.0,1.0,0.6,0.6,0.6,0.6,0.6,0.6,0.0,0.0,0.0,0.0,0.0,0.0,40.0,-40.0
locomo_4,locomo_4_qa88,4,680,3,1,one,1,1,0.0,0.0,0.0,0.0,0.0,0.0,0.0,0.0,0.0,0.0,0.0,0.0,0.0,0.0,0.0,0.0,0.0,0.0,0.0,-0.0
locomo_4,locomo_4_qa89,4,680,3,1,one,1,1,0.0,0.0,0.0,0.0,0.0,0.0,0.0,0.0,0.0,0.0,0.0,0.0,0.0,0.0,0.0,0.0,0.0,0.0,0.0,-0.0
locomo_4,locomo_4_qa9,1,680,3,4,multi,1,1,0.0,0.0,0.0,0.0,0.0,0.0,0.2,0.0,0.05,0.2,0.0,0.05,0.29,0.0,0.0725,0.29,0.0,0.0725,-5.0,5.0
locomo_4,locomo_4_qa90,4,680,3,1,one,1,1,1.0,1.0,1.0,1.0,1.0,1.0,0.4,0.4,0.4,0.4,0.4,0.4,0.13999999999999999,0.13999999999999999,0.13999999999999999,0.13999999999999999,0.13999999999999999,0.13999999999999999,60.0,-60.0
locomo_4,locomo_4_qa91,4,680,3,1,one,1,1,1.0,1.0,1.0,1.0,1.0,1.0,0.1,0.1,0.1,0.1,0.1,0.1,0.0,0.0,0.0,0.0,0.0,0.0,90.0,-90.0
locomo_4,locomo_4_qa92,4,680,3,1,one,1,1,0.0,0.0,0.0,0.0,0.0,0.0,0.0,0.0,0.0,0.0,0.0,0.0,0.0,0.0,0.0,0.0,0.0,0.0,0.0,-0.0
locomo_4,locomo_4_qa93,4,680,3,1,one,1,1,0.0,0.0,0.0,0.0,0.0,0.0,0.0,0.0,0.0,0.0,0.0,0.0,0.0,0.0,0.0,0.0,0.0,0.0,0.0,-0.0
locomo_4,locomo_4_qa94,4,680,3,1,one,1,1,1.0,1.0,1.0,1.0,1.0,1.0,0.24,0.24,0.24,0.24,0.24,0.24,0.0,0.0,0.0,0.0,0.0,0.0,76.0,-76.0
locomo_4,locomo_4_qa95,4,680,3,1,one,1,1,0.0,0.0,0.0,0.0,0.0,0.0,0.0,0.0,0.0,0.0,0.0,0.0,0.0,0.0,0.0,0.0,0.0,0.0,0.0,-0.0
locomo_4,locomo_4_qa96,4,680,3,2,multi,1,1,1.0,0.0,0.5,1.0,0.0,0.5,0.8800000000000001,0.0,0.44000000000000006,0.8800000000000001,0.0,0.44000000000000006,0.82,0.0,0.41,0.82,0.0,0.41,5.999999999999995,-5.999999999999995
locomo_4,locomo_4_qa97,4,680,3,1,one,1,1,1.0,1.0,1.0,1.0,1.0,1.0,0.8,0.8,0.8,0.8,0.8,0.8,0.4,0.4,0.4,0.4,0.4,0.4,19.999999999999996,-19.999999999999996
locomo_4,locomo_4_qa98,4,680,3,1,one,1,1,1.0,1.0,1.0,1.0,1.0,1.0,0.2,0.2,0.2,0.2,0.2,0.2,0.24,0.24,0.24,0.24,0.24,0.24,80.0,-80.0
locomo_4,locomo_4_qa99,4,680,3,1,one,1,1,1.0,1.0,1.0,1.0,1.0,1.0,0.6,0.6,0.6,0.6,0.6,0.6,1.0,1.0,1.0,1.0,1.0,1.0,40.0,-40.0
locomo_5,locomo_5_qa0,2,675,3,1,one,1,1,0.0,0.0,0.0,0.0,0.0,0.0,0.0,0.0,0.0,0.0,0.0,0.0,0.0,0.0,0.0,0.0,0.0,0.0,0.0,-0.0
locomo_5,locomo_5_qa1,2,675,3,1,one,1,1,1.0,1.0,1.0,1.0,1.0,1.0,0.8,0.8,0.8,0.8,0.8,0.8,0.4,0.4,0.4,0.4,0.4,0.4,19.999999999999996,-19.999999999999996
locomo_5,locomo_5_qa10,2,675,3,1,one,1,1,0.0,0.0,0.0,0.0,0.0,0.0,0.0,0.0,0.0,0.0,0.0,0.0,0.0,0.0,0.0,0.0,0.0,0.0,0.0,-0.0
locomo_5,locomo_5_qa100,4,675,3,1,one,1,1,0.0,0.0,0.0,0.0,0.0,0.0,0.8,0.8,0.8,0.8,0.8,0.8,0.2,0.2,0.2,0.2,0.2,0.2,-80.0,80.0
locomo_5,locomo_5_qa101,4,675,3,1,one,1,1,0.0,0.0,0.0,0.0,0.0,0.0,0.0,0.0,0.0,0.0,0.0,0.0,0.0,0.0,0.0,0.0,0.0,0.0,0.0,-0.0
locomo_5,locomo_5_qa102,4,675,3,1,one,1,1,0.0,0.0,0.0,0.0,0.0,0.0,0.0,0.0,0.0,0.0,0.0,0.0,0.0,0.0,0.0,0.0,0.0,0.0,0.0,-0.0
locomo_5,locomo_5_qa103,4,675,3,1,one,1,1,1.0,1.0,1.0,0.0,0.0,0.0,0.86,0.86,0.86,0.0,0.0,0.0,1.0,1.0,1.0,0.2,0.2,0.2,0.0,-0.0
locomo_5,locomo_5_qa104,4,675,3,1,one,1,1,1.0,1.0,1.0,1.0,1.0,1.0,0.8,0.8,0.8,0.8,0.8,0.8,0.0,0.0,0.0,0.0,0.0,0.0,19.999999999999996,-19.999999999999996
locomo_5,locomo_5_qa105,4,675,3,1,one,1,1,0.0,0.0,0.0,0.0,0.0,0.0,0.0,0.0,0.0,0.0,0.0,0.0,0.2,0.2,0.2,0.2,0.2,0.2,0.0,-0.0
locomo_5,locomo_5_qa106,4,675,3,1,one,1,1,0.0,0.0,0.0,0.0,0.0,0.0,0.0,0.0,0.0,0.0,0.0,0.0,0.0,0.0,0.0,0.0,0.0,0.0,0.0,-0.0
locomo_5,locomo_5_qa107,4,675,3,1,one,1,1,0.0,0.0,0.0,0.0,0.0,0.0,0.0,0.0,0.0,0.0,0.0,0.0,0.0,0.0,0.0,0.0,0.0,0.0,0.0,-0.0
locomo_5,locomo_5_qa108,4,675,3,1,one,1,1,0.0,0.0,0.0,0.0,0.0,0.0,0.0,0.0,0.0,0.0,0.0,0.0,0.2,0.2,0.2,0.2,0.2,0.2,0.0,-0.0
locomo_5,locomo_5_qa109,4,675,3,1,one,1,1,0.0,0.0,0.0,0.0,0.0,0.0,0.2,0.2,0.2,0.2,0.2,0.2,0.2,0.2,0.2,0.2,0.2,0.2,-20.0,20.0
locomo_5,locomo_5_qa11,2,675,3,1,one,1,1,0.0,0.0,0.0,0.0,0.0,0.0,0.0,0.0,0.0,0.0,0.0,0.0,0.0,0.0,0.0,0.0,0.0,0.0,0.0,-0.0
locomo_5,locomo_5_qa110,4,675,3,1,one,1,1,0.0,0.0,0.0,0.0,0.0,0.0,1.0,1.0,1.0,1.0,1.0,1.0,0.8,0.8,0.8,0.8,0.8,0.8,-100.0,100.0
locomo_5,locomo_5_qa111,4,675,3,1,one,1,1,0.0,0.0,0.0,0.0,0.0,0.0,0.0,0.0,0.0,0.0,0.0,0.0,0.0,0.0,0.0,0.0,0.0,0.0,0.0,-0.0
locomo_5,locomo_5_qa112,4,675,3,1,one,1,1,1.0,1.0,1.0,1.0,1.0,1.0,0.6,0.6,0.6,0.6,0.6,0.6,0.6,0.6,0.6,0.6,0.6,0.6,40.0,-40.0
locomo_5,locomo_5_qa113,4,675,3,1,one,1,1,0.0,0.0,0.0,0.0,0.0,0.0,0.0,0.0,0.0,0.0,0.0,0.0,0.0,0.0,0.0,0.0,0.0,0.0,0.0,-0.0
locomo_5,locomo_5_qa114,4,675,3,1,one,1,1,1.0,1.0,1.0,1.0,1.0,1.0,0.2,0.2,0.2,0.2,0.2,0.2,0.11000000000000001,0.11000000000000001,0.11000000000000001,0.11000000000000001,0.11000000000000001,0.11000000000000001,80.0,-80.0
locomo_5,locomo_5_qa115,4,675,3,1,one,1,1,0.0,0.0,0.0,0.0,0.0,0.0,0.0,0.0,0.0,0.0,0.0,0.0,0.0,0.0,0.0,0.0,0.0,0.0,0.0,-0.0
locomo_5,locomo_5_qa116,4,675,3,1,one,1,1,1.0,1.0,1.0,1.0,1.0,1.0,1.0,1.0,1.0,1.0,1.0,1.0,1.0,1.0,1.0,1.0,1.0,1.0,0.0,-0.0
locomo_5,locomo_5_qa117,4,675,3,1,one,1,1,0.0,0.0,0.0,0.0,0.0,0.0,0.2,0.2,0.2,0.2,0.2,0.2,0.0,0.0,0.0,0.0,0.0,0.0,-20.0,20.0
locomo_5,locomo_5_qa118,4,675,3,1,one,1,1,1.0,1.0,1.0,1.0,1.0,1.0,0.6,0.6,0.6,0.6,0.6,0.6,0.8,0.8,0.8,0.8,0.8,0.8,40.0,-40.0
locomo_5,locomo_5_qa119,4,675,3,1,one,1,1,0.0,0.0,0.0,0.0,0.0,0.0,0.2,0.2,0.2,0.2,0.2,0.2,0.0,0.0,0.0,0.0,0.0,0.0,-20.0,20.0
locomo_5,locomo_5_qa12,1,675,3,3,multi,1,1,0.4,0.0,0.13333333333333333,0.4,0.0,0.13333333333333333,0.27999999999999997,0.0,0.09333333333333331,0.27999999999999997,0.0,0.09333333333333331,0.0,0.0,0.0,0.0,0.0,0.0,4.000000000000002,-4.000000000000002
locomo_5,locomo_5_qa120,4,675,3,1,one,1,1,0.0,0.0,0.0,0.0,0.0,0.0,0.0,0.0,0.0,0.0,0.0,0.0,0.0,0.0,0.0,0.0,0.0,0.0,0.0,-0.0
locomo_5,locomo_5_qa121,4,675,3,1,one,1,1,1.0,1.0,1.0,1.0,1.0,1.0,1.0,1.0,1.0,1.0,1.0,1.0,1.0,1.0,1.0,1.0,1.0,1.0,0.0,-0.0
locomo_5,locomo_5_qa122,4,675,3,1,one,1,1,0.0,0.0,0.0,0.0,0.0,0.0,0.0,0.0,0.0,0.0,0.0,0.0,0.0,0.0,0.0,0.0,0.0,0.0,0.0,-0.0
locomo_5,locomo_5_qa13,2,675,3,1,one,1,1,1.0,1.0,1.0,1.0,1.0,1.0,0.0,0.0,0.0,0.0,0.0,0.0,0.0,0.0,0.0,0.0,0.0,0.0,100.0,-100.0
locomo_5,locomo_5_qa14,1,675,3,2,multi,1,1,1.0,0.0,0.5,1.0,0.0,0.5,0.4,0.0,0.2,0.4,0.0,0.2,0.2,0.0,0.1,0.2,0.0,0.1,30.0,-30.0
locomo_5,locomo_5_qa15,1,675,3,2,multi,1,1,0.0,0.0,0.0,0.0,0.0,0.0,0.0,0.0,0.0,0.0,0.0,0.0,0.0,0.0,0.0,0.0,0.0,0.0,0.0,-0.0
locomo_5,locomo_5_qa16,2,675,3,1,one,1,1,0.0,0.0,0.0,0.0,0.0,0.0,0.0,0.0,0.0,0.0,0.0,0.0,0.0,0.0,0.0,0.0,0.0,0.0,0.0,-0.0
locomo_5,locomo_5_qa17,1,675,3,3,multi,1,1,0.0,0.0,0.0,0.0,0.0,0.0,0.0,0.0,0.0,0.0,0.0,0.0,0.0,0.0,0.0,0.0,0.0,0.0,0.0,-0.0
locomo_5,locomo_5_qa18,1,675,3,2,multi,1,1,0.0,0.0,0.0,0.0,0.0,0.0,0.0,0.0,0.0,0.0,0.0,0.0,0.0,0.0,0.0,0.0,0.0,0.0,0.0,-0.0
locomo_5,locomo_5_qa19,3,675,3,2,multi,1,1,0.0,0.0,0.0,0.0,0.0,0.0,0.0,0.0,0.0,0.0,0.0,0.0,0.0,0.0,0.0,0.0,0.0,0.0,0.0,-0.0
locomo_5,locomo_5_qa2,1,675,3,3,multi,1,1,0.0,0.0,0.0,0.0,0.0,0.0,0.0,0.0,0.0,0.0,0.0,0.0,0.0,0.0,0.0,0.0,0.0,0.0,0.0,-0.0
locomo_5,locomo_5_qa20,3,675,3,2,multi,1,1,0.0,0.0,0.0,0.0,0.0,0.0,0.06,0.0,0.03,0.06,0.0,0.03,0.0,0.0,0.0,0.0,0.0,0.0,-3.0,3.0
locomo_5,locomo_5_qa21,1,675,3,3,multi,1,1,0.0,0.0,0.0,0.0,0.0,0.0,0.0,0.0,0.0,0.0,0.0,0.0,0.0,0.0,0.0,0.0,0.0,0.0,0.0,-0.0
locomo_5,locomo_5_qa22,2,675,3,1,one,1,1,0.0,0.0,0.0,0.0,0.0,0.0,0.0,0.0,0.0,0.0,0.0,0.0,0.0,0.0,0.0,0.0,0.0,0.0,0.0,-0.0
locomo_5,locomo_5_qa23,1,675,3,4,multi,1,1,0.0,0.0,0.0,0.0,0.0,0.0,0.0,0.0,0.0,0.0,0.0,0.0,0.0,0.0,0.0,0.0,0.0,0.0,0.0,-0.0
locomo_5,locomo_5_qa24,1,675,3,2,multi,1,1,0.0,0.0,0.0,0.0,0.0,0.0,0.0,0.0,0.0,0.0,0.0,0.0,0.0,0.0,0.0,0.0,0.0,0.0,0.0,-0.0
locomo_5,locomo_5_qa25,2,675,3,1,one,1,1,1.0,1.0,1.0,1.0,1.0,1.0,0.22999999999999998,0.22999999999999998,0.22999999999999998,0.22999999999999998,0.22999999999999998,0.22999999999999998,0.2,0.2,0.2,0.2,0.2,0.2,77.0,-77.0
locomo_5,locomo_5_qa26,1,675,3,4,multi,1,1,0.0,0.0,0.0,0.0,0.0,0.0,0.0,0.0,0.0,0.0,0.0,0.0,0.25,0.0,0.0625,0.25,0.0,0.0625,0.0,-0.0
locomo_5,locomo_5_qa27,1,675,3,4,multi,1,1,0.0,0.0,0.0,0.0,0.0,0.0,0.0,0.0,0.0,0.0,0.0,0.0,0.0,0.0,0.0,0.0,0.0,0.0,0.0,-0.0
locomo_5,locomo_5_qa28,1,675,3,3,multi,1,1,0.0,0.0,0.0,0.0,0.0,0.0,0.0,0.0,0.0,0.0,0.0,0.0,0.0,0.0,0.0,0.0,0.0,0.0,0.0,-0.0
locomo_5,locomo_5_qa29,1,675,3,3,multi,1,1,0.0,0.0,0.0,0.0,0.0,0.0,0.0,0.0,0.0,0.0,0.0,0.0,0.0,0.0,0.0,0.0,0.0,0.0,0.0,-0.0
locomo_5,locomo_5_qa3,1,675,3,8,multi,1,1,1.0,0.0,0.125,1.0,0.0,0.125,1.0,0.0,0.125,1.0,0.0,0.125,1.0,0.0,0.15,1.0,0.0,0.15,0.0,-0.0
locomo_5,locomo_5_qa30,2,675,3,1,one,1,1,0.0,0.0,0.0,0.0,0.0,0.0,0.6,0.6,0.6,0.6,0.6,0.6,0.6599999999999999,0.6599999999999999,0.6599999999999999,0.6599999999999999,0.6599999999999999,0.6599999999999999,-60.0,60.0
locomo_5,locomo_5_qa31,1,675,3,2,multi,1,1,0.0,0.0,0.0,0.0,0.0,0.0,0.0,0.0,0.0,0.0,0.0,0.0,0.0,0.0,0.0,0.0,0.0,0.0,0.0,-0.0
locomo_5,locomo_5_qa32,1,675,3,3,multi,1,1,1.0,1.0,1.0,1.0,1.0,1.0,1.0,0.4,0.7999999999999999,1.0,0.4,0.7999999999999999,1.0,0.8,0.9333333333333332,1.0,0.8,0.9333333333333332,20.000000000000007,-20.000000000000007
locomo_5,locomo_5_qa33,3,675,3,3,multi,1,1,0.0,0.0,0.0,0.0,0.0,0.0,0.0,0.0,0.0,0.0,0.0,0.0,0.0,0.0,0.0,0.0,0.0,0.0,0.0,-0.0
locomo_5,locomo_5_qa34,2,675,3,2,multi,1,1,0.0,0.0,0.0,0.0,0.0,0.0,0.0,0.0,0.0,0.0,0.0,0.0,0.0,0.0,0.0,0.0,0.0,0.0,0.0,-0.0
locomo_5,locomo_5_qa35,1,675,3,3,multi,1,1,0.0,0.0,0.0,0.0,0.0,0.0,0.0,0.0,0.0,0.0,0.0,0.0,0.0,0.0,0.0,0.0,0.0,0.0,0.0,-0.0
locomo_5,locomo_5_qa36,1,675,3,4,multi,1,1,0.0,0.0,0.0,0.0,0.0,0.0,0.0,0.0,0.0,0.0,0.0,0.0,0.0,0.0,0.0,0.0,0.0,0.0,0.0,-0.0
locomo_5,locomo_5_qa37,2,675,3,1,one,1,1,0.0,0.0,0.0,0.0,0.0,0.0,0.0,0.0,0.0,0.0,0.0,0.0,0.0,0.0,0.0,0.0,0.0,0.0,0.0,-0.0
locomo_5,locomo_5_qa38,2,675,3,1,one,1,1,1.0,1.0,1.0,1.0,1.0,1.0,0.13999999999999999,0.13999999999999999,0.13999999999999999,0.13999999999999999,0.13999999999999999,0.13999999999999999,0.31,0.31,0.31,0.31,0.31,0.31,86.0,-86.0
locomo_5,locomo_5_qa39,1,675,3,2,multi,1,1,0.0,0.0,0.0,0.0,0.0,0.0,0.0,0.0,0.0,0.0,0.0,0.0,0.0,0.0,0.0,0.0,0.0,0.0,0.0,-0.0
locomo_5,locomo_5_qa4,2,675,3,1,one,1,1,0.0,0.0,0.0,0.0,0.0,0.0,0.0,0.0,0.0,0.0,0.0,0.0,0.0,0.0,0.0,0.0,0.0,0.0,0.0,-0.0
locomo_5,locomo_5_qa40,1,675,3,3,multi,1,1,0.0,0.0,0.0,0.0,0.0,0.0,0.12,0.0,0.04,0.12,0.0,0.04,0.0,0.0,0.0,0.0,0.0,0.0,-4.0,4.0
locomo_5,locomo_5_qa41,1,675,3,2,multi,1,1,1.0,0.0,0.5,1.0,0.0,0.5,0.0,0.0,0.0,0.0,0.0,0.0,0.0,0.0,0.0,0.0,0.0,0.0,50.0,-50.0
locomo_5,locomo_5_qa42,1,675,3,2,multi,1,1,0.0,0.0,0.0,0.0,0.0,0.0,0.0,0.0,0.0,0.0,0.0,0.0,0.0,0.0,0.0,0.0,0.0,0.0,0.0,-0.0
locomo_5,locomo_5_qa43,3,675,3,1,one,1,1,0.0,0.0,0.0,0.0,0.0,0.0,0.0,0.0,0.0,0.0,0.0,0.0,0.0,0.0,0.0,0.0,0.0,0.0,0.0,-0.0
locomo_5,locomo_5_qa44,3,675,3,2,multi,1,1,1.0,0.0,0.5,1.0,0.0,0.5,1.0,0.0,0.5,1.0,0.0,0.5,0.86,0.0,0.43,0.86,0.0,0.43,0.0,-0.0
locomo_5,locomo_5_qa45,2,675,3,3,multi,1,1,0.0,0.0,0.0,0.0,0.0,0.0,0.0,0.0,0.0,0.0,0.0,0.0,0.0,0.0,0.0,0.0,0.0,0.0,0.0,-0.0
locomo_5,locomo_5_qa46,2,675,3,2,multi,1,1,0.0,0.0,0.0,0.0,0.0,0.0,0.0,0.0,0.0,0.0,0.0,0.0,0.0,0.0,0.0,0.0,0.0,0.0,0.0,-0.0
locomo_5,locomo_5_qa47,2,675,3,2,multi,1,1,0.0,0.0,0.0,0.0,0.0,0.0,0.0,0.0,0.0,0.0,0.0,0.0,0.0,0.0,0.0,0.0,0.0,0.0,0.0,-0.0
locomo_5,locomo_5_qa48,1,675,3,2,multi,1,1,0.0,0.0,0.0,0.0,0.0,0.0,0.0,0.0,0.0,0.0,0.0,0.0,0.0,0.0,0.0,0.0,0.0,0.0,0.0,-0.0
locomo_5,locomo_5_qa49,1,675,3,2,multi,1,1,0.0,0.0,0.0,0.0,0.0,0.0,0.0,0.0,0.0,0.0,0.0,0.0,0.0,0.0,0.0,0.0,0.0,0.0,0.0,-0.0
locomo_5,locomo_5_qa5,2,675,3,1,one,1,1,0.0,0.0,0.0,0.0,0.0,0.0,0.0,0.0,0.0,0.0,0.0,0.0,0.0,0.0,0.0,0.0,0.0,0.0,0.0,-0.0
locomo_5,locomo_5_qa50,1,675,3,2,multi,1,1,0.0,0.0,0.0,0.0,0.0,0.0,0.0,0.0,0.0,0.0,0.0,0.0,0.0,0.0,0.0,0.0,0.0,0.0,0.0,-0.0
locomo_5,locomo_5_qa51,1,675,3,4,multi,1,1,0.0,0.0,0.0,0.0,0.0,0.0,0.0,0.0,0.0,0.0,0.0,0.0,0.0,0.0,0.0,0.0,0.0,0.0,0.0,-0.0
locomo_5,locomo_5_qa52,3,675,3,4,multi,1,1,0.0,0.0,0.0,0.0,0.0,0.0,0.0,0.0,0.0,0.0,0.0,0.0,0.0,0.0,0.0,0.0,0.0,0.0,0.0,-0.0
locomo_5,locomo_5_qa53,3,675,3,4,multi,1,1,0.0,0.0,0.0,0.0,0.0,0.0,0.0,0.0,0.0,0.0,0.0,0.0,0.0,0.0,0.0,0.0,0.0,0.0,0.0,-0.0
locomo_5,locomo_5_qa54,1,675,3,5,multi,1,1,0.0,0.0,0.0,0.0,0.0,0.0,0.0,0.0,0.0,0.0,0.0,0.0,0.44000000000000006,0.0,0.12800000000000003,0.44000000000000006,0.0,0.12800000000000003,0.0,-0.0
locomo_5,locomo_5_qa55,2,675,3,1,one,1,1,0.0,0.0,0.0,0.0,0.0,0.0,0.0,0.0,0.0,0.0,0.0,0.0,0.0,0.0,0.0,0.0,0.0,0.0,0.0,-0.0
locomo_5,locomo_5_qa56,1,675,3,2,multi,1,1,0.0,0.0,0.0,0.0,0.0,0.0,0.0,0.0,0.0,0.0,0.0,0.0,0.0,0.0,0.0,0.0,0.0,0.0,0.0,-0.0
locomo_5,locomo_5_qa57,2,675,3,1,one,1,1,0.0,0.0,0.0,0.0,0.0,0.0,0.0,0.0,0.0,0.0,0.0,0.0,0.0,0.0,0.0,0.0,0.0,0.0,0.0,-0.0
locomo_5,locomo_5_qa58,2,675,3,1,one,1,1,0.0,0.0,0.0,0.0,0.0,0.0,0.0,0.0,0.0,0.0,0.0,0.0,0.0,0.0,0.0,0.0,0.0,0.0,0.0,-0.0
locomo_5,locomo_5_qa59,2,675,3,1,one,1,1,0.0,0.0,0.0,0.0,0.0,0.0,0.0,0.0,0.0,0.0,0.0,0.0,0.0,0.0,0.0,0.0,0.0,0.0,0.0,-0.0
locomo_5,locomo_5_qa6,2,675,3,1,one,1,1,0.45,0.45,0.45,0.45,0.45,0.45,0.0,0.0,0.0,0.0,0.0,0.0,0.0,0.0,0.0,0.0,0.0,0.0,45.0,-45.0
locomo_5,locomo_5_qa60,1,675,3,3,multi,1,1,0.0,0.0,0.0,0.0,0.0,0.0,0.0,0.0,0.0,0.0,0.0,0.0,0.0,0.0,0.0,0.0,0.0,0.0,0.0,-0.0
locomo_5,locomo_5_qa61,4,675,3,1,one,1,1,0.0,0.0,0.0,0.0,0.0,0.0,0.0,0.0,0.0,0.0,0.0,0.0,0.0,0.0,0.0,0.0,0.0,0.0,0.0,-0.0
locomo_5,locomo_5_qa62,4,675,3,1,one,1,1,1.0,1.0,1.0,1.0,1.0,1.0,1.0,1.0,1.0,1.0,1.0,1.0,1.0,1.0,1.0,1.0,1.0,1.0,0.0,-0.0
locomo_5,locomo_5_qa63,4,675,3,1,one,1,1,0.0,0.0,0.0,0.0,0.0,0.0,0.0,0.0,0.0,0.0,0.0,0.0,0.0,0.0,0.0,0.0,0.0,0.0,0.0,-0.0
locomo_5,locomo_5_qa64,4,675,3,1,one,1,1,1.0,1.0,1.0,1.0,1.0,1.0,0.62,0.62,0.62,0.62,0.62,0.62,0.9199999999999999,0.9199999999999999,0.9199999999999999,0.9199999999999999,0.9199999999999999,0.9199999999999999,38.0,-38.0
locomo_5,locomo_5_qa65,4,675,3,1,one,1,1,0.0,0.0,0.0,0.0,0.0,0.0,0.4,0.4,0.4,0.4,0.4,0.4,0.8,0.8,0.8,0.8,0.8,0.8,-40.0,40.0
locomo_5,locomo_5_qa66,4,675,3,1,one,1,1,1.0,1.0,1.0,1.0,1.0,1.0,0.9,0.9,0.9,0.9,0.9,0.9,1.0,1.0,1.0,1.0,1.0,1.0,9.999999999999998,-9.999999999999998
locomo_5,locomo_5_qa67,4,675,3,1,one,1,1,1.0,1.0,1.0,1.0,1.0,1.0,1.0,1.0,1.0,1.0,1.0,1.0,1.0,1.0,1.0,1.0,1.0,1.0,0.0,-0.0
locomo_5,locomo_5_qa68,4,675,3,1,one,1,1,0.7,0.7,0.7,0.7,0.7,0.7,0.0,0.0,0.0,0.0,0.0,0.0,0.0,0.0,0.0,0.0,0.0,0.0,70.0,-70.0
locomo_5,locomo_5_qa69,4,675,3,1,one,1,1,0.0,0.0,0.0,0.0,0.0,0.0,0.0,0.0,0.0,0.0,0.0,0.0,0.0,0.0,0.0,0.0,0.0,0.0,0.0,-0.0
locomo_5,locomo_5_qa7,2,675,3,2,multi,1,1,0.0,0.0,0.0,0.0,0.0,0.0,0.0,0.0,0.0,0.0,0.0,0.0,0.0,0.0,0.0,0.0,0.0,0.0,0.0,-0.0
locomo_5,locomo_5_qa70,4,675,3,1,one,1,1,0.0,0.0,0.0,0.0,0.0,0.0,0.0,0.0,0.0,0.0,0.0,0.0,0.08,0.08,0.08,0.08,0.08,0.08,0.0,-0.0
locomo_5,locomo_5_qa71,4,675,3,1,one,1,1,1.0,1.0,1.0,1.0,1.0,1.0,0.4,0.4,0.4,0.4,0.4,0.4,0.5,0.5,0.5,0.5,0.5,0.5,60.0,-60.0
locomo_5,locomo_5_qa72,4,675,3,1,one,1,1,1.0,1.0,1.0,1.0,1.0,1.0,0.8,0.8,0.8,0.8,0.8,0.8,0.8,0.8,0.8,0.8,0.8,0.8,19.999999999999996,-19.999999999999996
locomo_5,locomo_5_qa73,4,675,3,1,one,1,1,0.0,0.0,0.0,0.0,0.0,0.0,0.0,0.0,0.0,0.0,0.0,0.0,0.0,0.0,0.0,0.0,0.0,0.0,0.0,-0.0
locomo_5,locomo_5_qa74,4,675,3,1,one,1,1,1.0,1.0,1.0,1.0,1.0,1.0,1.0,1.0,1.0,1.0,1.0,1.0,0.9099999999999999,0.9099999999999999,0.9099999999999999,0.9099999999999999,0.9099999999999999,0.9099999999999999,0.0,-0.0
locomo_5,locomo_5_qa75,4,675,3,1,one,1,1,1.0,1.0,1.0,1.0,1.0,1.0,1.0,1.0,1.0,1.0,1.0,1.0,1.0,1.0,1.0,1.0,1.0,1.0,0.0,-0.0
locomo_5,locomo_5_qa76,4,675,3,1,one,1,1,0.0,0.0,0.0,0.0,0.0,0.0,0.0,0.0,0.0,0.0,0.0,0.0,0.0,0.0,0.0,0.0,0.0,0.0,0.0,-0.0
locomo_5,locomo_5_qa77,4,675,3,1,one,1,1,0.0,0.0,0.0,0.0,0.0,0.0,0.0,0.0,0.0,0.0,0.0,0.0,0.0,0.0,0.0,0.0,0.0,0.0,0.0,-0.0
locomo_5,locomo_5_qa78,4,675,3,1,one,1,1,1.0,1.0,1.0,1.0,1.0,1.0,0.0,0.0,0.0,0.0,0.0,0.0,0.0,0.0,0.0,0.0,0.0,0.0,100.0,-100.0
locomo_5,locomo_5_qa79,4,675,3,1,one,1,1,1.0,1.0,1.0,1.0,1.0,1.0,1.0,1.0,1.0,1.0,1.0,1.0,1.0,1.0,1.0,1.0,1.0,1.0,0.0,-0.0
locomo_5,locomo_5_qa8,2,675,3,1,one,1,1,0.0,0.0,0.0,0.0,0.0,0.0,0.29,0.29,0.29,0.0,0.0,0.0,0.4,0.4,0.4,0.0,0.0,0.0,0.0,-0.0
locomo_5,locomo_5_qa80,4,675,3,1,one,1,1,0.0,0.0,0.0,0.0,0.0,0.0,0.0,0.0,0.0,0.0,0.0,0.0,0.0,0.0,0.0,0.0,0.0,0.0,0.0,-0.0
locomo_5,locomo_5_qa81,4,675,3,1,one,1,1,0.0,0.0,0.0,0.0,0.0,0.0,0.0,0.0,0.0,0.0,0.0,0.0,0.0,0.0,0.0,0.0,0.0,0.0,0.0,-0.0
locomo_5,locomo_5_qa82,4,675,3,1,one,1,1,1.0,1.0,1.0,1.0,1.0,1.0,0.030000000000000006,0.030000000000000006,0.030000000000000006,0.030000000000000006,0.030000000000000006,0.030000000000000006,0.2,0.2,0.2,0.2,0.2,0.2,97.0,-97.0
locomo_5,locomo_5_qa83,4,675,3,1,one,1,1,0.0,0.0,0.0,0.0,0.0,0.0,0.0,0.0,0.0,0.0,0.0,0.0,0.0,0.0,0.0,0.0,0.0,0.0,0.0,-0.0
locomo_5,locomo_5_qa84,4,675,3,1,one,1,1,0.0,0.0,0.0,0.0,0.0,0.0,0.0,0.0,0.0,0.0,0.0,0.0,0.0,0.0,0.0,0.0,0.0,0.0,0.0,-0.0
locomo_5,locomo_5_qa85,4,675,3,1,one,1,1,0.0,0.0,0.0,0.0,0.0,0.0,0.0,0.0,0.0,0.0,0.0,0.0,0.0,0.0,0.0,0.0,0.0,0.0,0.0,-0.0
locomo_5,locomo_5_qa86,4,675,3,1,one,1,1,0.0,0.0,0.0,0.0,0.0,0.0,0.0,0.0,0.0,0.0,0.0,0.0,0.0,0.0,0.0,0.0,0.0,0.0,0.0,-0.0
locomo_5,locomo_5_qa87,4,675,3,1,one,1,1,0.0,0.0,0.0,0.0,0.0,0.0,0.0,0.0,0.0,0.0,0.0,0.0,0.0,0.0,0.0,0.0,0.0,0.0,0.0,-0.0
locomo_5,locomo_5_qa88,4,675,3,1,one,1,1,1.0,1.0,1.0,1.0,1.0,1.0,0.0,0.0,0.0,0.0,0.0,0.0,0.0,0.0,0.0,0.0,0.0,0.0,100.0,-100.0
locomo_5,locomo_5_qa89,4,675,3,1,one,1,1,1.0,1.0,1.0,1.0,1.0,1.0,0.8,0.8,0.8,0.8,0.8,0.8,0.65,0.65,0.65,0.65,0.65,0.65,19.999999999999996,-19.999999999999996
locomo_5,locomo_5_qa9,1,675,3,5,multi,1,1,1.0,0.0,0.20000000000000004,1.0,0.0,0.20000000000000004,0.4,0.0,0.08000000000000002,0.4,0.0,0.08000000000000002,0.0,0.0,0.0,0.0,0.0,0.0,12.000000000000002,-12.000000000000002
locomo_5,locomo_5_qa90,4,675,3,1,one,1,1,0.0,0.0,0.0,0.0,0.0,0.0,0.0,0.0,0.0,0.0,0.0,0.0,0.0,0.0,0.0,0.0,0.0,0.0,0.0,-0.0
locomo_5,locomo_5_qa91,4,675,3,1,one,1,1,0.0,0.0,0.0,0.0,0.0,0.0,0.0,0.0,0.0,0.0,0.0,0.0,0.0,0.0,0.0,0.0,0.0,0.0,0.0,-0.0
locomo_5,locomo_5_qa92,4,675,3,1,one,1,1,0.0,0.0,0.0,0.0,0.0,0.0,0.0,0.0,0.0,0.0,0.0,0.0,0.0,0.0,0.0,0.0,0.0,0.0,0.0,-0.0
locomo_5,locomo_5_qa93,4,675,3,1,one,1,1,0.0,0.0,0.0,0.0,0.0,0.0,0.0,0.0,0.0,0.0,0.0,0.0,0.0,0.0,0.0,0.0,0.0,0.0,0.0,-0.0
locomo_5,locomo_5_qa94,4,675,3,1,one,1,1,0.0,0.0,0.0,0.0,0.0,0.0,0.0,0.0,0.0,0.0,0.0,0.0,0.0,0.0,0.0,0.0,0.0,0.0,0.0,-0.0
locomo_5,locomo_5_qa95,4,675,3,1,one,1,1,0.0,0.0,0.0,0.0,0.0,0.0,0.0,0.0,0.0,0.0,0.0,0.0,0.0,0.0,0.0,0.0,0.0,0.0,0.0,-0.0
locomo_5,locomo_5_qa96,4,675,3,1,one,1,1,0.0,0.0,0.0,0.0,0.0,0.0,0.0,0.0,0.0,0.0,0.0,0.0,0.0,0.0,0.0,0.0,0.0,0.0,0.0,-0.0
locomo_5,locomo_5_qa97,4,675,3,1,one,1,1,1.0,1.0,1.0,1.0,1.0,1.0,1.0,1.0,1.0,1.0,1.0,1.0,1.0,1.0,1.0,1.0,1.0,1.0,0.0,-0.0
locomo_5,locomo_5_qa98,4,675,3,1,one,1,1,1.0,1.0,1.0,1.0,1.0,1.0,0.0,0.0,0.0,0.0,0.0,0.0,0.2,0.2,0.2,0.2,0.2,0.2,100.0,-100.0
locomo_5,locomo_5_qa99,4,675,3,1,one,1,1,1.0,1.0,1.0,1.0,1.0,1.0,1.0,1.0,1.0,1.0,1.0,1.0,0.9199999999999999,0.9199999999999999,0.9199999999999999,0.9199999999999999,0.9199999999999999,0.9199999999999999,0.0,-0.0
locomo_6,locomo_6_qa0,3,689,4,1,one,1,1,0.0,0.0,0.0,0.0,0.0,0.0,0.0,0.0,0.0,0.0,0.0,0.0,0.0,0.0,0.0,0.0,0.0,0.0,0.0,-0.0
locomo_6,locomo_6_qa1,2,689,4,1,one,1,1,0.0,0.0,0.0,0.0,0.0,0.0,0.0,0.0,0.0,0.0,0.0,0.0,0.0,0.0,0.0,0.0,0.0,0.0,0.0,-0.0
locomo_6,locomo_6_qa10,2,689,4,1,one,1,1,0.0,0.0,0.0,0.0,0.0,0.0,0.0,0.0,0.0,0.0,0.0,0.0,0.0,0.0,0.0,0.0,0.0,0.0,0.0,-0.0
locomo_6,locomo_6_qa100,4,689,4,1,one,1,1,0.0,0.0,0.0,0.0,0.0,0.0,0.0,0.0,0.0,0.0,0.0,0.0,0.0,0.0,0.0,0.0,0.0,0.0,0.0,-0.0
locomo_6,locomo_6_qa101,4,689,4,1,one,1,1,0.0,0.0,0.0,0.0,0.0,0.0,0.0,0.0,0.0,0.0,0.0,0.0,0.0,0.0,0.0,0.0,0.0,0.0,0.0,-0.0
locomo_6,locomo_6_qa102,4,689,4,1,one,1,1,0.0,0.0,0.0,0.0,0.0,0.0,0.0,0.0,0.0,0.0,0.0,0.0,0.0,0.0,0.0,0.0,0.0,0.0,0.0,-0.0
locomo_6,locomo_6_qa103,4,689,4,1,one,1,1,0.0,0.0,0.0,0.0,0.0,0.0,0.0,0.0,0.0,0.0,0.0,0.0,0.0,0.0,0.0,0.0,0.0,0.0,0.0,-0.0
locomo_6,locomo_6_qa104,4,689,4,1,one,1,1,1.0,1.0,1.0,1.0,1.0,1.0,0.0,0.0,0.0,0.0,0.0,0.0,0.0,0.0,0.0,0.0,0.0,0.0,100.0,-100.0
locomo_6,locomo_6_qa105,4,689,4,1,one,1,1,0.0,0.0,0.0,0.0,0.0,0.0,0.0,0.0,0.0,0.0,0.0,0.0,0.0,0.0,0.0,0.0,0.0,0.0,0.0,-0.0
locomo_6,locomo_6_qa106,4,689,4,1,one,1,1,0.0,0.0,0.0,0.0,0.0,0.0,0.1,0.1,0.1,0.1,0.1,0.1,0.0,0.0,0.0,0.0,0.0,0.0,-10.0,10.0
locomo_6,locomo_6_qa107,4,689,4,1,one,1,1,0.0,0.0,0.0,0.0,0.0,0.0,0.0,0.0,0.0,0.0,0.0,0.0,0.0,0.0,0.0,0.0,0.0,0.0,0.0,-0.0
locomo_6,locomo_6_qa108,4,689,4,1,one,1,1,0.0,0.0,0.0,0.0,0.0,0.0,0.0,0.0,0.0,0.0,0.0,0.0,0.0,0.0,0.0,0.0,0.0,0.0,0.0,-0.0
locomo_6,locomo_6_qa109,4,689,4,1,one,1,1,0.0,0.0,0.0,0.0,0.0,0.0,0.2,0.2,0.2,0.2,0.2,0.2,0.0,0.0,0.0,0.0,0.0,0.0,-20.0,20.0
locomo_6,locomo_6_qa11,2,689,4,0,invalid_zero,1,0,0.0,0.0,0.0,,,,0.0,0.0,0.0,,,,0.0,0.0,0.0,,,,,
locomo_6,locomo_6_qa110,4,689,4,1,one,1,1,0.0,0.0,0.0,0.0,0.0,0.0,0.0,0.0,0.0,0.0,0.0,0.0,0.0,0.0,0.0,0.0,0.0,0.0,0.0,-0.0
locomo_6,locomo_6_qa111,4,689,4,1,one,1,1,0.0,0.0,0.0,0.0,0.0,0.0,0.0,0.0,0.0,0.0,0.0,0.0,0.0,0.0,0.0,0.0,0.0,0.0,0.0,-0.0
locomo_6,locomo_6_qa112,4,689,4,1,one,1,1,1.0,1.0,1.0,1.0,1.0,1.0,0.8,0.8,0.8,0.8,0.8,0.8,1.0,1.0,1.0,1.0,1.0,1.0,19.999999999999996,-19.999999999999996
locomo_6,locomo_6_qa113,4,689,4,2,multi,1,1,0.0,0.0,0.0,0.0,0.0,0.0,0.0,0.0,0.0,0.0,0.0,0.0,0.0,0.0,0.0,0.0,0.0,0.0,0.0,-0.0
locomo_6,locomo_6_qa114,4,689,4,1,one,1,1,0.0,0.0,0.0,0.0,0.0,0.0,0.0,0.0,0.0,0.0,0.0,0.0,0.31,0.31,0.31,0.31,0.31,0.31,0.0,-0.0
locomo_6,locomo_6_qa115,4,689,4,2,multi,1,1,1.0,1.0,1.0,1.0,0.0,0.5,1.0,1.0,1.0,1.0,0.0,0.5,1.0,1.0,1.0,1.0,0.0,0.5,0.0,-0.0
locomo_6,locomo_6_qa116,4,689,4,1,one,1,1,0.0,0.0,0.0,0.0,0.0,0.0,0.0,0.0,0.0,0.0,0.0,0.0,0.0,0.0,0.0,0.0,0.0,0.0,0.0,-0.0
locomo_6,locomo_6_qa117,4,689,4,1,one,1,1,0.0,0.0,0.0,0.0,0.0,0.0,0.0,0.0,0.0,0.0,0.0,0.0,0.0,0.0,0.0,0.0,0.0,0.0,0.0,-0.0
locomo_6,locomo_6_qa118,4,689,4,1,one,1,1,0.0,0.0,0.0,0.0,0.0,0.0,0.8,0.8,0.8,0.8,0.8,0.8,0.8,0.8,0.8,0.8,0.8,0.8,-80.0,80.0
locomo_6,locomo_6_qa119,4,689,4,1,one,1,1,0.0,0.0,0.0,0.0,0.0,0.0,0.0,0.0,0.0,0.0,0.0,0.0,0.0,0.0,0.0,0.0,0.0,0.0,0.0,-0.0
locomo_6,locomo_6_qa12,3,689,4,1,one,1,1,0.0,0.0,0.0,0.0,0.0,0.0,0.0,0.0,0.0,0.0,0.0,0.0,0.0,0.0,0.0,0.0,0.0,0.0,0.0,-0.0
locomo_6,locomo_6_qa120,4,689,4,1,one,1,1,0.0,0.0,0.0,0.0,0.0,0.0,0.0,0.0,0.0,0.0,0.0,0.0,0.0,0.0,0.0,0.0,0.0,0.0,0.0,-0.0
locomo_6,locomo_6_qa121,4,689,4,1,one,1,1,1.0,1.0,1.0,1.0,1.0,1.0,0.0,0.0,0.0,0.0,0.0,0.0,0.2,0.2,0.2,0.2,0.2,0.2,100.0,-100.0
locomo_6,locomo_6_qa122,4,689,4,1,one,1,1,0.0,0.0,0.0,0.0,0.0,0.0,0.0,0.0,0.0,0.0,0.0,0.0,0.0,0.0,0.0,0.0,0.0,0.0,0.0,-0.0
locomo_6,locomo_6_qa123,4,689,4,1,one,1,1,0.0,0.0,0.0,0.0,0.0,0.0,0.0,0.0,0.0,0.0,0.0,0.0,0.0,0.0,0.0,0.0,0.0,0.0,0.0,-0.0
locomo_6,locomo_6_qa124,4,689,4,1,one,1,1,0.0,0.0,0.0,0.0,0.0,0.0,0.0,0.0,0.0,0.0,0.0,0.0,0.0,0.0,0.0,0.0,0.0,0.0,0.0,-0.0
locomo_6,locomo_6_qa125,4,689,4,1,one,1,1,0.0,0.0,0.0,0.0,0.0,0.0,0.2,0.2,0.2,0.2,0.2,0.2,0.52,0.52,0.52,0.52,0.52,0.52,-20.0,20.0
locomo_6,locomo_6_qa126,4,689,4,1,one,1,1,0.0,0.0,0.0,0.0,0.0,0.0,0.0,0.0,0.0,0.0,0.0,0.0,0.0,0.0,0.0,0.0,0.0,0.0,0.0,-0.0
locomo_6,locomo_6_qa127,4,689,4,1,one,1,1,0.0,0.0,0.0,0.0,0.0,0.0,0.0,0.0,0.0,0.0,0.0,0.0,0.0,0.0,0.0,0.0,0.0,0.0,0.0,-0.0
locomo_6,locomo_6_qa128,4,689,4,1,one,1,1,0.0,0.0,0.0,0.0,0.0,0.0,0.0,0.0,0.0,0.0,0.0,0.0,0.0,0.0,0.0,0.0,0.0,0.0,0.0,-0.0
locomo_6,locomo_6_qa129,4,689,4,1,one,1,1,0.0,0.0,0.0,0.0,0.0,0.0,0.0,0.0,0.0,0.0,0.0,0.0,0.0,0.0,0.0,0.0,0.0,0.0,0.0,-0.0
locomo_6,locomo_6_qa13,2,689,4,1,one,1,1,0.0,0.0,0.0,0.0,0.0,0.0,0.0,0.0,0.0,0.0,0.0,0.0,0.0,0.0,0.0,0.0,0.0,0.0,0.0,-0.0
locomo_6,locomo_6_qa130,4,689,4,1,one,1,1,1.0,1.0,1.0,1.0,1.0,1.0,0.6,0.6,0.6,0.6,0.6,0.6,1.0,1.0,1.0,1.0,1.0,1.0,40.0,-40.0
locomo_6,locomo_6_qa131,4,689,4,1,one,1,1,1.0,1.0,1.0,1.0,1.0,1.0,0.76,0.76,0.76,0.76,0.76,0.76,1.0,1.0,1.0,1.0,1.0,1.0,24.0,-24.0
locomo_6,locomo_6_qa132,4,689,4,1,one,1,1,0.0,0.0,0.0,0.0,0.0,0.0,0.0,0.0,0.0,0.0,0.0,0.0,0.0,0.0,0.0,0.0,0.0,0.0,0.0,-0.0
locomo_6,locomo_6_qa133,4,689,4,1,one,1,1,0.0,0.0,0.0,0.0,0.0,0.0,0.2,0.2,0.2,0.2,0.2,0.2,0.0,0.0,0.0,0.0,0.0,0.0,-20.0,20.0
locomo_6,locomo_6_qa134,4,689,4,1,one,1,1,1.0,1.0,1.0,1.0,1.0,1.0,0.6,0.6,0.6,0.6,0.6,0.6,0.31,0.31,0.31,0.31,0.31,0.31,40.0,-40.0
locomo_6,locomo_6_qa135,4,689,4,1,one,1,1,0.0,0.0,0.0,0.0,0.0,0.0,0.4,0.4,0.4,0.4,0.4,0.4,0.2,0.2,0.2,0.2,0.2,0.2,-40.0,40.0
locomo_6,locomo_6_qa136,4,689,4,1,one,1,1,0.0,0.0,0.0,0.0,0.0,0.0,0.0,0.0,0.0,0.0,0.0,0.0,0.0,0.0,0.0,0.0,0.0,0.0,0.0,-0.0
locomo_6,locomo_6_qa137,4,689,4,1,one,1,1,0.55,0.55,0.55,0.55,0.55,0.55,0.63,0.63,0.63,0.63,0.63,0.63,0.8,0.8,0.8,0.8,0.8,0.8,-7.9999999999999964,7.9999999999999964
locomo_6,locomo_6_qa138,4,689,4,1,one,1,1,0.0,0.0,0.0,0.0,0.0,0.0,0.0,0.0,0.0,0.0,0.0,0.0,0.2,0.2,0.2,0.2,0.2,0.2,0.0,-0.0
locomo_6,locomo_6_qa139,4,689,4,1,one,1,1,1.0,1.0,1.0,1.0,1.0,1.0,1.0,1.0,1.0,1.0,1.0,1.0,1.0,1.0,1.0,1.0,1.0,1.0,0.0,-0.0
locomo_6,locomo_6_qa14,2,689,4,1,one,1,1,1.0,1.0,1.0,1.0,1.0,1.0,0.0,0.0,0.0,0.0,0.0,0.0,0.0,0.0,0.0,0.0,0.0,0.0,100.0,-100.0
locomo_6,locomo_6_qa140,4,689,4,1,one,1,1,0.0,0.0,0.0,0.0,0.0,0.0,0.0,0.0,0.0,0.0,0.0,0.0,0.0,0.0,0.0,0.0,0.0,0.0,0.0,-0.0
locomo_6,locomo_6_qa141,4,689,4,2,multi,1,1,0.0,0.0,0.0,0.0,0.0,0.0,0.4,0.2,0.3,0.4,0.2,0.3,0.52,0.0,0.26,0.52,0.0,0.26,-30.0,30.0
locomo_6,locomo_6_qa142,4,689,4,2,multi,1,1,0.0,0.0,0.0,0.0,0.0,0.0,0.43,0.04,0.23500000000000001,0.43,0.04,0.23500000000000001,0.48,0.0,0.24,0.48,0.0,0.24,-23.5,23.5
locomo_6,locomo_6_qa143,4,689,4,2,multi,1,1,1.0,0.0,0.5,1.0,0.0,0.5,0.0,0.0,0.0,0.0,0.0,0.0,0.0,0.0,0.0,0.0,0.0,0.0,50.0,-50.0
locomo_6,locomo_6_qa144,4,689,4,1,one,1,1,0.0,0.0,0.0,0.0,0.0,0.0,0.0,0.0,0.0,0.0,0.0,0.0,0.0,0.0,0.0,0.0,0.0,0.0,0.0,-0.0
locomo_6,locomo_6_qa145,4,689,4,1,one,1,1,0.0,0.0,0.0,0.0,0.0,0.0,0.0,0.0,0.0,0.0,0.0,0.0,0.0,0.0,0.0,0.0,0.0,0.0,0.0,-0.0
locomo_6,locomo_6_qa146,4,689,4,1,one,1,1,0.0,0.0,0.0,0.0,0.0,0.0,0.11000000000000001,0.11000000000000001,0.11000000000000001,0.11000000000000001,0.11000000000000001,0.11000000000000001,0.0,0.0,0.0,0.0,0.0,0.0,-11.000000000000002,11.000000000000002
locomo_6,locomo_6_qa147,4,689,4,1,one,1,1,0.0,0.0,0.0,0.0,0.0,0.0,0.0,0.0,0.0,0.0,0.0,0.0,0.0,0.0,0.0,0.0,0.0,0.0,0.0,-0.0
locomo_6,locomo_6_qa148,4,689,4,1,one,1,1,0.0,0.0,0.0,0.0,0.0,0.0,0.0,0.0,0.0,0.0,0.0,0.0,0.2,0.2,0.2,0.2,0.2,0.2,0.0,-0.0
locomo_6,locomo_6_qa149,4,689,4,1,one,1,1,0.0,0.0,0.0,0.0,0.0,0.0,0.0,0.0,0.0,0.0,0.0,0.0,0.0,0.0,0.0,0.0,0.0,0.0,0.0,-0.0
locomo_6,locomo_6_qa15,2,689,4,1,one,1,1,0.0,0.0,0.0,0.0,0.0,0.0,0.0,0.0,0.0,0.0,0.0,0.0,0.0,0.0,0.0,0.0,0.0,0.0,0.0,-0.0
locomo_6,locomo_6_qa16,3,689,4,1,one,1,1,0.0,0.0,0.0,0.0,0.0,0.0,0.27,0.27,0.27,0.27,0.27,0.27,0.0,0.0,0.0,0.0,0.0,0.0,-27.0,27.0
locomo_6,locomo_6_qa17,3,689,4,1,one,1,1,0.0,0.0,0.0,0.0,0.0,0.0,0.0,0.0,0.0,0.0,0.0,0.0,0.0,0.0,0.0,0.0,0.0,0.0,0.0,-0.0
locomo_6,locomo_6_qa18,1,689,4,2,multi,1,1,0.0,0.0,0.0,0.0,0.0,0.0,0.0,0.0,0.0,0.0,0.0,0.0,0.0,0.0,0.0,0.0,0.0,0.0,0.0,-0.0
locomo_6,locomo_6_qa19,3,689,4,2,multi,1,1,0.0,0.0,0.0,0.0,0.0,0.0,0.0,0.0,0.0,0.0,0.0,0.0,0.0,0.0,0.0,0.0,0.0,0.0,0.0,-0.0
locomo_6,locomo_6_qa2,1,689,4,5,multi,1,1,0.0,0.0,0.0,0.0,0.0,0.0,0.0,0.0,0.0,0.0,0.0,0.0,0.0,0.0,0.0,0.0,0.0,0.0,0.0,-0.0
locomo_6,locomo_6_qa20,1,689,4,2,multi,1,1,0.0,0.0,0.0,0.0,0.0,0.0,0.0,0.0,0.0,0.0,0.0,0.0,0.0,0.0,0.0,0.0,0.0,0.0,0.0,-0.0
locomo_6,locomo_6_qa21,2,689,4,1,one,1,1,0.0,0.0,0.0,0.0,0.0,0.0,0.0,0.0,0.0,0.0,0.0,0.0,0.0,0.0,0.0,0.0,0.0,0.0,0.0,-0.0
locomo_6,locomo_6_qa22,1,689,4,3,multi,1,1,0.0,0.0,0.0,0.0,0.0,0.0,0.0,0.0,0.0,0.0,0.0,0.0,0.0,0.0,0.0,0.0,0.0,0.0,0.0,-0.0
locomo_6,locomo_6_qa23,2,689,4,1,one,1,1,0.0,0.0,0.0,0.0,0.0,0.0,0.0,0.0,0.0,0.0,0.0,0.0,0.0,0.0,0.0,0.0,0.0,0.0,0.0,-0.0
locomo_6,locomo_6_qa24,1,689,4,5,multi,1,1,0.0,0.0,0.0,0.0,0.0,0.0,0.0,0.0,0.0,0.24,0.0,0.04800000000000001,0.0,0.0,0.0,0.2,0.0,0.04000000000000001,-4.800000000000001,4.800000000000001
locomo_6,locomo_6_qa25,3,689,4,2,multi,1,1,0.0,0.0,0.0,0.0,0.0,0.0,0.0,0.0,0.0,0.0,0.0,0.0,0.0,0.0,0.0,0.0,0.0,0.0,0.0,-0.0
locomo_6,locomo_6_qa26,1,689,4,4,multi,1,1,1.0,0.0,0.25,1.0,0.0,0.25,1.0,0.0,0.3675,1.0,0.0,0.3675,0.9099999999999999,0.0,0.3275,0.9099999999999999,0.0,0.3275,-11.75,11.75
locomo_6,locomo_6_qa27,1,689,4,2,multi,1,1,0.0,0.0,0.0,0.0,0.0,0.0,0.0,0.0,0.0,0.0,0.0,0.0,0.0,0.0,0.0,0.0,0.0,0.0,0.0,-0.0
locomo_6,locomo_6_qa28,2,689,4,1,one,1,1,0.0,0.0,0.0,0.0,0.0,0.0,0.0,0.0,0.0,0.0,0.0,0.0,0.0,0.0,0.0,0.0,0.0,0.0,0.0,-0.0
locomo_6,locomo_6_qa29,2,689,4,1,one,1,1,0.0,0.0,0.0,0.0,0.0,0.0,0.0,0.0,0.0,0.0,0.0,0.0,0.0,0.0,0.0,0.0,0.0,0.0,0.0,-0.0
locomo_6,locomo_6_qa3,1,689,4,2,multi,1,1,1.0,0.0,0.5,1.0,0.0,0.5,0.02,0.0,0.01,0.02,0.0,0.01,0.0,0.0,0.0,0.0,0.0,0.0,49.0,-49.0
locomo_6,locomo_6_qa30,3,689,4,2,multi,1,1,0.0,0.0,0.0,0.0,0.0,0.0,0.0,0.0,0.0,0.0,0.0,0.0,0.0,0.0,0.0,0.0,0.0,0.0,0.0,-0.0
locomo_6,locomo_6_qa31,2,689,4,2,multi,1,1,0.0,0.0,0.0,0.0,0.0,0.0,0.0,0.0,0.0,0.0,0.0,0.0,0.0,0.0,0.0,0.0,0.0,0.0,0.0,-0.0
locomo_6,locomo_6_qa32,2,689,4,1,one,1,1,0.0,0.0,0.0,0.0,0.0,0.0,0.0,0.0,0.0,0.0,0.0,0.0,0.0,0.0,0.0,0.0,0.0,0.0,0.0,-0.0
locomo_6,locomo_6_qa33,3,689,4,1,one,1,1,0.0,0.0,0.0,0.0,0.0,0.0,0.0,0.0,0.0,0.0,0.0,0.0,0.0,0.0,0.0,0.0,0.0,0.0,0.0,-0.0
locomo_6,locomo_6_qa34,1,689,4,2,multi,1,1,0.0,0.0,0.0,0.0,0.0,0.0,0.0,0.0,0.0,0.0,0.0,0.0,0.0,0.0,0.0,0.0,0.0,0.0,0.0,-0.0
locomo_6,locomo_6_qa35,3,689,4,1,one,1,1,0.0,0.0,0.0,0.0,0.0,0.0,0.4,0.4,0.4,0.4,0.4,0.4,0.0,0.0,0.0,0.0,0.0,0.0,-40.0,40.0
locomo_6,locomo_6_qa36,3,689,4,1,one,1,1,0.0,0.0,0.0,0.0,0.0,0.0,0.0,0.0,0.0,0.0,0.0,0.0,0.0,0.0,0.0,0.0,0.0,0.0,0.0,-0.0
locomo_6,locomo_6_qa37,2,689,4,1,one,1,1,0.0,0.0,0.0,0.0,0.0,0.0,0.0,0.0,0.0,0.0,0.0,0.0,0.0,0.0,0.0,0.0,0.0,0.0,0.0,-0.0
locomo_6,locomo_6_qa38,1,689,4,2,multi,1,1,0.0,0.0,0.0,0.0,0.0,0.0,0.0,0.0,0.0,0.0,0.0,0.0,0.0,0.0,0.0,0.0,0.0,0.0,0.0,-0.0
locomo_6,locomo_6_qa39,2,689,4,1,one,1,1,0.0,0.0,0.0,0.0,0.0,0.0,0.0,0.0,0.0,0.0,0.0,0.0,0.0,0.0,0.0,0.0,0.0,0.0,0.0,-0.0
locomo_6,locomo_6_qa4,2,689,4,1,one,1,1,0.0,0.0,0.0,0.0,0.0,0.0,0.0,0.0,0.0,0.0,0.0,0.0,0.0,0.0,0.0,0.0,0.0,0.0,0.0,-0.0
locomo_6,locomo_6_qa40,1,689,4,4,multi,1,1,0.0,0.0,0.0,0.0,0.0,0.0,0.0,0.0,0.0,0.0,0.0,0.0,0.0,0.0,0.0,0.0,0.0,0.0,0.0,-0.0
locomo_6,locomo_6_qa41,2,689,4,1,one,1,1,0.0,0.0,0.0,0.0,0.0,0.0,0.0,0.0,0.0,0.0,0.0,0.0,0.0,0.0,0.0,0.0,0.0,0.0,0.0,-0.0
locomo_6,locomo_6_qa42,2,689,4,1,one,1,1,1.0,1.0,1.0,1.0,1.0,1.0,0.2,0.2,0.2,0.2,0.2,0.2,0.35,0.35,0.35,0.35,0.35,0.35,80.0,-80.0
locomo_6,locomo_6_qa43,2,689,4,1,one,1,1,0.0,0.0,0.0,0.0,0.0,0.0,0.0,0.0,0.0,0.0,0.0,0.0,0.0,0.0,0.0,0.0,0.0,0.0,0.0,-0.0
locomo_6,locomo_6_qa44,3,689,4,2,multi,1,1,1.0,0.0,0.5,1.0,0.0,0.5,0.0,0.0,0.0,0.0,0.0,0.0,0.0,0.0,0.0,0.0,0.0,0.0,50.0,-50.0
locomo_6,locomo_6_qa45,1,689,4,3,multi,1,1,1.0,0.0,0.6666666666666665,1.0,0.0,0.6666666666666665,1.0,0.0,0.6666666666666665,1.0,0.0,0.6666666666666665,0.8,0.0,0.4266666666666666,0.8,0.0,0.4266666666666666,0.0,-0.0
locomo_6,locomo_6_qa46,2,689,4,1,one,1,1,0.0,0.0,0.0,0.0,0.0,0.0,0.0,0.0,0.0,0.0,0.0,0.0,0.0,0.0,0.0,0.0,0.0,0.0,0.0,-0.0
locomo_6,locomo_6_qa47,2,689,4,1,one,1,1,0.0,0.0,0.0,0.0,0.0,0.0,0.0,0.0,0.0,0.0,0.0,0.0,0.0,0.0,0.0,0.0,0.0,0.0,0.0,-0.0
locomo_6,locomo_6_qa48,2,689,4,2,multi,1,1,0.0,0.0,0.0,0.0,0.0,0.0,0.0,0.0,0.0,0.0,0.0,0.0,0.31,0.0,0.155,0.31,0.0,0.155,0.0,-0.0
locomo_6,locomo_6_qa49,1,689,4,3,multi,1,1,0.0,0.0,0.0,0.0,0.0,0.0,0.0,0.0,0.0,0.0,0.0,0.0,0.0,0.0,0.0,0.0,0.0,0.0,0.0,-0.0
locomo_6,locomo_6_qa5,1,689,4,2,multi,1,1,0.0,0.0,0.0,0.0,0.0,0.0,0.0,0.0,0.0,0.0,0.0,0.0,0.0,0.0,0.0,0.0,0.0,0.0,0.0,-0.0
locomo_6,locomo_6_qa50,2,689,4,1,one,1,1,0.0,0.0,0.0,0.0,0.0,0.0,0.0,0.0,0.0,0.0,0.0,0.0,0.0,0.0,0.0,0.0,0.0,0.0,0.0,-0.0
locomo_6,locomo_6_qa51,1,689,4,6,multi,1,1,0.0,0.0,0.0,0.0,0.0,0.0,0.1,0.0,0.01666666666666667,0.1,0.0,0.01666666666666667,0.0,0.0,0.0,0.0,0.0,0.0,-1.666666666666667,1.666666666666667
locomo_6,locomo_6_qa52,2,689,4,1,one,1,1,0.0,0.0,0.0,0.0,0.0,0.0,0.0,0.0,0.0,0.0,0.0,0.0,0.0,0.0,0.0,0.0,0.0,0.0,0.0,-0.0
locomo_6,locomo_6_qa53,2,689,4,2,multi,1,1,0.0,0.0,0.0,0.0,0.0,0.0,0.2,0.0,0.1,0.2,0.0,0.1,0.0,0.0,0.0,0.0,0.0,0.0,-10.0,10.0
locomo_6,locomo_6_qa54,1,689,4,2,multi,1,1,1.0,0.0,0.5,1.0,0.0,0.5,0.06,0.0,0.03,0.06,0.0,0.03,0.0,0.0,0.0,0.0,0.0,0.0,47.0,-47.0
locomo_6,locomo_6_qa55,2,689,4,1,one,1,1,0.0,0.0,0.0,0.0,0.0,0.0,0.0,0.0,0.0,0.0,0.0,0.0,0.0,0.0,0.0,0.0,0.0,0.0,0.0,-0.0
locomo_6,locomo_6_qa56,1,689,4,2,multi,1,1,0.0,0.0,0.0,0.0,0.0,0.0,0.0,0.0,0.0,0.0,0.0,0.0,0.0,0.0,0.0,0.0,0.0,0.0,0.0,-0.0
locomo_6,locomo_6_qa57,2,689,4,1,one,1,1,0.0,0.0,0.0,0.0,0.0,0.0,0.0,0.0,0.0,0.0,0.0,0.0,0.0,0.0,0.0,0.0,0.0,0.0,0.0,-0.0
locomo_6,locomo_6_qa58,2,689,4,1,one,1,1,0.0,0.0,0.0,0.0,0.0,0.0,0.06999999999999999,0.06999999999999999,0.06999999999999999,0.06999999999999999,0.06999999999999999,0.06999999999999999,0.06999999999999999,0.06999999999999999,0.06999999999999999,0.06999999999999999,0.06999999999999999,0.06999999999999999,-6.999999999999999,6.999999999999999
locomo_6,locomo_6_qa59,2,689,4,1,one,1,1,0.0,0.0,0.0,0.0,0.0,0.0,0.0,0.0,0.0,0.0,0.0,0.0,0.0,0.0,0.0,0.0,0.0,0.0,0.0,-0.0
locomo_6,locomo_6_qa6,3,689,4,1,one,1,1,0.0,0.0,0.0,0.0,0.0,0.0,0.0,0.0,0.0,0.0,0.0,0.0,0.0,0.0,0.0,0.0,0.0,0.0,0.0,-0.0
locomo_6,locomo_6_qa60,1,689,4,3,multi,1,1,0.0,0.0,0.0,0.0,0.0,0.0,0.0,0.0,0.0,0.0,0.0,0.0,0.0,0.0,0.0,0.0,0.0,0.0,0.0,-0.0
locomo_6,locomo_6_qa61,2,689,4,2,multi,1,1,1.0,0.0,0.5,1.0,0.0,0.5,0.2,0.0,0.1,0.2,0.0,0.1,0.6,0.0,0.3,0.6,0.0,0.3,40.0,-40.0
locomo_6,locomo_6_qa62,2,689,4,3,multi,1,1,1.0,0.0,0.33333333333333326,1.0,0.0,0.33333333333333326,0.2,0.0,0.06666666666666665,0.2,0.0,0.06666666666666665,0.2,0.0,0.06666666666666665,0.2,0.0,0.06666666666666665,26.66666666666666,-26.66666666666666
locomo_6,locomo_6_qa63,2,689,4,1,one,1,1,0.7,0.7,0.7,0.7,0.7,0.7,0.2,0.2,0.2,0.2,0.2,0.2,0.0,0.0,0.0,0.0,0.0,0.0,49.99999999999999,-49.99999999999999
locomo_6,locomo_6_qa64,2,689,4,3,multi,1,1,0.0,0.0,0.0,0.0,0.0,0.0,1.0,0.0,0.33333333333333326,1.0,0.0,0.33333333333333326,0.9099999999999999,0.0,0.3033333333333333,0.9099999999999999,0.0,0.3033333333333333,-33.33333333333333,33.33333333333333
locomo_6,locomo_6_qa65,2,689,4,2,multi,1,1,0.0,0.0,0.0,0.0,0.0,0.0,0.0,0.0,0.0,0.0,0.0,0.0,0.0,0.0,0.0,0.0,0.0,0.0,0.0,-0.0
locomo_6,locomo_6_qa66,2,689,4,1,one,1,1,1.0,1.0,1.0,1.0,1.0,1.0,0.0,0.0,0.0,0.0,0.0,0.0,0.0,0.0,0.0,0.0,0.0,0.0,100.0,-100.0
locomo_6,locomo_6_qa67,4,689,4,1,one,1,1,0.0,0.0,0.0,0.0,0.0,0.0,0.0,0.0,0.0,0.0,0.0,0.0,0.0,0.0,0.0,0.0,0.0,0.0,0.0,-0.0
locomo_6,locomo_6_qa68,4,689,4,1,one,1,1,0.0,0.0,0.0,0.0,0.0,0.0,0.0,0.0,0.0,0.0,0.0,0.0,0.0,0.0,0.0,0.0,0.0,0.0,0.0,-0.0
locomo_6,locomo_6_qa69,4,689,4,1,one,1,1,0.0,0.0,0.0,0.0,0.0,0.0,0.0,0.0,0.0,0.0,0.0,0.0,0.0,0.0,0.0,0.0,0.0,0.0,0.0,-0.0
locomo_6,locomo_6_qa7,3,689,4,1,one,1,1,0.0,0.0,0.0,0.0,0.0,0.0,0.0,0.0,0.0,0.0,0.0,0.0,0.0,0.0,0.0,0.0,0.0,0.0,0.0,-0.0
locomo_6,locomo_6_qa70,4,689,4,1,one,1,1,0.0,0.0,0.0,0.0,0.0,0.0,0.0,0.0,0.0,0.0,0.0,0.0,0.0,0.0,0.0,0.0,0.0,0.0,0.0,-0.0
locomo_6,locomo_6_qa71,4,689,4,1,one,1,1,0.0,0.0,0.0,0.0,0.0,0.0,0.0,0.0,0.0,0.0,0.0,0.0,0.0,0.0,0.0,0.0,0.0,0.0,0.0,-0.0
locomo_6,locomo_6_qa72,4,689,4,2,multi,1,1,0.0,0.0,0.0,0.0,0.0,0.0,0.0,0.0,0.0,0.0,0.0,0.0,0.0,0.0,0.0,0.0,0.0,0.0,0.0,-0.0
locomo_6,locomo_6_qa73,4,689,4,1,one,1,1,0.0,0.0,0.0,0.0,0.0,0.0,0.0,0.0,0.0,0.0,0.0,0.0,0.0,0.0,0.0,0.0,0.0,0.0,0.0,-0.0
locomo_6,locomo_6_qa74,4,689,4,1,one,1,1,0.95,0.95,0.95,0.95,0.95,0.95,1.0,1.0,1.0,1.0,1.0,1.0,0.8,0.8,0.8,0.8,0.8,0.8,-5.000000000000004,5.000000000000004
locomo_6,locomo_6_qa75,4,689,4,1,one,1,1,0.0,0.0,0.0,0.0,0.0,0.0,0.2,0.2,0.2,0.2,0.2,0.2,0.0,0.0,0.0,0.0,0.0,0.0,-20.0,20.0
locomo_6,locomo_6_qa76,4,689,4,1,one,1,1,0.0,0.0,0.0,0.0,0.0,0.0,0.2,0.2,0.2,0.2,0.2,0.2,0.0,0.0,0.0,0.0,0.0,0.0,-20.0,20.0
locomo_6,locomo_6_qa77,4,689,4,1,one,1,1,0.0,0.0,0.0,0.0,0.0,0.0,0.0,0.0,0.0,0.0,0.0,0.0,0.0,0.0,0.0,0.0,0.0,0.0,0.0,-0.0
locomo_6,locomo_6_qa78,4,689,4,1,one,1,1,0.0,0.0,0.0,0.0,0.0,0.0,0.0,0.0,0.0,0.0,0.0,0.0,0.0,0.0,0.0,0.0,0.0,0.0,0.0,-0.0
locomo_6,locomo_6_qa79,4,689,4,1,one,1,1,0.0,0.0,0.0,0.0,0.0,0.0,0.0,0.0,0.0,0.0,0.0,0.0,0.0,0.0,0.0,0.0,0.0,0.0,0.0,-0.0
locomo_6,locomo_6_qa8,1,689,4,3,multi,1,1,0.0,0.0,0.0,0.0,0.0,0.0,0.0,0.0,0.0,0.0,0.0,0.0,0.0,0.0,0.0,0.0,0.0,0.0,0.0,-0.0
locomo_6,locomo_6_qa80,4,689,4,1,one,1,1,0.0,0.0,0.0,0.0,0.0,0.0,0.0,0.0,0.0,0.0,0.0,0.0,0.0,0.0,0.0,0.0,0.0,0.0,0.0,-0.0
locomo_6,locomo_6_qa81,4,689,4,1,one,1,1,0.0,0.0,0.0,0.0,0.0,0.0,0.0,0.0,0.0,0.0,0.0,0.0,0.0,0.0,0.0,0.0,0.0,0.0,0.0,-0.0
locomo_6,locomo_6_qa82,4,689,4,1,one,1,1,0.0,0.0,0.0,0.0,0.0,0.0,0.0,0.0,0.0,0.0,0.0,0.0,0.0,0.0,0.0,0.0,0.0,0.0,0.0,-0.0
locomo_6,locomo_6_qa83,4,689,4,1,one,1,1,0.0,0.0,0.0,0.0,0.0,0.0,0.0,0.0,0.0,0.0,0.0,0.0,0.0,0.0,0.0,0.0,0.0,0.0,0.0,-0.0
locomo_6,locomo_6_qa84,4,689,4,1,one,1,1,0.0,0.0,0.0,0.0,0.0,0.0,0.0,0.0,0.0,0.0,0.0,0.0,0.0,0.0,0.0,0.0,0.0,0.0,0.0,-0.0
locomo_6,locomo_6_qa85,4,689,4,1,one,1,1,0.0,0.0,0.0,0.0,0.0,0.0,0.0,0.0,0.0,0.0,0.0,0.0,0.0,0.0,0.0,0.0,0.0,0.0,0.0,-0.0
locomo_6,locomo_6_qa86,4,689,4,1,one,1,1,0.0,0.0,0.0,0.0,0.0,0.0,0.0,0.0,0.0,0.0,0.0,0.0,0.0,0.0,0.0,0.0,0.0,0.0,0.0,-0.0
locomo_6,locomo_6_qa87,4,689,4,1,one,1,1,1.0,1.0,1.0,1.0,1.0,1.0,0.8,0.8,0.8,0.8,0.8,0.8,1.0,1.0,1.0,1.0,1.0,1.0,19.999999999999996,-19.999999999999996
locomo_6,locomo_6_qa88,4,689,4,2,multi,1,1,0.0,0.0,0.0,0.0,0.0,0.0,0.0,0.0,0.0,0.0,0.0,0.0,0.0,0.0,0.0,0.0,0.0,0.0,0.0,-0.0
locomo_6,locomo_6_qa89,4,689,4,1,one,1,1,1.0,1.0,1.0,1.0,1.0,1.0,0.0,0.0,0.0,0.0,0.0,0.0,0.16999999999999998,0.16999999999999998,0.16999999999999998,0.16999999999999998,0.16999999999999998,0.16999999999999998,100.0,-100.0
locomo_6,locomo_6_qa9,1,689,4,2,multi,1,1,0.0,0.0,0.0,0.0,0.0,0.0,0.0,0.0,0.0,0.0,0.0,0.0,0.0,0.0,0.0,0.0,0.0,0.0,0.0,-0.0
locomo_6,locomo_6_qa90,4,689,4,1,one,1,1,0.2,0.2,0.2,0.2,0.2,0.2,0.0,0.0,0.0,0.0,0.0,0.0,0.0,0.0,0.0,0.0,0.0,0.0,20.0,-20.0
locomo_6,locomo_6_qa91,4,689,4,1,one,1,1,0.0,0.0,0.0,0.0,0.0,0.0,0.0,0.0,0.0,0.0,0.0,0.0,0.0,0.0,0.0,0.0,0.0,0.0,0.0,-0.0
locomo_6,locomo_6_qa92,4,689,4,1,one,1,1,0.0,0.0,0.0,0.0,0.0,0.0,0.0,0.0,0.0,0.0,0.0,0.0,0.0,0.0,0.0,0.0,0.0,0.0,0.0,-0.0
locomo_6,locomo_6_qa93,4,689,4,2,multi,1,1,1.0,1.0,1.0,1.0,0.0,0.5,0.4,0.26,0.32999999999999996,0.4,0.0,0.2,0.6599999999999999,0.0,0.32999999999999996,0.42000000000000004,0.0,0.21000000000000002,30.0,-30.0
locomo_6,locomo_6_qa94,4,689,4,1,one,1,1,0.0,0.0,0.0,0.0,0.0,0.0,0.0,0.0,0.0,0.0,0.0,0.0,0.0,0.0,0.0,0.0,0.0,0.0,0.0,-0.0
locomo_6,locomo_6_qa95,4,689,4,1,one,1,1,0.0,0.0,0.0,0.0,0.0,0.0,0.0,0.0,0.0,0.0,0.0,0.0,0.0,0.0,0.0,0.0,0.0,0.0,0.0,-0.0
locomo_6,locomo_6_qa96,4,689,4,1,one,1,1,0.0,0.0,0.0,0.0,0.0,0.0,0.0,0.0,0.0,0.0,0.0,0.0,0.0,0.0,0.0,0.0,0.0,0.0,0.0,-0.0
locomo_6,locomo_6_qa97,4,689,4,1,one,1,1,0.0,0.0,0.0,0.0,0.0,0.0,0.0,0.0,0.0,0.0,0.0,0.0,0.0,0.0,0.0,0.0,0.0,0.0,0.0,-0.0
locomo_6,locomo_6_qa98,4,689,4,1,one,1,1,0.0,0.0,0.0,0.0,0.0,0.0,0.0,0.0,0.0,0.0,0.0,0.0,0.0,0.0,0.0,0.0,0.0,0.0,0.0,-0.0
locomo_6,locomo_6_qa99,4,689,4,1,one,1,1,0.25,0.25,0.25,0.25,0.25,0.25,0.0,0.0,0.0,0.0,0.0,0.0,0.0,0.0,0.0,0.0,0.0,0.0,25.0,-25.0
locomo_7,locomo_7_qa0,2,681,4,1,one,1,1,0.0,0.0,0.0,0.0,0.0,0.0,0.0,0.0,0.0,0.0,0.0,0.0,0.0,0.0,0.0,0.0,0.0,0.0,0.0,-0.0
locomo_7,locomo_7_qa1,1,681,4,3,multi,1,1,1.0,0.0,0.33333333333333326,1.0,0.0,0.33333333333333326,0.8,0.0,0.30666666666666664,0.8,0.0,0.30666666666666664,0.8,0.0,0.2666666666666666,0.8,0.0,0.2666666666666666,2.6666666666666616,-2.6666666666666616
locomo_7,locomo_7_qa10,2,681,4,1,one,1,1,0.65,0.65,0.65,0.65,0.65,0.65,0.0,0.0,0.0,0.0,0.0,0.0,0.0,0.0,0.0,0.0,0.0,0.0,65.0,-65.0
locomo_7,locomo_7_qa100,4,681,4,1,one,1,1,0.0,0.0,0.0,0.0,0.0,0.0,0.0,0.0,0.0,0.0,0.0,0.0,0.0,0.0,0.0,0.0,0.0,0.0,0.0,-0.0
locomo_7,locomo_7_qa101,4,681,4,1,one,1,1,0.0,0.0,0.0,0.0,0.0,0.0,0.0,0.0,0.0,0.0,0.0,0.0,0.0,0.0,0.0,0.0,0.0,0.0,0.0,-0.0
locomo_7,locomo_7_qa102,4,681,4,1,one,1,1,0.0,0.0,0.0,0.0,0.0,0.0,0.0,0.0,0.0,0.0,0.0,0.0,0.0,0.0,0.0,0.0,0.0,0.0,0.0,-0.0
locomo_7,locomo_7_qa103,4,681,4,1,one,1,1,0.0,0.0,0.0,0.0,0.0,0.0,0.0,0.0,0.0,0.0,0.0,0.0,0.0,0.0,0.0,0.0,0.0,0.0,0.0,-0.0
locomo_7,locomo_7_qa104,4,681,4,1,one,1,1,0.0,0.0,0.0,0.0,0.0,0.0,0.0,0.0,0.0,0.0,0.0,0.0,0.0,0.0,0.0,0.0,0.0,0.0,0.0,-0.0
locomo_7,locomo_7_qa105,4,681,4,2,multi,1,1,0.0,0.0,0.0,0.0,0.0,0.0,0.0,0.0,0.0,0.0,0.0,0.0,0.0,0.0,0.0,0.0,0.0,0.0,0.0,-0.0
locomo_7,locomo_7_qa106,4,681,4,1,one,1,1,0.0,0.0,0.0,0.0,0.0,0.0,0.0,0.0,0.0,0.0,0.0,0.0,0.0,0.0,0.0,0.0,0.0,0.0,0.0,-0.0
locomo_7,locomo_7_qa107,4,681,4,1,one,1,1,0.0,0.0,0.0,0.0,0.0,0.0,0.0,0.0,0.0,0.0,0.0,0.0,0.0,0.0,0.0,0.0,0.0,0.0,0.0,-0.0
locomo_7,locomo_7_qa108,4,681,4,1,one,1,1,0.0,0.0,0.0,0.0,0.0,0.0,0.0,0.0,0.0,0.0,0.0,0.0,0.0,0.0,0.0,0.0,0.0,0.0,0.0,-0.0
locomo_7,locomo_7_qa109,4,681,4,1,one,1,1,0.0,0.0,0.0,0.0,0.0,0.0,0.0,0.0,0.0,0.0,0.0,0.0,0.0,0.0,0.0,0.0,0.0,0.0,0.0,-0.0
locomo_7,locomo_7_qa11,3,681,4,4,multi,1,1,0.0,0.0,0.0,0.0,0.0,0.0,0.0,0.0,0.0,0.0,0.0,0.0,0.0,0.0,0.0,0.0,0.0,0.0,0.0,-0.0
locomo_7,locomo_7_qa110,4,681,4,1,one,1,1,0.0,0.0,0.0,0.0,0.0,0.0,0.0,0.0,0.0,0.0,0.0,0.0,0.0,0.0,0.0,0.0,0.0,0.0,0.0,-0.0
locomo_7,locomo_7_qa111,4,681,4,1,one,1,1,0.0,0.0,0.0,0.0,0.0,0.0,0.0,0.0,0.0,0.0,0.0,0.0,0.0,0.0,0.0,0.0,0.0,0.0,0.0,-0.0
locomo_7,locomo_7_qa112,4,681,4,1,one,1,1,0.0,0.0,0.0,0.0,0.0,0.0,0.6,0.6,0.6,0.6,0.6,0.6,0.2,0.2,0.2,0.2,0.2,0.2,-60.0,60.0
locomo_7,locomo_7_qa113,4,681,4,1,one,1,1,1.0,1.0,1.0,1.0,1.0,1.0,0.0,0.0,0.0,0.0,0.0,0.0,0.0,0.0,0.0,0.0,0.0,0.0,100.0,-100.0
locomo_7,locomo_7_qa114,4,681,4,1,one,1,1,0.0,0.0,0.0,0.0,0.0,0.0,0.0,0.0,0.0,0.0,0.0,0.0,0.0,0.0,0.0,0.0,0.0,0.0,0.0,-0.0
locomo_7,locomo_7_qa115,4,681,4,1,one,1,1,1.0,1.0,1.0,1.0,1.0,1.0,1.0,1.0,1.0,1.0,1.0,1.0,0.9099999999999999,0.9099999999999999,0.9099999999999999,0.9099999999999999,0.9099999999999999,0.9099999999999999,0.0,-0.0
locomo_7,locomo_7_qa116,4,681,4,1,one,1,1,1.0,1.0,1.0,1.0,1.0,1.0,0.8,0.8,0.8,0.8,0.8,0.8,0.6,0.6,0.6,0.6,0.6,0.6,19.999999999999996,-19.999999999999996
locomo_7,locomo_7_qa117,4,681,4,1,one,1,1,0.0,0.0,0.0,0.0,0.0,0.0,0.0,0.0,0.0,0.0,0.0,0.0,0.0,0.0,0.0,0.0,0.0,0.0,0.0,-0.0
locomo_7,locomo_7_qa118,4,681,4,1,one,1,1,1.0,1.0,1.0,1.0,1.0,1.0,0.2,0.2,0.2,0.2,0.2,0.2,0.0,0.0,0.0,0.0,0.0,0.0,80.0,-80.0
locomo_7,locomo_7_qa119,4,681,4,1,one,1,1,0.0,0.0,0.0,0.0,0.0,0.0,0.0,0.0,0.0,0.0,0.0,0.0,0.0,0.0,0.0,0.0,0.0,0.0,0.0,-0.0
locomo_7,locomo_7_qa12,2,681,4,1,one,1,1,0.0,0.0,0.0,0.0,0.0,0.0,0.0,0.0,0.0,0.0,0.0,0.0,0.0,0.0,0.0,0.0,0.0,0.0,0.0,-0.0
locomo_7,locomo_7_qa120,4,681,4,1,one,1,1,0.0,0.0,0.0,0.0,0.0,0.0,0.0,0.0,0.0,0.0,0.0,0.0,0.0,0.0,0.0,0.0,0.0,0.0,0.0,-0.0
locomo_7,locomo_7_qa121,4,681,4,1,one,1,1,0.0,0.0,0.0,0.0,0.0,0.0,0.0,0.0,0.0,0.0,0.0,0.0,0.0,0.0,0.0,0.0,0.0,0.0,0.0,-0.0
locomo_7,locomo_7_qa122,4,681,4,1,one,1,1,1.0,1.0,1.0,1.0,1.0,1.0,0.0,0.0,0.0,0.0,0.0,0.0,0.0,0.0,0.0,0.0,0.0,0.0,100.0,-100.0
locomo_7,locomo_7_qa123,4,681,4,1,one,1,1,0.0,0.0,0.0,0.0,0.0,0.0,0.0,0.0,0.0,0.0,0.0,0.0,0.0,0.0,0.0,0.0,0.0,0.0,0.0,-0.0
locomo_7,locomo_7_qa124,4,681,4,1,one,1,1,0.0,0.0,0.0,0.0,0.0,0.0,0.0,0.0,0.0,0.0,0.0,0.0,0.0,0.0,0.0,0.0,0.0,0.0,0.0,-0.0
locomo_7,locomo_7_qa125,4,681,4,1,one,1,1,0.0,0.0,0.0,0.0,0.0,0.0,0.2,0.2,0.2,0.2,0.2,0.2,0.0,0.0,0.0,0.0,0.0,0.0,-20.0,20.0
locomo_7,locomo_7_qa126,4,681,4,1,one,1,1,0.0,0.0,0.0,0.0,0.0,0.0,0.0,0.0,0.0,0.0,0.0,0.0,0.0,0.0,0.0,0.0,0.0,0.0,0.0,-0.0
locomo_7,locomo_7_qa127,4,681,4,1,one,1,1,1.0,1.0,1.0,1.0,1.0,1.0,0.2,0.2,0.2,0.2,0.2,0.2,0.0,0.0,0.0,0.0,0.0,0.0,80.0,-80.0
locomo_7,locomo_7_qa128,4,681,4,1,one,1,1,1.0,1.0,1.0,1.0,1.0,1.0,0.8,0.8,0.8,0.8,0.8,0.8,0.32,0.32,0.32,0.32,0.32,0.32,19.999999999999996,-19.999999999999996
locomo_7,locomo_7_qa129,4,681,4,1,one,1,1,0.0,0.0,0.0,0.0,0.0,0.0,0.0,0.0,0.0,0.0,0.0,0.0,0.0,0.0,0.0,0.0,0.0,0.0,0.0,-0.0
locomo_7,locomo_7_qa13,1,681,4,4,multi,1,1,0.0,0.0,0.0,0.0,0.0,0.0,0.0,0.0,0.0,0.0,0.0,0.0,0.0,0.0,0.0,0.0,0.0,0.0,0.0,-0.0
locomo_7,locomo_7_qa130,4,681,4,1,one,1,1,0.0,0.0,0.0,0.0,0.0,0.0,0.0,0.0,0.0,0.0,0.0,0.0,0.0,0.0,0.0,0.0,0.0,0.0,0.0,-0.0
locomo_7,locomo_7_qa131,4,681,4,1,one,1,1,1.0,1.0,1.0,1.0,1.0,1.0,0.4,0.4,0.4,0.4,0.4,0.4,0.67,0.67,0.67,0.67,0.67,0.67,60.0,-60.0
locomo_7,locomo_7_qa132,4,681,4,1,one,1,1,0.65,0.65,0.65,0.65,0.65,0.65,0.31,0.31,0.31,0.31,0.31,0.31,0.6,0.6,0.6,0.6,0.6,0.6,34.0,-34.0
locomo_7,locomo_7_qa133,4,681,4,1,one,1,1,0.0,0.0,0.0,0.0,0.0,0.0,0.0,0.0,0.0,0.0,0.0,0.0,0.0,0.0,0.0,0.0,0.0,0.0,0.0,-0.0
locomo_7,locomo_7_qa134,4,681,4,1,one,1,1,0.0,0.0,0.0,0.0,0.0,0.0,0.0,0.0,0.0,0.0,0.0,0.0,0.0,0.0,0.0,0.0,0.0,0.0,0.0,-0.0
locomo_7,locomo_7_qa135,4,681,4,1,one,1,1,0.0,0.0,0.0,0.0,0.0,0.0,0.2,0.2,0.2,0.2,0.2,0.2,0.0,0.0,0.0,0.0,0.0,0.0,-20.0,20.0
locomo_7,locomo_7_qa136,4,681,4,1,one,1,1,1.0,1.0,1.0,1.0,1.0,1.0,0.6,0.6,0.6,0.6,0.6,0.6,0.42000000000000004,0.42000000000000004,0.42000000000000004,0.42000000000000004,0.42000000000000004,0.42000000000000004,40.0,-40.0
locomo_7,locomo_7_qa137,4,681,4,1,one,1,1,0.0,0.0,0.0,0.0,0.0,0.0,0.0,0.0,0.0,0.0,0.0,0.0,0.0,0.0,0.0,0.0,0.0,0.0,0.0,-0.0
locomo_7,locomo_7_qa138,4,681,4,1,one,1,1,0.0,0.0,0.0,0.0,0.0,0.0,0.0,0.0,0.0,0.0,0.0,0.0,0.0,0.0,0.0,0.0,0.0,0.0,0.0,-0.0
locomo_7,locomo_7_qa139,4,681,4,1,one,1,1,0.0,0.0,0.0,0.0,0.0,0.0,0.0,0.0,0.0,0.0,0.0,0.0,0.0,0.0,0.0,0.0,0.0,0.0,0.0,-0.0
locomo_7,locomo_7_qa14,1,681,4,4,multi,1,1,0.0,0.0,0.0,0.0,0.0,0.0,0.0,0.0,0.0,0.0,0.0,0.0,0.0,0.0,0.0,0.0,0.0,0.0,0.0,-0.0
locomo_7,locomo_7_qa140,4,681,4,1,one,1,1,0.0,0.0,0.0,0.0,0.0,0.0,0.0,0.0,0.0,0.0,0.0,0.0,0.0,0.0,0.0,0.0,0.0,0.0,0.0,-0.0
locomo_7,locomo_7_qa141,4,681,4,1,one,1,1,0.0,0.0,0.0,0.0,0.0,0.0,0.0,0.0,0.0,0.0,0.0,0.0,0.0,0.0,0.0,0.0,0.0,0.0,0.0,-0.0
locomo_7,locomo_7_qa142,4,681,4,1,one,1,1,0.0,0.0,0.0,0.0,0.0,0.0,0.0,0.0,0.0,0.0,0.0,0.0,0.0,0.0,0.0,0.0,0.0,0.0,0.0,-0.0
locomo_7,locomo_7_qa143,4,681,4,1,one,1,1,0.0,0.0,0.0,0.0,0.0,0.0,0.0,0.0,0.0,0.0,0.0,0.0,0.0,0.0,0.0,0.0,0.0,0.0,0.0,-0.0
locomo_7,locomo_7_qa144,4,681,4,1,one,1,1,0.0,0.0,0.0,0.0,0.0,0.0,0.0,0.0,0.0,0.0,0.0,0.0,0.0,0.0,0.0,0.0,0.0,0.0,0.0,-0.0
locomo_7,locomo_7_qa145,4,681,4,1,one,1,1,0.0,0.0,0.0,0.0,0.0,0.0,0.0,0.0,0.0,0.0,0.0,0.0,0.0,0.0,0.0,0.0,0.0,0.0,0.0,-0.0
locomo_7,locomo_7_qa146,4,681,4,1,one,1,1,0.0,0.0,0.0,0.0,0.0,0.0,0.0,0.0,0.0,0.0,0.0,0.0,0.0,0.0,0.0,0.0,0.0,0.0,0.0,-0.0
locomo_7,locomo_7_qa147,4,681,4,1,one,1,1,1.0,1.0,1.0,1.0,1.0,1.0,0.0,0.0,0.0,0.0,0.0,0.0,0.2,0.2,0.2,0.2,0.2,0.2,100.0,-100.0
locomo_7,locomo_7_qa148,4,681,4,1,one,1,1,0.75,0.75,0.75,0.75,0.75,0.75,0.0,0.0,0.0,0.0,0.0,0.0,0.0,0.0,0.0,0.0,0.0,0.0,75.0,-75.0
locomo_7,locomo_7_qa149,4,681,4,1,one,1,1,1.0,1.0,1.0,1.0,1.0,1.0,0.0,0.0,0.0,0.0,0.0,0.0,0.0,0.0,0.0,0.0,0.0,0.0,100.0,-100.0
locomo_7,locomo_7_qa15,4,681,4,3,multi,1,1,0.0,0.0,0.0,0.0,0.0,0.0,0.0,0.0,0.0,0.0,0.0,0.0,0.0,0.0,0.0,0.0,0.0,0.0,0.0,-0.0
locomo_7,locomo_7_qa150,4,681,4,1,one,1,1,1.0,1.0,1.0,1.0,1.0,1.0,0.9199999999999999,0.9199999999999999,0.9199999999999999,0.9199999999999999,0.9199999999999999,0.9199999999999999,0.9,0.9,0.9,0.9,0.9,0.9,8.000000000000007,-8.000000000000007
locomo_7,locomo_7_qa151,4,681,4,1,one,1,1,1.0,1.0,1.0,1.0,1.0,1.0,0.38,0.38,0.38,0.38,0.38,0.38,0.2,0.2,0.2,0.2,0.2,0.2,62.0,-62.0
locomo_7,locomo_7_qa152,4,681,4,1,one,1,1,1.0,1.0,1.0,0.0,0.0,0.0,0.2,0.2,0.2,0.2,0.2,0.2,0.0,0.0,0.0,0.42000000000000004,0.42000000000000004,0.42000000000000004,-20.0,20.0
locomo_7,locomo_7_qa153,4,681,4,1,one,1,1,0.0,0.0,0.0,0.0,0.0,0.0,0.0,0.0,0.0,0.0,0.0,0.0,0.55,0.55,0.55,0.55,0.55,0.55,0.0,-0.0
locomo_7,locomo_7_qa154,4,681,4,1,one,1,1,1.0,1.0,1.0,1.0,1.0,1.0,0.4,0.4,0.4,0.4,0.4,0.4,0.53,0.53,0.53,0.53,0.53,0.53,60.0,-60.0
locomo_7,locomo_7_qa155,4,681,4,3,multi,1,1,0.0,0.0,0.0,1.0,0.0,0.33333333333333326,0.0,0.0,0.0,1.0,0.0,0.33333333333333326,0.0,0.0,0.0,0.8,0.0,0.2666666666666666,0.0,-0.0
locomo_7,locomo_7_qa156,4,681,4,1,one,1,1,0.0,0.0,0.0,0.0,0.0,0.0,0.0,0.0,0.0,0.0,0.0,0.0,0.0,0.0,0.0,0.0,0.0,0.0,0.0,-0.0
locomo_7,locomo_7_qa157,4,681,4,1,one,1,1,0.3,0.3,0.3,0.3,0.3,0.3,0.0,0.0,0.0,0.0,0.0,0.0,0.0,0.0,0.0,0.0,0.0,0.0,30.0,-30.0
locomo_7,locomo_7_qa158,4,681,4,1,one,1,1,0.0,0.0,0.0,0.0,0.0,0.0,0.0,0.0,0.0,0.0,0.0,0.0,0.0,0.0,0.0,0.0,0.0,0.0,0.0,-0.0
locomo_7,locomo_7_qa159,4,681,4,1,one,1,1,1.0,1.0,1.0,1.0,1.0,1.0,0.0,0.0,0.0,0.0,0.0,0.0,0.0,0.0,0.0,0.0,0.0,0.0,100.0,-100.0
locomo_7,locomo_7_qa16,4,681,4,2,multi,1,1,1.0,1.0,1.0,1.0,1.0,1.0,0.0,0.0,0.0,0.0,0.0,0.0,0.0,0.0,0.0,0.0,0.0,0.0,100.0,-100.0
locomo_7,locomo_7_qa160,4,681,4,1,one,1,1,0.0,0.0,0.0,0.0,0.0,0.0,0.0,0.0,0.0,0.0,0.0,0.0,0.0,0.0,0.0,0.0,0.0,0.0,0.0,-0.0
locomo_7,locomo_7_qa161,4,681,4,1,one,1,1,1.0,1.0,1.0,1.0,1.0,1.0,0.0,0.0,0.0,0.0,0.0,0.0,0.0,0.0,0.0,0.0,0.0,0.0,100.0,-100.0
locomo_7,locomo_7_qa162,4,681,4,1,one,1,1,1.0,1.0,1.0,1.0,1.0,1.0,0.2,0.2,0.2,0.2,0.2,0.2,0.32999999999999996,0.32999999999999996,0.32999999999999996,0.32999999999999996,0.32999999999999996,0.32999999999999996,80.0,-80.0
locomo_7,locomo_7_qa163,4,681,4,1,one,1,1,0.0,0.0,0.0,0.0,0.0,0.0,0.0,0.0,0.0,0.0,0.0,0.0,0.0,0.0,0.0,0.0,0.0,0.0,0.0,-0.0
locomo_7,locomo_7_qa164,4,681,4,1,one,1,1,1.0,1.0,1.0,1.0,1.0,1.0,0.6,0.6,0.6,0.6,0.6,0.6,0.9099999999999999,0.9099999999999999,0.9099999999999999,0.9099999999999999,0.9099999999999999,0.9099999999999999,40.0,-40.0
locomo_7,locomo_7_qa165,4,681,4,1,one,1,1,1.0,1.0,1.0,1.0,1.0,1.0,0.0,0.0,0.0,0.0,0.0,0.0,0.0,0.0,0.0,0.0,0.0,0.0,100.0,-100.0
locomo_7,locomo_7_qa166,4,681,4,1,one,1,1,1.0,1.0,1.0,1.0,1.0,1.0,0.0,0.0,0.0,0.0,0.0,0.0,0.0,0.0,0.0,0.0,0.0,0.0,100.0,-100.0
locomo_7,locomo_7_qa167,4,681,4,1,one,1,1,1.0,1.0,1.0,1.0,1.0,1.0,1.0,1.0,1.0,1.0,1.0,1.0,1.0,1.0,1.0,1.0,1.0,1.0,0.0,-0.0
locomo_7,locomo_7_qa168,4,681,4,1,one,1,1,0.0,0.0,0.0,0.0,0.0,0.0,0.0,0.0,0.0,0.0,0.0,0.0,0.0,0.0,0.0,0.0,0.0,0.0,0.0,-0.0
locomo_7,locomo_7_qa169,4,681,4,1,one,1,1,0.0,0.0,0.0,0.0,0.0,0.0,0.0,0.0,0.0,0.0,0.0,0.0,0.0,0.0,0.0,0.0,0.0,0.0,0.0,-0.0
locomo_7,locomo_7_qa17,2,681,4,1,one,1,1,0.0,0.0,0.0,0.0,0.0,0.0,0.0,0.0,0.0,0.0,0.0,0.0,0.0,0.0,0.0,0.0,0.0,0.0,0.0,-0.0
locomo_7,locomo_7_qa170,4,681,4,1,one,1,1,0.0,0.0,0.0,0.0,0.0,0.0,0.0,0.0,0.0,0.0,0.0,0.0,0.0,0.0,0.0,0.0,0.0,0.0,0.0,-0.0
locomo_7,locomo_7_qa171,4,681,4,1,one,1,1,1.0,1.0,1.0,1.0,1.0,1.0,0.9199999999999999,0.9199999999999999,0.9199999999999999,0.9199999999999999,0.9199999999999999,0.9199999999999999,0.89,0.89,0.89,0.89,0.89,0.89,8.000000000000007,-8.000000000000007
locomo_7,locomo_7_qa172,4,681,4,1,one,1,1,0.0,0.0,0.0,0.0,0.0,0.0,0.0,0.0,0.0,0.0,0.0,0.0,0.0,0.0,0.0,0.0,0.0,0.0,0.0,-0.0
locomo_7,locomo_7_qa173,4,681,4,1,one,1,1,0.0,0.0,0.0,0.0,0.0,0.0,0.0,0.0,0.0,0.0,0.0,0.0,0.0,0.0,0.0,0.0,0.0,0.0,0.0,-0.0
locomo_7,locomo_7_qa174,4,681,4,2,multi,1,1,0.0,0.0,0.0,0.0,0.0,0.0,0.0,0.0,0.0,0.0,0.0,0.0,0.0,0.0,0.0,0.0,0.0,0.0,0.0,-0.0
locomo_7,locomo_7_qa175,4,681,4,1,one,1,1,0.0,0.0,0.0,0.0,0.0,0.0,0.0,0.0,0.0,0.0,0.0,0.0,0.0,0.0,0.0,0.0,0.0,0.0,0.0,-0.0
locomo_7,locomo_7_qa176,4,681,4,1,one,1,1,0.0,0.0,0.0,0.0,0.0,0.0,0.0,0.0,0.0,0.0,0.0,0.0,0.0,0.0,0.0,0.0,0.0,0.0,0.0,-0.0
locomo_7,locomo_7_qa177,4,681,4,1,one,1,1,0.0,0.0,0.0,0.0,0.0,0.0,0.0,0.0,0.0,0.0,0.0,0.0,0.0,0.0,0.0,0.0,0.0,0.0,0.0,-0.0
locomo_7,locomo_7_qa178,4,681,4,1,one,1,1,0.0,0.0,0.0,0.0,0.0,0.0,0.0,0.0,0.0,0.0,0.0,0.0,0.0,0.0,0.0,0.0,0.0,0.0,0.0,-0.0
locomo_7,locomo_7_qa179,4,681,4,1,one,1,1,0.0,0.0,0.0,0.0,0.0,0.0,0.0,0.0,0.0,0.0,0.0,0.0,0.0,0.0,0.0,0.0,0.0,0.0,0.0,-0.0
locomo_7,locomo_7_qa18,3,681,4,1,one,1,1,0.0,0.0,0.0,0.0,0.0,0.0,0.0,0.0,0.0,0.0,0.0,0.0,0.0,0.0,0.0,0.0,0.0,0.0,0.0,-0.0
locomo_7,locomo_7_qa180,4,681,4,1,one,1,1,0.0,0.0,0.0,0.0,0.0,0.0,0.0,0.0,0.0,0.0,0.0,0.0,0.0,0.0,0.0,0.0,0.0,0.0,0.0,-0.0
locomo_7,locomo_7_qa181,4,681,4,1,one,1,1,0.0,0.0,0.0,0.0,0.0,0.0,0.0,0.0,0.0,0.0,0.0,0.0,0.0,0.0,0.0,0.0,0.0,0.0,0.0,-0.0
locomo_7,locomo_7_qa182,4,681,4,1,one,1,1,0.0,0.0,0.0,0.0,0.0,0.0,0.0,0.0,0.0,0.0,0.0,0.0,0.0,0.0,0.0,0.0,0.0,0.0,0.0,-0.0
locomo_7,locomo_7_qa183,4,681,4,1,one,1,1,0.0,0.0,0.0,0.0,0.0,0.0,0.0,0.0,0.0,0.0,0.0,0.0,0.0,0.0,0.0,0.0,0.0,0.0,0.0,-0.0
locomo_7,locomo_7_qa184,4,681,4,1,one,1,1,0.0,0.0,0.0,0.0,0.0,0.0,0.0,0.0,0.0,0.0,0.0,0.0,0.0,0.0,0.0,0.0,0.0,0.0,0.0,-0.0
locomo_7,locomo_7_qa185,4,681,4,1,one,1,1,0.0,0.0,0.0,0.0,0.0,0.0,0.0,0.0,0.0,0.0,0.0,0.0,0.0,0.0,0.0,0.0,0.0,0.0,0.0,-0.0
locomo_7,locomo_7_qa186,4,681,4,1,one,1,1,0.0,0.0,0.0,0.0,0.0,0.0,0.0,0.0,0.0,0.0,0.0,0.0,0.0,0.0,0.0,0.0,0.0,0.0,0.0,-0.0
locomo_7,locomo_7_qa187,4,681,4,1,one,1,1,1.0,1.0,1.0,1.0,1.0,1.0,0.0,0.0,0.0,0.0,0.0,0.0,0.0,0.0,0.0,0.0,0.0,0.0,100.0,-100.0
locomo_7,locomo_7_qa188,4,681,4,1,one,1,1,0.0,0.0,0.0,0.0,0.0,0.0,0.0,0.0,0.0,0.0,0.0,0.0,0.0,0.0,0.0,0.0,0.0,0.0,0.0,-0.0
locomo_7,locomo_7_qa189,4,681,4,1,one,1,1,0.0,0.0,0.0,0.0,0.0,0.0,0.0,0.0,0.0,0.0,0.0,0.0,0.0,0.0,0.0,0.0,0.0,0.0,0.0,-0.0
locomo_7,locomo_7_qa19,1,681,4,2,multi,1,1,0.0,0.0,0.0,0.0,0.0,0.0,0.0,0.0,0.0,0.0,0.0,0.0,0.0,0.0,0.0,0.0,0.0,0.0,0.0,-0.0
locomo_7,locomo_7_qa190,4,681,4,1,one,1,1,0.25,0.25,0.25,0.25,0.25,0.25,0.0,0.0,0.0,0.0,0.0,0.0,0.0,0.0,0.0,0.0,0.0,0.0,25.0,-25.0
locomo_7,locomo_7_qa2,2,681,4,1,one,1,1,0.0,0.0,0.0,0.0,0.0,0.0,0.0,0.0,0.0,0.0,0.0,0.0,0.0,0.0,0.0,0.0,0.0,0.0,0.0,-0.0
locomo_7,locomo_7_qa20,1,681,4,5,multi,1,1,0.0,0.0,0.0,0.0,0.0,0.0,0.31,0.0,0.06200000000000001,0.31,0.0,0.06200000000000001,0.4,0.0,0.08000000000000002,0.4,0.0,0.08000000000000002,-6.200000000000001,6.200000000000001
locomo_7,locomo_7_qa21,2,681,4,1,one,1,1,1.0,1.0,1.0,1.0,1.0,1.0,0.8800000000000001,0.8800000000000001,0.8800000000000001,0.8800000000000001,0.8800000000000001,0.8800000000000001,0.8800000000000001,0.8800000000000001,0.8800000000000001,0.8800000000000001,0.8800000000000001,0.8800000000000001,11.99999999999999,-11.99999999999999
locomo_7,locomo_7_qa22,2,681,4,1,one,1,1,0.0,0.0,0.0,0.0,0.0,0.0,0.0,0.0,0.0,0.0,0.0,0.0,0.0,0.0,0.0,0.0,0.0,0.0,0.0,-0.0
locomo_7,locomo_7_qa23,3,681,4,2,multi,1,1,0.0,0.0,0.0,0.0,0.0,0.0,0.0,0.0,0.0,0.0,0.0,0.0,0.0,0.0,0.0,0.0,0.0,0.0,0.0,-0.0
locomo_7,locomo_7_qa24,1,681,4,3,multi,1,1,1.0,0.0,0.33333333333333326,1.0,0.0,0.33333333333333326,0.4,0.0,0.1333333333333333,0.4,0.0,0.1333333333333333,0.11000000000000001,0.0,0.03666666666666667,0.11000000000000001,0.0,0.03666666666666667,19.999999999999996,-19.999999999999996
locomo_7,locomo_7_qa25,4,681,4,2,multi,1,1,0.0,0.0,0.0,0.0,0.0,0.0,0.0,0.0,0.0,0.0,0.0,0.0,0.0,0.0,0.0,0.0,0.0,0.0,0.0,-0.0
locomo_7,locomo_7_qa26,2,681,4,1,one,1,1,0.0,0.0,0.0,0.0,0.0,0.0,0.0,0.0,0.0,0.0,0.0,0.0,0.0,0.0,0.0,0.0,0.0,0.0,0.0,-0.0
locomo_7,locomo_7_qa27,2,681,4,1,one,1,1,1.0,1.0,1.0,1.0,1.0,1.0,0.0,0.0,0.0,0.0,0.0,0.0,0.0,0.0,0.0,0.0,0.0,0.0,100.0,-100.0
locomo_7,locomo_7_qa28,3,681,4,1,one,1,1,0.0,0.0,0.0,0.0,0.0,0.0,0.0,0.0,0.0,0.0,0.0,0.0,0.0,0.0,0.0,0.0,0.0,0.0,0.0,-0.0
locomo_7,locomo_7_qa29,2,681,4,1,one,1,1,1.0,1.0,1.0,1.0,1.0,1.0,0.0,0.0,0.0,0.0,0.0,0.0,0.0,0.0,0.0,0.0,0.0,0.0,100.0,-100.0
locomo_7,locomo_7_qa3,2,681,4,1,one,1,1,0.0,0.0,0.0,0.0,0.0,0.0,0.0,0.0,0.0,0.0,0.0,0.0,0.0,0.0,0.0,0.0,0.0,0.0,0.0,-0.0
locomo_7,locomo_7_qa30,2,681,4,1,one,1,1,0.5,0.5,0.5,0.5,0.5,0.5,0.0,0.0,0.0,0.0,0.0,0.0,0.0,0.0,0.0,0.0,0.0,0.0,50.0,-50.0
locomo_7,locomo_7_qa31,2,681,4,1,one,1,1,1.0,1.0,1.0,1.0,1.0,1.0,0.0,0.0,0.0,0.0,0.0,0.0,0.0,0.0,0.0,0.0,0.0,0.0,100.0,-100.0
locomo_7,locomo_7_qa32,2,681,4,1,one,1,1,0.0,0.0,0.0,0.0,0.0,0.0,0.0,0.0,0.0,0.0,0.0,0.0,0.0,0.0,0.0,0.0,0.0,0.0,0.0,-0.0
locomo_7,locomo_7_qa33,4,681,4,1,one,1,1,0.0,0.0,0.0,0.0,0.0,0.0,0.0,0.0,0.0,0.0,0.0,0.0,0.0,0.0,0.0,0.0,0.0,0.0,0.0,-0.0
locomo_7,locomo_7_qa34,2,681,4,1,one,1,1,0.0,0.0,0.0,0.0,0.0,0.0,0.0,0.0,0.0,0.0,0.0,0.0,0.0,0.0,0.0,0.0,0.0,0.0,0.0,-0.0
locomo_7,locomo_7_qa35,2,681,4,1,one,1,1,1.0,1.0,1.0,1.0,1.0,1.0,0.0,0.0,0.0,0.0,0.0,0.0,0.0,0.0,0.0,0.0,0.0,0.0,100.0,-100.0
locomo_7,locomo_7_qa36,3,681,4,10,multi,1,1,0.0,0.0,0.0,0.0,0.0,0.0,0.0,0.0,0.0,0.0,0.0,0.0,0.0,0.0,0.0,0.0,0.0,0.0,0.0,-0.0
locomo_7,locomo_7_qa37,2,681,4,1,one,1,1,1.0,1.0,1.0,1.0,1.0,1.0,0.2,0.2,0.2,0.2,0.2,0.2,0.0,0.0,0.0,0.0,0.0,0.0,80.0,-80.0
locomo_7,locomo_7_qa38,2,681,4,1,one,1,1,0.0,0.0,0.0,0.0,0.0,0.0,0.0,0.0,0.0,0.0,0.0,0.0,0.0,0.0,0.0,0.0,0.0,0.0,0.0,-0.0
locomo_7,locomo_7_qa39,1,681,4,5,multi,1,1,1.0,0.0,0.20000000000000004,1.0,0.0,0.20000000000000004,0.8,0.0,0.16000000000000003,0.8,0.0,0.16000000000000003,1.0,0.0,0.20000000000000004,1.0,0.0,0.20000000000000004,4.000000000000001,-4.000000000000001
locomo_7,locomo_7_qa4,2,681,4,1,one,1,1,0.0,0.0,0.0,0.0,0.0,0.0,0.0,0.0,0.0,0.0,0.0,0.0,0.0,0.0,0.0,0.0,0.0,0.0,0.0,-0.0
locomo_7,locomo_7_qa40,3,681,4,1,one,1,1,0.0,0.0,0.0,0.0,0.0,0.0,0.4,0.4,0.4,0.4,0.4,0.4,0.0,0.0,0.0,0.0,0.0,0.0,-40.0,40.0
locomo_7,locomo_7_qa41,1,681,4,4,multi,1,1,1.0,0.0,0.25,1.0,0.0,0.25,0.0,0.0,0.0,0.0,0.0,0.0,0.0,0.0,0.0,0.0,0.0,0.0,25.0,-25.0
locomo_7,locomo_7_qa42,4,681,4,2,multi,1,1,0.0,0.0,0.0,0.0,0.0,0.0,0.0,0.0,0.0,0.0,0.0,0.0,0.0,0.0,0.0,0.0,0.0,0.0,0.0,-0.0
locomo_7,locomo_7_qa43,2,681,4,1,one,1,1,0.0,0.0,0.0,0.0,0.0,0.0,0.0,0.0,0.0,0.0,0.0,0.0,0.0,0.0,0.0,0.0,0.0,0.0,0.0,-0.0
locomo_7,locomo_7_qa44,2,681,4,1,one,1,1,0.0,0.0,0.0,0.0,0.0,0.0,0.0,0.0,0.0,0.0,0.0,0.0,0.0,0.0,0.0,0.0,0.0,0.0,0.0,-0.0
locomo_7,locomo_7_qa45,2,681,4,1,one,1,1,0.0,0.0,0.0,0.0,0.0,0.0,0.0,0.0,0.0,0.0,0.0,0.0,0.0,0.0,0.0,0.0,0.0,0.0,0.0,-0.0
locomo_7,locomo_7_qa46,2,681,4,3,multi,1,1,1.0,0.0,0.33333333333333326,1.0,0.0,0.33333333333333326,0.0,0.0,0.0,0.0,0.0,0.0,0.0,0.0,0.0,0.0,0.0,0.0,33.33333333333333,-33.33333333333333
locomo_7,locomo_7_qa47,2,681,4,1,one,1,1,0.0,0.0,0.0,0.0,0.0,0.0,0.0,0.0,0.0,0.0,0.0,0.0,0.0,0.0,0.0,0.0,0.0,0.0,0.0,-0.0
locomo_7,locomo_7_qa48,3,681,4,1,one,1,1,0.0,0.0,0.0,0.0,0.0,0.0,0.0,0.0,0.0,0.0,0.0,0.0,0.0,0.0,0.0,0.0,0.0,0.0,0.0,-0.0
locomo_7,locomo_7_qa49,4,681,4,1,one,1,1,0.0,0.0,0.0,0.0,0.0,0.0,0.0,0.0,0.0,0.0,0.0,0.0,0.0,0.0,0.0,0.0,0.0,0.0,0.0,-0.0
locomo_7,locomo_7_qa5,3,681,4,1,one,1,1,0.0,0.0,0.0,0.0,0.0,0.0,0.0,0.0,0.0,0.0,0.0,0.0,0.0,0.0,0.0,0.0,0.0,0.0,0.0,-0.0
locomo_7,locomo_7_qa50,2,681,4,1,one,1,1,0.0,0.0,0.0,0.0,0.0,0.0,0.0,0.0,0.0,0.0,0.0,0.0,0.0,0.0,0.0,0.0,0.0,0.0,0.0,-0.0
locomo_7,locomo_7_qa51,2,681,4,1,one,1,1,1.0,1.0,1.0,1.0,1.0,1.0,0.0,0.0,0.0,0.0,0.0,0.0,0.0,0.0,0.0,0.0,0.0,0.0,100.0,-100.0
locomo_7,locomo_7_qa52,2,681,4,1,one,1,1,0.0,0.0,0.0,0.0,0.0,0.0,0.0,0.0,0.0,0.0,0.0,0.0,0.0,0.0,0.0,0.0,0.0,0.0,0.0,-0.0
locomo_7,locomo_7_qa53,2,681,4,2,multi,1,1,0.0,0.0,0.0,0.0,0.0,0.0,0.0,0.0,0.0,0.0,0.0,0.0,0.0,0.0,0.0,0.0,0.0,0.0,0.0,-0.0
locomo_7,locomo_7_qa54,2,681,4,3,multi,1,1,0.2,0.0,0.06666666666666667,0.2,0.0,0.06666666666666667,0.0,0.0,0.0,0.0,0.0,0.0,0.0,0.0,0.0,0.0,0.0,0.0,6.666666666666667,-6.666666666666667
locomo_7,locomo_7_qa55,2,681,4,3,multi,1,1,0.0,0.0,0.0,0.0,0.0,0.0,0.0,0.0,0.0,0.0,0.0,0.0,0.0,0.0,0.0,0.0,0.0,0.0,0.0,-0.0
locomo_7,locomo_7_qa56,2,681,4,1,one,1,1,0.0,0.0,0.0,0.0,0.0,0.0,0.0,0.0,0.0,0.0,0.0,0.0,0.0,0.0,0.0,0.0,0.0,0.0,0.0,-0.0
locomo_7,locomo_7_qa57,2,681,4,1,one,1,1,0.0,0.0,0.0,0.0,0.0,0.0,0.0,0.0,0.0,0.0,0.0,0.0,0.0,0.0,0.0,0.0,0.0,0.0,0.0,-0.0
locomo_7,locomo_7_qa58,4,681,4,2,multi,1,1,0.0,0.0,0.0,0.0,0.0,0.0,0.2,0.0,0.1,0.2,0.0,0.1,0.16,0.0,0.08,0.16,0.0,0.08,-10.0,10.0
locomo_7,locomo_7_qa59,4,681,4,2,multi,1,1,0.0,0.0,0.0,0.0,0.0,0.0,0.0,0.0,0.0,0.0,0.0,0.0,0.0,0.0,0.0,0.0,0.0,0.0,0.0,-0.0
locomo_7,locomo_7_qa6,1,681,4,2,multi,1,1,0.0,0.0,0.0,0.0,0.0,0.0,0.0,0.0,0.0,0.0,0.0,0.0,0.0,0.0,0.0,0.0,0.0,0.0,0.0,-0.0
locomo_7,locomo_7_qa60,2,681,4,1,one,1,1,1.0,1.0,1.0,1.0,1.0,1.0,0.0,0.0,0.0,0.0,0.0,0.0,0.0,0.0,0.0,0.0,0.0,0.0,100.0,-100.0
locomo_7,locomo_7_qa61,4,681,4,2,multi,1,1,0.0,0.0,0.0,0.0,0.0,0.0,0.0,0.0,0.0,0.0,0.0,0.0,0.0,0.0,0.0,0.0,0.0,0.0,0.0,-0.0
locomo_7,locomo_7_qa62,4,681,4,2,multi,1,1,0.0,0.0,0.0,0.0,0.0,0.0,0.0,0.0,0.0,0.0,0.0,0.0,0.0,0.0,0.0,0.0,0.0,0.0,0.0,-0.0
locomo_7,locomo_7_qa63,4,681,4,2,multi,1,1,1.0,1.0,1.0,1.0,1.0,1.0,0.9199999999999999,0.0,0.45999999999999996,0.9199999999999999,0.0,0.45999999999999996,0.5,0.0,0.25,0.5,0.0,0.25,54.0,-54.0
locomo_7,locomo_7_qa64,4,681,4,2,multi,1,1,0.0,0.0,0.0,0.0,0.0,0.0,0.0,0.0,0.0,0.0,0.0,0.0,0.0,0.0,0.0,0.0,0.0,0.0,0.0,-0.0
locomo_7,locomo_7_qa65,2,681,4,1,one,1,1,0.0,0.0,0.0,0.0,0.0,0.0,0.0,0.0,0.0,0.0,0.0,0.0,0.0,0.0,0.0,0.0,0.0,0.0,0.0,-0.0
locomo_7,locomo_7_qa66,2,681,4,1,one,1,1,0.0,0.0,0.0,0.0,0.0,0.0,0.0,0.0,0.0,0.0,0.0,0.0,0.0,0.0,0.0,0.0,0.0,0.0,0.0,-0.0
locomo_7,locomo_7_qa67,4,681,4,4,multi,1,1,1.0,0.0,0.25,1.0,0.0,0.25,0.4,0.0,0.1,0.4,0.0,0.1,0.4,0.0,0.1,0.4,0.0,0.1,15.0,-15.0
locomo_7,locomo_7_qa68,2,681,4,1,one,1,1,0.0,0.0,0.0,0.0,0.0,0.0,0.0,0.0,0.0,0.0,0.0,0.0,0.0,0.0,0.0,0.0,0.0,0.0,0.0,-0.0
locomo_7,locomo_7_qa69,4,681,4,3,multi,1,1,1.0,0.0,0.33333333333333326,1.0,0.0,0.33333333333333326,0.0,0.0,0.0,0.0,0.0,0.0,0.0,0.0,0.0,0.0,0.0,0.0,33.33333333333333,-33.33333333333333
locomo_7,locomo_7_qa7,2,681,4,1,one,1,1,0.0,0.0,0.0,0.0,0.0,0.0,0.0,0.0,0.0,0.0,0.0,0.0,0.0,0.0,0.0,0.0,0.0,0.0,0.0,-0.0
locomo_7,locomo_7_qa70,3,681,4,1,one,1,1,1.0,1.0,1.0,1.0,1.0,1.0,0.0,0.0,0.0,0.0,0.0,0.0,0.0,0.0,0.0,0.0,0.0,0.0,100.0,-100.0
locomo_7,locomo_7_qa71,2,681,4,1,one,1,1,0.0,0.0,0.0,0.0,0.0,0.0,0.0,0.0,0.0,0.0,0.0,0.0,0.0,0.0,0.0,0.0,0.0,0.0,0.0,-0.0
locomo_7,locomo_7_qa72,4,681,4,1,one,1,1,0.0,0.0,0.0,0.0,0.0,0.0,0.0,0.0,0.0,0.0,0.0,0.0,0.0,0.0,0.0,0.0,0.0,0.0,0.0,-0.0
locomo_7,locomo_7_qa73,1,681,4,2,multi,1,1,0.0,0.0,0.0,0.0,0.0,0.0,0.0,0.0,0.0,0.0,0.0,0.0,0.0,0.0,0.0,0.0,0.0,0.0,0.0,-0.0
locomo_7,locomo_7_qa74,4,681,4,2,multi,1,1,1.0,0.0,0.5,1.0,0.0,0.5,0.06999999999999999,0.0,0.034999999999999996,0.06999999999999999,0.0,0.034999999999999996,0.29,0.0,0.145,0.29,0.0,0.145,46.5,-46.5
locomo_7,locomo_7_qa75,3,681,4,1,one,1,1,0.55,0.55,0.55,0.55,0.55,0.55,0.0,0.0,0.0,0.0,0.0,0.0,0.0,0.0,0.0,0.0,0.0,0.0,55.00000000000001,-55.00000000000001
locomo_7,locomo_7_qa76,2,681,4,1,one,1,1,0.0,0.0,0.0,0.0,0.0,0.0,0.0,0.0,0.0,0.0,0.0,0.0,0.0,0.0,0.0,0.0,0.0,0.0,0.0,-0.0
locomo_7,locomo_7_qa77,1,681,4,2,multi,1,1,0.0,0.0,0.0,0.0,0.0,0.0,0.0,0.0,0.0,0.0,0.0,0.0,0.0,0.0,0.0,0.0,0.0,0.0,0.0,-0.0
locomo_7,locomo_7_qa78,2,681,4,2,multi,1,1,0.0,0.0,0.0,0.0,0.0,0.0,0.0,0.0,0.0,0.0,0.0,0.0,0.0,0.0,0.0,0.0,0.0,0.0,0.0,-0.0
locomo_7,locomo_7_qa79,1,681,4,2,multi,1,1,0.0,0.0,0.0,0.0,0.0,0.0,0.0,0.0,0.0,0.0,0.0,0.0,0.0,0.0,0.0,0.0,0.0,0.0,0.0,-0.0
locomo_7,locomo_7_qa8,1,681,4,4,multi,1,1,1.0,0.0,0.5,1.0,0.0,0.5,1.0,0.0,0.29,1.0,0.0,0.29,0.8,0.0,0.25,0.8,0.0,0.25,21.000000000000004,-21.000000000000004
locomo_7,locomo_7_qa80,1,681,4,3,multi,1,1,0.0,0.0,0.0,0.0,0.0,0.0,0.0,0.0,0.0,0.0,0.0,0.0,0.0,0.0,0.0,0.0,0.0,0.0,0.0,-0.0
locomo_7,locomo_7_qa81,2,681,4,1,one,1,1,0.0,0.0,0.0,0.0,0.0,0.0,0.0,0.0,0.0,0.0,0.0,0.0,0.0,0.0,0.0,0.0,0.0,0.0,0.0,-0.0
locomo_7,locomo_7_qa82,1,681,4,5,multi,1,1,0.0,0.0,0.0,0.0,0.0,0.0,1.0,0.0,0.20000000000000004,1.0,0.0,0.20000000000000004,0.73,0.0,0.14600000000000005,0.73,0.0,0.14600000000000005,-20.000000000000004,20.000000000000004
locomo_7,locomo_7_qa83,1,681,4,2,multi,1,1,0.0,0.0,0.0,0.0,0.0,0.0,0.0,0.0,0.0,0.0,0.0,0.0,0.0,0.0,0.0,0.0,0.0,0.0,0.0,-0.0
locomo_7,locomo_7_qa84,1,681,4,5,multi,1,1,0.3,0.0,0.06,0.3,0.0,0.06,0.2,0.0,0.04000000000000001,0.2,0.0,0.04000000000000001,0.0,0.0,0.0,0.0,0.0,0.0,1.9999999999999991,-1.9999999999999991
locomo_7,locomo_7_qa85,1,681,4,3,multi,1,1,0.0,0.0,0.0,0.0,0.0,0.0,0.0,0.0,0.0,0.0,0.0,0.0,0.0,0.0,0.0,0.0,0.0,0.0,0.0,-0.0
locomo_7,locomo_7_qa86,1,681,4,5,multi,1,1,1.0,0.0,0.20000000000000004,1.0,0.0,0.20000000000000004,0.0,0.0,0.0,0.0,0.0,0.0,0.0,0.0,0.0,0.0,0.0,0.0,20.000000000000004,-20.000000000000004
locomo_7,locomo_7_qa87,1,681,4,2,multi,1,1,0.0,0.0,0.0,0.0,0.0,0.0,0.0,0.0,0.0,0.0,0.0,0.0,0.0,0.0,0.0,0.0,0.0,0.0,0.0,-0.0
locomo_7,locomo_7_qa88,1,681,4,5,multi,1,1,0.0,0.0,0.0,0.0,0.0,0.0,0.0,0.0,0.0,0.0,0.0,0.0,0.0,0.0,0.0,0.0,0.0,0.0,0.0,-0.0
locomo_7,locomo_7_qa89,4,681,4,2,multi,1,1,1.0,1.0,1.0,1.0,1.0,1.0,0.0,0.0,0.0,0.0,0.0,0.0,0.0,0.0,0.0,0.0,0.0,0.0,100.0,-100.0
locomo_7,locomo_7_qa9,2,681,4,1,one,1,1,0.0,0.0,0.0,0.0,0.0,0.0,0.0,0.0,0.0,0.0,0.0,0.0,0.0,0.0,0.0,0.0,0.0,0.0,0.0,-0.0
locomo_7,locomo_7_qa90,4,681,4,2,multi,1,1,0.0,0.0,0.0,0.0,0.0,0.0,0.0,0.0,0.0,0.0,0.0,0.0,0.0,0.0,0.0,0.0,0.0,0.0,0.0,-0.0
locomo_7,locomo_7_qa91,4,681,4,2,multi,1,1,0.0,0.0,0.0,0.0,0.0,0.0,0.0,0.0,0.0,0.0,0.0,0.0,0.0,0.0,0.0,0.0,0.0,0.0,0.0,-0.0
locomo_7,locomo_7_qa92,4,681,4,2,multi,1,1,0.0,0.0,0.0,0.0,0.0,0.0,0.2,0.0,0.1,0.2,0.0,0.1,0.16,0.0,0.08,0.16,0.0,0.08,-10.0,10.0
locomo_7,locomo_7_qa93,4,681,4,2,multi,1,1,0.0,0.0,0.0,0.0,0.0,0.0,0.0,0.0,0.0,0.0,0.0,0.0,0.0,0.0,0.0,0.0,0.0,0.0,0.0,-0.0
locomo_7,locomo_7_qa94,4,681,4,2,multi,1,1,0.0,0.0,0.0,0.0,0.0,0.0,0.0,0.0,0.0,0.0,0.0,0.0,0.0,0.0,0.0,0.0,0.0,0.0,0.0,-0.0
locomo_7,locomo_7_qa95,4,681,4,2,multi,1,1,1.0,1.0,1.0,1.0,1.0,1.0,0.9199999999999999,0.0,0.45999999999999996,0.9199999999999999,0.0,0.45999999999999996,0.5,0.0,0.25,0.5,0.0,0.25,54.0,-54.0
locomo_7,locomo_7_qa96,4,681,4,4,multi,1,1,1.0,0.0,0.25,1.0,0.0,0.25,0.4,0.0,0.1,0.4,0.0,0.1,0.4,0.0,0.1,0.4,0.0,0.1,15.0,-15.0
locomo_7,locomo_7_qa97,4,681,4,3,multi,1,1,1.0,0.0,0.33333333333333326,1.0,0.0,0.33333333333333326,0.0,0.0,0.0,0.0,0.0,0.0,0.0,0.0,0.0,0.0,0.0,0.0,33.33333333333333,-33.33333333333333
locomo_7,locomo_7_qa98,4,681,4,1,one,1,1,0.0,0.0,0.0,0.0,0.0,0.0,0.0,0.0,0.0,0.0,0.0,0.0,0.0,0.0,0.0,0.0,0.0,0.0,0.0,-0.0
locomo_7,locomo_7_qa99,4,681,4,2,multi,1,1,1.0,0.0,0.5,1.0,0.0,0.5,0.06999999999999999,0.0,0.034999999999999996,0.06999999999999999,0.0,0.034999999999999996,0.29,0.0,0.145,0.29,0.0,0.145,46.5,-46.5
locomo_8,locomo_8_qa0,1,509,1,5,multi,1,1,1.0,0.0,0.20000000000000004,1.0,0.0,0.20000000000000004,0.0,0.0,0.0,0.0,0.0,0.0,0.0,0.0,0.0,0.0,0.0,0.0,20.000000000000004,-20.000000000000004
locomo_8,locomo_8_qa1,1,509,1,5,multi,1,1,0.0,0.0,0.0,0.0,0.0,0.0,0.2,0.0,0.04000000000000001,0.2,0.0,0.04000000000000001,0.0,0.0,0.0,0.0,0.0,0.0,-4.000000000000001,4.000000000000001
locomo_8,locomo_8_qa10,3,509,1,4,multi,1,1,0.0,0.0,0.0,0.0,0.0,0.0,0.0,0.0,0.0,0.0,0.0,0.0,0.8,0.0,0.23500000000000001,0.8,0.0,0.23500000000000001,0.0,-0.0
locomo_8,locomo_8_qa100,4,509,1,1,one,1,1,0.0,0.0,0.0,0.0,0.0,0.0,0.0,0.0,0.0,0.0,0.0,0.0,0.0,0.0,0.0,0.0,0.0,0.0,0.0,-0.0
locomo_8,locomo_8_qa101,4,509,1,1,one,1,1,1.0,1.0,1.0,1.0,1.0,1.0,0.96,0.96,0.96,0.96,0.96,0.96,1.0,1.0,1.0,1.0,1.0,1.0,4.0000000000000036,-4.0000000000000036
locomo_8,locomo_8_qa102,4,509,1,1,one,1,1,0.0,0.0,0.0,0.0,0.0,0.0,0.0,0.0,0.0,0.0,0.0,0.0,0.0,0.0,0.0,0.0,0.0,0.0,0.0,-0.0
locomo_8,locomo_8_qa103,4,509,1,1,one,1,1,0.0,0.0,0.0,0.0,0.0,0.0,0.0,0.0,0.0,0.0,0.0,0.0,0.0,0.0,0.0,0.0,0.0,0.0,0.0,-0.0
locomo_8,locomo_8_qa104,4,509,1,1,one,1,1,0.0,0.0,0.0,0.0,0.0,0.0,0.0,0.0,0.0,0.0,0.0,0.0,0.0,0.0,0.0,0.0,0.0,0.0,0.0,-0.0
locomo_8,locomo_8_qa105,4,509,1,1,one,1,1,0.0,0.0,0.0,0.0,0.0,0.0,0.0,0.0,0.0,0.0,0.0,0.0,0.0,0.0,0.0,0.0,0.0,0.0,0.0,-0.0
locomo_8,locomo_8_qa106,4,509,1,1,one,1,1,1.0,1.0,1.0,1.0,1.0,1.0,0.0,0.0,0.0,0.0,0.0,0.0,0.0,0.0,0.0,0.0,0.0,0.0,100.0,-100.0
locomo_8,locomo_8_qa107,4,509,1,1,one,1,1,1.0,1.0,1.0,1.0,1.0,1.0,0.8,0.8,0.8,0.8,0.8,0.8,0.72,0.72,0.72,0.72,0.72,0.72,19.999999999999996,-19.999999999999996
locomo_8,locomo_8_qa108,4,509,1,1,one,1,1,1.0,1.0,1.0,1.0,1.0,1.0,1.0,1.0,1.0,1.0,1.0,1.0,1.0,1.0,1.0,1.0,1.0,1.0,0.0,-0.0
locomo_8,locomo_8_qa109,4,509,1,1,one,1,1,0.0,0.0,0.0,0.0,0.0,0.0,0.0,0.0,0.0,0.0,0.0,0.0,0.0,0.0,0.0,0.0,0.0,0.0,0.0,-0.0
locomo_8,locomo_8_qa11,1,509,1,19,multi,1,1,0.0,0.0,0.0,0.0,0.0,0.0,0.04,0.0,0.002105263157894737,0.04,0.0,0.002105263157894737,0.08,0.0,0.004210526315789474,0.08,0.0,0.004210526315789474,-0.21052631578947367,0.21052631578947367
locomo_8,locomo_8_qa110,4,509,1,1,one,1,1,0.0,0.0,0.0,0.0,0.0,0.0,0.0,0.0,0.0,0.0,0.0,0.0,0.0,0.0,0.0,0.0,0.0,0.0,0.0,-0.0
locomo_8,locomo_8_qa111,4,509,1,1,one,1,1,0.0,0.0,0.0,0.0,0.0,0.0,0.22000000000000003,0.22000000000000003,0.22000000000000003,0.22000000000000003,0.22000000000000003,0.22000000000000003,0.6,0.6,0.6,0.6,0.6,0.6,-22.000000000000004,22.000000000000004
locomo_8,locomo_8_qa112,4,509,1,1,one,1,1,0.0,0.0,0.0,0.0,0.0,0.0,0.0,0.0,0.0,0.0,0.0,0.0,0.0,0.0,0.0,0.0,0.0,0.0,0.0,-0.0
locomo_8,locomo_8_qa113,4,509,1,1,one,1,1,0.0,0.0,0.0,0.0,0.0,0.0,0.6,0.6,0.6,0.6,0.6,0.6,0.7,0.7,0.7,0.7,0.7,0.7,-60.0,60.0
locomo_8,locomo_8_qa114,4,509,1,1,one,1,1,0.0,0.0,0.0,0.0,0.0,0.0,0.0,0.0,0.0,0.0,0.0,0.0,0.0,0.0,0.0,0.0,0.0,0.0,0.0,-0.0
locomo_8,locomo_8_qa115,4,509,1,1,one,1,1,0.0,0.0,0.0,0.0,0.0,0.0,0.0,0.0,0.0,0.0,0.0,0.0,0.0,0.0,0.0,0.0,0.0,0.0,0.0,-0.0
locomo_8,locomo_8_qa116,4,509,1,1,one,1,1,0.0,0.0,0.0,0.0,0.0,0.0,0.31,0.31,0.31,0.31,0.31,0.31,0.52,0.52,0.52,0.52,0.52,0.52,-31.0,31.0
locomo_8,locomo_8_qa117,4,509,1,1,one,1,1,1.0,1.0,1.0,1.0,1.0,1.0,0.33999999999999997,0.33999999999999997,0.33999999999999997,0.33999999999999997,0.33999999999999997,0.33999999999999997,0.9099999999999999,0.9099999999999999,0.9099999999999999,0.9099999999999999,0.9099999999999999,0.9099999999999999,66.0,-66.0
locomo_8,locomo_8_qa118,4,509,1,1,one,1,1,1.0,1.0,1.0,1.0,1.0,1.0,0.0,0.0,0.0,0.0,0.0,0.0,0.0,0.0,0.0,0.0,0.0,0.0,100.0,-100.0
locomo_8,locomo_8_qa119,4,509,1,1,one,1,1,0.0,0.0,0.0,0.0,0.0,0.0,0.0,0.0,0.0,0.0,0.0,0.0,0.0,0.0,0.0,0.0,0.0,0.0,0.0,-0.0
locomo_8,locomo_8_qa12,2,509,1,1,one,1,1,0.0,0.0,0.0,0.0,0.0,0.0,0.0,0.0,0.0,0.0,0.0,0.0,0.0,0.0,0.0,0.0,0.0,0.0,0.0,-0.0
locomo_8,locomo_8_qa120,4,509,1,1,one,1,1,0.0,0.0,0.0,0.0,0.0,0.0,0.0,0.0,0.0,0.0,0.0,0.0,0.0,0.0,0.0,0.0,0.0,0.0,0.0,-0.0
locomo_8,locomo_8_qa121,4,509,1,1,one,1,1,0.0,0.0,0.0,0.0,0.0,0.0,0.4,0.4,0.4,0.4,0.4,0.4,0.12,0.12,0.12,0.12,0.12,0.12,-40.0,40.0
locomo_8,locomo_8_qa122,4,509,1,1,one,1,1,0.0,0.0,0.0,0.0,0.0,0.0,0.0,0.0,0.0,0.0,0.0,0.0,0.0,0.0,0.0,0.0,0.0,0.0,0.0,-0.0
locomo_8,locomo_8_qa123,4,509,1,1,one,1,1,0.0,0.0,0.0,0.0,0.0,0.0,0.4,0.4,0.4,0.4,0.4,0.4,0.0,0.0,0.0,0.0,0.0,0.0,-40.0,40.0
locomo_8,locomo_8_qa124,4,509,1,1,one,1,1,0.0,0.0,0.0,0.0,0.0,0.0,0.0,0.0,0.0,0.0,0.0,0.0,0.0,0.0,0.0,0.0,0.0,0.0,0.0,-0.0
locomo_8,locomo_8_qa125,4,509,1,1,one,1,1,0.0,0.0,0.0,0.0,0.0,0.0,0.0,0.0,0.0,0.0,0.0,0.0,0.0,0.0,0.0,0.0,0.0,0.0,0.0,-0.0
locomo_8,locomo_8_qa126,4,509,1,1,one,1,1,1.0,1.0,1.0,1.0,1.0,1.0,0.0,0.0,0.0,0.0,0.0,0.0,0.0,0.0,0.0,0.0,0.0,0.0,100.0,-100.0
locomo_8,locomo_8_qa127,4,509,1,1,one,1,1,0.0,0.0,0.0,0.0,0.0,0.0,0.0,0.0,0.0,0.0,0.0,0.0,0.0,0.0,0.0,0.0,0.0,0.0,0.0,-0.0
locomo_8,locomo_8_qa128,4,509,1,1,one,1,1,1.0,1.0,1.0,1.0,1.0,1.0,1.0,1.0,1.0,1.0,1.0,1.0,1.0,1.0,1.0,1.0,1.0,1.0,0.0,-0.0
locomo_8,locomo_8_qa129,4,509,1,1,one,1,1,1.0,1.0,1.0,1.0,1.0,1.0,0.93,0.93,0.93,0.93,0.93,0.93,1.0,1.0,1.0,1.0,1.0,1.0,6.999999999999995,-6.999999999999995
locomo_8,locomo_8_qa13,2,509,1,1,one,1,1,1.0,1.0,1.0,1.0,1.0,1.0,0.8,0.8,0.8,0.8,0.8,0.8,0.6,0.6,0.6,0.6,0.6,0.6,19.999999999999996,-19.999999999999996
locomo_8,locomo_8_qa130,4,509,1,1,one,1,1,0.0,0.0,0.0,0.0,0.0,0.0,0.0,0.0,0.0,0.0,0.0,0.0,0.0,0.0,0.0,0.0,0.0,0.0,0.0,-0.0
locomo_8,locomo_8_qa131,4,509,1,1,one,1,1,1.0,1.0,1.0,1.0,1.0,1.0,0.43,0.43,0.43,0.43,0.43,0.43,0.52,0.52,0.52,0.52,0.52,0.52,57.00000000000001,-57.00000000000001
locomo_8,locomo_8_qa132,4,509,1,1,one,1,1,0.0,0.0,0.0,0.0,0.0,0.0,0.0,0.0,0.0,0.0,0.0,0.0,0.0,0.0,0.0,0.0,0.0,0.0,0.0,-0.0
locomo_8,locomo_8_qa133,4,509,1,1,one,1,1,0.0,0.0,0.0,0.0,0.0,0.0,0.0,0.0,0.0,0.0,0.0,0.0,0.0,0.0,0.0,0.0,0.0,0.0,0.0,-0.0
locomo_8,locomo_8_qa134,4,509,1,1,one,1,1,1.0,1.0,1.0,1.0,1.0,1.0,0.2,0.2,0.2,0.2,0.2,0.2,0.5,0.5,0.5,0.5,0.5,0.5,80.0,-80.0
locomo_8,locomo_8_qa135,4,509,1,1,one,1,1,1.0,1.0,1.0,1.0,1.0,1.0,1.0,1.0,1.0,1.0,1.0,1.0,1.0,1.0,1.0,1.0,1.0,1.0,0.0,-0.0
locomo_8,locomo_8_qa136,4,509,1,1,one,1,1,1.0,1.0,1.0,1.0,1.0,1.0,1.0,1.0,1.0,1.0,1.0,1.0,1.0,1.0,1.0,1.0,1.0,1.0,0.0,-0.0
locomo_8,locomo_8_qa137,4,509,1,1,one,1,1,1.0,1.0,1.0,1.0,1.0,1.0,1.0,1.0,1.0,1.0,1.0,1.0,1.0,1.0,1.0,1.0,1.0,1.0,0.0,-0.0
locomo_8,locomo_8_qa138,4,509,1,1,one,1,1,1.0,1.0,1.0,1.0,1.0,1.0,0.22000000000000003,0.22000000000000003,0.22000000000000003,0.22000000000000003,0.22000000000000003,0.22000000000000003,0.08,0.08,0.08,0.08,0.08,0.08,78.0,-78.0
locomo_8,locomo_8_qa139,4,509,1,1,one,1,1,0.0,0.0,0.0,0.0,0.0,0.0,0.0,0.0,0.0,0.0,0.0,0.0,0.0,0.0,0.0,0.0,0.0,0.0,0.0,-0.0
locomo_8,locomo_8_qa14,1,509,1,4,multi,1,1,0.0,0.0,0.0,0.0,0.0,0.0,0.0,0.0,0.0,0.0,0.0,0.0,0.31,0.0,0.0775,0.31,0.0,0.0775,0.0,-0.0
locomo_8,locomo_8_qa140,4,509,1,1,one,1,1,0.0,0.0,0.0,0.0,0.0,0.0,0.0,0.0,0.0,0.0,0.0,0.0,0.0,0.0,0.0,0.0,0.0,0.0,0.0,-0.0
locomo_8,locomo_8_qa141,4,509,1,1,one,1,1,0.0,0.0,0.0,0.0,0.0,0.0,0.0,0.0,0.0,0.0,0.0,0.0,0.0,0.0,0.0,0.0,0.0,0.0,0.0,-0.0
locomo_8,locomo_8_qa142,4,509,1,1,one,1,1,0.0,0.0,0.0,0.0,0.0,0.0,0.0,0.0,0.0,0.0,0.0,0.0,0.0,0.0,0.0,0.0,0.0,0.0,0.0,-0.0
locomo_8,locomo_8_qa143,4,509,1,1,one,1,1,0.0,0.0,0.0,0.0,0.0,0.0,0.0,0.0,0.0,0.0,0.0,0.0,0.0,0.0,0.0,0.0,0.0,0.0,0.0,-0.0
locomo_8,locomo_8_qa144,4,509,1,1,one,1,1,0.0,0.0,0.0,0.0,0.0,0.0,0.0,0.0,0.0,0.0,0.0,0.0,0.0,0.0,0.0,0.0,0.0,0.0,0.0,-0.0
locomo_8,locomo_8_qa145,4,509,1,1,one,1,1,0.0,0.0,0.0,0.0,0.0,0.0,0.0,0.0,0.0,0.0,0.0,0.0,0.0,0.0,0.0,0.0,0.0,0.0,0.0,-0.0
locomo_8,locomo_8_qa146,4,509,1,1,one,1,1,0.0,0.0,0.0,0.0,0.0,0.0,0.0,0.0,0.0,0.0,0.0,0.0,0.06,0.06,0.06,0.06,0.06,0.06,0.0,-0.0
locomo_8,locomo_8_qa147,4,509,1,1,one,1,1,1.0,1.0,1.0,1.0,1.0,1.0,0.2,0.2,0.2,0.2,0.2,0.2,0.0,0.0,0.0,0.0,0.0,0.0,80.0,-80.0
locomo_8,locomo_8_qa148,4,509,1,1,one,1,1,0.0,0.0,0.0,0.0,0.0,0.0,0.2,0.2,0.2,0.2,0.2,0.2,0.0,0.0,0.0,0.0,0.0,0.0,-20.0,20.0
locomo_8,locomo_8_qa149,4,509,1,2,multi,1,1,1.0,0.0,0.5,1.0,0.0,0.5,0.4,0.09,0.24500000000000002,0.4,0.09,0.24500000000000002,0.2,0.0,0.1,0.2,0.0,0.1,25.5,-25.5
locomo_8,locomo_8_qa15,1,509,1,1,one,1,1,0.0,0.0,0.0,0.0,0.0,0.0,0.0,0.0,0.0,0.0,0.0,0.0,0.0,0.0,0.0,0.0,0.0,0.0,0.0,-0.0
locomo_8,locomo_8_qa150,4,509,1,1,one,1,1,1.0,1.0,1.0,1.0,1.0,1.0,0.8,0.8,0.8,0.8,0.8,0.8,1.0,1.0,1.0,1.0,1.0,1.0,19.999999999999996,-19.999999999999996
locomo_8,locomo_8_qa151,4,509,1,1,one,1,1,1.0,1.0,1.0,1.0,1.0,1.0,0.0,0.0,0.0,0.0,0.0,0.0,0.0,0.0,0.0,0.0,0.0,0.0,100.0,-100.0
locomo_8,locomo_8_qa152,4,509,1,1,one,1,1,0.0,0.0,0.0,0.0,0.0,0.0,0.29,0.29,0.29,0.29,0.29,0.29,0.4,0.4,0.4,0.4,0.4,0.4,-28.999999999999996,28.999999999999996
locomo_8,locomo_8_qa153,4,509,1,1,one,1,1,0.0,0.0,0.0,0.0,0.0,0.0,0.0,0.0,0.0,0.0,0.0,0.0,0.0,0.0,0.0,0.0,0.0,0.0,0.0,-0.0
locomo_8,locomo_8_qa154,4,509,1,1,one,1,1,0.0,0.0,0.0,0.0,0.0,0.0,0.0,0.0,0.0,0.0,0.0,0.0,0.0,0.0,0.0,0.0,0.0,0.0,0.0,-0.0
locomo_8,locomo_8_qa155,4,509,1,1,one,1,1,1.0,1.0,1.0,1.0,1.0,1.0,1.0,1.0,1.0,1.0,1.0,1.0,1.0,1.0,1.0,1.0,1.0,1.0,0.0,-0.0
locomo_8,locomo_8_qa16,1,509,1,2,multi,1,1,0.0,0.0,0.0,0.0,0.0,0.0,0.0,0.0,0.0,0.0,0.0,0.0,0.0,0.0,0.0,0.0,0.0,0.0,0.0,-0.0
locomo_8,locomo_8_qa17,2,509,1,1,one,1,1,0.0,0.0,0.0,0.0,0.0,0.0,0.0,0.0,0.0,0.0,0.0,0.0,0.0,0.0,0.0,0.0,0.0,0.0,0.0,-0.0
locomo_8,locomo_8_qa18,1,509,1,4,multi,1,1,0.45,0.0,0.09,0.0,0.0,0.0,0.0,0.0,0.0,0.0,0.0,0.0,0.0,0.0,0.0,0.0,0.0,0.0,0.0,-0.0
locomo_8,locomo_8_qa19,3,509,1,11,multi,1,1,0.0,0.0,0.0,0.0,0.0,0.0,0.0,0.0,0.0,0.0,0.0,0.0,0.0,0.0,0.0,0.0,0.0,0.0,0.0,-0.0
locomo_8,locomo_8_qa2,1,509,1,3,multi,1,1,0.0,0.0,0.0,0.0,0.0,0.0,0.0,0.0,0.0,0.0,0.0,0.0,0.0,0.0,0.0,0.0,0.0,0.0,0.0,-0.0
locomo_8,locomo_8_qa20,3,509,1,17,multi,1,1,0.0,0.0,0.0,0.0,0.0,0.0,0.4,0.0,0.023529411764705882,0.4,0.0,0.023529411764705882,0.2,0.0,0.011764705882352941,0.2,0.0,0.011764705882352941,-2.3529411764705883,2.3529411764705883
locomo_8,locomo_8_qa21,1,509,1,3,multi,1,1,0.0,0.0,0.0,0.0,0.0,0.0,0.0,0.0,0.0,0.0,0.0,0.0,0.0,0.0,0.0,0.0,0.0,0.0,0.0,-0.0
locomo_8,locomo_8_qa22,2,509,1,1,one,1,1,0.0,0.0,0.0,0.0,0.0,0.0,0.0,0.0,0.0,0.0,0.0,0.0,0.0,0.0,0.0,0.0,0.0,0.0,0.0,-0.0
locomo_8,locomo_8_qa23,2,509,1,1,one,1,1,0.0,0.0,0.0,0.0,0.0,0.0,0.0,0.0,0.0,0.0,0.0,0.0,0.0,0.0,0.0,0.0,0.0,0.0,0.0,-0.0
locomo_8,locomo_8_qa24,2,509,1,1,one,1,1,0.0,0.0,0.0,0.0,0.0,0.0,0.0,0.0,0.0,0.0,0.0,0.0,0.0,0.0,0.0,0.0,0.0,0.0,0.0,-0.0
locomo_8,locomo_8_qa25,2,509,1,2,multi,1,1,0.0,0.0,0.0,0.0,0.0,0.0,0.0,0.0,0.0,0.0,0.0,0.0,0.0,0.0,0.0,0.0,0.0,0.0,0.0,-0.0
locomo_8,locomo_8_qa26,1,509,1,3,multi,1,1,0.0,0.0,0.0,0.0,0.0,0.0,0.0,0.0,0.0,0.0,0.0,0.0,0.0,0.0,0.0,0.0,0.0,0.0,0.0,-0.0
locomo_8,locomo_8_qa27,3,509,1,1,one,1,1,0.0,0.0,0.0,0.0,0.0,0.0,0.0,0.0,0.0,0.0,0.0,0.0,0.0,0.0,0.0,0.0,0.0,0.0,0.0,-0.0
locomo_8,locomo_8_qa28,1,509,1,2,multi,1,1,0.0,0.0,0.0,0.0,0.0,0.0,0.0,0.0,0.0,0.0,0.0,0.0,0.0,0.0,0.0,0.0,0.0,0.0,0.0,-0.0
locomo_8,locomo_8_qa29,1,509,1,2,multi,1,1,0.0,0.0,0.0,0.0,0.0,0.0,0.0,0.0,0.0,0.0,0.0,0.0,0.0,0.0,0.0,0.0,0.0,0.0,0.0,-0.0
locomo_8,locomo_8_qa3,1,509,1,2,multi,1,1,1.0,0.35,0.675,1.0,0.35,0.675,1.0,0.0,0.5,1.0,0.0,0.5,1.0,0.0,0.5,1.0,0.0,0.5,17.500000000000004,-17.500000000000004
locomo_8,locomo_8_qa30,2,509,1,1,one,1,1,0.0,0.0,0.0,0.0,0.0,0.0,0.0,0.0,0.0,0.0,0.0,0.0,0.0,0.0,0.0,0.0,0.0,0.0,0.0,-0.0
locomo_8,locomo_8_qa31,3,509,1,3,multi,1,1,0.9,0.0,0.3666666666666666,0.9,0.0,0.3666666666666666,0.2,0.0,0.06666666666666665,0.2,0.0,0.06666666666666665,0.52,0.0,0.17333333333333328,0.52,0.0,0.17333333333333328,29.999999999999993,-29.999999999999993
locomo_8,locomo_8_qa32,1,509,1,2,multi,1,1,0.0,0.0,0.0,0.0,0.0,0.0,0.21000000000000002,0.0,0.10500000000000001,0.21000000000000002,0.0,0.10500000000000001,0.06999999999999999,0.0,0.034999999999999996,0.06999999999999999,0.0,0.034999999999999996,-10.500000000000002,10.500000000000002
locomo_8,locomo_8_qa33,1,509,1,2,multi,1,1,1.0,0.0,0.5,1.0,0.0,0.5,0.54,0.0,0.27,0.54,0.0,0.27,0.8,0.0,0.4,0.8,0.0,0.4,23.0,-23.0
locomo_8,locomo_8_qa34,1,509,1,2,multi,1,1,1.0,0.0,0.5,1.0,0.0,0.5,0.2,0.05,0.125,0.2,0.05,0.125,0.33999999999999997,0.0,0.16999999999999998,0.33999999999999997,0.0,0.16999999999999998,37.5,-37.5
locomo_8,locomo_8_qa35,2,509,1,1,one,1,1,1.0,1.0,1.0,1.0,1.0,1.0,0.0,0.0,0.0,0.0,0.0,0.0,0.0,0.0,0.0,0.0,0.0,0.0,100.0,-100.0
locomo_8,locomo_8_qa36,1,509,1,2,multi,1,1,0.0,0.0,0.0,0.0,0.0,0.0,0.0,0.0,0.0,0.0,0.0,0.0,0.0,0.0,0.0,0.0,0.0,0.0,0.0,-0.0
locomo_8,locomo_8_qa37,1,509,1,6,multi,1,1,0.0,0.0,0.0,0.0,0.0,0.0,0.0,0.0,0.0,0.0,0.0,0.0,0.0,0.0,0.0,0.0,0.0,0.0,0.0,-0.0
locomo_8,locomo_8_qa38,3,509,1,4,multi,1,1,0.0,0.0,0.0,0.0,0.0,0.0,0.2,0.0,0.05,0.2,0.0,0.05,0.08,0.0,0.02,0.08,0.0,0.02,-5.0,5.0
locomo_8,locomo_8_qa39,2,509,1,2,multi,1,1,0.0,0.0,0.0,0.0,0.0,0.0,0.0,0.0,0.0,0.0,0.0,0.0,0.0,0.0,0.0,0.0,0.0,0.0,0.0,-0.0
locomo_8,locomo_8_qa4,2,509,1,2,multi,1,1,0.0,0.0,0.0,0.0,0.0,0.0,0.0,0.0,0.0,0.0,0.0,0.0,0.0,0.0,0.0,0.0,0.0,0.0,0.0,-0.0
locomo_8,locomo_8_qa40,2,509,1,1,one,1,1,0.0,0.0,0.0,0.0,0.0,0.0,0.0,0.0,0.0,0.0,0.0,0.0,0.0,0.0,0.0,0.0,0.0,0.0,0.0,-0.0
locomo_8,locomo_8_qa41,2,509,1,1,one,1,1,0.0,0.0,0.0,0.0,0.0,0.0,0.0,0.0,0.0,0.0,0.0,0.0,0.0,0.0,0.0,0.0,0.0,0.0,0.0,-0.0
locomo_8,locomo_8_qa42,1,509,1,4,multi,1,1,1.0,0.0,0.25,1.0,0.0,0.25,0.6,0.0,0.15,0.6,0.0,0.15,0.0,0.0,0.0,0.0,0.0,0.0,10.0,-10.0
locomo_8,locomo_8_qa43,3,509,1,4,multi,1,1,0.0,0.0,0.0,0.0,0.0,0.0,0.31,0.0,0.10333333333333332,0.31,0.0,0.0775,0.2,0.0,0.06666666666666665,0.2,0.0,0.05,-7.75,7.75
locomo_8,locomo_8_qa44,1,509,1,5,multi,1,1,1.0,0.0,0.20000000000000004,1.0,0.0,0.20000000000000004,0.59,0.0,0.11800000000000002,0.59,0.0,0.11800000000000002,0.8,0.0,0.16000000000000003,0.8,0.0,0.16000000000000003,8.200000000000001,-8.200000000000001
locomo_8,locomo_8_qa45,2,509,1,3,multi,1,1,0.0,0.0,0.0,0.0,0.0,0.0,0.2,0.0,0.06666666666666665,0.2,0.0,0.06666666666666665,0.0,0.0,0.0,0.0,0.0,0.0,-6.666666666666665,6.666666666666665
locomo_8,locomo_8_qa46,3,509,1,4,multi,1,1,0.0,0.0,0.0,0.0,0.0,0.0,0.0,0.0,0.0,0.0,0.0,0.0,0.0,0.0,0.0,0.0,0.0,0.0,0.0,-0.0
locomo_8,locomo_8_qa47,2,509,1,3,multi,1,1,1.0,0.0,0.4666666666666665,1.0,0.0,0.4666666666666665,0.45999999999999996,0.0,0.15333333333333332,0.45999999999999996,0.0,0.15333333333333332,0.2,0.0,0.09333333333333332,0.2,0.0,0.09333333333333332,31.333333333333318,-31.333333333333318
locomo_8,locomo_8_qa48,1,509,1,4,multi,1,1,0.0,0.0,0.0,0.0,0.0,0.0,0.0,0.0,0.0,0.0,0.0,0.0,0.22000000000000003,0.0,0.05500000000000001,0.22000000000000003,0.0,0.05500000000000001,0.0,-0.0
locomo_8,locomo_8_qa49,1,509,1,6,multi,1,1,0.0,0.0,0.0,0.0,0.0,0.0,0.0,0.0,0.0,0.0,0.0,0.0,0.0,0.0,0.0,0.0,0.0,0.0,0.0,-0.0
locomo_8,locomo_8_qa5,3,509,1,1,one,1,1,0.0,0.0,0.0,0.0,0.0,0.0,0.0,0.0,0.0,0.0,0.0,0.0,0.0,0.0,0.0,0.0,0.0,0.0,0.0,-0.0
locomo_8,locomo_8_qa50,1,509,1,8,multi,1,1,0.0,0.0,0.0,0.0,0.0,0.0,0.0,0.0,0.0,0.0,0.0,0.0,0.0,0.0,0.0,0.0,0.0,0.0,0.0,-0.0
locomo_8,locomo_8_qa51,3,509,1,4,multi,1,1,0.0,0.0,0.0,0.0,0.0,0.0,0.12,0.0,0.03,0.12,0.0,0.03,0.2,0.0,0.05,0.2,0.0,0.05,-3.0,3.0
locomo_8,locomo_8_qa52,2,509,1,3,multi,1,1,0.5,0.0,0.16666666666666669,0.5,0.0,0.16666666666666669,0.44000000000000006,0.0,0.2133333333333333,0.44000000000000006,0.0,0.2133333333333333,0.2,0.0,0.06666666666666665,0.2,0.0,0.06666666666666665,-4.666666666666661,4.666666666666661
locomo_8,locomo_8_qa53,2,509,1,3,multi,1,1,0.0,0.0,0.0,0.0,0.0,0.0,0.0,0.0,0.0,0.0,0.0,0.0,0.0,0.0,0.0,0.0,0.0,0.0,0.0,-0.0
locomo_8,locomo_8_qa54,1,509,1,3,multi,1,1,0.0,0.0,0.0,0.0,0.0,0.0,0.0,0.0,0.0,0.0,0.0,0.0,0.0,0.0,0.0,0.0,0.0,0.0,0.0,-0.0
locomo_8,locomo_8_qa55,1,509,1,2,multi,1,1,0.0,0.0,0.0,0.0,0.0,0.0,0.0,0.0,0.0,0.0,0.0,0.0,0.8,0.0,0.4,0.8,0.0,0.4,0.0,-0.0
locomo_8,locomo_8_qa56,1,509,1,2,multi,1,1,0.0,0.0,0.0,0.0,0.0,0.0,0.0,0.0,0.0,0.0,0.0,0.0,0.0,0.0,0.0,0.0,0.0,0.0,0.0,-0.0
locomo_8,locomo_8_qa57,3,509,1,1,one,1,1,0.0,0.0,0.0,0.0,0.0,0.0,0.0,0.0,0.0,0.0,0.0,0.0,0.0,0.0,0.0,0.0,0.0,0.0,0.0,-0.0
locomo_8,locomo_8_qa58,2,509,1,1,one,1,1,0.0,0.0,0.0,0.0,0.0,0.0,0.0,0.0,0.0,0.0,0.0,0.0,0.0,0.0,0.0,0.0,0.0,0.0,0.0,-0.0
locomo_8,locomo_8_qa59,2,509,1,1,one,1,1,1.0,1.0,1.0,1.0,1.0,1.0,0.0,0.0,0.0,0.0,0.0,0.0,0.06999999999999999,0.06999999999999999,0.06999999999999999,0.06999999999999999,0.06999999999999999,0.06999999999999999,100.0,-100.0
locomo_8,locomo_8_qa6,1,509,1,2,multi,1,1,0.0,0.0,0.0,0.0,0.0,0.0,0.0,0.0,0.0,0.0,0.0,0.0,0.0,0.0,0.0,0.0,0.0,0.0,0.0,-0.0
locomo_8,locomo_8_qa60,2,509,1,1,one,1,1,0.0,0.0,0.0,0.0,0.0,0.0,0.0,0.0,0.0,0.0,0.0,0.0,0.0,0.0,0.0,0.0,0.0,0.0,0.0,-0.0
locomo_8,locomo_8_qa61,2,509,1,1,one,1,1,1.0,1.0,1.0,1.0,1.0,1.0,0.09,0.09,0.09,0.09,0.09,0.09,0.0,0.0,0.0,0.0,0.0,0.0,91.0,-91.0
locomo_8,locomo_8_qa62,1,509,1,4,multi,1,1,0.0,0.0,0.0,0.0,0.0,0.0,0.0,0.0,0.0,0.0,0.0,0.0,0.0,0.0,0.0,0.0,0.0,0.0,0.0,-0.0
locomo_8,locomo_8_qa63,2,509,1,1,one,1,1,1.0,1.0,1.0,1.0,1.0,1.0,0.0,0.0,0.0,0.0,0.0,0.0,0.0,0.0,0.0,0.0,0.0,0.0,100.0,-100.0
locomo_8,locomo_8_qa64,1,509,1,4,multi,1,1,0.0,0.0,0.0,0.0,0.0,0.0,0.8,0.0,0.2,0.8,0.0,0.2,0.6,0.0,0.15,0.6,0.0,0.15,-20.0,20.0
locomo_8,locomo_8_qa65,3,509,1,3,multi,1,1,0.55,0.0,0.18333333333333335,0.55,0.0,0.18333333333333335,0.0,0.0,0.0,0.0,0.0,0.0,0.0,0.0,0.0,0.0,0.0,0.0,18.333333333333336,-18.333333333333336
locomo_8,locomo_8_qa66,2,509,1,1,one,1,1,0.0,0.0,0.0,0.0,0.0,0.0,0.0,0.0,0.0,0.0,0.0,0.0,0.0,0.0,0.0,0.0,0.0,0.0,0.0,-0.0
locomo_8,locomo_8_qa67,2,509,1,1,one,1,1,0.0,0.0,0.0,0.0,0.0,0.0,0.0,0.0,0.0,0.0,0.0,0.0,0.0,0.0,0.0,0.0,0.0,0.0,0.0,-0.0
locomo_8,locomo_8_qa68,2,509,1,1,one,1,1,0.0,0.0,0.0,0.0,0.0,0.0,0.0,0.0,0.0,0.0,0.0,0.0,0.0,0.0,0.0,0.0,0.0,0.0,0.0,-0.0
locomo_8,locomo_8_qa69,1,509,1,2,multi,1,1,0.0,0.0,0.0,0.0,0.0,0.0,0.0,0.0,0.0,0.0,0.0,0.0,0.0,0.0,0.0,0.0,0.0,0.0,0.0,-0.0
locomo_8,locomo_8_qa7,1,509,1,10,multi,1,1,0.25,0.0,0.025,0.25,0.0,0.025,0.4,0.0,0.04000000000000001,0.4,0.0,0.04000000000000001,0.0,0.0,0.0,0.0,0.0,0.0,-1.5000000000000007,1.5000000000000007
locomo_8,locomo_8_qa70,2,509,1,2,multi,1,1,0.0,0.0,0.0,0.0,0.0,0.0,0.0,0.0,0.0,0.0,0.0,0.0,0.4,0.0,0.2,0.4,0.0,0.2,0.0,-0.0
locomo_8,locomo_8_qa71,3,509,1,1,one,1,1,0.0,0.0,0.0,0.0,0.0,0.0,0.0,0.0,0.0,0.0,0.0,0.0,0.0,0.0,0.0,0.0,0.0,0.0,0.0,-0.0
locomo_8,locomo_8_qa72,1,509,1,2,multi,1,1,0.0,0.0,0.0,0.0,0.0,0.0,0.0,0.0,0.0,0.0,0.0,0.0,0.0,0.0,0.0,0.0,0.0,0.0,0.0,-0.0
locomo_8,locomo_8_qa73,2,509,1,1,one,1,1,1.0,1.0,1.0,1.0,1.0,1.0,0.7,0.7,0.7,0.7,0.7,0.7,1.0,1.0,1.0,1.0,1.0,1.0,30.000000000000004,-30.000000000000004
locomo_8,locomo_8_qa74,2,509,1,1,one,1,1,0.0,0.0,0.0,0.0,0.0,0.0,0.0,0.0,0.0,0.0,0.0,0.0,0.0,0.0,0.0,0.0,0.0,0.0,0.0,-0.0
locomo_8,locomo_8_qa75,2,509,1,1,one,1,1,0.0,0.0,0.0,0.0,0.0,0.0,0.0,0.0,0.0,0.0,0.0,0.0,0.0,0.0,0.0,0.0,0.0,0.0,0.0,-0.0
locomo_8,locomo_8_qa76,2,509,1,2,multi,1,1,0.0,0.0,0.0,0.0,0.0,0.0,0.2,0.0,0.1,0.2,0.0,0.1,0.26,0.0,0.13,0.26,0.0,0.13,-10.0,10.0
locomo_8,locomo_8_qa77,1,509,1,4,multi,1,1,0.0,0.0,0.0,0.0,0.0,0.0,0.0,0.0,0.0,0.0,0.0,0.0,0.0,0.0,0.0,0.0,0.0,0.0,0.0,-0.0
locomo_8,locomo_8_qa78,1,509,1,5,multi,1,1,0.0,0.0,0.0,0.0,0.0,0.0,0.0,0.0,0.0,0.0,0.0,0.0,0.0,0.0,0.0,0.0,0.0,0.0,0.0,-0.0
locomo_8,locomo_8_qa79,2,509,1,1,one,1,1,0.0,0.0,0.0,0.0,0.0,0.0,0.0,0.0,0.0,0.0,0.0,0.0,0.04,0.04,0.04,0.04,0.04,0.04,0.0,-0.0
locomo_8,locomo_8_qa8,1,509,1,4,multi,1,1,1.0,0.0,0.25,1.0,0.0,0.25,1.0,0.0,0.25,1.0,0.0,0.25,1.0,0.0,0.3,1.0,0.0,0.3,0.0,-0.0
locomo_8,locomo_8_qa80,2,509,1,1,one,1,1,0.0,0.0,0.0,0.0,0.0,0.0,0.11000000000000001,0.11000000000000001,0.11000000000000001,0.11000000000000001,0.11000000000000001,0.11000000000000001,0.0,0.0,0.0,0.0,0.0,0.0,-11.000000000000002,11.000000000000002
locomo_8,locomo_8_qa81,1,509,1,11,multi,1,1,1.0,0.0,0.27272727272727265,1.0,0.0,0.27272727272727265,1.0,0.0,0.27272727272727265,1.0,0.0,0.27272727272727265,1.0,0.0,0.27272727272727265,1.0,0.0,0.27272727272727265,0.0,-0.0
locomo_8,locomo_8_qa82,1,509,1,6,multi,1,1,1.0,0.0,0.16666666666666663,1.0,0.0,0.16666666666666663,0.0,0.0,0.0,0.0,0.0,0.0,0.0,0.0,0.0,0.0,0.0,0.0,16.666666666666664,-16.666666666666664
locomo_8,locomo_8_qa83,4,509,1,1,one,1,1,0.0,0.0,0.0,0.0,0.0,0.0,0.2,0.2,0.2,0.2,0.2,0.2,0.0,0.0,0.0,0.0,0.0,0.0,-20.0,20.0
locomo_8,locomo_8_qa84,4,509,1,1,one,1,1,0.0,0.0,0.0,0.0,0.0,0.0,0.0,0.0,0.0,0.0,0.0,0.0,0.0,0.0,0.0,0.0,0.0,0.0,0.0,-0.0
locomo_8,locomo_8_qa85,4,509,1,1,one,1,1,1.0,1.0,1.0,1.0,1.0,1.0,1.0,1.0,1.0,1.0,1.0,1.0,0.8,0.8,0.8,0.8,0.8,0.8,0.0,-0.0
locomo_8,locomo_8_qa86,4,509,1,1,one,1,1,0.0,0.0,0.0,0.0,0.0,0.0,0.0,0.0,0.0,0.0,0.0,0.0,0.0,0.0,0.0,0.0,0.0,0.0,0.0,-0.0
locomo_8,locomo_8_qa87,4,509,1,1,one,1,1,0.0,0.0,0.0,0.0,0.0,0.0,0.2,0.2,0.2,0.2,0.2,0.2,0.0,0.0,0.0,0.0,0.0,0.0,-20.0,20.0
locomo_8,locomo_8_qa88,4,509,1,1,one,1,1,0.0,0.0,0.0,0.0,0.0,0.0,0.0,0.0,0.0,0.0,0.0,0.0,0.0,0.0,0.0,0.0,0.0,0.0,0.0,-0.0
locomo_8,locomo_8_qa89,4,509,1,1,one,1,1,0.0,0.0,0.0,0.0,0.0,0.0,0.2,0.2,0.2,0.2,0.2,0.2,0.2,0.2,0.2,0.2,0.2,0.2,-20.0,20.0
locomo_8,locomo_8_qa9,2,509,1,1,one,1,1,0.0,0.0,0.0,0.0,0.0,0.0,0.0,0.0,0.0,0.0,0.0,0.0,0.0,0.0,0.0,0.0,0.0,0.0,0.0,-0.0
locomo_8,locomo_8_qa90,4,509,1,1,one,1,1,0.0,0.0,0.0,0.0,0.0,0.0,0.0,0.0,0.0,0.0,0.0,0.0,0.0,0.0,0.0,0.0,0.0,0.0,0.0,-0.0
locomo_8,locomo_8_qa91,4,509,1,1,one,1,1,0.0,0.0,0.0,0.0,0.0,0.0,0.0,0.0,0.0,0.0,0.0,0.0,0.0,0.0,0.0,0.0,0.0,0.0,0.0,-0.0
locomo_8,locomo_8_qa92,4,509,1,1,one,1,1,1.0,1.0,1.0,1.0,1.0,1.0,0.11000000000000001,0.11000000000000001,0.11000000000000001,0.11000000000000001,0.11000000000000001,0.11000000000000001,0.0,0.0,0.0,0.0,0.0,0.0,89.0,-89.0
locomo_8,locomo_8_qa93,4,509,1,1,one,1,1,1.0,1.0,1.0,1.0,1.0,1.0,1.0,1.0,1.0,1.0,1.0,1.0,0.9199999999999999,0.9199999999999999,0.9199999999999999,0.9199999999999999,0.9199999999999999,0.9199999999999999,0.0,-0.0
locomo_8,locomo_8_qa94,4,509,1,1,one,1,1,0.0,0.0,0.0,0.0,0.0,0.0,0.6,0.6,0.6,0.6,0.6,0.6,0.6,0.6,0.6,0.6,0.6,0.6,-60.0,60.0
locomo_8,locomo_8_qa95,4,509,1,1,one,1,1,0.0,0.0,0.0,0.0,0.0,0.0,0.0,0.0,0.0,0.0,0.0,0.0,0.0,0.0,0.0,0.0,0.0,0.0,0.0,-0.0
locomo_8,locomo_8_qa96,4,509,1,1,one,1,1,0.0,0.0,0.0,0.0,0.0,0.0,0.0,0.0,0.0,0.0,0.0,0.0,0.0,0.0,0.0,0.0,0.0,0.0,0.0,-0.0
locomo_8,locomo_8_qa97,4,509,1,1,one,1,1,0.0,0.0,0.0,0.0,0.0,0.0,0.0,0.0,0.0,0.0,0.0,0.0,0.0,0.0,0.0,0.0,0.0,0.0,0.0,-0.0
locomo_8,locomo_8_qa98,4,509,1,1,one,1,1,1.0,1.0,1.0,1.0,1.0,1.0,1.0,1.0,1.0,1.0,1.0,1.0,1.0,1.0,1.0,1.0,1.0,1.0,0.0,-0.0
locomo_8,locomo_8_qa99,4,509,1,1,one,1,1,1.0,1.0,1.0,1.0,1.0,1.0,0.2,0.2,0.2,0.2,0.2,0.2,0.4,0.4,0.4,0.4,0.4,0.4,80.0,-80.0
locomo_9,locomo_9_qa0,2,568,2,1,one,1,1,0.0,0.0,0.0,0.0,0.0,0.0,0.0,0.0,0.0,0.0,0.0,0.0,0.0,0.0,0.0,0.0,0.0,0.0,0.0,-0.0
locomo_9,locomo_9_qa1,1,568,2,3,multi,1,1,0.0,0.0,0.0,0.0,0.0,0.0,0.0,0.0,0.0,0.0,0.0,0.0,0.0,0.0,0.0,0.0,0.0,0.0,0.0,-0.0
locomo_9,locomo_9_qa10,2,568,2,1,one,1,1,0.0,0.0,0.0,0.0,0.0,0.0,0.0,0.0,0.0,0.0,0.0,0.0,0.0,0.0,0.0,0.0,0.0,0.0,0.0,-0.0
locomo_9,locomo_9_qa100,4,568,2,1,one,1,1,1.0,1.0,1.0,1.0,1.0,1.0,0.6,0.6,0.6,0.6,0.6,0.6,0.27999999999999997,0.27999999999999997,0.27999999999999997,0.27999999999999997,0.27999999999999997,0.27999999999999997,40.0,-40.0
locomo_9,locomo_9_qa101,4,568,2,1,one,1,1,0.0,0.0,0.0,0.0,0.0,0.0,0.0,0.0,0.0,0.0,0.0,0.0,0.0,0.0,0.0,0.0,0.0,0.0,0.0,-0.0
locomo_9,locomo_9_qa102,4,568,2,1,one,1,1,0.0,0.0,0.0,0.0,0.0,0.0,0.0,0.0,0.0,0.0,0.0,0.0,0.0,0.0,0.0,0.0,0.0,0.0,0.0,-0.0
locomo_9,locomo_9_qa103,4,568,2,1,one,1,1,0.0,0.0,0.0,0.0,0.0,0.0,0.0,0.0,0.0,0.0,0.0,0.0,0.0,0.0,0.0,0.0,0.0,0.0,0.0,-0.0
locomo_9,locomo_9_qa104,4,568,2,1,one,1,1,1.0,1.0,1.0,1.0,1.0,1.0,0.5,0.5,0.5,0.5,0.5,0.5,1.0,1.0,1.0,1.0,1.0,1.0,50.0,-50.0
locomo_9,locomo_9_qa105,4,568,2,2,multi,1,1,0.0,0.0,0.0,1.0,1.0,1.0,0.0,0.0,0.0,1.0,0.0,0.5,0.0,0.0,0.0,1.0,0.0,0.5,50.0,-50.0
locomo_9,locomo_9_qa106,4,568,2,1,one,1,1,0.0,0.0,0.0,0.0,0.0,0.0,0.4,0.4,0.4,0.4,0.4,0.4,0.2,0.2,0.2,0.2,0.2,0.2,-40.0,40.0
locomo_9,locomo_9_qa107,4,568,2,1,one,1,1,1.0,1.0,1.0,1.0,1.0,1.0,0.26,0.26,0.26,0.26,0.26,0.26,0.0,0.0,0.0,0.0,0.0,0.0,74.0,-74.0
locomo_9,locomo_9_qa108,4,568,2,1,one,1,1,1.0,1.0,1.0,1.0,1.0,1.0,0.0,0.0,0.0,0.0,0.0,0.0,0.0,0.0,0.0,0.0,0.0,0.0,100.0,-100.0
locomo_9,locomo_9_qa109,4,568,2,1,one,1,1,1.0,1.0,1.0,1.0,1.0,1.0,1.0,1.0,1.0,1.0,1.0,1.0,1.0,1.0,1.0,1.0,1.0,1.0,0.0,-0.0
locomo_9,locomo_9_qa11,1,568,2,2,multi,1,1,0.0,0.0,0.0,0.0,0.0,0.0,0.0,0.0,0.0,0.0,0.0,0.0,0.0,0.0,0.0,0.0,0.0,0.0,0.0,-0.0
locomo_9,locomo_9_qa110,4,568,2,1,one,1,1,0.0,0.0,0.0,0.0,0.0,0.0,0.2,0.2,0.2,0.2,0.2,0.2,0.22000000000000003,0.22000000000000003,0.22000000000000003,0.22000000000000003,0.22000000000000003,0.22000000000000003,-20.0,20.0
locomo_9,locomo_9_qa111,4,568,2,2,multi,1,1,0.0,0.0,0.0,1.0,0.0,0.5,0.0,0.0,0.0,0.25,0.0,0.125,0.0,0.0,0.0,0.0,0.0,0.0,37.5,-37.5
locomo_9,locomo_9_qa112,4,568,2,1,one,1,1,0.0,0.0,0.0,0.0,0.0,0.0,0.4,0.4,0.4,0.4,0.4,0.4,0.4,0.4,0.4,0.4,0.4,0.4,-40.0,40.0
locomo_9,locomo_9_qa113,4,568,2,1,one,1,1,0.0,0.0,0.0,0.0,0.0,0.0,0.0,0.0,0.0,0.0,0.0,0.0,0.0,0.0,0.0,0.0,0.0,0.0,0.0,-0.0
locomo_9,locomo_9_qa114,4,568,2,2,multi,1,1,0.0,0.0,0.0,0.0,0.0,0.0,0.4,0.0,0.2,0.4,0.0,0.2,0.4,0.0,0.2,0.4,0.0,0.2,-20.0,20.0
locomo_9,locomo_9_qa115,4,568,2,1,one,1,1,0.0,0.0,0.0,0.0,0.0,0.0,0.0,0.0,0.0,0.0,0.0,0.0,0.0,0.0,0.0,0.0,0.0,0.0,0.0,-0.0
locomo_9,locomo_9_qa116,4,568,2,1,one,1,1,0.0,0.0,0.0,0.0,0.0,0.0,0.0,0.0,0.0,0.0,0.0,0.0,0.0,0.0,0.0,0.0,0.0,0.0,0.0,-0.0
locomo_9,locomo_9_qa117,4,568,2,1,one,1,1,0.0,0.0,0.0,0.0,0.0,0.0,0.0,0.0,0.0,0.0,0.0,0.0,0.0,0.0,0.0,0.0,0.0,0.0,0.0,-0.0
locomo_9,locomo_9_qa118,4,568,2,1,one,1,1,0.0,0.0,0.0,0.0,0.0,0.0,0.2,0.2,0.2,0.2,0.2,0.2,0.4,0.4,0.4,0.4,0.4,0.4,-20.0,20.0
locomo_9,locomo_9_qa119,4,568,2,1,one,1,1,0.0,0.0,0.0,0.0,0.0,0.0,0.0,0.0,0.0,0.0,0.0,0.0,0.0,0.0,0.0,0.0,0.0,0.0,0.0,-0.0
locomo_9,locomo_9_qa12,2,568,2,2,multi,1,1,0.0,0.0,0.0,0.0,0.0,0.0,0.0,0.0,0.0,0.0,0.0,0.0,0.0,0.0,0.0,0.0,0.0,0.0,0.0,-0.0
locomo_9,locomo_9_qa120,4,568,2,1,one,1,1,0.0,0.0,0.0,0.0,0.0,0.0,0.0,0.0,0.0,0.0,0.0,0.0,0.0,0.0,0.0,0.0,0.0,0.0,0.0,-0.0
locomo_9,locomo_9_qa121,4,568,2,1,one,1,1,0.0,0.0,0.0,0.0,0.0,0.0,0.0,0.0,0.0,0.0,0.0,0.0,0.0,0.0,0.0,0.0,0.0,0.0,0.0,-0.0
locomo_9,locomo_9_qa122,4,568,2,1,one,1,1,1.0,1.0,1.0,1.0,1.0,1.0,0.72,0.72,0.72,0.72,0.72,0.72,1.0,1.0,1.0,1.0,1.0,1.0,28.000000000000004,-28.000000000000004
locomo_9,locomo_9_qa123,4,568,2,1,one,1,1,0.0,0.0,0.0,0.0,0.0,0.0,0.0,0.0,0.0,0.0,0.0,0.0,0.0,0.0,0.0,0.0,0.0,0.0,0.0,-0.0
locomo_9,locomo_9_qa124,4,568,2,1,one,1,1,0.0,0.0,0.0,0.0,0.0,0.0,0.0,0.0,0.0,0.0,0.0,0.0,0.0,0.0,0.0,0.0,0.0,0.0,0.0,-0.0
locomo_9,locomo_9_qa125,4,568,2,1,one,1,1,0.0,0.0,0.0,0.0,0.0,0.0,0.0,0.0,0.0,0.0,0.0,0.0,0.0,0.0,0.0,0.0,0.0,0.0,0.0,-0.0
locomo_9,locomo_9_qa126,4,568,2,1,one,1,1,0.0,0.0,0.0,0.0,0.0,0.0,0.2,0.2,0.2,0.2,0.2,0.2,0.2,0.2,0.2,0.2,0.2,0.2,-20.0,20.0
locomo_9,locomo_9_qa127,4,568,2,1,one,1,1,1.0,1.0,1.0,1.0,1.0,1.0,0.0,0.0,0.0,0.0,0.0,0.0,0.2,0.2,0.2,0.2,0.2,0.2,100.0,-100.0
locomo_9,locomo_9_qa128,4,568,2,1,one,1,1,0.0,0.0,0.0,0.0,0.0,0.0,0.4,0.4,0.4,0.4,0.4,0.4,0.8,0.8,0.8,0.8,0.8,0.8,-40.0,40.0
locomo_9,locomo_9_qa129,4,568,2,1,one,1,1,0.0,0.0,0.0,0.0,0.0,0.0,0.0,0.0,0.0,0.0,0.0,0.0,0.2,0.2,0.2,0.2,0.2,0.2,0.0,-0.0
locomo_9,locomo_9_qa13,3,568,2,1,one,1,1,0.0,0.0,0.0,0.0,0.0,0.0,0.2,0.2,0.2,0.2,0.2,0.2,0.0,0.0,0.0,0.0,0.0,0.0,-20.0,20.0
locomo_9,locomo_9_qa130,4,568,2,1,one,1,1,0.0,0.0,0.0,0.0,0.0,0.0,0.12,0.12,0.12,0.12,0.12,0.12,0.4,0.4,0.4,0.4,0.4,0.4,-12.0,12.0
locomo_9,locomo_9_qa131,4,568,2,1,one,1,1,0.0,0.0,0.0,0.0,0.0,0.0,0.22000000000000003,0.22000000000000003,0.22000000000000003,0.22000000000000003,0.22000000000000003,0.22000000000000003,0.48,0.48,0.48,0.48,0.48,0.48,-22.000000000000004,22.000000000000004
locomo_9,locomo_9_qa132,4,568,2,1,one,1,1,0.55,0.55,0.55,0.55,0.55,0.55,0.0,0.0,0.0,0.0,0.0,0.0,0.0,0.0,0.0,0.0,0.0,0.0,55.00000000000001,-55.00000000000001
locomo_9,locomo_9_qa133,4,568,2,1,one,1,1,0.0,0.0,0.0,0.0,0.0,0.0,0.2,0.2,0.2,0.2,0.2,0.2,0.0,0.0,0.0,0.0,0.0,0.0,-20.0,20.0
locomo_9,locomo_9_qa134,4,568,2,1,one,1,1,0.0,0.0,0.0,0.0,0.0,0.0,0.0,0.0,0.0,0.0,0.0,0.0,0.0,0.0,0.0,0.0,0.0,0.0,0.0,-0.0
locomo_9,locomo_9_qa135,4,568,2,1,one,1,1,1.0,1.0,1.0,1.0,1.0,1.0,0.5900000000000001,0.5900000000000001,0.5900000000000001,0.5900000000000001,0.5900000000000001,0.5900000000000001,1.0,1.0,1.0,1.0,1.0,1.0,40.99999999999999,-40.99999999999999
locomo_9,locomo_9_qa136,4,568,2,1,one,1,1,0.0,0.0,0.0,0.0,0.0,0.0,0.0,0.0,0.0,0.0,0.0,0.0,0.0,0.0,0.0,0.0,0.0,0.0,0.0,-0.0
locomo_9,locomo_9_qa137,4,568,2,1,one,1,1,0.0,0.0,0.0,0.0,0.0,0.0,0.0,0.0,0.0,0.0,0.0,0.0,0.0,0.0,0.0,0.0,0.0,0.0,0.0,-0.0
locomo_9,locomo_9_qa138,4,568,2,1,one,1,1,0.0,0.0,0.0,0.0,0.0,0.0,0.0,0.0,0.0,0.0,0.0,0.0,0.0,0.0,0.0,0.0,0.0,0.0,0.0,-0.0
locomo_9,locomo_9_qa139,4,568,2,1,one,1,1,0.0,0.0,0.0,0.0,0.0,0.0,0.0,0.0,0.0,0.0,0.0,0.0,0.0,0.0,0.0,0.0,0.0,0.0,0.0,-0.0
locomo_9,locomo_9_qa14,2,568,2,1,one,1,1,1.0,1.0,1.0,1.0,1.0,1.0,0.6,0.6,0.6,0.6,0.6,0.6,0.8,0.8,0.8,0.8,0.8,0.8,40.0,-40.0
locomo_9,locomo_9_qa140,4,568,2,1,one,1,1,0.0,0.0,0.0,0.0,0.0,0.0,0.0,0.0,0.0,0.0,0.0,0.0,0.0,0.0,0.0,0.0,0.0,0.0,0.0,-0.0
locomo_9,locomo_9_qa141,4,568,2,1,one,1,1,0.3,0.3,0.3,0.3,0.3,0.3,0.0,0.0,0.0,0.0,0.0,0.0,0.0,0.0,0.0,0.0,0.0,0.0,30.0,-30.0
locomo_9,locomo_9_qa142,4,568,2,1,one,1,1,1.0,1.0,1.0,1.0,1.0,1.0,0.0,0.0,0.0,0.0,0.0,0.0,0.0,0.0,0.0,0.0,0.0,0.0,100.0,-100.0
locomo_9,locomo_9_qa143,4,568,2,1,one,1,1,0.0,0.0,0.0,0.0,0.0,0.0,0.0,0.0,0.0,0.0,0.0,0.0,0.0,0.0,0.0,0.0,0.0,0.0,0.0,-0.0
locomo_9,locomo_9_qa144,4,568,2,1,one,1,1,1.0,1.0,1.0,1.0,1.0,1.0,1.0,1.0,1.0,1.0,1.0,1.0,1.0,1.0,1.0,1.0,1.0,1.0,0.0,-0.0
locomo_9,locomo_9_qa145,4,568,2,1,one,1,1,1.0,1.0,1.0,1.0,1.0,1.0,0.4,0.4,0.4,0.4,0.4,0.4,0.8,0.8,0.8,0.8,0.8,0.8,60.0,-60.0
locomo_9,locomo_9_qa146,4,568,2,1,one,1,1,1.0,1.0,1.0,1.0,1.0,1.0,1.0,1.0,1.0,1.0,1.0,1.0,1.0,1.0,1.0,1.0,1.0,1.0,0.0,-0.0
locomo_9,locomo_9_qa147,4,568,2,1,one,1,1,1.0,1.0,1.0,1.0,1.0,1.0,0.0,0.0,0.0,0.0,0.0,0.0,0.0,0.0,0.0,0.0,0.0,0.0,100.0,-100.0
locomo_9,locomo_9_qa148,4,568,2,1,one,1,1,1.0,1.0,1.0,1.0,1.0,1.0,1.0,1.0,1.0,1.0,1.0,1.0,1.0,1.0,1.0,1.0,1.0,1.0,0.0,-0.0
locomo_9,locomo_9_qa149,4,568,2,1,one,1,1,0.0,0.0,0.0,0.0,0.0,0.0,0.25,0.25,0.25,0.25,0.25,0.25,0.0,0.0,0.0,0.0,0.0,0.0,-25.0,25.0
locomo_9,locomo_9_qa15,1,568,2,2,multi,1,1,0.0,0.0,0.0,0.0,0.0,0.0,0.0,0.0,0.0,0.0,0.0,0.0,0.2,0.0,0.1,0.2,0.0,0.1,0.0,-0.0
locomo_9,locomo_9_qa150,4,568,2,1,one,1,1,1.0,1.0,1.0,1.0,1.0,1.0,0.2,0.2,0.2,0.2,0.2,0.2,0.0,0.0,0.0,0.0,0.0,0.0,80.0,-80.0
locomo_9,locomo_9_qa151,4,568,2,1,one,1,1,0.0,0.0,0.0,0.0,0.0,0.0,0.0,0.0,0.0,0.0,0.0,0.0,0.0,0.0,0.0,0.0,0.0,0.0,0.0,-0.0
locomo_9,locomo_9_qa152,4,568,2,1,one,1,1,0.0,0.0,0.0,0.0,0.0,0.0,0.0,0.0,0.0,0.0,0.0,0.0,0.0,0.0,0.0,0.0,0.0,0.0,0.0,-0.0
locomo_9,locomo_9_qa153,4,568,2,1,one,1,1,0.0,0.0,0.0,0.0,0.0,0.0,0.0,0.0,0.0,0.0,0.0,0.0,0.0,0.0,0.0,0.0,0.0,0.0,0.0,-0.0
locomo_9,locomo_9_qa154,4,568,2,1,one,1,1,0.0,0.0,0.0,0.0,0.0,0.0,0.0,0.0,0.0,0.0,0.0,0.0,0.0,0.0,0.0,0.0,0.0,0.0,0.0,-0.0
locomo_9,locomo_9_qa155,4,568,2,1,one,1,1,0.0,0.0,0.0,0.0,0.0,0.0,0.0,0.0,0.0,0.0,0.0,0.0,0.0,0.0,0.0,0.0,0.0,0.0,0.0,-0.0
locomo_9,locomo_9_qa156,4,568,2,1,one,1,1,0.0,0.0,0.0,0.0,0.0,0.0,0.0,0.0,0.0,0.0,0.0,0.0,0.0,0.0,0.0,0.0,0.0,0.0,0.0,-0.0
locomo_9,locomo_9_qa157,4,568,2,1,one,1,1,1.0,1.0,1.0,1.0,1.0,1.0,0.8,0.8,0.8,0.8,0.8,0.8,0.8,0.8,0.8,0.8,0.8,0.8,19.999999999999996,-19.999999999999996
locomo_9,locomo_9_qa16,2,568,2,1,one,1,1,0.55,0.55,0.55,0.55,0.55,0.55,0.0,0.0,0.0,0.0,0.0,0.0,0.0,0.0,0.0,0.0,0.0,0.0,55.00000000000001,-55.00000000000001
locomo_9,locomo_9_qa17,2,568,2,1,one,1,1,0.0,0.0,0.0,0.0,0.0,0.0,0.0,0.0,0.0,0.0,0.0,0.0,0.0,0.0,0.0,0.0,0.0,0.0,0.0,-0.0
locomo_9,locomo_9_qa18,1,568,2,2,multi,1,1,0.7,0.0,0.35,0.7,0.0,0.35,0.0,0.0,0.0,0.0,0.0,0.0,0.12,0.0,0.06,0.12,0.0,0.06,35.0,-35.0
locomo_9,locomo_9_qa19,1,568,2,3,multi,1,1,0.0,0.0,0.0,0.0,0.0,0.0,0.32999999999999996,0.0,0.10999999999999999,0.32999999999999996,0.0,0.10999999999999999,0.5599999999999999,0.0,0.18666666666666662,0.5599999999999999,0.0,0.18666666666666662,-10.999999999999998,10.999999999999998
locomo_9,locomo_9_qa2,2,568,2,1,one,1,1,0.0,0.0,0.0,0.0,0.0,0.0,0.0,0.0,0.0,0.0,0.0,0.0,0.0,0.0,0.0,0.0,0.0,0.0,0.0,-0.0
locomo_9,locomo_9_qa20,1,568,2,3,multi,1,1,0.0,0.0,0.0,0.0,0.0,0.0,0.0,0.0,0.0,0.0,0.0,0.0,0.0,0.0,0.0,0.0,0.0,0.0,0.0,-0.0
locomo_9,locomo_9_qa21,3,568,2,2,multi,1,1,0.0,0.0,0.0,0.0,0.0,0.0,0.0,0.0,0.0,0.0,0.0,0.0,0.0,0.0,0.0,0.0,0.0,0.0,0.0,-0.0
locomo_9,locomo_9_qa22,1,568,2,2,multi,1,1,0.55,0.0,0.275,0.55,0.0,0.275,0.6,0.06999999999999999,0.335,0.6,0.06999999999999999,0.335,0.73,0.0,0.365,0.73,0.0,0.365,-6.0,6.0
locomo_9,locomo_9_qa23,1,568,2,4,multi,1,1,0.0,0.0,0.0,0.0,0.0,0.0,0.0,0.0,0.0,0.0,0.0,0.0,0.0,0.0,0.0,0.0,0.0,0.0,0.0,-0.0
locomo_9,locomo_9_qa24,1,568,2,3,multi,1,1,0.0,0.0,0.0,0.0,0.0,0.0,0.0,0.0,0.0,0.0,0.0,0.0,0.0,0.0,0.0,0.0,0.0,0.0,0.0,-0.0
locomo_9,locomo_9_qa25,2,568,2,1,one,1,1,1.0,1.0,1.0,1.0,1.0,1.0,0.29,0.29,0.29,0.29,0.29,0.29,0.2,0.2,0.2,0.2,0.2,0.2,71.0,-71.0
locomo_9,locomo_9_qa26,2,568,2,1,one,1,1,0.0,0.0,0.0,0.0,0.0,0.0,0.0,0.0,0.0,0.0,0.0,0.0,0.0,0.0,0.0,0.0,0.0,0.0,0.0,-0.0
locomo_9,locomo_9_qa27,2,568,2,1,one,1,1,0.0,0.0,0.0,0.0,0.0,0.0,0.0,0.0,0.0,0.0,0.0,0.0,0.0,0.0,0.0,0.0,0.0,0.0,0.0,-0.0
locomo_9,locomo_9_qa28,1,568,2,3,multi,1,1,0.0,0.0,0.0,0.0,0.0,0.0,0.0,0.0,0.0,0.0,0.0,0.0,0.2,0.0,0.06666666666666665,0.2,0.0,0.06666666666666665,0.0,-0.0
locomo_9,locomo_9_qa29,1,568,2,5,multi,1,1,0.0,0.0,0.0,0.0,0.0,0.0,0.0,0.0,0.0,0.0,0.0,0.0,0.0,0.0,0.0,0.0,0.0,0.0,0.0,-0.0
locomo_9,locomo_9_qa3,1,568,2,2,multi,1,1,0.0,0.0,0.0,0.0,0.0,0.0,0.0,0.0,0.0,0.0,0.0,0.0,0.0,0.0,0.0,0.0,0.0,0.0,0.0,-0.0
locomo_9,locomo_9_qa30,1,568,2,3,multi,1,1,0.0,0.0,0.0,0.0,0.0,0.0,0.55,0.0,0.1833333333333333,0.55,0.0,0.1833333333333333,0.2,0.0,0.06666666666666665,0.2,0.0,0.06666666666666665,-18.33333333333333,18.33333333333333
locomo_9,locomo_9_qa31,2,568,2,2,multi,1,1,0.0,0.0,0.0,0.0,0.0,0.0,0.0,0.0,0.0,0.0,0.0,0.0,0.0,0.0,0.0,0.0,0.0,0.0,0.0,-0.0
locomo_9,locomo_9_qa32,1,568,2,2,multi,1,1,1.0,0.0,0.5,1.0,0.0,0.5,0.8,0.2,0.5,0.8,0.2,0.5,1.0,0.5,0.75,1.0,0.5,0.75,0.0,-0.0
locomo_9,locomo_9_qa33,1,568,2,2,multi,1,1,0.0,0.0,0.0,0.0,0.0,0.0,0.2,0.0,0.1,0.2,0.0,0.1,0.9199999999999999,0.0,0.45999999999999996,0.9199999999999999,0.0,0.45999999999999996,-10.0,10.0
locomo_9,locomo_9_qa34,2,568,2,1,one,1,1,0.0,0.0,0.0,0.0,0.0,0.0,0.0,0.0,0.0,0.0,0.0,0.0,0.0,0.0,0.0,0.0,0.0,0.0,0.0,-0.0
locomo_9,locomo_9_qa35,2,568,2,1,one,1,1,1.0,1.0,1.0,1.0,1.0,1.0,0.0,0.0,0.0,0.0,0.0,0.0,0.0,0.0,0.0,0.0,0.0,0.0,100.0,-100.0
locomo_9,locomo_9_qa36,2,568,2,1,one,1,1,0.0,0.0,0.0,0.0,0.0,0.0,0.2,0.2,0.2,0.2,0.2,0.2,0.0,0.0,0.0,0.0,0.0,0.0,-20.0,20.0
locomo_9,locomo_9_qa37,3,568,2,3,multi,1,1,0.0,0.0,0.0,0.0,0.0,0.0,0.0,0.0,0.0,0.0,0.0,0.0,0.0,0.0,0.0,0.0,0.0,0.0,0.0,-0.0
locomo_9,locomo_9_qa38,2,568,2,1,one,1,1,0.0,0.0,0.0,0.0,0.0,0.0,0.0,0.0,0.0,0.0,0.0,0.0,0.0,0.0,0.0,0.0,0.0,0.0,0.0,-0.0
locomo_9,locomo_9_qa39,3,568,2,0,invalid_zero,0,0,,,,,,,,,,,,,,,,,,,,
locomo_9,locomo_9_qa4,3,568,2,2,multi,1,1,0.0,0.0,0.0,0.0,0.0,0.0,0.0,0.0,0.0,0.0,0.0,0.0,0.0,0.0,0.0,0.0,0.0,0.0,0.0,-0.0
locomo_9,locomo_9_qa40,1,568,2,2,multi,1,1,1.0,0.0,0.5,1.0,0.0,0.5,0.2,0.0,0.1,0.2,0.0,0.1,0.0,0.0,0.0,0.0,0.0,0.0,40.0,-40.0
locomo_9,locomo_9_qa41,1,568,2,2,multi,1,1,0.0,0.0,0.0,0.0,0.0,0.0,0.0,0.0,0.0,0.0,0.0,0.0,0.0,0.0,0.0,0.0,0.0,0.0,0.0,-0.0
locomo_9,locomo_9_qa42,3,568,2,0,invalid_zero,0,0,,,,,,,,,,,,,,,,,,,,
locomo_9,locomo_9_qa43,2,568,2,1,one,1,1,0.0,0.0,0.0,0.0,0.0,0.0,0.0,0.0,0.0,0.0,0.0,0.0,0.0,0.0,0.0,0.0,0.0,0.0,0.0,-0.0
locomo_9,locomo_9_qa44,2,568,2,1,one,1,1,0.0,0.0,0.0,0.0,0.0,0.0,0.0,0.0,0.0,0.0,0.0,0.0,0.4,0.4,0.4,0.4,0.4,0.4,0.0,-0.0
locomo_9,locomo_9_qa45,1,568,2,2,multi,1,1,0.0,0.0,0.0,0.0,0.0,0.0,0.0,0.0,0.0,0.0,0.0,0.0,0.0,0.0,0.0,0.0,0.0,0.0,0.0,-0.0
locomo_9,locomo_9_qa46,1,568,2,3,multi,1,1,0.0,0.0,0.0,0.0,0.0,0.0,0.0,0.0,0.0,0.0,0.0,0.0,0.0,0.0,0.0,0.0,0.0,0.0,0.0,-0.0
locomo_9,locomo_9_qa47,1,568,2,2,multi,1,1,0.0,0.0,0.0,0.0,0.0,0.0,0.0,0.0,0.0,0.0,0.0,0.0,0.11000000000000001,0.0,0.05500000000000001,0.11000000000000001,0.0,0.05500000000000001,0.0,-0.0
locomo_9,locomo_9_qa48,2,568,2,1,one,1,1,0.0,0.0,0.0,0.0,0.0,0.0,0.0,0.0,0.0,0.0,0.0,0.0,0.0,0.0,0.0,0.0,0.0,0.0,0.0,-0.0
locomo_9,locomo_9_qa49,1,568,2,3,multi,1,1,0.0,0.0,0.0,0.0,0.0,0.0,0.0,0.0,0.0,0.0,0.0,0.0,0.0,0.0,0.0,0.0,0.0,0.0,0.0,-0.0
locomo_9,locomo_9_qa5,1,568,2,2,multi,1,1,0.0,0.0,0.0,0.0,0.0,0.0,0.0,0.0,0.0,0.0,0.0,0.0,0.0,0.0,0.0,0.0,0.0,0.0,0.0,-0.0
locomo_9,locomo_9_qa50,2,568,2,1,one,1,1,0.0,0.0,0.0,0.0,0.0,0.0,0.0,0.0,0.0,0.0,0.0,0.0,0.0,0.0,0.0,0.0,0.0,0.0,0.0,-0.0
locomo_9,locomo_9_qa51,2,568,2,2,multi,1,1,1.0,0.0,0.5,1.0,0.0,0.5,0.4,0.0,0.2,0.4,0.0,0.2,0.2,0.0,0.1,0.2,0.0,0.1,30.0,-30.0
locomo_9,locomo_9_qa52,2,568,2,1,one,1,1,0.0,0.0,0.0,0.0,0.0,0.0,0.0,0.0,0.0,0.0,0.0,0.0,0.0,0.0,0.0,0.0,0.0,0.0,0.0,-0.0
locomo_9,locomo_9_qa53,1,568,2,2,multi,1,1,0.0,0.0,0.0,0.0,0.0,0.0,0.2,0.0,0.1,0.2,0.0,0.1,0.27999999999999997,0.0,0.13999999999999999,0.27999999999999997,0.0,0.13999999999999999,-10.0,10.0
locomo_9,locomo_9_qa54,1,568,2,2,multi,1,1,0.0,0.0,0.0,0.0,0.0,0.0,0.0,0.0,0.0,0.0,0.0,0.0,0.0,0.0,0.0,0.0,0.0,0.0,0.0,-0.0
locomo_9,locomo_9_qa55,2,568,2,1,one,1,1,1.0,1.0,1.0,1.0,1.0,1.0,1.0,1.0,1.0,1.0,1.0,1.0,1.0,1.0,1.0,1.0,1.0,1.0,0.0,-0.0
locomo_9,locomo_9_qa56,1,568,2,2,multi,1,1,0.0,0.0,0.0,0.0,0.0,0.0,0.0,0.0,0.0,0.0,0.0,0.0,0.0,0.0,0.0,0.0,0.0,0.0,0.0,-0.0
locomo_9,locomo_9_qa57,2,568,2,1,one,1,1,0.0,0.0,0.0,0.0,0.0,0.0,0.0,0.0,0.0,0.0,0.0,0.0,0.0,0.0,0.0,0.0,0.0,0.0,0.0,-0.0
locomo_9,locomo_9_qa58,1,568,2,4,multi,1,1,0.0,0.0,0.0,0.0,0.0,0.0,0.0,0.0,0.0,0.0,0.0,0.0,0.2,0.0,0.05,0.2,0.0,0.05,0.0,-0.0
locomo_9,locomo_9_qa59,1,568,2,2,multi,1,1,0.0,0.0,0.0,0.0,0.0,0.0,0.0,0.0,0.0,0.0,0.0,0.0,0.0,0.0,0.0,0.0,0.0,0.0,0.0,-0.0
locomo_9,locomo_9_qa6,1,568,2,4,multi,1,1,0.0,0.0,0.0,0.0,0.0,0.0,0.0,0.0,0.0,0.0,0.0,0.0,0.0,0.0,0.0,0.0,0.0,0.0,0.0,-0.0
locomo_9,locomo_9_qa60,1,568,2,3,multi,1,1,1.0,0.0,0.5333333333333332,1.0,0.0,0.5333333333333332,1.0,0.0,0.3999999999999999,1.0,0.0,0.3999999999999999,1.0,0.0,0.33333333333333326,1.0,0.0,0.33333333333333326,13.33333333333333,-13.33333333333333
locomo_9,locomo_9_qa61,2,568,2,3,multi,1,1,0.3,0.0,0.09999999999999999,0.3,0.0,0.09999999999999999,0.0,0.0,0.0,0.0,0.0,0.0,0.2,0.0,0.06666666666666665,0.2,0.0,0.06666666666666665,10.0,-10.0
locomo_9,locomo_9_qa62,2,568,2,2,multi,1,1,1.0,0.0,0.5,1.0,0.0,0.5,0.75,0.2,0.475,0.75,0.2,0.475,0.6900000000000001,0.12,0.40499999999999997,0.6900000000000001,0.12,0.40499999999999997,2.500000000000002,-2.500000000000002
locomo_9,locomo_9_qa63,1,568,2,5,multi,1,1,0.0,0.0,0.0,0.0,0.0,0.0,0.0,0.0,0.0,0.0,0.0,0.0,0.2,0.0,0.05,0.4,0.0,0.09800000000000002,0.0,-0.0
locomo_9,locomo_9_qa64,1,568,2,4,multi,1,1,1.0,0.0,0.5,1.0,0.0,0.5,1.0,0.0,0.4,1.0,0.0,0.4,1.0,0.0,0.47000000000000003,1.0,0.0,0.47000000000000003,9.999999999999998,-9.999999999999998
locomo_9,locomo_9_qa65,2,568,2,1,one,1,1,1.0,1.0,1.0,1.0,1.0,1.0,0.8,0.8,0.8,0.8,0.8,0.8,1.0,1.0,1.0,1.0,1.0,1.0,19.999999999999996,-19.999999999999996
locomo_9,locomo_9_qa66,1,568,2,4,multi,1,1,1.0,0.0,0.25,1.0,0.0,0.25,0.2,0.0,0.05,0.2,0.0,0.05,0.5700000000000001,0.0,0.14250000000000002,0.5700000000000001,0.0,0.14250000000000002,20.0,-20.0
locomo_9,locomo_9_qa67,2,568,2,1,one,1,1,0.0,0.0,0.0,0.0,0.0,0.0,0.0,0.0,0.0,0.0,0.0,0.0,0.2,0.2,0.2,0.2,0.2,0.2,0.0,-0.0
locomo_9,locomo_9_qa68,2,568,2,1,one,1,1,0.0,0.0,0.0,0.0,0.0,0.0,0.0,0.0,0.0,0.0,0.0,0.0,0.0,0.0,0.0,0.0,0.0,0.0,0.0,-0.0
locomo_9,locomo_9_qa69,2,568,2,1,one,0,1,,,,0.0,0.0,0.0,,,,0.0,0.0,0.0,,,,0.0,0.0,0.0,0.0,-0.0
locomo_9,locomo_9_qa7,3,568,2,1,one,1,1,0.65,0.65,0.65,0.65,0.65,0.65,0.2,0.2,0.2,0.2,0.2,0.2,0.0,0.0,0.0,0.0,0.0,0.0,45.0,-45.0
locomo_9,locomo_9_qa70,2,568,2,1,one,1,1,0.0,0.0,0.0,0.0,0.0,0.0,0.0,0.0,0.0,0.0,0.0,0.0,0.0,0.0,0.0,0.0,0.0,0.0,0.0,-0.0
locomo_9,locomo_9_qa71,4,568,2,1,one,1,1,0.0,0.0,0.0,0.0,0.0,0.0,0.0,0.0,0.0,0.0,0.0,0.0,0.0,0.0,0.0,0.0,0.0,0.0,0.0,-0.0
locomo_9,locomo_9_qa72,4,568,2,1,one,1,1,0.0,0.0,0.0,0.0,0.0,0.0,0.0,0.0,0.0,0.0,0.0,0.0,0.0,0.0,0.0,0.0,0.0,0.0,0.0,-0.0
locomo_9,locomo_9_qa73,4,568,2,1,one,1,1,0.0,0.0,0.0,0.0,0.0,0.0,0.0,0.0,0.0,0.0,0.0,0.0,0.0,0.0,0.0,0.0,0.0,0.0,0.0,-0.0
locomo_9,locomo_9_qa74,4,568,2,1,one,1,1,0.0,0.0,0.0,0.0,0.0,0.0,0.4,0.4,0.4,0.4,0.4,0.4,0.2,0.2,0.2,0.2,0.2,0.2,-40.0,40.0
locomo_9,locomo_9_qa75,4,568,2,1,one,1,1,0.0,0.0,0.0,0.0,0.0,0.0,0.0,0.0,0.0,0.0,0.0,0.0,0.0,0.0,0.0,0.0,0.0,0.0,0.0,-0.0
locomo_9,locomo_9_qa76,4,568,2,1,one,1,1,1.0,1.0,1.0,1.0,1.0,1.0,0.73,0.73,0.73,0.73,0.73,0.73,0.2,0.2,0.2,0.2,0.2,0.2,27.0,-27.0
locomo_9,locomo_9_qa77,4,568,2,1,one,1,1,0.0,0.0,0.0,0.0,0.0,0.0,0.0,0.0,0.0,0.0,0.0,0.0,0.0,0.0,0.0,0.0,0.0,0.0,0.0,-0.0
locomo_9,locomo_9_qa78,4,568,2,1,one,1,1,0.0,0.0,0.0,0.0,0.0,0.0,0.0,0.0,0.0,0.0,0.0,0.0,0.0,0.0,0.0,0.0,0.0,0.0,0.0,-0.0
locomo_9,locomo_9_qa79,4,568,2,1,one,1,1,0.0,0.0,0.0,0.0,0.0,0.0,0.0,0.0,0.0,0.0,0.0,0.0,0.0,0.0,0.0,0.0,0.0,0.0,0.0,-0.0
locomo_9,locomo_9_qa8,2,568,2,1,one,1,1,1.0,1.0,1.0,1.0,1.0,1.0,0.4,0.4,0.4,0.4,0.4,0.4,0.4,0.4,0.4,0.4,0.4,0.4,60.0,-60.0
locomo_9,locomo_9_qa80,4,568,2,1,one,1,1,1.0,1.0,1.0,1.0,1.0,1.0,0.51,0.51,0.51,0.51,0.51,0.51,1.0,1.0,1.0,1.0,1.0,1.0,49.0,-49.0
locomo_9,locomo_9_qa81,4,568,2,1,one,1,1,0.2,0.2,0.2,0.2,0.2,0.2,0.0,0.0,0.0,0.0,0.0,0.0,0.0,0.0,0.0,0.0,0.0,0.0,20.0,-20.0
locomo_9,locomo_9_qa82,4,568,2,1,one,1,1,0.0,0.0,0.0,0.0,0.0,0.0,0.0,0.0,0.0,0.0,0.0,0.0,0.0,0.0,0.0,0.0,0.0,0.0,0.0,-0.0
locomo_9,locomo_9_qa83,4,568,2,1,one,1,1,1.0,1.0,1.0,1.0,1.0,1.0,1.0,1.0,1.0,1.0,1.0,1.0,1.0,1.0,1.0,1.0,1.0,1.0,0.0,-0.0
locomo_9,locomo_9_qa84,4,568,2,1,one,1,1,1.0,1.0,1.0,1.0,1.0,1.0,0.37,0.37,0.37,0.37,0.37,0.37,0.93,0.93,0.93,0.93,0.93,0.93,63.0,-63.0
locomo_9,locomo_9_qa85,4,568,2,1,one,1,1,1.0,1.0,1.0,1.0,1.0,1.0,0.2,0.2,0.2,0.2,0.2,0.2,0.2,0.2,0.2,0.2,0.2,0.2,80.0,-80.0
locomo_9,locomo_9_qa86,4,568,2,1,one,1,1,1.0,1.0,1.0,1.0,1.0,1.0,0.8,0.8,0.8,0.8,0.8,0.8,0.6599999999999999,0.6599999999999999,0.6599999999999999,0.6599999999999999,0.6599999999999999,0.6599999999999999,19.999999999999996,-19.999999999999996
locomo_9,locomo_9_qa87,4,568,2,1,one,1,1,0.0,0.0,0.0,0.0,0.0,0.0,0.0,0.0,0.0,0.0,0.0,0.0,0.0,0.0,0.0,0.0,0.0,0.0,0.0,-0.0
locomo_9,locomo_9_qa88,4,568,2,1,one,1,1,0.0,0.0,0.0,0.0,0.0,0.0,0.0,0.0,0.0,0.0,0.0,0.0,0.0,0.0,0.0,0.0,0.0,0.0,0.0,-0.0
locomo_9,locomo_9_qa89,4,568,2,1,one,1,1,0.0,0.0,0.0,0.0,0.0,0.0,0.0,0.0,0.0,0.0,0.0,0.0,0.0,0.0,0.0,0.0,0.0,0.0,0.0,-0.0
locomo_9,locomo_9_qa9,2,568,2,1,one,1,1,1.0,1.0,1.0,1.0,1.0,1.0,0.0,0.0,0.0,0.0,0.0,0.0,0.0,0.0,0.0,0.0,0.0,0.0,100.0,-100.0
locomo_9,locomo_9_qa90,4,568,2,1,one,1,1,1.0,1.0,1.0,1.0,1.0,1.0,1.0,1.0,1.0,1.0,1.0,1.0,1.0,1.0,1.0,1.0,1.0,1.0,0.0,-0.0
locomo_9,locomo_9_qa91,4,568,2,1,one,1,1,1.0,1.0,1.0,1.0,1.0,1.0,0.0,0.0,0.0,0.0,0.0,0.0,0.0,0.0,0.0,0.0,0.0,0.0,100.0,-100.0
locomo_9,locomo_9_qa92,4,568,2,1,one,1,1,0.0,0.0,0.0,0.0,0.0,0.0,0.0,0.0,0.0,0.0,0.0,0.0,0.0,0.0,0.0,0.0,0.0,0.0,0.0,-0.0
locomo_9,locomo_9_qa93,4,568,2,1,one,1,1,0.0,0.0,0.0,0.0,0.0,0.0,0.6,0.6,0.6,0.6,0.6,0.6,0.53,0.53,0.53,0.53,0.53,0.53,-60.0,60.0
locomo_9,locomo_9_qa94,4,568,2,1,one,1,1,0.0,0.0,0.0,0.0,0.0,0.0,0.0,0.0,0.0,0.0,0.0,0.0,0.0,0.0,0.0,0.0,0.0,0.0,0.0,-0.0
locomo_9,locomo_9_qa95,4,568,2,1,one,1,1,0.0,0.0,0.0,0.0,0.0,0.0,0.2,0.2,0.2,0.2,0.2,0.2,0.6,0.6,0.6,0.6,0.6,0.6,-20.0,20.0
locomo_9,locomo_9_qa96,4,568,2,1,one,1,1,0.0,0.0,0.0,0.0,0.0,0.0,0.0,0.0,0.0,0.0,0.0,0.0,0.0,0.0,0.0,0.0,0.0,0.0,0.0,-0.0
locomo_9,locomo_9_qa97,4,568,2,1,one,1,1,0.0,0.0,0.0,0.0,0.0,0.0,0.0,0.0,0.0,0.0,0.0,0.0,0.0,0.0,0.0,0.0,0.0,0.0,0.0,-0.0
locomo_9,locomo_9_qa98,4,568,2,1,one,1,1,0.25,0.25,0.25,0.25,0.25,0.25,0.0,0.0,0.0,0.0,0.0,0.0,0.0,0.0,0.0,0.0,0.0,0.0,25.0,-25.0
locomo_9,locomo_9_qa99,4,568,2,1,one,1,1,1.0,1.0,1.0,1.0,1.0,1.0,0.4,0.4,0.4,0.4,0.4,0.4,0.6,0.6,0.6,0.6,0.6,0.6,60.0,-60.0
