source_row_ordinal_1based,N_archive,variant,component,shared_component_bytes,reference_96bit_code_volume_bytes,shared_component_to_code_volume_ratio
1,514,actual_numpy_fitted_float64,raw_array,73728,6168,11.95330739299611
1,514,actual_numpy_fitted_float64,npy_array_container,73856,6168,11.974059662775616
1,514,explicit_float32_conversion,raw_array,36864,6168,5.976653696498055
1,514,explicit_float32_conversion,npy_array_container,36992,6168,5.997405966277562
2,486,actual_numpy_fitted_float64,raw_array,73728,5832,12.641975308641975
2,486,actual_numpy_fitted_float64,npy_array_container,73856,5832,12.663923182441701
2,486,explicit_float32_conversion,raw_array,36864,5832,6.320987654320987
2,486,explicit_float32_conversion,npy_array_container,36992,5832,6.342935528120713
3,486,actual_numpy_fitted_float64,raw_array,73728,5832,12.641975308641975
3,486,actual_numpy_fitted_float64,npy_array_container,73856,5832,12.663923182441701
3,486,explicit_float32_conversion,raw_array,36864,5832,6.320987654320987
3,486,explicit_float32_conversion,npy_array_container,36992,5832,6.342935528120713
4,487,actual_numpy_fitted_float64,raw_array,73728,5844,12.616016427104723
4,487,actual_numpy_fitted_float64,npy_array_container,73856,5844,12.63791923340178
4,487,explicit_float32_conversion,raw_array,36864,5844,6.308008213552362
4,487,explicit_float32_conversion,npy_array_container,36992,5844,6.329911019849418
5,494,actual_numpy_fitted_float64,raw_array,73728,5928,12.437246963562753
5,494,actual_numpy_fitted_float64,npy_array_container,73856,5928,12.458839406207828
5,494,explicit_float32_conversion,raw_array,36864,5928,6.218623481781377
5,494,explicit_float32_conversion,npy_array_container,36992,5928,6.240215924426451
6,443,actual_numpy_fitted_float64,raw_array,73728,5316,13.869074492099323
6,443,actual_numpy_fitted_float64,npy_array_container,73856,5316,13.893152746425883
6,443,explicit_float32_conversion,raw_array,36864,5316,6.934537246049661
6,443,explicit_float32_conversion,npy_array_container,36992,5316,6.958615500376223
7,479,actual_numpy_fitted_float64,raw_array,73728,5748,12.826722338204593
7,479,actual_numpy_fitted_float64,npy_array_container,73856,5748,12.848990953375086
7,479,explicit_float32_conversion,raw_array,36864,5748,6.413361169102297
7,479,explicit_float32_conversion,npy_array_container,36992,5748,6.43562978427279
8,503,actual_numpy_fitted_float64,raw_array,73728,6036,12.214711729622266
8,503,actual_numpy_fitted_float64,npy_array_container,73856,6036,12.235917826375083
8,503,explicit_float32_conversion,raw_array,36864,6036,6.107355864811133
8,503,explicit_float32_conversion,npy_array_container,36992,6036,6.12856196156395
9,513,actual_numpy_fitted_float64,raw_array,73728,6156,11.976608187134502
9,513,actual_numpy_fitted_float64,npy_array_container,73856,6156,11.99740090968161
9,513,explicit_float32_conversion,raw_array,36864,6156,5.988304093567251
9,513,explicit_float32_conversion,npy_array_container,36992,6156,6.00909681611436
10,527,actual_numpy_fitted_float64,raw_array,73728,6324,11.658444022770398
10,527,actual_numpy_fitted_float64,npy_array_container,73856,6324,11.678684376976596
10,527,explicit_float32_conversion,raw_array,36864,6324,5.829222011385199
10,527,explicit_float32_conversion,npy_array_container,36992,6324,5.849462365591398
11,551,actual_numpy_fitted_float64,raw_array,73728,6612,11.150635208711433
11,551,actual_numpy_fitted_float64,npy_array_container,73856,6612,11.169993950393225
11,551,explicit_float32_conversion,raw_array,36864,6612,5.575317604355717
11,551,explicit_float32_conversion,npy_array_container,36992,6612,5.594676346037508
12,524,actual_numpy_fitted_float64,raw_array,73728,6288,11.725190839694656
12,524,actual_numpy_fitted_float64,npy_array_container,73856,6288,11.745547073791348
12,524,explicit_float32_conversion,raw_array,36864,6288,5.862595419847328
12,524,explicit_float32_conversion,npy_array_container,36992,6288,5.88295165394402
13,490,actual_numpy_fitted_float64,raw_array,73728,5880,12.538775510204081
13,490,actual_numpy_fitted_float64,npy_array_container,73856,5880,12.560544217687076
13,490,explicit_float32_conversion,raw_array,36864,5880,6.2693877551020405
13,490,explicit_float32_conversion,npy_array_container,36992,5880,6.291156462585034
14,484,actual_numpy_fitted_float64,raw_array,73728,5808,12.694214876033058
14,484,actual_numpy_fitted_float64,npy_array_container,73856,5808,12.71625344352617
14,484,explicit_float32_conversion,raw_array,36864,5808,6.347107438016529
14,484,explicit_float32_conversion,npy_array_container,36992,5808,6.369146005509642
15,480,actual_numpy_fitted_float64,raw_array,73728,5760,12.8
15,480,actual_numpy_fitted_float64,npy_array_container,73856,5760,12.822222222222223
15,480,explicit_float32_conversion,raw_array,36864,5760,6.4
15,480,explicit_float32_conversion,npy_array_container,36992,5760,6.4222222222222225
16,484,actual_numpy_fitted_float64,raw_array,73728,5808,12.694214876033058
16,484,actual_numpy_fitted_float64,npy_array_container,73856,5808,12.71625344352617
16,484,explicit_float32_conversion,raw_array,36864,5808,6.347107438016529
16,484,explicit_float32_conversion,npy_array_container,36992,5808,6.369146005509642
17,466,actual_numpy_fitted_float64,raw_array,73728,5592,13.184549356223176
17,466,actual_numpy_fitted_float64,npy_array_container,73856,5592,13.207439198855507
17,466,explicit_float32_conversion,raw_array,36864,5592,6.592274678111588
17,466,explicit_float32_conversion,npy_array_container,36992,5592,6.61516452074392
18,479,actual_numpy_fitted_float64,raw_array,73728,5748,12.826722338204593
18,479,actual_numpy_fitted_float64,npy_array_container,73856,5748,12.848990953375086
18,479,explicit_float32_conversion,raw_array,36864,5748,6.413361169102297
18,479,explicit_float32_conversion,npy_array_container,36992,5748,6.43562978427279
19,481,actual_numpy_fitted_float64,raw_array,73728,5772,12.773388773388774
19,481,actual_numpy_fitted_float64,npy_array_container,73856,5772,12.795564795564795
19,481,explicit_float32_conversion,raw_array,36864,5772,6.386694386694387
19,481,explicit_float32_conversion,npy_array_container,36992,5772,6.408870408870409
20,485,actual_numpy_fitted_float64,raw_array,73728,5820,12.668041237113401
20,485,actual_numpy_fitted_float64,npy_array_container,73856,5820,12.690034364261168
20,485,explicit_float32_conversion,raw_array,36864,5820,6.334020618556701
20,485,explicit_float32_conversion,npy_array_container,36992,5820,6.356013745704467
21,484,actual_numpy_fitted_float64,raw_array,73728,5808,12.694214876033058
21,484,actual_numpy_fitted_float64,npy_array_container,73856,5808,12.71625344352617
21,484,explicit_float32_conversion,raw_array,36864,5808,6.347107438016529
21,484,explicit_float32_conversion,npy_array_container,36992,5808,6.369146005509642
22,463,actual_numpy_fitted_float64,raw_array,73728,5556,13.269978401727862
22,463,actual_numpy_fitted_float64,npy_array_container,73856,5556,13.293016558675307
22,463,explicit_float32_conversion,raw_array,36864,5556,6.634989200863931
22,463,explicit_float32_conversion,npy_array_container,36992,5556,6.658027357811375
23,443,actual_numpy_fitted_float64,raw_array,73728,5316,13.869074492099323
23,443,actual_numpy_fitted_float64,npy_array_container,73856,5316,13.893152746425883
23,443,explicit_float32_conversion,raw_array,36864,5316,6.934537246049661
23,443,explicit_float32_conversion,npy_array_container,36992,5316,6.958615500376223
24,486,actual_numpy_fitted_float64,raw_array,73728,5832,12.641975308641975
24,486,actual_numpy_fitted_float64,npy_array_container,73856,5832,12.663923182441701
24,486,explicit_float32_conversion,raw_array,36864,5832,6.320987654320987
24,486,explicit_float32_conversion,npy_array_container,36992,5832,6.342935528120713
25,462,actual_numpy_fitted_float64,raw_array,73728,5544,13.2987012987013
25,462,actual_numpy_fitted_float64,npy_array_container,73856,5544,13.321789321789321
25,462,explicit_float32_conversion,raw_array,36864,5544,6.64935064935065
25,462,explicit_float32_conversion,npy_array_container,36992,5544,6.672438672438672
26,483,actual_numpy_fitted_float64,raw_array,73728,5796,12.720496894409937
26,483,actual_numpy_fitted_float64,npy_array_container,73856,5796,12.742581090407178
26,483,explicit_float32_conversion,raw_array,36864,5796,6.3602484472049685
26,483,explicit_float32_conversion,npy_array_container,36992,5796,6.382332643202209
27,481,actual_numpy_fitted_float64,raw_array,73728,5772,12.773388773388774
27,481,actual_numpy_fitted_float64,npy_array_container,73856,5772,12.795564795564795
27,481,explicit_float32_conversion,raw_array,36864,5772,6.386694386694387
27,481,explicit_float32_conversion,npy_array_container,36992,5772,6.408870408870409
28,450,actual_numpy_fitted_float64,raw_array,73728,5400,13.653333333333334
28,450,actual_numpy_fitted_float64,npy_array_container,73856,5400,13.677037037037037
28,450,explicit_float32_conversion,raw_array,36864,5400,6.826666666666667
28,450,explicit_float32_conversion,npy_array_container,36992,5400,6.850370370370371
29,460,actual_numpy_fitted_float64,raw_array,73728,5520,13.356521739130434
29,460,actual_numpy_fitted_float64,npy_array_container,73856,5520,13.379710144927536
29,460,explicit_float32_conversion,raw_array,36864,5520,6.678260869565217
29,460,explicit_float32_conversion,npy_array_container,36992,5520,6.701449275362319
30,475,actual_numpy_fitted_float64,raw_array,73728,5700,12.934736842105263
30,475,actual_numpy_fitted_float64,npy_array_container,73856,5700,12.95719298245614
30,475,explicit_float32_conversion,raw_array,36864,5700,6.467368421052631
30,475,explicit_float32_conversion,npy_array_container,36992,5700,6.489824561403509
31,489,actual_numpy_fitted_float64,raw_array,73728,5868,12.56441717791411
31,489,actual_numpy_fitted_float64,npy_array_container,73856,5868,12.586230402181322
31,489,explicit_float32_conversion,raw_array,36864,5868,6.282208588957055
31,489,explicit_float32_conversion,npy_array_container,36992,5868,6.304021813224267
32,466,actual_numpy_fitted_float64,raw_array,73728,5592,13.184549356223176
32,466,actual_numpy_fitted_float64,npy_array_container,73856,5592,13.207439198855507
32,466,explicit_float32_conversion,raw_array,36864,5592,6.592274678111588
32,466,explicit_float32_conversion,npy_array_container,36992,5592,6.61516452074392
33,472,actual_numpy_fitted_float64,raw_array,73728,5664,13.016949152542374
33,472,actual_numpy_fitted_float64,npy_array_container,73856,5664,13.03954802259887
33,472,explicit_float32_conversion,raw_array,36864,5664,6.508474576271187
33,472,explicit_float32_conversion,npy_array_container,36992,5664,6.531073446327683
34,485,actual_numpy_fitted_float64,raw_array,73728,5820,12.668041237113401
34,485,actual_numpy_fitted_float64,npy_array_container,73856,5820,12.690034364261168
34,485,explicit_float32_conversion,raw_array,36864,5820,6.334020618556701
34,485,explicit_float32_conversion,npy_array_container,36992,5820,6.356013745704467
35,467,actual_numpy_fitted_float64,raw_array,73728,5604,13.156316916488223
35,467,actual_numpy_fitted_float64,npy_array_container,73856,5604,13.179157744468236
35,467,explicit_float32_conversion,raw_array,36864,5604,6.578158458244111
35,467,explicit_float32_conversion,npy_array_container,36992,5604,6.600999286224126
36,451,actual_numpy_fitted_float64,raw_array,73728,5412,13.623059866962306
36,451,actual_numpy_fitted_float64,npy_array_container,73856,5412,13.646711012564671
36,451,explicit_float32_conversion,raw_array,36864,5412,6.811529933481153
36,451,explicit_float32_conversion,npy_array_container,36992,5412,6.835181079083518
37,478,actual_numpy_fitted_float64,raw_array,73728,5736,12.853556485355648
37,478,actual_numpy_fitted_float64,npy_array_container,73856,5736,12.87587168758717
37,478,explicit_float32_conversion,raw_array,36864,5736,6.426778242677824
37,478,explicit_float32_conversion,npy_array_container,36992,5736,6.449093444909344
38,474,actual_numpy_fitted_float64,raw_array,73728,5688,12.962025316455696
38,474,actual_numpy_fitted_float64,npy_array_container,73856,5688,12.9845288326301
38,474,explicit_float32_conversion,raw_array,36864,5688,6.481012658227848
38,474,explicit_float32_conversion,npy_array_container,36992,5688,6.50351617440225
39,503,actual_numpy_fitted_float64,raw_array,73728,6036,12.214711729622266
39,503,actual_numpy_fitted_float64,npy_array_container,73856,6036,12.235917826375083
39,503,explicit_float32_conversion,raw_array,36864,6036,6.107355864811133
39,503,explicit_float32_conversion,npy_array_container,36992,6036,6.12856196156395
40,509,actual_numpy_fitted_float64,raw_array,73728,6108,12.070726915520629
40,509,actual_numpy_fitted_float64,npy_array_container,73856,6108,12.091683038637852
40,509,explicit_float32_conversion,raw_array,36864,6108,6.035363457760314
40,509,explicit_float32_conversion,npy_array_container,36992,6108,6.056319580877537
41,473,actual_numpy_fitted_float64,raw_array,73728,5676,12.989429175475687
41,473,actual_numpy_fitted_float64,npy_array_container,73856,5676,13.011980267794222
41,473,explicit_float32_conversion,raw_array,36864,5676,6.494714587737843
41,473,explicit_float32_conversion,npy_array_container,36992,5676,6.5172656800563775
42,436,actual_numpy_fitted_float64,raw_array,73728,5232,14.091743119266056
42,436,actual_numpy_fitted_float64,npy_array_container,73856,5232,14.116207951070336
42,436,explicit_float32_conversion,raw_array,36864,5232,7.045871559633028
42,436,explicit_float32_conversion,npy_array_container,36992,5232,7.0703363914373085
43,503,actual_numpy_fitted_float64,raw_array,73728,6036,12.214711729622266
43,503,actual_numpy_fitted_float64,npy_array_container,73856,6036,12.235917826375083
43,503,explicit_float32_conversion,raw_array,36864,6036,6.107355864811133
43,503,explicit_float32_conversion,npy_array_container,36992,6036,6.12856196156395
44,486,actual_numpy_fitted_float64,raw_array,73728,5832,12.641975308641975
44,486,actual_numpy_fitted_float64,npy_array_container,73856,5832,12.663923182441701
44,486,explicit_float32_conversion,raw_array,36864,5832,6.320987654320987
44,486,explicit_float32_conversion,npy_array_container,36992,5832,6.342935528120713
45,515,actual_numpy_fitted_float64,raw_array,73728,6180,11.930097087378641
45,515,actual_numpy_fitted_float64,npy_array_container,73856,6180,11.950809061488673
45,515,explicit_float32_conversion,raw_array,36864,6180,5.965048543689321
45,515,explicit_float32_conversion,npy_array_container,36992,6180,5.985760517799353
46,482,actual_numpy_fitted_float64,raw_array,73728,5784,12.746887966804978
46,482,actual_numpy_fitted_float64,npy_array_container,73856,5784,12.769017980636239
46,482,explicit_float32_conversion,raw_array,36864,5784,6.373443983402489
46,482,explicit_float32_conversion,npy_array_container,36992,5784,6.395573997233749
47,532,actual_numpy_fitted_float64,raw_array,73728,6384,11.548872180451127
47,532,actual_numpy_fitted_float64,npy_array_container,73856,6384,11.568922305764412
47,532,explicit_float32_conversion,raw_array,36864,6384,5.774436090225564
47,532,explicit_float32_conversion,npy_array_container,36992,6384,5.794486215538847
48,501,actual_numpy_fitted_float64,raw_array,73728,6012,12.263473053892216
48,501,actual_numpy_fitted_float64,npy_array_container,73856,6012,12.284763805721889
48,501,explicit_float32_conversion,raw_array,36864,6012,6.131736526946108
48,501,explicit_float32_conversion,npy_array_container,36992,6012,6.153027278775782
49,466,actual_numpy_fitted_float64,raw_array,73728,5592,13.184549356223176
49,466,actual_numpy_fitted_float64,npy_array_container,73856,5592,13.207439198855507
49,466,explicit_float32_conversion,raw_array,36864,5592,6.592274678111588
49,466,explicit_float32_conversion,npy_array_container,36992,5592,6.61516452074392
50,548,actual_numpy_fitted_float64,raw_array,73728,6576,11.211678832116789
50,548,actual_numpy_fitted_float64,npy_array_container,73856,6576,11.231143552311435
50,548,explicit_float32_conversion,raw_array,36864,6576,5.605839416058394
50,548,explicit_float32_conversion,npy_array_container,36992,6576,5.625304136253042
51,462,actual_numpy_fitted_float64,raw_array,73728,5544,13.2987012987013
51,462,actual_numpy_fitted_float64,npy_array_container,73856,5544,13.321789321789321
51,462,explicit_float32_conversion,raw_array,36864,5544,6.64935064935065
51,462,explicit_float32_conversion,npy_array_container,36992,5544,6.672438672438672
52,485,actual_numpy_fitted_float64,raw_array,73728,5820,12.668041237113401
52,485,actual_numpy_fitted_float64,npy_array_container,73856,5820,12.690034364261168
52,485,explicit_float32_conversion,raw_array,36864,5820,6.334020618556701
52,485,explicit_float32_conversion,npy_array_container,36992,5820,6.356013745704467
53,506,actual_numpy_fitted_float64,raw_array,73728,6072,12.142292490118576
53,506,actual_numpy_fitted_float64,npy_array_container,73856,6072,12.163372859025033
53,506,explicit_float32_conversion,raw_array,36864,6072,6.071146245059288
53,506,explicit_float32_conversion,npy_array_container,36992,6072,6.092226613965744
54,474,actual_numpy_fitted_float64,raw_array,73728,5688,12.962025316455696
54,474,actual_numpy_fitted_float64,npy_array_container,73856,5688,12.9845288326301
54,474,explicit_float32_conversion,raw_array,36864,5688,6.481012658227848
54,474,explicit_float32_conversion,npy_array_container,36992,5688,6.50351617440225
55,462,actual_numpy_fitted_float64,raw_array,73728,5544,13.2987012987013
55,462,actual_numpy_fitted_float64,npy_array_container,73856,5544,13.321789321789321
55,462,explicit_float32_conversion,raw_array,36864,5544,6.64935064935065
55,462,explicit_float32_conversion,npy_array_container,36992,5544,6.672438672438672
56,473,actual_numpy_fitted_float64,raw_array,73728,5676,12.989429175475687
56,473,actual_numpy_fitted_float64,npy_array_container,73856,5676,13.011980267794222
56,473,explicit_float32_conversion,raw_array,36864,5676,6.494714587737843
56,473,explicit_float32_conversion,npy_array_container,36992,5676,6.5172656800563775
57,510,actual_numpy_fitted_float64,raw_array,73728,6120,12.047058823529412
57,510,actual_numpy_fitted_float64,npy_array_container,73856,6120,12.06797385620915
57,510,explicit_float32_conversion,raw_array,36864,6120,6.023529411764706
57,510,explicit_float32_conversion,npy_array_container,36992,6120,6.044444444444444
58,522,actual_numpy_fitted_float64,raw_array,73728,6264,11.770114942528735
58,522,actual_numpy_fitted_float64,npy_array_container,73856,6264,11.790549169859515
58,522,explicit_float32_conversion,raw_array,36864,6264,5.885057471264368
58,522,explicit_float32_conversion,npy_array_container,36992,6264,5.905491698595147
59,494,actual_numpy_fitted_float64,raw_array,73728,5928,12.437246963562753
59,494,actual_numpy_fitted_float64,npy_array_container,73856,5928,12.458839406207828
59,494,explicit_float32_conversion,raw_array,36864,5928,6.218623481781377
59,494,explicit_float32_conversion,npy_array_container,36992,5928,6.240215924426451
60,523,actual_numpy_fitted_float64,raw_array,73728,6276,11.747609942638624
60,523,actual_numpy_fitted_float64,npy_array_container,73856,6276,11.768005098789038
60,523,explicit_float32_conversion,raw_array,36864,6276,5.873804971319312
60,523,explicit_float32_conversion,npy_array_container,36992,6276,5.894200127469726
61,512,actual_numpy_fitted_float64,raw_array,73728,6144,12.0
61,512,actual_numpy_fitted_float64,npy_array_container,73856,6144,12.020833333333334
61,512,explicit_float32_conversion,raw_array,36864,6144,6.0
61,512,explicit_float32_conversion,npy_array_container,36992,6144,6.020833333333333
62,497,actual_numpy_fitted_float64,raw_array,73728,5964,12.362173038229376
62,497,actual_numpy_fitted_float64,npy_array_container,73856,5964,12.383635144198525
62,497,explicit_float32_conversion,raw_array,36864,5964,6.181086519114688
62,497,explicit_float32_conversion,npy_array_container,36992,5964,6.202548625083836
63,473,actual_numpy_fitted_float64,raw_array,73728,5676,12.989429175475687
63,473,actual_numpy_fitted_float64,npy_array_container,73856,5676,13.011980267794222
63,473,explicit_float32_conversion,raw_array,36864,5676,6.494714587737843
63,473,explicit_float32_conversion,npy_array_container,36992,5676,6.5172656800563775
64,493,actual_numpy_fitted_float64,raw_array,73728,5916,12.462474645030426
64,493,actual_numpy_fitted_float64,npy_array_container,73856,5916,12.484110885733603
64,493,explicit_float32_conversion,raw_array,36864,5916,6.231237322515213
64,493,explicit_float32_conversion,npy_array_container,36992,5916,6.252873563218391
65,523,actual_numpy_fitted_float64,raw_array,73728,6276,11.747609942638624
65,523,actual_numpy_fitted_float64,npy_array_container,73856,6276,11.768005098789038
65,523,explicit_float32_conversion,raw_array,36864,6276,5.873804971319312
65,523,explicit_float32_conversion,npy_array_container,36992,6276,5.894200127469726
66,506,actual_numpy_fitted_float64,raw_array,73728,6072,12.142292490118576
66,506,actual_numpy_fitted_float64,npy_array_container,73856,6072,12.163372859025033
66,506,explicit_float32_conversion,raw_array,36864,6072,6.071146245059288
66,506,explicit_float32_conversion,npy_array_container,36992,6072,6.092226613965744
67,478,actual_numpy_fitted_float64,raw_array,73728,5736,12.853556485355648
67,478,actual_numpy_fitted_float64,npy_array_container,73856,5736,12.87587168758717
67,478,explicit_float32_conversion,raw_array,36864,5736,6.426778242677824
67,478,explicit_float32_conversion,npy_array_container,36992,5736,6.449093444909344
68,498,actual_numpy_fitted_float64,raw_array,73728,5976,12.337349397590362
68,498,actual_numpy_fitted_float64,npy_array_container,73856,5976,12.358768406961177
68,498,explicit_float32_conversion,raw_array,36864,5976,6.168674698795181
68,498,explicit_float32_conversion,npy_array_container,36992,5976,6.190093708165997
69,491,actual_numpy_fitted_float64,raw_array,73728,5892,12.513238289205702
69,491,actual_numpy_fitted_float64,npy_array_container,73856,5892,12.534962661235573
69,491,explicit_float32_conversion,raw_array,36864,5892,6.256619144602851
69,491,explicit_float32_conversion,npy_array_container,36992,5892,6.278343516632722
70,475,actual_numpy_fitted_float64,raw_array,73728,5700,12.934736842105263
70,475,actual_numpy_fitted_float64,npy_array_container,73856,5700,12.95719298245614
70,475,explicit_float32_conversion,raw_array,36864,5700,6.467368421052631
70,475,explicit_float32_conversion,npy_array_container,36992,5700,6.489824561403509
71,500,actual_numpy_fitted_float64,raw_array,73728,6000,12.288
71,500,actual_numpy_fitted_float64,npy_array_container,73856,6000,12.309333333333333
71,500,explicit_float32_conversion,raw_array,36864,6000,6.144
71,500,explicit_float32_conversion,npy_array_container,36992,6000,6.165333333333334
72,431,actual_numpy_fitted_float64,raw_array,73728,5172,14.25522041763341
72,431,actual_numpy_fitted_float64,npy_array_container,73856,5172,14.279969064191802
72,431,explicit_float32_conversion,raw_array,36864,5172,7.127610208816705
72,431,explicit_float32_conversion,npy_array_container,36992,5172,7.1523588553750965
73,496,actual_numpy_fitted_float64,raw_array,73728,5952,12.387096774193548
73,496,actual_numpy_fitted_float64,npy_array_container,73856,5952,12.408602150537634
73,496,explicit_float32_conversion,raw_array,36864,5952,6.193548387096774
73,496,explicit_float32_conversion,npy_array_container,36992,5952,6.21505376344086
74,479,actual_numpy_fitted_float64,raw_array,73728,5748,12.826722338204593
74,479,actual_numpy_fitted_float64,npy_array_container,73856,5748,12.848990953375086
74,479,explicit_float32_conversion,raw_array,36864,5748,6.413361169102297
74,479,explicit_float32_conversion,npy_array_container,36992,5748,6.43562978427279
75,491,actual_numpy_fitted_float64,raw_array,73728,5892,12.513238289205702
75,491,actual_numpy_fitted_float64,npy_array_container,73856,5892,12.534962661235573
75,491,explicit_float32_conversion,raw_array,36864,5892,6.256619144602851
75,491,explicit_float32_conversion,npy_array_container,36992,5892,6.278343516632722
76,478,actual_numpy_fitted_float64,raw_array,73728,5736,12.853556485355648
76,478,actual_numpy_fitted_float64,npy_array_container,73856,5736,12.87587168758717
76,478,explicit_float32_conversion,raw_array,36864,5736,6.426778242677824
76,478,explicit_float32_conversion,npy_array_container,36992,5736,6.449093444909344
77,529,actual_numpy_fitted_float64,raw_array,73728,6348,11.61436672967864
77,529,actual_numpy_fitted_float64,npy_array_container,73856,6348,11.634530560806553
77,529,explicit_float32_conversion,raw_array,36864,6348,5.80718336483932
77,529,explicit_float32_conversion,npy_array_container,36992,6348,5.827347195967234
78,480,actual_numpy_fitted_float64,raw_array,73728,5760,12.8
78,480,actual_numpy_fitted_float64,npy_array_container,73856,5760,12.822222222222223
78,480,explicit_float32_conversion,raw_array,36864,5760,6.4
78,480,explicit_float32_conversion,npy_array_container,36992,5760,6.4222222222222225
79,494,actual_numpy_fitted_float64,raw_array,73728,5928,12.437246963562753
79,494,actual_numpy_fitted_float64,npy_array_container,73856,5928,12.458839406207828
79,494,explicit_float32_conversion,raw_array,36864,5928,6.218623481781377
79,494,explicit_float32_conversion,npy_array_container,36992,5928,6.240215924426451
80,485,actual_numpy_fitted_float64,raw_array,73728,5820,12.668041237113401
80,485,actual_numpy_fitted_float64,npy_array_container,73856,5820,12.690034364261168
80,485,explicit_float32_conversion,raw_array,36864,5820,6.334020618556701
80,485,explicit_float32_conversion,npy_array_container,36992,5820,6.356013745704467
81,487,actual_numpy_fitted_float64,raw_array,73728,5844,12.616016427104723
81,487,actual_numpy_fitted_float64,npy_array_container,73856,5844,12.63791923340178
81,487,explicit_float32_conversion,raw_array,36864,5844,6.308008213552362
81,487,explicit_float32_conversion,npy_array_container,36992,5844,6.329911019849418
82,500,actual_numpy_fitted_float64,raw_array,73728,6000,12.288
82,500,actual_numpy_fitted_float64,npy_array_container,73856,6000,12.309333333333333
82,500,explicit_float32_conversion,raw_array,36864,6000,6.144
82,500,explicit_float32_conversion,npy_array_container,36992,6000,6.165333333333334
83,524,actual_numpy_fitted_float64,raw_array,73728,6288,11.725190839694656
83,524,actual_numpy_fitted_float64,npy_array_container,73856,6288,11.745547073791348
83,524,explicit_float32_conversion,raw_array,36864,6288,5.862595419847328
83,524,explicit_float32_conversion,npy_array_container,36992,6288,5.88295165394402
84,475,actual_numpy_fitted_float64,raw_array,73728,5700,12.934736842105263
84,475,actual_numpy_fitted_float64,npy_array_container,73856,5700,12.95719298245614
84,475,explicit_float32_conversion,raw_array,36864,5700,6.467368421052631
84,475,explicit_float32_conversion,npy_array_container,36992,5700,6.489824561403509
85,539,actual_numpy_fitted_float64,raw_array,73728,6468,11.398886827458256
85,539,actual_numpy_fitted_float64,npy_array_container,73856,6468,11.418676561533704
85,539,explicit_float32_conversion,raw_array,36864,6468,5.699443413729128
85,539,explicit_float32_conversion,npy_array_container,36992,6468,5.719233147804577
86,519,actual_numpy_fitted_float64,raw_array,73728,6228,11.83815028901734
86,519,actual_numpy_fitted_float64,npy_array_container,73856,6228,11.858702633269107
86,519,explicit_float32_conversion,raw_array,36864,6228,5.91907514450867
86,519,explicit_float32_conversion,npy_array_container,36992,6228,5.939627488760436
87,545,actual_numpy_fitted_float64,raw_array,73728,6540,11.273394495412845
87,545,actual_numpy_fitted_float64,npy_array_container,73856,6540,11.29296636085627
87,545,explicit_float32_conversion,raw_array,36864,6540,5.636697247706422
87,545,explicit_float32_conversion,npy_array_container,36992,6540,5.656269113149847
88,490,actual_numpy_fitted_float64,raw_array,73728,5880,12.538775510204081
88,490,actual_numpy_fitted_float64,npy_array_container,73856,5880,12.560544217687076
88,490,explicit_float32_conversion,raw_array,36864,5880,6.2693877551020405
88,490,explicit_float32_conversion,npy_array_container,36992,5880,6.291156462585034
89,498,actual_numpy_fitted_float64,raw_array,73728,5976,12.337349397590362
89,498,actual_numpy_fitted_float64,npy_array_container,73856,5976,12.358768406961177
89,498,explicit_float32_conversion,raw_array,36864,5976,6.168674698795181
89,498,explicit_float32_conversion,npy_array_container,36992,5976,6.190093708165997
90,533,actual_numpy_fitted_float64,raw_array,73728,6396,11.527204502814259
90,533,actual_numpy_fitted_float64,npy_array_container,73856,6396,11.547217010631645
90,533,explicit_float32_conversion,raw_array,36864,6396,5.7636022514071295
90,533,explicit_float32_conversion,npy_array_container,36992,6396,5.783614759224515
91,567,actual_numpy_fitted_float64,raw_array,73728,6804,10.835978835978835
91,567,actual_numpy_fitted_float64,npy_array_container,73856,6804,10.854791299235744
91,567,explicit_float32_conversion,raw_array,36864,6804,5.417989417989418
91,567,explicit_float32_conversion,npy_array_container,36992,6804,5.436801881246326
92,538,actual_numpy_fitted_float64,raw_array,73728,6456,11.420074349442379
92,538,actual_numpy_fitted_float64,npy_array_container,73856,6456,11.439900867410161
92,538,explicit_float32_conversion,raw_array,36864,6456,5.710037174721189
92,538,explicit_float32_conversion,npy_array_container,36992,6456,5.729863692688972
93,479,actual_numpy_fitted_float64,raw_array,73728,5748,12.826722338204593
93,479,actual_numpy_fitted_float64,npy_array_container,73856,5748,12.848990953375086
93,479,explicit_float32_conversion,raw_array,36864,5748,6.413361169102297
93,479,explicit_float32_conversion,npy_array_container,36992,5748,6.43562978427279
94,470,actual_numpy_fitted_float64,raw_array,73728,5640,13.072340425531914
94,470,actual_numpy_fitted_float64,npy_array_container,73856,5640,13.095035460992907
94,470,explicit_float32_conversion,raw_array,36864,5640,6.536170212765957
94,470,explicit_float32_conversion,npy_array_container,36992,5640,6.55886524822695
95,431,actual_numpy_fitted_float64,raw_array,73728,5172,14.25522041763341
95,431,actual_numpy_fitted_float64,npy_array_container,73856,5172,14.279969064191802
95,431,explicit_float32_conversion,raw_array,36864,5172,7.127610208816705
95,431,explicit_float32_conversion,npy_array_container,36992,5172,7.1523588553750965
96,542,actual_numpy_fitted_float64,raw_array,73728,6504,11.335793357933579
96,542,actual_numpy_fitted_float64,npy_array_container,73856,6504,11.355473554735548
96,542,explicit_float32_conversion,raw_array,36864,6504,5.667896678966789
96,542,explicit_float32_conversion,npy_array_container,36992,6504,5.687576875768758
97,526,actual_numpy_fitted_float64,raw_array,73728,6312,11.680608365019012
97,526,actual_numpy_fitted_float64,npy_array_container,73856,6312,11.700887198986058
97,526,explicit_float32_conversion,raw_array,36864,6312,5.840304182509506
97,526,explicit_float32_conversion,npy_array_container,36992,6312,5.860583016476553
98,490,actual_numpy_fitted_float64,raw_array,73728,5880,12.538775510204081
98,490,actual_numpy_fitted_float64,npy_array_container,73856,5880,12.560544217687076
98,490,explicit_float32_conversion,raw_array,36864,5880,6.2693877551020405
98,490,explicit_float32_conversion,npy_array_container,36992,5880,6.291156462585034
99,515,actual_numpy_fitted_float64,raw_array,73728,6180,11.930097087378641
99,515,actual_numpy_fitted_float64,npy_array_container,73856,6180,11.950809061488673
99,515,explicit_float32_conversion,raw_array,36864,6180,5.965048543689321
99,515,explicit_float32_conversion,npy_array_container,36992,6180,5.985760517799353
100,453,actual_numpy_fitted_float64,raw_array,73728,5436,13.562913907284768
100,453,actual_numpy_fitted_float64,npy_array_container,73856,5436,13.586460632818248
100,453,explicit_float32_conversion,raw_array,36864,5436,6.781456953642384
100,453,explicit_float32_conversion,npy_array_container,36992,5436,6.805003679175865
101,449,actual_numpy_fitted_float64,raw_array,73728,5388,13.683741648106905
101,449,actual_numpy_fitted_float64,npy_array_container,73856,5388,13.707498144023756
101,449,explicit_float32_conversion,raw_array,36864,5388,6.841870824053452
101,449,explicit_float32_conversion,npy_array_container,36992,5388,6.865627319970304
102,523,actual_numpy_fitted_float64,raw_array,73728,6276,11.747609942638624
102,523,actual_numpy_fitted_float64,npy_array_container,73856,6276,11.768005098789038
102,523,explicit_float32_conversion,raw_array,36864,6276,5.873804971319312
102,523,explicit_float32_conversion,npy_array_container,36992,6276,5.894200127469726
103,531,actual_numpy_fitted_float64,raw_array,73728,6372,11.570621468926554
103,531,actual_numpy_fitted_float64,npy_array_container,73856,6372,11.590709353421218
103,531,explicit_float32_conversion,raw_array,36864,6372,5.785310734463277
103,531,explicit_float32_conversion,npy_array_container,36992,6372,5.805398618957941
104,476,actual_numpy_fitted_float64,raw_array,73728,5712,12.907563025210084
104,476,actual_numpy_fitted_float64,npy_array_container,73856,5712,12.929971988795518
104,476,explicit_float32_conversion,raw_array,36864,5712,6.453781512605042
104,476,explicit_float32_conversion,npy_array_container,36992,5712,6.476190476190476
105,521,actual_numpy_fitted_float64,raw_array,73728,6252,11.792706333973129
105,521,actual_numpy_fitted_float64,npy_array_container,73856,6252,11.813179782469609
105,521,explicit_float32_conversion,raw_array,36864,6252,5.8963531669865645
105,521,explicit_float32_conversion,npy_array_container,36992,6252,5.916826615483045
106,477,actual_numpy_fitted_float64,raw_array,73728,5724,12.880503144654089
106,477,actual_numpy_fitted_float64,npy_array_container,73856,5724,12.902865129280224
106,477,explicit_float32_conversion,raw_array,36864,5724,6.440251572327044
106,477,explicit_float32_conversion,npy_array_container,36992,5724,6.46261355695318
107,485,actual_numpy_fitted_float64,raw_array,73728,5820,12.668041237113401
107,485,actual_numpy_fitted_float64,npy_array_container,73856,5820,12.690034364261168
107,485,explicit_float32_conversion,raw_array,36864,5820,6.334020618556701
107,485,explicit_float32_conversion,npy_array_container,36992,5820,6.356013745704467
108,503,actual_numpy_fitted_float64,raw_array,73728,6036,12.214711729622266
108,503,actual_numpy_fitted_float64,npy_array_container,73856,6036,12.235917826375083
108,503,explicit_float32_conversion,raw_array,36864,6036,6.107355864811133
108,503,explicit_float32_conversion,npy_array_container,36992,6036,6.12856196156395
109,509,actual_numpy_fitted_float64,raw_array,73728,6108,12.070726915520629
109,509,actual_numpy_fitted_float64,npy_array_container,73856,6108,12.091683038637852
109,509,explicit_float32_conversion,raw_array,36864,6108,6.035363457760314
109,509,explicit_float32_conversion,npy_array_container,36992,6108,6.056319580877537
110,490,actual_numpy_fitted_float64,raw_array,73728,5880,12.538775510204081
110,490,actual_numpy_fitted_float64,npy_array_container,73856,5880,12.560544217687076
110,490,explicit_float32_conversion,raw_array,36864,5880,6.2693877551020405
110,490,explicit_float32_conversion,npy_array_container,36992,5880,6.291156462585034
111,514,actual_numpy_fitted_float64,raw_array,73728,6168,11.95330739299611
111,514,actual_numpy_fitted_float64,npy_array_container,73856,6168,11.974059662775616
111,514,explicit_float32_conversion,raw_array,36864,6168,5.976653696498055
111,514,explicit_float32_conversion,npy_array_container,36992,6168,5.997405966277562
112,514,actual_numpy_fitted_float64,raw_array,73728,6168,11.95330739299611
112,514,actual_numpy_fitted_float64,npy_array_container,73856,6168,11.974059662775616
112,514,explicit_float32_conversion,raw_array,36864,6168,5.976653696498055
112,514,explicit_float32_conversion,npy_array_container,36992,6168,5.997405966277562
113,530,actual_numpy_fitted_float64,raw_array,73728,6360,11.592452830188678
113,530,actual_numpy_fitted_float64,npy_array_container,73856,6360,11.6125786163522
113,530,explicit_float32_conversion,raw_array,36864,6360,5.796226415094339
113,530,explicit_float32_conversion,npy_array_container,36992,6360,5.816352201257861
114,521,actual_numpy_fitted_float64,raw_array,73728,6252,11.792706333973129
114,521,actual_numpy_fitted_float64,npy_array_container,73856,6252,11.813179782469609
114,521,explicit_float32_conversion,raw_array,36864,6252,5.8963531669865645
114,521,explicit_float32_conversion,npy_array_container,36992,6252,5.916826615483045
115,516,actual_numpy_fitted_float64,raw_array,73728,6192,11.906976744186046
115,516,actual_numpy_fitted_float64,npy_array_container,73856,6192,11.92764857881137
115,516,explicit_float32_conversion,raw_array,36864,6192,5.953488372093023
115,516,explicit_float32_conversion,npy_array_container,36992,6192,5.974160206718346
116,521,actual_numpy_fitted_float64,raw_array,73728,6252,11.792706333973129
116,521,actual_numpy_fitted_float64,npy_array_container,73856,6252,11.813179782469609
116,521,explicit_float32_conversion,raw_array,36864,6252,5.8963531669865645
116,521,explicit_float32_conversion,npy_array_container,36992,6252,5.916826615483045
117,455,actual_numpy_fitted_float64,raw_array,73728,5460,13.503296703296703
117,455,actual_numpy_fitted_float64,npy_array_container,73856,5460,13.526739926739927
117,455,explicit_float32_conversion,raw_array,36864,5460,6.751648351648352
117,455,explicit_float32_conversion,npy_array_container,36992,5460,6.775091575091575
118,491,actual_numpy_fitted_float64,raw_array,73728,5892,12.513238289205702
118,491,actual_numpy_fitted_float64,npy_array_container,73856,5892,12.534962661235573
118,491,explicit_float32_conversion,raw_array,36864,5892,6.256619144602851
118,491,explicit_float32_conversion,npy_array_container,36992,5892,6.278343516632722
119,554,actual_numpy_fitted_float64,raw_array,73728,6648,11.090252707581227
119,554,actual_numpy_fitted_float64,npy_array_container,73856,6648,11.109506618531888
119,554,explicit_float32_conversion,raw_array,36864,6648,5.5451263537906135
119,554,explicit_float32_conversion,npy_array_container,36992,6648,5.564380264741276
120,446,actual_numpy_fitted_float64,raw_array,73728,5352,13.77578475336323
120,446,actual_numpy_fitted_float64,npy_array_container,73856,5352,13.799701046337818
120,446,explicit_float32_conversion,raw_array,36864,5352,6.887892376681615
120,446,explicit_float32_conversion,npy_array_container,36992,5352,6.911808669656203
121,501,actual_numpy_fitted_float64,raw_array,73728,6012,12.263473053892216
121,501,actual_numpy_fitted_float64,npy_array_container,73856,6012,12.284763805721889
121,501,explicit_float32_conversion,raw_array,36864,6012,6.131736526946108
121,501,explicit_float32_conversion,npy_array_container,36992,6012,6.153027278775782
122,531,actual_numpy_fitted_float64,raw_array,73728,6372,11.570621468926554
122,531,actual_numpy_fitted_float64,npy_array_container,73856,6372,11.590709353421218
122,531,explicit_float32_conversion,raw_array,36864,6372,5.785310734463277
122,531,explicit_float32_conversion,npy_array_container,36992,6372,5.805398618957941
123,529,actual_numpy_fitted_float64,raw_array,73728,6348,11.61436672967864
123,529,actual_numpy_fitted_float64,npy_array_container,73856,6348,11.634530560806553
123,529,explicit_float32_conversion,raw_array,36864,6348,5.80718336483932
123,529,explicit_float32_conversion,npy_array_container,36992,6348,5.827347195967234
124,481,actual_numpy_fitted_float64,raw_array,73728,5772,12.773388773388774
124,481,actual_numpy_fitted_float64,npy_array_container,73856,5772,12.795564795564795
124,481,explicit_float32_conversion,raw_array,36864,5772,6.386694386694387
124,481,explicit_float32_conversion,npy_array_container,36992,5772,6.408870408870409
125,490,actual_numpy_fitted_float64,raw_array,73728,5880,12.538775510204081
125,490,actual_numpy_fitted_float64,npy_array_container,73856,5880,12.560544217687076
125,490,explicit_float32_conversion,raw_array,36864,5880,6.2693877551020405
125,490,explicit_float32_conversion,npy_array_container,36992,5880,6.291156462585034
126,472,actual_numpy_fitted_float64,raw_array,73728,5664,13.016949152542374
126,472,actual_numpy_fitted_float64,npy_array_container,73856,5664,13.03954802259887
126,472,explicit_float32_conversion,raw_array,36864,5664,6.508474576271187
126,472,explicit_float32_conversion,npy_array_container,36992,5664,6.531073446327683
127,461,actual_numpy_fitted_float64,raw_array,73728,5532,13.327548806941431
127,461,actual_numpy_fitted_float64,npy_array_container,73856,5532,13.350686912509039
127,461,explicit_float32_conversion,raw_array,36864,5532,6.663774403470716
127,461,explicit_float32_conversion,npy_array_container,36992,5532,6.686912509038322
128,514,actual_numpy_fitted_float64,raw_array,73728,6168,11.95330739299611
128,514,actual_numpy_fitted_float64,npy_array_container,73856,6168,11.974059662775616
128,514,explicit_float32_conversion,raw_array,36864,6168,5.976653696498055
128,514,explicit_float32_conversion,npy_array_container,36992,6168,5.997405966277562
129,495,actual_numpy_fitted_float64,raw_array,73728,5940,12.412121212121212
129,495,actual_numpy_fitted_float64,npy_array_container,73856,5940,12.433670033670033
129,495,explicit_float32_conversion,raw_array,36864,5940,6.206060606060606
129,495,explicit_float32_conversion,npy_array_container,36992,5940,6.227609427609428
130,487,actual_numpy_fitted_float64,raw_array,73728,5844,12.616016427104723
130,487,actual_numpy_fitted_float64,npy_array_container,73856,5844,12.63791923340178
130,487,explicit_float32_conversion,raw_array,36864,5844,6.308008213552362
130,487,explicit_float32_conversion,npy_array_container,36992,5844,6.329911019849418
131,495,actual_numpy_fitted_float64,raw_array,73728,5940,12.412121212121212
131,495,actual_numpy_fitted_float64,npy_array_container,73856,5940,12.433670033670033
131,495,explicit_float32_conversion,raw_array,36864,5940,6.206060606060606
131,495,explicit_float32_conversion,npy_array_container,36992,5940,6.227609427609428
132,606,actual_numpy_fitted_float64,raw_array,73728,7272,10.138613861386139
132,606,actual_numpy_fitted_float64,npy_array_container,73856,7272,10.156215621562156
132,606,explicit_float32_conversion,raw_array,36864,7272,5.069306930693069
132,606,explicit_float32_conversion,npy_array_container,36992,7272,5.086908690869087
133,422,actual_numpy_fitted_float64,raw_array,73728,5064,14.559241706161137
133,422,actual_numpy_fitted_float64,npy_array_container,73856,5064,14.584518167456556
133,422,explicit_float32_conversion,raw_array,36864,5064,7.279620853080568
133,422,explicit_float32_conversion,npy_array_container,36992,5064,7.304897314375987
134,471,actual_numpy_fitted_float64,raw_array,73728,5652,13.044585987261147
134,471,actual_numpy_fitted_float64,npy_array_container,73856,5652,13.067232837933474
134,471,explicit_float32_conversion,raw_array,36864,5652,6.522292993630574
134,471,explicit_float32_conversion,npy_array_container,36992,5652,6.544939844302902
135,616,actual_numpy_fitted_float64,raw_array,73728,7392,9.974025974025974
135,616,actual_numpy_fitted_float64,npy_array_container,73856,7392,9.991341991341992
135,616,explicit_float32_conversion,raw_array,36864,7392,4.987012987012987
135,616,explicit_float32_conversion,npy_array_container,36992,7392,5.004329004329004
136,518,actual_numpy_fitted_float64,raw_array,73728,6216,11.86100386100386
136,518,actual_numpy_fitted_float64,npy_array_container,73856,6216,11.881595881595882
136,518,explicit_float32_conversion,raw_array,36864,6216,5.93050193050193
136,518,explicit_float32_conversion,npy_array_container,36992,6216,5.951093951093951
137,528,actual_numpy_fitted_float64,raw_array,73728,6336,11.636363636363637
137,528,actual_numpy_fitted_float64,npy_array_container,73856,6336,11.656565656565656
137,528,explicit_float32_conversion,raw_array,36864,6336,5.818181818181818
137,528,explicit_float32_conversion,npy_array_container,36992,6336,5.838383838383838
138,487,actual_numpy_fitted_float64,raw_array,73728,5844,12.616016427104723
138,487,actual_numpy_fitted_float64,npy_array_container,73856,5844,12.63791923340178
138,487,explicit_float32_conversion,raw_array,36864,5844,6.308008213552362
138,487,explicit_float32_conversion,npy_array_container,36992,5844,6.329911019849418
139,419,actual_numpy_fitted_float64,raw_array,73728,5028,14.663484486873509
139,419,actual_numpy_fitted_float64,npy_array_container,73856,5028,14.688941925218774
139,419,explicit_float32_conversion,raw_array,36864,5028,7.3317422434367545
139,419,explicit_float32_conversion,npy_array_container,36992,5028,7.357199681782021
140,479,actual_numpy_fitted_float64,raw_array,73728,5748,12.826722338204593
140,479,actual_numpy_fitted_float64,npy_array_container,73856,5748,12.848990953375086
140,479,explicit_float32_conversion,raw_array,36864,5748,6.413361169102297
140,479,explicit_float32_conversion,npy_array_container,36992,5748,6.43562978427279
141,510,actual_numpy_fitted_float64,raw_array,73728,6120,12.047058823529412
141,510,actual_numpy_fitted_float64,npy_array_container,73856,6120,12.06797385620915
141,510,explicit_float32_conversion,raw_array,36864,6120,6.023529411764706
141,510,explicit_float32_conversion,npy_array_container,36992,6120,6.044444444444444
142,445,actual_numpy_fitted_float64,raw_array,73728,5340,13.806741573033708
142,445,actual_numpy_fitted_float64,npy_array_container,73856,5340,13.830711610486892
142,445,explicit_float32_conversion,raw_array,36864,5340,6.903370786516854
142,445,explicit_float32_conversion,npy_array_container,36992,5340,6.927340823970037
143,483,actual_numpy_fitted_float64,raw_array,73728,5796,12.720496894409937
143,483,actual_numpy_fitted_float64,npy_array_container,73856,5796,12.742581090407178
143,483,explicit_float32_conversion,raw_array,36864,5796,6.3602484472049685
143,483,explicit_float32_conversion,npy_array_container,36992,5796,6.382332643202209
144,448,actual_numpy_fitted_float64,raw_array,73728,5376,13.714285714285714
144,448,actual_numpy_fitted_float64,npy_array_container,73856,5376,13.738095238095237
144,448,explicit_float32_conversion,raw_array,36864,5376,6.857142857142857
144,448,explicit_float32_conversion,npy_array_container,36992,5376,6.880952380952381
145,472,actual_numpy_fitted_float64,raw_array,73728,5664,13.016949152542374
145,472,actual_numpy_fitted_float64,npy_array_container,73856,5664,13.03954802259887
145,472,explicit_float32_conversion,raw_array,36864,5664,6.508474576271187
145,472,explicit_float32_conversion,npy_array_container,36992,5664,6.531073446327683
146,454,actual_numpy_fitted_float64,raw_array,73728,5448,13.533039647577093
146,454,actual_numpy_fitted_float64,npy_array_container,73856,5448,13.556534508076359
146,454,explicit_float32_conversion,raw_array,36864,5448,6.766519823788546
146,454,explicit_float32_conversion,npy_array_container,36992,5448,6.790014684287812
147,482,actual_numpy_fitted_float64,raw_array,73728,5784,12.746887966804978
147,482,actual_numpy_fitted_float64,npy_array_container,73856,5784,12.769017980636239
147,482,explicit_float32_conversion,raw_array,36864,5784,6.373443983402489
147,482,explicit_float32_conversion,npy_array_container,36992,5784,6.395573997233749
148,494,actual_numpy_fitted_float64,raw_array,73728,5928,12.437246963562753
148,494,actual_numpy_fitted_float64,npy_array_container,73856,5928,12.458839406207828
148,494,explicit_float32_conversion,raw_array,36864,5928,6.218623481781377
148,494,explicit_float32_conversion,npy_array_container,36992,5928,6.240215924426451
149,541,actual_numpy_fitted_float64,raw_array,73728,6492,11.356746765249538
149,541,actual_numpy_fitted_float64,npy_array_container,73856,6492,11.376463339494762
149,541,explicit_float32_conversion,raw_array,36864,6492,5.678373382624769
149,541,explicit_float32_conversion,npy_array_container,36992,6492,5.698089956869993
150,506,actual_numpy_fitted_float64,raw_array,73728,6072,12.142292490118576
150,506,actual_numpy_fitted_float64,npy_array_container,73856,6072,12.163372859025033
150,506,explicit_float32_conversion,raw_array,36864,6072,6.071146245059288
150,506,explicit_float32_conversion,npy_array_container,36992,6072,6.092226613965744
151,459,actual_numpy_fitted_float64,raw_array,73728,5508,13.38562091503268
151,459,actual_numpy_fitted_float64,npy_array_container,73856,5508,13.40885984023239
151,459,explicit_float32_conversion,raw_array,36864,5508,6.69281045751634
151,459,explicit_float32_conversion,npy_array_container,36992,5508,6.716049382716049
152,497,actual_numpy_fitted_float64,raw_array,73728,5964,12.362173038229376
152,497,actual_numpy_fitted_float64,npy_array_container,73856,5964,12.383635144198525
152,497,explicit_float32_conversion,raw_array,36864,5964,6.181086519114688
152,497,explicit_float32_conversion,npy_array_container,36992,5964,6.202548625083836
153,488,actual_numpy_fitted_float64,raw_array,73728,5856,12.59016393442623
153,488,actual_numpy_fitted_float64,npy_array_container,73856,5856,12.612021857923498
153,488,explicit_float32_conversion,raw_array,36864,5856,6.295081967213115
153,488,explicit_float32_conversion,npy_array_container,36992,5856,6.316939890710382
154,489,actual_numpy_fitted_float64,raw_array,73728,5868,12.56441717791411
154,489,actual_numpy_fitted_float64,npy_array_container,73856,5868,12.586230402181322
154,489,explicit_float32_conversion,raw_array,36864,5868,6.282208588957055
154,489,explicit_float32_conversion,npy_array_container,36992,5868,6.304021813224267
155,452,actual_numpy_fitted_float64,raw_array,73728,5424,13.5929203539823
155,452,actual_numpy_fitted_float64,npy_array_container,73856,5424,13.616519174041297
155,452,explicit_float32_conversion,raw_array,36864,5424,6.79646017699115
155,452,explicit_float32_conversion,npy_array_container,36992,5424,6.820058997050148
156,507,actual_numpy_fitted_float64,raw_array,73728,6084,12.118343195266272
156,507,actual_numpy_fitted_float64,npy_array_container,73856,6084,12.139381985535831
156,507,explicit_float32_conversion,raw_array,36864,6084,6.059171597633136
156,507,explicit_float32_conversion,npy_array_container,36992,6084,6.080210387902696
157,510,actual_numpy_fitted_float64,raw_array,73728,6120,12.047058823529412
157,510,actual_numpy_fitted_float64,npy_array_container,73856,6120,12.06797385620915
157,510,explicit_float32_conversion,raw_array,36864,6120,6.023529411764706
157,510,explicit_float32_conversion,npy_array_container,36992,6120,6.044444444444444
158,476,actual_numpy_fitted_float64,raw_array,73728,5712,12.907563025210084
158,476,actual_numpy_fitted_float64,npy_array_container,73856,5712,12.929971988795518
158,476,explicit_float32_conversion,raw_array,36864,5712,6.453781512605042
158,476,explicit_float32_conversion,npy_array_container,36992,5712,6.476190476190476
159,483,actual_numpy_fitted_float64,raw_array,73728,5796,12.720496894409937
159,483,actual_numpy_fitted_float64,npy_array_container,73856,5796,12.742581090407178
159,483,explicit_float32_conversion,raw_array,36864,5796,6.3602484472049685
159,483,explicit_float32_conversion,npy_array_container,36992,5796,6.382332643202209
160,413,actual_numpy_fitted_float64,raw_array,73728,4956,14.876513317191284
160,413,actual_numpy_fitted_float64,npy_array_container,73856,4956,14.90234059725585
160,413,explicit_float32_conversion,raw_array,36864,4956,7.438256658595642
160,413,explicit_float32_conversion,npy_array_container,36992,4956,7.46408393866021
161,493,actual_numpy_fitted_float64,raw_array,73728,5916,12.462474645030426
161,493,actual_numpy_fitted_float64,npy_array_container,73856,5916,12.484110885733603
161,493,explicit_float32_conversion,raw_array,36864,5916,6.231237322515213
161,493,explicit_float32_conversion,npy_array_container,36992,5916,6.252873563218391
162,513,actual_numpy_fitted_float64,raw_array,73728,6156,11.976608187134502
162,513,actual_numpy_fitted_float64,npy_array_container,73856,6156,11.99740090968161
162,513,explicit_float32_conversion,raw_array,36864,6156,5.988304093567251
162,513,explicit_float32_conversion,npy_array_container,36992,6156,6.00909681611436
163,454,actual_numpy_fitted_float64,raw_array,73728,5448,13.533039647577093
163,454,actual_numpy_fitted_float64,npy_array_container,73856,5448,13.556534508076359
163,454,explicit_float32_conversion,raw_array,36864,5448,6.766519823788546
163,454,explicit_float32_conversion,npy_array_container,36992,5448,6.790014684287812
164,468,actual_numpy_fitted_float64,raw_array,73728,5616,13.128205128205128
164,468,actual_numpy_fitted_float64,npy_array_container,73856,5616,13.150997150997151
164,468,explicit_float32_conversion,raw_array,36864,5616,6.564102564102564
164,468,explicit_float32_conversion,npy_array_container,36992,5616,6.586894586894587
165,482,actual_numpy_fitted_float64,raw_array,73728,5784,12.746887966804978
165,482,actual_numpy_fitted_float64,npy_array_container,73856,5784,12.769017980636239
165,482,explicit_float32_conversion,raw_array,36864,5784,6.373443983402489
165,482,explicit_float32_conversion,npy_array_container,36992,5784,6.395573997233749
166,471,actual_numpy_fitted_float64,raw_array,73728,5652,13.044585987261147
166,471,actual_numpy_fitted_float64,npy_array_container,73856,5652,13.067232837933474
166,471,explicit_float32_conversion,raw_array,36864,5652,6.522292993630574
166,471,explicit_float32_conversion,npy_array_container,36992,5652,6.544939844302902
167,429,actual_numpy_fitted_float64,raw_array,73728,5148,14.321678321678322
167,429,actual_numpy_fitted_float64,npy_array_container,73856,5148,14.346542346542346
167,429,explicit_float32_conversion,raw_array,36864,5148,7.160839160839161
167,429,explicit_float32_conversion,npy_array_container,36992,5148,7.1857031857031854
168,470,actual_numpy_fitted_float64,raw_array,73728,5640,13.072340425531914
168,470,actual_numpy_fitted_float64,npy_array_container,73856,5640,13.095035460992907
168,470,explicit_float32_conversion,raw_array,36864,5640,6.536170212765957
168,470,explicit_float32_conversion,npy_array_container,36992,5640,6.55886524822695
169,505,actual_numpy_fitted_float64,raw_array,73728,6060,12.166336633663366
169,505,actual_numpy_fitted_float64,npy_array_container,73856,6060,12.187458745874588
169,505,explicit_float32_conversion,raw_array,36864,6060,6.083168316831683
169,505,explicit_float32_conversion,npy_array_container,36992,6060,6.104290429042904
170,513,actual_numpy_fitted_float64,raw_array,73728,6156,11.976608187134502
170,513,actual_numpy_fitted_float64,npy_array_container,73856,6156,11.99740090968161
170,513,explicit_float32_conversion,raw_array,36864,6156,5.988304093567251
170,513,explicit_float32_conversion,npy_array_container,36992,6156,6.00909681611436
171,460,actual_numpy_fitted_float64,raw_array,73728,5520,13.356521739130434
171,460,actual_numpy_fitted_float64,npy_array_container,73856,5520,13.379710144927536
171,460,explicit_float32_conversion,raw_array,36864,5520,6.678260869565217
171,460,explicit_float32_conversion,npy_array_container,36992,5520,6.701449275362319
172,500,actual_numpy_fitted_float64,raw_array,73728,6000,12.288
172,500,actual_numpy_fitted_float64,npy_array_container,73856,6000,12.309333333333333
172,500,explicit_float32_conversion,raw_array,36864,6000,6.144
172,500,explicit_float32_conversion,npy_array_container,36992,6000,6.165333333333334
173,483,actual_numpy_fitted_float64,raw_array,73728,5796,12.720496894409937
173,483,actual_numpy_fitted_float64,npy_array_container,73856,5796,12.742581090407178
173,483,explicit_float32_conversion,raw_array,36864,5796,6.3602484472049685
173,483,explicit_float32_conversion,npy_array_container,36992,5796,6.382332643202209
174,495,actual_numpy_fitted_float64,raw_array,73728,5940,12.412121212121212
174,495,actual_numpy_fitted_float64,npy_array_container,73856,5940,12.433670033670033
174,495,explicit_float32_conversion,raw_array,36864,5940,6.206060606060606
174,495,explicit_float32_conversion,npy_array_container,36992,5940,6.227609427609428
175,614,actual_numpy_fitted_float64,raw_array,73728,7368,10.006514657980455
175,614,actual_numpy_fitted_float64,npy_array_container,73856,7368,10.023887079261671
175,614,explicit_float32_conversion,raw_array,36864,7368,5.003257328990228
175,614,explicit_float32_conversion,npy_array_container,36992,7368,5.020629750271444
176,493,actual_numpy_fitted_float64,raw_array,73728,5916,12.462474645030426
176,493,actual_numpy_fitted_float64,npy_array_container,73856,5916,12.484110885733603
176,493,explicit_float32_conversion,raw_array,36864,5916,6.231237322515213
176,493,explicit_float32_conversion,npy_array_container,36992,5916,6.252873563218391
177,514,actual_numpy_fitted_float64,raw_array,73728,6168,11.95330739299611
177,514,actual_numpy_fitted_float64,npy_array_container,73856,6168,11.974059662775616
177,514,explicit_float32_conversion,raw_array,36864,6168,5.976653696498055
177,514,explicit_float32_conversion,npy_array_container,36992,6168,5.997405966277562
178,550,actual_numpy_fitted_float64,raw_array,73728,6600,11.170909090909092
178,550,actual_numpy_fitted_float64,npy_array_container,73856,6600,11.19030303030303
178,550,explicit_float32_conversion,raw_array,36864,6600,5.585454545454546
178,550,explicit_float32_conversion,npy_array_container,36992,6600,5.6048484848484845
179,439,actual_numpy_fitted_float64,raw_array,73728,5268,13.995444191343964
179,439,actual_numpy_fitted_float64,npy_array_container,73856,5268,14.01974183750949
179,439,explicit_float32_conversion,raw_array,36864,5268,6.997722095671982
179,439,explicit_float32_conversion,npy_array_container,36992,5268,7.02201974183751
180,466,actual_numpy_fitted_float64,raw_array,73728,5592,13.184549356223176
180,466,actual_numpy_fitted_float64,npy_array_container,73856,5592,13.207439198855507
180,466,explicit_float32_conversion,raw_array,36864,5592,6.592274678111588
180,466,explicit_float32_conversion,npy_array_container,36992,5592,6.61516452074392
181,501,actual_numpy_fitted_float64,raw_array,73728,6012,12.263473053892216
181,501,actual_numpy_fitted_float64,npy_array_container,73856,6012,12.284763805721889
181,501,explicit_float32_conversion,raw_array,36864,6012,6.131736526946108
181,501,explicit_float32_conversion,npy_array_container,36992,6012,6.153027278775782
182,496,actual_numpy_fitted_float64,raw_array,73728,5952,12.387096774193548
182,496,actual_numpy_fitted_float64,npy_array_container,73856,5952,12.408602150537634
182,496,explicit_float32_conversion,raw_array,36864,5952,6.193548387096774
182,496,explicit_float32_conversion,npy_array_container,36992,5952,6.21505376344086
183,516,actual_numpy_fitted_float64,raw_array,73728,6192,11.906976744186046
183,516,actual_numpy_fitted_float64,npy_array_container,73856,6192,11.92764857881137
183,516,explicit_float32_conversion,raw_array,36864,6192,5.953488372093023
183,516,explicit_float32_conversion,npy_array_container,36992,6192,5.974160206718346
184,446,actual_numpy_fitted_float64,raw_array,73728,5352,13.77578475336323
184,446,actual_numpy_fitted_float64,npy_array_container,73856,5352,13.799701046337818
184,446,explicit_float32_conversion,raw_array,36864,5352,6.887892376681615
184,446,explicit_float32_conversion,npy_array_container,36992,5352,6.911808669656203
185,469,actual_numpy_fitted_float64,raw_array,73728,5628,13.100213219616204
185,469,actual_numpy_fitted_float64,npy_array_container,73856,5628,13.122956645344704
185,469,explicit_float32_conversion,raw_array,36864,5628,6.550106609808102
185,469,explicit_float32_conversion,npy_array_container,36992,5628,6.572850035536603
186,490,actual_numpy_fitted_float64,raw_array,73728,5880,12.538775510204081
186,490,actual_numpy_fitted_float64,npy_array_container,73856,5880,12.560544217687076
186,490,explicit_float32_conversion,raw_array,36864,5880,6.2693877551020405
186,490,explicit_float32_conversion,npy_array_container,36992,5880,6.291156462585034
187,491,actual_numpy_fitted_float64,raw_array,73728,5892,12.513238289205702
187,491,actual_numpy_fitted_float64,npy_array_container,73856,5892,12.534962661235573
187,491,explicit_float32_conversion,raw_array,36864,5892,6.256619144602851
187,491,explicit_float32_conversion,npy_array_container,36992,5892,6.278343516632722
188,474,actual_numpy_fitted_float64,raw_array,73728,5688,12.962025316455696
188,474,actual_numpy_fitted_float64,npy_array_container,73856,5688,12.9845288326301
188,474,explicit_float32_conversion,raw_array,36864,5688,6.481012658227848
188,474,explicit_float32_conversion,npy_array_container,36992,5688,6.50351617440225
189,466,actual_numpy_fitted_float64,raw_array,73728,5592,13.184549356223176
189,466,actual_numpy_fitted_float64,npy_array_container,73856,5592,13.207439198855507
189,466,explicit_float32_conversion,raw_array,36864,5592,6.592274678111588
189,466,explicit_float32_conversion,npy_array_container,36992,5592,6.61516452074392
190,489,actual_numpy_fitted_float64,raw_array,73728,5868,12.56441717791411
190,489,actual_numpy_fitted_float64,npy_array_container,73856,5868,12.586230402181322
190,489,explicit_float32_conversion,raw_array,36864,5868,6.282208588957055
190,489,explicit_float32_conversion,npy_array_container,36992,5868,6.304021813224267
191,542,actual_numpy_fitted_float64,raw_array,73728,6504,11.335793357933579
191,542,actual_numpy_fitted_float64,npy_array_container,73856,6504,11.355473554735548
191,542,explicit_float32_conversion,raw_array,36864,6504,5.667896678966789
191,542,explicit_float32_conversion,npy_array_container,36992,6504,5.687576875768758
192,527,actual_numpy_fitted_float64,raw_array,73728,6324,11.658444022770398
192,527,actual_numpy_fitted_float64,npy_array_container,73856,6324,11.678684376976596
192,527,explicit_float32_conversion,raw_array,36864,6324,5.829222011385199
192,527,explicit_float32_conversion,npy_array_container,36992,6324,5.849462365591398
193,506,actual_numpy_fitted_float64,raw_array,73728,6072,12.142292490118576
193,506,actual_numpy_fitted_float64,npy_array_container,73856,6072,12.163372859025033
193,506,explicit_float32_conversion,raw_array,36864,6072,6.071146245059288
193,506,explicit_float32_conversion,npy_array_container,36992,6072,6.092226613965744
194,489,actual_numpy_fitted_float64,raw_array,73728,5868,12.56441717791411
194,489,actual_numpy_fitted_float64,npy_array_container,73856,5868,12.586230402181322
194,489,explicit_float32_conversion,raw_array,36864,5868,6.282208588957055
194,489,explicit_float32_conversion,npy_array_container,36992,5868,6.304021813224267
195,564,actual_numpy_fitted_float64,raw_array,73728,6768,10.893617021276595
195,564,actual_numpy_fitted_float64,npy_array_container,73856,6768,10.912529550827424
195,564,explicit_float32_conversion,raw_array,36864,6768,5.446808510638298
195,564,explicit_float32_conversion,npy_array_container,36992,6768,5.465721040189125
196,502,actual_numpy_fitted_float64,raw_array,73728,6024,12.239043824701195
196,502,actual_numpy_fitted_float64,npy_array_container,73856,6024,12.260292164674635
196,502,explicit_float32_conversion,raw_array,36864,6024,6.1195219123505975
196,502,explicit_float32_conversion,npy_array_container,36992,6024,6.140770252324037
197,554,actual_numpy_fitted_float64,raw_array,73728,6648,11.090252707581227
197,554,actual_numpy_fitted_float64,npy_array_container,73856,6648,11.109506618531888
197,554,explicit_float32_conversion,raw_array,36864,6648,5.5451263537906135
197,554,explicit_float32_conversion,npy_array_container,36992,6648,5.564380264741276
198,487,actual_numpy_fitted_float64,raw_array,73728,5844,12.616016427104723
198,487,actual_numpy_fitted_float64,npy_array_container,73856,5844,12.63791923340178
198,487,explicit_float32_conversion,raw_array,36864,5844,6.308008213552362
198,487,explicit_float32_conversion,npy_array_container,36992,5844,6.329911019849418
199,510,actual_numpy_fitted_float64,raw_array,73728,6120,12.047058823529412
199,510,actual_numpy_fitted_float64,npy_array_container,73856,6120,12.06797385620915
199,510,explicit_float32_conversion,raw_array,36864,6120,6.023529411764706
199,510,explicit_float32_conversion,npy_array_container,36992,6120,6.044444444444444
200,511,actual_numpy_fitted_float64,raw_array,73728,6132,12.023483365949119
200,511,actual_numpy_fitted_float64,npy_array_container,73856,6132,12.044357469015003
200,511,explicit_float32_conversion,raw_array,36864,6132,6.011741682974559
200,511,explicit_float32_conversion,npy_array_container,36992,6132,6.032615786040443
201,484,actual_numpy_fitted_float64,raw_array,73728,5808,12.694214876033058
201,484,actual_numpy_fitted_float64,npy_array_container,73856,5808,12.71625344352617
201,484,explicit_float32_conversion,raw_array,36864,5808,6.347107438016529
201,484,explicit_float32_conversion,npy_array_container,36992,5808,6.369146005509642
202,396,actual_numpy_fitted_float64,raw_array,73728,4752,15.515151515151516
202,396,actual_numpy_fitted_float64,npy_array_container,73856,4752,15.542087542087542
202,396,explicit_float32_conversion,raw_array,36864,4752,7.757575757575758
202,396,explicit_float32_conversion,npy_array_container,36992,4752,7.784511784511785
203,512,actual_numpy_fitted_float64,raw_array,73728,6144,12.0
203,512,actual_numpy_fitted_float64,npy_array_container,73856,6144,12.020833333333334
203,512,explicit_float32_conversion,raw_array,36864,6144,6.0
203,512,explicit_float32_conversion,npy_array_container,36992,6144,6.020833333333333
204,453,actual_numpy_fitted_float64,raw_array,73728,5436,13.562913907284768
204,453,actual_numpy_fitted_float64,npy_array_container,73856,5436,13.586460632818248
204,453,explicit_float32_conversion,raw_array,36864,5436,6.781456953642384
204,453,explicit_float32_conversion,npy_array_container,36992,5436,6.805003679175865
205,493,actual_numpy_fitted_float64,raw_array,73728,5916,12.462474645030426
205,493,actual_numpy_fitted_float64,npy_array_container,73856,5916,12.484110885733603
205,493,explicit_float32_conversion,raw_array,36864,5916,6.231237322515213
205,493,explicit_float32_conversion,npy_array_container,36992,5916,6.252873563218391
206,485,actual_numpy_fitted_float64,raw_array,73728,5820,12.668041237113401
206,485,actual_numpy_fitted_float64,npy_array_container,73856,5820,12.690034364261168
206,485,explicit_float32_conversion,raw_array,36864,5820,6.334020618556701
206,485,explicit_float32_conversion,npy_array_container,36992,5820,6.356013745704467
207,503,actual_numpy_fitted_float64,raw_array,73728,6036,12.214711729622266
207,503,actual_numpy_fitted_float64,npy_array_container,73856,6036,12.235917826375083
207,503,explicit_float32_conversion,raw_array,36864,6036,6.107355864811133
207,503,explicit_float32_conversion,npy_array_container,36992,6036,6.12856196156395
208,493,actual_numpy_fitted_float64,raw_array,73728,5916,12.462474645030426
208,493,actual_numpy_fitted_float64,npy_array_container,73856,5916,12.484110885733603
208,493,explicit_float32_conversion,raw_array,36864,5916,6.231237322515213
208,493,explicit_float32_conversion,npy_array_container,36992,5916,6.252873563218391
209,474,actual_numpy_fitted_float64,raw_array,73728,5688,12.962025316455696
209,474,actual_numpy_fitted_float64,npy_array_container,73856,5688,12.9845288326301
209,474,explicit_float32_conversion,raw_array,36864,5688,6.481012658227848
209,474,explicit_float32_conversion,npy_array_container,36992,5688,6.50351617440225
210,479,actual_numpy_fitted_float64,raw_array,73728,5748,12.826722338204593
210,479,actual_numpy_fitted_float64,npy_array_container,73856,5748,12.848990953375086
210,479,explicit_float32_conversion,raw_array,36864,5748,6.413361169102297
210,479,explicit_float32_conversion,npy_array_container,36992,5748,6.43562978427279
211,467,actual_numpy_fitted_float64,raw_array,73728,5604,13.156316916488223
211,467,actual_numpy_fitted_float64,npy_array_container,73856,5604,13.179157744468236
211,467,explicit_float32_conversion,raw_array,36864,5604,6.578158458244111
211,467,explicit_float32_conversion,npy_array_container,36992,5604,6.600999286224126
212,469,actual_numpy_fitted_float64,raw_array,73728,5628,13.100213219616204
212,469,actual_numpy_fitted_float64,npy_array_container,73856,5628,13.122956645344704
212,469,explicit_float32_conversion,raw_array,36864,5628,6.550106609808102
212,469,explicit_float32_conversion,npy_array_container,36992,5628,6.572850035536603
213,528,actual_numpy_fitted_float64,raw_array,73728,6336,11.636363636363637
213,528,actual_numpy_fitted_float64,npy_array_container,73856,6336,11.656565656565656
213,528,explicit_float32_conversion,raw_array,36864,6336,5.818181818181818
213,528,explicit_float32_conversion,npy_array_container,36992,6336,5.838383838383838
214,523,actual_numpy_fitted_float64,raw_array,73728,6276,11.747609942638624
214,523,actual_numpy_fitted_float64,npy_array_container,73856,6276,11.768005098789038
214,523,explicit_float32_conversion,raw_array,36864,6276,5.873804971319312
214,523,explicit_float32_conversion,npy_array_container,36992,6276,5.894200127469726
215,512,actual_numpy_fitted_float64,raw_array,73728,6144,12.0
215,512,actual_numpy_fitted_float64,npy_array_container,73856,6144,12.020833333333334
215,512,explicit_float32_conversion,raw_array,36864,6144,6.0
215,512,explicit_float32_conversion,npy_array_container,36992,6144,6.020833333333333
216,508,actual_numpy_fitted_float64,raw_array,73728,6096,12.094488188976378
216,508,actual_numpy_fitted_float64,npy_array_container,73856,6096,12.115485564304462
216,508,explicit_float32_conversion,raw_array,36864,6096,6.047244094488189
216,508,explicit_float32_conversion,npy_array_container,36992,6096,6.0682414698162725
217,492,actual_numpy_fitted_float64,raw_array,73728,5904,12.487804878048781
217,492,actual_numpy_fitted_float64,npy_array_container,73856,5904,12.509485094850948
217,492,explicit_float32_conversion,raw_array,36864,5904,6.2439024390243905
217,492,explicit_float32_conversion,npy_array_container,36992,5904,6.265582655826559
218,537,actual_numpy_fitted_float64,raw_array,73728,6444,11.441340782122905
218,537,actual_numpy_fitted_float64,npy_array_container,73856,6444,11.461204220980758
218,537,explicit_float32_conversion,raw_array,36864,6444,5.720670391061453
218,537,explicit_float32_conversion,npy_array_container,36992,6444,5.740533829919305
219,434,actual_numpy_fitted_float64,raw_array,73728,5208,14.15668202764977
219,434,actual_numpy_fitted_float64,npy_array_container,73856,5208,14.181259600614439
219,434,explicit_float32_conversion,raw_array,36864,5208,7.078341013824885
219,434,explicit_float32_conversion,npy_array_container,36992,5208,7.102918586789555
220,468,actual_numpy_fitted_float64,raw_array,73728,5616,13.128205128205128
220,468,actual_numpy_fitted_float64,npy_array_container,73856,5616,13.150997150997151
220,468,explicit_float32_conversion,raw_array,36864,5616,6.564102564102564
220,468,explicit_float32_conversion,npy_array_container,36992,5616,6.586894586894587
221,454,actual_numpy_fitted_float64,raw_array,73728,5448,13.533039647577093
221,454,actual_numpy_fitted_float64,npy_array_container,73856,5448,13.556534508076359
221,454,explicit_float32_conversion,raw_array,36864,5448,6.766519823788546
221,454,explicit_float32_conversion,npy_array_container,36992,5448,6.790014684287812
222,498,actual_numpy_fitted_float64,raw_array,73728,5976,12.337349397590362
222,498,actual_numpy_fitted_float64,npy_array_container,73856,5976,12.358768406961177
222,498,explicit_float32_conversion,raw_array,36864,5976,6.168674698795181
222,498,explicit_float32_conversion,npy_array_container,36992,5976,6.190093708165997
223,486,actual_numpy_fitted_float64,raw_array,73728,5832,12.641975308641975
223,486,actual_numpy_fitted_float64,npy_array_container,73856,5832,12.663923182441701
223,486,explicit_float32_conversion,raw_array,36864,5832,6.320987654320987
223,486,explicit_float32_conversion,npy_array_container,36992,5832,6.342935528120713
224,487,actual_numpy_fitted_float64,raw_array,73728,5844,12.616016427104723
224,487,actual_numpy_fitted_float64,npy_array_container,73856,5844,12.63791923340178
224,487,explicit_float32_conversion,raw_array,36864,5844,6.308008213552362
224,487,explicit_float32_conversion,npy_array_container,36992,5844,6.329911019849418
225,485,actual_numpy_fitted_float64,raw_array,73728,5820,12.668041237113401
225,485,actual_numpy_fitted_float64,npy_array_container,73856,5820,12.690034364261168
225,485,explicit_float32_conversion,raw_array,36864,5820,6.334020618556701
225,485,explicit_float32_conversion,npy_array_container,36992,5820,6.356013745704467
226,489,actual_numpy_fitted_float64,raw_array,73728,5868,12.56441717791411
226,489,actual_numpy_fitted_float64,npy_array_container,73856,5868,12.586230402181322
226,489,explicit_float32_conversion,raw_array,36864,5868,6.282208588957055
226,489,explicit_float32_conversion,npy_array_container,36992,5868,6.304021813224267
227,455,actual_numpy_fitted_float64,raw_array,73728,5460,13.503296703296703
227,455,actual_numpy_fitted_float64,npy_array_container,73856,5460,13.526739926739927
227,455,explicit_float32_conversion,raw_array,36864,5460,6.751648351648352
227,455,explicit_float32_conversion,npy_array_container,36992,5460,6.775091575091575
228,489,actual_numpy_fitted_float64,raw_array,73728,5868,12.56441717791411
228,489,actual_numpy_fitted_float64,npy_array_container,73856,5868,12.586230402181322
228,489,explicit_float32_conversion,raw_array,36864,5868,6.282208588957055
228,489,explicit_float32_conversion,npy_array_container,36992,5868,6.304021813224267
229,510,actual_numpy_fitted_float64,raw_array,73728,6120,12.047058823529412
229,510,actual_numpy_fitted_float64,npy_array_container,73856,6120,12.06797385620915
229,510,explicit_float32_conversion,raw_array,36864,6120,6.023529411764706
229,510,explicit_float32_conversion,npy_array_container,36992,6120,6.044444444444444
230,507,actual_numpy_fitted_float64,raw_array,73728,6084,12.118343195266272
230,507,actual_numpy_fitted_float64,npy_array_container,73856,6084,12.139381985535831
230,507,explicit_float32_conversion,raw_array,36864,6084,6.059171597633136
230,507,explicit_float32_conversion,npy_array_container,36992,6084,6.080210387902696
231,487,actual_numpy_fitted_float64,raw_array,73728,5844,12.616016427104723
231,487,actual_numpy_fitted_float64,npy_array_container,73856,5844,12.63791923340178
231,487,explicit_float32_conversion,raw_array,36864,5844,6.308008213552362
231,487,explicit_float32_conversion,npy_array_container,36992,5844,6.329911019849418
232,473,actual_numpy_fitted_float64,raw_array,73728,5676,12.989429175475687
232,473,actual_numpy_fitted_float64,npy_array_container,73856,5676,13.011980267794222
232,473,explicit_float32_conversion,raw_array,36864,5676,6.494714587737843
232,473,explicit_float32_conversion,npy_array_container,36992,5676,6.5172656800563775
233,486,actual_numpy_fitted_float64,raw_array,73728,5832,12.641975308641975
233,486,actual_numpy_fitted_float64,npy_array_container,73856,5832,12.663923182441701
233,486,explicit_float32_conversion,raw_array,36864,5832,6.320987654320987
233,486,explicit_float32_conversion,npy_array_container,36992,5832,6.342935528120713
234,530,actual_numpy_fitted_float64,raw_array,73728,6360,11.592452830188678
234,530,actual_numpy_fitted_float64,npy_array_container,73856,6360,11.6125786163522
234,530,explicit_float32_conversion,raw_array,36864,6360,5.796226415094339
234,530,explicit_float32_conversion,npy_array_container,36992,6360,5.816352201257861
235,532,actual_numpy_fitted_float64,raw_array,73728,6384,11.548872180451127
235,532,actual_numpy_fitted_float64,npy_array_container,73856,6384,11.568922305764412
235,532,explicit_float32_conversion,raw_array,36864,6384,5.774436090225564
235,532,explicit_float32_conversion,npy_array_container,36992,6384,5.794486215538847
236,541,actual_numpy_fitted_float64,raw_array,73728,6492,11.356746765249538
236,541,actual_numpy_fitted_float64,npy_array_container,73856,6492,11.376463339494762
236,541,explicit_float32_conversion,raw_array,36864,6492,5.678373382624769
236,541,explicit_float32_conversion,npy_array_container,36992,6492,5.698089956869993
237,459,actual_numpy_fitted_float64,raw_array,73728,5508,13.38562091503268
237,459,actual_numpy_fitted_float64,npy_array_container,73856,5508,13.40885984023239
237,459,explicit_float32_conversion,raw_array,36864,5508,6.69281045751634
237,459,explicit_float32_conversion,npy_array_container,36992,5508,6.716049382716049
238,493,actual_numpy_fitted_float64,raw_array,73728,5916,12.462474645030426
238,493,actual_numpy_fitted_float64,npy_array_container,73856,5916,12.484110885733603
238,493,explicit_float32_conversion,raw_array,36864,5916,6.231237322515213
238,493,explicit_float32_conversion,npy_array_container,36992,5916,6.252873563218391
239,537,actual_numpy_fitted_float64,raw_array,73728,6444,11.441340782122905
239,537,actual_numpy_fitted_float64,npy_array_container,73856,6444,11.461204220980758
239,537,explicit_float32_conversion,raw_array,36864,6444,5.720670391061453
239,537,explicit_float32_conversion,npy_array_container,36992,6444,5.740533829919305
240,476,actual_numpy_fitted_float64,raw_array,73728,5712,12.907563025210084
240,476,actual_numpy_fitted_float64,npy_array_container,73856,5712,12.929971988795518
240,476,explicit_float32_conversion,raw_array,36864,5712,6.453781512605042
240,476,explicit_float32_conversion,npy_array_container,36992,5712,6.476190476190476
241,534,actual_numpy_fitted_float64,raw_array,73728,6408,11.50561797752809
241,534,actual_numpy_fitted_float64,npy_array_container,73856,6408,11.525593008739076
241,534,explicit_float32_conversion,raw_array,36864,6408,5.752808988764045
241,534,explicit_float32_conversion,npy_array_container,36992,6408,5.772784019975031
242,560,actual_numpy_fitted_float64,raw_array,73728,6720,10.971428571428572
242,560,actual_numpy_fitted_float64,npy_array_container,73856,6720,10.99047619047619
242,560,explicit_float32_conversion,raw_array,36864,6720,5.485714285714286
242,560,explicit_float32_conversion,npy_array_container,36992,6720,5.504761904761905
243,457,actual_numpy_fitted_float64,raw_array,73728,5484,13.444201312910284
243,457,actual_numpy_fitted_float64,npy_array_container,73856,5484,13.467541940189642
243,457,explicit_float32_conversion,raw_array,36864,5484,6.722100656455142
243,457,explicit_float32_conversion,npy_array_container,36992,5484,6.7454412837345
244,492,actual_numpy_fitted_float64,raw_array,73728,5904,12.487804878048781
244,492,actual_numpy_fitted_float64,npy_array_container,73856,5904,12.509485094850948
244,492,explicit_float32_conversion,raw_array,36864,5904,6.2439024390243905
244,492,explicit_float32_conversion,npy_array_container,36992,5904,6.265582655826559
245,474,actual_numpy_fitted_float64,raw_array,73728,5688,12.962025316455696
245,474,actual_numpy_fitted_float64,npy_array_container,73856,5688,12.9845288326301
245,474,explicit_float32_conversion,raw_array,36864,5688,6.481012658227848
245,474,explicit_float32_conversion,npy_array_container,36992,5688,6.50351617440225
246,448,actual_numpy_fitted_float64,raw_array,73728,5376,13.714285714285714
246,448,actual_numpy_fitted_float64,npy_array_container,73856,5376,13.738095238095237
246,448,explicit_float32_conversion,raw_array,36864,5376,6.857142857142857
246,448,explicit_float32_conversion,npy_array_container,36992,5376,6.880952380952381
247,584,actual_numpy_fitted_float64,raw_array,73728,7008,10.520547945205479
247,584,actual_numpy_fitted_float64,npy_array_container,73856,7008,10.538812785388128
247,584,explicit_float32_conversion,raw_array,36864,7008,5.260273972602739
247,584,explicit_float32_conversion,npy_array_container,36992,7008,5.2785388127853885
248,467,actual_numpy_fitted_float64,raw_array,73728,5604,13.156316916488223
248,467,actual_numpy_fitted_float64,npy_array_container,73856,5604,13.179157744468236
248,467,explicit_float32_conversion,raw_array,36864,5604,6.578158458244111
248,467,explicit_float32_conversion,npy_array_container,36992,5604,6.600999286224126
249,478,actual_numpy_fitted_float64,raw_array,73728,5736,12.853556485355648
249,478,actual_numpy_fitted_float64,npy_array_container,73856,5736,12.87587168758717
249,478,explicit_float32_conversion,raw_array,36864,5736,6.426778242677824
249,478,explicit_float32_conversion,npy_array_container,36992,5736,6.449093444909344
250,484,actual_numpy_fitted_float64,raw_array,73728,5808,12.694214876033058
250,484,actual_numpy_fitted_float64,npy_array_container,73856,5808,12.71625344352617
250,484,explicit_float32_conversion,raw_array,36864,5808,6.347107438016529
250,484,explicit_float32_conversion,npy_array_container,36992,5808,6.369146005509642
251,529,actual_numpy_fitted_float64,raw_array,73728,6348,11.61436672967864
251,529,actual_numpy_fitted_float64,npy_array_container,73856,6348,11.634530560806553
251,529,explicit_float32_conversion,raw_array,36864,6348,5.80718336483932
251,529,explicit_float32_conversion,npy_array_container,36992,6348,5.827347195967234
252,512,actual_numpy_fitted_float64,raw_array,73728,6144,12.0
252,512,actual_numpy_fitted_float64,npy_array_container,73856,6144,12.020833333333334
252,512,explicit_float32_conversion,raw_array,36864,6144,6.0
252,512,explicit_float32_conversion,npy_array_container,36992,6144,6.020833333333333
253,476,actual_numpy_fitted_float64,raw_array,73728,5712,12.907563025210084
253,476,actual_numpy_fitted_float64,npy_array_container,73856,5712,12.929971988795518
253,476,explicit_float32_conversion,raw_array,36864,5712,6.453781512605042
253,476,explicit_float32_conversion,npy_array_container,36992,5712,6.476190476190476
254,496,actual_numpy_fitted_float64,raw_array,73728,5952,12.387096774193548
254,496,actual_numpy_fitted_float64,npy_array_container,73856,5952,12.408602150537634
254,496,explicit_float32_conversion,raw_array,36864,5952,6.193548387096774
254,496,explicit_float32_conversion,npy_array_container,36992,5952,6.21505376344086
255,489,actual_numpy_fitted_float64,raw_array,73728,5868,12.56441717791411
255,489,actual_numpy_fitted_float64,npy_array_container,73856,5868,12.586230402181322
255,489,explicit_float32_conversion,raw_array,36864,5868,6.282208588957055
255,489,explicit_float32_conversion,npy_array_container,36992,5868,6.304021813224267
256,476,actual_numpy_fitted_float64,raw_array,73728,5712,12.907563025210084
256,476,actual_numpy_fitted_float64,npy_array_container,73856,5712,12.929971988795518
256,476,explicit_float32_conversion,raw_array,36864,5712,6.453781512605042
256,476,explicit_float32_conversion,npy_array_container,36992,5712,6.476190476190476
257,485,actual_numpy_fitted_float64,raw_array,73728,5820,12.668041237113401
257,485,actual_numpy_fitted_float64,npy_array_container,73856,5820,12.690034364261168
257,485,explicit_float32_conversion,raw_array,36864,5820,6.334020618556701
257,485,explicit_float32_conversion,npy_array_container,36992,5820,6.356013745704467
258,529,actual_numpy_fitted_float64,raw_array,73728,6348,11.61436672967864
258,529,actual_numpy_fitted_float64,npy_array_container,73856,6348,11.634530560806553
258,529,explicit_float32_conversion,raw_array,36864,6348,5.80718336483932
258,529,explicit_float32_conversion,npy_array_container,36992,6348,5.827347195967234
259,466,actual_numpy_fitted_float64,raw_array,73728,5592,13.184549356223176
259,466,actual_numpy_fitted_float64,npy_array_container,73856,5592,13.207439198855507
259,466,explicit_float32_conversion,raw_array,36864,5592,6.592274678111588
259,466,explicit_float32_conversion,npy_array_container,36992,5592,6.61516452074392
260,495,actual_numpy_fitted_float64,raw_array,73728,5940,12.412121212121212
260,495,actual_numpy_fitted_float64,npy_array_container,73856,5940,12.433670033670033
260,495,explicit_float32_conversion,raw_array,36864,5940,6.206060606060606
260,495,explicit_float32_conversion,npy_array_container,36992,5940,6.227609427609428
261,495,actual_numpy_fitted_float64,raw_array,73728,5940,12.412121212121212
261,495,actual_numpy_fitted_float64,npy_array_container,73856,5940,12.433670033670033
261,495,explicit_float32_conversion,raw_array,36864,5940,6.206060606060606
261,495,explicit_float32_conversion,npy_array_container,36992,5940,6.227609427609428
262,502,actual_numpy_fitted_float64,raw_array,73728,6024,12.239043824701195
262,502,actual_numpy_fitted_float64,npy_array_container,73856,6024,12.260292164674635
262,502,explicit_float32_conversion,raw_array,36864,6024,6.1195219123505975
262,502,explicit_float32_conversion,npy_array_container,36992,6024,6.140770252324037
263,484,actual_numpy_fitted_float64,raw_array,73728,5808,12.694214876033058
263,484,actual_numpy_fitted_float64,npy_array_container,73856,5808,12.71625344352617
263,484,explicit_float32_conversion,raw_array,36864,5808,6.347107438016529
263,484,explicit_float32_conversion,npy_array_container,36992,5808,6.369146005509642
264,503,actual_numpy_fitted_float64,raw_array,73728,6036,12.214711729622266
264,503,actual_numpy_fitted_float64,npy_array_container,73856,6036,12.235917826375083
264,503,explicit_float32_conversion,raw_array,36864,6036,6.107355864811133
264,503,explicit_float32_conversion,npy_array_container,36992,6036,6.12856196156395
265,502,actual_numpy_fitted_float64,raw_array,73728,6024,12.239043824701195
265,502,actual_numpy_fitted_float64,npy_array_container,73856,6024,12.260292164674635
265,502,explicit_float32_conversion,raw_array,36864,6024,6.1195219123505975
265,502,explicit_float32_conversion,npy_array_container,36992,6024,6.140770252324037
266,494,actual_numpy_fitted_float64,raw_array,73728,5928,12.437246963562753
266,494,actual_numpy_fitted_float64,npy_array_container,73856,5928,12.458839406207828
266,494,explicit_float32_conversion,raw_array,36864,5928,6.218623481781377
266,494,explicit_float32_conversion,npy_array_container,36992,5928,6.240215924426451
267,463,actual_numpy_fitted_float64,raw_array,73728,5556,13.269978401727862
267,463,actual_numpy_fitted_float64,npy_array_container,73856,5556,13.293016558675307
267,463,explicit_float32_conversion,raw_array,36864,5556,6.634989200863931
267,463,explicit_float32_conversion,npy_array_container,36992,5556,6.658027357811375
268,502,actual_numpy_fitted_float64,raw_array,73728,6024,12.239043824701195
268,502,actual_numpy_fitted_float64,npy_array_container,73856,6024,12.260292164674635
268,502,explicit_float32_conversion,raw_array,36864,6024,6.1195219123505975
268,502,explicit_float32_conversion,npy_array_container,36992,6024,6.140770252324037
269,478,actual_numpy_fitted_float64,raw_array,73728,5736,12.853556485355648
269,478,actual_numpy_fitted_float64,npy_array_container,73856,5736,12.87587168758717
269,478,explicit_float32_conversion,raw_array,36864,5736,6.426778242677824
269,478,explicit_float32_conversion,npy_array_container,36992,5736,6.449093444909344
270,457,actual_numpy_fitted_float64,raw_array,73728,5484,13.444201312910284
270,457,actual_numpy_fitted_float64,npy_array_container,73856,5484,13.467541940189642
270,457,explicit_float32_conversion,raw_array,36864,5484,6.722100656455142
270,457,explicit_float32_conversion,npy_array_container,36992,5484,6.7454412837345
271,516,actual_numpy_fitted_float64,raw_array,73728,6192,11.906976744186046
271,516,actual_numpy_fitted_float64,npy_array_container,73856,6192,11.92764857881137
271,516,explicit_float32_conversion,raw_array,36864,6192,5.953488372093023
271,516,explicit_float32_conversion,npy_array_container,36992,6192,5.974160206718346
272,510,actual_numpy_fitted_float64,raw_array,73728,6120,12.047058823529412
272,510,actual_numpy_fitted_float64,npy_array_container,73856,6120,12.06797385620915
272,510,explicit_float32_conversion,raw_array,36864,6120,6.023529411764706
272,510,explicit_float32_conversion,npy_array_container,36992,6120,6.044444444444444
273,460,actual_numpy_fitted_float64,raw_array,73728,5520,13.356521739130434
273,460,actual_numpy_fitted_float64,npy_array_container,73856,5520,13.379710144927536
273,460,explicit_float32_conversion,raw_array,36864,5520,6.678260869565217
273,460,explicit_float32_conversion,npy_array_container,36992,5520,6.701449275362319
274,516,actual_numpy_fitted_float64,raw_array,73728,6192,11.906976744186046
274,516,actual_numpy_fitted_float64,npy_array_container,73856,6192,11.92764857881137
274,516,explicit_float32_conversion,raw_array,36864,6192,5.953488372093023
274,516,explicit_float32_conversion,npy_array_container,36992,6192,5.974160206718346
275,456,actual_numpy_fitted_float64,raw_array,73728,5472,13.473684210526315
275,456,actual_numpy_fitted_float64,npy_array_container,73856,5472,13.497076023391813
275,456,explicit_float32_conversion,raw_array,36864,5472,6.7368421052631575
275,456,explicit_float32_conversion,npy_array_container,36992,5472,6.760233918128655
276,492,actual_numpy_fitted_float64,raw_array,73728,5904,12.487804878048781
276,492,actual_numpy_fitted_float64,npy_array_container,73856,5904,12.509485094850948
276,492,explicit_float32_conversion,raw_array,36864,5904,6.2439024390243905
276,492,explicit_float32_conversion,npy_array_container,36992,5904,6.265582655826559
277,409,actual_numpy_fitted_float64,raw_array,73728,4908,15.02200488997555
277,409,actual_numpy_fitted_float64,npy_array_container,73856,4908,15.048084759576202
277,409,explicit_float32_conversion,raw_array,36864,4908,7.511002444987775
277,409,explicit_float32_conversion,npy_array_container,36992,4908,7.537082314588427
278,454,actual_numpy_fitted_float64,raw_array,73728,5448,13.533039647577093
278,454,actual_numpy_fitted_float64,npy_array_container,73856,5448,13.556534508076359
278,454,explicit_float32_conversion,raw_array,36864,5448,6.766519823788546
278,454,explicit_float32_conversion,npy_array_container,36992,5448,6.790014684287812
279,495,actual_numpy_fitted_float64,raw_array,73728,5940,12.412121212121212
279,495,actual_numpy_fitted_float64,npy_array_container,73856,5940,12.433670033670033
279,495,explicit_float32_conversion,raw_array,36864,5940,6.206060606060606
279,495,explicit_float32_conversion,npy_array_container,36992,5940,6.227609427609428
280,487,actual_numpy_fitted_float64,raw_array,73728,5844,12.616016427104723
280,487,actual_numpy_fitted_float64,npy_array_container,73856,5844,12.63791923340178
280,487,explicit_float32_conversion,raw_array,36864,5844,6.308008213552362
280,487,explicit_float32_conversion,npy_array_container,36992,5844,6.329911019849418
281,467,actual_numpy_fitted_float64,raw_array,73728,5604,13.156316916488223
281,467,actual_numpy_fitted_float64,npy_array_container,73856,5604,13.179157744468236
281,467,explicit_float32_conversion,raw_array,36864,5604,6.578158458244111
281,467,explicit_float32_conversion,npy_array_container,36992,5604,6.600999286224126
282,537,actual_numpy_fitted_float64,raw_array,73728,6444,11.441340782122905
282,537,actual_numpy_fitted_float64,npy_array_container,73856,6444,11.461204220980758
282,537,explicit_float32_conversion,raw_array,36864,6444,5.720670391061453
282,537,explicit_float32_conversion,npy_array_container,36992,6444,5.740533829919305
283,453,actual_numpy_fitted_float64,raw_array,73728,5436,13.562913907284768
283,453,actual_numpy_fitted_float64,npy_array_container,73856,5436,13.586460632818248
283,453,explicit_float32_conversion,raw_array,36864,5436,6.781456953642384
283,453,explicit_float32_conversion,npy_array_container,36992,5436,6.805003679175865
284,516,actual_numpy_fitted_float64,raw_array,73728,6192,11.906976744186046
284,516,actual_numpy_fitted_float64,npy_array_container,73856,6192,11.92764857881137
284,516,explicit_float32_conversion,raw_array,36864,6192,5.953488372093023
284,516,explicit_float32_conversion,npy_array_container,36992,6192,5.974160206718346
285,492,actual_numpy_fitted_float64,raw_array,73728,5904,12.487804878048781
285,492,actual_numpy_fitted_float64,npy_array_container,73856,5904,12.509485094850948
285,492,explicit_float32_conversion,raw_array,36864,5904,6.2439024390243905
285,492,explicit_float32_conversion,npy_array_container,36992,5904,6.265582655826559
286,509,actual_numpy_fitted_float64,raw_array,73728,6108,12.070726915520629
286,509,actual_numpy_fitted_float64,npy_array_container,73856,6108,12.091683038637852
286,509,explicit_float32_conversion,raw_array,36864,6108,6.035363457760314
286,509,explicit_float32_conversion,npy_array_container,36992,6108,6.056319580877537
287,478,actual_numpy_fitted_float64,raw_array,73728,5736,12.853556485355648
287,478,actual_numpy_fitted_float64,npy_array_container,73856,5736,12.87587168758717
287,478,explicit_float32_conversion,raw_array,36864,5736,6.426778242677824
287,478,explicit_float32_conversion,npy_array_container,36992,5736,6.449093444909344
288,528,actual_numpy_fitted_float64,raw_array,73728,6336,11.636363636363637
288,528,actual_numpy_fitted_float64,npy_array_container,73856,6336,11.656565656565656
288,528,explicit_float32_conversion,raw_array,36864,6336,5.818181818181818
288,528,explicit_float32_conversion,npy_array_container,36992,6336,5.838383838383838
289,488,actual_numpy_fitted_float64,raw_array,73728,5856,12.59016393442623
289,488,actual_numpy_fitted_float64,npy_array_container,73856,5856,12.612021857923498
289,488,explicit_float32_conversion,raw_array,36864,5856,6.295081967213115
289,488,explicit_float32_conversion,npy_array_container,36992,5856,6.316939890710382
290,490,actual_numpy_fitted_float64,raw_array,73728,5880,12.538775510204081
290,490,actual_numpy_fitted_float64,npy_array_container,73856,5880,12.560544217687076
290,490,explicit_float32_conversion,raw_array,36864,5880,6.2693877551020405
290,490,explicit_float32_conversion,npy_array_container,36992,5880,6.291156462585034
291,485,actual_numpy_fitted_float64,raw_array,73728,5820,12.668041237113401
291,485,actual_numpy_fitted_float64,npy_array_container,73856,5820,12.690034364261168
291,485,explicit_float32_conversion,raw_array,36864,5820,6.334020618556701
291,485,explicit_float32_conversion,npy_array_container,36992,5820,6.356013745704467
292,469,actual_numpy_fitted_float64,raw_array,73728,5628,13.100213219616204
292,469,actual_numpy_fitted_float64,npy_array_container,73856,5628,13.122956645344704
292,469,explicit_float32_conversion,raw_array,36864,5628,6.550106609808102
292,469,explicit_float32_conversion,npy_array_container,36992,5628,6.572850035536603
293,477,actual_numpy_fitted_float64,raw_array,73728,5724,12.880503144654089
293,477,actual_numpy_fitted_float64,npy_array_container,73856,5724,12.902865129280224
293,477,explicit_float32_conversion,raw_array,36864,5724,6.440251572327044
293,477,explicit_float32_conversion,npy_array_container,36992,5724,6.46261355695318
294,520,actual_numpy_fitted_float64,raw_array,73728,6240,11.815384615384616
294,520,actual_numpy_fitted_float64,npy_array_container,73856,6240,11.835897435897436
294,520,explicit_float32_conversion,raw_array,36864,6240,5.907692307692308
294,520,explicit_float32_conversion,npy_array_container,36992,6240,5.9282051282051285
295,478,actual_numpy_fitted_float64,raw_array,73728,5736,12.853556485355648
295,478,actual_numpy_fitted_float64,npy_array_container,73856,5736,12.87587168758717
295,478,explicit_float32_conversion,raw_array,36864,5736,6.426778242677824
295,478,explicit_float32_conversion,npy_array_container,36992,5736,6.449093444909344
296,459,actual_numpy_fitted_float64,raw_array,73728,5508,13.38562091503268
296,459,actual_numpy_fitted_float64,npy_array_container,73856,5508,13.40885984023239
296,459,explicit_float32_conversion,raw_array,36864,5508,6.69281045751634
296,459,explicit_float32_conversion,npy_array_container,36992,5508,6.716049382716049
297,487,actual_numpy_fitted_float64,raw_array,73728,5844,12.616016427104723
297,487,actual_numpy_fitted_float64,npy_array_container,73856,5844,12.63791923340178
297,487,explicit_float32_conversion,raw_array,36864,5844,6.308008213552362
297,487,explicit_float32_conversion,npy_array_container,36992,5844,6.329911019849418
298,504,actual_numpy_fitted_float64,raw_array,73728,6048,12.19047619047619
298,504,actual_numpy_fitted_float64,npy_array_container,73856,6048,12.211640211640212
298,504,explicit_float32_conversion,raw_array,36864,6048,6.095238095238095
298,504,explicit_float32_conversion,npy_array_container,36992,6048,6.116402116402116
299,504,actual_numpy_fitted_float64,raw_array,73728,6048,12.19047619047619
299,504,actual_numpy_fitted_float64,npy_array_container,73856,6048,12.211640211640212
299,504,explicit_float32_conversion,raw_array,36864,6048,6.095238095238095
299,504,explicit_float32_conversion,npy_array_container,36992,6048,6.116402116402116
300,511,actual_numpy_fitted_float64,raw_array,73728,6132,12.023483365949119
300,511,actual_numpy_fitted_float64,npy_array_container,73856,6132,12.044357469015003
300,511,explicit_float32_conversion,raw_array,36864,6132,6.011741682974559
300,511,explicit_float32_conversion,npy_array_container,36992,6132,6.032615786040443
301,493,actual_numpy_fitted_float64,raw_array,73728,5916,12.462474645030426
301,493,actual_numpy_fitted_float64,npy_array_container,73856,5916,12.484110885733603
301,493,explicit_float32_conversion,raw_array,36864,5916,6.231237322515213
301,493,explicit_float32_conversion,npy_array_container,36992,5916,6.252873563218391
302,466,actual_numpy_fitted_float64,raw_array,73728,5592,13.184549356223176
302,466,actual_numpy_fitted_float64,npy_array_container,73856,5592,13.207439198855507
302,466,explicit_float32_conversion,raw_array,36864,5592,6.592274678111588
302,466,explicit_float32_conversion,npy_array_container,36992,5592,6.61516452074392
303,462,actual_numpy_fitted_float64,raw_array,73728,5544,13.2987012987013
303,462,actual_numpy_fitted_float64,npy_array_container,73856,5544,13.321789321789321
303,462,explicit_float32_conversion,raw_array,36864,5544,6.64935064935065
303,462,explicit_float32_conversion,npy_array_container,36992,5544,6.672438672438672
304,496,actual_numpy_fitted_float64,raw_array,73728,5952,12.387096774193548
304,496,actual_numpy_fitted_float64,npy_array_container,73856,5952,12.408602150537634
304,496,explicit_float32_conversion,raw_array,36864,5952,6.193548387096774
304,496,explicit_float32_conversion,npy_array_container,36992,5952,6.21505376344086
305,493,actual_numpy_fitted_float64,raw_array,73728,5916,12.462474645030426
305,493,actual_numpy_fitted_float64,npy_array_container,73856,5916,12.484110885733603
305,493,explicit_float32_conversion,raw_array,36864,5916,6.231237322515213
305,493,explicit_float32_conversion,npy_array_container,36992,5916,6.252873563218391
306,457,actual_numpy_fitted_float64,raw_array,73728,5484,13.444201312910284
306,457,actual_numpy_fitted_float64,npy_array_container,73856,5484,13.467541940189642
306,457,explicit_float32_conversion,raw_array,36864,5484,6.722100656455142
306,457,explicit_float32_conversion,npy_array_container,36992,5484,6.7454412837345
307,471,actual_numpy_fitted_float64,raw_array,73728,5652,13.044585987261147
307,471,actual_numpy_fitted_float64,npy_array_container,73856,5652,13.067232837933474
307,471,explicit_float32_conversion,raw_array,36864,5652,6.522292993630574
307,471,explicit_float32_conversion,npy_array_container,36992,5652,6.544939844302902
308,521,actual_numpy_fitted_float64,raw_array,73728,6252,11.792706333973129
308,521,actual_numpy_fitted_float64,npy_array_container,73856,6252,11.813179782469609
308,521,explicit_float32_conversion,raw_array,36864,6252,5.8963531669865645
308,521,explicit_float32_conversion,npy_array_container,36992,6252,5.916826615483045
309,493,actual_numpy_fitted_float64,raw_array,73728,5916,12.462474645030426
309,493,actual_numpy_fitted_float64,npy_array_container,73856,5916,12.484110885733603
309,493,explicit_float32_conversion,raw_array,36864,5916,6.231237322515213
309,493,explicit_float32_conversion,npy_array_container,36992,5916,6.252873563218391
310,550,actual_numpy_fitted_float64,raw_array,73728,6600,11.170909090909092
310,550,actual_numpy_fitted_float64,npy_array_container,73856,6600,11.19030303030303
310,550,explicit_float32_conversion,raw_array,36864,6600,5.585454545454546
310,550,explicit_float32_conversion,npy_array_container,36992,6600,5.6048484848484845
311,429,actual_numpy_fitted_float64,raw_array,73728,5148,14.321678321678322
311,429,actual_numpy_fitted_float64,npy_array_container,73856,5148,14.346542346542346
311,429,explicit_float32_conversion,raw_array,36864,5148,7.160839160839161
311,429,explicit_float32_conversion,npy_array_container,36992,5148,7.1857031857031854
312,512,actual_numpy_fitted_float64,raw_array,73728,6144,12.0
312,512,actual_numpy_fitted_float64,npy_array_container,73856,6144,12.020833333333334
312,512,explicit_float32_conversion,raw_array,36864,6144,6.0
312,512,explicit_float32_conversion,npy_array_container,36992,6144,6.020833333333333
313,485,actual_numpy_fitted_float64,raw_array,73728,5820,12.668041237113401
313,485,actual_numpy_fitted_float64,npy_array_container,73856,5820,12.690034364261168
313,485,explicit_float32_conversion,raw_array,36864,5820,6.334020618556701
313,485,explicit_float32_conversion,npy_array_container,36992,5820,6.356013745704467
314,530,actual_numpy_fitted_float64,raw_array,73728,6360,11.592452830188678
314,530,actual_numpy_fitted_float64,npy_array_container,73856,6360,11.6125786163522
314,530,explicit_float32_conversion,raw_array,36864,6360,5.796226415094339
314,530,explicit_float32_conversion,npy_array_container,36992,6360,5.816352201257861
315,479,actual_numpy_fitted_float64,raw_array,73728,5748,12.826722338204593
315,479,actual_numpy_fitted_float64,npy_array_container,73856,5748,12.848990953375086
315,479,explicit_float32_conversion,raw_array,36864,5748,6.413361169102297
315,479,explicit_float32_conversion,npy_array_container,36992,5748,6.43562978427279
316,474,actual_numpy_fitted_float64,raw_array,73728,5688,12.962025316455696
316,474,actual_numpy_fitted_float64,npy_array_container,73856,5688,12.9845288326301
316,474,explicit_float32_conversion,raw_array,36864,5688,6.481012658227848
316,474,explicit_float32_conversion,npy_array_container,36992,5688,6.50351617440225
317,532,actual_numpy_fitted_float64,raw_array,73728,6384,11.548872180451127
317,532,actual_numpy_fitted_float64,npy_array_container,73856,6384,11.568922305764412
317,532,explicit_float32_conversion,raw_array,36864,6384,5.774436090225564
317,532,explicit_float32_conversion,npy_array_container,36992,6384,5.794486215538847
318,437,actual_numpy_fitted_float64,raw_array,73728,5244,14.05949656750572
318,437,actual_numpy_fitted_float64,npy_array_container,73856,5244,14.083905415713197
318,437,explicit_float32_conversion,raw_array,36864,5244,7.02974828375286
318,437,explicit_float32_conversion,npy_array_container,36992,5244,7.054157131960336
319,469,actual_numpy_fitted_float64,raw_array,73728,5628,13.100213219616204
319,469,actual_numpy_fitted_float64,npy_array_container,73856,5628,13.122956645344704
319,469,explicit_float32_conversion,raw_array,36864,5628,6.550106609808102
319,469,explicit_float32_conversion,npy_array_container,36992,5628,6.572850035536603
320,520,actual_numpy_fitted_float64,raw_array,73728,6240,11.815384615384616
320,520,actual_numpy_fitted_float64,npy_array_container,73856,6240,11.835897435897436
320,520,explicit_float32_conversion,raw_array,36864,6240,5.907692307692308
320,520,explicit_float32_conversion,npy_array_container,36992,6240,5.9282051282051285
321,533,actual_numpy_fitted_float64,raw_array,73728,6396,11.527204502814259
321,533,actual_numpy_fitted_float64,npy_array_container,73856,6396,11.547217010631645
321,533,explicit_float32_conversion,raw_array,36864,6396,5.7636022514071295
321,533,explicit_float32_conversion,npy_array_container,36992,6396,5.783614759224515
322,504,actual_numpy_fitted_float64,raw_array,73728,6048,12.19047619047619
322,504,actual_numpy_fitted_float64,npy_array_container,73856,6048,12.211640211640212
322,504,explicit_float32_conversion,raw_array,36864,6048,6.095238095238095
322,504,explicit_float32_conversion,npy_array_container,36992,6048,6.116402116402116
323,521,actual_numpy_fitted_float64,raw_array,73728,6252,11.792706333973129
323,521,actual_numpy_fitted_float64,npy_array_container,73856,6252,11.813179782469609
323,521,explicit_float32_conversion,raw_array,36864,6252,5.8963531669865645
323,521,explicit_float32_conversion,npy_array_container,36992,6252,5.916826615483045
324,475,actual_numpy_fitted_float64,raw_array,73728,5700,12.934736842105263
324,475,actual_numpy_fitted_float64,npy_array_container,73856,5700,12.95719298245614
324,475,explicit_float32_conversion,raw_array,36864,5700,6.467368421052631
324,475,explicit_float32_conversion,npy_array_container,36992,5700,6.489824561403509
325,476,actual_numpy_fitted_float64,raw_array,73728,5712,12.907563025210084
325,476,actual_numpy_fitted_float64,npy_array_container,73856,5712,12.929971988795518
325,476,explicit_float32_conversion,raw_array,36864,5712,6.453781512605042
325,476,explicit_float32_conversion,npy_array_container,36992,5712,6.476190476190476
326,505,actual_numpy_fitted_float64,raw_array,73728,6060,12.166336633663366
326,505,actual_numpy_fitted_float64,npy_array_container,73856,6060,12.187458745874588
326,505,explicit_float32_conversion,raw_array,36864,6060,6.083168316831683
326,505,explicit_float32_conversion,npy_array_container,36992,6060,6.104290429042904
327,470,actual_numpy_fitted_float64,raw_array,73728,5640,13.072340425531914
327,470,actual_numpy_fitted_float64,npy_array_container,73856,5640,13.095035460992907
327,470,explicit_float32_conversion,raw_array,36864,5640,6.536170212765957
327,470,explicit_float32_conversion,npy_array_container,36992,5640,6.55886524822695
328,516,actual_numpy_fitted_float64,raw_array,73728,6192,11.906976744186046
328,516,actual_numpy_fitted_float64,npy_array_container,73856,6192,11.92764857881137
328,516,explicit_float32_conversion,raw_array,36864,6192,5.953488372093023
328,516,explicit_float32_conversion,npy_array_container,36992,6192,5.974160206718346
329,480,actual_numpy_fitted_float64,raw_array,73728,5760,12.8
329,480,actual_numpy_fitted_float64,npy_array_container,73856,5760,12.822222222222223
329,480,explicit_float32_conversion,raw_array,36864,5760,6.4
329,480,explicit_float32_conversion,npy_array_container,36992,5760,6.4222222222222225
330,523,actual_numpy_fitted_float64,raw_array,73728,6276,11.747609942638624
330,523,actual_numpy_fitted_float64,npy_array_container,73856,6276,11.768005098789038
330,523,explicit_float32_conversion,raw_array,36864,6276,5.873804971319312
330,523,explicit_float32_conversion,npy_array_container,36992,6276,5.894200127469726
331,530,actual_numpy_fitted_float64,raw_array,73728,6360,11.592452830188678
331,530,actual_numpy_fitted_float64,npy_array_container,73856,6360,11.6125786163522
331,530,explicit_float32_conversion,raw_array,36864,6360,5.796226415094339
331,530,explicit_float32_conversion,npy_array_container,36992,6360,5.816352201257861
332,458,actual_numpy_fitted_float64,raw_array,73728,5496,13.414847161572052
332,458,actual_numpy_fitted_float64,npy_array_container,73856,5496,13.438136826783115
332,458,explicit_float32_conversion,raw_array,36864,5496,6.707423580786026
332,458,explicit_float32_conversion,npy_array_container,36992,5496,6.730713245997089
333,519,actual_numpy_fitted_float64,raw_array,73728,6228,11.83815028901734
333,519,actual_numpy_fitted_float64,npy_array_container,73856,6228,11.858702633269107
333,519,explicit_float32_conversion,raw_array,36864,6228,5.91907514450867
333,519,explicit_float32_conversion,npy_array_container,36992,6228,5.939627488760436
334,550,actual_numpy_fitted_float64,raw_array,73728,6600,11.170909090909092
334,550,actual_numpy_fitted_float64,npy_array_container,73856,6600,11.19030303030303
334,550,explicit_float32_conversion,raw_array,36864,6600,5.585454545454546
334,550,explicit_float32_conversion,npy_array_container,36992,6600,5.6048484848484845
335,530,actual_numpy_fitted_float64,raw_array,73728,6360,11.592452830188678
335,530,actual_numpy_fitted_float64,npy_array_container,73856,6360,11.6125786163522
335,530,explicit_float32_conversion,raw_array,36864,6360,5.796226415094339
335,530,explicit_float32_conversion,npy_array_container,36992,6360,5.816352201257861
336,506,actual_numpy_fitted_float64,raw_array,73728,6072,12.142292490118576
336,506,actual_numpy_fitted_float64,npy_array_container,73856,6072,12.163372859025033
336,506,explicit_float32_conversion,raw_array,36864,6072,6.071146245059288
336,506,explicit_float32_conversion,npy_array_container,36992,6072,6.092226613965744
337,461,actual_numpy_fitted_float64,raw_array,73728,5532,13.327548806941431
337,461,actual_numpy_fitted_float64,npy_array_container,73856,5532,13.350686912509039
337,461,explicit_float32_conversion,raw_array,36864,5532,6.663774403470716
337,461,explicit_float32_conversion,npy_array_container,36992,5532,6.686912509038322
338,448,actual_numpy_fitted_float64,raw_array,73728,5376,13.714285714285714
338,448,actual_numpy_fitted_float64,npy_array_container,73856,5376,13.738095238095237
338,448,explicit_float32_conversion,raw_array,36864,5376,6.857142857142857
338,448,explicit_float32_conversion,npy_array_container,36992,5376,6.880952380952381
339,493,actual_numpy_fitted_float64,raw_array,73728,5916,12.462474645030426
339,493,actual_numpy_fitted_float64,npy_array_container,73856,5916,12.484110885733603
339,493,explicit_float32_conversion,raw_array,36864,5916,6.231237322515213
339,493,explicit_float32_conversion,npy_array_container,36992,5916,6.252873563218391
340,496,actual_numpy_fitted_float64,raw_array,73728,5952,12.387096774193548
340,496,actual_numpy_fitted_float64,npy_array_container,73856,5952,12.408602150537634
340,496,explicit_float32_conversion,raw_array,36864,5952,6.193548387096774
340,496,explicit_float32_conversion,npy_array_container,36992,5952,6.21505376344086
341,506,actual_numpy_fitted_float64,raw_array,73728,6072,12.142292490118576
341,506,actual_numpy_fitted_float64,npy_array_container,73856,6072,12.163372859025033
341,506,explicit_float32_conversion,raw_array,36864,6072,6.071146245059288
341,506,explicit_float32_conversion,npy_array_container,36992,6072,6.092226613965744
342,481,actual_numpy_fitted_float64,raw_array,73728,5772,12.773388773388774
342,481,actual_numpy_fitted_float64,npy_array_container,73856,5772,12.795564795564795
342,481,explicit_float32_conversion,raw_array,36864,5772,6.386694386694387
342,481,explicit_float32_conversion,npy_array_container,36992,5772,6.408870408870409
343,483,actual_numpy_fitted_float64,raw_array,73728,5796,12.720496894409937
343,483,actual_numpy_fitted_float64,npy_array_container,73856,5796,12.742581090407178
343,483,explicit_float32_conversion,raw_array,36864,5796,6.3602484472049685
343,483,explicit_float32_conversion,npy_array_container,36992,5796,6.382332643202209
344,533,actual_numpy_fitted_float64,raw_array,73728,6396,11.527204502814259
344,533,actual_numpy_fitted_float64,npy_array_container,73856,6396,11.547217010631645
344,533,explicit_float32_conversion,raw_array,36864,6396,5.7636022514071295
344,533,explicit_float32_conversion,npy_array_container,36992,6396,5.783614759224515
345,589,actual_numpy_fitted_float64,raw_array,73728,7068,10.431239388794568
345,589,actual_numpy_fitted_float64,npy_array_container,73856,7068,10.449349179400112
345,589,explicit_float32_conversion,raw_array,36864,7068,5.215619694397284
345,589,explicit_float32_conversion,npy_array_container,36992,7068,5.233729485002829
346,464,actual_numpy_fitted_float64,raw_array,73728,5568,13.241379310344827
346,464,actual_numpy_fitted_float64,npy_array_container,73856,5568,13.264367816091953
346,464,explicit_float32_conversion,raw_array,36864,5568,6.620689655172414
346,464,explicit_float32_conversion,npy_array_container,36992,5568,6.64367816091954
347,476,actual_numpy_fitted_float64,raw_array,73728,5712,12.907563025210084
347,476,actual_numpy_fitted_float64,npy_array_container,73856,5712,12.929971988795518
347,476,explicit_float32_conversion,raw_array,36864,5712,6.453781512605042
347,476,explicit_float32_conversion,npy_array_container,36992,5712,6.476190476190476
348,513,actual_numpy_fitted_float64,raw_array,73728,6156,11.976608187134502
348,513,actual_numpy_fitted_float64,npy_array_container,73856,6156,11.99740090968161
348,513,explicit_float32_conversion,raw_array,36864,6156,5.988304093567251
348,513,explicit_float32_conversion,npy_array_container,36992,6156,6.00909681611436
349,489,actual_numpy_fitted_float64,raw_array,73728,5868,12.56441717791411
349,489,actual_numpy_fitted_float64,npy_array_container,73856,5868,12.586230402181322
349,489,explicit_float32_conversion,raw_array,36864,5868,6.282208588957055
349,489,explicit_float32_conversion,npy_array_container,36992,5868,6.304021813224267
350,495,actual_numpy_fitted_float64,raw_array,73728,5940,12.412121212121212
350,495,actual_numpy_fitted_float64,npy_array_container,73856,5940,12.433670033670033
350,495,explicit_float32_conversion,raw_array,36864,5940,6.206060606060606
350,495,explicit_float32_conversion,npy_array_container,36992,5940,6.227609427609428
351,543,actual_numpy_fitted_float64,raw_array,73728,6516,11.314917127071823
351,543,actual_numpy_fitted_float64,npy_array_container,73856,6516,11.334561080417433
351,543,explicit_float32_conversion,raw_array,36864,6516,5.657458563535911
351,543,explicit_float32_conversion,npy_array_container,36992,6516,5.677102516881522
352,482,actual_numpy_fitted_float64,raw_array,73728,5784,12.746887966804978
352,482,actual_numpy_fitted_float64,npy_array_container,73856,5784,12.769017980636239
352,482,explicit_float32_conversion,raw_array,36864,5784,6.373443983402489
352,482,explicit_float32_conversion,npy_array_container,36992,5784,6.395573997233749
353,513,actual_numpy_fitted_float64,raw_array,73728,6156,11.976608187134502
353,513,actual_numpy_fitted_float64,npy_array_container,73856,6156,11.99740090968161
353,513,explicit_float32_conversion,raw_array,36864,6156,5.988304093567251
353,513,explicit_float32_conversion,npy_array_container,36992,6156,6.00909681611436
354,445,actual_numpy_fitted_float64,raw_array,73728,5340,13.806741573033708
354,445,actual_numpy_fitted_float64,npy_array_container,73856,5340,13.830711610486892
354,445,explicit_float32_conversion,raw_array,36864,5340,6.903370786516854
354,445,explicit_float32_conversion,npy_array_container,36992,5340,6.927340823970037
355,522,actual_numpy_fitted_float64,raw_array,73728,6264,11.770114942528735
355,522,actual_numpy_fitted_float64,npy_array_container,73856,6264,11.790549169859515
355,522,explicit_float32_conversion,raw_array,36864,6264,5.885057471264368
355,522,explicit_float32_conversion,npy_array_container,36992,6264,5.905491698595147
356,497,actual_numpy_fitted_float64,raw_array,73728,5964,12.362173038229376
356,497,actual_numpy_fitted_float64,npy_array_container,73856,5964,12.383635144198525
356,497,explicit_float32_conversion,raw_array,36864,5964,6.181086519114688
356,497,explicit_float32_conversion,npy_array_container,36992,5964,6.202548625083836
357,500,actual_numpy_fitted_float64,raw_array,73728,6000,12.288
357,500,actual_numpy_fitted_float64,npy_array_container,73856,6000,12.309333333333333
357,500,explicit_float32_conversion,raw_array,36864,6000,6.144
357,500,explicit_float32_conversion,npy_array_container,36992,6000,6.165333333333334
358,508,actual_numpy_fitted_float64,raw_array,73728,6096,12.094488188976378
358,508,actual_numpy_fitted_float64,npy_array_container,73856,6096,12.115485564304462
358,508,explicit_float32_conversion,raw_array,36864,6096,6.047244094488189
358,508,explicit_float32_conversion,npy_array_container,36992,6096,6.0682414698162725
359,515,actual_numpy_fitted_float64,raw_array,73728,6180,11.930097087378641
359,515,actual_numpy_fitted_float64,npy_array_container,73856,6180,11.950809061488673
359,515,explicit_float32_conversion,raw_array,36864,6180,5.965048543689321
359,515,explicit_float32_conversion,npy_array_container,36992,6180,5.985760517799353
360,585,actual_numpy_fitted_float64,raw_array,73728,7020,10.502564102564103
360,585,actual_numpy_fitted_float64,npy_array_container,73856,7020,10.52079772079772
360,585,explicit_float32_conversion,raw_array,36864,7020,5.251282051282051
360,585,explicit_float32_conversion,npy_array_container,36992,7020,5.26951566951567
361,484,actual_numpy_fitted_float64,raw_array,73728,5808,12.694214876033058
361,484,actual_numpy_fitted_float64,npy_array_container,73856,5808,12.71625344352617
361,484,explicit_float32_conversion,raw_array,36864,5808,6.347107438016529
361,484,explicit_float32_conversion,npy_array_container,36992,5808,6.369146005509642
362,424,actual_numpy_fitted_float64,raw_array,73728,5088,14.49056603773585
362,424,actual_numpy_fitted_float64,npy_array_container,73856,5088,14.515723270440251
362,424,explicit_float32_conversion,raw_array,36864,5088,7.245283018867925
362,424,explicit_float32_conversion,npy_array_container,36992,5088,7.270440251572327
363,487,actual_numpy_fitted_float64,raw_array,73728,5844,12.616016427104723
363,487,actual_numpy_fitted_float64,npy_array_container,73856,5844,12.63791923340178
363,487,explicit_float32_conversion,raw_array,36864,5844,6.308008213552362
363,487,explicit_float32_conversion,npy_array_container,36992,5844,6.329911019849418
364,504,actual_numpy_fitted_float64,raw_array,73728,6048,12.19047619047619
364,504,actual_numpy_fitted_float64,npy_array_container,73856,6048,12.211640211640212
364,504,explicit_float32_conversion,raw_array,36864,6048,6.095238095238095
364,504,explicit_float32_conversion,npy_array_container,36992,6048,6.116402116402116
365,473,actual_numpy_fitted_float64,raw_array,73728,5676,12.989429175475687
365,473,actual_numpy_fitted_float64,npy_array_container,73856,5676,13.011980267794222
365,473,explicit_float32_conversion,raw_array,36864,5676,6.494714587737843
365,473,explicit_float32_conversion,npy_array_container,36992,5676,6.5172656800563775
366,442,actual_numpy_fitted_float64,raw_array,73728,5304,13.900452488687783
366,442,actual_numpy_fitted_float64,npy_array_container,73856,5304,13.924585218702866
366,442,explicit_float32_conversion,raw_array,36864,5304,6.950226244343892
366,442,explicit_float32_conversion,npy_array_container,36992,5304,6.9743589743589745
367,459,actual_numpy_fitted_float64,raw_array,73728,5508,13.38562091503268
367,459,actual_numpy_fitted_float64,npy_array_container,73856,5508,13.40885984023239
367,459,explicit_float32_conversion,raw_array,36864,5508,6.69281045751634
367,459,explicit_float32_conversion,npy_array_container,36992,5508,6.716049382716049
368,527,actual_numpy_fitted_float64,raw_array,73728,6324,11.658444022770398
368,527,actual_numpy_fitted_float64,npy_array_container,73856,6324,11.678684376976596
368,527,explicit_float32_conversion,raw_array,36864,6324,5.829222011385199
368,527,explicit_float32_conversion,npy_array_container,36992,6324,5.849462365591398
369,506,actual_numpy_fitted_float64,raw_array,73728,6072,12.142292490118576
369,506,actual_numpy_fitted_float64,npy_array_container,73856,6072,12.163372859025033
369,506,explicit_float32_conversion,raw_array,36864,6072,6.071146245059288
369,506,explicit_float32_conversion,npy_array_container,36992,6072,6.092226613965744
370,497,actual_numpy_fitted_float64,raw_array,73728,5964,12.362173038229376
370,497,actual_numpy_fitted_float64,npy_array_container,73856,5964,12.383635144198525
370,497,explicit_float32_conversion,raw_array,36864,5964,6.181086519114688
370,497,explicit_float32_conversion,npy_array_container,36992,5964,6.202548625083836
371,470,actual_numpy_fitted_float64,raw_array,73728,5640,13.072340425531914
371,470,actual_numpy_fitted_float64,npy_array_container,73856,5640,13.095035460992907
371,470,explicit_float32_conversion,raw_array,36864,5640,6.536170212765957
371,470,explicit_float32_conversion,npy_array_container,36992,5640,6.55886524822695
372,495,actual_numpy_fitted_float64,raw_array,73728,5940,12.412121212121212
372,495,actual_numpy_fitted_float64,npy_array_container,73856,5940,12.433670033670033
372,495,explicit_float32_conversion,raw_array,36864,5940,6.206060606060606
372,495,explicit_float32_conversion,npy_array_container,36992,5940,6.227609427609428
373,533,actual_numpy_fitted_float64,raw_array,73728,6396,11.527204502814259
373,533,actual_numpy_fitted_float64,npy_array_container,73856,6396,11.547217010631645
373,533,explicit_float32_conversion,raw_array,36864,6396,5.7636022514071295
373,533,explicit_float32_conversion,npy_array_container,36992,6396,5.783614759224515
374,474,actual_numpy_fitted_float64,raw_array,73728,5688,12.962025316455696
374,474,actual_numpy_fitted_float64,npy_array_container,73856,5688,12.9845288326301
374,474,explicit_float32_conversion,raw_array,36864,5688,6.481012658227848
374,474,explicit_float32_conversion,npy_array_container,36992,5688,6.50351617440225
375,453,actual_numpy_fitted_float64,raw_array,73728,5436,13.562913907284768
375,453,actual_numpy_fitted_float64,npy_array_container,73856,5436,13.586460632818248
375,453,explicit_float32_conversion,raw_array,36864,5436,6.781456953642384
375,453,explicit_float32_conversion,npy_array_container,36992,5436,6.805003679175865
376,483,actual_numpy_fitted_float64,raw_array,73728,5796,12.720496894409937
376,483,actual_numpy_fitted_float64,npy_array_container,73856,5796,12.742581090407178
376,483,explicit_float32_conversion,raw_array,36864,5796,6.3602484472049685
376,483,explicit_float32_conversion,npy_array_container,36992,5796,6.382332643202209
377,517,actual_numpy_fitted_float64,raw_array,73728,6204,11.88394584139265
377,517,actual_numpy_fitted_float64,npy_array_container,73856,6204,11.904577691811735
377,517,explicit_float32_conversion,raw_array,36864,6204,5.941972920696325
377,517,explicit_float32_conversion,npy_array_container,36992,6204,5.9626047711154095
378,479,actual_numpy_fitted_float64,raw_array,73728,5748,12.826722338204593
378,479,actual_numpy_fitted_float64,npy_array_container,73856,5748,12.848990953375086
378,479,explicit_float32_conversion,raw_array,36864,5748,6.413361169102297
378,479,explicit_float32_conversion,npy_array_container,36992,5748,6.43562978427279
379,498,actual_numpy_fitted_float64,raw_array,73728,5976,12.337349397590362
379,498,actual_numpy_fitted_float64,npy_array_container,73856,5976,12.358768406961177
379,498,explicit_float32_conversion,raw_array,36864,5976,6.168674698795181
379,498,explicit_float32_conversion,npy_array_container,36992,5976,6.190093708165997
380,446,actual_numpy_fitted_float64,raw_array,73728,5352,13.77578475336323
380,446,actual_numpy_fitted_float64,npy_array_container,73856,5352,13.799701046337818
380,446,explicit_float32_conversion,raw_array,36864,5352,6.887892376681615
380,446,explicit_float32_conversion,npy_array_container,36992,5352,6.911808669656203
381,511,actual_numpy_fitted_float64,raw_array,73728,6132,12.023483365949119
381,511,actual_numpy_fitted_float64,npy_array_container,73856,6132,12.044357469015003
381,511,explicit_float32_conversion,raw_array,36864,6132,6.011741682974559
381,511,explicit_float32_conversion,npy_array_container,36992,6132,6.032615786040443
382,467,actual_numpy_fitted_float64,raw_array,73728,5604,13.156316916488223
382,467,actual_numpy_fitted_float64,npy_array_container,73856,5604,13.179157744468236
382,467,explicit_float32_conversion,raw_array,36864,5604,6.578158458244111
382,467,explicit_float32_conversion,npy_array_container,36992,5604,6.600999286224126
383,495,actual_numpy_fitted_float64,raw_array,73728,5940,12.412121212121212
383,495,actual_numpy_fitted_float64,npy_array_container,73856,5940,12.433670033670033
383,495,explicit_float32_conversion,raw_array,36864,5940,6.206060606060606
383,495,explicit_float32_conversion,npy_array_container,36992,5940,6.227609427609428
384,465,actual_numpy_fitted_float64,raw_array,73728,5580,13.212903225806452
384,465,actual_numpy_fitted_float64,npy_array_container,73856,5580,13.23584229390681
384,465,explicit_float32_conversion,raw_array,36864,5580,6.606451612903226
384,465,explicit_float32_conversion,npy_array_container,36992,5580,6.629390681003584
385,502,actual_numpy_fitted_float64,raw_array,73728,6024,12.239043824701195
385,502,actual_numpy_fitted_float64,npy_array_container,73856,6024,12.260292164674635
385,502,explicit_float32_conversion,raw_array,36864,6024,6.1195219123505975
385,502,explicit_float32_conversion,npy_array_container,36992,6024,6.140770252324037
386,591,actual_numpy_fitted_float64,raw_array,73728,7092,10.395939086294415
386,591,actual_numpy_fitted_float64,npy_array_container,73856,7092,10.413987591652566
386,591,explicit_float32_conversion,raw_array,36864,7092,5.197969543147208
386,591,explicit_float32_conversion,npy_array_container,36992,7092,5.216018048505358
387,483,actual_numpy_fitted_float64,raw_array,73728,5796,12.720496894409937
387,483,actual_numpy_fitted_float64,npy_array_container,73856,5796,12.742581090407178
387,483,explicit_float32_conversion,raw_array,36864,5796,6.3602484472049685
387,483,explicit_float32_conversion,npy_array_container,36992,5796,6.382332643202209
388,458,actual_numpy_fitted_float64,raw_array,73728,5496,13.414847161572052
388,458,actual_numpy_fitted_float64,npy_array_container,73856,5496,13.438136826783115
388,458,explicit_float32_conversion,raw_array,36864,5496,6.707423580786026
388,458,explicit_float32_conversion,npy_array_container,36992,5496,6.730713245997089
389,472,actual_numpy_fitted_float64,raw_array,73728,5664,13.016949152542374
389,472,actual_numpy_fitted_float64,npy_array_container,73856,5664,13.03954802259887
389,472,explicit_float32_conversion,raw_array,36864,5664,6.508474576271187
389,472,explicit_float32_conversion,npy_array_container,36992,5664,6.531073446327683
390,474,actual_numpy_fitted_float64,raw_array,73728,5688,12.962025316455696
390,474,actual_numpy_fitted_float64,npy_array_container,73856,5688,12.9845288326301
390,474,explicit_float32_conversion,raw_array,36864,5688,6.481012658227848
390,474,explicit_float32_conversion,npy_array_container,36992,5688,6.50351617440225
391,515,actual_numpy_fitted_float64,raw_array,73728,6180,11.930097087378641
391,515,actual_numpy_fitted_float64,npy_array_container,73856,6180,11.950809061488673
391,515,explicit_float32_conversion,raw_array,36864,6180,5.965048543689321
391,515,explicit_float32_conversion,npy_array_container,36992,6180,5.985760517799353
392,457,actual_numpy_fitted_float64,raw_array,73728,5484,13.444201312910284
392,457,actual_numpy_fitted_float64,npy_array_container,73856,5484,13.467541940189642
392,457,explicit_float32_conversion,raw_array,36864,5484,6.722100656455142
392,457,explicit_float32_conversion,npy_array_container,36992,5484,6.7454412837345
393,465,actual_numpy_fitted_float64,raw_array,73728,5580,13.212903225806452
393,465,actual_numpy_fitted_float64,npy_array_container,73856,5580,13.23584229390681
393,465,explicit_float32_conversion,raw_array,36864,5580,6.606451612903226
393,465,explicit_float32_conversion,npy_array_container,36992,5580,6.629390681003584
394,493,actual_numpy_fitted_float64,raw_array,73728,5916,12.462474645030426
394,493,actual_numpy_fitted_float64,npy_array_container,73856,5916,12.484110885733603
394,493,explicit_float32_conversion,raw_array,36864,5916,6.231237322515213
394,493,explicit_float32_conversion,npy_array_container,36992,5916,6.252873563218391
395,501,actual_numpy_fitted_float64,raw_array,73728,6012,12.263473053892216
395,501,actual_numpy_fitted_float64,npy_array_container,73856,6012,12.284763805721889
395,501,explicit_float32_conversion,raw_array,36864,6012,6.131736526946108
395,501,explicit_float32_conversion,npy_array_container,36992,6012,6.153027278775782
396,498,actual_numpy_fitted_float64,raw_array,73728,5976,12.337349397590362
396,498,actual_numpy_fitted_float64,npy_array_container,73856,5976,12.358768406961177
396,498,explicit_float32_conversion,raw_array,36864,5976,6.168674698795181
396,498,explicit_float32_conversion,npy_array_container,36992,5976,6.190093708165997
397,460,actual_numpy_fitted_float64,raw_array,73728,5520,13.356521739130434
397,460,actual_numpy_fitted_float64,npy_array_container,73856,5520,13.379710144927536
397,460,explicit_float32_conversion,raw_array,36864,5520,6.678260869565217
397,460,explicit_float32_conversion,npy_array_container,36992,5520,6.701449275362319
398,532,actual_numpy_fitted_float64,raw_array,73728,6384,11.548872180451127
398,532,actual_numpy_fitted_float64,npy_array_container,73856,6384,11.568922305764412
398,532,explicit_float32_conversion,raw_array,36864,6384,5.774436090225564
398,532,explicit_float32_conversion,npy_array_container,36992,6384,5.794486215538847
399,486,actual_numpy_fitted_float64,raw_array,73728,5832,12.641975308641975
399,486,actual_numpy_fitted_float64,npy_array_container,73856,5832,12.663923182441701
399,486,explicit_float32_conversion,raw_array,36864,5832,6.320987654320987
399,486,explicit_float32_conversion,npy_array_container,36992,5832,6.342935528120713
400,469,actual_numpy_fitted_float64,raw_array,73728,5628,13.100213219616204
400,469,actual_numpy_fitted_float64,npy_array_container,73856,5628,13.122956645344704
400,469,explicit_float32_conversion,raw_array,36864,5628,6.550106609808102
400,469,explicit_float32_conversion,npy_array_container,36992,5628,6.572850035536603
401,500,actual_numpy_fitted_float64,raw_array,73728,6000,12.288
401,500,actual_numpy_fitted_float64,npy_array_container,73856,6000,12.309333333333333
401,500,explicit_float32_conversion,raw_array,36864,6000,6.144
401,500,explicit_float32_conversion,npy_array_container,36992,6000,6.165333333333334
402,460,actual_numpy_fitted_float64,raw_array,73728,5520,13.356521739130434
402,460,actual_numpy_fitted_float64,npy_array_container,73856,5520,13.379710144927536
402,460,explicit_float32_conversion,raw_array,36864,5520,6.678260869565217
402,460,explicit_float32_conversion,npy_array_container,36992,5520,6.701449275362319
403,520,actual_numpy_fitted_float64,raw_array,73728,6240,11.815384615384616
403,520,actual_numpy_fitted_float64,npy_array_container,73856,6240,11.835897435897436
403,520,explicit_float32_conversion,raw_array,36864,6240,5.907692307692308
403,520,explicit_float32_conversion,npy_array_container,36992,6240,5.9282051282051285
404,472,actual_numpy_fitted_float64,raw_array,73728,5664,13.016949152542374
404,472,actual_numpy_fitted_float64,npy_array_container,73856,5664,13.03954802259887
404,472,explicit_float32_conversion,raw_array,36864,5664,6.508474576271187
404,472,explicit_float32_conversion,npy_array_container,36992,5664,6.531073446327683
405,513,actual_numpy_fitted_float64,raw_array,73728,6156,11.976608187134502
405,513,actual_numpy_fitted_float64,npy_array_container,73856,6156,11.99740090968161
405,513,explicit_float32_conversion,raw_array,36864,6156,5.988304093567251
405,513,explicit_float32_conversion,npy_array_container,36992,6156,6.00909681611436
406,516,actual_numpy_fitted_float64,raw_array,73728,6192,11.906976744186046
406,516,actual_numpy_fitted_float64,npy_array_container,73856,6192,11.92764857881137
406,516,explicit_float32_conversion,raw_array,36864,6192,5.953488372093023
406,516,explicit_float32_conversion,npy_array_container,36992,6192,5.974160206718346
407,484,actual_numpy_fitted_float64,raw_array,73728,5808,12.694214876033058
407,484,actual_numpy_fitted_float64,npy_array_container,73856,5808,12.71625344352617
407,484,explicit_float32_conversion,raw_array,36864,5808,6.347107438016529
407,484,explicit_float32_conversion,npy_array_container,36992,5808,6.369146005509642
408,497,actual_numpy_fitted_float64,raw_array,73728,5964,12.362173038229376
408,497,actual_numpy_fitted_float64,npy_array_container,73856,5964,12.383635144198525
408,497,explicit_float32_conversion,raw_array,36864,5964,6.181086519114688
408,497,explicit_float32_conversion,npy_array_container,36992,5964,6.202548625083836
409,481,actual_numpy_fitted_float64,raw_array,73728,5772,12.773388773388774
409,481,actual_numpy_fitted_float64,npy_array_container,73856,5772,12.795564795564795
409,481,explicit_float32_conversion,raw_array,36864,5772,6.386694386694387
409,481,explicit_float32_conversion,npy_array_container,36992,5772,6.408870408870409
410,547,actual_numpy_fitted_float64,raw_array,73728,6564,11.23217550274223
410,547,actual_numpy_fitted_float64,npy_array_container,73856,6564,11.251675807434491
410,547,explicit_float32_conversion,raw_array,36864,6564,5.616087751371115
410,547,explicit_float32_conversion,npy_array_container,36992,6564,5.635588056063376
411,467,actual_numpy_fitted_float64,raw_array,73728,5604,13.156316916488223
411,467,actual_numpy_fitted_float64,npy_array_container,73856,5604,13.179157744468236
411,467,explicit_float32_conversion,raw_array,36864,5604,6.578158458244111
411,467,explicit_float32_conversion,npy_array_container,36992,5604,6.600999286224126
412,452,actual_numpy_fitted_float64,raw_array,73728,5424,13.5929203539823
412,452,actual_numpy_fitted_float64,npy_array_container,73856,5424,13.616519174041297
412,452,explicit_float32_conversion,raw_array,36864,5424,6.79646017699115
412,452,explicit_float32_conversion,npy_array_container,36992,5424,6.820058997050148
413,491,actual_numpy_fitted_float64,raw_array,73728,5892,12.513238289205702
413,491,actual_numpy_fitted_float64,npy_array_container,73856,5892,12.534962661235573
413,491,explicit_float32_conversion,raw_array,36864,5892,6.256619144602851
413,491,explicit_float32_conversion,npy_array_container,36992,5892,6.278343516632722
414,459,actual_numpy_fitted_float64,raw_array,73728,5508,13.38562091503268
414,459,actual_numpy_fitted_float64,npy_array_container,73856,5508,13.40885984023239
414,459,explicit_float32_conversion,raw_array,36864,5508,6.69281045751634
414,459,explicit_float32_conversion,npy_array_container,36992,5508,6.716049382716049
415,565,actual_numpy_fitted_float64,raw_array,73728,6780,10.87433628318584
415,565,actual_numpy_fitted_float64,npy_array_container,73856,6780,10.893215339233038
415,565,explicit_float32_conversion,raw_array,36864,6780,5.43716814159292
415,565,explicit_float32_conversion,npy_array_container,36992,6780,5.456047197640118
416,489,actual_numpy_fitted_float64,raw_array,73728,5868,12.56441717791411
416,489,actual_numpy_fitted_float64,npy_array_container,73856,5868,12.586230402181322
416,489,explicit_float32_conversion,raw_array,36864,5868,6.282208588957055
416,489,explicit_float32_conversion,npy_array_container,36992,5868,6.304021813224267
417,467,actual_numpy_fitted_float64,raw_array,73728,5604,13.156316916488223
417,467,actual_numpy_fitted_float64,npy_array_container,73856,5604,13.179157744468236
417,467,explicit_float32_conversion,raw_array,36864,5604,6.578158458244111
417,467,explicit_float32_conversion,npy_array_container,36992,5604,6.600999286224126
418,525,actual_numpy_fitted_float64,raw_array,73728,6300,11.702857142857143
418,525,actual_numpy_fitted_float64,npy_array_container,73856,6300,11.723174603174604
418,525,explicit_float32_conversion,raw_array,36864,6300,5.851428571428571
418,525,explicit_float32_conversion,npy_array_container,36992,6300,5.8717460317460315
419,480,actual_numpy_fitted_float64,raw_array,73728,5760,12.8
419,480,actual_numpy_fitted_float64,npy_array_container,73856,5760,12.822222222222223
419,480,explicit_float32_conversion,raw_array,36864,5760,6.4
419,480,explicit_float32_conversion,npy_array_container,36992,5760,6.4222222222222225
420,482,actual_numpy_fitted_float64,raw_array,73728,5784,12.746887966804978
420,482,actual_numpy_fitted_float64,npy_array_container,73856,5784,12.769017980636239
420,482,explicit_float32_conversion,raw_array,36864,5784,6.373443983402489
420,482,explicit_float32_conversion,npy_array_container,36992,5784,6.395573997233749
421,505,actual_numpy_fitted_float64,raw_array,73728,6060,12.166336633663366
421,505,actual_numpy_fitted_float64,npy_array_container,73856,6060,12.187458745874588
421,505,explicit_float32_conversion,raw_array,36864,6060,6.083168316831683
421,505,explicit_float32_conversion,npy_array_container,36992,6060,6.104290429042904
422,561,actual_numpy_fitted_float64,raw_array,73728,6732,10.95187165775401
422,561,actual_numpy_fitted_float64,npy_array_container,73856,6732,10.9708853238265
422,561,explicit_float32_conversion,raw_array,36864,6732,5.475935828877005
422,561,explicit_float32_conversion,npy_array_container,36992,6732,5.494949494949495
423,467,actual_numpy_fitted_float64,raw_array,73728,5604,13.156316916488223
423,467,actual_numpy_fitted_float64,npy_array_container,73856,5604,13.179157744468236
423,467,explicit_float32_conversion,raw_array,36864,5604,6.578158458244111
423,467,explicit_float32_conversion,npy_array_container,36992,5604,6.600999286224126
424,519,actual_numpy_fitted_float64,raw_array,73728,6228,11.83815028901734
424,519,actual_numpy_fitted_float64,npy_array_container,73856,6228,11.858702633269107
424,519,explicit_float32_conversion,raw_array,36864,6228,5.91907514450867
424,519,explicit_float32_conversion,npy_array_container,36992,6228,5.939627488760436
425,516,actual_numpy_fitted_float64,raw_array,73728,6192,11.906976744186046
425,516,actual_numpy_fitted_float64,npy_array_container,73856,6192,11.92764857881137
425,516,explicit_float32_conversion,raw_array,36864,6192,5.953488372093023
425,516,explicit_float32_conversion,npy_array_container,36992,6192,5.974160206718346
426,480,actual_numpy_fitted_float64,raw_array,73728,5760,12.8
426,480,actual_numpy_fitted_float64,npy_array_container,73856,5760,12.822222222222223
426,480,explicit_float32_conversion,raw_array,36864,5760,6.4
426,480,explicit_float32_conversion,npy_array_container,36992,5760,6.4222222222222225
427,533,actual_numpy_fitted_float64,raw_array,73728,6396,11.527204502814259
427,533,actual_numpy_fitted_float64,npy_array_container,73856,6396,11.547217010631645
427,533,explicit_float32_conversion,raw_array,36864,6396,5.7636022514071295
427,533,explicit_float32_conversion,npy_array_container,36992,6396,5.783614759224515
428,558,actual_numpy_fitted_float64,raw_array,73728,6696,11.010752688172044
428,558,actual_numpy_fitted_float64,npy_array_container,73856,6696,11.029868578255675
428,558,explicit_float32_conversion,raw_array,36864,6696,5.505376344086022
428,558,explicit_float32_conversion,npy_array_container,36992,6696,5.524492234169654
429,497,actual_numpy_fitted_float64,raw_array,73728,5964,12.362173038229376
429,497,actual_numpy_fitted_float64,npy_array_container,73856,5964,12.383635144198525
429,497,explicit_float32_conversion,raw_array,36864,5964,6.181086519114688
429,497,explicit_float32_conversion,npy_array_container,36992,5964,6.202548625083836
430,489,actual_numpy_fitted_float64,raw_array,73728,5868,12.56441717791411
430,489,actual_numpy_fitted_float64,npy_array_container,73856,5868,12.586230402181322
430,489,explicit_float32_conversion,raw_array,36864,5868,6.282208588957055
430,489,explicit_float32_conversion,npy_array_container,36992,5868,6.304021813224267
431,500,actual_numpy_fitted_float64,raw_array,73728,6000,12.288
431,500,actual_numpy_fitted_float64,npy_array_container,73856,6000,12.309333333333333
431,500,explicit_float32_conversion,raw_array,36864,6000,6.144
431,500,explicit_float32_conversion,npy_array_container,36992,6000,6.165333333333334
432,505,actual_numpy_fitted_float64,raw_array,73728,6060,12.166336633663366
432,505,actual_numpy_fitted_float64,npy_array_container,73856,6060,12.187458745874588
432,505,explicit_float32_conversion,raw_array,36864,6060,6.083168316831683
432,505,explicit_float32_conversion,npy_array_container,36992,6060,6.104290429042904
433,493,actual_numpy_fitted_float64,raw_array,73728,5916,12.462474645030426
433,493,actual_numpy_fitted_float64,npy_array_container,73856,5916,12.484110885733603
433,493,explicit_float32_conversion,raw_array,36864,5916,6.231237322515213
433,493,explicit_float32_conversion,npy_array_container,36992,5916,6.252873563218391
434,485,actual_numpy_fitted_float64,raw_array,73728,5820,12.668041237113401
434,485,actual_numpy_fitted_float64,npy_array_container,73856,5820,12.690034364261168
434,485,explicit_float32_conversion,raw_array,36864,5820,6.334020618556701
434,485,explicit_float32_conversion,npy_array_container,36992,5820,6.356013745704467
435,480,actual_numpy_fitted_float64,raw_array,73728,5760,12.8
435,480,actual_numpy_fitted_float64,npy_array_container,73856,5760,12.822222222222223
435,480,explicit_float32_conversion,raw_array,36864,5760,6.4
435,480,explicit_float32_conversion,npy_array_container,36992,5760,6.4222222222222225
436,444,actual_numpy_fitted_float64,raw_array,73728,5328,13.837837837837839
436,444,actual_numpy_fitted_float64,npy_array_container,73856,5328,13.861861861861861
436,444,explicit_float32_conversion,raw_array,36864,5328,6.918918918918919
436,444,explicit_float32_conversion,npy_array_container,36992,5328,6.942942942942943
437,445,actual_numpy_fitted_float64,raw_array,73728,5340,13.806741573033708
437,445,actual_numpy_fitted_float64,npy_array_container,73856,5340,13.830711610486892
437,445,explicit_float32_conversion,raw_array,36864,5340,6.903370786516854
437,445,explicit_float32_conversion,npy_array_container,36992,5340,6.927340823970037
438,490,actual_numpy_fitted_float64,raw_array,73728,5880,12.538775510204081
438,490,actual_numpy_fitted_float64,npy_array_container,73856,5880,12.560544217687076
438,490,explicit_float32_conversion,raw_array,36864,5880,6.2693877551020405
438,490,explicit_float32_conversion,npy_array_container,36992,5880,6.291156462585034
439,470,actual_numpy_fitted_float64,raw_array,73728,5640,13.072340425531914
439,470,actual_numpy_fitted_float64,npy_array_container,73856,5640,13.095035460992907
439,470,explicit_float32_conversion,raw_array,36864,5640,6.536170212765957
439,470,explicit_float32_conversion,npy_array_container,36992,5640,6.55886524822695
440,498,actual_numpy_fitted_float64,raw_array,73728,5976,12.337349397590362
440,498,actual_numpy_fitted_float64,npy_array_container,73856,5976,12.358768406961177
440,498,explicit_float32_conversion,raw_array,36864,5976,6.168674698795181
440,498,explicit_float32_conversion,npy_array_container,36992,5976,6.190093708165997
441,476,actual_numpy_fitted_float64,raw_array,73728,5712,12.907563025210084
441,476,actual_numpy_fitted_float64,npy_array_container,73856,5712,12.929971988795518
441,476,explicit_float32_conversion,raw_array,36864,5712,6.453781512605042
441,476,explicit_float32_conversion,npy_array_container,36992,5712,6.476190476190476
442,477,actual_numpy_fitted_float64,raw_array,73728,5724,12.880503144654089
442,477,actual_numpy_fitted_float64,npy_array_container,73856,5724,12.902865129280224
442,477,explicit_float32_conversion,raw_array,36864,5724,6.440251572327044
442,477,explicit_float32_conversion,npy_array_container,36992,5724,6.46261355695318
443,481,actual_numpy_fitted_float64,raw_array,73728,5772,12.773388773388774
443,481,actual_numpy_fitted_float64,npy_array_container,73856,5772,12.795564795564795
443,481,explicit_float32_conversion,raw_array,36864,5772,6.386694386694387
443,481,explicit_float32_conversion,npy_array_container,36992,5772,6.408870408870409
444,476,actual_numpy_fitted_float64,raw_array,73728,5712,12.907563025210084
444,476,actual_numpy_fitted_float64,npy_array_container,73856,5712,12.929971988795518
444,476,explicit_float32_conversion,raw_array,36864,5712,6.453781512605042
444,476,explicit_float32_conversion,npy_array_container,36992,5712,6.476190476190476
445,457,actual_numpy_fitted_float64,raw_array,73728,5484,13.444201312910284
445,457,actual_numpy_fitted_float64,npy_array_container,73856,5484,13.467541940189642
445,457,explicit_float32_conversion,raw_array,36864,5484,6.722100656455142
445,457,explicit_float32_conversion,npy_array_container,36992,5484,6.7454412837345
446,542,actual_numpy_fitted_float64,raw_array,73728,6504,11.335793357933579
446,542,actual_numpy_fitted_float64,npy_array_container,73856,6504,11.355473554735548
446,542,explicit_float32_conversion,raw_array,36864,6504,5.667896678966789
446,542,explicit_float32_conversion,npy_array_container,36992,6504,5.687576875768758
447,500,actual_numpy_fitted_float64,raw_array,73728,6000,12.288
447,500,actual_numpy_fitted_float64,npy_array_container,73856,6000,12.309333333333333
447,500,explicit_float32_conversion,raw_array,36864,6000,6.144
447,500,explicit_float32_conversion,npy_array_container,36992,6000,6.165333333333334
448,537,actual_numpy_fitted_float64,raw_array,73728,6444,11.441340782122905
448,537,actual_numpy_fitted_float64,npy_array_container,73856,6444,11.461204220980758
448,537,explicit_float32_conversion,raw_array,36864,6444,5.720670391061453
448,537,explicit_float32_conversion,npy_array_container,36992,6444,5.740533829919305
449,500,actual_numpy_fitted_float64,raw_array,73728,6000,12.288
449,500,actual_numpy_fitted_float64,npy_array_container,73856,6000,12.309333333333333
449,500,explicit_float32_conversion,raw_array,36864,6000,6.144
449,500,explicit_float32_conversion,npy_array_container,36992,6000,6.165333333333334
450,508,actual_numpy_fitted_float64,raw_array,73728,6096,12.094488188976378
450,508,actual_numpy_fitted_float64,npy_array_container,73856,6096,12.115485564304462
450,508,explicit_float32_conversion,raw_array,36864,6096,6.047244094488189
450,508,explicit_float32_conversion,npy_array_container,36992,6096,6.0682414698162725
451,477,actual_numpy_fitted_float64,raw_array,73728,5724,12.880503144654089
451,477,actual_numpy_fitted_float64,npy_array_container,73856,5724,12.902865129280224
451,477,explicit_float32_conversion,raw_array,36864,5724,6.440251572327044
451,477,explicit_float32_conversion,npy_array_container,36992,5724,6.46261355695318
452,480,actual_numpy_fitted_float64,raw_array,73728,5760,12.8
452,480,actual_numpy_fitted_float64,npy_array_container,73856,5760,12.822222222222223
452,480,explicit_float32_conversion,raw_array,36864,5760,6.4
452,480,explicit_float32_conversion,npy_array_container,36992,5760,6.4222222222222225
453,491,actual_numpy_fitted_float64,raw_array,73728,5892,12.513238289205702
453,491,actual_numpy_fitted_float64,npy_array_container,73856,5892,12.534962661235573
453,491,explicit_float32_conversion,raw_array,36864,5892,6.256619144602851
453,491,explicit_float32_conversion,npy_array_container,36992,5892,6.278343516632722
454,438,actual_numpy_fitted_float64,raw_array,73728,5256,14.027397260273972
454,438,actual_numpy_fitted_float64,npy_array_container,73856,5256,14.051750380517504
454,438,explicit_float32_conversion,raw_array,36864,5256,7.013698630136986
454,438,explicit_float32_conversion,npy_array_container,36992,5256,7.038051750380517
455,495,actual_numpy_fitted_float64,raw_array,73728,5940,12.412121212121212
455,495,actual_numpy_fitted_float64,npy_array_container,73856,5940,12.433670033670033
455,495,explicit_float32_conversion,raw_array,36864,5940,6.206060606060606
455,495,explicit_float32_conversion,npy_array_container,36992,5940,6.227609427609428
456,534,actual_numpy_fitted_float64,raw_array,73728,6408,11.50561797752809
456,534,actual_numpy_fitted_float64,npy_array_container,73856,6408,11.525593008739076
456,534,explicit_float32_conversion,raw_array,36864,6408,5.752808988764045
456,534,explicit_float32_conversion,npy_array_container,36992,6408,5.772784019975031
457,497,actual_numpy_fitted_float64,raw_array,73728,5964,12.362173038229376
457,497,actual_numpy_fitted_float64,npy_array_container,73856,5964,12.383635144198525
457,497,explicit_float32_conversion,raw_array,36864,5964,6.181086519114688
457,497,explicit_float32_conversion,npy_array_container,36992,5964,6.202548625083836
458,467,actual_numpy_fitted_float64,raw_array,73728,5604,13.156316916488223
458,467,actual_numpy_fitted_float64,npy_array_container,73856,5604,13.179157744468236
458,467,explicit_float32_conversion,raw_array,36864,5604,6.578158458244111
458,467,explicit_float32_conversion,npy_array_container,36992,5604,6.600999286224126
459,566,actual_numpy_fitted_float64,raw_array,73728,6792,10.855123674911662
459,566,actual_numpy_fitted_float64,npy_array_container,73856,6792,10.873969375736161
459,566,explicit_float32_conversion,raw_array,36864,6792,5.427561837455831
459,566,explicit_float32_conversion,npy_array_container,36992,6792,5.446407538280329
460,444,actual_numpy_fitted_float64,raw_array,73728,5328,13.837837837837839
460,444,actual_numpy_fitted_float64,npy_array_container,73856,5328,13.861861861861861
460,444,explicit_float32_conversion,raw_array,36864,5328,6.918918918918919
460,444,explicit_float32_conversion,npy_array_container,36992,5328,6.942942942942943
461,507,actual_numpy_fitted_float64,raw_array,73728,6084,12.118343195266272
461,507,actual_numpy_fitted_float64,npy_array_container,73856,6084,12.139381985535831
461,507,explicit_float32_conversion,raw_array,36864,6084,6.059171597633136
461,507,explicit_float32_conversion,npy_array_container,36992,6084,6.080210387902696
462,490,actual_numpy_fitted_float64,raw_array,73728,5880,12.538775510204081
462,490,actual_numpy_fitted_float64,npy_array_container,73856,5880,12.560544217687076
462,490,explicit_float32_conversion,raw_array,36864,5880,6.2693877551020405
462,490,explicit_float32_conversion,npy_array_container,36992,5880,6.291156462585034
463,516,actual_numpy_fitted_float64,raw_array,73728,6192,11.906976744186046
463,516,actual_numpy_fitted_float64,npy_array_container,73856,6192,11.92764857881137
463,516,explicit_float32_conversion,raw_array,36864,6192,5.953488372093023
463,516,explicit_float32_conversion,npy_array_container,36992,6192,5.974160206718346
464,479,actual_numpy_fitted_float64,raw_array,73728,5748,12.826722338204593
464,479,actual_numpy_fitted_float64,npy_array_container,73856,5748,12.848990953375086
464,479,explicit_float32_conversion,raw_array,36864,5748,6.413361169102297
464,479,explicit_float32_conversion,npy_array_container,36992,5748,6.43562978427279
465,495,actual_numpy_fitted_float64,raw_array,73728,5940,12.412121212121212
465,495,actual_numpy_fitted_float64,npy_array_container,73856,5940,12.433670033670033
465,495,explicit_float32_conversion,raw_array,36864,5940,6.206060606060606
465,495,explicit_float32_conversion,npy_array_container,36992,5940,6.227609427609428
466,454,actual_numpy_fitted_float64,raw_array,73728,5448,13.533039647577093
466,454,actual_numpy_fitted_float64,npy_array_container,73856,5448,13.556534508076359
466,454,explicit_float32_conversion,raw_array,36864,5448,6.766519823788546
466,454,explicit_float32_conversion,npy_array_container,36992,5448,6.790014684287812
467,498,actual_numpy_fitted_float64,raw_array,73728,5976,12.337349397590362
467,498,actual_numpy_fitted_float64,npy_array_container,73856,5976,12.358768406961177
467,498,explicit_float32_conversion,raw_array,36864,5976,6.168674698795181
467,498,explicit_float32_conversion,npy_array_container,36992,5976,6.190093708165997
468,507,actual_numpy_fitted_float64,raw_array,73728,6084,12.118343195266272
468,507,actual_numpy_fitted_float64,npy_array_container,73856,6084,12.139381985535831
468,507,explicit_float32_conversion,raw_array,36864,6084,6.059171597633136
468,507,explicit_float32_conversion,npy_array_container,36992,6084,6.080210387902696
469,556,actual_numpy_fitted_float64,raw_array,73728,6672,11.050359712230216
469,556,actual_numpy_fitted_float64,npy_array_container,73856,6672,11.069544364508394
469,556,explicit_float32_conversion,raw_array,36864,6672,5.525179856115108
469,556,explicit_float32_conversion,npy_array_container,36992,6672,5.5443645083932855
470,471,actual_numpy_fitted_float64,raw_array,73728,5652,13.044585987261147
470,471,actual_numpy_fitted_float64,npy_array_container,73856,5652,13.067232837933474
470,471,explicit_float32_conversion,raw_array,36864,5652,6.522292993630574
470,471,explicit_float32_conversion,npy_array_container,36992,5652,6.544939844302902
