benchmark,n_queries,arm/method,metric,value,source_file,status,notes
PerLTQA,8265,sign96,Hit@10,0.7568,/mnt/c/Users/MDP/dev/llmzip-work/top10_comparison_r1/baseline/per_query_top10.jsonl,VERIFIED,re-derived this session from 9440 raw per-query rows; matches baseline/REPORT.md at 4dp
PerLTQA,8265,sign96,Recall@10,0.6182,/mnt/c/Users/MDP/dev/llmzip-work/top10_comparison_r1/baseline/per_query_top10.jsonl,VERIFIED,re-derived this session; matches baseline/REPORT.md at 4dp
PerLTQA,8265,sign96,nDCG@10,0.4907,/mnt/c/Users/MDP/dev/llmzip-work/top10_comparison_r1/baseline/per_query_top10.jsonl,VERIFIED,re-derived this session; matches baseline/REPORT.md at 4dp
PerLTQA,8265,sign96,expected-Hit@10,0.7576,/mnt/c/Users/MDP/dev/llmzip-work/top10_comparison_r1/baseline/per_query_top10.jsonl,VERIFIED,exact uniform-tie expectation; re-derived this session
PerLTQA,8265,float_raw,Hit@10,0.8081,/mnt/c/Users/MDP/dev/llmzip-work/top10_comparison_r1/baseline/per_query_top10.jsonl,VERIFIED,re-derived this session from 9440 raw per-query rows; matches baseline/REPORT.md at 4dp
PerLTQA,8265,float_raw,Recall@10,0.7095,/mnt/c/Users/MDP/dev/llmzip-work/top10_comparison_r1/baseline/per_query_top10.jsonl,VERIFIED,re-derived this session; matches baseline/REPORT.md at 4dp
PerLTQA,8265,float_raw,nDCG@10,0.5822,/mnt/c/Users/MDP/dev/llmzip-work/top10_comparison_r1/baseline/per_query_top10.jsonl,VERIFIED,re-derived this session; matches baseline/REPORT.md at 4dp
PerLTQA,8265,float_raw,expected-Hit@10,0.8081,/mnt/c/Users/MDP/dev/llmzip-work/top10_comparison_r1/baseline/per_query_top10.jsonl,VERIFIED,exact uniform-tie expectation; re-derived this session
PerLTQA,8265,float_std,Hit@10,0.8396,/mnt/c/Users/MDP/dev/llmzip-work/top10_comparison_r1/baseline/per_query_top10.jsonl,VERIFIED,re-derived this session from 9440 raw per-query rows; matches baseline/REPORT.md at 4dp
PerLTQA,8265,float_std,Recall@10,0.7024,/mnt/c/Users/MDP/dev/llmzip-work/top10_comparison_r1/baseline/per_query_top10.jsonl,VERIFIED,re-derived this session; matches baseline/REPORT.md at 4dp
PerLTQA,8265,float_std,nDCG@10,0.5775,/mnt/c/Users/MDP/dev/llmzip-work/top10_comparison_r1/baseline/per_query_top10.jsonl,VERIFIED,re-derived this session; matches baseline/REPORT.md at 4dp
PerLTQA,8265,float_std,expected-Hit@10,0.8396,/mnt/c/Users/MDP/dev/llmzip-work/top10_comparison_r1/baseline/per_query_top10.jsonl,VERIFIED,exact uniform-tie expectation; re-derived this session
PerLTQA,8265,asym,Hit@10,0.8019,/mnt/c/Users/MDP/dev/llmzip-work/top10_comparison_r1/baseline/per_query_top10.jsonl,VERIFIED,re-derived this session from 9440 raw per-query rows; matches baseline/REPORT.md at 4dp
PerLTQA,8265,asym,Recall@10,0.676,/mnt/c/Users/MDP/dev/llmzip-work/top10_comparison_r1/baseline/per_query_top10.jsonl,VERIFIED,re-derived this session; matches baseline/REPORT.md at 4dp
PerLTQA,8265,asym,nDCG@10,0.5466,/mnt/c/Users/MDP/dev/llmzip-work/top10_comparison_r1/baseline/per_query_top10.jsonl,VERIFIED,re-derived this session; matches baseline/REPORT.md at 4dp
PerLTQA,8265,asym,expected-Hit@10,0.8019,/mnt/c/Users/MDP/dev/llmzip-work/top10_comparison_r1/baseline/per_query_top10.jsonl,VERIFIED,exact uniform-tie expectation; re-derived this session
PerLTQA,8265,sign96/float_raw,FR@3-replay-max-dev,0.0,/mnt/c/Users/MDP/dev/llmzip-work/top10_comparison_r1/baseline/per_query_top10.jsonl,VERIFIED,historical SIGN/FLOAT FR@3 replay gate: max |fr3-ctrl| = 0.0 (tol 1e-12) -> PASS
LME,470,sign96,Hit@10,0.8638,/mnt/c/Users/MDP/dev/llmzip-work/top10_comparison_r1/baseline/per_query_top10.jsonl,VERIFIED,re-derived this session from 9440 raw per-query rows; matches baseline/REPORT.md at 4dp
LME,470,sign96,Recall@10,0.7626,/mnt/c/Users/MDP/dev/llmzip-work/top10_comparison_r1/baseline/per_query_top10.jsonl,VERIFIED,re-derived this session; matches baseline/REPORT.md at 4dp
LME,470,sign96,nDCG@10,0.5914,/mnt/c/Users/MDP/dev/llmzip-work/top10_comparison_r1/baseline/per_query_top10.jsonl,VERIFIED,re-derived this session; matches baseline/REPORT.md at 4dp
LME,470,sign96,expected-Hit@10,0.8608,/mnt/c/Users/MDP/dev/llmzip-work/top10_comparison_r1/baseline/per_query_top10.jsonl,VERIFIED,exact uniform-tie expectation; re-derived this session
LME,470,float_raw,Hit@10,0.8255,/mnt/c/Users/MDP/dev/llmzip-work/top10_comparison_r1/baseline/per_query_top10.jsonl,VERIFIED,re-derived this session from 9440 raw per-query rows; matches baseline/REPORT.md at 4dp
LME,470,float_raw,Recall@10,0.6895,/mnt/c/Users/MDP/dev/llmzip-work/top10_comparison_r1/baseline/per_query_top10.jsonl,VERIFIED,re-derived this session; matches baseline/REPORT.md at 4dp
LME,470,float_raw,nDCG@10,0.5095,/mnt/c/Users/MDP/dev/llmzip-work/top10_comparison_r1/baseline/per_query_top10.jsonl,VERIFIED,re-derived this session; matches baseline/REPORT.md at 4dp
LME,470,float_raw,expected-Hit@10,0.8255,/mnt/c/Users/MDP/dev/llmzip-work/top10_comparison_r1/baseline/per_query_top10.jsonl,VERIFIED,exact uniform-tie expectation; re-derived this session
LME,470,float_std,Hit@10,0.883,/mnt/c/Users/MDP/dev/llmzip-work/top10_comparison_r1/baseline/per_query_top10.jsonl,VERIFIED,re-derived this session from 9440 raw per-query rows; matches baseline/REPORT.md at 4dp
LME,470,float_std,Recall@10,0.7955,/mnt/c/Users/MDP/dev/llmzip-work/top10_comparison_r1/baseline/per_query_top10.jsonl,VERIFIED,re-derived this session; matches baseline/REPORT.md at 4dp
LME,470,float_std,nDCG@10,0.6207,/mnt/c/Users/MDP/dev/llmzip-work/top10_comparison_r1/baseline/per_query_top10.jsonl,VERIFIED,re-derived this session; matches baseline/REPORT.md at 4dp
LME,470,float_std,expected-Hit@10,0.883,/mnt/c/Users/MDP/dev/llmzip-work/top10_comparison_r1/baseline/per_query_top10.jsonl,VERIFIED,exact uniform-tie expectation; re-derived this session
LME,470,asym,Hit@10,0.8574,/mnt/c/Users/MDP/dev/llmzip-work/top10_comparison_r1/baseline/per_query_top10.jsonl,VERIFIED,re-derived this session from 9440 raw per-query rows; matches baseline/REPORT.md at 4dp
LME,470,asym,Recall@10,0.7338,/mnt/c/Users/MDP/dev/llmzip-work/top10_comparison_r1/baseline/per_query_top10.jsonl,VERIFIED,re-derived this session; matches baseline/REPORT.md at 4dp
LME,470,asym,nDCG@10,0.5559,/mnt/c/Users/MDP/dev/llmzip-work/top10_comparison_r1/baseline/per_query_top10.jsonl,VERIFIED,re-derived this session; matches baseline/REPORT.md at 4dp
LME,470,asym,expected-Hit@10,0.8574,/mnt/c/Users/MDP/dev/llmzip-work/top10_comparison_r1/baseline/per_query_top10.jsonl,VERIFIED,exact uniform-tie expectation; re-derived this session
LME,470,sign96/float_raw,FR@3-replay-max-dev,0.0,/mnt/c/Users/MDP/dev/llmzip-work/top10_comparison_r1/baseline/per_query_top10.jsonl,VERIFIED,historical SIGN/FLOAT FR@3 replay gate: max |fr3-ctrl| = 0.0 (tol 1e-12) -> PASS
REALTALK,705,sign96,Hit@10,0.4652,/mnt/c/Users/MDP/dev/llmzip-work/top10_comparison_r1/baseline/per_query_top10.jsonl,VERIFIED,re-derived this session from 9440 raw per-query rows; matches baseline/REPORT.md at 4dp
REALTALK,705,sign96,Recall@10,0.3434,/mnt/c/Users/MDP/dev/llmzip-work/top10_comparison_r1/baseline/per_query_top10.jsonl,VERIFIED,re-derived this session; matches baseline/REPORT.md at 4dp
REALTALK,705,sign96,nDCG@10,0.2455,/mnt/c/Users/MDP/dev/llmzip-work/top10_comparison_r1/baseline/per_query_top10.jsonl,VERIFIED,re-derived this session; matches baseline/REPORT.md at 4dp
REALTALK,705,sign96,expected-Hit@10,0.4668,/mnt/c/Users/MDP/dev/llmzip-work/top10_comparison_r1/baseline/per_query_top10.jsonl,VERIFIED,exact uniform-tie expectation; re-derived this session
REALTALK,705,float_raw,Hit@10,0.366,/mnt/c/Users/MDP/dev/llmzip-work/top10_comparison_r1/baseline/per_query_top10.jsonl,VERIFIED,re-derived this session from 9440 raw per-query rows; matches baseline/REPORT.md at 4dp
REALTALK,705,float_raw,Recall@10,0.2783,/mnt/c/Users/MDP/dev/llmzip-work/top10_comparison_r1/baseline/per_query_top10.jsonl,VERIFIED,re-derived this session; matches baseline/REPORT.md at 4dp
REALTALK,705,float_raw,nDCG@10,0.202,/mnt/c/Users/MDP/dev/llmzip-work/top10_comparison_r1/baseline/per_query_top10.jsonl,VERIFIED,re-derived this session; matches baseline/REPORT.md at 4dp
REALTALK,705,float_raw,expected-Hit@10,0.366,/mnt/c/Users/MDP/dev/llmzip-work/top10_comparison_r1/baseline/per_query_top10.jsonl,VERIFIED,exact uniform-tie expectation; re-derived this session
REALTALK,705,float_std,Hit@10,0.4851,/mnt/c/Users/MDP/dev/llmzip-work/top10_comparison_r1/baseline/per_query_top10.jsonl,VERIFIED,re-derived this session from 9440 raw per-query rows; matches baseline/REPORT.md at 4dp
REALTALK,705,float_std,Recall@10,0.3747,/mnt/c/Users/MDP/dev/llmzip-work/top10_comparison_r1/baseline/per_query_top10.jsonl,VERIFIED,re-derived this session; matches baseline/REPORT.md at 4dp
REALTALK,705,float_std,nDCG@10,0.2622,/mnt/c/Users/MDP/dev/llmzip-work/top10_comparison_r1/baseline/per_query_top10.jsonl,VERIFIED,re-derived this session; matches baseline/REPORT.md at 4dp
REALTALK,705,float_std,expected-Hit@10,0.4851,/mnt/c/Users/MDP/dev/llmzip-work/top10_comparison_r1/baseline/per_query_top10.jsonl,VERIFIED,exact uniform-tie expectation; re-derived this session
REALTALK,705,asym,Hit@10,0.4355,/mnt/c/Users/MDP/dev/llmzip-work/top10_comparison_r1/baseline/per_query_top10.jsonl,VERIFIED,re-derived this session from 9440 raw per-query rows; matches baseline/REPORT.md at 4dp
REALTALK,705,asym,Recall@10,0.3306,/mnt/c/Users/MDP/dev/llmzip-work/top10_comparison_r1/baseline/per_query_top10.jsonl,VERIFIED,re-derived this session; matches baseline/REPORT.md at 4dp
REALTALK,705,asym,nDCG@10,0.2277,/mnt/c/Users/MDP/dev/llmzip-work/top10_comparison_r1/baseline/per_query_top10.jsonl,VERIFIED,re-derived this session; matches baseline/REPORT.md at 4dp
REALTALK,705,asym,expected-Hit@10,0.4355,/mnt/c/Users/MDP/dev/llmzip-work/top10_comparison_r1/baseline/per_query_top10.jsonl,VERIFIED,exact uniform-tie expectation; re-derived this session
REALTALK,705,sign96/float_raw,FR@3-replay-max-dev,0.0,/mnt/c/Users/MDP/dev/llmzip-work/top10_comparison_r1/baseline/per_query_top10.jsonl,VERIFIED,historical SIGN/FLOAT FR@3 replay gate: max |fr3-ctrl| = 0.0 (tol 1e-12) -> PASS
PerLTQA,8265,sign96,tie-at-cut-fraction,0.7032,/mnt/c/Users/MDP/dev/llmzip-work/top10_comparison_r1/baseline/per_query_top10.jsonl,VERIFIED,re-derived; asym~0.0005/0/0.0043 floats~0 (see ledger)
LME,470,sign96,tie-at-cut-fraction,0.6255,/mnt/c/Users/MDP/dev/llmzip-work/top10_comparison_r1/baseline/per_query_top10.jsonl,VERIFIED,re-derived; asym~0.0005/0/0.0043 floats~0 (see ledger)
REALTALK,705,sign96,tie-at-cut-fraction,0.6979,/mnt/c/Users/MDP/dev/llmzip-work/top10_comparison_r1/baseline/per_query_top10.jsonl,VERIFIED,re-derived; asym~0.0005/0/0.0043 floats~0 (see ledger)
REALTALK,705,bm25,hit_at_10,0.5418,/mnt/c/Users/MDP/dev/llmzip-work/top10_comparison_r1/audit/per_query_bm25_corrected.jsonl,VERIFIED,re-derived from corrected per-query file; matches data/REPORT.md
REALTALK,705,bm25,recall_at_10,0.4316,/mnt/c/Users/MDP/dev/llmzip-work/top10_comparison_r1/audit/per_query_bm25_corrected.jsonl,VERIFIED,re-derived; matches data/REPORT.md
REALTALK,705,bm25,ndcg_at_10,0.3428,/mnt/c/Users/MDP/dev/llmzip-work/top10_comparison_r1/audit/per_query_bm25_corrected.jsonl,VERIFIED,re-derived; matches data/REPORT.md
REALTALK,705,bm25,expected_hit_at_10_corrected,0.5418,/mnt/c/Users/MDP/dev/llmzip-work/top10_comparison_r1/audit/per_query_bm25_corrected.jsonl,VERIFIED,"corrected expected-Hit mean == hit mean; producer column expected_hit_at_10 == recall mean (mislabeled, per audit)"
REALTALK,705,tfidf,hit_at_10,0.5291,/mnt/c/Users/MDP/dev/llmzip-work/top10_comparison_r1/audit/per_query_tfidf_corrected.jsonl,VERIFIED,re-derived from corrected per-query file; matches data/REPORT.md
REALTALK,705,tfidf,recall_at_10,0.4191,/mnt/c/Users/MDP/dev/llmzip-work/top10_comparison_r1/audit/per_query_tfidf_corrected.jsonl,VERIFIED,re-derived; matches data/REPORT.md
REALTALK,705,tfidf,ndcg_at_10,0.3166,/mnt/c/Users/MDP/dev/llmzip-work/top10_comparison_r1/audit/per_query_tfidf_corrected.jsonl,VERIFIED,re-derived; matches data/REPORT.md
REALTALK,705,tfidf,expected_hit_at_10_corrected,0.5291,/mnt/c/Users/MDP/dev/llmzip-work/top10_comparison_r1/audit/per_query_tfidf_corrected.jsonl,VERIFIED,"corrected expected-Hit mean == hit mean; producer column expected_hit_at_10 == recall mean (mislabeled, per audit)"
REALTALK-RT01,85,bm25,hit_at_10,0.5176,/mnt/c/Users/MDP/dev/llmzip-work/top10_comparison_r1/audit/per_query_bm25_corrected.jsonl,VERIFIED,per-archive re-derivation; matches data/REPORT.md
REALTALK-RT01,85,bm25,recall_at_10,0.4701,/mnt/c/Users/MDP/dev/llmzip-work/top10_comparison_r1/audit/per_query_bm25_corrected.jsonl,VERIFIED,per-archive re-derivation
REALTALK-RT01,85,bm25,ndcg_at_10,0.363,/mnt/c/Users/MDP/dev/llmzip-work/top10_comparison_r1/audit/per_query_bm25_corrected.jsonl,VERIFIED,per-archive re-derivation
REALTALK-RT02,70,bm25,hit_at_10,0.5429,/mnt/c/Users/MDP/dev/llmzip-work/top10_comparison_r1/audit/per_query_bm25_corrected.jsonl,VERIFIED,per-archive re-derivation; matches data/REPORT.md
REALTALK-RT02,70,bm25,recall_at_10,0.4029,/mnt/c/Users/MDP/dev/llmzip-work/top10_comparison_r1/audit/per_query_bm25_corrected.jsonl,VERIFIED,per-archive re-derivation
REALTALK-RT02,70,bm25,ndcg_at_10,0.2957,/mnt/c/Users/MDP/dev/llmzip-work/top10_comparison_r1/audit/per_query_bm25_corrected.jsonl,VERIFIED,per-archive re-derivation
REALTALK-RT03,73,bm25,hit_at_10,0.6849,/mnt/c/Users/MDP/dev/llmzip-work/top10_comparison_r1/audit/per_query_bm25_corrected.jsonl,VERIFIED,per-archive re-derivation; matches data/REPORT.md
REALTALK-RT03,73,bm25,recall_at_10,0.5861,/mnt/c/Users/MDP/dev/llmzip-work/top10_comparison_r1/audit/per_query_bm25_corrected.jsonl,VERIFIED,per-archive re-derivation
REALTALK-RT03,73,bm25,ndcg_at_10,0.467,/mnt/c/Users/MDP/dev/llmzip-work/top10_comparison_r1/audit/per_query_bm25_corrected.jsonl,VERIFIED,per-archive re-derivation
REALTALK-RT04,71,bm25,hit_at_10,0.5775,/mnt/c/Users/MDP/dev/llmzip-work/top10_comparison_r1/audit/per_query_bm25_corrected.jsonl,VERIFIED,per-archive re-derivation; matches data/REPORT.md
REALTALK-RT04,71,bm25,recall_at_10,0.4359,/mnt/c/Users/MDP/dev/llmzip-work/top10_comparison_r1/audit/per_query_bm25_corrected.jsonl,VERIFIED,per-archive re-derivation
REALTALK-RT04,71,bm25,ndcg_at_10,0.3591,/mnt/c/Users/MDP/dev/llmzip-work/top10_comparison_r1/audit/per_query_bm25_corrected.jsonl,VERIFIED,per-archive re-derivation
REALTALK-RT05,70,bm25,hit_at_10,0.6429,/mnt/c/Users/MDP/dev/llmzip-work/top10_comparison_r1/audit/per_query_bm25_corrected.jsonl,VERIFIED,per-archive re-derivation; matches data/REPORT.md
REALTALK-RT05,70,bm25,recall_at_10,0.4898,/mnt/c/Users/MDP/dev/llmzip-work/top10_comparison_r1/audit/per_query_bm25_corrected.jsonl,VERIFIED,per-archive re-derivation
REALTALK-RT05,70,bm25,ndcg_at_10,0.4058,/mnt/c/Users/MDP/dev/llmzip-work/top10_comparison_r1/audit/per_query_bm25_corrected.jsonl,VERIFIED,per-archive re-derivation
REALTALK-RT06,74,bm25,hit_at_10,0.4324,/mnt/c/Users/MDP/dev/llmzip-work/top10_comparison_r1/audit/per_query_bm25_corrected.jsonl,VERIFIED,per-archive re-derivation; matches data/REPORT.md
REALTALK-RT06,74,bm25,recall_at_10,0.3293,/mnt/c/Users/MDP/dev/llmzip-work/top10_comparison_r1/audit/per_query_bm25_corrected.jsonl,VERIFIED,per-archive re-derivation
REALTALK-RT06,74,bm25,ndcg_at_10,0.2531,/mnt/c/Users/MDP/dev/llmzip-work/top10_comparison_r1/audit/per_query_bm25_corrected.jsonl,VERIFIED,per-archive re-derivation
REALTALK-RT07,70,bm25,hit_at_10,0.6857,/mnt/c/Users/MDP/dev/llmzip-work/top10_comparison_r1/audit/per_query_bm25_corrected.jsonl,VERIFIED,per-archive re-derivation; matches data/REPORT.md
REALTALK-RT07,70,bm25,recall_at_10,0.5369,/mnt/c/Users/MDP/dev/llmzip-work/top10_comparison_r1/audit/per_query_bm25_corrected.jsonl,VERIFIED,per-archive re-derivation
REALTALK-RT07,70,bm25,ndcg_at_10,0.4302,/mnt/c/Users/MDP/dev/llmzip-work/top10_comparison_r1/audit/per_query_bm25_corrected.jsonl,VERIFIED,per-archive re-derivation
REALTALK-RT08,70,bm25,hit_at_10,0.2714,/mnt/c/Users/MDP/dev/llmzip-work/top10_comparison_r1/audit/per_query_bm25_corrected.jsonl,VERIFIED,per-archive re-derivation; matches data/REPORT.md
REALTALK-RT08,70,bm25,recall_at_10,0.2274,/mnt/c/Users/MDP/dev/llmzip-work/top10_comparison_r1/audit/per_query_bm25_corrected.jsonl,VERIFIED,per-archive re-derivation
REALTALK-RT08,70,bm25,ndcg_at_10,0.1539,/mnt/c/Users/MDP/dev/llmzip-work/top10_comparison_r1/audit/per_query_bm25_corrected.jsonl,VERIFIED,per-archive re-derivation
REALTALK-RT09,63,bm25,hit_at_10,0.6032,/mnt/c/Users/MDP/dev/llmzip-work/top10_comparison_r1/audit/per_query_bm25_corrected.jsonl,VERIFIED,per-archive re-derivation; matches data/REPORT.md
REALTALK-RT09,63,bm25,recall_at_10,0.4176,/mnt/c/Users/MDP/dev/llmzip-work/top10_comparison_r1/audit/per_query_bm25_corrected.jsonl,VERIFIED,per-archive re-derivation
REALTALK-RT09,63,bm25,ndcg_at_10,0.3474,/mnt/c/Users/MDP/dev/llmzip-work/top10_comparison_r1/audit/per_query_bm25_corrected.jsonl,VERIFIED,per-archive re-derivation
REALTALK-RT10,59,bm25,hit_at_10,0.4576,/mnt/c/Users/MDP/dev/llmzip-work/top10_comparison_r1/audit/per_query_bm25_corrected.jsonl,VERIFIED,per-archive re-derivation; matches data/REPORT.md
REALTALK-RT10,59,bm25,recall_at_10,0.4054,/mnt/c/Users/MDP/dev/llmzip-work/top10_comparison_r1/audit/per_query_bm25_corrected.jsonl,VERIFIED,per-archive re-derivation
REALTALK-RT10,59,bm25,ndcg_at_10,0.3493,/mnt/c/Users/MDP/dev/llmzip-work/top10_comparison_r1/audit/per_query_bm25_corrected.jsonl,VERIFIED,per-archive re-derivation
REALTALK-RT01,85,tfidf,hit_at_10,0.5529,/mnt/c/Users/MDP/dev/llmzip-work/top10_comparison_r1/audit/per_query_tfidf_corrected.jsonl,VERIFIED,per-archive re-derivation; matches data/REPORT.md
REALTALK-RT01,85,tfidf,recall_at_10,0.498,/mnt/c/Users/MDP/dev/llmzip-work/top10_comparison_r1/audit/per_query_tfidf_corrected.jsonl,VERIFIED,per-archive re-derivation
REALTALK-RT01,85,tfidf,ndcg_at_10,0.3717,/mnt/c/Users/MDP/dev/llmzip-work/top10_comparison_r1/audit/per_query_tfidf_corrected.jsonl,VERIFIED,per-archive re-derivation
REALTALK-RT02,70,tfidf,hit_at_10,0.4857,/mnt/c/Users/MDP/dev/llmzip-work/top10_comparison_r1/audit/per_query_tfidf_corrected.jsonl,VERIFIED,per-archive re-derivation; matches data/REPORT.md
REALTALK-RT02,70,tfidf,recall_at_10,0.3505,/mnt/c/Users/MDP/dev/llmzip-work/top10_comparison_r1/audit/per_query_tfidf_corrected.jsonl,VERIFIED,per-archive re-derivation
REALTALK-RT02,70,tfidf,ndcg_at_10,0.2408,/mnt/c/Users/MDP/dev/llmzip-work/top10_comparison_r1/audit/per_query_tfidf_corrected.jsonl,VERIFIED,per-archive re-derivation
REALTALK-RT03,73,tfidf,hit_at_10,0.6438,/mnt/c/Users/MDP/dev/llmzip-work/top10_comparison_r1/audit/per_query_tfidf_corrected.jsonl,VERIFIED,per-archive re-derivation; matches data/REPORT.md
REALTALK-RT03,73,tfidf,recall_at_10,0.5402,/mnt/c/Users/MDP/dev/llmzip-work/top10_comparison_r1/audit/per_query_tfidf_corrected.jsonl,VERIFIED,per-archive re-derivation
REALTALK-RT03,73,tfidf,ndcg_at_10,0.4171,/mnt/c/Users/MDP/dev/llmzip-work/top10_comparison_r1/audit/per_query_tfidf_corrected.jsonl,VERIFIED,per-archive re-derivation
REALTALK-RT04,71,tfidf,hit_at_10,0.5493,/mnt/c/Users/MDP/dev/llmzip-work/top10_comparison_r1/audit/per_query_tfidf_corrected.jsonl,VERIFIED,per-archive re-derivation; matches data/REPORT.md
REALTALK-RT04,71,tfidf,recall_at_10,0.4331,/mnt/c/Users/MDP/dev/llmzip-work/top10_comparison_r1/audit/per_query_tfidf_corrected.jsonl,VERIFIED,per-archive re-derivation
REALTALK-RT04,71,tfidf,ndcg_at_10,0.3038,/mnt/c/Users/MDP/dev/llmzip-work/top10_comparison_r1/audit/per_query_tfidf_corrected.jsonl,VERIFIED,per-archive re-derivation
REALTALK-RT05,70,tfidf,hit_at_10,0.5714,/mnt/c/Users/MDP/dev/llmzip-work/top10_comparison_r1/audit/per_query_tfidf_corrected.jsonl,VERIFIED,per-archive re-derivation; matches data/REPORT.md
REALTALK-RT05,70,tfidf,recall_at_10,0.4665,/mnt/c/Users/MDP/dev/llmzip-work/top10_comparison_r1/audit/per_query_tfidf_corrected.jsonl,VERIFIED,per-archive re-derivation
REALTALK-RT05,70,tfidf,ndcg_at_10,0.366,/mnt/c/Users/MDP/dev/llmzip-work/top10_comparison_r1/audit/per_query_tfidf_corrected.jsonl,VERIFIED,per-archive re-derivation
REALTALK-RT06,74,tfidf,hit_at_10,0.4865,/mnt/c/Users/MDP/dev/llmzip-work/top10_comparison_r1/audit/per_query_tfidf_corrected.jsonl,VERIFIED,per-archive re-derivation; matches data/REPORT.md
REALTALK-RT06,74,tfidf,recall_at_10,0.35,/mnt/c/Users/MDP/dev/llmzip-work/top10_comparison_r1/audit/per_query_tfidf_corrected.jsonl,VERIFIED,per-archive re-derivation
REALTALK-RT06,74,tfidf,ndcg_at_10,0.2298,/mnt/c/Users/MDP/dev/llmzip-work/top10_comparison_r1/audit/per_query_tfidf_corrected.jsonl,VERIFIED,per-archive re-derivation
REALTALK-RT07,70,tfidf,hit_at_10,0.6571,/mnt/c/Users/MDP/dev/llmzip-work/top10_comparison_r1/audit/per_query_tfidf_corrected.jsonl,VERIFIED,per-archive re-derivation; matches data/REPORT.md
REALTALK-RT07,70,tfidf,recall_at_10,0.5107,/mnt/c/Users/MDP/dev/llmzip-work/top10_comparison_r1/audit/per_query_tfidf_corrected.jsonl,VERIFIED,per-archive re-derivation
REALTALK-RT07,70,tfidf,ndcg_at_10,0.4136,/mnt/c/Users/MDP/dev/llmzip-work/top10_comparison_r1/audit/per_query_tfidf_corrected.jsonl,VERIFIED,per-archive re-derivation
REALTALK-RT08,70,tfidf,hit_at_10,0.2571,/mnt/c/Users/MDP/dev/llmzip-work/top10_comparison_r1/audit/per_query_tfidf_corrected.jsonl,VERIFIED,per-archive re-derivation; matches data/REPORT.md
REALTALK-RT08,70,tfidf,recall_at_10,0.191,/mnt/c/Users/MDP/dev/llmzip-work/top10_comparison_r1/audit/per_query_tfidf_corrected.jsonl,VERIFIED,per-archive re-derivation
REALTALK-RT08,70,tfidf,ndcg_at_10,0.1117,/mnt/c/Users/MDP/dev/llmzip-work/top10_comparison_r1/audit/per_query_tfidf_corrected.jsonl,VERIFIED,per-archive re-derivation
REALTALK-RT09,63,tfidf,hit_at_10,0.6032,/mnt/c/Users/MDP/dev/llmzip-work/top10_comparison_r1/audit/per_query_tfidf_corrected.jsonl,VERIFIED,per-archive re-derivation; matches data/REPORT.md
REALTALK-RT09,63,tfidf,recall_at_10,0.4174,/mnt/c/Users/MDP/dev/llmzip-work/top10_comparison_r1/audit/per_query_tfidf_corrected.jsonl,VERIFIED,per-archive re-derivation
REALTALK-RT09,63,tfidf,ndcg_at_10,0.3634,/mnt/c/Users/MDP/dev/llmzip-work/top10_comparison_r1/audit/per_query_tfidf_corrected.jsonl,VERIFIED,per-archive re-derivation
REALTALK-RT10,59,tfidf,hit_at_10,0.4746,/mnt/c/Users/MDP/dev/llmzip-work/top10_comparison_r1/audit/per_query_tfidf_corrected.jsonl,VERIFIED,per-archive re-derivation; matches data/REPORT.md
REALTALK-RT10,59,tfidf,recall_at_10,0.4138,/mnt/c/Users/MDP/dev/llmzip-work/top10_comparison_r1/audit/per_query_tfidf_corrected.jsonl,VERIFIED,per-archive re-derivation
REALTALK-RT10,59,tfidf,ndcg_at_10,0.3471,/mnt/c/Users/MDP/dev/llmzip-work/top10_comparison_r1/audit/per_query_tfidf_corrected.jsonl,VERIFIED,per-archive re-derivation
REALTALK,705,PQ12B_FAISS_M12_NBITS8,Hit@10,0.3305,/mnt/c/Users/MDP/dev/llmzip-work/top10_comparison_r1/pq/per_query.jsonl,VERIFIED,re-derived; matches pq/SUMMARY.json 0.33049645
REALTALK,705,PQ12B_FAISS_M12_NBITS8,Recall@10,0.2439,/mnt/c/Users/MDP/dev/llmzip-work/top10_comparison_r1/pq/per_query.jsonl,VERIFIED,re-derived; matches 0.24394912
REALTALK,705,PQ12B_FAISS_M12_NBITS8,nDCG@10,0.1734,/mnt/c/Users/MDP/dev/llmzip-work/top10_comparison_r1/pq/per_query.jsonl,VERIFIED,re-derived; matches 0.17343215
REALTALK,705,PQ12B_FAISS_M12_NBITS8,expected_hit10_uniform,0.3305,/mnt/c/Users/MDP/dev/llmzip-work/top10_comparison_r1/pq/per_query.jsonl,VERIFIED,re-derived; 4/705 cutoff ties
REALTALK-RT01,85,PQ12B_FAISS_M12_NBITS8,Hit@10,0.4235,/mnt/c/Users/MDP/dev/llmzip-work/top10_comparison_r1/pq/per_query.jsonl,VERIFIED,per-archive re-derivation; matches pq/SUMMARY.json
REALTALK-RT02,70,PQ12B_FAISS_M12_NBITS8,Hit@10,0.3429,/mnt/c/Users/MDP/dev/llmzip-work/top10_comparison_r1/pq/per_query.jsonl,VERIFIED,per-archive re-derivation; matches pq/SUMMARY.json
REALTALK-RT03,73,PQ12B_FAISS_M12_NBITS8,Hit@10,0.6027,/mnt/c/Users/MDP/dev/llmzip-work/top10_comparison_r1/pq/per_query.jsonl,VERIFIED,per-archive re-derivation; matches pq/SUMMARY.json
REALTALK-RT04,71,PQ12B_FAISS_M12_NBITS8,Hit@10,0.5634,/mnt/c/Users/MDP/dev/llmzip-work/top10_comparison_r1/pq/per_query.jsonl,VERIFIED,per-archive re-derivation; matches pq/SUMMARY.json
REALTALK-RT05,70,PQ12B_FAISS_M12_NBITS8,Hit@10,0.5571,/mnt/c/Users/MDP/dev/llmzip-work/top10_comparison_r1/pq/per_query.jsonl,VERIFIED,per-archive re-derivation; matches pq/SUMMARY.json
REALTALK-RT06,74,PQ12B_FAISS_M12_NBITS8,Hit@10,0.0541,/mnt/c/Users/MDP/dev/llmzip-work/top10_comparison_r1/pq/per_query.jsonl,VERIFIED,per-archive re-derivation; matches pq/SUMMARY.json
REALTALK-RT07,70,PQ12B_FAISS_M12_NBITS8,Hit@10,0.1429,/mnt/c/Users/MDP/dev/llmzip-work/top10_comparison_r1/pq/per_query.jsonl,VERIFIED,per-archive re-derivation; matches pq/SUMMARY.json
REALTALK-RT08,70,PQ12B_FAISS_M12_NBITS8,Hit@10,0.0429,/mnt/c/Users/MDP/dev/llmzip-work/top10_comparison_r1/pq/per_query.jsonl,VERIFIED,per-archive re-derivation; matches pq/SUMMARY.json
REALTALK-RT09,63,PQ12B_FAISS_M12_NBITS8,Hit@10,0.2698,/mnt/c/Users/MDP/dev/llmzip-work/top10_comparison_r1/pq/per_query.jsonl,VERIFIED,per-archive re-derivation; matches pq/SUMMARY.json
REALTALK-RT10,59,PQ12B_FAISS_M12_NBITS8,Hit@10,0.2712,/mnt/c/Users/MDP/dev/llmzip-work/top10_comparison_r1/pq/per_query.jsonl,VERIFIED,per-archive re-derivation; matches pq/SUMMARY.json
LME,470,float64,hit3,0.6127659574468085,/mnt/c/Users/MDP/dev/llmzip-work/incoming_20260916/files/LLMZIP_BENCHMARK_OZET_2026-09-15.json,CLAIM,producer cached-replay; 12/12 old-arm Hit@10 cells match own baseline EXACTLY per coordinator verify_incoming.json
LME,470,float64,recall3,0.4415957446808511,/mnt/c/Users/MDP/dev/llmzip-work/incoming_20260916/files/LLMZIP_BENCHMARK_OZET_2026-09-15.json,CLAIM,producer cached-replay; 12/12 old-arm Hit@10 cells match own baseline EXACTLY per coordinator verify_incoming.json
LME,470,float64,hit10,0.825531914893617,/mnt/c/Users/MDP/dev/llmzip-work/incoming_20260916/files/LLMZIP_BENCHMARK_OZET_2026-09-15.json,CLAIM,producer cached-replay; 12/12 old-arm Hit@10 cells match own baseline EXACTLY per coordinator verify_incoming.json
LME,470,float64,recall10,0.689468085106383,/mnt/c/Users/MDP/dev/llmzip-work/incoming_20260916/files/LLMZIP_BENCHMARK_OZET_2026-09-15.json,CLAIM,producer cached-replay; 12/12 old-arm Hit@10 cells match own baseline EXACTLY per coordinator verify_incoming.json
LME,470,float64,hit100,0.9680851063829787,/mnt/c/Users/MDP/dev/llmzip-work/incoming_20260916/files/LLMZIP_BENCHMARK_OZET_2026-09-15.json,CLAIM,producer cached-replay; 12/12 old-arm Hit@10 cells match own baseline EXACTLY per coordinator verify_incoming.json
LME,470,float64,recall100,0.9567730496453902,/mnt/c/Users/MDP/dev/llmzip-work/incoming_20260916/files/LLMZIP_BENCHMARK_OZET_2026-09-15.json,CLAIM,producer cached-replay; 12/12 old-arm Hit@10 cells match own baseline EXACTLY per coordinator verify_incoming.json
LME,470,float_std64,hit3,0.7382978723404255,/mnt/c/Users/MDP/dev/llmzip-work/incoming_20260916/files/LLMZIP_BENCHMARK_OZET_2026-09-15.json,CLAIM,producer cached-replay; 12/12 old-arm Hit@10 cells match own baseline EXACTLY per coordinator verify_incoming.json
LME,470,float_std64,recall3,0.5574468085106383,/mnt/c/Users/MDP/dev/llmzip-work/incoming_20260916/files/LLMZIP_BENCHMARK_OZET_2026-09-15.json,CLAIM,producer cached-replay; 12/12 old-arm Hit@10 cells match own baseline EXACTLY per coordinator verify_incoming.json
LME,470,float_std64,hit10,0.8829787234042553,/mnt/c/Users/MDP/dev/llmzip-work/incoming_20260916/files/LLMZIP_BENCHMARK_OZET_2026-09-15.json,CLAIM,producer cached-replay; 12/12 old-arm Hit@10 cells match own baseline EXACTLY per coordinator verify_incoming.json
LME,470,float_std64,recall10,0.7954964539007092,/mnt/c/Users/MDP/dev/llmzip-work/incoming_20260916/files/LLMZIP_BENCHMARK_OZET_2026-09-15.json,CLAIM,producer cached-replay; 12/12 old-arm Hit@10 cells match own baseline EXACTLY per coordinator verify_incoming.json
LME,470,float_std64,hit100,0.9744680851063829,/mnt/c/Users/MDP/dev/llmzip-work/incoming_20260916/files/LLMZIP_BENCHMARK_OZET_2026-09-15.json,CLAIM,producer cached-replay; 12/12 old-arm Hit@10 cells match own baseline EXACTLY per coordinator verify_incoming.json
LME,470,float_std64,recall100,0.9529078014184398,/mnt/c/Users/MDP/dev/llmzip-work/incoming_20260916/files/LLMZIP_BENCHMARK_OZET_2026-09-15.json,CLAIM,producer cached-replay; 12/12 old-arm Hit@10 cells match own baseline EXACTLY per coordinator verify_incoming.json
LME,470,float_std32,hit3,0.7382978723404255,/mnt/c/Users/MDP/dev/llmzip-work/incoming_20260916/files/LLMZIP_BENCHMARK_OZET_2026-09-15.json,CLAIM,producer cached-replay; 12/12 old-arm Hit@10 cells match own baseline EXACTLY per coordinator verify_incoming.json
LME,470,float_std32,recall3,0.5574468085106383,/mnt/c/Users/MDP/dev/llmzip-work/incoming_20260916/files/LLMZIP_BENCHMARK_OZET_2026-09-15.json,CLAIM,producer cached-replay; 12/12 old-arm Hit@10 cells match own baseline EXACTLY per coordinator verify_incoming.json
LME,470,float_std32,hit10,0.8829787234042553,/mnt/c/Users/MDP/dev/llmzip-work/incoming_20260916/files/LLMZIP_BENCHMARK_OZET_2026-09-15.json,CLAIM,producer cached-replay; 12/12 old-arm Hit@10 cells match own baseline EXACTLY per coordinator verify_incoming.json
LME,470,float_std32,recall10,0.7954964539007092,/mnt/c/Users/MDP/dev/llmzip-work/incoming_20260916/files/LLMZIP_BENCHMARK_OZET_2026-09-15.json,CLAIM,producer cached-replay; 12/12 old-arm Hit@10 cells match own baseline EXACTLY per coordinator verify_incoming.json
LME,470,float_std32,hit100,0.9744680851063829,/mnt/c/Users/MDP/dev/llmzip-work/incoming_20260916/files/LLMZIP_BENCHMARK_OZET_2026-09-15.json,CLAIM,producer cached-replay; 12/12 old-arm Hit@10 cells match own baseline EXACTLY per coordinator verify_incoming.json
LME,470,float_std32,recall100,0.9529078014184398,/mnt/c/Users/MDP/dev/llmzip-work/incoming_20260916/files/LLMZIP_BENCHMARK_OZET_2026-09-15.json,CLAIM,producer cached-replay; 12/12 old-arm Hit@10 cells match own baseline EXACTLY per coordinator verify_incoming.json
LME,470,sign96,hit3,0.7138297872340426,/mnt/c/Users/MDP/dev/llmzip-work/incoming_20260916/files/LLMZIP_BENCHMARK_OZET_2026-09-15.json,CLAIM,producer cached-replay; 12/12 old-arm Hit@10 cells match own baseline EXACTLY per coordinator verify_incoming.json
LME,470,sign96,recall3,0.5421335697399526,/mnt/c/Users/MDP/dev/llmzip-work/incoming_20260916/files/LLMZIP_BENCHMARK_OZET_2026-09-15.json,CLAIM,producer cached-replay; 12/12 old-arm Hit@10 cells match own baseline EXACTLY per coordinator verify_incoming.json
LME,470,sign96,hit10,0.860773387369132,/mnt/c/Users/MDP/dev/llmzip-work/incoming_20260916/files/LLMZIP_BENCHMARK_OZET_2026-09-15.json,CLAIM,producer cached-replay; 12/12 old-arm Hit@10 cells match own baseline EXACTLY per coordinator verify_incoming.json
LME,470,sign96,recall10,0.7587488742541934,/mnt/c/Users/MDP/dev/llmzip-work/incoming_20260916/files/LLMZIP_BENCHMARK_OZET_2026-09-15.json,CLAIM,producer cached-replay; 12/12 old-arm Hit@10 cells match own baseline EXACTLY per coordinator verify_incoming.json
LME,470,sign96,hit100,0.9511476112539943,/mnt/c/Users/MDP/dev/llmzip-work/incoming_20260916/files/LLMZIP_BENCHMARK_OZET_2026-09-15.json,CLAIM,producer cached-replay; 12/12 old-arm Hit@10 cells match own baseline EXACTLY per coordinator verify_incoming.json
LME,470,sign96,recall100,0.9009887562043793,/mnt/c/Users/MDP/dev/llmzip-work/incoming_20260916/files/LLMZIP_BENCHMARK_OZET_2026-09-15.json,CLAIM,producer cached-replay; 12/12 old-arm Hit@10 cells match own baseline EXACTLY per coordinator verify_incoming.json
LME,470,sign88_top,hit3,0.6950354609929078,/mnt/c/Users/MDP/dev/llmzip-work/incoming_20260916/files/LLMZIP_BENCHMARK_OZET_2026-09-15.json,CLAIM,producer cached-replay; 12/12 old-arm Hit@10 cells match own baseline EXACTLY per coordinator verify_incoming.json
LME,470,sign88_top,recall3,0.5165602836879433,/mnt/c/Users/MDP/dev/llmzip-work/incoming_20260916/files/LLMZIP_BENCHMARK_OZET_2026-09-15.json,CLAIM,producer cached-replay; 12/12 old-arm Hit@10 cells match own baseline EXACTLY per coordinator verify_incoming.json
LME,470,sign88_top,hit10,0.8579711246200608,/mnt/c/Users/MDP/dev/llmzip-work/incoming_20260916/files/LLMZIP_BENCHMARK_OZET_2026-09-15.json,CLAIM,producer cached-replay; 12/12 old-arm Hit@10 cells match own baseline EXACTLY per coordinator verify_incoming.json
LME,470,sign88_top,recall10,0.7514357480580884,/mnt/c/Users/MDP/dev/llmzip-work/incoming_20260916/files/LLMZIP_BENCHMARK_OZET_2026-09-15.json,CLAIM,producer cached-replay; 12/12 old-arm Hit@10 cells match own baseline EXACTLY per coordinator verify_incoming.json
LME,470,sign88_top,hit100,0.9491008152178365,/mnt/c/Users/MDP/dev/llmzip-work/incoming_20260916/files/LLMZIP_BENCHMARK_OZET_2026-09-15.json,CLAIM,producer cached-replay; 12/12 old-arm Hit@10 cells match own baseline EXACTLY per coordinator verify_incoming.json
LME,470,sign88_top,recall100,0.899830472952278,/mnt/c/Users/MDP/dev/llmzip-work/incoming_20260916/files/LLMZIP_BENCHMARK_OZET_2026-09-15.json,CLAIM,producer cached-replay; 12/12 old-arm Hit@10 cells match own baseline EXACTLY per coordinator verify_incoming.json
LME,470,sign80_top,hit3,0.671950354609929,/mnt/c/Users/MDP/dev/llmzip-work/incoming_20260916/files/LLMZIP_BENCHMARK_OZET_2026-09-15.json,CLAIM,producer cached-replay; 12/12 old-arm Hit@10 cells match own baseline EXACTLY per coordinator verify_incoming.json
LME,470,sign80_top,recall3,0.4926882809861533,/mnt/c/Users/MDP/dev/llmzip-work/incoming_20260916/files/LLMZIP_BENCHMARK_OZET_2026-09-15.json,CLAIM,producer cached-replay; 12/12 old-arm Hit@10 cells match own baseline EXACTLY per coordinator verify_incoming.json
LME,470,sign80_top,hit10,0.8496529888551165,/mnt/c/Users/MDP/dev/llmzip-work/incoming_20260916/files/LLMZIP_BENCHMARK_OZET_2026-09-15.json,CLAIM,producer cached-replay; 12/12 old-arm Hit@10 cells match own baseline EXACTLY per coordinator verify_incoming.json
LME,470,sign80_top,recall10,0.7321082404593042,/mnt/c/Users/MDP/dev/llmzip-work/incoming_20260916/files/LLMZIP_BENCHMARK_OZET_2026-09-15.json,CLAIM,producer cached-replay; 12/12 old-arm Hit@10 cells match own baseline EXACTLY per coordinator verify_incoming.json
LME,470,sign80_top,hit100,0.9535182491947093,/mnt/c/Users/MDP/dev/llmzip-work/incoming_20260916/files/LLMZIP_BENCHMARK_OZET_2026-09-15.json,CLAIM,producer cached-replay; 12/12 old-arm Hit@10 cells match own baseline EXACTLY per coordinator verify_incoming.json
LME,470,sign80_top,recall100,0.9017517454971873,/mnt/c/Users/MDP/dev/llmzip-work/incoming_20260916/files/LLMZIP_BENCHMARK_OZET_2026-09-15.json,CLAIM,producer cached-replay; 12/12 old-arm Hit@10 cells match own baseline EXACTLY per coordinator verify_incoming.json
PerLTQA,8265,float64,hit3,0.6468239564428312,/mnt/c/Users/MDP/dev/llmzip-work/incoming_20260916/files/LLMZIP_BENCHMARK_OZET_2026-09-15.json,CLAIM,producer cached-replay; 12/12 old-arm Hit@10 cells match own baseline EXACTLY per coordinator verify_incoming.json
PerLTQA,8265,float64,recall3,0.551692074528853,/mnt/c/Users/MDP/dev/llmzip-work/incoming_20260916/files/LLMZIP_BENCHMARK_OZET_2026-09-15.json,CLAIM,producer cached-replay; 12/12 old-arm Hit@10 cells match own baseline EXACTLY per coordinator verify_incoming.json
PerLTQA,8265,float64,hit10,0.8081064730792499,/mnt/c/Users/MDP/dev/llmzip-work/incoming_20260916/files/LLMZIP_BENCHMARK_OZET_2026-09-15.json,CLAIM,producer cached-replay; 12/12 old-arm Hit@10 cells match own baseline EXACTLY per coordinator verify_incoming.json
PerLTQA,8265,float64,recall10,0.70954000969884,/mnt/c/Users/MDP/dev/llmzip-work/incoming_20260916/files/LLMZIP_BENCHMARK_OZET_2026-09-15.json,CLAIM,producer cached-replay; 12/12 old-arm Hit@10 cells match own baseline EXACTLY per coordinator verify_incoming.json
PerLTQA,8265,float64,hit100,0.9657592256503327,/mnt/c/Users/MDP/dev/llmzip-work/incoming_20260916/files/LLMZIP_BENCHMARK_OZET_2026-09-15.json,CLAIM,producer cached-replay; 12/12 old-arm Hit@10 cells match own baseline EXACTLY per coordinator verify_incoming.json
PerLTQA,8265,float64,recall100,0.9194125749274423,/mnt/c/Users/MDP/dev/llmzip-work/incoming_20260916/files/LLMZIP_BENCHMARK_OZET_2026-09-15.json,CLAIM,producer cached-replay; 12/12 old-arm Hit@10 cells match own baseline EXACTLY per coordinator verify_incoming.json
PerLTQA,8265,float_std64,hit3,0.6786448880822746,/mnt/c/Users/MDP/dev/llmzip-work/incoming_20260916/files/LLMZIP_BENCHMARK_OZET_2026-09-15.json,CLAIM,producer cached-replay; 12/12 old-arm Hit@10 cells match own baseline EXACTLY per coordinator verify_incoming.json
PerLTQA,8265,float_std64,recall3,0.5657554876217679,/mnt/c/Users/MDP/dev/llmzip-work/incoming_20260916/files/LLMZIP_BENCHMARK_OZET_2026-09-15.json,CLAIM,producer cached-replay; 12/12 old-arm Hit@10 cells match own baseline EXACTLY per coordinator verify_incoming.json
PerLTQA,8265,float_std64,hit10,0.8395644283121597,/mnt/c/Users/MDP/dev/llmzip-work/incoming_20260916/files/LLMZIP_BENCHMARK_OZET_2026-09-15.json,CLAIM,producer cached-replay; 12/12 old-arm Hit@10 cells match own baseline EXACTLY per coordinator verify_incoming.json
PerLTQA,8265,float_std64,recall10,0.7023578349621766,/mnt/c/Users/MDP/dev/llmzip-work/incoming_20260916/files/LLMZIP_BENCHMARK_OZET_2026-09-15.json,CLAIM,producer cached-replay; 12/12 old-arm Hit@10 cells match own baseline EXACTLY per coordinator verify_incoming.json
PerLTQA,8265,float_std64,hit100,0.9574107683000604,/mnt/c/Users/MDP/dev/llmzip-work/incoming_20260916/files/LLMZIP_BENCHMARK_OZET_2026-09-15.json,CLAIM,producer cached-replay; 12/12 old-arm Hit@10 cells match own baseline EXACTLY per coordinator verify_incoming.json
PerLTQA,8265,float_std64,recall100,0.8537442424829276,/mnt/c/Users/MDP/dev/llmzip-work/incoming_20260916/files/LLMZIP_BENCHMARK_OZET_2026-09-15.json,CLAIM,producer cached-replay; 12/12 old-arm Hit@10 cells match own baseline EXACTLY per coordinator verify_incoming.json
PerLTQA,8265,float_std32,hit3,0.6786448880822746,/mnt/c/Users/MDP/dev/llmzip-work/incoming_20260916/files/LLMZIP_BENCHMARK_OZET_2026-09-15.json,CLAIM,producer cached-replay; 12/12 old-arm Hit@10 cells match own baseline EXACTLY per coordinator verify_incoming.json
PerLTQA,8265,float_std32,recall3,0.5657554876217679,/mnt/c/Users/MDP/dev/llmzip-work/incoming_20260916/files/LLMZIP_BENCHMARK_OZET_2026-09-15.json,CLAIM,producer cached-replay; 12/12 old-arm Hit@10 cells match own baseline EXACTLY per coordinator verify_incoming.json
PerLTQA,8265,float_std32,hit10,0.8395644283121597,/mnt/c/Users/MDP/dev/llmzip-work/incoming_20260916/files/LLMZIP_BENCHMARK_OZET_2026-09-15.json,CLAIM,producer cached-replay; 12/12 old-arm Hit@10 cells match own baseline EXACTLY per coordinator verify_incoming.json
PerLTQA,8265,float_std32,recall10,0.7023578349621766,/mnt/c/Users/MDP/dev/llmzip-work/incoming_20260916/files/LLMZIP_BENCHMARK_OZET_2026-09-15.json,CLAIM,producer cached-replay; 12/12 old-arm Hit@10 cells match own baseline EXACTLY per coordinator verify_incoming.json
PerLTQA,8265,float_std32,hit100,0.9574107683000604,/mnt/c/Users/MDP/dev/llmzip-work/incoming_20260916/files/LLMZIP_BENCHMARK_OZET_2026-09-15.json,CLAIM,producer cached-replay; 12/12 old-arm Hit@10 cells match own baseline EXACTLY per coordinator verify_incoming.json
PerLTQA,8265,float_std32,recall100,0.8537442424829276,/mnt/c/Users/MDP/dev/llmzip-work/incoming_20260916/files/LLMZIP_BENCHMARK_OZET_2026-09-15.json,CLAIM,producer cached-replay; 12/12 old-arm Hit@10 cells match own baseline EXACTLY per coordinator verify_incoming.json
PerLTQA,8265,sign96,hit3,0.5903652810186386,/mnt/c/Users/MDP/dev/llmzip-work/incoming_20260916/files/LLMZIP_BENCHMARK_OZET_2026-09-15.json,CLAIM,producer cached-replay; 12/12 old-arm Hit@10 cells match own baseline EXACTLY per coordinator verify_incoming.json
PerLTQA,8265,sign96,recall3,0.488944796163642,/mnt/c/Users/MDP/dev/llmzip-work/incoming_20260916/files/LLMZIP_BENCHMARK_OZET_2026-09-15.json,CLAIM,producer cached-replay; 12/12 old-arm Hit@10 cells match own baseline EXACTLY per coordinator verify_incoming.json
PerLTQA,8265,sign96,hit10,0.7576122962874323,/mnt/c/Users/MDP/dev/llmzip-work/incoming_20260916/files/LLMZIP_BENCHMARK_OZET_2026-09-15.json,CLAIM,producer cached-replay; 12/12 old-arm Hit@10 cells match own baseline EXACTLY per coordinator verify_incoming.json
PerLTQA,8265,sign96,recall10,0.6190788885748457,/mnt/c/Users/MDP/dev/llmzip-work/incoming_20260916/files/LLMZIP_BENCHMARK_OZET_2026-09-15.json,CLAIM,producer cached-replay; 12/12 old-arm Hit@10 cells match own baseline EXACTLY per coordinator verify_incoming.json
PerLTQA,8265,sign96,hit100,0.9407835800704153,/mnt/c/Users/MDP/dev/llmzip-work/incoming_20260916/files/LLMZIP_BENCHMARK_OZET_2026-09-15.json,CLAIM,producer cached-replay; 12/12 old-arm Hit@10 cells match own baseline EXACTLY per coordinator verify_incoming.json
PerLTQA,8265,sign96,recall100,0.8050638002492543,/mnt/c/Users/MDP/dev/llmzip-work/incoming_20260916/files/LLMZIP_BENCHMARK_OZET_2026-09-15.json,CLAIM,producer cached-replay; 12/12 old-arm Hit@10 cells match own baseline EXACTLY per coordinator verify_incoming.json
PerLTQA,8265,sign88_top,hit3,0.5793378561345894,/mnt/c/Users/MDP/dev/llmzip-work/incoming_20260916/files/LLMZIP_BENCHMARK_OZET_2026-09-15.json,CLAIM,producer cached-replay; 12/12 old-arm Hit@10 cells match own baseline EXACTLY per coordinator verify_incoming.json
PerLTQA,8265,sign88_top,recall3,0.4797405198066575,/mnt/c/Users/MDP/dev/llmzip-work/incoming_20260916/files/LLMZIP_BENCHMARK_OZET_2026-09-15.json,CLAIM,producer cached-replay; 12/12 old-arm Hit@10 cells match own baseline EXACTLY per coordinator verify_incoming.json
PerLTQA,8265,sign88_top,hit10,0.7462424488195813,/mnt/c/Users/MDP/dev/llmzip-work/incoming_20260916/files/LLMZIP_BENCHMARK_OZET_2026-09-15.json,CLAIM,producer cached-replay; 12/12 old-arm Hit@10 cells match own baseline EXACTLY per coordinator verify_incoming.json
PerLTQA,8265,sign88_top,recall10,0.6109848498064684,/mnt/c/Users/MDP/dev/llmzip-work/incoming_20260916/files/LLMZIP_BENCHMARK_OZET_2026-09-15.json,CLAIM,producer cached-replay; 12/12 old-arm Hit@10 cells match own baseline EXACTLY per coordinator verify_incoming.json
PerLTQA,8265,sign88_top,hit100,0.9381924653651396,/mnt/c/Users/MDP/dev/llmzip-work/incoming_20260916/files/LLMZIP_BENCHMARK_OZET_2026-09-15.json,CLAIM,producer cached-replay; 12/12 old-arm Hit@10 cells match own baseline EXACTLY per coordinator verify_incoming.json
PerLTQA,8265,sign88_top,recall100,0.8064462616059583,/mnt/c/Users/MDP/dev/llmzip-work/incoming_20260916/files/LLMZIP_BENCHMARK_OZET_2026-09-15.json,CLAIM,producer cached-replay; 12/12 old-arm Hit@10 cells match own baseline EXACTLY per coordinator verify_incoming.json
PerLTQA,8265,sign80_top,hit3,0.5714663094517904,/mnt/c/Users/MDP/dev/llmzip-work/incoming_20260916/files/LLMZIP_BENCHMARK_OZET_2026-09-15.json,CLAIM,producer cached-replay; 12/12 old-arm Hit@10 cells match own baseline EXACTLY per coordinator verify_incoming.json
PerLTQA,8265,sign80_top,recall3,0.47312770960037304,/mnt/c/Users/MDP/dev/llmzip-work/incoming_20260916/files/LLMZIP_BENCHMARK_OZET_2026-09-15.json,CLAIM,producer cached-replay; 12/12 old-arm Hit@10 cells match own baseline EXACTLY per coordinator verify_incoming.json
PerLTQA,8265,sign80_top,hit10,0.7433455099380689,/mnt/c/Users/MDP/dev/llmzip-work/incoming_20260916/files/LLMZIP_BENCHMARK_OZET_2026-09-15.json,CLAIM,producer cached-replay; 12/12 old-arm Hit@10 cells match own baseline EXACTLY per coordinator verify_incoming.json
PerLTQA,8265,sign80_top,recall10,0.6108447428061681,/mnt/c/Users/MDP/dev/llmzip-work/incoming_20260916/files/LLMZIP_BENCHMARK_OZET_2026-09-15.json,CLAIM,producer cached-replay; 12/12 old-arm Hit@10 cells match own baseline EXACTLY per coordinator verify_incoming.json
PerLTQA,8265,sign80_top,hit100,0.9366528946223387,/mnt/c/Users/MDP/dev/llmzip-work/incoming_20260916/files/LLMZIP_BENCHMARK_OZET_2026-09-15.json,CLAIM,producer cached-replay; 12/12 old-arm Hit@10 cells match own baseline EXACTLY per coordinator verify_incoming.json
PerLTQA,8265,sign80_top,recall100,0.8083517547757385,/mnt/c/Users/MDP/dev/llmzip-work/incoming_20260916/files/LLMZIP_BENCHMARK_OZET_2026-09-15.json,CLAIM,producer cached-replay; 12/12 old-arm Hit@10 cells match own baseline EXACTLY per coordinator verify_incoming.json
RealTalk,705,float64,hit3,0.22836879432624113,/mnt/c/Users/MDP/dev/llmzip-work/incoming_20260916/files/LLMZIP_BENCHMARK_OZET_2026-09-15.json,CLAIM,producer cached-replay; 12/12 old-arm Hit@10 cells match own baseline EXACTLY per coordinator verify_incoming.json
RealTalk,705,float64,recall3,0.17253405381064957,/mnt/c/Users/MDP/dev/llmzip-work/incoming_20260916/files/LLMZIP_BENCHMARK_OZET_2026-09-15.json,CLAIM,producer cached-replay; 12/12 old-arm Hit@10 cells match own baseline EXACTLY per coordinator verify_incoming.json
RealTalk,705,float64,hit10,0.3659574468085106,/mnt/c/Users/MDP/dev/llmzip-work/incoming_20260916/files/LLMZIP_BENCHMARK_OZET_2026-09-15.json,CLAIM,producer cached-replay; 12/12 old-arm Hit@10 cells match own baseline EXACTLY per coordinator verify_incoming.json
RealTalk,705,float64,recall10,0.27830493383684873,/mnt/c/Users/MDP/dev/llmzip-work/incoming_20260916/files/LLMZIP_BENCHMARK_OZET_2026-09-15.json,CLAIM,producer cached-replay; 12/12 old-arm Hit@10 cells match own baseline EXACTLY per coordinator verify_incoming.json
RealTalk,705,float64,hit100,0.6950354609929078,/mnt/c/Users/MDP/dev/llmzip-work/incoming_20260916/files/LLMZIP_BENCHMARK_OZET_2026-09-15.json,CLAIM,producer cached-replay; 12/12 old-arm Hit@10 cells match own baseline EXACTLY per coordinator verify_incoming.json
RealTalk,705,float64,recall100,0.571327637211637,/mnt/c/Users/MDP/dev/llmzip-work/incoming_20260916/files/LLMZIP_BENCHMARK_OZET_2026-09-15.json,CLAIM,producer cached-replay; 12/12 old-arm Hit@10 cells match own baseline EXACTLY per coordinator verify_incoming.json
RealTalk,705,float_std64,hit3,0.2936170212765957,/mnt/c/Users/MDP/dev/llmzip-work/incoming_20260916/files/LLMZIP_BENCHMARK_OZET_2026-09-15.json,CLAIM,producer cached-replay; 12/12 old-arm Hit@10 cells match own baseline EXACTLY per coordinator verify_incoming.json
RealTalk,705,float_std64,recall3,0.22910032172630157,/mnt/c/Users/MDP/dev/llmzip-work/incoming_20260916/files/LLMZIP_BENCHMARK_OZET_2026-09-15.json,CLAIM,producer cached-replay; 12/12 old-arm Hit@10 cells match own baseline EXACTLY per coordinator verify_incoming.json
RealTalk,705,float_std64,hit10,0.4851063829787234,/mnt/c/Users/MDP/dev/llmzip-work/incoming_20260916/files/LLMZIP_BENCHMARK_OZET_2026-09-15.json,CLAIM,producer cached-replay; 12/12 old-arm Hit@10 cells match own baseline EXACTLY per coordinator verify_incoming.json
RealTalk,705,float_std64,recall10,0.37467782932508575,/mnt/c/Users/MDP/dev/llmzip-work/incoming_20260916/files/LLMZIP_BENCHMARK_OZET_2026-09-15.json,CLAIM,producer cached-replay; 12/12 old-arm Hit@10 cells match own baseline EXACTLY per coordinator verify_incoming.json
RealTalk,705,float_std64,hit100,0.7914893617021277,/mnt/c/Users/MDP/dev/llmzip-work/incoming_20260916/files/LLMZIP_BENCHMARK_OZET_2026-09-15.json,CLAIM,producer cached-replay; 12/12 old-arm Hit@10 cells match own baseline EXACTLY per coordinator verify_incoming.json
RealTalk,705,float_std64,recall100,0.6547141602124805,/mnt/c/Users/MDP/dev/llmzip-work/incoming_20260916/files/LLMZIP_BENCHMARK_OZET_2026-09-15.json,CLAIM,producer cached-replay; 12/12 old-arm Hit@10 cells match own baseline EXACTLY per coordinator verify_incoming.json
RealTalk,705,float_std32,hit3,0.2936170212765957,/mnt/c/Users/MDP/dev/llmzip-work/incoming_20260916/files/LLMZIP_BENCHMARK_OZET_2026-09-15.json,CLAIM,producer cached-replay; 12/12 old-arm Hit@10 cells match own baseline EXACTLY per coordinator verify_incoming.json
RealTalk,705,float_std32,recall3,0.22910032172630157,/mnt/c/Users/MDP/dev/llmzip-work/incoming_20260916/files/LLMZIP_BENCHMARK_OZET_2026-09-15.json,CLAIM,producer cached-replay; 12/12 old-arm Hit@10 cells match own baseline EXACTLY per coordinator verify_incoming.json
RealTalk,705,float_std32,hit10,0.4851063829787234,/mnt/c/Users/MDP/dev/llmzip-work/incoming_20260916/files/LLMZIP_BENCHMARK_OZET_2026-09-15.json,CLAIM,producer cached-replay; 12/12 old-arm Hit@10 cells match own baseline EXACTLY per coordinator verify_incoming.json
RealTalk,705,float_std32,recall10,0.37467782932508575,/mnt/c/Users/MDP/dev/llmzip-work/incoming_20260916/files/LLMZIP_BENCHMARK_OZET_2026-09-15.json,CLAIM,producer cached-replay; 12/12 old-arm Hit@10 cells match own baseline EXACTLY per coordinator verify_incoming.json
RealTalk,705,float_std32,hit100,0.7914893617021277,/mnt/c/Users/MDP/dev/llmzip-work/incoming_20260916/files/LLMZIP_BENCHMARK_OZET_2026-09-15.json,CLAIM,producer cached-replay; 12/12 old-arm Hit@10 cells match own baseline EXACTLY per coordinator verify_incoming.json
RealTalk,705,float_std32,recall100,0.6547141602124805,/mnt/c/Users/MDP/dev/llmzip-work/incoming_20260916/files/LLMZIP_BENCHMARK_OZET_2026-09-15.json,CLAIM,producer cached-replay; 12/12 old-arm Hit@10 cells match own baseline EXACTLY per coordinator verify_incoming.json
RealTalk,705,sign96,hit3,0.2973758865248227,/mnt/c/Users/MDP/dev/llmzip-work/incoming_20260916/files/LLMZIP_BENCHMARK_OZET_2026-09-15.json,CLAIM,producer cached-replay; 12/12 old-arm Hit@10 cells match own baseline EXACTLY per coordinator verify_incoming.json
RealTalk,705,sign96,recall3,0.22553482307028402,/mnt/c/Users/MDP/dev/llmzip-work/incoming_20260916/files/LLMZIP_BENCHMARK_OZET_2026-09-15.json,CLAIM,producer cached-replay; 12/12 old-arm Hit@10 cells match own baseline EXACTLY per coordinator verify_incoming.json
RealTalk,705,sign96,hit10,0.4668085106382979,/mnt/c/Users/MDP/dev/llmzip-work/incoming_20260916/files/LLMZIP_BENCHMARK_OZET_2026-09-15.json,CLAIM,producer cached-replay; 12/12 old-arm Hit@10 cells match own baseline EXACTLY per coordinator verify_incoming.json
RealTalk,705,sign96,recall10,0.3450072037856659,/mnt/c/Users/MDP/dev/llmzip-work/incoming_20260916/files/LLMZIP_BENCHMARK_OZET_2026-09-15.json,CLAIM,producer cached-replay; 12/12 old-arm Hit@10 cells match own baseline EXACTLY per coordinator verify_incoming.json
RealTalk,705,sign96,hit100,0.7294024580914432,/mnt/c/Users/MDP/dev/llmzip-work/incoming_20260916/files/LLMZIP_BENCHMARK_OZET_2026-09-15.json,CLAIM,producer cached-replay; 12/12 old-arm Hit@10 cells match own baseline EXACTLY per coordinator verify_incoming.json
RealTalk,705,sign96,recall100,0.5789095859380189,/mnt/c/Users/MDP/dev/llmzip-work/incoming_20260916/files/LLMZIP_BENCHMARK_OZET_2026-09-15.json,CLAIM,producer cached-replay; 12/12 old-arm Hit@10 cells match own baseline EXACTLY per coordinator verify_incoming.json
RealTalk,705,sign88_top,hit3,0.2782505910165485,/mnt/c/Users/MDP/dev/llmzip-work/incoming_20260916/files/LLMZIP_BENCHMARK_OZET_2026-09-15.json,CLAIM,producer cached-replay; 12/12 old-arm Hit@10 cells match own baseline EXACTLY per coordinator verify_incoming.json
RealTalk,705,sign88_top,recall3,0.20828323764493978,/mnt/c/Users/MDP/dev/llmzip-work/incoming_20260916/files/LLMZIP_BENCHMARK_OZET_2026-09-15.json,CLAIM,producer cached-replay; 12/12 old-arm Hit@10 cells match own baseline EXACTLY per coordinator verify_incoming.json
RealTalk,705,sign88_top,hit10,0.44986828774062815,/mnt/c/Users/MDP/dev/llmzip-work/incoming_20260916/files/LLMZIP_BENCHMARK_OZET_2026-09-15.json,CLAIM,producer cached-replay; 12/12 old-arm Hit@10 cells match own baseline EXACTLY per coordinator verify_incoming.json
RealTalk,705,sign88_top,recall10,0.3303708257857194,/mnt/c/Users/MDP/dev/llmzip-work/incoming_20260916/files/LLMZIP_BENCHMARK_OZET_2026-09-15.json,CLAIM,producer cached-replay; 12/12 old-arm Hit@10 cells match own baseline EXACTLY per coordinator verify_incoming.json
RealTalk,705,sign88_top,hit100,0.7188466115851818,/mnt/c/Users/MDP/dev/llmzip-work/incoming_20260916/files/LLMZIP_BENCHMARK_OZET_2026-09-15.json,CLAIM,producer cached-replay; 12/12 old-arm Hit@10 cells match own baseline EXACTLY per coordinator verify_incoming.json
RealTalk,705,sign88_top,recall100,0.5713194079965712,/mnt/c/Users/MDP/dev/llmzip-work/incoming_20260916/files/LLMZIP_BENCHMARK_OZET_2026-09-15.json,CLAIM,producer cached-replay; 12/12 old-arm Hit@10 cells match own baseline EXACTLY per coordinator verify_incoming.json
RealTalk,705,sign80_top,hit3,0.2615130023640662,/mnt/c/Users/MDP/dev/llmzip-work/incoming_20260916/files/LLMZIP_BENCHMARK_OZET_2026-09-15.json,CLAIM,producer cached-replay; 12/12 old-arm Hit@10 cells match own baseline EXACTLY per coordinator verify_incoming.json
RealTalk,705,sign80_top,recall3,0.1996983751735525,/mnt/c/Users/MDP/dev/llmzip-work/incoming_20260916/files/LLMZIP_BENCHMARK_OZET_2026-09-15.json,CLAIM,producer cached-replay; 12/12 old-arm Hit@10 cells match own baseline EXACTLY per coordinator verify_incoming.json
RealTalk,705,sign80_top,hit10,0.4255675293973166,/mnt/c/Users/MDP/dev/llmzip-work/incoming_20260916/files/LLMZIP_BENCHMARK_OZET_2026-09-15.json,CLAIM,producer cached-replay; 12/12 old-arm Hit@10 cells match own baseline EXACTLY per coordinator verify_incoming.json
RealTalk,705,sign80_top,recall10,0.31777044337328025,/mnt/c/Users/MDP/dev/llmzip-work/incoming_20260916/files/LLMZIP_BENCHMARK_OZET_2026-09-15.json,CLAIM,producer cached-replay; 12/12 old-arm Hit@10 cells match own baseline EXACTLY per coordinator verify_incoming.json
RealTalk,705,sign80_top,hit100,0.7073792836449497,/mnt/c/Users/MDP/dev/llmzip-work/incoming_20260916/files/LLMZIP_BENCHMARK_OZET_2026-09-15.json,CLAIM,producer cached-replay; 12/12 old-arm Hit@10 cells match own baseline EXACTLY per coordinator verify_incoming.json
RealTalk,705,sign80_top,recall100,0.5696066571266808,/mnt/c/Users/MDP/dev/llmzip-work/incoming_20260916/files/LLMZIP_BENCHMARK_OZET_2026-09-15.json,CLAIM,producer cached-replay; 12/12 old-arm Hit@10 cells match own baseline EXACTLY per coordinator verify_incoming.json
LME,470,svd96_before_center_cos,Hit@10-percent,82.76595744680851,/mnt/c/Users/MDP/dev/llmzip-work/incoming_20260916/files/LLMZIP_HATA_YERI_OZET_2026-09-16.json,CLAIM,producer diagnostic
LME,470,centered_cos,Hit@10-percent,82.5531914893617,/mnt/c/Users/MDP/dev/llmzip-work/incoming_20260916/files/LLMZIP_HATA_YERI_OZET_2026-09-16.json,CLAIM,producer diagnostic
LME,470,standardized_cos,Hit@10-percent,88.29787234042553,/mnt/c/Users/MDP/dev/llmzip-work/incoming_20260916/files/LLMZIP_HATA_YERI_OZET_2026-09-16.json,CLAIM,producer diagnostic
LME,470,doc_sign_query_raw,Hit@10-percent,85.74468085106382,/mnt/c/Users/MDP/dev/llmzip-work/incoming_20260916/files/LLMZIP_HATA_YERI_OZET_2026-09-16.json,CLAIM,producer diagnostic
LME,470,doc_sign_query_std,Hit@10-percent,88.51063829787233,/mnt/c/Users/MDP/dev/llmzip-work/incoming_20260916/files/LLMZIP_HATA_YERI_OZET_2026-09-16.json,CLAIM,producer diagnostic; qscale reproduced EXACTLY by coordinator
LME,470,query_sign_doc_std,Hit@10-percent,87.65957446808511,/mnt/c/Users/MDP/dev/llmzip-work/incoming_20260916/files/LLMZIP_HATA_YERI_OZET_2026-09-16.json,CLAIM,producer diagnostic; coordinator replay DEVIATED (see verify rows)
LME,470,sign96,Hit@10-percent,86.0773387369132,/mnt/c/Users/MDP/dev/llmzip-work/incoming_20260916/files/LLMZIP_HATA_YERI_OZET_2026-09-16.json,CLAIM,producer diagnostic
PerLTQA,8265,svd96_before_center_cos,Hit@10-percent,80.48396854204476,/mnt/c/Users/MDP/dev/llmzip-work/incoming_20260916/files/LLMZIP_HATA_YERI_OZET_2026-09-16.json,CLAIM,producer diagnostic
PerLTQA,8265,centered_cos,Hit@10-percent,80.81064730792498,/mnt/c/Users/MDP/dev/llmzip-work/incoming_20260916/files/LLMZIP_HATA_YERI_OZET_2026-09-16.json,CLAIM,producer diagnostic
PerLTQA,8265,standardized_cos,Hit@10-percent,83.95644283121597,/mnt/c/Users/MDP/dev/llmzip-work/incoming_20260916/files/LLMZIP_HATA_YERI_OZET_2026-09-16.json,CLAIM,producer diagnostic
PerLTQA,8265,doc_sign_query_raw,Hit@10-percent,80.1935874168179,/mnt/c/Users/MDP/dev/llmzip-work/incoming_20260916/files/LLMZIP_HATA_YERI_OZET_2026-09-16.json,CLAIM,producer diagnostic
PerLTQA,8265,doc_sign_query_std,Hit@10-percent,80.0,/mnt/c/Users/MDP/dev/llmzip-work/incoming_20260916/files/LLMZIP_HATA_YERI_OZET_2026-09-16.json,CLAIM,producer diagnostic; qscale reproduced EXACTLY by coordinator
PerLTQA,8265,query_sign_doc_std,Hit@10-percent,79.73381730187538,/mnt/c/Users/MDP/dev/llmzip-work/incoming_20260916/files/LLMZIP_HATA_YERI_OZET_2026-09-16.json,CLAIM,producer diagnostic; coordinator replay DEVIATED (see verify rows)
PerLTQA,8265,sign96,Hit@10-percent,75.76122962874324,/mnt/c/Users/MDP/dev/llmzip-work/incoming_20260916/files/LLMZIP_HATA_YERI_OZET_2026-09-16.json,CLAIM,producer diagnostic
RealTalk,705,svd96_before_center_cos,Hit@10-percent,36.45390070921986,/mnt/c/Users/MDP/dev/llmzip-work/incoming_20260916/files/LLMZIP_HATA_YERI_OZET_2026-09-16.json,CLAIM,producer diagnostic
RealTalk,705,centered_cos,Hit@10-percent,36.59574468085106,/mnt/c/Users/MDP/dev/llmzip-work/incoming_20260916/files/LLMZIP_HATA_YERI_OZET_2026-09-16.json,CLAIM,producer diagnostic
RealTalk,705,standardized_cos,Hit@10-percent,48.51063829787234,/mnt/c/Users/MDP/dev/llmzip-work/incoming_20260916/files/LLMZIP_HATA_YERI_OZET_2026-09-16.json,CLAIM,producer diagnostic
RealTalk,705,doc_sign_query_raw,Hit@10-percent,43.54609929078014,/mnt/c/Users/MDP/dev/llmzip-work/incoming_20260916/files/LLMZIP_HATA_YERI_OZET_2026-09-16.json,CLAIM,producer diagnostic
RealTalk,705,doc_sign_query_std,Hit@10-percent,49.645390070921984,/mnt/c/Users/MDP/dev/llmzip-work/incoming_20260916/files/LLMZIP_HATA_YERI_OZET_2026-09-16.json,CLAIM,producer diagnostic; qscale reproduced EXACTLY by coordinator
RealTalk,705,query_sign_doc_std,Hit@10-percent,50.35460992907801,/mnt/c/Users/MDP/dev/llmzip-work/incoming_20260916/files/LLMZIP_HATA_YERI_OZET_2026-09-16.json,CLAIM,producer diagnostic; coordinator replay DEVIATED (see verify rows)
RealTalk,705,sign96,Hit@10-percent,46.68085106382979,/mnt/c/Users/MDP/dev/llmzip-work/incoming_20260916/files/LLMZIP_HATA_YERI_OZET_2026-09-16.json,CLAIM,producer diagnostic
PerLTQA,8265,qscale,Hit@10-percent-realized,80.0,/mnt/c/Users/MDP/dev/llmzip-work/top10_comparison_r1/coordinator/verify_incoming.json,CLAIM,coordinator independent replay; producer claimed 80.0000; dev 0.0000 pp
PerLTQA,8265,qsign_dstd,Hit@10-percent-realized,79.4676,/mnt/c/Users/MDP/dev/llmzip-work/top10_comparison_r1/coordinator/verify_incoming.json,CLAIM,coordinator independent replay; producer claimed 79.7338; dev -0.2662 pp
LME,470,qscale,Hit@10-percent-realized,88.5106,/mnt/c/Users/MDP/dev/llmzip-work/top10_comparison_r1/coordinator/verify_incoming.json,CLAIM,coordinator independent replay; producer claimed 88.5106; dev 0.0000 pp
LME,470,qsign_dstd,Hit@10-percent-realized,88.2979,/mnt/c/Users/MDP/dev/llmzip-work/top10_comparison_r1/coordinator/verify_incoming.json,CLAIM,coordinator independent replay; producer claimed 87.6596; dev 0.6383 pp
REALTALK,705,qscale,Hit@10-percent-realized,49.6454,/mnt/c/Users/MDP/dev/llmzip-work/top10_comparison_r1/coordinator/verify_incoming.json,CLAIM,coordinator independent replay; producer claimed 49.6454; dev 0.0000 pp
REALTALK,705,qsign_dstd,Hit@10-percent-realized,49.5035,/mnt/c/Users/MDP/dev/llmzip-work/top10_comparison_r1/coordinator/verify_incoming.json,CLAIM,coordinator independent replay; producer claimed 50.3546; dev -0.8511 pp
ALL,9440,qscale-vs-baseline-old-arms,old-arm-max-dev-pp,0.0,/mnt/c/Users/MDP/dev/llmzip-work/top10_comparison_r1/coordinator/verify_incoming.json,CLAIM,PartA: 12/12 old-arm cells matched EXACTLY (0.000000 pp)
ALL,9440,qsign_dstd,max-abs-dev-pp,0.8511,/mnt/c/Users/MDP/dev/llmzip-work/top10_comparison_r1/coordinator/verify_incoming.json,CLAIM,PartB: qsign_dstd deviated LME +0.6383 / PerLTQA -0.2662 / RealTalk -0.8511 pp -> NOT reproduced
LME,470,hamming,Hit@10-percent,86.0773387369132,/mnt/c/Users/MDP/dev/llmzip-work/incoming_20260916/files/LLMZIP_HIZ_GENELLEME_OZET_2026-09-16.json,CLAIM,producer cached replay + LoCoMo transfer; LoCoMo NOT blind/hidden per file
LME,470,weighted,Hit@10-percent,88.51063829787233,/mnt/c/Users/MDP/dev/llmzip-work/incoming_20260916/files/LLMZIP_HIZ_GENELLEME_OZET_2026-09-16.json,CLAIM,producer cached replay + LoCoMo transfer; LoCoMo NOT blind/hidden per file
LME,470,float32,Hit@10-percent,88.29787234042553,/mnt/c/Users/MDP/dev/llmzip-work/incoming_20260916/files/LLMZIP_HIZ_GENELLEME_OZET_2026-09-16.json,CLAIM,producer cached replay + LoCoMo transfer; LoCoMo NOT blind/hidden per file
LME,470,float_std64,Hit@10-percent,88.29787234042553,/mnt/c/Users/MDP/dev/llmzip-work/incoming_20260916/files/LLMZIP_HIZ_GENELLEME_OZET_2026-09-16.json,CLAIM,producer cached replay + LoCoMo transfer; LoCoMo NOT blind/hidden per file
LME,470,float_raw64,Hit@10-percent,82.5531914893617,/mnt/c/Users/MDP/dev/llmzip-work/incoming_20260916/files/LLMZIP_HIZ_GENELLEME_OZET_2026-09-16.json,CLAIM,producer cached replay + LoCoMo transfer; LoCoMo NOT blind/hidden per file
LME,470,asym_raw,Hit@10-percent,85.74468085106382,/mnt/c/Users/MDP/dev/llmzip-work/incoming_20260916/files/LLMZIP_HIZ_GENELLEME_OZET_2026-09-16.json,CLAIM,producer cached replay + LoCoMo transfer; LoCoMo NOT blind/hidden per file
LME,470,hamming,fractional-Recall@100-percent,90.09887562043794,/mnt/c/Users/MDP/dev/llmzip-work/incoming_20260916/files/LLMZIP_HIZ_GENELLEME_OZET_2026-09-16.json,CLAIM,producer; gap to float remains (no sweep claim)
LME,470,weighted,fractional-Recall@100-percent,93.88297872340425,/mnt/c/Users/MDP/dev/llmzip-work/incoming_20260916/files/LLMZIP_HIZ_GENELLEME_OZET_2026-09-16.json,CLAIM,producer; gap to float remains (no sweep claim)
LME,470,float32,fractional-Recall@100-percent,95.29078014184398,/mnt/c/Users/MDP/dev/llmzip-work/incoming_20260916/files/LLMZIP_HIZ_GENELLEME_OZET_2026-09-16.json,CLAIM,producer; gap to float remains (no sweep claim)
LME,470,float_std64,fractional-Recall@100-percent,95.29078014184398,/mnt/c/Users/MDP/dev/llmzip-work/incoming_20260916/files/LLMZIP_HIZ_GENELLEME_OZET_2026-09-16.json,CLAIM,producer; gap to float remains (no sweep claim)
LME,470,float_raw64,fractional-Recall@100-percent,95.67730496453902,/mnt/c/Users/MDP/dev/llmzip-work/incoming_20260916/files/LLMZIP_HIZ_GENELLEME_OZET_2026-09-16.json,CLAIM,producer; gap to float remains (no sweep claim)
LME,470,asym_raw,fractional-Recall@100-percent,93.47517730496455,/mnt/c/Users/MDP/dev/llmzip-work/incoming_20260916/files/LLMZIP_HIZ_GENELLEME_OZET_2026-09-16.json,CLAIM,producer; gap to float remains (no sweep claim)
PerLTQA,8265,hamming,Hit@10-percent,75.76122962874324,/mnt/c/Users/MDP/dev/llmzip-work/incoming_20260916/files/LLMZIP_HIZ_GENELLEME_OZET_2026-09-16.json,CLAIM,producer cached replay + LoCoMo transfer; LoCoMo NOT blind/hidden per file
PerLTQA,8265,weighted,Hit@10-percent,80.0,/mnt/c/Users/MDP/dev/llmzip-work/incoming_20260916/files/LLMZIP_HIZ_GENELLEME_OZET_2026-09-16.json,CLAIM,producer cached replay + LoCoMo transfer; LoCoMo NOT blind/hidden per file
PerLTQA,8265,float32,Hit@10-percent,83.95644283121597,/mnt/c/Users/MDP/dev/llmzip-work/incoming_20260916/files/LLMZIP_HIZ_GENELLEME_OZET_2026-09-16.json,CLAIM,producer cached replay + LoCoMo transfer; LoCoMo NOT blind/hidden per file
PerLTQA,8265,float_std64,Hit@10-percent,83.95644283121597,/mnt/c/Users/MDP/dev/llmzip-work/incoming_20260916/files/LLMZIP_HIZ_GENELLEME_OZET_2026-09-16.json,CLAIM,producer cached replay + LoCoMo transfer; LoCoMo NOT blind/hidden per file
PerLTQA,8265,float_raw64,Hit@10-percent,80.81064730792498,/mnt/c/Users/MDP/dev/llmzip-work/incoming_20260916/files/LLMZIP_HIZ_GENELLEME_OZET_2026-09-16.json,CLAIM,producer cached replay + LoCoMo transfer; LoCoMo NOT blind/hidden per file
PerLTQA,8265,asym_raw,Hit@10-percent,80.1935874168179,/mnt/c/Users/MDP/dev/llmzip-work/incoming_20260916/files/LLMZIP_HIZ_GENELLEME_OZET_2026-09-16.json,CLAIM,producer cached replay + LoCoMo transfer; LoCoMo NOT blind/hidden per file
PerLTQA,8265,hamming,fractional-Recall@100-percent,80.50638002492543,/mnt/c/Users/MDP/dev/llmzip-work/incoming_20260916/files/LLMZIP_HIZ_GENELLEME_OZET_2026-09-16.json,CLAIM,producer; gap to float remains (no sweep claim)
PerLTQA,8265,weighted,fractional-Recall@100-percent,82.38743353836936,/mnt/c/Users/MDP/dev/llmzip-work/incoming_20260916/files/LLMZIP_HIZ_GENELLEME_OZET_2026-09-16.json,CLAIM,producer; gap to float remains (no sweep claim)
PerLTQA,8265,float32,fractional-Recall@100-percent,85.37442424829275,/mnt/c/Users/MDP/dev/llmzip-work/incoming_20260916/files/LLMZIP_HIZ_GENELLEME_OZET_2026-09-16.json,CLAIM,producer; gap to float remains (no sweep claim)
PerLTQA,8265,float_std64,fractional-Recall@100-percent,85.37442424829275,/mnt/c/Users/MDP/dev/llmzip-work/incoming_20260916/files/LLMZIP_HIZ_GENELLEME_OZET_2026-09-16.json,CLAIM,producer; gap to float remains (no sweep claim)
PerLTQA,8265,float_raw64,fractional-Recall@100-percent,91.94125749274423,/mnt/c/Users/MDP/dev/llmzip-work/incoming_20260916/files/LLMZIP_HIZ_GENELLEME_OZET_2026-09-16.json,CLAIM,producer; gap to float remains (no sweep claim)
PerLTQA,8265,asym_raw,fractional-Recall@100-percent,86.41630751503317,/mnt/c/Users/MDP/dev/llmzip-work/incoming_20260916/files/LLMZIP_HIZ_GENELLEME_OZET_2026-09-16.json,CLAIM,producer; gap to float remains (no sweep claim)
RealTalk,705,hamming,Hit@10-percent,46.68085106382979,/mnt/c/Users/MDP/dev/llmzip-work/incoming_20260916/files/LLMZIP_HIZ_GENELLEME_OZET_2026-09-16.json,CLAIM,producer cached replay + LoCoMo transfer; LoCoMo NOT blind/hidden per file
RealTalk,705,weighted,Hit@10-percent,49.645390070921984,/mnt/c/Users/MDP/dev/llmzip-work/incoming_20260916/files/LLMZIP_HIZ_GENELLEME_OZET_2026-09-16.json,CLAIM,producer cached replay + LoCoMo transfer; LoCoMo NOT blind/hidden per file
RealTalk,705,float32,Hit@10-percent,48.51063829787234,/mnt/c/Users/MDP/dev/llmzip-work/incoming_20260916/files/LLMZIP_HIZ_GENELLEME_OZET_2026-09-16.json,CLAIM,producer cached replay + LoCoMo transfer; LoCoMo NOT blind/hidden per file
RealTalk,705,float_std64,Hit@10-percent,48.51063829787234,/mnt/c/Users/MDP/dev/llmzip-work/incoming_20260916/files/LLMZIP_HIZ_GENELLEME_OZET_2026-09-16.json,CLAIM,producer cached replay + LoCoMo transfer; LoCoMo NOT blind/hidden per file
RealTalk,705,float_raw64,Hit@10-percent,36.59574468085106,/mnt/c/Users/MDP/dev/llmzip-work/incoming_20260916/files/LLMZIP_HIZ_GENELLEME_OZET_2026-09-16.json,CLAIM,producer cached replay + LoCoMo transfer; LoCoMo NOT blind/hidden per file
RealTalk,705,asym_raw,Hit@10-percent,43.54609929078014,/mnt/c/Users/MDP/dev/llmzip-work/incoming_20260916/files/LLMZIP_HIZ_GENELLEME_OZET_2026-09-16.json,CLAIM,producer cached replay + LoCoMo transfer; LoCoMo NOT blind/hidden per file
RealTalk,705,hamming,fractional-Recall@100-percent,57.89095859380189,/mnt/c/Users/MDP/dev/llmzip-work/incoming_20260916/files/LLMZIP_HIZ_GENELLEME_OZET_2026-09-16.json,CLAIM,producer; gap to float remains (no sweep claim)
RealTalk,705,weighted,fractional-Recall@100-percent,62.373828672260935,/mnt/c/Users/MDP/dev/llmzip-work/incoming_20260916/files/LLMZIP_HIZ_GENELLEME_OZET_2026-09-16.json,CLAIM,producer; gap to float remains (no sweep claim)
RealTalk,705,float32,fractional-Recall@100-percent,65.47141602124805,/mnt/c/Users/MDP/dev/llmzip-work/incoming_20260916/files/LLMZIP_HIZ_GENELLEME_OZET_2026-09-16.json,CLAIM,producer; gap to float remains (no sweep claim)
RealTalk,705,float_std64,fractional-Recall@100-percent,65.47141602124805,/mnt/c/Users/MDP/dev/llmzip-work/incoming_20260916/files/LLMZIP_HIZ_GENELLEME_OZET_2026-09-16.json,CLAIM,producer; gap to float remains (no sweep claim)
RealTalk,705,float_raw64,fractional-Recall@100-percent,57.132763721163705,/mnt/c/Users/MDP/dev/llmzip-work/incoming_20260916/files/LLMZIP_HIZ_GENELLEME_OZET_2026-09-16.json,CLAIM,producer; gap to float remains (no sweep claim)
RealTalk,705,asym_raw,fractional-Recall@100-percent,60.75620147953986,/mnt/c/Users/MDP/dev/llmzip-work/incoming_20260916/files/LLMZIP_HIZ_GENELLEME_OZET_2026-09-16.json,CLAIM,producer; gap to float remains (no sweep claim)
LoCoMo,1531,hamming,Hit@10-percent,52.63802059033934,/mnt/c/Users/MDP/dev/llmzip-work/incoming_20260916/files/LLMZIP_HIZ_GENELLEME_OZET_2026-09-16.json,CLAIM,producer cached replay + LoCoMo transfer; LoCoMo NOT blind/hidden per file
LoCoMo,1531,weighted,Hit@10-percent,57.21750489875899,/mnt/c/Users/MDP/dev/llmzip-work/incoming_20260916/files/LLMZIP_HIZ_GENELLEME_OZET_2026-09-16.json,CLAIM,producer cached replay + LoCoMo transfer; LoCoMo NOT blind/hidden per file
LoCoMo,1531,float32,Hit@10-percent,61.005878510777265,/mnt/c/Users/MDP/dev/llmzip-work/incoming_20260916/files/LLMZIP_HIZ_GENELLEME_OZET_2026-09-16.json,CLAIM,producer cached replay + LoCoMo transfer; LoCoMo NOT blind/hidden per file
LoCoMo,1531,float_std64,Hit@10-percent,61.005878510777265,/mnt/c/Users/MDP/dev/llmzip-work/incoming_20260916/files/LLMZIP_HIZ_GENELLEME_OZET_2026-09-16.json,CLAIM,producer cached replay + LoCoMo transfer; LoCoMo NOT blind/hidden per file
LoCoMo,1531,float_raw64,Hit@10-percent,57.21750489875899,/mnt/c/Users/MDP/dev/llmzip-work/incoming_20260916/files/LLMZIP_HIZ_GENELLEME_OZET_2026-09-16.json,CLAIM,producer cached replay + LoCoMo transfer; LoCoMo NOT blind/hidden per file
LoCoMo,1531,asym_raw,Hit@10-percent,56.825604180274325,/mnt/c/Users/MDP/dev/llmzip-work/incoming_20260916/files/LLMZIP_HIZ_GENELLEME_OZET_2026-09-16.json,CLAIM,producer cached replay + LoCoMo transfer; LoCoMo NOT blind/hidden per file
LoCoMo,1531,hamming,fractional-Recall@100-percent,75.80271526991828,/mnt/c/Users/MDP/dev/llmzip-work/incoming_20260916/files/LLMZIP_HIZ_GENELLEME_OZET_2026-09-16.json,CLAIM,producer; gap to float remains (no sweep claim)
LoCoMo,1531,weighted,fractional-Recall@100-percent,78.74911549181992,/mnt/c/Users/MDP/dev/llmzip-work/incoming_20260916/files/LLMZIP_HIZ_GENELLEME_OZET_2026-09-16.json,CLAIM,producer; gap to float remains (no sweep claim)
LoCoMo,1531,float32,fractional-Recall@100-percent,84.13643904689134,/mnt/c/Users/MDP/dev/llmzip-work/incoming_20260916/files/LLMZIP_HIZ_GENELLEME_OZET_2026-09-16.json,CLAIM,producer; gap to float remains (no sweep claim)
LoCoMo,1531,float_std64,fractional-Recall@100-percent,84.13643904689134,/mnt/c/Users/MDP/dev/llmzip-work/incoming_20260916/files/LLMZIP_HIZ_GENELLEME_OZET_2026-09-16.json,CLAIM,producer; gap to float remains (no sweep claim)
LoCoMo,1531,float_raw64,fractional-Recall@100-percent,86.49725208536604,/mnt/c/Users/MDP/dev/llmzip-work/incoming_20260916/files/LLMZIP_HIZ_GENELLEME_OZET_2026-09-16.json,CLAIM,producer; gap to float remains (no sweep claim)
LoCoMo,1531,asym_raw,fractional-Recall@100-percent,81.28005020748488,/mnt/c/Users/MDP/dev/llmzip-work/incoming_20260916/files/LLMZIP_HIZ_GENELLEME_OZET_2026-09-16.json,CLAIM,producer; gap to float remains (no sweep claim)
LME,470,hamming,latency_us_score_only,0.835,/mnt/c/Users/MDP/dev/llmzip-work/incoming_20260916/files/LLMZIP_HIZ_GENELLEME_OZET_2026-09-16.json,CLAIM,"producer micro-timing, not quality"
LME,470,hamming,latency_us_query_prepare_score,0.8939,/mnt/c/Users/MDP/dev/llmzip-work/incoming_20260916/files/LLMZIP_HIZ_GENELLEME_OZET_2026-09-16.json,CLAIM,"producer micro-timing, not quality"
LME,470,hamming,latency_us_query_prepare_top10,15.5565,/mnt/c/Users/MDP/dev/llmzip-work/incoming_20260916/files/LLMZIP_HIZ_GENELLEME_OZET_2026-09-16.json,CLAIM,"producer micro-timing, not quality"
LME,470,weighted,latency_us_score_only,3.4535,/mnt/c/Users/MDP/dev/llmzip-work/incoming_20260916/files/LLMZIP_HIZ_GENELLEME_OZET_2026-09-16.json,CLAIM,"producer micro-timing, not quality"
LME,470,weighted,latency_us_query_prepare_score,3.7476,/mnt/c/Users/MDP/dev/llmzip-work/incoming_20260916/files/LLMZIP_HIZ_GENELLEME_OZET_2026-09-16.json,CLAIM,"producer micro-timing, not quality"
LME,470,weighted,latency_us_query_prepare_top10,18.1442,/mnt/c/Users/MDP/dev/llmzip-work/incoming_20260916/files/LLMZIP_HIZ_GENELLEME_OZET_2026-09-16.json,CLAIM,"producer micro-timing, not quality"
LME,470,weighted_simd,latency_us_score_only,1.4718,/mnt/c/Users/MDP/dev/llmzip-work/incoming_20260916/files/LLMZIP_HIZ_GENELLEME_OZET_2026-09-16.json,CLAIM,"producer micro-timing, not quality"
LME,470,weighted_simd,latency_us_query_prepare_score,1.7601,/mnt/c/Users/MDP/dev/llmzip-work/incoming_20260916/files/LLMZIP_HIZ_GENELLEME_OZET_2026-09-16.json,CLAIM,"producer micro-timing, not quality"
LME,470,weighted_simd,latency_us_query_prepare_top10,16.1298,/mnt/c/Users/MDP/dev/llmzip-work/incoming_20260916/files/LLMZIP_HIZ_GENELLEME_OZET_2026-09-16.json,CLAIM,"producer micro-timing, not quality"
LME,470,float32,latency_us_score_only,3.5518,/mnt/c/Users/MDP/dev/llmzip-work/incoming_20260916/files/LLMZIP_HIZ_GENELLEME_OZET_2026-09-16.json,CLAIM,"producer micro-timing, not quality"
LME,470,float32,latency_us_query_prepare_score,3.2189,/mnt/c/Users/MDP/dev/llmzip-work/incoming_20260916/files/LLMZIP_HIZ_GENELLEME_OZET_2026-09-16.json,CLAIM,"producer micro-timing, not quality"
LME,470,float32,latency_us_query_prepare_top10,17.7466,/mnt/c/Users/MDP/dev/llmzip-work/incoming_20260916/files/LLMZIP_HIZ_GENELLEME_OZET_2026-09-16.json,CLAIM,"producer micro-timing, not quality"
PerLTQA,8265,hamming,latency_us_score_only,0.7505,/mnt/c/Users/MDP/dev/llmzip-work/incoming_20260916/files/LLMZIP_HIZ_GENELLEME_OZET_2026-09-16.json,CLAIM,"producer micro-timing, not quality"
PerLTQA,8265,hamming,latency_us_query_prepare_score,1.0076,/mnt/c/Users/MDP/dev/llmzip-work/incoming_20260916/files/LLMZIP_HIZ_GENELLEME_OZET_2026-09-16.json,CLAIM,"producer micro-timing, not quality"
PerLTQA,8265,hamming,latency_us_query_prepare_top10,15.1017,/mnt/c/Users/MDP/dev/llmzip-work/incoming_20260916/files/LLMZIP_HIZ_GENELLEME_OZET_2026-09-16.json,CLAIM,"producer micro-timing, not quality"
PerLTQA,8265,weighted,latency_us_score_only,3.0141,/mnt/c/Users/MDP/dev/llmzip-work/incoming_20260916/files/LLMZIP_HIZ_GENELLEME_OZET_2026-09-16.json,CLAIM,"producer micro-timing, not quality"
PerLTQA,8265,weighted,latency_us_query_prepare_score,3.2656,/mnt/c/Users/MDP/dev/llmzip-work/incoming_20260916/files/LLMZIP_HIZ_GENELLEME_OZET_2026-09-16.json,CLAIM,"producer micro-timing, not quality"
PerLTQA,8265,weighted,latency_us_query_prepare_top10,16.9339,/mnt/c/Users/MDP/dev/llmzip-work/incoming_20260916/files/LLMZIP_HIZ_GENELLEME_OZET_2026-09-16.json,CLAIM,"producer micro-timing, not quality"
PerLTQA,8265,weighted_simd,latency_us_score_only,1.3084,/mnt/c/Users/MDP/dev/llmzip-work/incoming_20260916/files/LLMZIP_HIZ_GENELLEME_OZET_2026-09-16.json,CLAIM,"producer micro-timing, not quality"
PerLTQA,8265,weighted_simd,latency_us_query_prepare_score,1.6105,/mnt/c/Users/MDP/dev/llmzip-work/incoming_20260916/files/LLMZIP_HIZ_GENELLEME_OZET_2026-09-16.json,CLAIM,"producer micro-timing, not quality"
PerLTQA,8265,weighted_simd,latency_us_query_prepare_top10,15.3769,/mnt/c/Users/MDP/dev/llmzip-work/incoming_20260916/files/LLMZIP_HIZ_GENELLEME_OZET_2026-09-16.json,CLAIM,"producer micro-timing, not quality"
PerLTQA,8265,float32,latency_us_score_only,3.0656,/mnt/c/Users/MDP/dev/llmzip-work/incoming_20260916/files/LLMZIP_HIZ_GENELLEME_OZET_2026-09-16.json,CLAIM,"producer micro-timing, not quality"
PerLTQA,8265,float32,latency_us_query_prepare_score,2.7547,/mnt/c/Users/MDP/dev/llmzip-work/incoming_20260916/files/LLMZIP_HIZ_GENELLEME_OZET_2026-09-16.json,CLAIM,"producer micro-timing, not quality"
PerLTQA,8265,float32,latency_us_query_prepare_top10,16.5093,/mnt/c/Users/MDP/dev/llmzip-work/incoming_20260916/files/LLMZIP_HIZ_GENELLEME_OZET_2026-09-16.json,CLAIM,"producer micro-timing, not quality"
RealTalk,705,hamming,latency_us_score_only,1.1337,/mnt/c/Users/MDP/dev/llmzip-work/incoming_20260916/files/LLMZIP_HIZ_GENELLEME_OZET_2026-09-16.json,CLAIM,"producer micro-timing, not quality"
RealTalk,705,hamming,latency_us_query_prepare_score,1.2687,/mnt/c/Users/MDP/dev/llmzip-work/incoming_20260916/files/LLMZIP_HIZ_GENELLEME_OZET_2026-09-16.json,CLAIM,"producer micro-timing, not quality"
RealTalk,705,hamming,latency_us_query_prepare_top10,20.4102,/mnt/c/Users/MDP/dev/llmzip-work/incoming_20260916/files/LLMZIP_HIZ_GENELLEME_OZET_2026-09-16.json,CLAIM,"producer micro-timing, not quality"
RealTalk,705,weighted,latency_us_score_only,5.8361,/mnt/c/Users/MDP/dev/llmzip-work/incoming_20260916/files/LLMZIP_HIZ_GENELLEME_OZET_2026-09-16.json,CLAIM,"producer micro-timing, not quality"
RealTalk,705,weighted,latency_us_query_prepare_score,6.1524,/mnt/c/Users/MDP/dev/llmzip-work/incoming_20260916/files/LLMZIP_HIZ_GENELLEME_OZET_2026-09-16.json,CLAIM,"producer micro-timing, not quality"
RealTalk,705,weighted,latency_us_query_prepare_top10,24.4062,/mnt/c/Users/MDP/dev/llmzip-work/incoming_20260916/files/LLMZIP_HIZ_GENELLEME_OZET_2026-09-16.json,CLAIM,"producer micro-timing, not quality"
RealTalk,705,weighted_simd,latency_us_score_only,2.2339,/mnt/c/Users/MDP/dev/llmzip-work/incoming_20260916/files/LLMZIP_HIZ_GENELLEME_OZET_2026-09-16.json,CLAIM,"producer micro-timing, not quality"
RealTalk,705,weighted_simd,latency_us_query_prepare_score,2.565,/mnt/c/Users/MDP/dev/llmzip-work/incoming_20260916/files/LLMZIP_HIZ_GENELLEME_OZET_2026-09-16.json,CLAIM,"producer micro-timing, not quality"
RealTalk,705,weighted_simd,latency_us_query_prepare_top10,20.3796,/mnt/c/Users/MDP/dev/llmzip-work/incoming_20260916/files/LLMZIP_HIZ_GENELLEME_OZET_2026-09-16.json,CLAIM,"producer micro-timing, not quality"
RealTalk,705,float32,latency_us_score_only,5.3767,/mnt/c/Users/MDP/dev/llmzip-work/incoming_20260916/files/LLMZIP_HIZ_GENELLEME_OZET_2026-09-16.json,CLAIM,"producer micro-timing, not quality"
RealTalk,705,float32,latency_us_query_prepare_score,4.7809,/mnt/c/Users/MDP/dev/llmzip-work/incoming_20260916/files/LLMZIP_HIZ_GENELLEME_OZET_2026-09-16.json,CLAIM,"producer micro-timing, not quality"
RealTalk,705,float32,latency_us_query_prepare_top10,23.5254,/mnt/c/Users/MDP/dev/llmzip-work/incoming_20260916/files/LLMZIP_HIZ_GENELLEME_OZET_2026-09-16.json,CLAIM,"producer micro-timing, not quality"
LoCoMo,1531,hamming,latency_us_score_only,0.9088,/mnt/c/Users/MDP/dev/llmzip-work/incoming_20260916/files/LLMZIP_HIZ_GENELLEME_OZET_2026-09-16.json,CLAIM,"producer micro-timing, not quality"
LoCoMo,1531,hamming,latency_us_query_prepare_score,1.0818,/mnt/c/Users/MDP/dev/llmzip-work/incoming_20260916/files/LLMZIP_HIZ_GENELLEME_OZET_2026-09-16.json,CLAIM,"producer micro-timing, not quality"
LoCoMo,1531,hamming,latency_us_query_prepare_top10,17.2839,/mnt/c/Users/MDP/dev/llmzip-work/incoming_20260916/files/LLMZIP_HIZ_GENELLEME_OZET_2026-09-16.json,CLAIM,"producer micro-timing, not quality"
LoCoMo,1531,weighted,latency_us_score_only,4.2115,/mnt/c/Users/MDP/dev/llmzip-work/incoming_20260916/files/LLMZIP_HIZ_GENELLEME_OZET_2026-09-16.json,CLAIM,"producer micro-timing, not quality"
LoCoMo,1531,weighted,latency_us_query_prepare_score,4.3766,/mnt/c/Users/MDP/dev/llmzip-work/incoming_20260916/files/LLMZIP_HIZ_GENELLEME_OZET_2026-09-16.json,CLAIM,"producer micro-timing, not quality"
LoCoMo,1531,weighted,latency_us_query_prepare_top10,20.4432,/mnt/c/Users/MDP/dev/llmzip-work/incoming_20260916/files/LLMZIP_HIZ_GENELLEME_OZET_2026-09-16.json,CLAIM,"producer micro-timing, not quality"
LoCoMo,1531,weighted_simd,latency_us_score_only,1.7274,/mnt/c/Users/MDP/dev/llmzip-work/incoming_20260916/files/LLMZIP_HIZ_GENELLEME_OZET_2026-09-16.json,CLAIM,"producer micro-timing, not quality"
LoCoMo,1531,weighted_simd,latency_us_query_prepare_score,1.9802,/mnt/c/Users/MDP/dev/llmzip-work/incoming_20260916/files/LLMZIP_HIZ_GENELLEME_OZET_2026-09-16.json,CLAIM,"producer micro-timing, not quality"
LoCoMo,1531,weighted_simd,latency_us_query_prepare_top10,17.7094,/mnt/c/Users/MDP/dev/llmzip-work/incoming_20260916/files/LLMZIP_HIZ_GENELLEME_OZET_2026-09-16.json,CLAIM,"producer micro-timing, not quality"
LoCoMo,1531,float32,latency_us_score_only,3.9506,/mnt/c/Users/MDP/dev/llmzip-work/incoming_20260916/files/LLMZIP_HIZ_GENELLEME_OZET_2026-09-16.json,CLAIM,"producer micro-timing, not quality"
LoCoMo,1531,float32,latency_us_query_prepare_score,3.5661,/mnt/c/Users/MDP/dev/llmzip-work/incoming_20260916/files/LLMZIP_HIZ_GENELLEME_OZET_2026-09-16.json,CLAIM,"producer micro-timing, not quality"
LoCoMo,1531,float32,latency_us_query_prepare_top10,19.4251,/mnt/c/Users/MDP/dev/llmzip-work/incoming_20260916/files/LLMZIP_HIZ_GENELLEME_OZET_2026-09-16.json,CLAIM,"producer micro-timing, not quality"
LoCoMo,1531,hamming -> weighted,delta-Hit@10-pp,4.5795,/mnt/c/Users/MDP/dev/llmzip-work/incoming_20260916/files/LLMZIP_HIZ_GENELLEME_OZET_2026-09-16.json,CLAIM,"exploratory paired archive bootstrap 95CI [3.004443369943782, 6.373749586640211]; 10 clusters, not confirmatory"
LoCoMo,1531,asym_raw -> weighted,delta-Hit@10-pp,0.3919,/mnt/c/Users/MDP/dev/llmzip-work/incoming_20260916/files/LLMZIP_HIZ_GENELLEME_OZET_2026-09-16.json,CLAIM,"exploratory paired archive bootstrap 95CI [-1.655656568316371, 2.2508133829109576]; 10 clusters, not confirmatory"
LoCoMo,1531,float_std64 -> weighted,delta-Hit@10-pp,-3.7884,/mnt/c/Users/MDP/dev/llmzip-work/incoming_20260916/files/LLMZIP_HIZ_GENELLEME_OZET_2026-09-16.json,CLAIM,"exploratory paired archive bootstrap 95CI [-4.407718029578078, -3.129161118508655]; 10 clusters, not confirmatory"
PerLTQA,8265,base_sign,FR@3,0.488945,/mnt/c/Users/MDP/dev/llmzip-work/parallel_ideas_r1/asymmetric/REPORT.md,CLAIM,producer exact FR@3; gate PASS 1e-12 on all 3 benches
PerLTQA,8265,sign_only8,FR@3,0.493269,/mnt/c/Users/MDP/dev/llmzip-work/parallel_ideas_r1/asymmetric/REPORT.md,CLAIM,producer exact FR@3; gate PASS 1e-12 on all 3 benches
PerLTQA,8265,asym,FR@3,0.535251,/mnt/c/Users/MDP/dev/llmzip-work/parallel_ideas_r1/asymmetric/REPORT.md,CLAIM,producer exact FR@3; gate PASS 1e-12 on all 3 benches
PerLTQA,8265,float_raw,FR@3,0.551692,/mnt/c/Users/MDP/dev/llmzip-work/parallel_ideas_r1/asymmetric/REPORT.md,CLAIM,producer exact FR@3; gate PASS 1e-12 on all 3 benches
PerLTQA,8265,float_std,FR@3,0.565755,/mnt/c/Users/MDP/dev/llmzip-work/parallel_ideas_r1/asymmetric/REPORT.md,CLAIM,producer exact FR@3; gate PASS 1e-12 on all 3 benches
LME,470,base_sign,FR@3,0.542134,/mnt/c/Users/MDP/dev/llmzip-work/parallel_ideas_r1/asymmetric/REPORT.md,CLAIM,producer exact FR@3; gate PASS 1e-12 on all 3 benches
LME,470,sign_only8,FR@3,0.542447,/mnt/c/Users/MDP/dev/llmzip-work/parallel_ideas_r1/asymmetric/REPORT.md,CLAIM,producer exact FR@3; gate PASS 1e-12 on all 3 benches
LME,470,asym,FR@3,0.506489,/mnt/c/Users/MDP/dev/llmzip-work/parallel_ideas_r1/asymmetric/REPORT.md,CLAIM,producer exact FR@3; gate PASS 1e-12 on all 3 benches
LME,470,float_raw,FR@3,0.441596,/mnt/c/Users/MDP/dev/llmzip-work/parallel_ideas_r1/asymmetric/REPORT.md,CLAIM,producer exact FR@3; gate PASS 1e-12 on all 3 benches
LME,470,float_std,FR@3,0.557447,/mnt/c/Users/MDP/dev/llmzip-work/parallel_ideas_r1/asymmetric/REPORT.md,CLAIM,producer exact FR@3; gate PASS 1e-12 on all 3 benches
REALTALK,705,base_sign,FR@3,0.225535,/mnt/c/Users/MDP/dev/llmzip-work/parallel_ideas_r1/asymmetric/REPORT.md,CLAIM,producer exact FR@3; gate PASS 1e-12 on all 3 benches
REALTALK,705,sign_only8,FR@3,0.224481,/mnt/c/Users/MDP/dev/llmzip-work/parallel_ideas_r1/asymmetric/REPORT.md,CLAIM,producer exact FR@3; gate PASS 1e-12 on all 3 benches
REALTALK,705,asym,FR@3,0.200596,/mnt/c/Users/MDP/dev/llmzip-work/parallel_ideas_r1/asymmetric/REPORT.md,CLAIM,producer exact FR@3; gate PASS 1e-12 on all 3 benches
REALTALK,705,float_raw,FR@3,0.172534,/mnt/c/Users/MDP/dev/llmzip-work/parallel_ideas_r1/asymmetric/REPORT.md,CLAIM,producer exact FR@3; gate PASS 1e-12 on all 3 benches
REALTALK,705,float_std,FR@3,0.2291,/mnt/c/Users/MDP/dev/llmzip-work/parallel_ideas_r1/asymmetric/REPORT.md,CLAIM,producer exact FR@3; gate PASS 1e-12 on all 3 benches
PerLTQA,8265,base_sign,nDCG@3,0.456582,/mnt/c/Users/MDP/dev/llmzip-work/parallel_ideas_r1/asymmetric/REPORT.md,CLAIM,producer binary unique-gold nDCG@3
PerLTQA,8265,sign_only8,nDCG@3,0.460308,/mnt/c/Users/MDP/dev/llmzip-work/parallel_ideas_r1/asymmetric/REPORT.md,CLAIM,producer binary unique-gold nDCG@3
PerLTQA,8265,asym,nDCG@3,0.500376,/mnt/c/Users/MDP/dev/llmzip-work/parallel_ideas_r1/asymmetric/REPORT.md,CLAIM,producer binary unique-gold nDCG@3
PerLTQA,8265,float_raw,nDCG@3,0.522413,/mnt/c/Users/MDP/dev/llmzip-work/parallel_ideas_r1/asymmetric/REPORT.md,CLAIM,producer binary unique-gold nDCG@3
PerLTQA,8265,float_std,nDCG@3,0.535975,/mnt/c/Users/MDP/dev/llmzip-work/parallel_ideas_r1/asymmetric/REPORT.md,CLAIM,producer binary unique-gold nDCG@3
LME,470,base_sign,nDCG@3,0.496111,/mnt/c/Users/MDP/dev/llmzip-work/parallel_ideas_r1/asymmetric/REPORT.md,CLAIM,producer binary unique-gold nDCG@3
LME,470,asym,nDCG@3,0.459154,/mnt/c/Users/MDP/dev/llmzip-work/parallel_ideas_r1/asymmetric/REPORT.md,CLAIM,producer binary unique-gold nDCG@3
LME,470,float_raw,nDCG@3,0.404332,/mnt/c/Users/MDP/dev/llmzip-work/parallel_ideas_r1/asymmetric/REPORT.md,CLAIM,producer binary unique-gold nDCG@3
LME,470,float_std,nDCG@3,0.521686,/mnt/c/Users/MDP/dev/llmzip-work/parallel_ideas_r1/asymmetric/REPORT.md,CLAIM,producer binary unique-gold nDCG@3
REALTALK,705,base_sign,nDCG@3,0.199889,/mnt/c/Users/MDP/dev/llmzip-work/parallel_ideas_r1/asymmetric/REPORT.md,CLAIM,producer binary unique-gold nDCG@3
REALTALK,705,asym,nDCG@3,0.176364,/mnt/c/Users/MDP/dev/llmzip-work/parallel_ideas_r1/asymmetric/REPORT.md,CLAIM,producer binary unique-gold nDCG@3
REALTALK,705,float_raw,nDCG@3,0.161409,/mnt/c/Users/MDP/dev/llmzip-work/parallel_ideas_r1/asymmetric/REPORT.md,CLAIM,producer binary unique-gold nDCG@3
REALTALK,705,float_std,nDCG@3,0.20546,/mnt/c/Users/MDP/dev/llmzip-work/parallel_ideas_r1/asymmetric/REPORT.md,CLAIM,producer binary unique-gold nDCG@3
PerLTQA-events,4346,asym-vs-base,FR@3-contrast-pp,4.6306,/mnt/c/Users/MDP/dev/llmzip-work/parallel_ideas_r1/asymmetric/REPORT.md,CLAIM,"descriptive cluster-bootstrap CI [3.73,5.63]; asym loses on profile slice (n=333)"
PerLTQA,8265,sym,FR@3,0.4889,/mnt/c/Users/MDP/dev/llmzip-work/parallel_ideas_r1/b8/REPORT.md,CLAIM,producer exact FR@3; gate PASS
PerLTQA,8265,asym,FR@3,0.5353,/mnt/c/Users/MDP/dev/llmzip-work/parallel_ideas_r1/b8/REPORT.md,CLAIM,producer exact FR@3; gate PASS
PerLTQA,8265,b8,FR@3,0.5358,/mnt/c/Users/MDP/dev/llmzip-work/parallel_ideas_r1/b8/REPORT.md,CLAIM,producer exact FR@3; gate PASS
PerLTQA,8265,sign88,FR@3,0.5269,/mnt/c/Users/MDP/dev/llmzip-work/parallel_ideas_r1/b8/REPORT.md,CLAIM,producer exact FR@3; gate PASS
PerLTQA,8265,float,FR@3,0.5517,/mnt/c/Users/MDP/dev/llmzip-work/parallel_ideas_r1/b8/REPORT.md,CLAIM,producer exact FR@3; gate PASS
PerLTQA,8265,float_std,FR@3,0.5658,/mnt/c/Users/MDP/dev/llmzip-work/parallel_ideas_r1/b8/REPORT.md,CLAIM,producer exact FR@3; gate PASS
LME,470,sym,FR@3,0.5421,/mnt/c/Users/MDP/dev/llmzip-work/parallel_ideas_r1/b8/REPORT.md,CLAIM,producer exact FR@3; gate PASS
LME,470,asym,FR@3,0.5065,/mnt/c/Users/MDP/dev/llmzip-work/parallel_ideas_r1/b8/REPORT.md,CLAIM,producer exact FR@3; gate PASS
LME,470,b8,FR@3,0.4821,/mnt/c/Users/MDP/dev/llmzip-work/parallel_ideas_r1/b8/REPORT.md,CLAIM,producer exact FR@3; gate PASS
LME,470,sign88,FR@3,0.4902,/mnt/c/Users/MDP/dev/llmzip-work/parallel_ideas_r1/b8/REPORT.md,CLAIM,producer exact FR@3; gate PASS
LME,470,float,FR@3,0.4416,/mnt/c/Users/MDP/dev/llmzip-work/parallel_ideas_r1/b8/REPORT.md,CLAIM,producer exact FR@3; gate PASS
LME,470,float_std,FR@3,0.5574,/mnt/c/Users/MDP/dev/llmzip-work/parallel_ideas_r1/b8/REPORT.md,CLAIM,producer exact FR@3; gate PASS
REALTALK,705,sym,FR@3,0.2255,/mnt/c/Users/MDP/dev/llmzip-work/parallel_ideas_r1/b8/REPORT.md,CLAIM,producer exact FR@3; gate PASS
REALTALK,705,asym,FR@3,0.2006,/mnt/c/Users/MDP/dev/llmzip-work/parallel_ideas_r1/b8/REPORT.md,CLAIM,producer exact FR@3; gate PASS
REALTALK,705,b8,FR@3,0.1785,/mnt/c/Users/MDP/dev/llmzip-work/parallel_ideas_r1/b8/REPORT.md,CLAIM,producer exact FR@3; gate PASS
REALTALK,705,sign88,FR@3,0.1861,/mnt/c/Users/MDP/dev/llmzip-work/parallel_ideas_r1/b8/REPORT.md,CLAIM,producer exact FR@3; gate PASS
REALTALK,705,float,FR@3,0.1725,/mnt/c/Users/MDP/dev/llmzip-work/parallel_ideas_r1/b8/REPORT.md,CLAIM,producer exact FR@3; gate PASS
REALTALK,705,float_std,FR@3,0.2291,/mnt/c/Users/MDP/dev/llmzip-work/parallel_ideas_r1/b8/REPORT.md,CLAIM,producer exact FR@3; gate PASS
PerLTQA,8265,b8-asym,FR@3-contrast-pp,0.058,/mnt/c/Users/MDP/dev/llmzip-work/parallel_ideas_r1/b8/REPORT.md,CLAIM,"primary d=+0.00058 CI[-0.00493,+0.00581] spans zero: NOT equivalence"
LME,470,b8-asym,FR@3-contrast-pp,-2.436,/mnt/c/Users/MDP/dev/llmzip-work/parallel_ideas_r1/b8/REPORT.md,CLAIM,"d=-0.02436 CI[-0.04273,-0.00727]"
REALTALK,705,b8-asym,FR@3-contrast-pp,-2.214,/mnt/c/Users/MDP/dev/llmzip-work/parallel_ideas_r1/b8/REPORT.md,CLAIM,"d=-0.02214 CI[-0.03158,-0.01314]"
PerLTQA,8265,sym,nDCG@3-corrected,0.4566,/mnt/c/Users/MDP/dev/llmzip-work/parallel_ideas_r1/retrieval_review/REPORT.md,CLAIM,"B8 original sym nDCG had S1 metric bug (overcount B/take); corrected by independent replay, FR unchanged maxerr 0.0"
LME,470,sym,nDCG@3-corrected,0.4961,/mnt/c/Users/MDP/dev/llmzip-work/parallel_ideas_r1/retrieval_review/REPORT.md,CLAIM,corrected; only sym column changed (35 LME rows)
REALTALK,705,sym,nDCG@3-corrected,0.1999,/mnt/c/Users/MDP/dev/llmzip-work/parallel_ideas_r1/retrieval_review/REPORT.md,CLAIM,corrected; only sym column changed (31 RT rows)
PerLTQA,8265,sym,means_percent(FR@3x100),48.8945,/mnt/c/Users/MDP/dev/llmzip-work/parallel_ideas_r1/coordinator_retrieval/VERIFIED.json,CLAIM,coordinator independent packed-score replay; FR maxerr 0.0 all arms
PerLTQA,8265,asym,means_percent(FR@3x100),53.5251,/mnt/c/Users/MDP/dev/llmzip-work/parallel_ideas_r1/coordinator_retrieval/VERIFIED.json,CLAIM,coordinator independent packed-score replay; FR maxerr 0.0 all arms
PerLTQA,8265,b8,means_percent(FR@3x100),53.5834,/mnt/c/Users/MDP/dev/llmzip-work/parallel_ideas_r1/coordinator_retrieval/VERIFIED.json,CLAIM,coordinator independent packed-score replay; FR maxerr 0.0 all arms
PerLTQA,8265,sign88,means_percent(FR@3x100),52.688,/mnt/c/Users/MDP/dev/llmzip-work/parallel_ideas_r1/coordinator_retrieval/VERIFIED.json,CLAIM,coordinator independent packed-score replay; FR maxerr 0.0 all arms
PerLTQA,8265,float,means_percent(FR@3x100),55.1692,/mnt/c/Users/MDP/dev/llmzip-work/parallel_ideas_r1/coordinator_retrieval/VERIFIED.json,CLAIM,coordinator independent packed-score replay; FR maxerr 0.0 all arms
PerLTQA,8265,float_std,means_percent(FR@3x100),56.5755,/mnt/c/Users/MDP/dev/llmzip-work/parallel_ideas_r1/coordinator_retrieval/VERIFIED.json,CLAIM,coordinator independent packed-score replay; FR maxerr 0.0 all arms
PerLTQA,8265,sym,nDCG-corrected,0.4566,/mnt/c/Users/MDP/dev/llmzip-work/parallel_ideas_r1/coordinator_retrieval/VERIFIED.json,CLAIM,post-S1-fix nDCG
PerLTQA,8265,asym,nDCG-corrected,0.5004,/mnt/c/Users/MDP/dev/llmzip-work/parallel_ideas_r1/coordinator_retrieval/VERIFIED.json,CLAIM,post-S1-fix nDCG
PerLTQA,8265,b8,nDCG-corrected,0.4983,/mnt/c/Users/MDP/dev/llmzip-work/parallel_ideas_r1/coordinator_retrieval/VERIFIED.json,CLAIM,post-S1-fix nDCG
PerLTQA,8265,sign88,nDCG-corrected,0.492,/mnt/c/Users/MDP/dev/llmzip-work/parallel_ideas_r1/coordinator_retrieval/VERIFIED.json,CLAIM,post-S1-fix nDCG
PerLTQA,8265,asym-sym,contrast-pp,4.6306,/mnt/c/Users/MDP/dev/llmzip-work/parallel_ideas_r1/coordinator_retrieval/VERIFIED.json,CLAIM,"descriptive 95CI [3.7291029988877513, 5.629337583564781]"
PerLTQA,8265,b8-asym,contrast-pp,0.0583,/mnt/c/Users/MDP/dev/llmzip-work/parallel_ideas_r1/coordinator_retrieval/VERIFIED.json,CLAIM,"descriptive 95CI [-0.4933819380571298, 0.5814071335896139]"
PerLTQA,8265,b8-sign88,contrast-pp,0.8954,/mnt/c/Users/MDP/dev/llmzip-work/parallel_ideas_r1/coordinator_retrieval/VERIFIED.json,CLAIM,"descriptive 95CI [0.39957321429046794, 1.3959959744201953]"
LME,470,sym,means_percent(FR@3x100),54.2134,/mnt/c/Users/MDP/dev/llmzip-work/parallel_ideas_r1/coordinator_retrieval/VERIFIED.json,CLAIM,coordinator independent packed-score replay; FR maxerr 0.0 all arms
LME,470,asym,means_percent(FR@3x100),50.6489,/mnt/c/Users/MDP/dev/llmzip-work/parallel_ideas_r1/coordinator_retrieval/VERIFIED.json,CLAIM,coordinator independent packed-score replay; FR maxerr 0.0 all arms
LME,470,b8,means_percent(FR@3x100),48.2128,/mnt/c/Users/MDP/dev/llmzip-work/parallel_ideas_r1/coordinator_retrieval/VERIFIED.json,CLAIM,coordinator independent packed-score replay; FR maxerr 0.0 all arms
LME,470,sign88,means_percent(FR@3x100),49.0177,/mnt/c/Users/MDP/dev/llmzip-work/parallel_ideas_r1/coordinator_retrieval/VERIFIED.json,CLAIM,coordinator independent packed-score replay; FR maxerr 0.0 all arms
LME,470,float,means_percent(FR@3x100),44.1596,/mnt/c/Users/MDP/dev/llmzip-work/parallel_ideas_r1/coordinator_retrieval/VERIFIED.json,CLAIM,coordinator independent packed-score replay; FR maxerr 0.0 all arms
LME,470,float_std,means_percent(FR@3x100),55.7447,/mnt/c/Users/MDP/dev/llmzip-work/parallel_ideas_r1/coordinator_retrieval/VERIFIED.json,CLAIM,coordinator independent packed-score replay; FR maxerr 0.0 all arms
LME,470,sym,nDCG-corrected,0.4961,/mnt/c/Users/MDP/dev/llmzip-work/parallel_ideas_r1/coordinator_retrieval/VERIFIED.json,CLAIM,post-S1-fix nDCG
LME,470,asym,nDCG-corrected,0.4592,/mnt/c/Users/MDP/dev/llmzip-work/parallel_ideas_r1/coordinator_retrieval/VERIFIED.json,CLAIM,post-S1-fix nDCG
LME,470,b8,nDCG-corrected,0.432,/mnt/c/Users/MDP/dev/llmzip-work/parallel_ideas_r1/coordinator_retrieval/VERIFIED.json,CLAIM,post-S1-fix nDCG
LME,470,sign88,nDCG-corrected,0.4426,/mnt/c/Users/MDP/dev/llmzip-work/parallel_ideas_r1/coordinator_retrieval/VERIFIED.json,CLAIM,post-S1-fix nDCG
LME,470,asym-sym,contrast-pp,-3.5644,/mnt/c/Users/MDP/dev/llmzip-work/parallel_ideas_r1/coordinator_retrieval/VERIFIED.json,CLAIM,"descriptive 95CI [-6.0610963356974, -1.1377807328605227]"
LME,470,b8-asym,contrast-pp,-2.4362,/mnt/c/Users/MDP/dev/llmzip-work/parallel_ideas_r1/coordinator_retrieval/VERIFIED.json,CLAIM,"descriptive 95CI [-4.27322695035461, -0.7269503546099292]"
LME,470,b8-sign88,contrast-pp,-0.805,/mnt/c/Users/MDP/dev/llmzip-work/parallel_ideas_r1/coordinator_retrieval/VERIFIED.json,CLAIM,"descriptive 95CI [-2.4291666666666667, 0.8441489361702118]"
REALTALK,705,sym,means_percent(FR@3x100),22.5535,/mnt/c/Users/MDP/dev/llmzip-work/parallel_ideas_r1/coordinator_retrieval/VERIFIED.json,CLAIM,coordinator independent packed-score replay; FR maxerr 0.0 all arms
REALTALK,705,asym,means_percent(FR@3x100),20.0596,/mnt/c/Users/MDP/dev/llmzip-work/parallel_ideas_r1/coordinator_retrieval/VERIFIED.json,CLAIM,coordinator independent packed-score replay; FR maxerr 0.0 all arms
REALTALK,705,b8,means_percent(FR@3x100),17.8456,/mnt/c/Users/MDP/dev/llmzip-work/parallel_ideas_r1/coordinator_retrieval/VERIFIED.json,CLAIM,coordinator independent packed-score replay; FR maxerr 0.0 all arms
REALTALK,705,sign88,means_percent(FR@3x100),18.6142,/mnt/c/Users/MDP/dev/llmzip-work/parallel_ideas_r1/coordinator_retrieval/VERIFIED.json,CLAIM,coordinator independent packed-score replay; FR maxerr 0.0 all arms
REALTALK,705,float,means_percent(FR@3x100),17.2534,/mnt/c/Users/MDP/dev/llmzip-work/parallel_ideas_r1/coordinator_retrieval/VERIFIED.json,CLAIM,coordinator independent packed-score replay; FR maxerr 0.0 all arms
REALTALK,705,float_std,means_percent(FR@3x100),22.91,/mnt/c/Users/MDP/dev/llmzip-work/parallel_ideas_r1/coordinator_retrieval/VERIFIED.json,CLAIM,coordinator independent packed-score replay; FR maxerr 0.0 all arms
REALTALK,705,sym,nDCG-corrected,0.1999,/mnt/c/Users/MDP/dev/llmzip-work/parallel_ideas_r1/coordinator_retrieval/VERIFIED.json,CLAIM,post-S1-fix nDCG
REALTALK,705,asym,nDCG-corrected,0.1764,/mnt/c/Users/MDP/dev/llmzip-work/parallel_ideas_r1/coordinator_retrieval/VERIFIED.json,CLAIM,post-S1-fix nDCG
REALTALK,705,b8,nDCG-corrected,0.1611,/mnt/c/Users/MDP/dev/llmzip-work/parallel_ideas_r1/coordinator_retrieval/VERIFIED.json,CLAIM,post-S1-fix nDCG
REALTALK,705,sign88,nDCG-corrected,0.1675,/mnt/c/Users/MDP/dev/llmzip-work/parallel_ideas_r1/coordinator_retrieval/VERIFIED.json,CLAIM,post-S1-fix nDCG
REALTALK,705,asym-sym,contrast-pp,-2.4939,/mnt/c/Users/MDP/dev/llmzip-work/parallel_ideas_r1/coordinator_retrieval/VERIFIED.json,CLAIM,"descriptive 95CI [-4.146675657448284, -0.9322399588286441]"
REALTALK,705,b8-asym,contrast-pp,-2.214,/mnt/c/Users/MDP/dev/llmzip-work/parallel_ideas_r1/coordinator_retrieval/VERIFIED.json,CLAIM,"descriptive 95CI [-3.1584373943871613, -1.314404779783632]"
REALTALK,705,b8-sign88,contrast-pp,-0.7685,/mnt/c/Users/MDP/dev/llmzip-work/parallel_ideas_r1/coordinator_retrieval/VERIFIED.json,CLAIM,"descriptive 95CI [-1.8896209420358978, 0.333080323852135]"
PerLTQA,8265,base,FR@3,0.488945,/mnt/c/Users/MDP/dev/llmzip-work/residual8_pilot_r1/coordinator/VERIFIED_RESULTS.json,CLAIM,coordinator reaggregation; historical gate maxdiff 0.0
PerLTQA,8265,sign_only8,FR@3,0.493269,/mnt/c/Users/MDP/dev/llmzip-work/residual8_pilot_r1/coordinator/VERIFIED_RESULTS.json,CLAIM,coordinator reaggregation; historical gate maxdiff 0.0
PerLTQA,8265,mag8,FR@3,0.493758,/mnt/c/Users/MDP/dev/llmzip-work/residual8_pilot_r1/coordinator/VERIFIED_RESULTS.json,CLAIM,coordinator reaggregation; historical gate maxdiff 0.0
PerLTQA,8265,float,FR@3,0.551692,/mnt/c/Users/MDP/dev/llmzip-work/residual8_pilot_r1/coordinator/VERIFIED_RESULTS.json,CLAIM,coordinator reaggregation; historical gate maxdiff 0.0
PerLTQA,8265,tie_oracle_best,FR@3,0.505781,/mnt/c/Users/MDP/dev/llmzip-work/residual8_pilot_r1/coordinator/VERIFIED_RESULTS.json,CLAIM,coordinator reaggregation; historical gate maxdiff 0.0
PerLTQA,8265,mag8-base,FR@3-contrast-pp,0.4813,/mnt/c/Users/MDP/dev/llmzip-work/residual8_pilot_r1/coordinator/VERIFIED_RESULTS.json,CLAIM,"95CI [0.2889338884214432, 0.6695349241267907]"
PerLTQA,8265,mag8-sign_only8,FR@3-contrast-pp,0.0489,/mnt/c/Users/MDP/dev/llmzip-work/residual8_pilot_r1/coordinator/VERIFIED_RESULTS.json,CLAIM,"95CI [-0.10016810943897991, 0.209117251271587]; PerLTQA increment inconclusive"
LME,470,base,FR@3,0.542134,/mnt/c/Users/MDP/dev/llmzip-work/residual8_pilot_r1/coordinator/VERIFIED_RESULTS.json,CLAIM,coordinator reaggregation; historical gate maxdiff 0.0
LME,470,sign_only8,FR@3,0.542447,/mnt/c/Users/MDP/dev/llmzip-work/residual8_pilot_r1/coordinator/VERIFIED_RESULTS.json,CLAIM,coordinator reaggregation; historical gate maxdiff 0.0
LME,470,mag8,FR@3,0.54156,/mnt/c/Users/MDP/dev/llmzip-work/residual8_pilot_r1/coordinator/VERIFIED_RESULTS.json,CLAIM,coordinator reaggregation; historical gate maxdiff 0.0
LME,470,float,FR@3,0.441596,/mnt/c/Users/MDP/dev/llmzip-work/residual8_pilot_r1/coordinator/VERIFIED_RESULTS.json,CLAIM,coordinator reaggregation; historical gate maxdiff 0.0
LME,470,tie_oracle_best,FR@3,0.565532,/mnt/c/Users/MDP/dev/llmzip-work/residual8_pilot_r1/coordinator/VERIFIED_RESULTS.json,CLAIM,coordinator reaggregation; historical gate maxdiff 0.0
LME,470,mag8-base,FR@3-contrast-pp,-0.0573,/mnt/c/Users/MDP/dev/llmzip-work/residual8_pilot_r1/coordinator/VERIFIED_RESULTS.json,CLAIM,"95CI [-0.8388888888888888, 0.7585697399527174]"
LME,470,mag8-sign_only8,FR@3-contrast-pp,-0.0887,/mnt/c/Users/MDP/dev/llmzip-work/residual8_pilot_r1/coordinator/VERIFIED_RESULTS.json,CLAIM,"95CI [-0.6382978723404255, 0.4964539007092199]; PerLTQA increment inconclusive"
REALTALK,705,base,FR@3,0.225535,/mnt/c/Users/MDP/dev/llmzip-work/residual8_pilot_r1/coordinator/VERIFIED_RESULTS.json,CLAIM,coordinator reaggregation; historical gate maxdiff 0.0
REALTALK,705,sign_only8,FR@3,0.224481,/mnt/c/Users/MDP/dev/llmzip-work/residual8_pilot_r1/coordinator/VERIFIED_RESULTS.json,CLAIM,coordinator reaggregation; historical gate maxdiff 0.0
REALTALK,705,mag8,FR@3,0.226254,/mnt/c/Users/MDP/dev/llmzip-work/residual8_pilot_r1/coordinator/VERIFIED_RESULTS.json,CLAIM,coordinator reaggregation; historical gate maxdiff 0.0
REALTALK,705,float,FR@3,0.172534,/mnt/c/Users/MDP/dev/llmzip-work/residual8_pilot_r1/coordinator/VERIFIED_RESULTS.json,CLAIM,coordinator reaggregation; historical gate maxdiff 0.0
REALTALK,705,tie_oracle_best,FR@3,0.239044,/mnt/c/Users/MDP/dev/llmzip-work/residual8_pilot_r1/coordinator/VERIFIED_RESULTS.json,CLAIM,coordinator reaggregation; historical gate maxdiff 0.0
REALTALK,705,mag8-base,FR@3-contrast-pp,0.0719,/mnt/c/Users/MDP/dev/llmzip-work/residual8_pilot_r1/coordinator/VERIFIED_RESULTS.json,CLAIM,"95CI [-0.26462215772148967, 0.41455251610711896]"
REALTALK,705,mag8-sign_only8,FR@3-contrast-pp,0.1773,/mnt/c/Users/MDP/dev/llmzip-work/residual8_pilot_r1/coordinator/VERIFIED_RESULTS.json,CLAIM,"95CI [-0.25967894239848915, 0.6815113365271939]; PerLTQA increment inconclusive"
PerLTQA-dialogues,2742,mag8-base,FR@3-contrast-pp,0.1677,/mnt/c/Users/MDP/dev/llmzip-work/residual8_pilot_r1/coordinator/VERIFIED_RESULTS.json,CLAIM,descriptive section slice
PerLTQA-events,4346,mag8-base,FR@3-contrast-pp,0.6991,/mnt/c/Users/MDP/dev/llmzip-work/residual8_pilot_r1/coordinator/VERIFIED_RESULTS.json,CLAIM,descriptive section slice
PerLTQA-profile,333,mag8-base,FR@3-contrast-pp,0.3654,/mnt/c/Users/MDP/dev/llmzip-work/residual8_pilot_r1/coordinator/VERIFIED_RESULTS.json,CLAIM,descriptive section slice
PerLTQA-social_relationship,844,mag8-base,FR@3-contrast-pp,0.4246,/mnt/c/Users/MDP/dev/llmzip-work/residual8_pilot_r1/coordinator/VERIFIED_RESULTS.json,CLAIM,descriptive section slice
PerLTQA,8265,sym,Hit@1,35.3624,/mnt/c/Users/MDP/dev/llmzip-work/parallel_ideas_r1/hit10/HIT10.json,CLAIM,producer re-read of frozen arms at multiple k; FR@3==lib_b8.exact_frac self-check
PerLTQA,8265,asym,Hit@1,38.3545,/mnt/c/Users/MDP/dev/llmzip-work/parallel_ideas_r1/hit10/HIT10.json,CLAIM,producer re-read of frozen arms at multiple k; FR@3==lib_b8.exact_frac self-check
PerLTQA,8265,b8,Hit@1,37.8463,/mnt/c/Users/MDP/dev/llmzip-work/parallel_ideas_r1/hit10/HIT10.json,CLAIM,producer re-read of frozen arms at multiple k; FR@3==lib_b8.exact_frac self-check
PerLTQA,8265,sign88,Hit@1,37.5802,/mnt/c/Users/MDP/dev/llmzip-work/parallel_ideas_r1/hit10/HIT10.json,CLAIM,producer re-read of frozen arms at multiple k; FR@3==lib_b8.exact_frac self-check
PerLTQA,8265,float,Hit@1,40.3025,/mnt/c/Users/MDP/dev/llmzip-work/parallel_ideas_r1/hit10/HIT10.json,CLAIM,producer re-read of frozen arms at multiple k; FR@3==lib_b8.exact_frac self-check
PerLTQA,8265,float_std,Hit@1,41.7423,/mnt/c/Users/MDP/dev/llmzip-work/parallel_ideas_r1/hit10/HIT10.json,CLAIM,producer re-read of frozen arms at multiple k; FR@3==lib_b8.exact_frac self-check
PerLTQA,8265,sym,FR@1,30.4745,/mnt/c/Users/MDP/dev/llmzip-work/parallel_ideas_r1/hit10/HIT10.json,CLAIM,producer re-read of frozen arms at multiple k; FR@3==lib_b8.exact_frac self-check
PerLTQA,8265,asym,FR@1,33.8884,/mnt/c/Users/MDP/dev/llmzip-work/parallel_ideas_r1/hit10/HIT10.json,CLAIM,producer re-read of frozen arms at multiple k; FR@3==lib_b8.exact_frac self-check
PerLTQA,8265,b8,FR@1,33.5726,/mnt/c/Users/MDP/dev/llmzip-work/parallel_ideas_r1/hit10/HIT10.json,CLAIM,producer re-read of frozen arms at multiple k; FR@3==lib_b8.exact_frac self-check
PerLTQA,8265,sign88,FR@1,33.1408,/mnt/c/Users/MDP/dev/llmzip-work/parallel_ideas_r1/hit10/HIT10.json,CLAIM,producer re-read of frozen arms at multiple k; FR@3==lib_b8.exact_frac self-check
PerLTQA,8265,float,FR@1,36.5084,/mnt/c/Users/MDP/dev/llmzip-work/parallel_ideas_r1/hit10/HIT10.json,CLAIM,producer re-read of frozen arms at multiple k; FR@3==lib_b8.exact_frac self-check
PerLTQA,8265,float_std,FR@1,36.9896,/mnt/c/Users/MDP/dev/llmzip-work/parallel_ideas_r1/hit10/HIT10.json,CLAIM,producer re-read of frozen arms at multiple k; FR@3==lib_b8.exact_frac self-check
PerLTQA,8265,sym,Hit@3,59.0365,/mnt/c/Users/MDP/dev/llmzip-work/parallel_ideas_r1/hit10/HIT10.json,CLAIM,producer re-read of frozen arms at multiple k; FR@3==lib_b8.exact_frac self-check
PerLTQA,8265,asym,Hit@3,63.7266,/mnt/c/Users/MDP/dev/llmzip-work/parallel_ideas_r1/hit10/HIT10.json,CLAIM,producer re-read of frozen arms at multiple k; FR@3==lib_b8.exact_frac self-check
PerLTQA,8265,b8,Hit@3,63.4362,/mnt/c/Users/MDP/dev/llmzip-work/parallel_ideas_r1/hit10/HIT10.json,CLAIM,producer re-read of frozen arms at multiple k; FR@3==lib_b8.exact_frac self-check
PerLTQA,8265,sign88,Hit@3,62.7707,/mnt/c/Users/MDP/dev/llmzip-work/parallel_ideas_r1/hit10/HIT10.json,CLAIM,producer re-read of frozen arms at multiple k; FR@3==lib_b8.exact_frac self-check
PerLTQA,8265,float,Hit@3,64.6824,/mnt/c/Users/MDP/dev/llmzip-work/parallel_ideas_r1/hit10/HIT10.json,CLAIM,producer re-read of frozen arms at multiple k; FR@3==lib_b8.exact_frac self-check
PerLTQA,8265,float_std,Hit@3,67.8645,/mnt/c/Users/MDP/dev/llmzip-work/parallel_ideas_r1/hit10/HIT10.json,CLAIM,producer re-read of frozen arms at multiple k; FR@3==lib_b8.exact_frac self-check
PerLTQA,8265,sym,FR@3,48.8945,/mnt/c/Users/MDP/dev/llmzip-work/parallel_ideas_r1/hit10/HIT10.json,CLAIM,producer re-read of frozen arms at multiple k; FR@3==lib_b8.exact_frac self-check
PerLTQA,8265,asym,FR@3,53.5251,/mnt/c/Users/MDP/dev/llmzip-work/parallel_ideas_r1/hit10/HIT10.json,CLAIM,producer re-read of frozen arms at multiple k; FR@3==lib_b8.exact_frac self-check
PerLTQA,8265,b8,FR@3,53.5834,/mnt/c/Users/MDP/dev/llmzip-work/parallel_ideas_r1/hit10/HIT10.json,CLAIM,producer re-read of frozen arms at multiple k; FR@3==lib_b8.exact_frac self-check
PerLTQA,8265,sign88,FR@3,52.688,/mnt/c/Users/MDP/dev/llmzip-work/parallel_ideas_r1/hit10/HIT10.json,CLAIM,producer re-read of frozen arms at multiple k; FR@3==lib_b8.exact_frac self-check
PerLTQA,8265,float,FR@3,55.1692,/mnt/c/Users/MDP/dev/llmzip-work/parallel_ideas_r1/hit10/HIT10.json,CLAIM,producer re-read of frozen arms at multiple k; FR@3==lib_b8.exact_frac self-check
PerLTQA,8265,float_std,FR@3,56.5755,/mnt/c/Users/MDP/dev/llmzip-work/parallel_ideas_r1/hit10/HIT10.json,CLAIM,producer re-read of frozen arms at multiple k; FR@3==lib_b8.exact_frac self-check
PerLTQA,8265,sym,Hit@5,67.5019,/mnt/c/Users/MDP/dev/llmzip-work/parallel_ideas_r1/hit10/HIT10.json,CLAIM,producer re-read of frozen arms at multiple k; FR@3==lib_b8.exact_frac self-check
PerLTQA,8265,asym,Hit@5,72.1597,/mnt/c/Users/MDP/dev/llmzip-work/parallel_ideas_r1/hit10/HIT10.json,CLAIM,producer re-read of frozen arms at multiple k; FR@3==lib_b8.exact_frac self-check
PerLTQA,8265,b8,Hit@5,72.1839,/mnt/c/Users/MDP/dev/llmzip-work/parallel_ideas_r1/hit10/HIT10.json,CLAIM,producer re-read of frozen arms at multiple k; FR@3==lib_b8.exact_frac self-check
PerLTQA,8265,sign88,Hit@5,71.458,/mnt/c/Users/MDP/dev/llmzip-work/parallel_ideas_r1/hit10/HIT10.json,CLAIM,producer re-read of frozen arms at multiple k; FR@3==lib_b8.exact_frac self-check
PerLTQA,8265,float,Hit@5,72.68,/mnt/c/Users/MDP/dev/llmzip-work/parallel_ideas_r1/hit10/HIT10.json,CLAIM,producer re-read of frozen arms at multiple k; FR@3==lib_b8.exact_frac self-check
PerLTQA,8265,float_std,Hit@5,76.1525,/mnt/c/Users/MDP/dev/llmzip-work/parallel_ideas_r1/hit10/HIT10.json,CLAIM,producer re-read of frozen arms at multiple k; FR@3==lib_b8.exact_frac self-check
PerLTQA,8265,sym,Hit@10,75.7612,/mnt/c/Users/MDP/dev/llmzip-work/parallel_ideas_r1/hit10/HIT10.json,CLAIM,producer re-read of frozen arms at multiple k; FR@3==lib_b8.exact_frac self-check
PerLTQA,8265,asym,Hit@10,80.1936,/mnt/c/Users/MDP/dev/llmzip-work/parallel_ideas_r1/hit10/HIT10.json,CLAIM,producer re-read of frozen arms at multiple k; FR@3==lib_b8.exact_frac self-check
PerLTQA,8265,b8,Hit@10,80.121,/mnt/c/Users/MDP/dev/llmzip-work/parallel_ideas_r1/hit10/HIT10.json,CLAIM,producer re-read of frozen arms at multiple k; FR@3==lib_b8.exact_frac self-check
PerLTQA,8265,sign88,Hit@10,79.5644,/mnt/c/Users/MDP/dev/llmzip-work/parallel_ideas_r1/hit10/HIT10.json,CLAIM,producer re-read of frozen arms at multiple k; FR@3==lib_b8.exact_frac self-check
PerLTQA,8265,float,Hit@10,80.8106,/mnt/c/Users/MDP/dev/llmzip-work/parallel_ideas_r1/hit10/HIT10.json,CLAIM,producer re-read of frozen arms at multiple k; FR@3==lib_b8.exact_frac self-check
PerLTQA,8265,float_std,Hit@10,83.9564,/mnt/c/Users/MDP/dev/llmzip-work/parallel_ideas_r1/hit10/HIT10.json,CLAIM,producer re-read of frozen arms at multiple k; FR@3==lib_b8.exact_frac self-check
PerLTQA,8265,sym,FR@10,61.9079,/mnt/c/Users/MDP/dev/llmzip-work/parallel_ideas_r1/hit10/HIT10.json,CLAIM,producer re-read of frozen arms at multiple k; FR@3==lib_b8.exact_frac self-check
PerLTQA,8265,asym,FR@10,67.5978,/mnt/c/Users/MDP/dev/llmzip-work/parallel_ideas_r1/hit10/HIT10.json,CLAIM,producer re-read of frozen arms at multiple k; FR@3==lib_b8.exact_frac self-check
PerLTQA,8265,b8,FR@10,68.0571,/mnt/c/Users/MDP/dev/llmzip-work/parallel_ideas_r1/hit10/HIT10.json,CLAIM,producer re-read of frozen arms at multiple k; FR@3==lib_b8.exact_frac self-check
PerLTQA,8265,sign88,FR@10,67.1661,/mnt/c/Users/MDP/dev/llmzip-work/parallel_ideas_r1/hit10/HIT10.json,CLAIM,producer re-read of frozen arms at multiple k; FR@3==lib_b8.exact_frac self-check
PerLTQA,8265,float,FR@10,70.954,/mnt/c/Users/MDP/dev/llmzip-work/parallel_ideas_r1/hit10/HIT10.json,CLAIM,producer re-read of frozen arms at multiple k; FR@3==lib_b8.exact_frac self-check
PerLTQA,8265,float_std,FR@10,70.2358,/mnt/c/Users/MDP/dev/llmzip-work/parallel_ideas_r1/hit10/HIT10.json,CLAIM,producer re-read of frozen arms at multiple k; FR@3==lib_b8.exact_frac self-check
PerLTQA,8265,sym,Hit@20,81.9366,/mnt/c/Users/MDP/dev/llmzip-work/parallel_ideas_r1/hit10/HIT10.json,CLAIM,producer re-read of frozen arms at multiple k; FR@3==lib_b8.exact_frac self-check
PerLTQA,8265,asym,Hit@20,86.1222,/mnt/c/Users/MDP/dev/llmzip-work/parallel_ideas_r1/hit10/HIT10.json,CLAIM,producer re-read of frozen arms at multiple k; FR@3==lib_b8.exact_frac self-check
PerLTQA,8265,b8,Hit@20,86.3642,/mnt/c/Users/MDP/dev/llmzip-work/parallel_ideas_r1/hit10/HIT10.json,CLAIM,producer re-read of frozen arms at multiple k; FR@3==lib_b8.exact_frac self-check
PerLTQA,8265,sign88,Hit@20,85.9044,/mnt/c/Users/MDP/dev/llmzip-work/parallel_ideas_r1/hit10/HIT10.json,CLAIM,producer re-read of frozen arms at multiple k; FR@3==lib_b8.exact_frac self-check
PerLTQA,8265,float,Hit@20,87.5015,/mnt/c/Users/MDP/dev/llmzip-work/parallel_ideas_r1/hit10/HIT10.json,CLAIM,producer re-read of frozen arms at multiple k; FR@3==lib_b8.exact_frac self-check
PerLTQA,8265,float_std,Hit@20,89.026,/mnt/c/Users/MDP/dev/llmzip-work/parallel_ideas_r1/hit10/HIT10.json,CLAIM,producer re-read of frozen arms at multiple k; FR@3==lib_b8.exact_frac self-check
PerLTQA,8265,sym,FR@20,66.9232,/mnt/c/Users/MDP/dev/llmzip-work/parallel_ideas_r1/hit10/HIT10.json,CLAIM,producer re-read of frozen arms at multiple k; FR@3==lib_b8.exact_frac self-check
PerLTQA,8265,asym,FR@20,74.2268,/mnt/c/Users/MDP/dev/llmzip-work/parallel_ideas_r1/hit10/HIT10.json,CLAIM,producer re-read of frozen arms at multiple k; FR@3==lib_b8.exact_frac self-check
PerLTQA,8265,b8,FR@20,75.4538,/mnt/c/Users/MDP/dev/llmzip-work/parallel_ideas_r1/hit10/HIT10.json,CLAIM,producer re-read of frozen arms at multiple k; FR@3==lib_b8.exact_frac self-check
PerLTQA,8265,sign88,FR@20,74.1975,/mnt/c/Users/MDP/dev/llmzip-work/parallel_ideas_r1/hit10/HIT10.json,CLAIM,producer re-read of frozen arms at multiple k; FR@3==lib_b8.exact_frac self-check
PerLTQA,8265,float,FR@20,79.0076,/mnt/c/Users/MDP/dev/llmzip-work/parallel_ideas_r1/hit10/HIT10.json,CLAIM,producer re-read of frozen arms at multiple k; FR@3==lib_b8.exact_frac self-check
PerLTQA,8265,float_std,FR@20,75.6181,/mnt/c/Users/MDP/dev/llmzip-work/parallel_ideas_r1/hit10/HIT10.json,CLAIM,producer re-read of frozen arms at multiple k; FR@3==lib_b8.exact_frac self-check
LME,470,sym,Hit@1,43.9007,/mnt/c/Users/MDP/dev/llmzip-work/parallel_ideas_r1/hit10/HIT10.json,CLAIM,producer re-read of frozen arms at multiple k; FR@3==lib_b8.exact_frac self-check
LME,470,asym,Hit@1,40.2128,/mnt/c/Users/MDP/dev/llmzip-work/parallel_ideas_r1/hit10/HIT10.json,CLAIM,producer re-read of frozen arms at multiple k; FR@3==lib_b8.exact_frac self-check
LME,470,b8,Hit@1,37.0213,/mnt/c/Users/MDP/dev/llmzip-work/parallel_ideas_r1/hit10/HIT10.json,CLAIM,producer re-read of frozen arms at multiple k; FR@3==lib_b8.exact_frac self-check
LME,470,sign88,Hit@1,38.0851,/mnt/c/Users/MDP/dev/llmzip-work/parallel_ideas_r1/hit10/HIT10.json,CLAIM,producer re-read of frozen arms at multiple k; FR@3==lib_b8.exact_frac self-check
LME,470,float,Hit@1,36.5957,/mnt/c/Users/MDP/dev/llmzip-work/parallel_ideas_r1/hit10/HIT10.json,CLAIM,producer re-read of frozen arms at multiple k; FR@3==lib_b8.exact_frac self-check
LME,470,float_std,Hit@1,47.6596,/mnt/c/Users/MDP/dev/llmzip-work/parallel_ideas_r1/hit10/HIT10.json,CLAIM,producer re-read of frozen arms at multiple k; FR@3==lib_b8.exact_frac self-check
LME,470,sym,FR@1,28.2317,/mnt/c/Users/MDP/dev/llmzip-work/parallel_ideas_r1/hit10/HIT10.json,CLAIM,producer re-read of frozen arms at multiple k; FR@3==lib_b8.exact_frac self-check
LME,470,asym,FR@1,25.383,/mnt/c/Users/MDP/dev/llmzip-work/parallel_ideas_r1/hit10/HIT10.json,CLAIM,producer re-read of frozen arms at multiple k; FR@3==lib_b8.exact_frac self-check
LME,470,b8,FR@1,23.0887,/mnt/c/Users/MDP/dev/llmzip-work/parallel_ideas_r1/hit10/HIT10.json,CLAIM,producer re-read of frozen arms at multiple k; FR@3==lib_b8.exact_frac self-check
LME,470,sign88,FR@1,23.8759,/mnt/c/Users/MDP/dev/llmzip-work/parallel_ideas_r1/hit10/HIT10.json,CLAIM,producer re-read of frozen arms at multiple k; FR@3==lib_b8.exact_frac self-check
LME,470,float,FR@1,22.9539,/mnt/c/Users/MDP/dev/llmzip-work/parallel_ideas_r1/hit10/HIT10.json,CLAIM,producer re-read of frozen arms at multiple k; FR@3==lib_b8.exact_frac self-check
LME,470,float_std,FR@1,30.9433,/mnt/c/Users/MDP/dev/llmzip-work/parallel_ideas_r1/hit10/HIT10.json,CLAIM,producer re-read of frozen arms at multiple k; FR@3==lib_b8.exact_frac self-check
LME,470,sym,Hit@3,71.383,/mnt/c/Users/MDP/dev/llmzip-work/parallel_ideas_r1/hit10/HIT10.json,CLAIM,producer re-read of frozen arms at multiple k; FR@3==lib_b8.exact_frac self-check
LME,470,asym,Hit@3,67.8723,/mnt/c/Users/MDP/dev/llmzip-work/parallel_ideas_r1/hit10/HIT10.json,CLAIM,producer re-read of frozen arms at multiple k; FR@3==lib_b8.exact_frac self-check
LME,470,b8,Hit@3,64.4681,/mnt/c/Users/MDP/dev/llmzip-work/parallel_ideas_r1/hit10/HIT10.json,CLAIM,producer re-read of frozen arms at multiple k; FR@3==lib_b8.exact_frac self-check
LME,470,sign88,Hit@3,66.1702,/mnt/c/Users/MDP/dev/llmzip-work/parallel_ideas_r1/hit10/HIT10.json,CLAIM,producer re-read of frozen arms at multiple k; FR@3==lib_b8.exact_frac self-check
LME,470,float,Hit@3,61.2766,/mnt/c/Users/MDP/dev/llmzip-work/parallel_ideas_r1/hit10/HIT10.json,CLAIM,producer re-read of frozen arms at multiple k; FR@3==lib_b8.exact_frac self-check
LME,470,float_std,Hit@3,73.8298,/mnt/c/Users/MDP/dev/llmzip-work/parallel_ideas_r1/hit10/HIT10.json,CLAIM,producer re-read of frozen arms at multiple k; FR@3==lib_b8.exact_frac self-check
LME,470,sym,FR@3,54.2134,/mnt/c/Users/MDP/dev/llmzip-work/parallel_ideas_r1/hit10/HIT10.json,CLAIM,producer re-read of frozen arms at multiple k; FR@3==lib_b8.exact_frac self-check
LME,470,asym,FR@3,50.6489,/mnt/c/Users/MDP/dev/llmzip-work/parallel_ideas_r1/hit10/HIT10.json,CLAIM,producer re-read of frozen arms at multiple k; FR@3==lib_b8.exact_frac self-check
LME,470,b8,FR@3,48.2128,/mnt/c/Users/MDP/dev/llmzip-work/parallel_ideas_r1/hit10/HIT10.json,CLAIM,producer re-read of frozen arms at multiple k; FR@3==lib_b8.exact_frac self-check
LME,470,sign88,FR@3,49.0177,/mnt/c/Users/MDP/dev/llmzip-work/parallel_ideas_r1/hit10/HIT10.json,CLAIM,producer re-read of frozen arms at multiple k; FR@3==lib_b8.exact_frac self-check
LME,470,float,FR@3,44.1596,/mnt/c/Users/MDP/dev/llmzip-work/parallel_ideas_r1/hit10/HIT10.json,CLAIM,producer re-read of frozen arms at multiple k; FR@3==lib_b8.exact_frac self-check
LME,470,float_std,FR@3,55.7447,/mnt/c/Users/MDP/dev/llmzip-work/parallel_ideas_r1/hit10/HIT10.json,CLAIM,producer re-read of frozen arms at multiple k; FR@3==lib_b8.exact_frac self-check
LME,470,sym,Hit@5,79.539,/mnt/c/Users/MDP/dev/llmzip-work/parallel_ideas_r1/hit10/HIT10.json,CLAIM,producer re-read of frozen arms at multiple k; FR@3==lib_b8.exact_frac self-check
LME,470,asym,Hit@5,77.0213,/mnt/c/Users/MDP/dev/llmzip-work/parallel_ideas_r1/hit10/HIT10.json,CLAIM,producer re-read of frozen arms at multiple k; FR@3==lib_b8.exact_frac self-check
LME,470,b8,Hit@5,75.3191,/mnt/c/Users/MDP/dev/llmzip-work/parallel_ideas_r1/hit10/HIT10.json,CLAIM,producer re-read of frozen arms at multiple k; FR@3==lib_b8.exact_frac self-check
LME,470,sign88,Hit@5,74.8936,/mnt/c/Users/MDP/dev/llmzip-work/parallel_ideas_r1/hit10/HIT10.json,CLAIM,producer re-read of frozen arms at multiple k; FR@3==lib_b8.exact_frac self-check
LME,470,float,Hit@5,72.5532,/mnt/c/Users/MDP/dev/llmzip-work/parallel_ideas_r1/hit10/HIT10.json,CLAIM,producer re-read of frozen arms at multiple k; FR@3==lib_b8.exact_frac self-check
LME,470,float_std,Hit@5,80.4255,/mnt/c/Users/MDP/dev/llmzip-work/parallel_ideas_r1/hit10/HIT10.json,CLAIM,producer re-read of frozen arms at multiple k; FR@3==lib_b8.exact_frac self-check
LME,470,sym,Hit@10,86.0773,/mnt/c/Users/MDP/dev/llmzip-work/parallel_ideas_r1/hit10/HIT10.json,CLAIM,producer re-read of frozen arms at multiple k; FR@3==lib_b8.exact_frac self-check
LME,470,asym,Hit@10,85.7447,/mnt/c/Users/MDP/dev/llmzip-work/parallel_ideas_r1/hit10/HIT10.json,CLAIM,producer re-read of frozen arms at multiple k; FR@3==lib_b8.exact_frac self-check
LME,470,b8,Hit@10,85.1064,/mnt/c/Users/MDP/dev/llmzip-work/parallel_ideas_r1/hit10/HIT10.json,CLAIM,producer re-read of frozen arms at multiple k; FR@3==lib_b8.exact_frac self-check
LME,470,sign88,Hit@10,85.3191,/mnt/c/Users/MDP/dev/llmzip-work/parallel_ideas_r1/hit10/HIT10.json,CLAIM,producer re-read of frozen arms at multiple k; FR@3==lib_b8.exact_frac self-check
LME,470,float,Hit@10,82.5532,/mnt/c/Users/MDP/dev/llmzip-work/parallel_ideas_r1/hit10/HIT10.json,CLAIM,producer re-read of frozen arms at multiple k; FR@3==lib_b8.exact_frac self-check
LME,470,float_std,Hit@10,88.2979,/mnt/c/Users/MDP/dev/llmzip-work/parallel_ideas_r1/hit10/HIT10.json,CLAIM,producer re-read of frozen arms at multiple k; FR@3==lib_b8.exact_frac self-check
LME,470,sym,FR@10,75.8749,/mnt/c/Users/MDP/dev/llmzip-work/parallel_ideas_r1/hit10/HIT10.json,CLAIM,producer re-read of frozen arms at multiple k; FR@3==lib_b8.exact_frac self-check
LME,470,asym,FR@10,73.3794,/mnt/c/Users/MDP/dev/llmzip-work/parallel_ideas_r1/hit10/HIT10.json,CLAIM,producer re-read of frozen arms at multiple k; FR@3==lib_b8.exact_frac self-check
LME,470,b8,FR@10,72.1383,/mnt/c/Users/MDP/dev/llmzip-work/parallel_ideas_r1/hit10/HIT10.json,CLAIM,producer re-read of frozen arms at multiple k; FR@3==lib_b8.exact_frac self-check
LME,470,sign88,FR@10,72.6454,/mnt/c/Users/MDP/dev/llmzip-work/parallel_ideas_r1/hit10/HIT10.json,CLAIM,producer re-read of frozen arms at multiple k; FR@3==lib_b8.exact_frac self-check
LME,470,float,FR@10,68.9468,/mnt/c/Users/MDP/dev/llmzip-work/parallel_ideas_r1/hit10/HIT10.json,CLAIM,producer re-read of frozen arms at multiple k; FR@3==lib_b8.exact_frac self-check
LME,470,float_std,FR@10,79.5496,/mnt/c/Users/MDP/dev/llmzip-work/parallel_ideas_r1/hit10/HIT10.json,CLAIM,producer re-read of frozen arms at multiple k; FR@3==lib_b8.exact_frac self-check
LME,470,sym,Hit@20,88.6971,/mnt/c/Users/MDP/dev/llmzip-work/parallel_ideas_r1/hit10/HIT10.json,CLAIM,producer re-read of frozen arms at multiple k; FR@3==lib_b8.exact_frac self-check
LME,470,asym,Hit@20,90.2128,/mnt/c/Users/MDP/dev/llmzip-work/parallel_ideas_r1/hit10/HIT10.json,CLAIM,producer re-read of frozen arms at multiple k; FR@3==lib_b8.exact_frac self-check
LME,470,b8,Hit@20,89.5745,/mnt/c/Users/MDP/dev/llmzip-work/parallel_ideas_r1/hit10/HIT10.json,CLAIM,producer re-read of frozen arms at multiple k; FR@3==lib_b8.exact_frac self-check
LME,470,sign88,Hit@20,89.3617,/mnt/c/Users/MDP/dev/llmzip-work/parallel_ideas_r1/hit10/HIT10.json,CLAIM,producer re-read of frozen arms at multiple k; FR@3==lib_b8.exact_frac self-check
LME,470,float,Hit@20,89.1489,/mnt/c/Users/MDP/dev/llmzip-work/parallel_ideas_r1/hit10/HIT10.json,CLAIM,producer re-read of frozen arms at multiple k; FR@3==lib_b8.exact_frac self-check
LME,470,float_std,Hit@20,93.617,/mnt/c/Users/MDP/dev/llmzip-work/parallel_ideas_r1/hit10/HIT10.json,CLAIM,producer re-read of frozen arms at multiple k; FR@3==lib_b8.exact_frac self-check
LME,470,sym,FR@20,80.8834,/mnt/c/Users/MDP/dev/llmzip-work/parallel_ideas_r1/hit10/HIT10.json,CLAIM,producer re-read of frozen arms at multiple k; FR@3==lib_b8.exact_frac self-check
LME,470,asym,FR@20,83.3156,/mnt/c/Users/MDP/dev/llmzip-work/parallel_ideas_r1/hit10/HIT10.json,CLAIM,producer re-read of frozen arms at multiple k; FR@3==lib_b8.exact_frac self-check
LME,470,b8,FR@20,83.5213,/mnt/c/Users/MDP/dev/llmzip-work/parallel_ideas_r1/hit10/HIT10.json,CLAIM,producer re-read of frozen arms at multiple k; FR@3==lib_b8.exact_frac self-check
LME,470,sign88,FR@20,82.4043,/mnt/c/Users/MDP/dev/llmzip-work/parallel_ideas_r1/hit10/HIT10.json,CLAIM,producer re-read of frozen arms at multiple k; FR@3==lib_b8.exact_frac self-check
LME,470,float,FR@20,82.5887,/mnt/c/Users/MDP/dev/llmzip-work/parallel_ideas_r1/hit10/HIT10.json,CLAIM,producer re-read of frozen arms at multiple k; FR@3==lib_b8.exact_frac self-check
LME,470,float_std,FR@20,88.6064,/mnt/c/Users/MDP/dev/llmzip-work/parallel_ideas_r1/hit10/HIT10.json,CLAIM,producer re-read of frozen arms at multiple k; FR@3==lib_b8.exact_frac self-check
REALTALK,705,sym,Hit@1,15.6265,/mnt/c/Users/MDP/dev/llmzip-work/parallel_ideas_r1/hit10/HIT10.json,CLAIM,producer re-read of frozen arms at multiple k; FR@3==lib_b8.exact_frac self-check
REALTALK,705,asym,Hit@1,13.9007,/mnt/c/Users/MDP/dev/llmzip-work/parallel_ideas_r1/hit10/HIT10.json,CLAIM,producer re-read of frozen arms at multiple k; FR@3==lib_b8.exact_frac self-check
REALTALK,705,b8,Hit@1,13.1915,/mnt/c/Users/MDP/dev/llmzip-work/parallel_ideas_r1/hit10/HIT10.json,CLAIM,producer re-read of frozen arms at multiple k; FR@3==lib_b8.exact_frac self-check
REALTALK,705,sign88,Hit@1,13.3333,/mnt/c/Users/MDP/dev/llmzip-work/parallel_ideas_r1/hit10/HIT10.json,CLAIM,producer re-read of frozen arms at multiple k; FR@3==lib_b8.exact_frac self-check
REALTALK,705,float,Hit@1,14.6099,/mnt/c/Users/MDP/dev/llmzip-work/parallel_ideas_r1/hit10/HIT10.json,CLAIM,producer re-read of frozen arms at multiple k; FR@3==lib_b8.exact_frac self-check
REALTALK,705,float_std,Hit@1,17.4468,/mnt/c/Users/MDP/dev/llmzip-work/parallel_ideas_r1/hit10/HIT10.json,CLAIM,producer re-read of frozen arms at multiple k; FR@3==lib_b8.exact_frac self-check
REALTALK,705,sym,FR@1,12.298,/mnt/c/Users/MDP/dev/llmzip-work/parallel_ideas_r1/hit10/HIT10.json,CLAIM,producer re-read of frozen arms at multiple k; FR@3==lib_b8.exact_frac self-check
REALTALK,705,asym,FR@1,11.5228,/mnt/c/Users/MDP/dev/llmzip-work/parallel_ideas_r1/hit10/HIT10.json,CLAIM,producer re-read of frozen arms at multiple k; FR@3==lib_b8.exact_frac self-check
REALTALK,705,b8,FR@1,10.9068,/mnt/c/Users/MDP/dev/llmzip-work/parallel_ideas_r1/hit10/HIT10.json,CLAIM,producer re-read of frozen arms at multiple k; FR@3==lib_b8.exact_frac self-check
REALTALK,705,sign88,FR@1,11.2023,/mnt/c/Users/MDP/dev/llmzip-work/parallel_ideas_r1/hit10/HIT10.json,CLAIM,producer re-read of frozen arms at multiple k; FR@3==lib_b8.exact_frac self-check
REALTALK,705,float,FR@1,11.6292,/mnt/c/Users/MDP/dev/llmzip-work/parallel_ideas_r1/hit10/HIT10.json,CLAIM,producer re-read of frozen arms at multiple k; FR@3==lib_b8.exact_frac self-check
REALTALK,705,float_std,FR@1,13.8341,/mnt/c/Users/MDP/dev/llmzip-work/parallel_ideas_r1/hit10/HIT10.json,CLAIM,producer re-read of frozen arms at multiple k; FR@3==lib_b8.exact_frac self-check
REALTALK,705,sym,Hit@3,29.7376,/mnt/c/Users/MDP/dev/llmzip-work/parallel_ideas_r1/hit10/HIT10.json,CLAIM,producer re-read of frozen arms at multiple k; FR@3==lib_b8.exact_frac self-check
REALTALK,705,asym,Hit@3,26.383,/mnt/c/Users/MDP/dev/llmzip-work/parallel_ideas_r1/hit10/HIT10.json,CLAIM,producer re-read of frozen arms at multiple k; FR@3==lib_b8.exact_frac self-check
REALTALK,705,b8,Hit@3,23.6879,/mnt/c/Users/MDP/dev/llmzip-work/parallel_ideas_r1/hit10/HIT10.json,CLAIM,producer re-read of frozen arms at multiple k; FR@3==lib_b8.exact_frac self-check
REALTALK,705,sign88,Hit@3,24.8227,/mnt/c/Users/MDP/dev/llmzip-work/parallel_ideas_r1/hit10/HIT10.json,CLAIM,producer re-read of frozen arms at multiple k; FR@3==lib_b8.exact_frac self-check
REALTALK,705,float,Hit@3,22.8369,/mnt/c/Users/MDP/dev/llmzip-work/parallel_ideas_r1/hit10/HIT10.json,CLAIM,producer re-read of frozen arms at multiple k; FR@3==lib_b8.exact_frac self-check
REALTALK,705,float_std,Hit@3,29.3617,/mnt/c/Users/MDP/dev/llmzip-work/parallel_ideas_r1/hit10/HIT10.json,CLAIM,producer re-read of frozen arms at multiple k; FR@3==lib_b8.exact_frac self-check
REALTALK,705,sym,FR@3,22.5535,/mnt/c/Users/MDP/dev/llmzip-work/parallel_ideas_r1/hit10/HIT10.json,CLAIM,producer re-read of frozen arms at multiple k; FR@3==lib_b8.exact_frac self-check
REALTALK,705,asym,FR@3,20.0596,/mnt/c/Users/MDP/dev/llmzip-work/parallel_ideas_r1/hit10/HIT10.json,CLAIM,producer re-read of frozen arms at multiple k; FR@3==lib_b8.exact_frac self-check
REALTALK,705,b8,FR@3,17.8456,/mnt/c/Users/MDP/dev/llmzip-work/parallel_ideas_r1/hit10/HIT10.json,CLAIM,producer re-read of frozen arms at multiple k; FR@3==lib_b8.exact_frac self-check
REALTALK,705,sign88,FR@3,18.6142,/mnt/c/Users/MDP/dev/llmzip-work/parallel_ideas_r1/hit10/HIT10.json,CLAIM,producer re-read of frozen arms at multiple k; FR@3==lib_b8.exact_frac self-check
REALTALK,705,float,FR@3,17.2534,/mnt/c/Users/MDP/dev/llmzip-work/parallel_ideas_r1/hit10/HIT10.json,CLAIM,producer re-read of frozen arms at multiple k; FR@3==lib_b8.exact_frac self-check
REALTALK,705,float_std,FR@3,22.91,/mnt/c/Users/MDP/dev/llmzip-work/parallel_ideas_r1/hit10/HIT10.json,CLAIM,producer re-read of frozen arms at multiple k; FR@3==lib_b8.exact_frac self-check
REALTALK,705,sym,Hit@5,36.6879,/mnt/c/Users/MDP/dev/llmzip-work/parallel_ideas_r1/hit10/HIT10.json,CLAIM,producer re-read of frozen arms at multiple k; FR@3==lib_b8.exact_frac self-check
REALTALK,705,asym,Hit@5,33.4752,/mnt/c/Users/MDP/dev/llmzip-work/parallel_ideas_r1/hit10/HIT10.json,CLAIM,producer re-read of frozen arms at multiple k; FR@3==lib_b8.exact_frac self-check
REALTALK,705,b8,Hit@5,32.0567,/mnt/c/Users/MDP/dev/llmzip-work/parallel_ideas_r1/hit10/HIT10.json,CLAIM,producer re-read of frozen arms at multiple k; FR@3==lib_b8.exact_frac self-check
REALTALK,705,sign88,Hit@5,32.766,/mnt/c/Users/MDP/dev/llmzip-work/parallel_ideas_r1/hit10/HIT10.json,CLAIM,producer re-read of frozen arms at multiple k; FR@3==lib_b8.exact_frac self-check
REALTALK,705,float,Hit@5,27.5177,/mnt/c/Users/MDP/dev/llmzip-work/parallel_ideas_r1/hit10/HIT10.json,CLAIM,producer re-read of frozen arms at multiple k; FR@3==lib_b8.exact_frac self-check
REALTALK,705,float_std,Hit@5,36.4539,/mnt/c/Users/MDP/dev/llmzip-work/parallel_ideas_r1/hit10/HIT10.json,CLAIM,producer re-read of frozen arms at multiple k; FR@3==lib_b8.exact_frac self-check
REALTALK,705,sym,Hit@10,46.6809,/mnt/c/Users/MDP/dev/llmzip-work/parallel_ideas_r1/hit10/HIT10.json,CLAIM,producer re-read of frozen arms at multiple k; FR@3==lib_b8.exact_frac self-check
REALTALK,705,asym,Hit@10,43.5461,/mnt/c/Users/MDP/dev/llmzip-work/parallel_ideas_r1/hit10/HIT10.json,CLAIM,producer re-read of frozen arms at multiple k; FR@3==lib_b8.exact_frac self-check
REALTALK,705,b8,Hit@10,41.5603,/mnt/c/Users/MDP/dev/llmzip-work/parallel_ideas_r1/hit10/HIT10.json,CLAIM,producer re-read of frozen arms at multiple k; FR@3==lib_b8.exact_frac self-check
REALTALK,705,sign88,Hit@10,42.2695,/mnt/c/Users/MDP/dev/llmzip-work/parallel_ideas_r1/hit10/HIT10.json,CLAIM,producer re-read of frozen arms at multiple k; FR@3==lib_b8.exact_frac self-check
REALTALK,705,float,Hit@10,36.5957,/mnt/c/Users/MDP/dev/llmzip-work/parallel_ideas_r1/hit10/HIT10.json,CLAIM,producer re-read of frozen arms at multiple k; FR@3==lib_b8.exact_frac self-check
REALTALK,705,float_std,Hit@10,48.5106,/mnt/c/Users/MDP/dev/llmzip-work/parallel_ideas_r1/hit10/HIT10.json,CLAIM,producer re-read of frozen arms at multiple k; FR@3==lib_b8.exact_frac self-check
REALTALK,705,sym,FR@10,34.5007,/mnt/c/Users/MDP/dev/llmzip-work/parallel_ideas_r1/hit10/HIT10.json,CLAIM,producer re-read of frozen arms at multiple k; FR@3==lib_b8.exact_frac self-check
REALTALK,705,asym,FR@10,33.0558,/mnt/c/Users/MDP/dev/llmzip-work/parallel_ideas_r1/hit10/HIT10.json,CLAIM,producer re-read of frozen arms at multiple k; FR@3==lib_b8.exact_frac self-check
REALTALK,705,b8,FR@10,31.6161,/mnt/c/Users/MDP/dev/llmzip-work/parallel_ideas_r1/hit10/HIT10.json,CLAIM,producer re-read of frozen arms at multiple k; FR@3==lib_b8.exact_frac self-check
REALTALK,705,sign88,FR@10,32.5089,/mnt/c/Users/MDP/dev/llmzip-work/parallel_ideas_r1/hit10/HIT10.json,CLAIM,producer re-read of frozen arms at multiple k; FR@3==lib_b8.exact_frac self-check
REALTALK,705,float,FR@10,27.8305,/mnt/c/Users/MDP/dev/llmzip-work/parallel_ideas_r1/hit10/HIT10.json,CLAIM,producer re-read of frozen arms at multiple k; FR@3==lib_b8.exact_frac self-check
REALTALK,705,float_std,FR@10,37.4678,/mnt/c/Users/MDP/dev/llmzip-work/parallel_ideas_r1/hit10/HIT10.json,CLAIM,producer re-read of frozen arms at multiple k; FR@3==lib_b8.exact_frac self-check
REALTALK,705,sym,Hit@20,54.991,/mnt/c/Users/MDP/dev/llmzip-work/parallel_ideas_r1/hit10/HIT10.json,CLAIM,producer re-read of frozen arms at multiple k; FR@3==lib_b8.exact_frac self-check
REALTALK,705,asym,Hit@20,52.0567,/mnt/c/Users/MDP/dev/llmzip-work/parallel_ideas_r1/hit10/HIT10.json,CLAIM,producer re-read of frozen arms at multiple k; FR@3==lib_b8.exact_frac self-check
REALTALK,705,b8,Hit@20,49.9291,/mnt/c/Users/MDP/dev/llmzip-work/parallel_ideas_r1/hit10/HIT10.json,CLAIM,producer re-read of frozen arms at multiple k; FR@3==lib_b8.exact_frac self-check
REALTALK,705,sign88,Hit@20,51.4894,/mnt/c/Users/MDP/dev/llmzip-work/parallel_ideas_r1/hit10/HIT10.json,CLAIM,producer re-read of frozen arms at multiple k; FR@3==lib_b8.exact_frac self-check
REALTALK,705,float,Hit@20,45.8156,/mnt/c/Users/MDP/dev/llmzip-work/parallel_ideas_r1/hit10/HIT10.json,CLAIM,producer re-read of frozen arms at multiple k; FR@3==lib_b8.exact_frac self-check
REALTALK,705,float_std,Hit@20,58.156,/mnt/c/Users/MDP/dev/llmzip-work/parallel_ideas_r1/hit10/HIT10.json,CLAIM,producer re-read of frozen arms at multiple k; FR@3==lib_b8.exact_frac self-check
REALTALK,705,sym,FR@20,41.6676,/mnt/c/Users/MDP/dev/llmzip-work/parallel_ideas_r1/hit10/HIT10.json,CLAIM,producer re-read of frozen arms at multiple k; FR@3==lib_b8.exact_frac self-check
REALTALK,705,asym,FR@20,39.8769,/mnt/c/Users/MDP/dev/llmzip-work/parallel_ideas_r1/hit10/HIT10.json,CLAIM,producer re-read of frozen arms at multiple k; FR@3==lib_b8.exact_frac self-check
REALTALK,705,b8,FR@20,38.5865,/mnt/c/Users/MDP/dev/llmzip-work/parallel_ideas_r1/hit10/HIT10.json,CLAIM,producer re-read of frozen arms at multiple k; FR@3==lib_b8.exact_frac self-check
REALTALK,705,sign88,FR@20,39.294,/mnt/c/Users/MDP/dev/llmzip-work/parallel_ideas_r1/hit10/HIT10.json,CLAIM,producer re-read of frozen arms at multiple k; FR@3==lib_b8.exact_frac self-check
REALTALK,705,float,FR@20,36.0729,/mnt/c/Users/MDP/dev/llmzip-work/parallel_ideas_r1/hit10/HIT10.json,CLAIM,producer re-read of frozen arms at multiple k; FR@3==lib_b8.exact_frac self-check
REALTALK,705,float_std,FR@20,44.7973,/mnt/c/Users/MDP/dev/llmzip-work/parallel_ideas_r1/hit10/HIT10.json,CLAIM,producer re-read of frozen arms at multiple k; FR@3==lib_b8.exact_frac self-check
PerLTQA,8265,sym,Hit@1,35.3624,/mnt/c/Users/MDP/dev/llmzip-work/parallel_ideas_r1/hit10/QSCALE.json,CLAIM,doc bits UNCHANGED 12B/doc + archived std array; qscale==qscale_dot; matches verify_incoming at k=10
PerLTQA,8265,sym,Hit@3,59.0365,/mnt/c/Users/MDP/dev/llmzip-work/parallel_ideas_r1/hit10/QSCALE.json,CLAIM,doc bits UNCHANGED 12B/doc + archived std array; qscale==qscale_dot; matches verify_incoming at k=10
PerLTQA,8265,sym,Hit@10,75.7612,/mnt/c/Users/MDP/dev/llmzip-work/parallel_ideas_r1/hit10/QSCALE.json,CLAIM,doc bits UNCHANGED 12B/doc + archived std array; qscale==qscale_dot; matches verify_incoming at k=10
PerLTQA,8265,asym,Hit@1,38.3545,/mnt/c/Users/MDP/dev/llmzip-work/parallel_ideas_r1/hit10/QSCALE.json,CLAIM,doc bits UNCHANGED 12B/doc + archived std array; qscale==qscale_dot; matches verify_incoming at k=10
PerLTQA,8265,asym,Hit@3,63.7266,/mnt/c/Users/MDP/dev/llmzip-work/parallel_ideas_r1/hit10/QSCALE.json,CLAIM,doc bits UNCHANGED 12B/doc + archived std array; qscale==qscale_dot; matches verify_incoming at k=10
PerLTQA,8265,asym,Hit@10,80.1936,/mnt/c/Users/MDP/dev/llmzip-work/parallel_ideas_r1/hit10/QSCALE.json,CLAIM,doc bits UNCHANGED 12B/doc + archived std array; qscale==qscale_dot; matches verify_incoming at k=10
PerLTQA,8265,qscale,Hit@1,38.778,/mnt/c/Users/MDP/dev/llmzip-work/parallel_ideas_r1/hit10/QSCALE.json,CLAIM,doc bits UNCHANGED 12B/doc + archived std array; qscale==qscale_dot; matches verify_incoming at k=10
PerLTQA,8265,qscale,Hit@3,64.2468,/mnt/c/Users/MDP/dev/llmzip-work/parallel_ideas_r1/hit10/QSCALE.json,CLAIM,doc bits UNCHANGED 12B/doc + archived std array; qscale==qscale_dot; matches verify_incoming at k=10
PerLTQA,8265,qscale,Hit@10,80.0,/mnt/c/Users/MDP/dev/llmzip-work/parallel_ideas_r1/hit10/QSCALE.json,CLAIM,doc bits UNCHANGED 12B/doc + archived std array; qscale==qscale_dot; matches verify_incoming at k=10
PerLTQA,8265,qscale_dot,Hit@1,38.778,/mnt/c/Users/MDP/dev/llmzip-work/parallel_ideas_r1/hit10/QSCALE.json,CLAIM,doc bits UNCHANGED 12B/doc + archived std array; qscale==qscale_dot; matches verify_incoming at k=10
PerLTQA,8265,qscale_dot,Hit@3,64.2468,/mnt/c/Users/MDP/dev/llmzip-work/parallel_ideas_r1/hit10/QSCALE.json,CLAIM,doc bits UNCHANGED 12B/doc + archived std array; qscale==qscale_dot; matches verify_incoming at k=10
PerLTQA,8265,qscale_dot,Hit@10,80.0,/mnt/c/Users/MDP/dev/llmzip-work/parallel_ideas_r1/hit10/QSCALE.json,CLAIM,doc bits UNCHANGED 12B/doc + archived std array; qscale==qscale_dot; matches verify_incoming at k=10
PerLTQA,8265,float_std,Hit@1,41.7423,/mnt/c/Users/MDP/dev/llmzip-work/parallel_ideas_r1/hit10/QSCALE.json,CLAIM,doc bits UNCHANGED 12B/doc + archived std array; qscale==qscale_dot; matches verify_incoming at k=10
PerLTQA,8265,float_std,Hit@3,67.8645,/mnt/c/Users/MDP/dev/llmzip-work/parallel_ideas_r1/hit10/QSCALE.json,CLAIM,doc bits UNCHANGED 12B/doc + archived std array; qscale==qscale_dot; matches verify_incoming at k=10
PerLTQA,8265,float_std,Hit@10,83.9564,/mnt/c/Users/MDP/dev/llmzip-work/parallel_ideas_r1/hit10/QSCALE.json,CLAIM,doc bits UNCHANGED 12B/doc + archived std array; qscale==qscale_dot; matches verify_incoming at k=10
LME,470,sym,Hit@1,43.9007,/mnt/c/Users/MDP/dev/llmzip-work/parallel_ideas_r1/hit10/QSCALE.json,CLAIM,doc bits UNCHANGED 12B/doc + archived std array; qscale==qscale_dot; matches verify_incoming at k=10
LME,470,sym,Hit@3,71.383,/mnt/c/Users/MDP/dev/llmzip-work/parallel_ideas_r1/hit10/QSCALE.json,CLAIM,doc bits UNCHANGED 12B/doc + archived std array; qscale==qscale_dot; matches verify_incoming at k=10
LME,470,sym,Hit@10,86.0773,/mnt/c/Users/MDP/dev/llmzip-work/parallel_ideas_r1/hit10/QSCALE.json,CLAIM,doc bits UNCHANGED 12B/doc + archived std array; qscale==qscale_dot; matches verify_incoming at k=10
LME,470,asym,Hit@1,40.2128,/mnt/c/Users/MDP/dev/llmzip-work/parallel_ideas_r1/hit10/QSCALE.json,CLAIM,doc bits UNCHANGED 12B/doc + archived std array; qscale==qscale_dot; matches verify_incoming at k=10
LME,470,asym,Hit@3,67.8723,/mnt/c/Users/MDP/dev/llmzip-work/parallel_ideas_r1/hit10/QSCALE.json,CLAIM,doc bits UNCHANGED 12B/doc + archived std array; qscale==qscale_dot; matches verify_incoming at k=10
LME,470,asym,Hit@10,85.7447,/mnt/c/Users/MDP/dev/llmzip-work/parallel_ideas_r1/hit10/QSCALE.json,CLAIM,doc bits UNCHANGED 12B/doc + archived std array; qscale==qscale_dot; matches verify_incoming at k=10
LME,470,qscale,Hit@1,44.2553,/mnt/c/Users/MDP/dev/llmzip-work/parallel_ideas_r1/hit10/QSCALE.json,CLAIM,doc bits UNCHANGED 12B/doc + archived std array; qscale==qscale_dot; matches verify_incoming at k=10
LME,470,qscale,Hit@3,72.1277,/mnt/c/Users/MDP/dev/llmzip-work/parallel_ideas_r1/hit10/QSCALE.json,CLAIM,doc bits UNCHANGED 12B/doc + archived std array; qscale==qscale_dot; matches verify_incoming at k=10
LME,470,qscale,Hit@10,88.5106,/mnt/c/Users/MDP/dev/llmzip-work/parallel_ideas_r1/hit10/QSCALE.json,CLAIM,doc bits UNCHANGED 12B/doc + archived std array; qscale==qscale_dot; matches verify_incoming at k=10
LME,470,qscale_dot,Hit@1,44.2553,/mnt/c/Users/MDP/dev/llmzip-work/parallel_ideas_r1/hit10/QSCALE.json,CLAIM,doc bits UNCHANGED 12B/doc + archived std array; qscale==qscale_dot; matches verify_incoming at k=10
LME,470,qscale_dot,Hit@3,72.1277,/mnt/c/Users/MDP/dev/llmzip-work/parallel_ideas_r1/hit10/QSCALE.json,CLAIM,doc bits UNCHANGED 12B/doc + archived std array; qscale==qscale_dot; matches verify_incoming at k=10
LME,470,qscale_dot,Hit@10,88.5106,/mnt/c/Users/MDP/dev/llmzip-work/parallel_ideas_r1/hit10/QSCALE.json,CLAIM,doc bits UNCHANGED 12B/doc + archived std array; qscale==qscale_dot; matches verify_incoming at k=10
LME,470,float_std,Hit@1,47.6596,/mnt/c/Users/MDP/dev/llmzip-work/parallel_ideas_r1/hit10/QSCALE.json,CLAIM,doc bits UNCHANGED 12B/doc + archived std array; qscale==qscale_dot; matches verify_incoming at k=10
LME,470,float_std,Hit@3,73.8298,/mnt/c/Users/MDP/dev/llmzip-work/parallel_ideas_r1/hit10/QSCALE.json,CLAIM,doc bits UNCHANGED 12B/doc + archived std array; qscale==qscale_dot; matches verify_incoming at k=10
LME,470,float_std,Hit@10,88.2979,/mnt/c/Users/MDP/dev/llmzip-work/parallel_ideas_r1/hit10/QSCALE.json,CLAIM,doc bits UNCHANGED 12B/doc + archived std array; qscale==qscale_dot; matches verify_incoming at k=10
REALTALK,705,sym,Hit@1,15.6265,/mnt/c/Users/MDP/dev/llmzip-work/parallel_ideas_r1/hit10/QSCALE.json,CLAIM,doc bits UNCHANGED 12B/doc + archived std array; qscale==qscale_dot; matches verify_incoming at k=10
REALTALK,705,sym,Hit@3,29.7376,/mnt/c/Users/MDP/dev/llmzip-work/parallel_ideas_r1/hit10/QSCALE.json,CLAIM,doc bits UNCHANGED 12B/doc + archived std array; qscale==qscale_dot; matches verify_incoming at k=10
REALTALK,705,sym,Hit@10,46.6809,/mnt/c/Users/MDP/dev/llmzip-work/parallel_ideas_r1/hit10/QSCALE.json,CLAIM,doc bits UNCHANGED 12B/doc + archived std array; qscale==qscale_dot; matches verify_incoming at k=10
REALTALK,705,asym,Hit@1,13.9007,/mnt/c/Users/MDP/dev/llmzip-work/parallel_ideas_r1/hit10/QSCALE.json,CLAIM,doc bits UNCHANGED 12B/doc + archived std array; qscale==qscale_dot; matches verify_incoming at k=10
REALTALK,705,asym,Hit@3,26.383,/mnt/c/Users/MDP/dev/llmzip-work/parallel_ideas_r1/hit10/QSCALE.json,CLAIM,doc bits UNCHANGED 12B/doc + archived std array; qscale==qscale_dot; matches verify_incoming at k=10
REALTALK,705,asym,Hit@10,43.5461,/mnt/c/Users/MDP/dev/llmzip-work/parallel_ideas_r1/hit10/QSCALE.json,CLAIM,doc bits UNCHANGED 12B/doc + archived std array; qscale==qscale_dot; matches verify_incoming at k=10
REALTALK,705,qscale,Hit@1,16.5957,/mnt/c/Users/MDP/dev/llmzip-work/parallel_ideas_r1/hit10/QSCALE.json,CLAIM,doc bits UNCHANGED 12B/doc + archived std array; qscale==qscale_dot; matches verify_incoming at k=10
REALTALK,705,qscale,Hit@3,29.5035,/mnt/c/Users/MDP/dev/llmzip-work/parallel_ideas_r1/hit10/QSCALE.json,CLAIM,doc bits UNCHANGED 12B/doc + archived std array; qscale==qscale_dot; matches verify_incoming at k=10
REALTALK,705,qscale,Hit@10,49.6454,/mnt/c/Users/MDP/dev/llmzip-work/parallel_ideas_r1/hit10/QSCALE.json,CLAIM,doc bits UNCHANGED 12B/doc + archived std array; qscale==qscale_dot; matches verify_incoming at k=10
REALTALK,705,qscale_dot,Hit@1,16.5957,/mnt/c/Users/MDP/dev/llmzip-work/parallel_ideas_r1/hit10/QSCALE.json,CLAIM,doc bits UNCHANGED 12B/doc + archived std array; qscale==qscale_dot; matches verify_incoming at k=10
REALTALK,705,qscale_dot,Hit@3,29.5035,/mnt/c/Users/MDP/dev/llmzip-work/parallel_ideas_r1/hit10/QSCALE.json,CLAIM,doc bits UNCHANGED 12B/doc + archived std array; qscale==qscale_dot; matches verify_incoming at k=10
REALTALK,705,qscale_dot,Hit@10,49.6454,/mnt/c/Users/MDP/dev/llmzip-work/parallel_ideas_r1/hit10/QSCALE.json,CLAIM,doc bits UNCHANGED 12B/doc + archived std array; qscale==qscale_dot; matches verify_incoming at k=10
REALTALK,705,float_std,Hit@1,17.4468,/mnt/c/Users/MDP/dev/llmzip-work/parallel_ideas_r1/hit10/QSCALE.json,CLAIM,doc bits UNCHANGED 12B/doc + archived std array; qscale==qscale_dot; matches verify_incoming at k=10
REALTALK,705,float_std,Hit@3,29.3617,/mnt/c/Users/MDP/dev/llmzip-work/parallel_ideas_r1/hit10/QSCALE.json,CLAIM,doc bits UNCHANGED 12B/doc + archived std array; qscale==qscale_dot; matches verify_incoming at k=10
REALTALK,705,float_std,Hit@10,48.5106,/mnt/c/Users/MDP/dev/llmzip-work/parallel_ideas_r1/hit10/QSCALE.json,CLAIM,doc bits UNCHANGED 12B/doc + archived std array; qscale==qscale_dot; matches verify_incoming at k=10
PerLTQA,8265,qscale-sym,Hit@10-contrast-pp,4.2388,/mnt/c/Users/MDP/dev/llmzip-work/parallel_ideas_r1/hit10/QSCALE_CI.json,CLAIM,"cluster-level 95CI [3.401690938989092, 5.0332507578830885] (query-level CI flagged WRONG)"
PerLTQA,8265,qscale-float_std,Hit@10-contrast-pp,-3.9564,/mnt/c/Users/MDP/dev/llmzip-work/parallel_ideas_r1/hit10/QSCALE_CI.json,CLAIM,"cluster-level 95CI [-4.743602124577499, -3.1884324913017807] (query-level CI flagged WRONG)"
PerLTQA,8265,asym-sym,Hit@10-contrast-pp,4.4324,/mnt/c/Users/MDP/dev/llmzip-work/parallel_ideas_r1/hit10/QSCALE_CI.json,CLAIM,"cluster-level 95CI [3.1994363968855506, 5.620699123377313] (query-level CI flagged WRONG)"
LME,470,qscale-sym,Hit@10-contrast-pp,2.4333,/mnt/c/Users/MDP/dev/llmzip-work/parallel_ideas_r1/hit10/QSCALE_CI.json,CLAIM,"cluster-level 95CI [0.6484295845997973, 4.265450861195542] (query-level CI flagged WRONG)"
LME,470,qscale-float_std,Hit@10-contrast-pp,0.2128,/mnt/c/Users/MDP/dev/llmzip-work/parallel_ideas_r1/hit10/QSCALE_CI.json,CLAIM,"cluster-level 95CI [-1.702127659574468, 2.127659574468085] (query-level CI flagged WRONG)"
LME,470,asym-sym,Hit@10-contrast-pp,-0.3327,/mnt/c/Users/MDP/dev/llmzip-work/parallel_ideas_r1/hit10/QSCALE_CI.json,CLAIM,"cluster-level 95CI [-2.696724079702803, 2.021276595744681] (query-level CI flagged WRONG)"
REALTALK,705,qscale-sym,Hit@10-contrast-pp,2.9645,/mnt/c/Users/MDP/dev/llmzip-work/parallel_ideas_r1/hit10/QSCALE_CI.json,CLAIM,"cluster-level 95CI [0.7896920452413904, 4.975856577401198] (query-level CI flagged WRONG)"
REALTALK,705,qscale-float_std,Hit@10-contrast-pp,1.1348,/mnt/c/Users/MDP/dev/llmzip-work/parallel_ideas_r1/hit10/QSCALE_CI.json,CLAIM,"cluster-level 95CI [-2.083405771905424, 4.213483146067416] (query-level CI flagged WRONG)"
REALTALK,705,asym-sym,Hit@10-contrast-pp,-3.1348,/mnt/c/Users/MDP/dev/llmzip-work/parallel_ideas_r1/hit10/QSCALE_CI.json,CLAIM,"cluster-level 95CI [-8.071680202693322, 2.057759216156356] (query-level CI flagged WRONG)"
LoCoMo,1535,sym,Hit@10,43.8448,/mnt/c/Users/MDP/dev/llmzip-work/parallel_ideas_r1/hit10/LOCOMO.json,CLAIM,10 archives/1535 queries/5 skipped-no-gold; 156 audited gold corrections NOT applied; no historical float baseline
LoCoMo,1535,asym,Hit@10,38.5668,/mnt/c/Users/MDP/dev/llmzip-work/parallel_ideas_r1/hit10/LOCOMO.json,CLAIM,10 archives/1535 queries/5 skipped-no-gold; 156 audited gold corrections NOT applied; no historical float baseline
LoCoMo,1535,b8,Hit@10,36.4821,/mnt/c/Users/MDP/dev/llmzip-work/parallel_ideas_r1/hit10/LOCOMO.json,CLAIM,10 archives/1535 queries/5 skipped-no-gold; 156 audited gold corrections NOT applied; no historical float baseline
LoCoMo,1535,sign88,Hit@10,37.329,/mnt/c/Users/MDP/dev/llmzip-work/parallel_ideas_r1/hit10/LOCOMO.json,CLAIM,10 archives/1535 queries/5 skipped-no-gold; 156 audited gold corrections NOT applied; no historical float baseline
LoCoMo,1535,float,Hit@10,34.658,/mnt/c/Users/MDP/dev/llmzip-work/parallel_ideas_r1/hit10/LOCOMO.json,CLAIM,10 archives/1535 queries/5 skipped-no-gold; 156 audited gold corrections NOT applied; no historical float baseline
LoCoMo,1535,float_std,Hit@10,50.0326,/mnt/c/Users/MDP/dev/llmzip-work/parallel_ideas_r1/hit10/LOCOMO.json,CLAIM,10 archives/1535 queries/5 skipped-no-gold; 156 audited gold corrections NOT applied; no historical float baseline
LoCoMo,1535,sym,FR@10,38.4715,/mnt/c/Users/MDP/dev/llmzip-work/parallel_ideas_r1/hit10/LOCOMO.json,CLAIM,10 archives/1535 queries/5 skipped-no-gold; 156 audited gold corrections NOT applied; no historical float baseline
LoCoMo,1535,asym,FR@10,33.1566,/mnt/c/Users/MDP/dev/llmzip-work/parallel_ideas_r1/hit10/LOCOMO.json,CLAIM,10 archives/1535 queries/5 skipped-no-gold; 156 audited gold corrections NOT applied; no historical float baseline
LoCoMo,1535,b8,FR@10,31.16,/mnt/c/Users/MDP/dev/llmzip-work/parallel_ideas_r1/hit10/LOCOMO.json,CLAIM,10 archives/1535 queries/5 skipped-no-gold; 156 audited gold corrections NOT applied; no historical float baseline
LoCoMo,1535,sign88,FR@10,31.7376,/mnt/c/Users/MDP/dev/llmzip-work/parallel_ideas_r1/hit10/LOCOMO.json,CLAIM,10 archives/1535 queries/5 skipped-no-gold; 156 audited gold corrections NOT applied; no historical float baseline
LoCoMo,1535,float,FR@10,29.7162,/mnt/c/Users/MDP/dev/llmzip-work/parallel_ideas_r1/hit10/LOCOMO.json,CLAIM,10 archives/1535 queries/5 skipped-no-gold; 156 audited gold corrections NOT applied; no historical float baseline
LoCoMo,1535,float_std,FR@10,44.2812,/mnt/c/Users/MDP/dev/llmzip-work/parallel_ideas_r1/hit10/LOCOMO.json,CLAIM,10 archives/1535 queries/5 skipped-no-gold; 156 audited gold corrections NOT applied; no historical float baseline
LoCoMo,1535,all-arms,other-k-and-FR-rows,0,/mnt/c/Users/MDP/dev/llmzip-work/parallel_ideas_r1/hit10/LOCOMO.json,CLAIM,POINTER: Hit@1/3/5/20 + FR@1/3/5/20/10 rows exist in file; not unrolled here. NOTE: n=1535 here vs 1531 in HIZ_GENELLEME (unresolved)
lme,470,zero_sym_hit10,Hit@10,86.0773,/mnt/c/Users/MDP/dev/llmzip-work/parallel_ideas_r1/hit10/THRESHOLD_lme.json,CLAIM,threshold sweep: docs+query share doc-fitted thresholds; moving threshold away from 0 hurts
lme,470,zero_float_q_hit10,Hit@10,85.7447,/mnt/c/Users/MDP/dev/llmzip-work/parallel_ideas_r1/hit10/THRESHOLD_lme.json,CLAIM,threshold sweep: docs+query share doc-fitted thresholds; moving threshold away from 0 hurts
lme,470,q0.1_sym_hit10,Hit@10,34.7185,/mnt/c/Users/MDP/dev/llmzip-work/parallel_ideas_r1/hit10/THRESHOLD_lme.json,CLAIM,threshold sweep: docs+query share doc-fitted thresholds; moving threshold away from 0 hurts
lme,470,q0.1_float_q_hit10,Hit@10,61.7021,/mnt/c/Users/MDP/dev/llmzip-work/parallel_ideas_r1/hit10/THRESHOLD_lme.json,CLAIM,threshold sweep: docs+query share doc-fitted thresholds; moving threshold away from 0 hurts
lme,470,q0.2_sym_hit10,Hit@10,51.2928,/mnt/c/Users/MDP/dev/llmzip-work/parallel_ideas_r1/hit10/THRESHOLD_lme.json,CLAIM,threshold sweep: docs+query share doc-fitted thresholds; moving threshold away from 0 hurts
lme,470,q0.2_float_q_hit10,Hit@10,78.2979,/mnt/c/Users/MDP/dev/llmzip-work/parallel_ideas_r1/hit10/THRESHOLD_lme.json,CLAIM,threshold sweep: docs+query share doc-fitted thresholds; moving threshold away from 0 hurts
lme,470,q0.3_sym_hit10,Hit@10,76.9041,/mnt/c/Users/MDP/dev/llmzip-work/parallel_ideas_r1/hit10/THRESHOLD_lme.json,CLAIM,threshold sweep: docs+query share doc-fitted thresholds; moving threshold away from 0 hurts
lme,470,q0.3_float_q_hit10,Hit@10,84.2553,/mnt/c/Users/MDP/dev/llmzip-work/parallel_ideas_r1/hit10/THRESHOLD_lme.json,CLAIM,threshold sweep: docs+query share doc-fitted thresholds; moving threshold away from 0 hurts
lme,470,q0.4_sym_hit10,Hit@10,85.0007,/mnt/c/Users/MDP/dev/llmzip-work/parallel_ideas_r1/hit10/THRESHOLD_lme.json,CLAIM,threshold sweep: docs+query share doc-fitted thresholds; moving threshold away from 0 hurts
lme,470,q0.4_float_q_hit10,Hit@10,84.2553,/mnt/c/Users/MDP/dev/llmzip-work/parallel_ideas_r1/hit10/THRESHOLD_lme.json,CLAIM,threshold sweep: docs+query share doc-fitted thresholds; moving threshold away from 0 hurts
lme,470,q0.5_sym_hit10,Hit@10,84.6184,/mnt/c/Users/MDP/dev/llmzip-work/parallel_ideas_r1/hit10/THRESHOLD_lme.json,CLAIM,threshold sweep: docs+query share doc-fitted thresholds; moving threshold away from 0 hurts
lme,470,q0.5_float_q_hit10,Hit@10,85.7447,/mnt/c/Users/MDP/dev/llmzip-work/parallel_ideas_r1/hit10/THRESHOLD_lme.json,CLAIM,threshold sweep: docs+query share doc-fitted thresholds; moving threshold away from 0 hurts
lme,470,q0.6_sym_hit10,Hit@10,82.2536,/mnt/c/Users/MDP/dev/llmzip-work/parallel_ideas_r1/hit10/THRESHOLD_lme.json,CLAIM,threshold sweep: docs+query share doc-fitted thresholds; moving threshold away from 0 hurts
lme,470,q0.6_float_q_hit10,Hit@10,85.5319,/mnt/c/Users/MDP/dev/llmzip-work/parallel_ideas_r1/hit10/THRESHOLD_lme.json,CLAIM,threshold sweep: docs+query share doc-fitted thresholds; moving threshold away from 0 hurts
lme,470,q0.7_sym_hit10,Hit@10,77.2488,/mnt/c/Users/MDP/dev/llmzip-work/parallel_ideas_r1/hit10/THRESHOLD_lme.json,CLAIM,threshold sweep: docs+query share doc-fitted thresholds; moving threshold away from 0 hurts
lme,470,q0.7_float_q_hit10,Hit@10,82.5532,/mnt/c/Users/MDP/dev/llmzip-work/parallel_ideas_r1/hit10/THRESHOLD_lme.json,CLAIM,threshold sweep: docs+query share doc-fitted thresholds; moving threshold away from 0 hurts
lme,470,q0.8_sym_hit10,Hit@10,60.4802,/mnt/c/Users/MDP/dev/llmzip-work/parallel_ideas_r1/hit10/THRESHOLD_lme.json,CLAIM,threshold sweep: docs+query share doc-fitted thresholds; moving threshold away from 0 hurts
lme,470,q0.8_float_q_hit10,Hit@10,78.5106,/mnt/c/Users/MDP/dev/llmzip-work/parallel_ideas_r1/hit10/THRESHOLD_lme.json,CLAIM,threshold sweep: docs+query share doc-fitted thresholds; moving threshold away from 0 hurts
lme,470,q0.9_sym_hit10,Hit@10,35.5575,/mnt/c/Users/MDP/dev/llmzip-work/parallel_ideas_r1/hit10/THRESHOLD_lme.json,CLAIM,threshold sweep: docs+query share doc-fitted thresholds; moving threshold away from 0 hurts
lme,470,q0.9_float_q_hit10,Hit@10,64.4681,/mnt/c/Users/MDP/dev/llmzip-work/parallel_ideas_r1/hit10/THRESHOLD_lme.json,CLAIM,threshold sweep: docs+query share doc-fitted thresholds; moving threshold away from 0 hurts
lme,470,random_sym_hit10,Hit@10,57.1501,/mnt/c/Users/MDP/dev/llmzip-work/parallel_ideas_r1/hit10/THRESHOLD_lme.json,CLAIM,threshold sweep: docs+query share doc-fitted thresholds; moving threshold away from 0 hurts
lme,470,random_float_q_hit10,Hit@10,72.1277,/mnt/c/Users/MDP/dev/llmzip-work/parallel_ideas_r1/hit10/THRESHOLD_lme.json,CLAIM,threshold sweep: docs+query share doc-fitted thresholds; moving threshold away from 0 hurts
lme,470,all-thresholds,Hit@1/Hit@3-pointer,0,/mnt/c/Users/MDP/dev/llmzip-work/parallel_ideas_r1/hit10/THRESHOLD_lme.json,CLAIM,POINTER: full hit1/hit3 columns in file; not unrolled
perltqa,8265,zero_sym_hit10,Hit@10,75.7612,/mnt/c/Users/MDP/dev/llmzip-work/parallel_ideas_r1/hit10/THRESHOLD_perltqa.json,CLAIM,threshold sweep: docs+query share doc-fitted thresholds; moving threshold away from 0 hurts
perltqa,8265,zero_float_q_hit10,Hit@10,80.1936,/mnt/c/Users/MDP/dev/llmzip-work/parallel_ideas_r1/hit10/THRESHOLD_perltqa.json,CLAIM,threshold sweep: docs+query share doc-fitted thresholds; moving threshold away from 0 hurts
perltqa,8265,q0.1_sym_hit10,Hit@10,30.6229,/mnt/c/Users/MDP/dev/llmzip-work/parallel_ideas_r1/hit10/THRESHOLD_perltqa.json,CLAIM,threshold sweep: docs+query share doc-fitted thresholds; moving threshold away from 0 hurts
perltqa,8265,q0.1_float_q_hit10,Hit@10,48.4392,/mnt/c/Users/MDP/dev/llmzip-work/parallel_ideas_r1/hit10/THRESHOLD_perltqa.json,CLAIM,threshold sweep: docs+query share doc-fitted thresholds; moving threshold away from 0 hurts
perltqa,8265,q0.2_sym_hit10,Hit@10,52.307,/mnt/c/Users/MDP/dev/llmzip-work/parallel_ideas_r1/hit10/THRESHOLD_perltqa.json,CLAIM,threshold sweep: docs+query share doc-fitted thresholds; moving threshold away from 0 hurts
perltqa,8265,q0.2_float_q_hit10,Hit@10,70.3327,/mnt/c/Users/MDP/dev/llmzip-work/parallel_ideas_r1/hit10/THRESHOLD_perltqa.json,CLAIM,threshold sweep: docs+query share doc-fitted thresholds; moving threshold away from 0 hurts
perltqa,8265,q0.3_sym_hit10,Hit@10,68.7136,/mnt/c/Users/MDP/dev/llmzip-work/parallel_ideas_r1/hit10/THRESHOLD_perltqa.json,CLAIM,threshold sweep: docs+query share doc-fitted thresholds; moving threshold away from 0 hurts
perltqa,8265,q0.3_float_q_hit10,Hit@10,77.4592,/mnt/c/Users/MDP/dev/llmzip-work/parallel_ideas_r1/hit10/THRESHOLD_perltqa.json,CLAIM,threshold sweep: docs+query share doc-fitted thresholds; moving threshold away from 0 hurts
perltqa,8265,q0.4_sym_hit10,Hit@10,73.9776,/mnt/c/Users/MDP/dev/llmzip-work/parallel_ideas_r1/hit10/THRESHOLD_perltqa.json,CLAIM,threshold sweep: docs+query share doc-fitted thresholds; moving threshold away from 0 hurts
perltqa,8265,q0.4_float_q_hit10,Hit@10,79.2982,/mnt/c/Users/MDP/dev/llmzip-work/parallel_ideas_r1/hit10/THRESHOLD_perltqa.json,CLAIM,threshold sweep: docs+query share doc-fitted thresholds; moving threshold away from 0 hurts
perltqa,8265,q0.5_sym_hit10,Hit@10,74.7766,/mnt/c/Users/MDP/dev/llmzip-work/parallel_ideas_r1/hit10/THRESHOLD_perltqa.json,CLAIM,threshold sweep: docs+query share doc-fitted thresholds; moving threshold away from 0 hurts
perltqa,8265,q0.5_float_q_hit10,Hit@10,79.6733,/mnt/c/Users/MDP/dev/llmzip-work/parallel_ideas_r1/hit10/THRESHOLD_perltqa.json,CLAIM,threshold sweep: docs+query share doc-fitted thresholds; moving threshold away from 0 hurts
perltqa,8265,q0.6_sym_hit10,Hit@10,73.879,/mnt/c/Users/MDP/dev/llmzip-work/parallel_ideas_r1/hit10/THRESHOLD_perltqa.json,CLAIM,threshold sweep: docs+query share doc-fitted thresholds; moving threshold away from 0 hurts
perltqa,8265,q0.6_float_q_hit10,Hit@10,79.9032,/mnt/c/Users/MDP/dev/llmzip-work/parallel_ideas_r1/hit10/THRESHOLD_perltqa.json,CLAIM,threshold sweep: docs+query share doc-fitted thresholds; moving threshold away from 0 hurts
perltqa,8265,q0.7_sym_hit10,Hit@10,68.1347,/mnt/c/Users/MDP/dev/llmzip-work/parallel_ideas_r1/hit10/THRESHOLD_perltqa.json,CLAIM,threshold sweep: docs+query share doc-fitted thresholds; moving threshold away from 0 hurts
perltqa,8265,q0.7_float_q_hit10,Hit@10,78.6449,/mnt/c/Users/MDP/dev/llmzip-work/parallel_ideas_r1/hit10/THRESHOLD_perltqa.json,CLAIM,threshold sweep: docs+query share doc-fitted thresholds; moving threshold away from 0 hurts
perltqa,8265,q0.8_sym_hit10,Hit@10,52.9338,/mnt/c/Users/MDP/dev/llmzip-work/parallel_ideas_r1/hit10/THRESHOLD_perltqa.json,CLAIM,threshold sweep: docs+query share doc-fitted thresholds; moving threshold away from 0 hurts
perltqa,8265,q0.8_float_q_hit10,Hit@10,72.6154,/mnt/c/Users/MDP/dev/llmzip-work/parallel_ideas_r1/hit10/THRESHOLD_perltqa.json,CLAIM,threshold sweep: docs+query share doc-fitted thresholds; moving threshold away from 0 hurts
perltqa,8265,q0.9_sym_hit10,Hit@10,33.0167,/mnt/c/Users/MDP/dev/llmzip-work/parallel_ideas_r1/hit10/THRESHOLD_perltqa.json,CLAIM,threshold sweep: docs+query share doc-fitted thresholds; moving threshold away from 0 hurts
perltqa,8265,q0.9_float_q_hit10,Hit@10,54.7264,/mnt/c/Users/MDP/dev/llmzip-work/parallel_ideas_r1/hit10/THRESHOLD_perltqa.json,CLAIM,threshold sweep: docs+query share doc-fitted thresholds; moving threshold away from 0 hurts
perltqa,8265,random_sym_hit10,Hit@10,46.7136,/mnt/c/Users/MDP/dev/llmzip-work/parallel_ideas_r1/hit10/THRESHOLD_perltqa.json,CLAIM,threshold sweep: docs+query share doc-fitted thresholds; moving threshold away from 0 hurts
perltqa,8265,random_float_q_hit10,Hit@10,61.4277,/mnt/c/Users/MDP/dev/llmzip-work/parallel_ideas_r1/hit10/THRESHOLD_perltqa.json,CLAIM,threshold sweep: docs+query share doc-fitted thresholds; moving threshold away from 0 hurts
perltqa,8265,all-thresholds,Hit@1/Hit@3-pointer,0,/mnt/c/Users/MDP/dev/llmzip-work/parallel_ideas_r1/hit10/THRESHOLD_perltqa.json,CLAIM,POINTER: full hit1/hit3 columns in file; not unrolled
realtalk,705,zero_sym_hit10,Hit@10,46.6809,/mnt/c/Users/MDP/dev/llmzip-work/parallel_ideas_r1/hit10/THRESHOLD_realtalk.json,CLAIM,threshold sweep: docs+query share doc-fitted thresholds; moving threshold away from 0 hurts
realtalk,705,zero_float_q_hit10,Hit@10,43.5461,/mnt/c/Users/MDP/dev/llmzip-work/parallel_ideas_r1/hit10/THRESHOLD_realtalk.json,CLAIM,threshold sweep: docs+query share doc-fitted thresholds; moving threshold away from 0 hurts
realtalk,705,q0.1_sym_hit10,Hit@10,13.3769,/mnt/c/Users/MDP/dev/llmzip-work/parallel_ideas_r1/hit10/THRESHOLD_realtalk.json,CLAIM,threshold sweep: docs+query share doc-fitted thresholds; moving threshold away from 0 hurts
realtalk,705,q0.1_float_q_hit10,Hit@10,20.2837,/mnt/c/Users/MDP/dev/llmzip-work/parallel_ideas_r1/hit10/THRESHOLD_realtalk.json,CLAIM,threshold sweep: docs+query share doc-fitted thresholds; moving threshold away from 0 hurts
realtalk,705,q0.2_sym_hit10,Hit@10,21.0539,/mnt/c/Users/MDP/dev/llmzip-work/parallel_ideas_r1/hit10/THRESHOLD_realtalk.json,CLAIM,threshold sweep: docs+query share doc-fitted thresholds; moving threshold away from 0 hurts
realtalk,705,q0.2_float_q_hit10,Hit@10,30.4965,/mnt/c/Users/MDP/dev/llmzip-work/parallel_ideas_r1/hit10/THRESHOLD_realtalk.json,CLAIM,threshold sweep: docs+query share doc-fitted thresholds; moving threshold away from 0 hurts
realtalk,705,q0.3_sym_hit10,Hit@10,31.4,/mnt/c/Users/MDP/dev/llmzip-work/parallel_ideas_r1/hit10/THRESHOLD_realtalk.json,CLAIM,threshold sweep: docs+query share doc-fitted thresholds; moving threshold away from 0 hurts
realtalk,705,q0.3_float_q_hit10,Hit@10,36.0284,/mnt/c/Users/MDP/dev/llmzip-work/parallel_ideas_r1/hit10/THRESHOLD_realtalk.json,CLAIM,threshold sweep: docs+query share doc-fitted thresholds; moving threshold away from 0 hurts
realtalk,705,q0.4_sym_hit10,Hit@10,41.4262,/mnt/c/Users/MDP/dev/llmzip-work/parallel_ideas_r1/hit10/THRESHOLD_realtalk.json,CLAIM,threshold sweep: docs+query share doc-fitted thresholds; moving threshold away from 0 hurts
realtalk,705,q0.4_float_q_hit10,Hit@10,40.7092,/mnt/c/Users/MDP/dev/llmzip-work/parallel_ideas_r1/hit10/THRESHOLD_realtalk.json,CLAIM,threshold sweep: docs+query share doc-fitted thresholds; moving threshold away from 0 hurts
realtalk,705,q0.5_sym_hit10,Hit@10,45.248,/mnt/c/Users/MDP/dev/llmzip-work/parallel_ideas_r1/hit10/THRESHOLD_realtalk.json,CLAIM,threshold sweep: docs+query share doc-fitted thresholds; moving threshold away from 0 hurts
realtalk,705,q0.5_float_q_hit10,Hit@10,43.5461,/mnt/c/Users/MDP/dev/llmzip-work/parallel_ideas_r1/hit10/THRESHOLD_realtalk.json,CLAIM,threshold sweep: docs+query share doc-fitted thresholds; moving threshold away from 0 hurts
realtalk,705,q0.6_sym_hit10,Hit@10,42.9918,/mnt/c/Users/MDP/dev/llmzip-work/parallel_ideas_r1/hit10/THRESHOLD_realtalk.json,CLAIM,threshold sweep: docs+query share doc-fitted thresholds; moving threshold away from 0 hurts
realtalk,705,q0.6_float_q_hit10,Hit@10,42.9787,/mnt/c/Users/MDP/dev/llmzip-work/parallel_ideas_r1/hit10/THRESHOLD_realtalk.json,CLAIM,threshold sweep: docs+query share doc-fitted thresholds; moving threshold away from 0 hurts
realtalk,705,q0.7_sym_hit10,Hit@10,32.465,/mnt/c/Users/MDP/dev/llmzip-work/parallel_ideas_r1/hit10/THRESHOLD_realtalk.json,CLAIM,threshold sweep: docs+query share doc-fitted thresholds; moving threshold away from 0 hurts
realtalk,705,q0.7_float_q_hit10,Hit@10,38.156,/mnt/c/Users/MDP/dev/llmzip-work/parallel_ideas_r1/hit10/THRESHOLD_realtalk.json,CLAIM,threshold sweep: docs+query share doc-fitted thresholds; moving threshold away from 0 hurts
realtalk,705,q0.8_sym_hit10,Hit@10,20.889,/mnt/c/Users/MDP/dev/llmzip-work/parallel_ideas_r1/hit10/THRESHOLD_realtalk.json,CLAIM,threshold sweep: docs+query share doc-fitted thresholds; moving threshold away from 0 hurts
realtalk,705,q0.8_float_q_hit10,Hit@10,29.9291,/mnt/c/Users/MDP/dev/llmzip-work/parallel_ideas_r1/hit10/THRESHOLD_realtalk.json,CLAIM,threshold sweep: docs+query share doc-fitted thresholds; moving threshold away from 0 hurts
realtalk,705,q0.9_sym_hit10,Hit@10,13.7892,/mnt/c/Users/MDP/dev/llmzip-work/parallel_ideas_r1/hit10/THRESHOLD_realtalk.json,CLAIM,threshold sweep: docs+query share doc-fitted thresholds; moving threshold away from 0 hurts
realtalk,705,q0.9_float_q_hit10,Hit@10,21.7073,/mnt/c/Users/MDP/dev/llmzip-work/parallel_ideas_r1/hit10/THRESHOLD_realtalk.json,CLAIM,threshold sweep: docs+query share doc-fitted thresholds; moving threshold away from 0 hurts
realtalk,705,random_sym_hit10,Hit@10,22.3395,/mnt/c/Users/MDP/dev/llmzip-work/parallel_ideas_r1/hit10/THRESHOLD_realtalk.json,CLAIM,threshold sweep: docs+query share doc-fitted thresholds; moving threshold away from 0 hurts
realtalk,705,random_float_q_hit10,Hit@10,27.234,/mnt/c/Users/MDP/dev/llmzip-work/parallel_ideas_r1/hit10/THRESHOLD_realtalk.json,CLAIM,threshold sweep: docs+query share doc-fitted thresholds; moving threshold away from 0 hurts
realtalk,705,all-thresholds,Hit@1/Hit@3-pointer,0,/mnt/c/Users/MDP/dev/llmzip-work/parallel_ideas_r1/hit10/THRESHOLD_realtalk.json,CLAIM,POINTER: full hit1/hit3 columns in file; not unrolled
LME-subset240,240,S1_Z,Hit@1,52.08,/mnt/c/Users/MDP/dev/llmzip-work/parallel_ideas_r1/hit10/LADDER.json,CLAIM,240-archive LME subset incl. raw Z/SVD/norm/center/sign stages; S2==S3 maxdiff 5.6e-16
LME-subset240,240,S1_Z,Hit@3,72.92,/mnt/c/Users/MDP/dev/llmzip-work/parallel_ideas_r1/hit10/LADDER.json,CLAIM,240-archive LME subset incl. raw Z/SVD/norm/center/sign stages; S2==S3 maxdiff 5.6e-16
LME-subset240,240,S1_Z,Hit@10,85.42,/mnt/c/Users/MDP/dev/llmzip-work/parallel_ideas_r1/hit10/LADDER.json,CLAIM,240-archive LME subset incl. raw Z/SVD/norm/center/sign stages; S2==S3 maxdiff 5.6e-16
LME-subset240,240,S2_svd,Hit@1,34.17,/mnt/c/Users/MDP/dev/llmzip-work/parallel_ideas_r1/hit10/LADDER.json,CLAIM,240-archive LME subset incl. raw Z/SVD/norm/center/sign stages; S2==S3 maxdiff 5.6e-16
LME-subset240,240,S2_svd,Hit@3,60.42,/mnt/c/Users/MDP/dev/llmzip-work/parallel_ideas_r1/hit10/LADDER.json,CLAIM,240-archive LME subset incl. raw Z/SVD/norm/center/sign stages; S2==S3 maxdiff 5.6e-16
LME-subset240,240,S2_svd,Hit@10,83.33,/mnt/c/Users/MDP/dev/llmzip-work/parallel_ideas_r1/hit10/LADDER.json,CLAIM,240-archive LME subset incl. raw Z/SVD/norm/center/sign stages; S2==S3 maxdiff 5.6e-16
LME-subset240,240,S3_norm,Hit@1,34.17,/mnt/c/Users/MDP/dev/llmzip-work/parallel_ideas_r1/hit10/LADDER.json,CLAIM,240-archive LME subset incl. raw Z/SVD/norm/center/sign stages; S2==S3 maxdiff 5.6e-16
LME-subset240,240,S3_norm,Hit@3,60.42,/mnt/c/Users/MDP/dev/llmzip-work/parallel_ideas_r1/hit10/LADDER.json,CLAIM,240-archive LME subset incl. raw Z/SVD/norm/center/sign stages; S2==S3 maxdiff 5.6e-16
LME-subset240,240,S3_norm,Hit@10,83.33,/mnt/c/Users/MDP/dev/llmzip-work/parallel_ideas_r1/hit10/LADDER.json,CLAIM,240-archive LME subset incl. raw Z/SVD/norm/center/sign stages; S2==S3 maxdiff 5.6e-16
LME-subset240,240,S4_center,Hit@1,33.75,/mnt/c/Users/MDP/dev/llmzip-work/parallel_ideas_r1/hit10/LADDER.json,CLAIM,240-archive LME subset incl. raw Z/SVD/norm/center/sign stages; S2==S3 maxdiff 5.6e-16
LME-subset240,240,S4_center,Hit@3,60.42,/mnt/c/Users/MDP/dev/llmzip-work/parallel_ideas_r1/hit10/LADDER.json,CLAIM,240-archive LME subset incl. raw Z/SVD/norm/center/sign stages; S2==S3 maxdiff 5.6e-16
LME-subset240,240,S4_center,Hit@10,82.92,/mnt/c/Users/MDP/dev/llmzip-work/parallel_ideas_r1/hit10/LADDER.json,CLAIM,240-archive LME subset incl. raw Z/SVD/norm/center/sign stages; S2==S3 maxdiff 5.6e-16
LME-subset240,240,S5_sign_fq,Hit@1,38.33,/mnt/c/Users/MDP/dev/llmzip-work/parallel_ideas_r1/hit10/LADDER.json,CLAIM,240-archive LME subset incl. raw Z/SVD/norm/center/sign stages; S2==S3 maxdiff 5.6e-16
LME-subset240,240,S5_sign_fq,Hit@3,64.58,/mnt/c/Users/MDP/dev/llmzip-work/parallel_ideas_r1/hit10/LADDER.json,CLAIM,240-archive LME subset incl. raw Z/SVD/norm/center/sign stages; S2==S3 maxdiff 5.6e-16
LME-subset240,240,S5_sign_fq,Hit@10,85.0,/mnt/c/Users/MDP/dev/llmzip-work/parallel_ideas_r1/hit10/LADDER.json,CLAIM,240-archive LME subset incl. raw Z/SVD/norm/center/sign stages; S2==S3 maxdiff 5.6e-16
LME-subset240,240,S6_sign,Hit@1,42.29,/mnt/c/Users/MDP/dev/llmzip-work/parallel_ideas_r1/hit10/LADDER.json,CLAIM,240-archive LME subset incl. raw Z/SVD/norm/center/sign stages; S2==S3 maxdiff 5.6e-16
LME-subset240,240,S6_sign,Hit@3,70.62,/mnt/c/Users/MDP/dev/llmzip-work/parallel_ideas_r1/hit10/LADDER.json,CLAIM,240-archive LME subset incl. raw Z/SVD/norm/center/sign stages; S2==S3 maxdiff 5.6e-16
LME-subset240,240,S6_sign,Hit@10,87.29,/mnt/c/Users/MDP/dev/llmzip-work/parallel_ideas_r1/hit10/LADDER.json,CLAIM,240-archive LME subset incl. raw Z/SVD/norm/center/sign stages; S2==S3 maxdiff 5.6e-16
PerLTQA,8265,sym/asym/b8/sign88/float/float_std,Hit@k-curve-pointer,0,/mnt/c/Users/MDP/dev/llmzip-work/parallel_ideas_r1/hit10/KSWEEP.json,CLAIM,"POINTER: full hit@k curves k=1..546 exist; self-check equals HIT10 at k=1,3,5,10,20"
ALL,9440,sign-codes,codesize-pointer,0,/mnt/c/Users/MDP/dev/llmzip-work/parallel_ideas_r1/hit10/CODESIZE.json,CLAIM,POINTER: lossless gzip/bz2/lzma ratios on packed SIGN codes (raw ~incompressible); totals only
ALL,9440,faiss-hamming,correctness-pointer,0,/mnt/c/Users/MDP/dev/llmzip-work/parallel_ideas_r1/hit10/FAISS.json,CLAIM,POINTER: faiss binary index matches frozen Top10 exactly (top10+all); ms-level timings inside
ALL,9020,faiss-vs-frozen,audit-pointer,0,/mnt/c/Users/MDP/dev/llmzip-work/parallel_ideas_r1/hit10/AUDIT_CORRECTNESS.json,CLAIM,"POINTER: 90-archive audit; C3 faiss-vs-frozen Hit@10 delta +0.41pp from tiebreak convention (311 queries differ by convention, not error)"
PerLTQA+LME+RT,9440,b8-payloads,integrity-pointer,0,/mnt/c/Users/MDP/dev/llmzip-work/parallel_ideas_r1/retrieval_review/integrity_checks.json,CLAIM,"POINTER: 510/510 payload structures, sign/threshold/std recompute maxerr 0.0, 9440 unique keys"
REALTALK,705,BM25/TFIDF,audit-pointer,0,/mnt/c/Users/MDP/dev/llmzip-work/top10_comparison_r1/audit/lexical_audit.json,CLAIM,POINTER: audit replayed both arms 0 top/actual mismatches; 46 partial-valid queries with unresolved evidence tokens retained
fixture-SmolLM2-4texts,8,ridge-ctx16,mean-KL(full||arm),0.3,/mnt/c/Users/MDP/dev/llmzip-work/parallel_ideas_r1/hit10/../kv/REPORT.md,CLAIM,OBSOLETE FSCORE: use kv_repair corrected values below; kept for provenance
fixture-SmolLM2-4texts,8,ridge-ctx16,mean-KL(full||arm),0.3,/mnt/c/Users/MDP/dev/llmzip-work/parallel_ideas_r1/kv_repair/REPORT.md,CLAIM,"corrected shifted-v2: ctx16 ridge KL 0.30-0.48, q4 0.02-0.03, zero 0.51-1.05, copy 2.09-4.09"
fixture-SmolLM2-4texts,8,ridge-ctx64,mean-KL(full||arm),0.23,/mnt/c/Users/MDP/dev/llmzip-work/parallel_ideas_r1/kv_repair/REPORT.md,CLAIM,"corrected: ctx64 ridge KL 0.23-0.77, q4 0.00-0.08; original negative dNLL WITHDRAWN (alignment bug)"
fixture-SmolLM2-4texts,12,Newton-GMRES-8x20,successes,0,/mnt/c/Users/MDP/dev/llmzip-work/parallel_ideas_r1/inverse_repair/REPORT.md,CLAIM,0/12 block + 0/4 segment under 1e-5/1e-3; JVP bug fixed then honestly re-tested
fixture-SmolLM2-4texts,4,ledger-L14-KVonly,mean-KL,0.00026,/mnt/c/Users/MDP/dev/llmzip-work/parallel_ideas_r1/inverse_repair/REPORT.md,CLAIM,true single-layer-14 KV-only continuation; dNLL -0.003 agree 0.97
fixture-SmolLM2-4texts,4,ledger-L14-hidden-replace,delta-NLL,-0.006,/mnt/c/Users/MDP/dev/llmzip-work/parallel_ideas_r1/inverse/REPORT.md,CLAIM,full-hidden-state replacement (NOT KV-only); KL 0.002 agree 1.00
