distribution,n,data_seed,initialization_seed,iterations,converged,stop_reason,cap_hit,initial_objective_mean,final_objective_mean,initial_objective_sum,final_objective_sum,relative_training_objective_reduction,orthogonality_frobenius_error,monotonicity_violations,positive_half_step_increases_within_tolerance,largest_positive_half_step_increase,exact_zero_projection_entries_over_observed_steps,elapsed_seconds,data_sha256,initial_rotation_sha256,final_rotation_sha256,final_binary_codes_sha256
gaussian,100,5212100,7312001,11,True,relative_objective_stable_5,False,0.40303494737337664,0.15444087334881323,3869.1354947844156,1482.6323841486071,0.6168052563299498,2.601426449589915e-14,0,0,0.0,0,0.0235072000650689,89f7d1b3dd8b554c5b8e6e088ae0af98f91818f82b0bdd1f1d91eadb8b25aaa2,29d7236dfa0c7782784c0713c0010d5960193f97d12cb4e6272a316c5a840880,4fd1bc937b7f0dbdc5376242b86c30554c0910c0006943b1946d5e0031f2d658,3b1f33ed649a5bf081292168d1cf80ec30030477ddc28677e23c390b3af0c11c
gaussian,100,5212100,7312002,13,True,relative_objective_stable_5,False,0.4016034661610799,0.15055844165460905,3855.393275146367,1445.3610398842468,0.6251067175943613,2.6976327614843876e-14,0,0,0.0,0,0.02385110000614077,89f7d1b3dd8b554c5b8e6e088ae0af98f91818f82b0bdd1f1d91eadb8b25aaa2,09c16380acd86ba0f5983001666952c1fe8cc07a623513c77b920059db08d699,f118d920e87fead8be16253ea761dd0377bb7874eefac5b6229e6aaae1a7e00e,4146df3dc3c0026b1bc0da118b216e1c0ab7598eb404202eaa6e31a59c1b24b7
gaussian,100,5212100,7312003,16,True,relative_objective_stable_5,False,0.40639682355353274,0.14921456997334212,3901.409506113914,1432.4598717440845,0.6328352946545933,2.7126005977835116e-14,0,0,0.0,0,0.029564199969172478,89f7d1b3dd8b554c5b8e6e088ae0af98f91818f82b0bdd1f1d91eadb8b25aaa2,87a5f1d6c00a09a058c0d77476edcc7307fa38209378932833f628623c5e6694,6bba45839896456339eeeb90d0d944a126b1c3a2ad9a26f3960bf8fe4d680813,d646cceab4e609dd456cbb16dbb34947b948c307737473aec0657235f0c11130
gaussian,100,5212100,7312004,11,True,relative_objective_stable_5,False,0.407103966811144,0.14822565866096155,3908.1980813869827,1422.966323145231,0.6359022000644774,2.5112418678449636e-14,0,0,0.0,0,0.020919100032188,89f7d1b3dd8b554c5b8e6e088ae0af98f91818f82b0bdd1f1d91eadb8b25aaa2,c02b50b360df6e448a4d0cfaa3a8025c5530cf04f1299e5c0f6d42ecc7845d09,5831d16e12b52513b287bbf1a78e7ec73a0ebabfff5e1b0739df50edbee6ae1e,f88b9d312b8b47834305b8289592cd7875893af06a306cb507546f3cba6983d5
gaussian,100,5212100,7312005,14,True,relative_objective_stable_5,False,0.396873375381025,0.14627811381463843,3809.98440365784,1404.269892620529,0.6314237162565978,2.8116043280451427e-14,0,0,0.0,0,0.02864080003928393,89f7d1b3dd8b554c5b8e6e088ae0af98f91818f82b0bdd1f1d91eadb8b25aaa2,6f239c7798ac2175ffea3d35a05164a1e8a997b58af62e007ee07e5ef9483fe5,cdfa05fc22af13c2219474d3d2bd8241952fdd768ab783a86c85a4cd186916ca,dc95edaf03674de0a27444b48ee2d32e2789ce04b40acffbcfec82f7792d0d92
gaussian,100,5212100,7312006,12,True,relative_objective_stable_5,False,0.4035086107649037,0.1543074481388743,3873.6826633430755,1481.3515021331932,0.6175857366553734,2.641659890935573e-14,0,0,0.0,0,0.02580189995933324,89f7d1b3dd8b554c5b8e6e088ae0af98f91818f82b0bdd1f1d91eadb8b25aaa2,dd16d4749df3a595fab6783363274f825c98a4a46db8d30cfb8d51e20f32fc61,c0cf7da6be91b6f7479b6ecf16009639a6ad05f3d199cbdad124ef631d77f3e8,5a46ec898145848b095517a4a3f72c2c01cb9364899b0701ec994abd1e516047
gaussian,100,5212100,7312007,11,True,relative_objective_stable_5,False,0.4027450192010409,0.15218969529647444,3866.3521843299927,1461.0210748461545,0.6221189883405985,2.52039838071737e-14,0,0,0.0,0,0.022872300003655255,89f7d1b3dd8b554c5b8e6e088ae0af98f91818f82b0bdd1f1d91eadb8b25aaa2,fb6648a9b1aff69dc7787f7620959882aa42044aab171e5a030cf863501c7fac,85b505480e02f107a6ab6b8d8cc0d22f619297702dfe189bd831ee24956098b3,e1e61e66bee423322675a885ba9f95a71e7539517390bef9ffef9ea5d593d7b1
gaussian,100,5212100,7312008,13,True,relative_objective_stable_5,False,0.4003096427362487,0.1494541945964918,3842.9725702679875,1434.7602681263213,0.626653523570097,2.8152053468759626e-14,0,0,0.0,0,0.02991799998562783,89f7d1b3dd8b554c5b8e6e088ae0af98f91818f82b0bdd1f1d91eadb8b25aaa2,ab9752160b0ea100d782e061c518e1853cea6bf2019ba0c47704cba1002f6ddf,6552e8123c8f7a3d666efd939d71dbfa4f5c28172e9684b6bee6bc2996cc2008,d050b1c599db9b2f588dc1887cd412eb7262ef63f56e556583662b9b31140e92
gaussian,100,5212100,7312009,10,True,relative_objective_stable_5,False,0.4042288690477691,0.14845173185193833,3880.5971428585835,1425.136625778608,0.6327532662334533,2.6969282562981292e-14,0,0,0.0,0,0.019786100019700825,89f7d1b3dd8b554c5b8e6e088ae0af98f91818f82b0bdd1f1d91eadb8b25aaa2,03147f63aa4bf97b1f8b3ce584aa208fa04a24579e8d8e1a1de39df57b410e6d,832e600cca617190ce569aba1a49e4155412af2290f7ac07cbfb12d063c8686a,e5271d80dce2643288c659a048db7e9005b4a488e6f0ccdc3cc09e70a6cb2dba
gaussian,100,5212100,7312010,13,True,relative_objective_stable_5,False,0.400286368877216,0.14365329916856667,3842.749141221274,1379.07167201824,0.6411236796009135,2.802427683257031e-14,0,0,0.0,0,0.025138800032436848,89f7d1b3dd8b554c5b8e6e088ae0af98f91818f82b0bdd1f1d91eadb8b25aaa2,14f35ce06927678a59dd59d26a9724389a485cc3dffc963bcac4046bae766a34,651f4e0966958612d7d23c1ff164decccb7763c9f0a9664b98fffb31d807a4b2,b5e88a3bf7634d8c438966583f79b779344e858036c6ae91ecfe2facb785320a
gaussian,100,5212100,7312011,10,True,relative_objective_stable_5,False,0.40539671894046453,0.15358610881571513,3891.8085018284596,1474.4266446308652,0.6211461473661547,2.5728362637817045e-14,0,0,0.0,0,0.018483699997887015,89f7d1b3dd8b554c5b8e6e088ae0af98f91818f82b0bdd1f1d91eadb8b25aaa2,29cc27e854074dcb7cc1d9a2eac087eead0871b2c61077be3062d9ef3f931820,965ce3e2ef2ec3146a4cf11dc9df97901819bd167be9ae25b5c5953ee42d62ce,5ce5c4bca1f59187815abb8eda02c56fc3b9f99b7f321fffb3857115a7acf609
gaussian,100,5212100,7312012,9,True,relative_objective_stable_5,False,0.3998620422004326,0.15002032561861461,3838.6756051241528,1440.1951259387004,0.6248197883623665,2.604238482535048e-14,0,0,0.0,0,0.019361099926754832,89f7d1b3dd8b554c5b8e6e088ae0af98f91818f82b0bdd1f1d91eadb8b25aaa2,dc1a7babe16644337529c22e7a9294b5534ca55919e4c85756bf9c2be6d038b5,d764b3c5a6d1bdc4d37e6f156001491ce81c456b702d444bf0a4532a0cf7394a,6f82c2f73d5b3e53f106d2d23566f12411e654b6d4ed5d38273151d044d83278
gaussian,100,5212100,7312013,14,True,relative_objective_stable_5,False,0.4110893314597925,0.15246340478801643,3946.457582014008,1463.6486859649576,0.6291234213093938,2.6367004729230842e-14,0,0,0.0,0,0.02837150008417666,89f7d1b3dd8b554c5b8e6e088ae0af98f91818f82b0bdd1f1d91eadb8b25aaa2,2ae805ae258cddf4752bcf6cd2f3caefb21bd53199a2b18404e951f38b5c142e,f3950bca4c8a785192551049eace3f46fbfcf1f2710713ac1a748c7907c3a863,18a468669ecbeac384587709be217523b1b9329e5f0e0c9de6ed6eab25052785
gaussian,100,5212100,7312014,11,True,relative_objective_stable_5,False,0.40298186835730526,0.14940258462002998,3868.6259362301307,1434.2648123522877,0.6292573032403491,2.673380686004818e-14,0,0,0.0,0,0.021057400037534535,89f7d1b3dd8b554c5b8e6e088ae0af98f91818f82b0bdd1f1d91eadb8b25aaa2,94d8799a77edb0763fd9fc46fc42dd4ad6e8560b98adad5147efe8f07530255f,28fcf918a829f5a40a04aa9be46b6878470cfc1a87c4ec595882c71b3f62dc13,ae9e7cd07cb086504e47cbbab05039dbb7128491594c3c81cdfc69dd62e0d25e
gaussian,100,5212100,7312015,12,True,relative_objective_stable_5,False,0.4029489892208239,0.15209086205286465,3868.3102965199096,1460.0722757075007,0.6225555439487257,2.7292970549923335e-14,0,0,0.0,0,0.022177699953317642,89f7d1b3dd8b554c5b8e6e088ae0af98f91818f82b0bdd1f1d91eadb8b25aaa2,26478f94f92f579abb988a4aee1bd8066ba64eff5b4179b9aa12eb8b2d38d860,ec21c71ca0d605c4f2844ac646bd4c0249aefce0f1fc2a8e36afad35a7402c2c,1157e7365e35a8cd5c8c80d8ad1c7c7b625fc5e83e8319db682bb5f6012ee5f2
gaussian,100,5212100,7312016,14,True,relative_objective_stable_5,False,0.40373585345777374,0.14967198030489695,3875.864193194628,1436.8510109270107,0.6292824156610334,2.764414871940388e-14,0,0,0.0,0,0.028865200001746416,89f7d1b3dd8b554c5b8e6e088ae0af98f91818f82b0bdd1f1d91eadb8b25aaa2,3134165718aaeb6a31e150dedfddf9b597c56629b4d90c6bfa3a4716e07460b2,448caf6af33a807691e9a384c81f21ba5a891a86d2eaf93b2ff367d86d930e5a,8e2f111986c9029b2b07dd5fd445571c39001a2831b036cbc82feef4bd20b02e
gaussian,100,5212100,7312017,14,True,relative_objective_stable_5,False,0.3976007776915361,0.14637263153761396,3816.9674658387466,1405.177262761094,0.6318602986959655,2.7873899629463766e-14,0,0,0.0,0,0.026530199917033315,89f7d1b3dd8b554c5b8e6e088ae0af98f91818f82b0bdd1f1d91eadb8b25aaa2,b34362e585f7f7ea99dbb512620be21c1a9b8c581738bcbaf20dea35487f5877,43bcbfc7650a3f1c71f10308c4a7ce237898a77f2a0f17b121751e508bf922bd,fb6c362a66dbff6986d412ce3e0f6d02ca0c247472b14b74dbd5cf3ad9ef075c
gaussian,100,5212100,7312018,11,True,relative_objective_stable_5,False,0.4070632567252836,0.15208752405896733,3907.8072645627226,1460.0402309660865,0.6263786486590037,2.6860503240905606e-14,0,0,0.0,0,0.0227752000791952,89f7d1b3dd8b554c5b8e6e088ae0af98f91818f82b0bdd1f1d91eadb8b25aaa2,bf9469e1ec5451c1579d8b06451f1b86556194bd114370b700fd5b48eeed3fc1,920aa80fcae56a31fe226ff61cf8d456e6f4545ec8fc396ee4384ae869a72392,c760219335f07a188f0889d45714addbac769d12628f5d830268a98b82fb88a4
gaussian,100,5212100,7312019,12,True,relative_objective_stable_5,False,0.40181039129954355,0.15226607309558504,3857.3797564756183,1461.7543017176165,0.6210499370035629,2.5841035692619054e-14,0,0,0.0,0,0.033725899993442,89f7d1b3dd8b554c5b8e6e088ae0af98f91818f82b0bdd1f1d91eadb8b25aaa2,7b59124bfd816b54117141b0ba0a99a2a443ba79bc8819a0f7de95c8edd8fefb,34c508e3b467bd3a515279e34863404e27a4c3db4bb11b27ad60900a2503eeed,b506bcb23441cac91f882e3a82cfe558ba604634b387fbf1ff514656953f1e8f
gaussian,100,5212100,7312020,12,True,relative_objective_stable_5,False,0.4048377245634903,0.14761017016994557,3886.442155809507,1417.0576336314775,0.6353843497932317,2.5744841339146517e-14,0,0,0.0,0,0.0411336999386549,89f7d1b3dd8b554c5b8e6e088ae0af98f91818f82b0bdd1f1d91eadb8b25aaa2,707fcf116933a0c17d6c504e7dd5036df80900c37f7bf3c512d613ccb59ddcaa,271f3104eb2959803dd7542f716023924ae6846de9f03e2a9f58a8fe1e3f52b9,741c38ecb16c8fd9aa8be6b1b045148681b05e5a6e80a5520d3fd2d9c1316090
heterogeneous,100,5212100,7312001,15,True,relative_objective_stable_5,False,0.41098020554311093,0.17116362345605374,3945.4099732138648,1643.170785178116,0.5835234370232971,2.51149509528285e-14,0,0,0.0,0,0.03838659997563809,bcee7bf8b246bbdcdbb7433f89e211c9518c315f42ebe7283a2b53b4afbfb1b1,29d7236dfa0c7782784c0713c0010d5960193f97d12cb4e6272a316c5a840880,7628d0d78c80698607863200612a82d09d7263ad83d49455399de008bbf55c52,070c5e767b8bb3f8ac5c39e3ddcfa3c7c9d9a6e1100fb0fef582e761d3b19e81
heterogeneous,100,5212100,7312002,14,True,relative_objective_stable_5,False,0.40462238924469146,0.1749038153846994,3884.374936749038,1679.0766276931142,0.5677356962100087,2.570443504255308e-14,0,0,0.0,0,0.03186360001564026,bcee7bf8b246bbdcdbb7433f89e211c9518c315f42ebe7283a2b53b4afbfb1b1,09c16380acd86ba0f5983001666952c1fe8cc07a623513c77b920059db08d699,1ce0c21a0172fb1362a61d90e3dd53017f6d453afe5ea06c3121c3ee0d30d320,ce21ea428a5697960e6d5088ae436d49f2dc08f9c14c63c25bc865e92a9ce0af
heterogeneous,100,5212100,7312003,13,True,relative_objective_stable_5,False,0.40864977561972377,0.1710553411128332,3923.037845949348,1642.1312746831986,0.5814133487448389,2.5931122527595468e-14,0,0,0.0,0,0.032071399968117476,bcee7bf8b246bbdcdbb7433f89e211c9518c315f42ebe7283a2b53b4afbfb1b1,87a5f1d6c00a09a058c0d77476edcc7307fa38209378932833f628623c5e6694,4ad17153042d65cf16621390acfe6bdaf76488e81390ecd149192adad6e9d67b,9be2fe8721b9f3eb3b39d5c649a347c7b5865fb21b54e72cf46259a62c84da75
heterogeneous,100,5212100,7312004,11,True,relative_objective_stable_5,False,0.4072439580616383,0.1728752676989147,3909.541997391728,1659.6025699095812,0.5754994904731056,2.6813266842049536e-14,0,0,0.0,0,0.02185799996368587,bcee7bf8b246bbdcdbb7433f89e211c9518c315f42ebe7283a2b53b4afbfb1b1,c02b50b360df6e448a4d0cfaa3a8025c5530cf04f1299e5c0f6d42ecc7845d09,0783771ddf7f02ddbd71e70b74d2c1df6dc46cfab92a6cbdea5ab2b4ecad408a,ec360033acfb32b8bc051dcf4f4657ddb35be8be67de8d79cd5ce65c8acb9976
heterogeneous,100,5212100,7312005,15,True,relative_objective_stable_5,False,0.40556723505058356,0.16819050297698412,3893.4454564856023,1614.6288285790476,0.585295634258998,2.502466878451244e-14,0,0,0.0,0,0.033394900034181774,bcee7bf8b246bbdcdbb7433f89e211c9518c315f42ebe7283a2b53b4afbfb1b1,6f239c7798ac2175ffea3d35a05164a1e8a997b58af62e007ee07e5ef9483fe5,eea24f8e740f1b051da96d51728819eb08474283f48126bfd0f61e0dfd8cb9c4,fe4084fe2b0c6827bc4958202839cd15f2520d44a998ca384d3fb7baffa112bb
heterogeneous,100,5212100,7312006,12,True,relative_objective_stable_5,False,0.40280722288220727,0.16644534355410198,3866.9493396691896,1597.875298119379,0.5867865964191622,2.4530208187535327e-14,0,0,0.0,0,0.0326158000389114,bcee7bf8b246bbdcdbb7433f89e211c9518c315f42ebe7283a2b53b4afbfb1b1,dd16d4749df3a595fab6783363274f825c98a4a46db8d30cfb8d51e20f32fc61,4e8a565171b80ddf515308efefe6bc3c90a50062a3171a1799d5553166933bb4,b2b30ee87c11b24c5f8f434a2be4f5db898c38735d77cd0e2d36ee5aecb3cdfe
heterogeneous,100,5212100,7312007,12,True,relative_objective_stable_5,False,0.41195841127210986,0.16870816417873385,3954.800748212255,1619.598376115845,0.59047282550253,2.5377661901842993e-14,0,0,0.0,0,0.03159040003083646,bcee7bf8b246bbdcdbb7433f89e211c9518c315f42ebe7283a2b53b4afbfb1b1,fb6648a9b1aff69dc7787f7620959882aa42044aab171e5a030cf863501c7fac,2dc4cea970a44dab1f08bb5f02626beeef2d873689f949c8fd52299ce8868f82,0afbce92fad15ac64cdc76aeb486fc333b5473e613a85cddd61cb7d7dea28626
heterogeneous,100,5212100,7312008,9,True,relative_objective_stable_5,False,0.40038594320766857,0.17255787935413172,3843.7050547936183,1656.5556417996645,0.5690211350286317,2.5454858532974204e-14,0,0,0.0,0,0.027097599930129945,bcee7bf8b246bbdcdbb7433f89e211c9518c315f42ebe7283a2b53b4afbfb1b1,ab9752160b0ea100d782e061c518e1853cea6bf2019ba0c47704cba1002f6ddf,c4727bc5d74117198b9b4c088b902f3b0f0fd5bb1929129919794556a79eab44,ed6d8b51a5de46bfbf3c63b91d0dcb15987142dc577deb28e000f62cb8dfea3a
heterogeneous,100,5212100,7312009,10,True,relative_objective_stable_5,False,0.4107982953919214,0.16994602858533395,3943.6636357624457,1631.481874419206,0.5863029849644404,2.4086360136662235e-14,0,0,0.0,0,0.028436099993996322,bcee7bf8b246bbdcdbb7433f89e211c9518c315f42ebe7283a2b53b4afbfb1b1,03147f63aa4bf97b1f8b3ce584aa208fa04a24579e8d8e1a1de39df57b410e6d,5d568c03e6270c04652ad3ed7aca9b38d4c51d9767a694f36340e8619aa27a7b,b623d45b6df187c466e28ea70b71573176e10837dd1a0445524a0261c935b62f
heterogeneous,100,5212100,7312010,13,True,relative_objective_stable_5,False,0.39817339204619806,0.17205524475509487,3822.4645636435016,1651.7303496489108,0.5678886430082396,2.5753654824862e-14,0,0,0.0,0,0.05037999991327524,bcee7bf8b246bbdcdbb7433f89e211c9518c315f42ebe7283a2b53b4afbfb1b1,14f35ce06927678a59dd59d26a9724389a485cc3dffc963bcac4046bae766a34,4bc0f955eae6ae3b663b9b45ec429f399765edf2b357818b24a0ea263cf2a1a7,738144e09146fefdbd796d2ede91349d5da60f23519ef1a31c296cf1a2ade6b7
heterogeneous,100,5212100,7312011,12,True,relative_objective_stable_5,False,0.4101062584691973,0.17204307552904483,3937.020081304294,1651.6135250788304,0.5804914653796565,2.5248794139986816e-14,0,0,0.0,0,0.03357010008767247,bcee7bf8b246bbdcdbb7433f89e211c9518c315f42ebe7283a2b53b4afbfb1b1,29cc27e854074dcb7cc1d9a2eac087eead0871b2c61077be3062d9ef3f931820,be14aeb443da2607430a9844f1f4e72c897fd5a587a69f3b687bba02e4607484,99843660cbc9031e358b983c683d47077f65d6e12186c055df4f015d37be696c
heterogeneous,100,5212100,7312012,11,True,relative_objective_stable_5,False,0.404113994068524,0.16737131365329064,3879.4943430578305,1606.76461107159,0.5858314334323445,2.5484614860979303e-14,0,0,0.0,0,0.040276900050230324,bcee7bf8b246bbdcdbb7433f89e211c9518c315f42ebe7283a2b53b4afbfb1b1,dc1a7babe16644337529c22e7a9294b5534ca55919e4c85756bf9c2be6d038b5,2a9c14ff3154e6560d0efe31a85fb633b5a121e172210d3f81e0269c5391bb06,6aae464e1012905776c2dca8231b069ddec5081b4cbcd1f09c1948b513ec1a7e
heterogeneous,100,5212100,7312013,11,True,relative_objective_stable_5,False,0.41725772482973755,0.16867854298001314,4005.6741583654807,1619.3140126081262,0.5957449486433293,2.535730305954103e-14,0,0,0.0,0,0.03574630001094192,bcee7bf8b246bbdcdbb7433f89e211c9518c315f42ebe7283a2b53b4afbfb1b1,2ae805ae258cddf4752bcf6cd2f3caefb21bd53199a2b18404e951f38b5c142e,7f1b32b2f1c6107010cb3972453d1bb8f6e597472e6b292dc3e2d90bb960e63e,9a4e12efba10ba1e69fe68c3edc4edad46b9c185088a643b4f188feb3ab33843
heterogeneous,100,5212100,7312014,13,True,relative_objective_stable_5,False,0.408467024649377,0.16727907220841962,3921.2834366340194,1605.8790932008283,0.5904710487902668,2.6772693595775928e-14,0,0,0.0,0,0.04357999993953854,bcee7bf8b246bbdcdbb7433f89e211c9518c315f42ebe7283a2b53b4afbfb1b1,94d8799a77edb0763fd9fc46fc42dd4ad6e8560b98adad5147efe8f07530255f,c366a2ab494619f9916ff40391bb093260353d792d5a278c9d80334ebe8617f9,1b436cf3d236dc2585a82ad41c1da003ec63e371477e0650d0ada98683b36af0
heterogeneous,100,5212100,7312015,13,True,relative_objective_stable_5,False,0.40807645536748005,0.17240682695275478,3917.5339715278087,1655.1055387464457,0.5775134176817445,2.4963610820950623e-14,0,0,0.0,0,0.03765209997072816,bcee7bf8b246bbdcdbb7433f89e211c9518c315f42ebe7283a2b53b4afbfb1b1,26478f94f92f579abb988a4aee1bd8066ba64eff5b4179b9aa12eb8b2d38d860,99bd6f1b0d27c92636fa346b0cdb11c1d2b9016f8e9a44636035b49bc80e041e,1f60261b7dce5537b4654d7465cea1ce411f6622735cb30c61c437854e80ff29
heterogeneous,100,5212100,7312016,10,True,relative_objective_stable_5,False,0.39835316293696177,0.16938333764569552,3824.190364194833,1626.080041398677,0.5747910311622154,2.8446140143558576e-14,0,0,0.0,0,0.029700100072659552,bcee7bf8b246bbdcdbb7433f89e211c9518c315f42ebe7283a2b53b4afbfb1b1,3134165718aaeb6a31e150dedfddf9b597c56629b4d90c6bfa3a4716e07460b2,d02d516d5e24f458d3f7ce96d34c89ad5c2f0c5e885b83a84473b640dc5502e3,7e084e3fc7243e89ce228d409d45aab16e7dc85f7d7500f4d22c3f737d5a5477
heterogeneous,100,5212100,7312017,14,True,relative_objective_stable_5,False,0.40848092875657416,0.17205711913631608,3921.416916063112,1651.7483437086344,0.5787878771719842,2.380036990563008e-14,0,0,0.0,0,0.0363878000061959,bcee7bf8b246bbdcdbb7433f89e211c9518c315f42ebe7283a2b53b4afbfb1b1,b34362e585f7f7ea99dbb512620be21c1a9b8c581738bcbaf20dea35487f5877,8a256ac6e49593f9fe4270932483ecebaa9d3e2a98297b994b604db878bae8f3,bdf5b5f6191dbc28389d64901a1dc673e253522f3a6ce03aac75878927ddf55e
heterogeneous,100,5212100,7312018,12,True,relative_objective_stable_5,False,0.4012350246108981,0.16894173624621747,3851.8562362646217,1621.8406679636878,0.5789456904714375,2.693456431040561e-14,0,0,0.0,0,0.03032379993237555,bcee7bf8b246bbdcdbb7433f89e211c9518c315f42ebe7283a2b53b4afbfb1b1,bf9469e1ec5451c1579d8b06451f1b86556194bd114370b700fd5b48eeed3fc1,0543b1abdbefbf4ee05e1e4c5c32659fde93c06dc5b0388001599df46a56030b,a060be7a241f258fc83bf1e0c938c24652a8e831f6deb73d99dbb5bcd2af2fdd
heterogeneous,100,5212100,7312019,16,True,relative_objective_stable_5,False,0.40428550803964164,0.16660325980941063,3881.1408771805595,1599.391294170342,0.5879069209844777,2.3884028959835818e-14,0,0,0.0,0,0.0506736000534147,bcee7bf8b246bbdcdbb7433f89e211c9518c315f42ebe7283a2b53b4afbfb1b1,7b59124bfd816b54117141b0ba0a99a2a443ba79bc8819a0f7de95c8edd8fefb,568de84a72537e2d73d8edaf4c9c0ae699861fd011bb6e9b5875f092034b1a61,2743567fb54b5020eae4825711d9fa6e78c73760199ab23ebb7b92433fce771b
heterogeneous,100,5212100,7312020,14,True,relative_objective_stable_5,False,0.3975544638239358,0.16361079248824775,3816.5228527097834,1570.6636078871784,0.5884569099928261,2.488640587250155e-14,0,0,0.0,0,0.036079299985431135,bcee7bf8b246bbdcdbb7433f89e211c9518c315f42ebe7283a2b53b4afbfb1b1,707fcf116933a0c17d6c504e7dd5036df80900c37f7bf3c512d613ccb59ddcaa,402681d5544f124096f63279b3014db9fc66c9c410d4ce32e152dea1bc3c59c6,c5df20dde179a975e0bc7b482ed074af73d78df0d237b841b49d46b377712840
rotated_heterogeneous,100,5212100,7312001,13,True,relative_objective_stable_5,False,0.4009125589976229,0.17342598529821865,3848.7605663771797,1664.8894588628991,0.567421919303738,2.4664717178785166e-14,0,0,0.0,0,0.030191099969670177,5d468f54649c52ae9506e94f25fc31287de0f73f2df02851117658549e501509,29d7236dfa0c7782784c0713c0010d5960193f97d12cb4e6272a316c5a840880,f637f40a1a93a9cdbb7ac0e33a898558f95d489432cb52158ed271514774b40d,faf1c06aa0af64b2230a6d56a7db187c7248ae41d3dffceeb85bc38fc4ba493c
rotated_heterogeneous,100,5212100,7312002,11,True,relative_objective_stable_5,False,0.4009326226268995,0.1653742869465908,3848.953177218235,1587.5931546872716,0.5875259891224042,2.5719414548111258e-14,0,0,0.0,0,0.026382700074464083,5d468f54649c52ae9506e94f25fc31287de0f73f2df02851117658549e501509,09c16380acd86ba0f5983001666952c1fe8cc07a623513c77b920059db08d699,1923300eaf8f262f00374f684d84c9ba16e2bd65ca7bc9902a4e9ae513d6f508,b70a681d5e1e724e95438dcd8b147f0f2b56ad0d2e9f7b0bdbb0a5ec233b539f
rotated_heterogeneous,100,5212100,7312003,12,True,relative_objective_stable_5,False,0.40802383147002175,0.1712063946268439,3917.028782112209,1643.5813884177014,0.580400992731174,2.5081811989668482e-14,0,0,0.0,0,0.02889419998973608,5d468f54649c52ae9506e94f25fc31287de0f73f2df02851117658549e501509,87a5f1d6c00a09a058c0d77476edcc7307fa38209378932833f628623c5e6694,e3b2b17f3f954804622730a2b2ac1e7c67650da2ea9ab368588836112efbe1a9,e930fd82757b68e91697f804e44273aa983017367faa9174bb24418a7ab8f884
rotated_heterogeneous,100,5212100,7312004,11,True,relative_objective_stable_5,False,0.4037104592594271,0.16986467487035037,3875.6204088905,1630.7008787553636,0.5792413325581091,2.4341213502699687e-14,0,0,0.0,0,0.024422400048933923,5d468f54649c52ae9506e94f25fc31287de0f73f2df02851117658549e501509,c02b50b360df6e448a4d0cfaa3a8025c5530cf04f1299e5c0f6d42ecc7845d09,97298ec51f4607da5010ceebda400e5ba50d7e2dfa87a66228b38652b9d6e751,dc6839beabef96ff17f97d55967bd3e6f4b710b93e87f8ac223c315e4bd9e4c6
rotated_heterogeneous,100,5212100,7312005,10,True,relative_objective_stable_5,False,0.4051904029628896,0.17030461283077827,3889.82786844374,1634.9242831754714,0.5796923826787278,2.529290423838332e-14,0,0,0.0,0,0.026142199989408255,5d468f54649c52ae9506e94f25fc31287de0f73f2df02851117658549e501509,6f239c7798ac2175ffea3d35a05164a1e8a997b58af62e007ee07e5ef9483fe5,066831b27f76ffc8cd3da4b512dfddfdb62edae9bc5ef43cd6a67453df8356dd,b811cd120b8df4f65c0f1a732a940f17ccd3f4aac64e753a6d8a56bf5c6e3a33
rotated_heterogeneous,100,5212100,7312006,14,True,relative_objective_stable_5,False,0.4013240413429794,0.17036950767281853,3852.710796892602,1635.547273659058,0.5754814311579769,2.449477619736553e-14,0,0,0.0,0,0.03347369993571192,5d468f54649c52ae9506e94f25fc31287de0f73f2df02851117658549e501509,dd16d4749df3a595fab6783363274f825c98a4a46db8d30cfb8d51e20f32fc61,75a8fdd59866b30eb30e18c3bfde61390e4b4ba6dc6b3cdfcc93f5d6b3b3e403,2d854ebb3c0d5a6f73f86d87244f68890244227b65e26b67366693c2ee6db116
rotated_heterogeneous,100,5212100,7312007,14,True,relative_objective_stable_5,False,0.4070418521621522,0.1726824409714601,3907.6017807566614,1657.751433326017,0.5757624429669973,2.5273153125937453e-14,0,0,0.0,0,0.036359200021252036,5d468f54649c52ae9506e94f25fc31287de0f73f2df02851117658549e501509,fb6648a9b1aff69dc7787f7620959882aa42044aab171e5a030cf863501c7fac,3366d00abed3a38359302caa610240c2267c5ff145e2eeda7c0e10be57782d6a,ec6f9ca668700964db8e09632f5c8ddfbe019f6f2a3773a6f6e72254444e2fcc
rotated_heterogeneous,100,5212100,7312008,13,True,relative_objective_stable_5,False,0.41157901988250994,0.17780520684769074,3951.1585908720954,1706.9299857378312,0.5679925402940914,2.464302210733076e-14,0,0,0.0,0,0.03275539993774146,5d468f54649c52ae9506e94f25fc31287de0f73f2df02851117658549e501509,ab9752160b0ea100d782e061c518e1853cea6bf2019ba0c47704cba1002f6ddf,a298b8c97bcdd8b2fadd0fbfc4f22d123f607ddd7180b67d2329cefda23abfb6,9d2f78b5cde77e024dc8d931dd51c17b55262a2f5ec4bdbcce88fec64a5af1e7
rotated_heterogeneous,100,5212100,7312009,11,True,relative_objective_stable_5,False,0.40108874408491935,0.16909840821516675,3850.4519432152256,1623.3447188656007,0.5784015116131883,2.5811546522749217e-14,0,0,0.0,0,0.027444400009699166,5d468f54649c52ae9506e94f25fc31287de0f73f2df02851117658549e501509,03147f63aa4bf97b1f8b3ce584aa208fa04a24579e8d8e1a1de39df57b410e6d,b07aef377ace646460d2364526b0c60f761e1957be9f7f4bb86b6d0fcf0c6103,5471eca142d84089d68d11a92755774691c8c0ebb39733ec286313714e40f7cf
rotated_heterogeneous,100,5212100,7312010,15,True,relative_objective_stable_5,False,0.40040897463553327,0.16958279520887293,3843.9261565011193,1627.99483400518,0.5764760383724333,2.5464552740665285e-14,0,0,0.0,0,0.037744700093753636,5d468f54649c52ae9506e94f25fc31287de0f73f2df02851117658549e501509,14f35ce06927678a59dd59d26a9724389a485cc3dffc963bcac4046bae766a34,8c069f472e5fdc46765648a8c150f28698906830c8cf7448f9bb7e6454c373a6,52bb0c50053e95a47878658c6b2a7a8c7598025b7f19c4dbcd49e88bf241d673
rotated_heterogeneous,100,5212100,7312011,16,True,relative_objective_stable_5,False,0.4087377305131906,0.17387739948096553,3923.88221292663,1669.223035017269,0.5745990974147315,2.4720523284230145e-14,0,0,0.0,0,0.05146460002288222,5d468f54649c52ae9506e94f25fc31287de0f73f2df02851117658549e501509,29cc27e854074dcb7cc1d9a2eac087eead0871b2c61077be3062d9ef3f931820,5e6b4fdb0a37d0d8dada4351afc08b832ab63c15c13cb28020cb36af40c63121,e5b312d582a2381d84b59eab052775c93a54a69319fe027ea4a65c0350c9aaa7
rotated_heterogeneous,100,5212100,7312012,13,True,relative_objective_stable_5,False,0.4057079137105521,0.17302308581575374,3894.7959716213,1661.021623831236,0.5735279496194516,2.502197906702431e-14,0,0,0.0,0,0.03670950001105666,5d468f54649c52ae9506e94f25fc31287de0f73f2df02851117658549e501509,dc1a7babe16644337529c22e7a9294b5534ca55919e4c85756bf9c2be6d038b5,5b7a44b38359fe1ac74db5cd3c734ad423b552ea2a03ee8571603f0d5c58e32d,0239eb5910db9542eae3538f32522ac0a8e11b7e605d15e152e234e53fdcc675
rotated_heterogeneous,100,5212100,7312013,12,True,relative_objective_stable_5,False,0.40772006244409104,0.17162095946399025,3914.112599463274,1647.5612108543064,0.5790715854520307,2.4588673212334337e-14,0,0,0.0,0,0.03160820004995912,5d468f54649c52ae9506e94f25fc31287de0f73f2df02851117658549e501509,2ae805ae258cddf4752bcf6cd2f3caefb21bd53199a2b18404e951f38b5c142e,fb5a104ba79ac67627a94cd473666aad326fd7771c137ccc8460557042f02498,dc28fa850a17c4455c260d7a58e081b1950229ce2a9147cfdd4e3bac830b8f18
rotated_heterogeneous,100,5212100,7312014,11,True,relative_objective_stable_5,False,0.40410456969159164,0.1690297547862428,3879.40386903928,1622.6856459479309,0.5817177842971573,2.5467888040214065e-14,0,0,0.0,0,0.025389699963852763,5d468f54649c52ae9506e94f25fc31287de0f73f2df02851117658549e501509,94d8799a77edb0763fd9fc46fc42dd4ad6e8560b98adad5147efe8f07530255f,c265e6cc3508e40a6779ac2c325037d9e4d2d4a942749065d5b4b20867ea8d03,673cc1599c1c1c5698fe4acaf1501889cf4a59e77a8394b931709fc6f204ef99
rotated_heterogeneous,100,5212100,7312015,17,True,relative_objective_stable_5,False,0.40508401457926685,0.1726279495995194,3888.806539960962,1657.2283161553864,0.5738465518595783,2.474508452659596e-14,0,0,0.0,0,0.05358820001129061,5d468f54649c52ae9506e94f25fc31287de0f73f2df02851117658549e501509,26478f94f92f579abb988a4aee1bd8066ba64eff5b4179b9aa12eb8b2d38d860,a0daed7ed2b6ad4f5fc47ebbf158f5476ddc5c7d99306a4f55095dfbebf07f68,2839bfb247bfb5be98d3fbdf62ddae0e0fdccae3d28e211a44d3fd1824af6cad
rotated_heterogeneous,100,5212100,7312016,9,True,relative_objective_stable_5,False,0.41136521430841705,0.17442285321806777,3949.106057360804,1674.4593908934507,0.5759902705645501,2.4751886143843444e-14,0,0,0.0,0,0.04066079994663596,5d468f54649c52ae9506e94f25fc31287de0f73f2df02851117658549e501509,3134165718aaeb6a31e150dedfddf9b597c56629b4d90c6bfa3a4716e07460b2,75f3e9d6b1ac99195c10c77d12e68440830362ba6b83903924ce1cc5dfd0b7b3,57a111ed2584796a3ef2d789f32ec1df3ddd821367561f3a6d19e698222b6310
rotated_heterogeneous,100,5212100,7312017,11,True,relative_objective_stable_5,False,0.39780519232208006,0.1703761007807723,3818.9298462919687,1635.6105674954142,0.5717097110114426,2.5436227122248933e-14,0,0,0.0,0,0.027359799947589636,5d468f54649c52ae9506e94f25fc31287de0f73f2df02851117658549e501509,b34362e585f7f7ea99dbb512620be21c1a9b8c581738bcbaf20dea35487f5877,da8dcaee24061e54ddeeb516063081747a40634af1dcbdb270e01ab6791ef3d3,f327d6d2259fb15ea85da3f6a15506fd943e56bbb2415726ab8f43cc915e8d74
rotated_heterogeneous,100,5212100,7312018,11,True,relative_objective_stable_5,False,0.41411217789130494,0.17022121073740198,3975.4769077565275,1634.1236230790591,0.588949034041493,2.4751886640537596e-14,0,0,0.0,0,0.03505589999258518,5d468f54649c52ae9506e94f25fc31287de0f73f2df02851117658549e501509,bf9469e1ec5451c1579d8b06451f1b86556194bd114370b700fd5b48eeed3fc1,96254641b99526f109e6cea4122032bb36e4daa3ac17eb65faade949a0f6ddca,0e4cfc0f19dce28a30dffcdf9135bd081107a05b25391499331d1b44748c4259
rotated_heterogeneous,100,5212100,7312019,11,True,relative_objective_stable_5,False,0.3938569929009626,0.1706268536158748,3781.027131849241,1638.017794712398,0.5667796771637369,2.5998319127265913e-14,0,0,0.0,0,0.026444699964486063,5d468f54649c52ae9506e94f25fc31287de0f73f2df02851117658549e501509,7b59124bfd816b54117141b0ba0a99a2a443ba79bc8819a0f7de95c8edd8fefb,9002d1544fd788921c71698ba45b3fd58bbb573ac11f8dc64d34194bf40f6df1,09f53cc10d929eb8b1ec384bcd79e706cfdfca5791aba0781e2c982c6946f1ce
rotated_heterogeneous,100,5212100,7312020,12,True,relative_objective_stable_5,False,0.40493179092599524,0.1748020090185839,3887.3451928895543,1678.0992865784053,0.568317398298494,2.6404166555586097e-14,0,0,0.0,0,0.02786160004325211,5d468f54649c52ae9506e94f25fc31287de0f73f2df02851117658549e501509,707fcf116933a0c17d6c504e7dd5036df80900c37f7bf3c512d613ccb59ddcaa,623cfa8f9d3f732dfd0c23fac8e417d2ab6cc0ae257f6533745fdba8bd5e27d7,ee65d09ba5823fc67dc02d61ca1fa5589752c7b7af4431250a229b073b2f126b
gaussian,250,5212250,7312001,32,True,relative_objective_stable_5,False,0.3986320190301653,0.20971096996442332,9567.168456723968,5033.063279146159,0.47392341820752226,2.8633591941177814e-14,0,0,0.0,0,0.13808820000849664,9d7980e0265cbcf9a4403d9add4617a9ccaac0b26502ad83b52d0436dd53865c,29d7236dfa0c7782784c0713c0010d5960193f97d12cb4e6272a316c5a840880,48e213164ed6ff452597115135a0a50d4678d1785924690c3c12c4065fb2569e,563b69c2ab7b25748d661868537e164307ae2b600e3bc2c6434f851d1236d91d
gaussian,250,5212250,7312002,29,True,relative_objective_stable_5,False,0.4010193089671296,0.20980197759289954,9624.46341521111,5035.247462229589,0.47682824018307707,3.010359707016518e-14,0,0,0.0,0,0.08928620000369847,9d7980e0265cbcf9a4403d9add4617a9ccaac0b26502ad83b52d0436dd53865c,09c16380acd86ba0f5983001666952c1fe8cc07a623513c77b920059db08d699,73841cbfc047f33e20632bd849bd4dc53766ef44ced6c17573e261ed3c829dfc,510f9c462ea1e01b4748f403b190ec2065dada05e52aaaf366b232f45df06aad
gaussian,250,5212250,7312003,27,True,relative_objective_stable_5,False,0.39641412220177524,0.2115527559212177,9513.938932842606,5077.266142109224,0.4663339571602419,2.768053754324472e-14,0,0,0.0,0,0.07704109989572316,9d7980e0265cbcf9a4403d9add4617a9ccaac0b26502ad83b52d0436dd53865c,87a5f1d6c00a09a058c0d77476edcc7307fa38209378932833f628623c5e6694,7ce4573c4584a5bda2cb0665e9afebd1b5e2c52ca51266137b8c627a565d71de,08a119399c1c58773a15f7c97061acd462ec41c71413ba77cffa6bc8541cb6ec
gaussian,250,5212250,7312004,30,True,relative_objective_stable_5,False,0.39926105010334284,0.21336927444382914,9582.265202480228,5120.8625866519,0.46558955753735143,2.820992997671963e-14,0,0,0.0,0,0.07853469997644424,9d7980e0265cbcf9a4403d9add4617a9ccaac0b26502ad83b52d0436dd53865c,c02b50b360df6e448a4d0cfaa3a8025c5530cf04f1299e5c0f6d42ecc7845d09,255bbe3298d1b9b2a47c4121ecbde22daa7590201a3c2e835e967bbbe8ab377a,1d7a3a7f1b35998ccc84fe97472e9b08a062e812ac82ef6c6782cf4709908e6b
gaussian,250,5212250,7312005,32,True,relative_objective_stable_5,False,0.39890770020635985,0.20842417053623766,9573.784804952636,5002.180092869704,0.4775127919856717,2.8004639198899837e-14,0,0,0.0,0,0.08448540000244975,9d7980e0265cbcf9a4403d9add4617a9ccaac0b26502ad83b52d0436dd53865c,6f239c7798ac2175ffea3d35a05164a1e8a997b58af62e007ee07e5ef9483fe5,ddcf724bee02ba0acf97872b8913e39a8ecf03db1d4692f59face3b292313454,4a87736ac67f446eac3a9811d7f0179de19aacf85fb2fd37aa67f003a2b705e1
gaussian,250,5212250,7312006,27,True,relative_objective_stable_5,False,0.4011055601570515,0.21319303820789196,9626.533443769236,5116.632916989407,0.46848645497604935,2.7981695525906323e-14,0,0,0.0,0,0.0865129999583587,9d7980e0265cbcf9a4403d9add4617a9ccaac0b26502ad83b52d0436dd53865c,dd16d4749df3a595fab6783363274f825c98a4a46db8d30cfb8d51e20f32fc61,5e39d3c41dad5d118e84e68f7def7e604304d0647de5ac2850ecb7dcf7b3c6fc,76b5522d2ddf146bc43cabf7c9470ffbc670d20432b757382785fbb582cd0429
gaussian,250,5212250,7312007,32,True,relative_objective_stable_5,False,0.3979815312975341,0.20961995155615712,9551.556751140819,5030.878837347771,0.47329226340545033,2.858875912252524e-14,0,0,0.0,0,0.08588170004077256,9d7980e0265cbcf9a4403d9add4617a9ccaac0b26502ad83b52d0436dd53865c,fb6648a9b1aff69dc7787f7620959882aa42044aab171e5a030cf863501c7fac,ea03bf3a919b8a76a2e84af6581f509173f78f60d932be286768f85df04f35d4,4aa44df9a20eb276a0a7f099c8584d3dbb557ad902b58899791151a2c3866354
gaussian,250,5212250,7312008,27,True,relative_objective_stable_5,False,0.4019041484576221,0.21422466754669373,9645.69956298293,5141.39202112065,0.4669757245133732,2.79421399196985e-14,0,0,0.0,0,0.06750030000694096,9d7980e0265cbcf9a4403d9add4617a9ccaac0b26502ad83b52d0436dd53865c,ab9752160b0ea100d782e061c518e1853cea6bf2019ba0c47704cba1002f6ddf,c159f50fc731026a8bf9ffa55bc1f778e3c39b0e7e114af247cb54433c919bcc,a641171a306b808518acf4474cec7e2c8b5bb54c39e79ba2d7dfa017640e7871
gaussian,250,5212250,7312009,33,True,relative_objective_stable_5,False,0.3972581010027413,0.21199629166621828,9534.19442406579,5087.910999989239,0.46635124335763917,2.7994097573145695e-14,0,0,0.0,0,0.07573889999184757,9d7980e0265cbcf9a4403d9add4617a9ccaac0b26502ad83b52d0436dd53865c,03147f63aa4bf97b1f8b3ce584aa208fa04a24579e8d8e1a1de39df57b410e6d,6cf1bb1261c8a9098209f7b20c422f73612a876839b451a2a647f60f3a54fb96,022890e98e2c3349e83b5a7e0706cd9a293bfb1a21462c7b977134385ba5076d
gaussian,250,5212250,7312010,25,True,relative_objective_stable_5,False,0.40187054100334807,0.21533034331452874,9644.892984080354,5167.92823954869,0.4641798257296626,2.6711271825207752e-14,0,0,0.0,0,0.05992350005544722,9d7980e0265cbcf9a4403d9add4617a9ccaac0b26502ad83b52d0436dd53865c,14f35ce06927678a59dd59d26a9724389a485cc3dffc963bcac4046bae766a34,474109a183d73de0fb1b9212246ee8d8d73a51525517429effb7a83ab85d54d4,7aa7962d350a1f20dc0d66f2038e2837fabaead207df1674349f48208929f703
gaussian,250,5212250,7312011,25,True,relative_objective_stable_5,False,0.3972411499140864,0.21022640736465525,9533.787597938073,5045.433776751726,0.4707839119634959,2.6927685103274968e-14,0,0,0.0,0,0.05691019992809743,9d7980e0265cbcf9a4403d9add4617a9ccaac0b26502ad83b52d0436dd53865c,29cc27e854074dcb7cc1d9a2eac087eead0871b2c61077be3062d9ef3f931820,03d0aeffd1c0a3628442b7f79af96ab8a5214190ea986646054324bc1ee9053a,92d7a90aafc28247de3d0733f2eb302c9163e4ed8571b8baa37610c942983dba
gaussian,250,5212250,7312012,31,True,relative_objective_stable_5,False,0.3991243843993102,0.21131184775348624,9578.985225583445,5071.48434608367,0.47056141891326786,2.86049754761549e-14,0,0,0.0,0,0.06737369997426867,9d7980e0265cbcf9a4403d9add4617a9ccaac0b26502ad83b52d0436dd53865c,dc1a7babe16644337529c22e7a9294b5534ca55919e4c85756bf9c2be6d038b5,8b5c5ea61c17f3f2c0d9c03159c60e9242497179e35223b5d62e2fabe71da8f5,da5da9b95f97e039aeac6c9cdc0a99ac6aaf645dd8cca140e4615bcddfc186fc
gaussian,250,5212250,7312013,34,True,relative_objective_stable_5,False,0.40058441092877833,0.20921768414666211,9614.02586229068,5021.224419519891,0.47771885665351105,2.970637557237353e-14,0,0,0.0,0,0.07411869999486953,9d7980e0265cbcf9a4403d9add4617a9ccaac0b26502ad83b52d0436dd53865c,2ae805ae258cddf4752bcf6cd2f3caefb21bd53199a2b18404e951f38b5c142e,ebeb0684d5fbf7b8e5e11a270c595cdcb325569d0ea7e641024a14a57816d84d,03142cddadaed2c8374e91aceac1bdbbbf6efc9239c0e93cb9d72c78eb4d62ea
gaussian,250,5212250,7312014,29,True,relative_objective_stable_5,False,0.4013982329612495,0.21458273443859777,9633.557591069988,5149.985626526346,0.46541186079582636,2.6469704172534027e-14,0,0,0.0,0,0.06812920002266765,9d7980e0265cbcf9a4403d9add4617a9ccaac0b26502ad83b52d0436dd53865c,94d8799a77edb0763fd9fc46fc42dd4ad6e8560b98adad5147efe8f07530255f,fc7c6b0b3f6a5cddc73e1ebcc99faed66bafb160668e6da0625613ef06d91801,1bb6dfe7277bd1aa3693428b2709da35aff03d37f9ef36e6413be741f85b1c56
gaussian,250,5212250,7312015,33,True,relative_objective_stable_5,False,0.4022846522760423,0.21077477749665344,9654.831654625015,5058.594659919682,0.4760556329849178,2.8114605432915982e-14,0,0,0.0,0,0.07236079999711365,9d7980e0265cbcf9a4403d9add4617a9ccaac0b26502ad83b52d0436dd53865c,26478f94f92f579abb988a4aee1bd8066ba64eff5b4179b9aa12eb8b2d38d860,fea7feec4fb584278c95423c25c6a12e89ba17147a83d177a09e89a106706b00,768cd527177423ddec8a65441bfda6dae96be7395a86ccbb4ed19ddd5bcced06
gaussian,250,5212250,7312016,33,True,relative_objective_stable_5,False,0.39837671877921177,0.2105930181895141,9561.041250701082,5054.232436548338,0.47137217547537236,2.9895791505858215e-14,0,0,0.0,0,0.08132839994505048,9d7980e0265cbcf9a4403d9add4617a9ccaac0b26502ad83b52d0436dd53865c,3134165718aaeb6a31e150dedfddf9b597c56629b4d90c6bfa3a4716e07460b2,730496a7b4eb0a7976ddab371cffbcf0ffc6dc14315d3ea9cdd577724a299266,7c5de537b1dcfa57e583aba7b0e06e5bd1023fecb5176079a6b53327ab023660
gaussian,250,5212250,7312017,20,True,relative_objective_stable_5,False,0.39936877213353245,0.21014544178560185,9584.850531204778,5043.490602854445,0.4738060247851881,2.8990526915778576e-14,0,0,0.0,0,0.044881199952214956,9d7980e0265cbcf9a4403d9add4617a9ccaac0b26502ad83b52d0436dd53865c,b34362e585f7f7ea99dbb512620be21c1a9b8c581738bcbaf20dea35487f5877,200161eb0889e947a43ef163989a327480f52bfd49f9c7faedd0367e4a92a11d,284ac741748a1304624bef6a602492bbe248bc56b7064ad802e5fb0e3db5cc1b
gaussian,250,5212250,7312018,33,True,relative_objective_stable_5,False,0.39792615744329807,0.2076676579616266,9550.227778639153,4984.023791079038,0.4781251393577516,2.7827592792765645e-14,0,0,0.0,0,0.076872400008142,9d7980e0265cbcf9a4403d9add4617a9ccaac0b26502ad83b52d0436dd53865c,bf9469e1ec5451c1579d8b06451f1b86556194bd114370b700fd5b48eeed3fc1,c90b085f79906192f67af6cc3d12f6c85697361628a9432324b1eff9d2dfcbac,671eb83ad08c5105d31d27f8add7a24a61c04e12ede499dfe1463406f5c19fa5
gaussian,250,5212250,7312019,26,True,relative_objective_stable_5,False,0.4017427676150803,0.2111130304588291,9641.826422761927,5066.7127310118985,0.474506954507015,2.840501236339387e-14,0,0,0.0,0,0.05660180002450943,9d7980e0265cbcf9a4403d9add4617a9ccaac0b26502ad83b52d0436dd53865c,7b59124bfd816b54117141b0ba0a99a2a443ba79bc8819a0f7de95c8edd8fefb,519b2b2ead9b9012b00b6c8d3b12fe3026438eef9f8357fedfc4eec886017c8a,81f77a9e7f25ce0d29b98b5bd118d8cffb6f10ec42ef01540beba29cdf87069b
gaussian,250,5212250,7312020,24,True,relative_objective_stable_5,False,0.39943920823783285,0.2113490392689112,9586.540997707989,5072.376942453869,0.47088559432785976,2.6770327029781134e-14,0,0,0.0,0,0.05340560001786798,9d7980e0265cbcf9a4403d9add4617a9ccaac0b26502ad83b52d0436dd53865c,707fcf116933a0c17d6c504e7dd5036df80900c37f7bf3c512d613ccb59ddcaa,b2083a4c19c8bf7d8e3b1e23e1766b321b846b2c6dc5449b7d3357b2617fe1a2,242e141927578914d49a758b06af4a5ef7163ec7b096cd670ebcef9ca67abfe7
heterogeneous,250,5212250,7312001,27,True,relative_objective_stable_5,False,0.4076838612921517,0.22650600098337137,9784.41267101164,5436.144023600913,0.4444077323407851,2.5357646653431057e-14,0,0,0.0,0,0.057332700002007186,8051c69109fb7b4cede916554f6b6e19b1b928fdd90ee22f189f82ce2dd849fe,29d7236dfa0c7782784c0713c0010d5960193f97d12cb4e6272a316c5a840880,da49ada5e6af6d9833cc7ec0dcdbda87d465e13d278e1e40d06537bc4590c171,2001764da971b3f787acd5d7c8beab2d88901bd0d95d89c41e998a4ae23cc68d
heterogeneous,250,5212250,7312002,28,True,relative_objective_stable_5,False,0.40144649402134824,0.22527257224681566,9634.715856512357,5406.5417339235755,0.43884782753928836,2.7995692671490557e-14,0,0,0.0,0,0.058490099967457354,8051c69109fb7b4cede916554f6b6e19b1b928fdd90ee22f189f82ce2dd849fe,09c16380acd86ba0f5983001666952c1fe8cc07a623513c77b920059db08d699,0caa88ee4a3eb84004f5d547d5bb72e2815df374719e7d7ad2314da37aa68b5a,3ea8c83c6d5dcc7174df83112716fd68c73462c1b5db89ce3babf6d5a2ff14f9
heterogeneous,250,5212250,7312003,30,True,relative_objective_stable_5,False,0.39940355426857105,0.22257523241335753,9585.685302445705,5341.805577920581,0.4427309671268193,2.5359097623534413e-14,0,0,0.0,0,0.0695416999515146,8051c69109fb7b4cede916554f6b6e19b1b928fdd90ee22f189f82ce2dd849fe,87a5f1d6c00a09a058c0d77476edcc7307fa38209378932833f628623c5e6694,ce8ed2e37e0192bd09ccdddd313ad25056a8efdf50002bf121aa9fb28bbcd000,4e44361aa61605be9088abc3677038e7bde517d88ce72bbf7c0bd39a0e759ea1
heterogeneous,250,5212250,7312004,27,True,relative_objective_stable_5,False,0.403776039086041,0.22180851504983123,9690.624938064984,5323.40436119595,0.45066449323763397,2.5282277974265465e-14,0,0,0.0,0,0.05706519994419068,8051c69109fb7b4cede916554f6b6e19b1b928fdd90ee22f189f82ce2dd849fe,c02b50b360df6e448a4d0cfaa3a8025c5530cf04f1299e5c0f6d42ecc7845d09,b703babe52aacb4292a21e205c98c5a8edcd3b15b9a13a3dbea526465fe6e760,c123fe521d612749621c1b7e33371fcf6b3cfbe3c0d251a97fb104e6861d8da5
heterogeneous,250,5212250,7312005,21,True,relative_objective_stable_5,False,0.40289155085237544,0.22828637403344362,9669.397220457011,5478.872976802647,0.4333800906212336,2.5238553591881485e-14,0,0,0.0,0,0.04571680002845824,8051c69109fb7b4cede916554f6b6e19b1b928fdd90ee22f189f82ce2dd849fe,6f239c7798ac2175ffea3d35a05164a1e8a997b58af62e007ee07e5ef9483fe5,5ae64753efb9d12c51a74440e117ed3a43b5218b09d0e84beeeba60d093d7532,64c2e737918e00e16243e059b663d6ed46b4c2a16463fde5fdbfdf6164fcc17e
heterogeneous,250,5212250,7312006,27,True,relative_objective_stable_5,False,0.3982818625854279,0.2262358907014383,9558.76470205027,5429.661376834519,0.4319703909366129,2.6052641765680803e-14,0,0,0.0,0,0.05898420000448823,8051c69109fb7b4cede916554f6b6e19b1b928fdd90ee22f189f82ce2dd849fe,dd16d4749df3a595fab6783363274f825c98a4a46db8d30cfb8d51e20f32fc61,4ed93ad81e97b51af5245967c5f8a14cd636348cc4bdfb244efb661080ebca3d,02e1375f20cdecea6aa9767ce728ed1d9ede037ee9ef76b5a082b592402471d0
heterogeneous,250,5212250,7312007,21,True,relative_objective_stable_5,False,0.4014672980882438,0.2273208432356732,9635.21515411785,5455.700237656157,0.4337749442653051,2.8361351491149907e-14,0,0,0.0,0,0.04640120000112802,8051c69109fb7b4cede916554f6b6e19b1b928fdd90ee22f189f82ce2dd849fe,fb6648a9b1aff69dc7787f7620959882aa42044aab171e5a030cf863501c7fac,a565598262c86a5567b962e69532b15e7641aa0dcc23bc56e5052f0c7dc19f99,2c6a3877eb4df390d8bc33cffc5f5ad5cbd88074e85aa6b0fbb04777521fcec4
heterogeneous,250,5212250,7312008,30,True,relative_objective_stable_5,False,0.40394463966861077,0.22633995387072423,9694.671352046658,5432.1588928973815,0.43967580791167415,2.7864494104324055e-14,0,0,0.0,0,0.06277570000384003,8051c69109fb7b4cede916554f6b6e19b1b928fdd90ee22f189f82ce2dd849fe,ab9752160b0ea100d782e061c518e1853cea6bf2019ba0c47704cba1002f6ddf,7e24004f4a1f089d696922f9de76d3bc7e303efaf4c54e5bed996985febb0b42,bc366d2f36c29bb4f2fa38a999a8d230f4810b74a7df034b3b4d2fe7e0afea55
heterogeneous,250,5212250,7312009,34,True,relative_objective_stable_5,False,0.4013687741756475,0.22608857363115348,9632.85058021554,5426.125767147683,0.43670612120859126,2.7542885485542858e-14,0,0,0.0,0,0.07187920005526394,8051c69109fb7b4cede916554f6b6e19b1b928fdd90ee22f189f82ce2dd849fe,03147f63aa4bf97b1f8b3ce584aa208fa04a24579e8d8e1a1de39df57b410e6d,5d2d0936f12169b6fc579b108503c81868fcdfefbdbb20579ab999409637826c,0850d9ac1564d295a9dcd41a75497840194459a765a58ec9a520811777b3e50a
heterogeneous,250,5212250,7312010,31,True,relative_objective_stable_5,False,0.40205018555978117,0.22673170724320574,9649.204453434748,5441.560973836938,0.4360611799556232,2.5337219520349375e-14,0,0,0.0,0,0.06302249990403652,8051c69109fb7b4cede916554f6b6e19b1b928fdd90ee22f189f82ce2dd849fe,14f35ce06927678a59dd59d26a9724389a485cc3dffc963bcac4046bae766a34,0e40af61b99b3f29f0dd057304a75b3476841c4ef3bc94d319d7f2af4b683af7,028d81d024eb66f7a0dcd620fcd72dedd3c1a04dec784eb57542b68e7ceeaa5a
heterogeneous,250,5212250,7312011,28,True,relative_objective_stable_5,False,0.4032126586946436,0.2249971141535716,9677.103808671447,5399.930739685718,0.441988962147233,2.721046121861343e-14,0,0,0.0,0,0.06383750005625188,8051c69109fb7b4cede916554f6b6e19b1b928fdd90ee22f189f82ce2dd849fe,29cc27e854074dcb7cc1d9a2eac087eead0871b2c61077be3062d9ef3f931820,351c0ae043d03d5940fec6eb46bf2afc00c1f90e49bdadfc4e66c94308047862,eeb17efb0c18c87c73cd0295d48693a768334d8f7615ce082e7833b1702fc9df
heterogeneous,250,5212250,7312012,30,True,relative_objective_stable_5,False,0.4024959995198848,0.22754668238830605,9659.903988477236,5461.120377319346,0.43466100865664775,2.56779950428738e-14,0,0,0.0,0,0.05890249996446073,8051c69109fb7b4cede916554f6b6e19b1b928fdd90ee22f189f82ce2dd849fe,dc1a7babe16644337529c22e7a9294b5534ca55919e4c85756bf9c2be6d038b5,7d7a9f8e297b221f4691142e66125db9ca544c8bd8c7f8420740dbba24acf1fb,1119444c51593ebb0b9a2871287df0f5c69c7c8a867b0fb9eb35b2618a60a0ca
heterogeneous,250,5212250,7312013,24,True,relative_objective_stable_5,False,0.40492878242845004,0.2237930269752979,9718.2907782828,5371.03264740715,0.4473274395730523,2.7086277640447018e-14,0,0,0.0,0,0.05313869996462017,8051c69109fb7b4cede916554f6b6e19b1b928fdd90ee22f189f82ce2dd849fe,2ae805ae258cddf4752bcf6cd2f3caefb21bd53199a2b18404e951f38b5c142e,1da3c2e4faeb164369b5ceac398acd706a8ffcf03309cc593dc10a019463dfbb,23ad80203d62d862ce567cab6d1d17246120ce0aee7d0b31b90e0a09cc23a19d
heterogeneous,250,5212250,7312014,23,True,relative_objective_stable_5,False,0.4028292196134274,0.2276163791476787,9667.901270722257,5462.793099544289,0.4349556386050908,2.5954301548717943e-14,0,0,0.0,0,0.0497863000491634,8051c69109fb7b4cede916554f6b6e19b1b928fdd90ee22f189f82ce2dd849fe,94d8799a77edb0763fd9fc46fc42dd4ad6e8560b98adad5147efe8f07530255f,15c24aac416577ab1f493cb102b41c9644661248f6f889f52ccdaa81219901db,67cd6ca575faf2893459e8e82f5dbe94cba0168a622ef0b946b4b7408e11d387
heterogeneous,250,5212250,7312015,26,True,relative_objective_stable_5,False,0.4012915918638928,0.22446601436626212,9630.998204733427,5387.184344790291,0.440641122522211,2.5204163750616393e-14,0,0,0.0,0,0.05637959996238351,8051c69109fb7b4cede916554f6b6e19b1b928fdd90ee22f189f82ce2dd849fe,26478f94f92f579abb988a4aee1bd8066ba64eff5b4179b9aa12eb8b2d38d860,ab551e4a7c05d80ddc17000e7021194a69bc058ded80cbf122c6738a9999895d,1d8b5a276d65d8fb4f2f03344a50d7db280b83db27aa8f8b50ad495ecd9357d8
heterogeneous,250,5212250,7312016,25,True,relative_objective_stable_5,False,0.4033574975725531,0.22476670126997272,9680.579941741275,5394.400830479345,0.442760571893068,2.5677535177620748e-14,0,0,0.0,0,0.051816900027915835,8051c69109fb7b4cede916554f6b6e19b1b928fdd90ee22f189f82ce2dd849fe,3134165718aaeb6a31e150dedfddf9b597c56629b4d90c6bfa3a4716e07460b2,b97462d66e384e03cc6bd49eac7c853037bb38def243f62c707566ac2772d3e5,766d3d033be29ca372203d23dc4fce0534192223a92c75f7ce7d9c98dc8498e7
heterogeneous,250,5212250,7312017,29,True,relative_objective_stable_5,False,0.4033612155287078,0.22445596485044264,9680.669172688988,5386.9431564106235,0.4435360758315947,2.720058823786971e-14,0,0,0.0,0,0.06347949989140034,8051c69109fb7b4cede916554f6b6e19b1b928fdd90ee22f189f82ce2dd849fe,b34362e585f7f7ea99dbb512620be21c1a9b8c581738bcbaf20dea35487f5877,9f113e1cfa99931f002a93038afc91d91403a0dffbfc43b1e50024257fe6b8e6,91f1dd83e56d274c5507c0860b86b2e510113842a0f8edf39e91d68bcdc6a4da
heterogeneous,250,5212250,7312018,28,True,relative_objective_stable_5,False,0.40140755672957357,0.22705041479771512,9633.781361509766,5449.209955145163,0.4343643735868233,2.6907152508457852e-14,0,0,0.0,0,0.05903010000474751,8051c69109fb7b4cede916554f6b6e19b1b928fdd90ee22f189f82ce2dd849fe,bf9469e1ec5451c1579d8b06451f1b86556194bd114370b700fd5b48eeed3fc1,4c41f5ae6c38e989fdb2c92f8aece16db1610fb47b77670cc7b570f0b0cbf5fd,3215978f1d8070bb8c68831a1afb1e2b96b73eddef7ed49b7cdb1c0db64236b4
heterogeneous,250,5212250,7312019,44,True,relative_objective_stable_5,False,0.40187132908565204,0.22543769727454074,9644.911898055649,5410.504734588978,0.43903015478247137,2.6447161932499845e-14,0,0,0.0,0,0.0960821999469772,8051c69109fb7b4cede916554f6b6e19b1b928fdd90ee22f189f82ce2dd849fe,7b59124bfd816b54117141b0ba0a99a2a443ba79bc8819a0f7de95c8edd8fefb,067097600d341b4be1bb0211807a82c268a5b133c46049a468ed98be28af5d23,2323c26c98d91970da96d80e0eb265d2bf6bc79aa99735518a060f901ee0e50b
heterogeneous,250,5212250,7312020,25,True,relative_objective_stable_5,False,0.40216456309868376,0.22205330284697364,9651.94951436841,5329.279268327367,0.44785462663331216,2.5529479884114946e-14,0,0,0.0,0,0.05522560002282262,8051c69109fb7b4cede916554f6b6e19b1b928fdd90ee22f189f82ce2dd849fe,707fcf116933a0c17d6c504e7dd5036df80900c37f7bf3c512d613ccb59ddcaa,1abf94f74334bf5cf9381e97ad5cd961611bd4408baf693a67acb20fb12c471b,dacf5414fe32a98d8e16f58579490abcf2216e689de3a0e3128175dc58b4a50c
rotated_heterogeneous,250,5212250,7312001,25,True,relative_objective_stable_5,False,0.40367746532910437,0.22333439379746609,9688.259167898505,5360.025451139186,0.446750406006961,2.4691550416383463e-14,0,0,0.0,0,0.05226209992542863,728731b7725fbecfa0ded8ff98e365ace5af4d779b01ae9891387539b792997a,29d7236dfa0c7782784c0713c0010d5960193f97d12cb4e6272a316c5a840880,fb72e34aaaeffdfde81dce3c12236e00e91f3f3a813647be3dd2cb3afe6f2224,8e71fa73e8789e96bed9214e9cbab997e59fe10ee9462d9599c732e322c12408
rotated_heterogeneous,250,5212250,7312002,30,True,relative_objective_stable_5,False,0.40293434481706997,0.22480672833319504,9670.42427560968,5395.361479996681,0.4420760324234558,2.5737181628670675e-14,0,0,0.0,0,0.06390649999957532,728731b7725fbecfa0ded8ff98e365ace5af4d779b01ae9891387539b792997a,09c16380acd86ba0f5983001666952c1fe8cc07a623513c77b920059db08d699,b9b8f02a82a68da41ffd5f55834695413f68e3182085ae5211e062b7046f17c5,7ee4eefe8d331c78c38358f005d1cdf374f9c5782baa317dc3f1ce099121558b
rotated_heterogeneous,250,5212250,7312003,25,True,relative_objective_stable_5,False,0.3977072737595919,0.22634577923083718,9544.974570230206,5432.298701540092,0.43087342333180506,2.7188604523873835e-14,0,0,0.0,0,0.05222519999369979,728731b7725fbecfa0ded8ff98e365ace5af4d779b01ae9891387539b792997a,87a5f1d6c00a09a058c0d77476edcc7307fa38209378932833f628623c5e6694,e21af1638b43fa2cd88789c528488b914dc14df5c0db88901db9916dabd82883,11184c0c0b5f2c9e68e9bb62fee4e5671303c7158a68ca195fe3f95db0f62d38
rotated_heterogeneous,250,5212250,7312004,28,True,relative_objective_stable_5,False,0.4023234655511795,0.22379478013001547,9655.763173228308,5371.074723120371,0.4437441529207881,2.554877509679457e-14,0,0,0.0,0,0.05750970006920397,728731b7725fbecfa0ded8ff98e365ace5af4d779b01ae9891387539b792997a,c02b50b360df6e448a4d0cfaa3a8025c5530cf04f1299e5c0f6d42ecc7845d09,d2645f51111690b0e3d76d0744053c1a74ea0364b1d405062cb3e7ec3552eefe,b65282fb7029482372c6399d25020b58fb165bd39d028cc9696cb197622bab34
rotated_heterogeneous,250,5212250,7312005,38,True,relative_objective_stable_5,False,0.39779481477646345,0.2238598637146158,9547.075554635123,5372.6367291507795,0.4372479092257362,2.7214866896966476e-14,0,0,0.0,0,0.08000179997179657,728731b7725fbecfa0ded8ff98e365ace5af4d779b01ae9891387539b792997a,6f239c7798ac2175ffea3d35a05164a1e8a997b58af62e007ee07e5ef9483fe5,a1c01b3869635d65cb33fbddfc66c1bbf0607d7cee7a225a7c36874251ddd606,e9d0cebf49893275c71af7f811db08360807d75adc7b7a3c03aa690f1dc2a87d
rotated_heterogeneous,250,5212250,7312006,36,True,relative_objective_stable_5,False,0.4050417348257594,0.2243600161916261,9721.001635818226,5384.640388599027,0.4460817320759769,2.5312148015524912e-14,0,0,0.0,0,0.08048740006051958,728731b7725fbecfa0ded8ff98e365ace5af4d779b01ae9891387539b792997a,dd16d4749df3a595fab6783363274f825c98a4a46db8d30cfb8d51e20f32fc61,cb4064b94e5c1101f4453bbae91c697f5ba61ec17c4fd30086e1dc97993485b0,c138ed771a8442c032b0c972a728a3bf4e96b9e9313359ddb100a2ed5650d4ac
rotated_heterogeneous,250,5212250,7312007,29,True,relative_objective_stable_5,False,0.4013144034483312,0.22448916292925283,9631.545682759948,5387.739910302068,0.4406152358342763,2.7517172898197115e-14,0,0,0.0,0,0.058685299940407276,728731b7725fbecfa0ded8ff98e365ace5af4d779b01ae9891387539b792997a,fb6648a9b1aff69dc7787f7620959882aa42044aab171e5a030cf863501c7fac,7b46569ad7e14d1414c3eb9c259476347b7cfcc80e1eeadc24c0cfe076ad3ec6,475377e91f7c0390e1951fbf8fa9248a81bf948acac95fa851e04d036e197455
rotated_heterogeneous,250,5212250,7312008,24,True,relative_objective_stable_5,False,0.4061693857010992,0.22537702901711487,9748.06525682638,5409.048696410757,0.4451156661448378,2.680036077204156e-14,0,0,0.0,0,0.050793400034308434,728731b7725fbecfa0ded8ff98e365ace5af4d779b01ae9891387539b792997a,ab9752160b0ea100d782e061c518e1853cea6bf2019ba0c47704cba1002f6ddf,6a3ccba5e76e15dc91a47c06a7bc5fc0326dc79f1bcf60303e56024c899a6345,3a48dc4f1b95950f2a587081d8c8b4318bdfb533f4028be74062a298a15b489e
rotated_heterogeneous,250,5212250,7312009,20,True,relative_objective_stable_5,False,0.4053813946608917,0.22834331399911192,9729.1534718614,5480.239535978686,0.436719797685523,2.6309621143755125e-14,0,0,0.0,0,0.042652000091038644,728731b7725fbecfa0ded8ff98e365ace5af4d779b01ae9891387539b792997a,03147f63aa4bf97b1f8b3ce584aa208fa04a24579e8d8e1a1de39df57b410e6d,a70030e29e2af76083bc697dde0b2c4872ac01c3e957f996fd14b418f14b968b,a8ae94ce73cc498120975be60ed779c38b6faaa081780be41ae6e9b6d7565df5
rotated_heterogeneous,250,5212250,7312010,36,True,relative_objective_stable_5,False,0.40093696818142166,0.2257666015878643,9622.48723635412,5418.398438108743,0.4369025071150181,2.8415228795187457e-14,0,0,0.0,0,0.07669849996455014,728731b7725fbecfa0ded8ff98e365ace5af4d779b01ae9891387539b792997a,14f35ce06927678a59dd59d26a9724389a485cc3dffc963bcac4046bae766a34,d33c2fafa1ce032b04a3c406adf6a526fa42a1234c17adee841a8c648abcf1e8,1d7635db16d94b504d7bb372e08bc1b62e3952d0adf2a72ab51c93f107c43111
rotated_heterogeneous,250,5212250,7312011,25,True,relative_objective_stable_5,False,0.4029796550268126,0.2301951076042908,9671.511720643502,5524.682582502979,0.4287674210526222,2.5333271213997376e-14,0,0,0.0,0,0.05253300000913441,728731b7725fbecfa0ded8ff98e365ace5af4d779b01ae9891387539b792997a,29cc27e854074dcb7cc1d9a2eac087eead0871b2c61077be3062d9ef3f931820,5bb2554c550fe010b0057beb334d70639b2750b74ed281f47f29c6920384e1c9,c15558935a2f0a863a7afb49ea9aed83e78acd74cee6ff91c817c63389f35e16
rotated_heterogeneous,250,5212250,7312012,34,True,relative_objective_stable_5,False,0.40158798362170395,0.22458166332834373,9638.111606920895,5389.95991988025,0.44076597784882987,2.679131906731228e-14,0,0,0.0,0,0.07702319999225438,728731b7725fbecfa0ded8ff98e365ace5af4d779b01ae9891387539b792997a,dc1a7babe16644337529c22e7a9294b5534ca55919e4c85756bf9c2be6d038b5,57184392fb6d780454b64e05f916bb17d2f3a93a4f10d3f2f0e3d2c9de4f8e95,5fac9097c0e62062271f024ac8914bd199c17e6ac5253c7f759372515161b286
rotated_heterogeneous,250,5212250,7312013,25,True,relative_objective_stable_5,False,0.4014129043271023,0.22651175385614614,9633.909703850455,5436.282092547507,0.4357138213185921,2.4388985303931854e-14,0,0,0.0,0,0.051714599947445095,728731b7725fbecfa0ded8ff98e365ace5af4d779b01ae9891387539b792997a,2ae805ae258cddf4752bcf6cd2f3caefb21bd53199a2b18404e951f38b5c142e,bbcd29e734f402c377b749513ef3d2f6090f822be4c9103d055aba8e00e7fe8d,9d797b4f79af1526461aa21a2bd2d7520c9550981b115315fe05778a736b029e
rotated_heterogeneous,250,5212250,7312014,24,True,relative_objective_stable_5,False,0.4019950643509942,0.2235801772475411,9647.88154442386,5365.924253940986,0.4438235762707614,2.6025541280421556e-14,0,0,0.0,0,0.05321739998180419,728731b7725fbecfa0ded8ff98e365ace5af4d779b01ae9891387539b792997a,94d8799a77edb0763fd9fc46fc42dd4ad6e8560b98adad5147efe8f07530255f,5a2194013c9b90e44b7645a4cb3a2ea1ffc5f3bdab8e9c9add80505321fd0505,d29f056b49db76eead926986679efba160250304d564dff03564a905d8b70d21
rotated_heterogeneous,250,5212250,7312015,31,True,relative_objective_stable_5,False,0.4009144713795713,0.22646229652442784,9621.947313109711,5435.095116586268,0.43513563941666367,2.5558828565373973e-14,0,0,0.0,0,0.06559470004867762,728731b7725fbecfa0ded8ff98e365ace5af4d779b01ae9891387539b792997a,26478f94f92f579abb988a4aee1bd8066ba64eff5b4179b9aa12eb8b2d38d860,676e6f08480b100d9595cbbf70526d138b36d47797ffde68df85df8bdbfab986,d01a8c45063ee965f90ee293a28c594312053a1899d1ee99f2549b3cafa30db5
rotated_heterogeneous,250,5212250,7312016,22,True,relative_objective_stable_5,False,0.3995400232397557,0.22861399865932633,9588.960557754137,5486.735967823832,0.4278070146626091,2.6136461452358525e-14,0,0,0.0,0,0.045645699952729046,728731b7725fbecfa0ded8ff98e365ace5af4d779b01ae9891387539b792997a,3134165718aaeb6a31e150dedfddf9b597c56629b4d90c6bfa3a4716e07460b2,feff6cd5063ac7e1804d029d5752a43896c5252dbce3e2e3669edddddd6df176,672ce4a0c4fedef391a768558de1f9e13852cf65be600dc1e2d1a55c864a1aba
rotated_heterogeneous,250,5212250,7312017,26,True,relative_objective_stable_5,False,0.3945994173018872,0.22568525884077054,9470.386015245293,5416.446212178493,0.42806489582798685,2.5215609778666772e-14,0,0,0.0,0,0.05659569997806102,728731b7725fbecfa0ded8ff98e365ace5af4d779b01ae9891387539b792997a,b34362e585f7f7ea99dbb512620be21c1a9b8c581738bcbaf20dea35487f5877,2a270d8080f5c18dcc13a0bfa80411355ee27fe42e370f3e2a5c142cd7a0c126,f4bf2b219bfca9f127cfaed634606481718133d09cee206af60679924c5029d5
rotated_heterogeneous,250,5212250,7312018,27,True,relative_objective_stable_5,False,0.39741872110172405,0.22544263462844052,9538.049306441377,5410.623231082573,0.43273272581757466,2.5170688215590353e-14,0,0,0.0,0,0.05599560006521642,728731b7725fbecfa0ded8ff98e365ace5af4d779b01ae9891387539b792997a,bf9469e1ec5451c1579d8b06451f1b86556194bd114370b700fd5b48eeed3fc1,96ecddf59ffca9b8584df3c858c33bbfd7f88f64368ea924147b3efd0270fab2,22e236eca50aa268b59bdd2d7df1141a2aba6a3b134fb8a7ee11e3372c2cf799
rotated_heterogeneous,250,5212250,7312019,21,True,relative_objective_stable_5,False,0.40398870886939153,0.2290395631549092,9695.729012865397,5496.949515717821,0.4330545430442783,2.514488533136294e-14,0,0,0.0,0,0.04880810005124658,728731b7725fbecfa0ded8ff98e365ace5af4d779b01ae9891387539b792997a,7b59124bfd816b54117141b0ba0a99a2a443ba79bc8819a0f7de95c8edd8fefb,71897ad5d673d3d61833a7bcbde7498b13de80f47ae3e14fb457e542e922ae51,3d2a2cc3fd762d9477cee1d925467aa61b460192c40c9d9c47130650e000403d
rotated_heterogeneous,250,5212250,7312020,30,True,relative_objective_stable_5,False,0.401831199110165,0.22217046466320417,9643.94877864396,5332.0911519169,0.4471049904656744,2.6437583533473882e-14,0,0,0.0,0,0.06257539999205619,728731b7725fbecfa0ded8ff98e365ace5af4d779b01ae9891387539b792997a,707fcf116933a0c17d6c504e7dd5036df80900c37f7bf3c512d613ccb59ddcaa,ec3a087846bbeed4038d46311fcebf9f4e5cc94c48349a4870036f0f5d085950,b16c2f914b526092d399a2502e08ddfd602b105d81d6fd6781a2e0ae101c7ffc
gaussian,500,5212500,7312001,63,True,relative_objective_stable_5,False,0.4042993785469101,0.2524273785046067,19406.370170251685,12116.514168221123,0.3756424276192202,2.8976500924878144e-14,0,0,0.0,0,0.1718520000576973,209b31960d04aaa72ee758688d0f72011fda1029749141d604bd9a16b5d77be9,29d7236dfa0c7782784c0713c0010d5960193f97d12cb4e6272a316c5a840880,02743259e222e6dd4c81a471af413a01bf4d137d9b72f526b3190d35d2514e7c,bc8ad0ff5ea623da0514cb7317bfccf25d5978fe7cdca200426b0549e2db4e1c
gaussian,500,5212500,7312002,71,True,relative_objective_stable_5,False,0.4028355014779022,0.2539989314016863,19336.104070939306,12191.94870728094,0.3694723268683419,3.0128463728297844e-14,0,0,0.0,0,0.19503240007907152,209b31960d04aaa72ee758688d0f72011fda1029749141d604bd9a16b5d77be9,09c16380acd86ba0f5983001666952c1fe8cc07a623513c77b920059db08d699,97a1a267b921863e8e27efc9cc56a3da0e45b98d93ec9176c46a6e6016f432e1,4f68d5a109458975796873782393daea372c654bfccb58451dcaa04bcc2f3979
gaussian,500,5212500,7312003,114,True,relative_objective_stable_5,False,0.40058241812001644,0.25223279634559986,19227.95606976079,12107.174224588793,0.3703348301471641,3.038881856248179e-14,0,0,0.0,0,0.3264671000652015,209b31960d04aaa72ee758688d0f72011fda1029749141d604bd9a16b5d77be9,87a5f1d6c00a09a058c0d77476edcc7307fa38209378932833f628623c5e6694,2faf444508ef848d489ddba13c61466f0b7681207322401a960ee1c1e12e51ea,8f700668d02a393316ff0dd67436e1b3b75b577f76d4496619c34d9445f5b492
gaussian,500,5212500,7312004,61,True,relative_objective_stable_5,False,0.40103214535979775,0.2541619415409686,19249.542977270292,12199.773193966494,0.3662305017645412,2.8419148535343934e-14,0,0,0.0,0,0.17012100003194064,209b31960d04aaa72ee758688d0f72011fda1029749141d604bd9a16b5d77be9,c02b50b360df6e448a4d0cfaa3a8025c5530cf04f1299e5c0f6d42ecc7845d09,e28428a81aee15d941a3a0767132b4faaf9f5ceed07f934da83101b554a162ca,571eabeec3bf7af84d9a0b2cc7fd897b18b9c0dd456c1871220f100b864577c2
gaussian,500,5212500,7312005,42,True,relative_objective_stable_5,False,0.4042788512765645,0.25788007210988834,19405.384861275095,12378.24346127464,0.3621232688882994,2.693678568021637e-14,0,0,0.0,0,0.1148675000295043,209b31960d04aaa72ee758688d0f72011fda1029749141d604bd9a16b5d77be9,6f239c7798ac2175ffea3d35a05164a1e8a997b58af62e007ee07e5ef9483fe5,75d8c0e78a5f7d84d02c2302ffd07846f1a5847088902e8f7da350b8891b02e5,8b88d65d8d455e09d690c90cb6dfb86eef6b1187577736f81070ab84204d161b
gaussian,500,5212500,7312006,57,True,relative_objective_stable_5,False,0.4026221062584172,0.25713461130753495,19325.861100404025,12342.461342761679,0.3613499921872228,2.924511701520088e-14,0,0,0.0,0,0.16432280000299215,209b31960d04aaa72ee758688d0f72011fda1029749141d604bd9a16b5d77be9,dd16d4749df3a595fab6783363274f825c98a4a46db8d30cfb8d51e20f32fc61,3b1cb0f1cb078005ac14380ccc617cc7a7ae68a1f9a070286a67cbaadbc2be04,4e04654b646aeaaa86400059a117187607fc89451f712bbafc3300e41bc6ba9c
gaussian,500,5212500,7312007,50,True,relative_objective_stable_5,False,0.4022725327377866,0.2546364774570239,19309.081571413757,12222.550917937147,0.3670050606636779,2.849575176541362e-14,0,0,0.0,0,0.13665180001407862,209b31960d04aaa72ee758688d0f72011fda1029749141d604bd9a16b5d77be9,fb6648a9b1aff69dc7787f7620959882aa42044aab171e5a030cf863501c7fac,746abd5c4762d1bae5b516b3810d7ef610a3e08c69b6afeac3af832581722843,4042d1632bf56bcad5083b78e166e39c5d5f61b6451942f006afad7c0d6138ef
gaussian,500,5212500,7312008,43,True,relative_objective_stable_5,False,0.4023591460318114,0.2544859656471145,19313.239009526947,12215.326351061496,0.36751539474886374,3.177673824407274e-14,0,0,0.0,0,0.13693220005370677,209b31960d04aaa72ee758688d0f72011fda1029749141d604bd9a16b5d77be9,ab9752160b0ea100d782e061c518e1853cea6bf2019ba0c47704cba1002f6ddf,101fb778bc5684dbfeb3b0c36557b070907bbf6f26c0a6f8144107a6ea4c36ef,086834d09aa2d6f20f327d534f4a7c123e11023f3d141b3f60c4cf9554d75782
gaussian,500,5212500,7312009,50,True,relative_objective_stable_5,False,0.40381774495667516,0.25172600758249974,19383.251757920407,12082.848363959987,0.3766346062640042,2.8140574949678e-14,0,0,0.0,0,0.1415448000188917,209b31960d04aaa72ee758688d0f72011fda1029749141d604bd9a16b5d77be9,03147f63aa4bf97b1f8b3ce584aa208fa04a24579e8d8e1a1de39df57b410e6d,fca7bfe0b61b2509f9b77d969dfb33679fb517090d60e0708f2c2c4736d50223,f124b678a59a86bf46593393fbef626192c3425f20a20a3354bebc8d064e4bae
gaussian,500,5212500,7312010,66,True,relative_objective_stable_5,False,0.4043509588310823,0.2565594508285216,19408.84602389195,12314.853639769037,0.36550304821782464,2.7864304612254723e-14,0,0,0.0,0,0.1853702999651432,209b31960d04aaa72ee758688d0f72011fda1029749141d604bd9a16b5d77be9,14f35ce06927678a59dd59d26a9724389a485cc3dffc963bcac4046bae766a34,5288aafabcbe0407111b91dff3fbffe0e0baa6de14a5bbfe9b3d1cda5522e920,933cf8057a9d7455f429fca2d46c3cb9ddcfd2ef1667d3520cb4e8c718dd865e
gaussian,500,5212500,7312011,41,True,relative_objective_stable_5,False,0.40329777060518307,0.25716251061726547,19358.292989048787,12343.800509628743,0.362350775628214,3.0231955522823626e-14,0,0,0.0,0,0.11237500002607703,209b31960d04aaa72ee758688d0f72011fda1029749141d604bd9a16b5d77be9,29cc27e854074dcb7cc1d9a2eac087eead0871b2c61077be3062d9ef3f931820,4c872a87460e2ae350ee6896c31ed5297466051ab9bc22e88badcd796f031ec8,41aedbecab5904c64c172afbc8620489e76061570aa0b08c65452e4cfa21b01b
gaussian,500,5212500,7312012,48,True,relative_objective_stable_5,False,0.40394266742946916,0.25506849596839354,19389.24803661452,12243.28780648289,0.3685527265749166,2.9748024365313554e-14,0,0,0.0,0,0.1306933999294415,209b31960d04aaa72ee758688d0f72011fda1029749141d604bd9a16b5d77be9,dc1a7babe16644337529c22e7a9294b5534ca55919e4c85756bf9c2be6d038b5,effed9c88b568dad99f7c16d87320faafbcb8174b0386141d9e7f73a185a873b,bab24d506b20e7ecff433127fd6dc31916fce36004018a96f8cb941fd009306a
gaussian,500,5212500,7312013,44,True,relative_objective_stable_5,False,0.4035001772861128,0.25608978912069735,19368.008509733416,12292.309877793474,0.36532917818494565,2.9220104079127174e-14,0,0,0.0,0,0.11835420003626496,209b31960d04aaa72ee758688d0f72011fda1029749141d604bd9a16b5d77be9,2ae805ae258cddf4752bcf6cd2f3caefb21bd53199a2b18404e951f38b5c142e,e7a14a11941dd87f9f40d7c08faae0e08d109cc855c9c3f9d2d6f09b11d8c1e7,74ca0bbf4ba0f2ae631f13e3edbbddc77700881f5509ce004fed65422b8d964c
gaussian,500,5212500,7312014,71,True,relative_objective_stable_5,False,0.4036692690106449,0.2553242264641753,19376.124912510957,12255.562870280413,0.36749154303979903,2.9650504015563704e-14,0,0,0.0,0,0.19536459993105382,209b31960d04aaa72ee758688d0f72011fda1029749141d604bd9a16b5d77be9,94d8799a77edb0763fd9fc46fc42dd4ad6e8560b98adad5147efe8f07530255f,7b0c6d64b41860a2de646a2e6703dba13342b60d9ff7fed53ba5ce9d65979463,71228ba9827b549c65a01db17cfebb8082e2bb309cd855affd6c276732ef87e7
gaussian,500,5212500,7312015,57,True,relative_objective_stable_5,False,0.404016503584675,0.2544520840018912,19392.7921720644,12213.700032090777,0.37019383677587236,2.8309853972542503e-14,0,0,0.0,0,0.16256399999838322,209b31960d04aaa72ee758688d0f72011fda1029749141d604bd9a16b5d77be9,26478f94f92f579abb988a4aee1bd8066ba64eff5b4179b9aa12eb8b2d38d860,1903a3e1c1b0c4e5a64ea56c138f93bef354a8d5af7627fa95daa3d1abd34d9e,5954cb60299e0e0e6b36ff3897a55d768af20c3d6a1ab8f00e3e4dacdda5de9f
gaussian,500,5212500,7312016,58,True,relative_objective_stable_5,False,0.40298650718774903,0.2505083852616336,19343.352345011954,12024.402492558413,0.3783702908322853,2.7760264976952128e-14,0,0,0.0,0,0.16342070000246167,209b31960d04aaa72ee758688d0f72011fda1029749141d604bd9a16b5d77be9,3134165718aaeb6a31e150dedfddf9b597c56629b4d90c6bfa3a4716e07460b2,3469ebe3150ea3e378fdb442049126f3310bdf8db7469ae7abb59e064180a9f2,96aba88b528f5b0e4d003cab730fce5176338eb5bf28addb8c79d4c93721fd39
gaussian,500,5212500,7312017,58,True,relative_objective_stable_5,False,0.40296017096119136,0.2518249210775298,19342.088206137185,12087.59621172143,0.3750625018923203,2.9897244600717537e-14,0,0,0.0,0,0.16772629995830357,209b31960d04aaa72ee758688d0f72011fda1029749141d604bd9a16b5d77be9,b34362e585f7f7ea99dbb512620be21c1a9b8c581738bcbaf20dea35487f5877,b2b6019a6403b375f8d8afd12b16f11d76a71924b74134a435565d74a1843542,ece1a2dc26d8a5c7ec444fc718e00209aef44ef9a176dfef0343674f9da568d5
gaussian,500,5212500,7312018,62,True,relative_objective_stable_5,False,0.40469722570894956,0.2530508283529453,19425.46683402958,12146.439760941374,0.3747156830402031,2.8943317822279366e-14,0,0,0.0,0,0.16433089994825423,209b31960d04aaa72ee758688d0f72011fda1029749141d604bd9a16b5d77be9,bf9469e1ec5451c1579d8b06451f1b86556194bd114370b700fd5b48eeed3fc1,9b4e5e2319a8a71a0904b293218ec8b9fbf96bb420893cb5c70225518dfdb827,4bc4855c70c538bd0d932061d2d86a6c6f711583b243e85af88240afa0d6bef1
gaussian,500,5212500,7312019,58,True,relative_objective_stable_5,False,0.405011161004573,0.254298226344981,19440.535728219504,12206.314864559088,0.3721204479544955,2.904153320842481e-14,0,0,0.0,0,0.16024350002408028,209b31960d04aaa72ee758688d0f72011fda1029749141d604bd9a16b5d77be9,7b59124bfd816b54117141b0ba0a99a2a443ba79bc8819a0f7de95c8edd8fefb,980aba79c990304c4b81d21245415de898ce199b554b4ae8f2b2b11f8362f640,6c13bbe0dd1b2d6fe61f9ff1505a9aa5a9d270e05d41b36d469dec0d4a2d35b1
gaussian,500,5212500,7312020,45,True,relative_objective_stable_5,False,0.39972390131155566,0.2553625974149114,19186.747262954672,12257.404675915748,0.3611525441009972,2.954855127691486e-14,0,0,0.0,0,0.12275980005506426,209b31960d04aaa72ee758688d0f72011fda1029749141d604bd9a16b5d77be9,707fcf116933a0c17d6c504e7dd5036df80900c37f7bf3c512d613ccb59ddcaa,a25c2dfb9d9a52890b3e448e4c281e70d41006c8007e6ebe873e0525f90cf955,82185649fb031651c2c6f60bd69ff0386944974e06180030f7daab15e061d98b
heterogeneous,500,5212500,7312001,64,True,relative_objective_stable_5,False,0.40777482451963587,0.26671214723944653,19573.19157694252,12802.183067493434,0.3459327766160234,2.7019766368918526e-14,0,0,0.0,0,0.17414390004705638,c3175781baf22fd3c6ee81fedfd4d300ed17f4d88b6c383456abf90ad953933b,29d7236dfa0c7782784c0713c0010d5960193f97d12cb4e6272a316c5a840880,0cd795b1ce8624b35ad2adde58be36d0fc24860cc23c8a1725360b8782c084ed,60ffd6a4328870b13303a21982f6032eaa5c2c96768c0e8c474c33fd0b8b2784
heterogeneous,500,5212500,7312002,57,True,relative_objective_stable_5,False,0.40819360678927796,0.26705651838491645,19593.293125885342,12818.71288247599,0.3457601639440198,2.6694313273822e-14,0,0,0.0,0,0.14883319998625666,c3175781baf22fd3c6ee81fedfd4d300ed17f4d88b6c383456abf90ad953933b,09c16380acd86ba0f5983001666952c1fe8cc07a623513c77b920059db08d699,11c67b552cd922c6f7a157af9073692a46e5b4c95e3923f6f5fda588dc1b8591,4616512112d6882234921d7a5264592ea5a3f84dd296aaa313468b5c03d18bbd
heterogeneous,500,5212500,7312003,59,True,relative_objective_stable_5,False,0.40928789822044154,0.26267945606136794,19645.819114581194,12608.613890945662,0.358203706477807,2.6366243514375557e-14,0,0,0.0,0,0.15471410006284714,c3175781baf22fd3c6ee81fedfd4d300ed17f4d88b6c383456abf90ad953933b,87a5f1d6c00a09a058c0d77476edcc7307fa38209378932833f628623c5e6694,d97188b60e009bc5f43bcf3fecab2a85a3108d9de335a314159037c55063a1aa,ef0e7b36d6c2ccda1e4a41417457da128d7423b4f07f661ae0fdad2dd25bb071
heterogeneous,500,5212500,7312004,74,True,relative_objective_stable_5,False,0.4113737350627242,0.2651447246637451,19745.93928301076,12726.946783859765,0.35546511100589057,2.51310655905523e-14,0,0,0.0,0,0.18749240005854517,c3175781baf22fd3c6ee81fedfd4d300ed17f4d88b6c383456abf90ad953933b,c02b50b360df6e448a4d0cfaa3a8025c5530cf04f1299e5c0f6d42ecc7845d09,29532d776837e6955ffcaa55bc460b3b90870b0b68b636cdb68185a84ea5ff59,3a16b4f9c0d549afe901778437831488eb4dd1f63311bc1a4c99858128bd53a0
heterogeneous,500,5212500,7312005,47,True,relative_objective_stable_5,False,0.409114314139579,0.2680834712723138,19637.487078699793,12868.006621071063,0.344722337970187,2.5675939334213907e-14,0,0,0.0,0,0.12428940006066114,c3175781baf22fd3c6ee81fedfd4d300ed17f4d88b6c383456abf90ad953933b,6f239c7798ac2175ffea3d35a05164a1e8a997b58af62e007ee07e5ef9483fe5,f799612101f935d58f41e612c20f18df963156f041a45ec77ce3e929f410a432,600f812f1b6f0e1d0cb0558083574c5dc004a27ddb0e018fce224ef1b1ff5129
heterogeneous,500,5212500,7312006,54,True,relative_objective_stable_5,False,0.407893656677683,0.264643686009015,19578.895520528786,12702.89692843272,0.35119440649174877,2.609094306838943e-14,0,0,0.0,0,0.13985550007782876,c3175781baf22fd3c6ee81fedfd4d300ed17f4d88b6c383456abf90ad953933b,dd16d4749df3a595fab6783363274f825c98a4a46db8d30cfb8d51e20f32fc61,d0bc80cec42c3b7d48138fd84fcd854daf8836e1423ad04f4861005b38b7c101,cef00ec68144183dcf32d38d0cc2c02ecaf5859e0b799b1ffd9618289b6fb299
heterogeneous,500,5212500,7312007,43,True,relative_objective_stable_5,False,0.4082474207257479,0.26614595174941097,19595.8761948359,12775.005683971727,0.34807683223992175,2.659525133787534e-14,0,0,0.0,0,0.111452899989672,c3175781baf22fd3c6ee81fedfd4d300ed17f4d88b6c383456abf90ad953933b,fb6648a9b1aff69dc7787f7620959882aa42044aab171e5a030cf863501c7fac,1f848e0fefade3109494fdc10a9739b1fdf94245b875e1258f76db14e0bfb0b9,481f22b6aff6d4ea31d3fae7314858f12ba9fc8decf66ac0dbc31842440e68a0
heterogeneous,500,5212500,7312008,49,True,relative_objective_stable_5,False,0.4049200590550625,0.2639567435403268,19436.162834643,12669.923689935686,0.34812628409591095,2.852551768206814e-14,0,0,0.0,0,0.1261778000043705,c3175781baf22fd3c6ee81fedfd4d300ed17f4d88b6c383456abf90ad953933b,ab9752160b0ea100d782e061c518e1853cea6bf2019ba0c47704cba1002f6ddf,6363c29cb619f0d8a39e9151b02d75353e7be65788ea11aa21d0f6c1f1c86090,6c92eac170071f06ace936ac9ebd743a58fa6231b29e6c334829d8b39d089549
heterogeneous,500,5212500,7312009,50,True,relative_objective_stable_5,False,0.41001393115458584,0.2672022237090345,19680.66869542012,12825.706738033658,0.34830940266687577,2.5890744127596285e-14,0,0,0.0,0,0.1298469000030309,c3175781baf22fd3c6ee81fedfd4d300ed17f4d88b6c383456abf90ad953933b,03147f63aa4bf97b1f8b3ce584aa208fa04a24579e8d8e1a1de39df57b410e6d,b0518dfb72f63f78f37b0f6f7bf284455b7b4ac081792a296b9f66a102b22e85,fb4501ae5d251e1ec258eba80335c481421a0a7a3951b1933654aafbf8730d8c
heterogeneous,500,5212500,7312010,95,True,relative_objective_stable_5,False,0.40918707487480166,0.267106705305492,19640.97959399048,12821.121854663617,0.34722594698960557,2.6052905013103845e-14,0,0,0.0,0,0.24944199994206429,c3175781baf22fd3c6ee81fedfd4d300ed17f4d88b6c383456abf90ad953933b,14f35ce06927678a59dd59d26a9724389a485cc3dffc963bcac4046bae766a34,e208e309141ceb608d4f73631bab241c199835cff1fcbdd3f7f2cb17411d712d,c87a4f437575cdc63603f881678c46861ed7bff1cdfe5184975c970438ae07fd
heterogeneous,500,5212500,7312011,36,True,relative_objective_stable_5,False,0.40920729433416786,0.2667680258162502,19641.95012804006,12804.86523918001,0.3480858491285802,2.771166028648464e-14,0,0,0.0,0,0.09355250000953674,c3175781baf22fd3c6ee81fedfd4d300ed17f4d88b6c383456abf90ad953933b,29cc27e854074dcb7cc1d9a2eac087eead0871b2c61077be3062d9ef3f931820,451026a1c2137f6f3fae850cbc727509299454bd238988147d5e29f4aa56b22a,4678b60b49ad527fad63ef8cb885f10a0fc715c644c2c018e3b82db570e97b00
heterogeneous,500,5212500,7312012,47,True,relative_objective_stable_5,False,0.4099562202730323,0.2659143190402318,19677.89857310555,12763.887313931125,0.3513592283997255,2.7152674248019987e-14,0,0,0.0,0,0.11917870002798736,c3175781baf22fd3c6ee81fedfd4d300ed17f4d88b6c383456abf90ad953933b,dc1a7babe16644337529c22e7a9294b5534ca55919e4c85756bf9c2be6d038b5,bd9e1cbd91722620a3cfbe5e0e227b66722390a593685f776bba948727e93eea,f9a22602efa53c9a595eac5d4967382812ee446d5834cc43753410aec7f904c7
heterogeneous,500,5212500,7312013,71,True,relative_objective_stable_5,False,0.41037343865347325,0.2678625519013364,19697.925055366715,12857.402491264147,0.347271225008487,2.739936237507493e-14,0,0,0.0,0,0.18379129993263632,c3175781baf22fd3c6ee81fedfd4d300ed17f4d88b6c383456abf90ad953933b,2ae805ae258cddf4752bcf6cd2f3caefb21bd53199a2b18404e951f38b5c142e,9f2fa2cbaad0a4c4d51051c19042130006f9c4f5610706857f691fcaebf07ac4,bac3b70181ea0ba873ab08057365ecf8872b4d8cfe5e1b254a2c0120d5a58d80
heterogeneous,500,5212500,7312014,42,True,relative_objective_stable_5,False,0.40996645480481536,0.2660949067355671,19678.38983063114,12772.555523307223,0.350934927438747,2.699048609150811e-14,0,0,0.0,0,0.1100252999458462,c3175781baf22fd3c6ee81fedfd4d300ed17f4d88b6c383456abf90ad953933b,94d8799a77edb0763fd9fc46fc42dd4ad6e8560b98adad5147efe8f07530255f,48d15557cb3a27e103efed901514a835b8c4d676d470cbc714082afd5a9a97fa,8ed49b87bea61df811a34d82d47d0b26855da29ceb093959450ca2c959594de9
heterogeneous,500,5212500,7312015,54,True,relative_objective_stable_5,False,0.40497230783952975,0.26802560571303036,19438.67077629743,12865.229074225457,0.33816312739281057,2.7367020132979287e-14,0,0,0.0,0,0.16273860004730523,c3175781baf22fd3c6ee81fedfd4d300ed17f4d88b6c383456abf90ad953933b,26478f94f92f579abb988a4aee1bd8066ba64eff5b4179b9aa12eb8b2d38d860,7796e28aeae593b30f2e7dcbd5376ecc3b9d2b6e5813642e250fa58b141d7de1,d6ae99baa2ad15efc13aa946948bc8f724879e1dfe2d66d7f8c305f9b30d7f2e
heterogeneous,500,5212500,7312016,42,True,relative_objective_stable_5,False,0.40810308913551413,0.26689170600938156,19588.94827850468,12810.801888450314,0.34601890278571773,2.5833450766538567e-14,0,0,0.0,0,0.13057350006420165,c3175781baf22fd3c6ee81fedfd4d300ed17f4d88b6c383456abf90ad953933b,3134165718aaeb6a31e150dedfddf9b597c56629b4d90c6bfa3a4716e07460b2,fb4e431ed20ad841c83073c598a6653ad69cf4c2a6e4de8ec928d2ed33a82405,9dcb7a0daf65611bd5ff249502d312e8adcec9420f89547d99a2183d09d25e2a
heterogeneous,500,5212500,7312017,40,True,relative_objective_stable_5,False,0.4074744524880648,0.2667222908311257,19558.77371942711,12802.669959894034,0.34542573355825745,2.694730323844793e-14,0,0,0.0,0,0.1698886000085622,c3175781baf22fd3c6ee81fedfd4d300ed17f4d88b6c383456abf90ad953933b,b34362e585f7f7ea99dbb512620be21c1a9b8c581738bcbaf20dea35487f5877,a09f27c0dd3c20925d338bb44b2be69570114b9f1c0796226fabfce9777bcd5a,6d4db431c9dc59042df00438de87e1ccbabf748883997e102517b2cc113bbe87
heterogeneous,500,5212500,7312018,65,True,relative_objective_stable_5,False,0.4121490759285032,0.2654755365463982,19783.155644568153,12742.825754227115,0.35587496842416527,2.7148012400996254e-14,0,0,0.0,0,0.201530700083822,c3175781baf22fd3c6ee81fedfd4d300ed17f4d88b6c383456abf90ad953933b,bf9469e1ec5451c1579d8b06451f1b86556194bd114370b700fd5b48eeed3fc1,f4a801bb6059091ecb5f79735f12dc929ef433e98a08b84405ce65292a791093,97fb1333f9c78a0198fae0251cab118dd208a3a21dc386085aff03ebbc9e8d9b
heterogeneous,500,5212500,7312019,73,True,relative_objective_stable_5,False,0.4092122997405851,0.26520318392751324,19642.190387548086,12729.752828520635,0.35191785756284594,2.871552901568647e-14,0,0,0.0,0,0.20808560005389154,c3175781baf22fd3c6ee81fedfd4d300ed17f4d88b6c383456abf90ad953933b,7b59124bfd816b54117141b0ba0a99a2a443ba79bc8819a0f7de95c8edd8fefb,6f13eb27aa1826fc32bcb1ec80765f852c5999481f11cf6fdb8b8deca7db61a1,cd1417b1c262133e496955eff817c0a0979d6bffcc45caaaf3b513f62480f2fb
heterogeneous,500,5212500,7312020,46,True,relative_objective_stable_5,False,0.4098535679898985,0.2678506933231773,19672.97126351513,12856.83327951251,0.3464722177805248,2.6664318768056266e-14,0,0,0.0,0,0.12612060003448278,c3175781baf22fd3c6ee81fedfd4d300ed17f4d88b6c383456abf90ad953933b,707fcf116933a0c17d6c504e7dd5036df80900c37f7bf3c512d613ccb59ddcaa,618bcd0d67e2379612f5643a5982619c5dece32f2a730f1453db7624c313aa9e,726bd372d86d24812ece17a1d443acdac35c8625285aef4f28556e99de39a38e
rotated_heterogeneous,500,5212500,7312001,44,True,relative_objective_stable_5,False,0.4068616660165533,0.2677811378434929,19529.35996879456,12853.494616487658,0.34183738550439374,2.6519118551383236e-14,0,0,0.0,0,0.12927039992064238,792175ef9ae779e80dc60cd0f668fc1fdb9bb52f040a6c5732a3f3be9ca14d88,29d7236dfa0c7782784c0713c0010d5960193f97d12cb4e6272a316c5a840880,a34d72ba63c114d4a0b5059c9594fc9c69c3fc97a60bea5ba944e09f830b6a20,8b2a317c834bba46ef4d219eafde84dd3ae5476396690bdcdc894c4fd743dbd4
rotated_heterogeneous,500,5212500,7312002,55,True,relative_objective_stable_5,False,0.40945596111184235,0.26645435487823527,19653.886133368433,12789.809034155292,0.34924783081750366,2.7158386045884156e-14,0,0,0.0,0,0.1512276999419555,792175ef9ae779e80dc60cd0f668fc1fdb9bb52f040a6c5732a3f3be9ca14d88,09c16380acd86ba0f5983001666952c1fe8cc07a623513c77b920059db08d699,f44a95a40b36da68f7cf323e51e4aad8ba66c2602b1969fa089167cb052f4b63,d3d4909b25ceadffc2a47f6aae2d95927345f23610ed382e99e160dc1d59abb1
rotated_heterogeneous,500,5212500,7312003,51,True,relative_objective_stable_5,False,0.40773016944792534,0.26451528678582903,19571.048133500415,12696.733765719793,0.3512491676934578,2.7315484771276523e-14,0,0,0.0,0,0.13445120002143085,792175ef9ae779e80dc60cd0f668fc1fdb9bb52f040a6c5732a3f3be9ca14d88,87a5f1d6c00a09a058c0d77476edcc7307fa38209378932833f628623c5e6694,785702d766fb4eac93652de75ac74c68123bfb61b397070717b6f81874fac359,0adee9a60a58a11cea63e58a16ef4f8d1db0ccb8053696ce25c0544be3ab69e5
rotated_heterogeneous,500,5212500,7312004,70,True,relative_objective_stable_5,False,0.4086249702114721,0.2663362207937658,19613.99857015066,12784.138598100757,0.3482135449139803,2.571933822130446e-14,0,0,0.0,0,0.19563169998582453,792175ef9ae779e80dc60cd0f668fc1fdb9bb52f040a6c5732a3f3be9ca14d88,c02b50b360df6e448a4d0cfaa3a8025c5530cf04f1299e5c0f6d42ecc7845d09,be0f31bb1d8c2d5f942057280f2b782deb4d4cd15e6df26c5d5d85a6511fb8b4,f67564f84ecd26711008ad8e254ec49200357345e3266c7cf060a05496dd89dc
rotated_heterogeneous,500,5212500,7312005,75,True,relative_objective_stable_5,False,0.40927350129289564,0.2667452126332366,19645.12806205899,12803.770206395357,0.34824704802390566,2.637728664826219e-14,0,0,0.0,0,0.20076229993719608,792175ef9ae779e80dc60cd0f668fc1fdb9bb52f040a6c5732a3f3be9ca14d88,6f239c7798ac2175ffea3d35a05164a1e8a997b58af62e007ee07e5ef9483fe5,227f6985f8ec6fb33ecb2be7fd44d6f74efaec0d3da5cbd9e17271278c4ebe34,a63a45a5dc63441785b2528817494180aa5986235d1d3d80b38761cb57aff25c
rotated_heterogeneous,500,5212500,7312006,55,True,relative_objective_stable_5,False,0.4098980516473736,0.26599431033258253,19675.106479073933,12767.72689596396,0.35107203056087793,2.5355046924622435e-14,0,0,0.0,0,0.14622370002325624,792175ef9ae779e80dc60cd0f668fc1fdb9bb52f040a6c5732a3f3be9ca14d88,dd16d4749df3a595fab6783363274f825c98a4a46db8d30cfb8d51e20f32fc61,ff6248dde9adb73e9f4ef5cc1f3d118919b53f6d3bed54ef50000cbd536f1704,14b19d71ecacd7cf2cdf3f7f5bc0f61c5382de298e92858a1cab5346a6b54445
rotated_heterogeneous,500,5212500,7312007,48,True,relative_objective_stable_5,False,0.40922916868685616,0.26749240121100387,19643.000096969095,12839.635258128186,0.34635059844502397,2.6982576983360426e-14,0,0,0.0,0,0.13412929989863187,792175ef9ae779e80dc60cd0f668fc1fdb9bb52f040a6c5732a3f3be9ca14d88,fb6648a9b1aff69dc7787f7620959882aa42044aab171e5a030cf863501c7fac,5f14e3c2063b8f923352437a5c32a50633209448c74a62c9762d0b1af883fdd0,b78427a30f5abf6a16d16de9ee139c1c2dd62f3723a11df4fd3e68f8c1473a69
rotated_heterogeneous,500,5212500,7312008,45,True,relative_objective_stable_5,False,0.40728165003195227,0.2651469990088215,19549.51920153371,12727.055952423432,0.34898368490694326,2.6175631409456624e-14,0,0,0.0,0,0.12769550003577024,792175ef9ae779e80dc60cd0f668fc1fdb9bb52f040a6c5732a3f3be9ca14d88,ab9752160b0ea100d782e061c518e1853cea6bf2019ba0c47704cba1002f6ddf,a2e63e7b21b515971c25a8add46545768d746c9706e69841e77d4713b4097a72,adb41c844d651406c5280811d17272e7e14e65228a5b5106ac12fd6fa1547880
rotated_heterogeneous,500,5212500,7312009,41,True,relative_objective_stable_5,False,0.40773520920270956,0.27050451593858205,19571.29004173006,12984.216765051939,0.3365681701427505,2.5881120460512835e-14,0,0,0.0,0,0.1114419000223279,792175ef9ae779e80dc60cd0f668fc1fdb9bb52f040a6c5732a3f3be9ca14d88,03147f63aa4bf97b1f8b3ce584aa208fa04a24579e8d8e1a1de39df57b410e6d,d2b9610ae4854b81af95ca5878c58094473b4115da19767163da58462300b865,8dbaec1e81590b961e4454102f783889e16131166e8d76ca30007c2c5a5e28af
rotated_heterogeneous,500,5212500,7312010,45,True,relative_objective_stable_5,False,0.40808250252270994,0.2687005668239326,19587.960121090076,12897.627207548765,0.3415533252152135,2.5555807097181966e-14,0,0,0.0,0,0.12940900004468858,792175ef9ae779e80dc60cd0f668fc1fdb9bb52f040a6c5732a3f3be9ca14d88,14f35ce06927678a59dd59d26a9724389a485cc3dffc963bcac4046bae766a34,6e3317d6c50aaaeaf548b3d27ce7d1e70d8625fa9f3fe955bd0b65fb782b4040,f6750e01509b5df26c0717ae78207133d07411d173b527fd851c1f57dac3af82
rotated_heterogeneous,500,5212500,7312011,42,True,relative_objective_stable_5,False,0.41167388509525454,0.26691735166202313,19760.34648457222,12812.03287977711,0.35162913819451325,2.6436248740032812e-14,0,0,0.0,0,0.12706739990971982,792175ef9ae779e80dc60cd0f668fc1fdb9bb52f040a6c5732a3f3be9ca14d88,29cc27e854074dcb7cc1d9a2eac087eead0871b2c61077be3062d9ef3f931820,6a783056fc8339bdb26dd804ec051c61e860a6d6772ab3122bb4a87caceee8c6,27620165dd2d4496598e0761993153547c6fa0c08a3d509b8e2b261b3c80bd52
rotated_heterogeneous,500,5212500,7312012,66,True,relative_objective_stable_5,False,0.4075198401020533,0.26417064798476797,19560.952324898557,12680.191103268862,0.3517600323002361,2.6924049296225957e-14,0,0,0.0,0,0.20103260001633316,792175ef9ae779e80dc60cd0f668fc1fdb9bb52f040a6c5732a3f3be9ca14d88,dc1a7babe16644337529c22e7a9294b5534ca55919e4c85756bf9c2be6d038b5,7fa475093bb259aabe0afa5fe4f7b4931ce1fa19bd72794178f737dcae7c4ad2,3b268a7816a3321369b59ba3faac38de1dd2515218e764f8c76ca8f61f7c7810
rotated_heterogeneous,500,5212500,7312013,81,True,relative_objective_stable_5,False,0.4078292304676795,0.26693555001860875,19575.803062448616,12812.90640089322,0.34547224652705855,2.711716314509707e-14,0,0,0.0,0,0.26897119998466223,792175ef9ae779e80dc60cd0f668fc1fdb9bb52f040a6c5732a3f3be9ca14d88,2ae805ae258cddf4752bcf6cd2f3caefb21bd53199a2b18404e951f38b5c142e,88fcfa6083895a136469deaa23988ec6f82c7ca75f4cdf92edf358858e55ebb0,a23fdf02724d5edc79a3c21a3249e2be946830842843f19b888bddbf566052ef
rotated_heterogeneous,500,5212500,7312014,88,True,relative_objective_stable_5,False,0.406404402186058,0.2660145297425359,19507.411304930785,12768.697427641724,0.3454437788773004,2.606104697457656e-14,0,0,0.0,0,0.30162749998271465,792175ef9ae779e80dc60cd0f668fc1fdb9bb52f040a6c5732a3f3be9ca14d88,94d8799a77edb0763fd9fc46fc42dd4ad6e8560b98adad5147efe8f07530255f,6ab00c5fc9d92fdd69ad5181dc486fe932aeebd9c78b5cf45beb7c54cbd429f0,2cc0e64403245a7de8591213c5c499e4be7208e0b14daa47048b5ea089411929
rotated_heterogeneous,500,5212500,7312015,34,True,relative_objective_stable_5,False,0.41188452694915617,0.2707708436833119,19770.457293559495,12997.00049679897,0.3426049633645588,2.5744650678739178e-14,0,0,0.0,0,0.11990539997350425,792175ef9ae779e80dc60cd0f668fc1fdb9bb52f040a6c5732a3f3be9ca14d88,26478f94f92f579abb988a4aee1bd8066ba64eff5b4179b9aa12eb8b2d38d860,5d687a9a58603ea6afeeea75c94630f0c8a01e34d40581fd2893576975ffce44,da11305d5ee541497bb67fe8771f7ecda523d28c7b4bb85053d934f26947ea0e
rotated_heterogeneous,500,5212500,7312016,35,True,relative_objective_stable_5,False,0.4118265860805224,0.2709461618622573,19767.676131865075,13005.41576938835,0.34208676413795075,2.7562074757374643e-14,0,0,0.0,0,0.11003250000067055,792175ef9ae779e80dc60cd0f668fc1fdb9bb52f040a6c5732a3f3be9ca14d88,3134165718aaeb6a31e150dedfddf9b597c56629b4d90c6bfa3a4716e07460b2,c3a29293a8915f8fba03c4d5228268633a7b818c69231b42c68ad0b83b66a5a7,29de03ced8a38a4f706f7d4af2a98ebd1a62e63348268c0d077ab80f52612978
rotated_heterogeneous,500,5212500,7312017,50,True,relative_objective_stable_5,False,0.40494217304852487,0.26861760215949476,19437.224306329193,12893.644903655748,0.33665194677733434,2.6216851112229695e-14,0,0,0.0,0,0.152418699930422,792175ef9ae779e80dc60cd0f668fc1fdb9bb52f040a6c5732a3f3be9ca14d88,b34362e585f7f7ea99dbb512620be21c1a9b8c581738bcbaf20dea35487f5877,82622e41a4f934030a90aa0dcffa9ebaf791820f0ff50c6c853c10b727d09f0f,e52abbf71bd9f8185a138b8626dac89cce5ba86266789ce21bc8a1a13b323d29
rotated_heterogeneous,500,5212500,7312018,75,True,relative_objective_stable_5,False,0.40711153607272765,0.2662442280053066,19541.353731490926,12779.722944254718,0.34601649814771174,2.6047903171088512e-14,0,0,0.0,0,0.2160005000187084,792175ef9ae779e80dc60cd0f668fc1fdb9bb52f040a6c5732a3f3be9ca14d88,bf9469e1ec5451c1579d8b06451f1b86556194bd114370b700fd5b48eeed3fc1,4c9f3338e6872d324a5b32c6b7cdbc7a6b9893111a6fdff73f230c2a18d40576,ee9791d8bbc84e8addff483a44d94e7e5b56dd2bb847fb560cabe586c284b2e1
rotated_heterogeneous,500,5212500,7312019,78,True,relative_objective_stable_5,False,0.4110614400798813,0.2671769551465795,19730.949123834303,12824.493847035817,0.3500315789905782,2.6457168765454926e-14,0,0,0.0,0,0.2204012000001967,792175ef9ae779e80dc60cd0f668fc1fdb9bb52f040a6c5732a3f3be9ca14d88,7b59124bfd816b54117141b0ba0a99a2a443ba79bc8819a0f7de95c8edd8fefb,6cfa1a678f5fb9f045de39f1a9f2fa29027720df69a29a7cb1475c7052664110,f47a8089b47ac4592d514062ecbe9e6b90376928bb47d1f6c6a3b7d1b9e54b1b
rotated_heterogeneous,500,5212500,7312020,53,True,relative_objective_stable_5,False,0.41058711075475096,0.26597066997902824,19708.181316228045,12766.592158993355,0.3522186571075876,2.5572328494037656e-14,0,0,0.0,0,0.20503359998110682,792175ef9ae779e80dc60cd0f668fc1fdb9bb52f040a6c5732a3f3be9ca14d88,707fcf116933a0c17d6c504e7dd5036df80900c37f7bf3c512d613ccb59ddcaa,fba4806ac94222c716924e85319220d04b21892da796a687ecd5995dcf944126,8daea28fd41e9904631606bf41367edd70aa2cab1a215e903b2ee89fdf335ecf
gaussian,1000,5213000,7312001,141,True,relative_objective_stable_5,False,0.40058528756563433,0.286272895075736,38456.1876063009,27482.197927270656,0.28536343205357656,2.817241876694155e-14,0,0,0.0,0,0.675665199989453,7d99a2b1c08d801499f4873243b7afa84c9891608bffe9aa1f3535acd5a22422,29d7236dfa0c7782784c0713c0010d5960193f97d12cb4e6272a316c5a840880,ee9991b113746b2c41072a37fe14fe0092e243804a150357a9513cd14fc019cd,0eb70bfc9a33dce60e6aa04aed1586f1768f5f496bc244a36ae62d2569e62bc6
gaussian,1000,5213000,7312002,92,True,relative_objective_stable_5,False,0.4015788703028854,0.29032045698309594,38551.571549077,27870.76387037721,0.2770524585516024,2.7791667059446895e-14,0,0,0.0,0,0.35564259998500347,7d99a2b1c08d801499f4873243b7afa84c9891608bffe9aa1f3535acd5a22422,09c16380acd86ba0f5983001666952c1fe8cc07a623513c77b920059db08d699,c7269d466c9ea32f1bbc25c915807f76ba542ca84bdf617196d7ac178efd6931,82399a246f18de589ae78ea9ed6a0c7356bd95a48fcc5c578834352b343c7d81
gaussian,1000,5213000,7312003,131,True,relative_objective_stable_5,False,0.4018163057450118,0.2899009747451961,38574.36535152113,27830.493575538825,0.278523617383601,2.942782856483135e-14,0,0,0.0,0,0.5204393999883905,7d99a2b1c08d801499f4873243b7afa84c9891608bffe9aa1f3535acd5a22422,87a5f1d6c00a09a058c0d77476edcc7307fa38209378932833f628623c5e6694,8ca6ddc44489ec42a059daff0ddaae95a634d2db9cec54617bc10ea7ab8e9de4,2148be9116d0939ad28848fb246c128a4c63f85610c182b3219a5b8af141b03f
gaussian,1000,5213000,7312004,106,True,relative_objective_stable_5,False,0.4029895739412641,0.29255759278396665,38686.99909836135,28085.5289072608,0.2740318566489588,2.9282272943678433e-14,0,0,0.0,0,0.48096169997006655,7d99a2b1c08d801499f4873243b7afa84c9891608bffe9aa1f3535acd5a22422,c02b50b360df6e448a4d0cfaa3a8025c5530cf04f1299e5c0f6d42ecc7845d09,e2a5daec64d9937b455c615fa1ef94eba455addecbc0b60c089c5dd179856f32,701879a4c8b485e9c17ee121575c9824fd5a65adf9312000a0f272ded0e8cb6f
gaussian,1000,5213000,7312005,88,True,relative_objective_stable_5,False,0.40378544055265153,0.2888906408672129,38763.40229305455,27733.50152325244,0.28454418645750296,2.9645276519418045e-14,0,0,0.0,0,0.45768620003946126,7d99a2b1c08d801499f4873243b7afa84c9891608bffe9aa1f3535acd5a22422,6f239c7798ac2175ffea3d35a05164a1e8a997b58af62e007ee07e5ef9483fe5,78f5d4d2efe956168a625e1ddc8d93c7210fdf7455615dc6728eb2f4483229cd,4e80cd7768131349b05b23949423523b11c4a2b23536d08205bb5e1b9cddc8d6
gaussian,1000,5213000,7312006,82,True,relative_objective_stable_5,False,0.40454872856791085,0.28904965000508326,38836.67794251944,27748.76640048799,0.2855010296823587,2.9995962039650036e-14,0,0,0.0,0,0.5048480000114068,7d99a2b1c08d801499f4873243b7afa84c9891608bffe9aa1f3535acd5a22422,dd16d4749df3a595fab6783363274f825c98a4a46db8d30cfb8d51e20f32fc61,edf4c93b93920c0e0627c3585b1202d2e2e86e01091ba0f292013989b5d51a66,4a298bed3430d81d8c8a7f8cd5fceff43aefdfa9d28ca0e09b5cdf7359f90287
gaussian,1000,5213000,7312007,135,True,relative_objective_stable_5,False,0.40290197786701604,0.2903190575218038,38678.58987523354,27870.629522093168,0.27943005130238385,2.903196494856549e-14,0,0,0.0,0,0.8084079999243841,7d99a2b1c08d801499f4873243b7afa84c9891608bffe9aa1f3535acd5a22422,fb6648a9b1aff69dc7787f7620959882aa42044aab171e5a030cf863501c7fac,b3bbf1069ff436923f0bf1f5e68c9a048e53477ee198a6f27e1b30face711f3b,c2d2b28796101f9c430e6817695c45e26f0093c7565c77dea6240a17f12fdfe6
gaussian,1000,5213000,7312008,102,True,relative_objective_stable_5,False,0.4045785461392057,0.2917250063170125,38839.54042936375,28005.6006064332,0.2789409890838923,2.9710941018831455e-14,0,0,0.0,0,0.5486178999999538,7d99a2b1c08d801499f4873243b7afa84c9891608bffe9aa1f3535acd5a22422,ab9752160b0ea100d782e061c518e1853cea6bf2019ba0c47704cba1002f6ddf,8a59137dfa9cb7578df0bc54c037969e33aeb32883fa9304687269e570194dfd,e7565b03c44a4ccc19dbe67da13af3a19e8da69738cd1d84e034547cbd9fb2f6
gaussian,1000,5213000,7312009,114,True,relative_objective_stable_5,False,0.4044581393395632,0.2874376071047682,38827.981376598065,27594.010282057745,0.2893266839081963,2.913766760723655e-14,0,0,0.0,0,1.1278468000236899,7d99a2b1c08d801499f4873243b7afa84c9891608bffe9aa1f3535acd5a22422,03147f63aa4bf97b1f8b3ce584aa208fa04a24579e8d8e1a1de39df57b410e6d,975e4af5be0b000fcde771999718552df957e1437aa5406e95e2b69fabcf58c2,0db7b00e9e3baae16c2179acfaf11c2ab3f9a3a10250be4cab8ec4d8f31417d1
gaussian,1000,5213000,7312010,98,True,relative_objective_stable_5,False,0.4051591222527599,0.2899952819477087,38895.27573626495,27839.547066980034,0.284243483559543,2.8026993817770496e-14,0,0,0.0,0,0.9451262999791652,7d99a2b1c08d801499f4873243b7afa84c9891608bffe9aa1f3535acd5a22422,14f35ce06927678a59dd59d26a9724389a485cc3dffc963bcac4046bae766a34,36887932f727b61fd1592309aa0093ca51da9cbd99b607ea3b530b17edae83f6,068e8f7f4be6125127cb930da15311295b4673442f740da387c5841891f0142f
gaussian,1000,5213000,7312011,98,True,relative_objective_stable_5,False,0.40513343169497074,0.2907424953449552,38892.80944271719,27911.279553115703,0.28235373188392326,2.9886714150865197e-14,0,0,0.0,0,0.508605599985458,7d99a2b1c08d801499f4873243b7afa84c9891608bffe9aa1f3535acd5a22422,29cc27e854074dcb7cc1d9a2eac087eead0871b2c61077be3062d9ef3f931820,d2cdda617331664ba2806dc6c80f1e60e145e9497f898e37407e899bfaa90268,b8328fcf89cf4fcf0f35e5f55178856f1668877a83430ad2431701f18fcfb68d
gaussian,1000,5213000,7312012,93,True,relative_objective_stable_5,False,0.4004668686708085,0.28912595201223373,38444.819392397614,27756.09139317444,0.2780277854897883,2.962425009922466e-14,0,0,0.0,0,0.4312766999937594,7d99a2b1c08d801499f4873243b7afa84c9891608bffe9aa1f3535acd5a22422,dc1a7babe16644337529c22e7a9294b5534ca55919e4c85756bf9c2be6d038b5,1da93e2b7ec4df9d2838a2e43b14278c8a1de0b122292745b0f760d0756b9a6f,50e1af5fc1767723cedc89aebcec4551d792c7ae388743c883ced2557b5c919c
gaussian,1000,5213000,7312013,83,True,relative_objective_stable_5,False,0.40409408662400575,0.29192055604560785,38793.03231590455,28024.373380378354,0.2775926060080437,3.012183734005826e-14,0,0,0.0,0,0.6434910000534728,7d99a2b1c08d801499f4873243b7afa84c9891608bffe9aa1f3535acd5a22422,2ae805ae258cddf4752bcf6cd2f3caefb21bd53199a2b18404e951f38b5c142e,0efc4afcff88086fee6bad6fc2e6161afe313e9e3d3a24a0d72a9a765d4721f1,da8f6c1886a3ea8d520d35632df74ba10ef63652268d4a17388a0161cdcc22be
gaussian,1000,5213000,7312014,100,True,relative_objective_stable_5,False,0.4030122132769437,0.28790145658125615,38689.172474586594,27638.53983180059,0.28562597584749927,2.908341086186916e-14,0,0,0.0,0,0.5793651998974383,7d99a2b1c08d801499f4873243b7afa84c9891608bffe9aa1f3535acd5a22422,94d8799a77edb0763fd9fc46fc42dd4ad6e8560b98adad5147efe8f07530255f,edf4f6646955bf9f0d118f4973daab17e525d2b1fa268b396d84313f0ea9776b,ce57f9fcf1c892c28fdeacbe0ae588dd73e4efda7e298c3a48867f7f76cb20ed
gaussian,1000,5213000,7312015,78,True,relative_objective_stable_5,False,0.4014642815371758,0.29002389155825303,38540.571027568876,27842.293589592293,0.27758481913316446,2.8113821784765256e-14,0,0,0.0,0,0.3661253999453038,7d99a2b1c08d801499f4873243b7afa84c9891608bffe9aa1f3535acd5a22422,26478f94f92f579abb988a4aee1bd8066ba64eff5b4179b9aa12eb8b2d38d860,1189d6793a6dd5d4211d5dfacb3b3ad9fa63ad7b181d5b5b98195f7731f4c720,6123d51a1ba7e2b938f961cff44e71f09d0ec51acd4859436833cb8b74746509
gaussian,1000,5213000,7312016,75,True,relative_objective_stable_5,False,0.4044600079710209,0.2926820604062118,38828.160765218,28097.477798996333,0.27636341136802295,3.064787725138564e-14,0,0,0.0,0,0.3352483999915421,7d99a2b1c08d801499f4873243b7afa84c9891608bffe9aa1f3535acd5a22422,3134165718aaeb6a31e150dedfddf9b597c56629b4d90c6bfa3a4716e07460b2,d7e0833a142a214ff8375f236cf3d5861c0486d71e8118248a41001ff36f845b,071dc4d68c43f548b8cad8f13d215428b61659cf10c493fc81af9d22b2613d2f
gaussian,1000,5213000,7312017,115,True,relative_objective_stable_5,False,0.4035897346181309,0.2912709068141628,38744.61452334057,27962.00705415963,0.27829951599299746,2.8618215760558616e-14,0,0,0.0,0,0.47433859994634986,7d99a2b1c08d801499f4873243b7afa84c9891608bffe9aa1f3535acd5a22422,b34362e585f7f7ea99dbb512620be21c1a9b8c581738bcbaf20dea35487f5877,205d7121a2f7f9c97ba4c4612c5bffeb49ff8e15a138ebe8e55b45f3bd2b946e,67b8c535f99c9964425e6e0913eb0c522dec141c77d1da95228399de6f951362
gaussian,1000,5213000,7312018,119,True,relative_objective_stable_5,False,0.40358833435594327,0.2897603731153012,38744.480098170556,27816.995819068914,0.2820397706050937,3.047491169320575e-14,0,0,0.0,0,0.7174015999771655,7d99a2b1c08d801499f4873243b7afa84c9891608bffe9aa1f3535acd5a22422,bf9469e1ec5451c1579d8b06451f1b86556194bd114370b700fd5b48eeed3fc1,0a22633e6b5e60e93d71a0cd447bc27f6b260971612a8f186548bfba0b428812,3c76e1ab9477e140877c791f03a346be027f94482170738ec28ceada8bd0c8ca
gaussian,1000,5213000,7312019,138,True,relative_objective_stable_5,False,0.4035367877780268,0.2903207328281337,38739.53162669057,27870.790351500837,0.2805594393841728,3.043988525207778e-14,0,0,0.0,0,0.606878999969922,7d99a2b1c08d801499f4873243b7afa84c9891608bffe9aa1f3535acd5a22422,7b59124bfd816b54117141b0ba0a99a2a443ba79bc8819a0f7de95c8edd8fefb,7579380f0540b17ebc2d546468aad25328905bf1cf2f398922d4724e186f9f4e,8544630adc58d946ba95bc2020b83c6e11c9acf5711e9b608fcb8765404ebc37
gaussian,1000,5213000,7312020,96,True,relative_objective_stable_5,False,0.4034180731467282,0.290617270038181,38728.1350220859,27899.257923665376,0.27961266640505744,3.066544361177935e-14,0,0,0.0,0,0.4501329999184236,7d99a2b1c08d801499f4873243b7afa84c9891608bffe9aa1f3535acd5a22422,707fcf116933a0c17d6c504e7dd5036df80900c37f7bf3c512d613ccb59ddcaa,c016a2af8acb9f67c3048a5a528ed74ee5f86889683df057a9eac41ae7743039,f1e9b33e1f50b405e3695c54427661d93318b9d0cbe9d0be8dbc86c9f07cc4b5
heterogeneous,1000,5213000,7312001,93,True,relative_objective_stable_5,False,0.4078818525992187,0.2995359364983652,39156.657849525,28755.44990384306,0.26563063644636653,2.7500042157381018e-14,0,0,0.0,0,0.3870277999667451,19c64d481857c5c7490208a4df169b5ab7c8f8d025e9c6901a20b1a5ed27bed8,29d7236dfa0c7782784c0713c0010d5960193f97d12cb4e6272a316c5a840880,f86d1621c6bc09e0689b0fa796a5552da276680f70acfec4fd5203c2ac4226d6,7c58b95edc73dff2bead9e34b3d449a8a0c26e712d786afef7def46310e16a99
heterogeneous,1000,5213000,7312002,89,True,relative_objective_stable_5,False,0.405686119560947,0.29905553640203014,38945.867477850916,28709.331494594895,0.2628401072097749,2.7571878463160914e-14,0,0,0.0,0,0.4052199999568984,19c64d481857c5c7490208a4df169b5ab7c8f8d025e9c6901a20b1a5ed27bed8,09c16380acd86ba0f5983001666952c1fe8cc07a623513c77b920059db08d699,efd4f4283a9bf5101f25e91ce71f9b62f0d3f7d3b532b8148d8f123597ff6d01,6448bf12a9c796aae3a9c4ce49f6019ddec65e6dd826b7e1f80c833a49a3a325
heterogeneous,1000,5213000,7312003,80,True,relative_objective_stable_5,False,0.40538485584152856,0.2976087126240554,38916.94616078674,28570.43641190932,0.26586129615953036,2.6237907381763406e-14,0,0,0.0,0,0.3435938999755308,19c64d481857c5c7490208a4df169b5ab7c8f8d025e9c6901a20b1a5ed27bed8,87a5f1d6c00a09a058c0d77476edcc7307fa38209378932833f628623c5e6694,fc1c452570c13e6b04c69f1433964aa468c71b2a2eb9b1860d0dcfe99a9e393d,087aeefa9a3a07fcbf015efa79eba036914de34caefbd19dd3de70b52c8515f7
heterogeneous,1000,5213000,7312004,109,True,relative_objective_stable_5,False,0.4104984797216489,0.2978332181371185,39407.85405327829,28591.988941163374,0.2744596317650836,2.629258349387101e-14,0,0,0.0,0,0.4546662999782711,19c64d481857c5c7490208a4df169b5ab7c8f8d025e9c6901a20b1a5ed27bed8,c02b50b360df6e448a4d0cfaa3a8025c5530cf04f1299e5c0f6d42ecc7845d09,5b3418c8fc09c23970d5fe269658d8e7069122443cb15825d3de962ef190e40a,bc0460b51acc2b7b1a89053dbe59ca6b8eb8e1c3599a93de39af06cf0f6d966d
heterogeneous,1000,5213000,7312005,100,True,relative_objective_stable_5,False,0.40718521557151,0.29999174413177115,39089.78069486496,28799.20743665003,0.26325482198386324,2.6341382942220736e-14,0,0,0.0,0,0.4127607000991702,19c64d481857c5c7490208a4df169b5ab7c8f8d025e9c6901a20b1a5ed27bed8,6f239c7798ac2175ffea3d35a05164a1e8a997b58af62e007ee07e5ef9483fe5,5de0b0d36024f124e7a7b2acc885aab032b63f673b3399dc63c5a28dcba919f8,21e12ada8069bd0c7b905f4da9cc5fdd12428cb62451c64c5fb64c21cdef1cce
heterogeneous,1000,5213000,7312006,101,True,relative_objective_stable_5,False,0.40795972463848623,0.3004870631455318,39164.13356529468,28846.758061971053,0.2634393912001764,2.7020151773167937e-14,0,0,0.0,0,0.5658913999795914,19c64d481857c5c7490208a4df169b5ab7c8f8d025e9c6901a20b1a5ed27bed8,dd16d4749df3a595fab6783363274f825c98a4a46db8d30cfb8d51e20f32fc61,5a15641ca78d4c2b30a1522074afe47f77b4ea7be016cc98f8088e826876ed16,d6b695eb6c2c4e54cbc1340bdcd754cb2c627cb13a097c78ef7ddd02df975982
heterogeneous,1000,5213000,7312007,74,True,relative_objective_stable_5,False,0.4090372214930303,0.30019500152714,39267.57326333091,28818.720146605443,0.2660936810801823,2.5831586377296852e-14,0,0,0.0,0,0.44805660005658865,19c64d481857c5c7490208a4df169b5ab7c8f8d025e9c6901a20b1a5ed27bed8,fb6648a9b1aff69dc7787f7620959882aa42044aab171e5a030cf863501c7fac,4f88a2c2f7830c727979d3c3ec9fce8030237a98cbbb411a4112bd75fc5364d5,041be4831ee5d6b24837933d88d6c11e4aecdfdcff26c33a8f242c4ad9662c17
heterogeneous,1000,5213000,7312008,71,True,relative_objective_stable_5,False,0.40493509989078713,0.29980424261962896,38873.76958951556,28781.20729148438,0.25962396764200596,2.8771971845096355e-14,0,0,0.0,0,0.33758779999334365,19c64d481857c5c7490208a4df169b5ab7c8f8d025e9c6901a20b1a5ed27bed8,ab9752160b0ea100d782e061c518e1853cea6bf2019ba0c47704cba1002f6ddf,2df7e0169038aa56b13edb80e650f20c4d6ccd5d85c2ecb4b02ec0cc4ac7de8a,1492598983133b4963e9343fec60d4fb3727341a69bf21f5554c7a8037928a5d
heterogeneous,1000,5213000,7312009,88,True,relative_objective_stable_5,False,0.4089332388910149,0.2996298703691998,39257.59093353743,28764.46755544318,0.26728902942258903,2.7634125552941052e-14,0,0,0.0,0,0.365608699969016,19c64d481857c5c7490208a4df169b5ab7c8f8d025e9c6901a20b1a5ed27bed8,03147f63aa4bf97b1f8b3ce584aa208fa04a24579e8d8e1a1de39df57b410e6d,c5ac546d6cc8c318a2091429f562e987dbba3a921d70ece00f0c5e856b2d4257,91f635115b9ff631479888b65aecb0fdb6b5f8d5824f83e89bfdcdc4bd4978cf
heterogeneous,1000,5213000,7312010,66,True,relative_objective_stable_5,False,0.4122509436429874,0.2999955646284807,39576.090589726795,28799.57420433415,0.2722986587308355,2.4991696821675e-14,0,0,0.0,0,0.26128640002571046,19c64d481857c5c7490208a4df169b5ab7c8f8d025e9c6901a20b1a5ed27bed8,14f35ce06927678a59dd59d26a9724389a485cc3dffc963bcac4046bae766a34,b3177b2caf158e70d22b51a97e984eb179fd768a66632fbb50a38ecff542c43a,6b048ceac47128432656684ba8bff8c53043f51a626ae8182d8121971bd89c5d
heterogeneous,1000,5213000,7312011,104,True,relative_objective_stable_5,False,0.40747715714179944,0.3003357559063453,39117.807085612745,28832.23256700915,0.26293842331429046,2.663302720825582e-14,0,0,0.0,0,0.4377561000874266,19c64d481857c5c7490208a4df169b5ab7c8f8d025e9c6901a20b1a5ed27bed8,29cc27e854074dcb7cc1d9a2eac087eead0871b2c61077be3062d9ef3f931820,76c8ac765597793a7b8ac6c5201948cf37246df2d1ac787445c8aa02417f429c,ec06f8ad1ef96b438f1be12d4d4da5e1bacabac664383d058643615ad0ab9115
heterogeneous,1000,5213000,7312012,93,True,relative_objective_stable_5,False,0.4067906794035161,0.29860396770643616,39051.90522273754,28665.98089981787,0.26595179578774003,2.7617556191077476e-14,0,0,0.0,0,0.46089410001877695,19c64d481857c5c7490208a4df169b5ab7c8f8d025e9c6901a20b1a5ed27bed8,dc1a7babe16644337529c22e7a9294b5534ca55919e4c85756bf9c2be6d038b5,690b43850ffc0eb27ea5fd9bdd41ed4a3bbdc252ae48a4bf415e62f2d926eedd,e4b001dc7ceb34d1bbee0a9121ea845569d983c0ce67205ab8bc900263f555b4
heterogeneous,1000,5213000,7312013,88,True,relative_objective_stable_5,False,0.40802284864406646,0.2984712340963201,39170.19346983038,28653.23847324673,0.268493823107716,2.6104809794956868e-14,0,0,0.0,0,0.36989889992401004,19c64d481857c5c7490208a4df169b5ab7c8f8d025e9c6901a20b1a5ed27bed8,2ae805ae258cddf4752bcf6cd2f3caefb21bd53199a2b18404e951f38b5c142e,63914fc6d27e94008922db3cca6c19fc51d8ded8764b6a025acab6d7a17d3810,cca9c62babc2721a800276cefcf1c854727d574a9e1b01af0c4b5609a02f5661
heterogeneous,1000,5213000,7312014,97,True,relative_objective_stable_5,False,0.40971275074686375,0.2958009245023618,39332.42407169892,28396.888752226732,0.27802851152875413,2.709717229203109e-14,0,0,0.0,0,0.3936810999875888,19c64d481857c5c7490208a4df169b5ab7c8f8d025e9c6901a20b1a5ed27bed8,94d8799a77edb0763fd9fc46fc42dd4ad6e8560b98adad5147efe8f07530255f,af9b1c5b01f03563735bed58eca6d2e91e85c6ab1aa4381d428a9e5d52a1f193,fad2fdbc9297a2f9c9b9e81b434a384e2b904d2882f5cb2de64e65c8e0ccf331
heterogeneous,1000,5213000,7312015,100,True,relative_objective_stable_5,False,0.40542931428903267,0.2980760823298655,38921.21417174714,28615.303903667085,0.2647890228347783,2.6159924462844516e-14,0,0,0.0,0,0.42943190003279597,19c64d481857c5c7490208a4df169b5ab7c8f8d025e9c6901a20b1a5ed27bed8,26478f94f92f579abb988a4aee1bd8066ba64eff5b4179b9aa12eb8b2d38d860,01782d43cf7699f01b1f1022ff338b85af3d015e60836bfb4733bed601d1ecb4,b07a61941dacef434b63b0679a316d65fef8edb87b33e285f134539474d6a573
heterogeneous,1000,5213000,7312016,76,True,relative_objective_stable_5,False,0.4104808807662767,0.2994093351551271,39406.164553562565,28743.2961748922,0.2705888405905866,2.635041028102636e-14,0,0,0.0,0,0.3106272000586614,19c64d481857c5c7490208a4df169b5ab7c8f8d025e9c6901a20b1a5ed27bed8,3134165718aaeb6a31e150dedfddf9b597c56629b4d90c6bfa3a4716e07460b2,a3af35fd244efbeeca9e376290fa11b3772513b881181cb37538e1e2f1c33fec,472012d16669590f7cae98351f32961b96923b58c126475c4da0bf2b4b7dd32b
heterogeneous,1000,5213000,7312017,86,True,relative_objective_stable_5,False,0.4085011369755433,0.2975167858699512,39216.109149652155,28561.611443515314,0.2716867618222485,2.5636307659768088e-14,0,0,0.0,0,0.3987981000682339,19c64d481857c5c7490208a4df169b5ab7c8f8d025e9c6901a20b1a5ed27bed8,b34362e585f7f7ea99dbb512620be21c1a9b8c581738bcbaf20dea35487f5877,ca100ce2e95fb3954cb3d55fb3f83fb60181555742b1f6a0a619e5adadd6328b,861388f9a255c8b7434e461c7ef5582b1a58286b783cf1d50c3661d1b107ddd6
heterogeneous,1000,5213000,7312018,80,True,relative_objective_stable_5,False,0.4065403610969117,0.30113016392393327,39027.87466530353,28908.495736697594,0.2592859338456941,2.784627654888737e-14,0,0,0.0,0,0.36079840001184493,19c64d481857c5c7490208a4df169b5ab7c8f8d025e9c6901a20b1a5ed27bed8,bf9469e1ec5451c1579d8b06451f1b86556194bd114370b700fd5b48eeed3fc1,1dff598a812dab1bce6823579605b7b84658db26631d6f3e1a628ecbba0064e7,90b3cbdb07d2ce0775233e61ad9a13b93e71aa491b04f8cfc4d0709f374771c4
heterogeneous,1000,5213000,7312019,89,True,relative_objective_stable_5,False,0.4111599715749798,0.29911580458055026,39471.35727119806,28715.117239732826,0.27250747820911597,2.7148735372883566e-14,0,0,0.0,0,0.482120200060308,19c64d481857c5c7490208a4df169b5ab7c8f8d025e9c6901a20b1a5ed27bed8,7b59124bfd816b54117141b0ba0a99a2a443ba79bc8819a0f7de95c8edd8fefb,2078f095c2f6738473ddae7d426302f3456520a10af79cdd5b64f20d93b1cbe3,db273dc187023febe16849eeb035248b34c6264b0de66f487353ca8404071f53
heterogeneous,1000,5213000,7312020,117,True,relative_objective_stable_5,False,0.40965534153458033,0.2980801798332594,39326.912787319714,28615.697263992904,0.2723634977719496,2.6328009535578604e-14,0,0,0.0,0,0.6155365000013262,19c64d481857c5c7490208a4df169b5ab7c8f8d025e9c6901a20b1a5ed27bed8,707fcf116933a0c17d6c504e7dd5036df80900c37f7bf3c512d613ccb59ddcaa,3bbce1e0827e5c8bbaf1eaea63de616e4d8173263c0a5e61b18bfe811db505a0,0409ea1fc0e3cb5c7549ba700341c4c802fec6a3902fd9cc3f2750ddc9ec11a6
rotated_heterogeneous,1000,5213000,7312001,97,True,relative_objective_stable_5,False,0.4068890065413225,0.29954559455627155,39061.34462796696,28756.37707740207,0.26381497228814765,2.6624001857415663e-14,0,0,0.0,0,0.37523390003480017,b79e7a1f3ffcfb349bfb2af41f26600569afb01d921826233af1ccab39247f51,29d7236dfa0c7782784c0713c0010d5960193f97d12cb4e6272a316c5a840880,8faa331a5bf967650b09a9802cfa3e55a1b5c9aead1ef72c16cb5d1b8f65ee58,4c2ac1e07d667c9599a91599eccfeed3f2036bb09766cdde7e42e0d10fb45175
rotated_heterogeneous,1000,5213000,7312002,113,True,relative_objective_stable_5,False,0.40985260720827976,0.2988710623184313,39345.85029199486,28691.621982569406,0.2707840402573055,2.6476936379536747e-14,0,0,0.0,0,0.43088650004938245,b79e7a1f3ffcfb349bfb2af41f26600569afb01d921826233af1ccab39247f51,09c16380acd86ba0f5983001666952c1fe8cc07a623513c77b920059db08d699,711bc3c1d204b2d16c84f26d1eb9918516cec4d83b8e3f6c07f11a5792087ef8,6614a776461369709919de87a73f662de55a0160a8ffb51295c1c2d0c7f55613
rotated_heterogeneous,1000,5213000,7312003,86,True,relative_objective_stable_5,False,0.40859184507105845,0.2969770112760923,39224.81712682161,28509.793082504857,0.2731695092337322,2.7403021952562566e-14,0,0,0.0,0,0.33962360001169145,b79e7a1f3ffcfb349bfb2af41f26600569afb01d921826233af1ccab39247f51,87a5f1d6c00a09a058c0d77476edcc7307fa38209378932833f628623c5e6694,187a33d788f4763484a4671a09de3b861cec9c10100e6652637a9c7c1187fc10,3104e0a147b6b8baf1c8ec18eaeb40e5fa05f2d191b7637e52e7dfb86366aa54
rotated_heterogeneous,1000,5213000,7312004,140,True,relative_objective_stable_5,False,0.4074628077087334,0.2979934665978106,39116.42954003841,28607.37279338982,0.26866094043404015,2.8146780065964297e-14,0,0,0.0,0,0.5381104999687523,b79e7a1f3ffcfb349bfb2af41f26600569afb01d921826233af1ccab39247f51,c02b50b360df6e448a4d0cfaa3a8025c5530cf04f1299e5c0f6d42ecc7845d09,46025edf980032fa0cc44005b6d1af320448414925127452910b98fa74a6d55b,3b5ad684651f29cfd0613eec62f4c5da0d1b486a9f6a71aa84f9b2ce94e02118
rotated_heterogeneous,1000,5213000,7312005,108,True,relative_objective_stable_5,False,0.41015493913295403,0.29794746623122986,39374.87415676359,28602.956758198066,0.27357337970603224,2.7232847414816928e-14,0,0,0.0,0,0.5666087000863627,b79e7a1f3ffcfb349bfb2af41f26600569afb01d921826233af1ccab39247f51,6f239c7798ac2175ffea3d35a05164a1e8a997b58af62e007ee07e5ef9483fe5,3c709e7910d6a17f6d0ac607a56adf603ec0f06cf758b7afa4bd2e114b6b5abd,3c57c41d55ad065e013235ac3ac48e77b1f5d984764619618a213e527a6d79e6
rotated_heterogeneous,1000,5213000,7312006,106,True,relative_objective_stable_5,False,0.40829928997937837,0.2988258069999501,39196.73183802032,28687.27747199521,0.26812067928150785,2.4952438998304504e-14,0,0,0.0,0,0.5559187000617385,b79e7a1f3ffcfb349bfb2af41f26600569afb01d921826233af1ccab39247f51,dd16d4749df3a595fab6783363274f825c98a4a46db8d30cfb8d51e20f32fc61,8fd07f9c1c9b6c12bc691ea458752ebbefe281429e8a421e03c182d4ce818713,a6f5f078225a4817c6ea70a1866ba8d0fc9e7ffb9ad2d995d997af19dea5451a
rotated_heterogeneous,1000,5213000,7312007,109,True,relative_objective_stable_5,False,0.4068779024945756,0.29946574327003544,39060.27863947926,28748.7113539234,0.2639911348490403,2.568385581053874e-14,0,0,0.0,0,0.438928599935025,b79e7a1f3ffcfb349bfb2af41f26600569afb01d921826233af1ccab39247f51,fb6648a9b1aff69dc7787f7620959882aa42044aab171e5a030cf863501c7fac,ce2c0a6cbdfe84eebe842fb70fd373e7b4fcf1adb0eda870787ae0c1c9f763e9,0ecb2bde7ed5313e7d4aeca44df4dbdd2dd8ac25b3af97bd023793cd2fdcb83e
rotated_heterogeneous,1000,5213000,7312008,95,True,relative_objective_stable_5,False,0.4079442821326044,0.295670438117492,39162.65108473002,28384.362059279232,0.27521857501759817,2.639236373536361e-14,0,0,0.0,0,0.3568529000040144,b79e7a1f3ffcfb349bfb2af41f26600569afb01d921826233af1ccab39247f51,ab9752160b0ea100d782e061c518e1853cea6bf2019ba0c47704cba1002f6ddf,bbaee5a9027562bdef6633f97b7488c6161448bbee03bf4aefb15e8eccd0bf65,bc7fd01edaa6814df23d2eed11d65b29fda0a63ac1f7c55aa252344ba8d22d93
rotated_heterogeneous,1000,5213000,7312009,121,True,relative_objective_stable_5,False,0.4081039717660242,0.29713503684010645,39177.98128953832,28524.96353665022,0.2719133912020315,2.57091677550878e-14,0,0,0.0,0,0.4880570999812335,b79e7a1f3ffcfb349bfb2af41f26600569afb01d921826233af1ccab39247f51,03147f63aa4bf97b1f8b3ce584aa208fa04a24579e8d8e1a1de39df57b410e6d,bfb2062239bc2e43c9f449ae5f13b4142c2ad8d362058fb1b6b1db547a2a85f9,2dba4ab55722f4e6d8e1baf5557e9668589fcf81232fbfa5e041c1d14d68fd0d
rotated_heterogeneous,1000,5213000,7312010,112,True,relative_objective_stable_5,False,0.4107127938021973,0.29835995460681025,39428.42820501094,28642.555642253785,0.2735557325966746,2.3766513093681122e-14,0,0,0.0,0,0.4272507999558002,b79e7a1f3ffcfb349bfb2af41f26600569afb01d921826233af1ccab39247f51,14f35ce06927678a59dd59d26a9724389a485cc3dffc963bcac4046bae766a34,7add322fc2cf0f3cdb3ddb8130d955b97cc54cc137a21d6e40baab391eff1b04,c92618b6809034362af02377d4aaf118f057a390484c0def42a00a5890cf03da
rotated_heterogeneous,1000,5213000,7312011,139,True,relative_objective_stable_5,False,0.4058885080293074,0.2985195869800059,38965.29677081351,28657.880350080566,0.2645281128322778,2.5506435174945962e-14,0,0,0.0,0,0.5530776999657974,b79e7a1f3ffcfb349bfb2af41f26600569afb01d921826233af1ccab39247f51,29cc27e854074dcb7cc1d9a2eac087eead0871b2c61077be3062d9ef3f931820,dc1eed9d6376faf112ea98c33ffd4e21d03291cd7462db93e6c02cd38de867ba,4e5f8003ee02a52560037853d78eeadb734db3a7274fa2e6ee2f505e6a4e3590
rotated_heterogeneous,1000,5213000,7312012,97,True,relative_objective_stable_5,False,0.4052861533964801,0.299885111693644,38907.47072606209,28788.970722589824,0.2600657358252385,2.4460769429829634e-14,0,0,0.0,0,0.4369238999206573,b79e7a1f3ffcfb349bfb2af41f26600569afb01d921826233af1ccab39247f51,dc1a7babe16644337529c22e7a9294b5534ca55919e4c85756bf9c2be6d038b5,79236e26ac24a8c0937043f5983cb539beca37e33553f6529374a881a299103a,7ea3b864c59a29fce09431f3726a5a4f55a9e7194bc2aa76a385a9c68a782d4c
rotated_heterogeneous,1000,5213000,7312013,97,True,relative_objective_stable_5,False,0.40950987838834274,0.2982814762430722,39312.9483252809,28635.021719334934,0.2716134775137009,2.6059011836227547e-14,0,0,0.0,0,0.3840340001042932,b79e7a1f3ffcfb349bfb2af41f26600569afb01d921826233af1ccab39247f51,2ae805ae258cddf4752bcf6cd2f3caefb21bd53199a2b18404e951f38b5c142e,db6f955a452c473d3a683ea6d5e2590eedf770968917bed315c6277c64f6caf1,78f1008be71fbaa403bab4f0d92acabecc3f5679a11872e7b5bcabf2f3a8f4c4
rotated_heterogeneous,1000,5213000,7312014,95,True,relative_objective_stable_5,False,0.40739121672948103,0.2959438799636586,39109.55680603018,28410.61247651123,0.27356342549679097,2.7452704193902514e-14,0,0,0.0,0,0.48115480004344136,b79e7a1f3ffcfb349bfb2af41f26600569afb01d921826233af1ccab39247f51,94d8799a77edb0763fd9fc46fc42dd4ad6e8560b98adad5147efe8f07530255f,4edc8caaafcb370095cb328d116f3fdd341037248c177d8cd9a58cbb89ed5a93,8e5c1aa55fafe92c425cae423e4a198d1881621dde825b315f1a8e6a44a1f0ef
rotated_heterogeneous,1000,5213000,7312015,133,True,relative_objective_stable_5,False,0.4106848458380663,0.29545208735550743,39425.74520045437,28363.400386128713,0.28058682868467794,2.4564769357376284e-14,0,0,0.0,0,0.6168890000553802,b79e7a1f3ffcfb349bfb2af41f26600569afb01d921826233af1ccab39247f51,26478f94f92f579abb988a4aee1bd8066ba64eff5b4179b9aa12eb8b2d38d860,86f142b76561822f2b9becddff61cb366163c58145f49e1494e2a730d5b571f5,781a2518056bb88e8e41428478817ce54fde6ad777806d1cdb43e4a7088e2262
rotated_heterogeneous,1000,5213000,7312016,96,True,relative_objective_stable_5,False,0.40779060806430684,0.3003641754567534,39147.898374173456,28834.96084384833,0.26343527899645186,2.844187848919059e-14,0,0,0.0,0,0.3875752000603825,b79e7a1f3ffcfb349bfb2af41f26600569afb01d921826233af1ccab39247f51,3134165718aaeb6a31e150dedfddf9b597c56629b4d90c6bfa3a4716e07460b2,d9d9f26345fbb0735c07d505fb1629ed067497fa184945f6285b86ad8a3665fc,970c4672a491adf0b4b3826034004619eef8858823a1a13f51d8a9b9638281d3
rotated_heterogeneous,1000,5213000,7312017,62,True,relative_objective_stable_5,False,0.40638481744434957,0.2996971845570918,39012.94247465756,28770.929717480816,0.2625285894246469,2.720581541731286e-14,0,0,0.0,0,0.29621079994831234,b79e7a1f3ffcfb349bfb2af41f26600569afb01d921826233af1ccab39247f51,b34362e585f7f7ea99dbb512620be21c1a9b8c581738bcbaf20dea35487f5877,aad8b0b5dfac033d84363192e6f872cdad5822621d7a58ca748b7bd8f758d4c3,524a1fd201649fbe10d56506440c10b2743aa95176c9602e204635ecaaba8438
rotated_heterogeneous,1000,5213000,7312018,85,True,relative_objective_stable_5,False,0.4069596906461614,0.30076983633857657,39068.130302031495,28873.904288503352,0.26093457595021013,2.771784445095087e-14,0,0,0.0,0,0.47997849993407726,b79e7a1f3ffcfb349bfb2af41f26600569afb01d921826233af1ccab39247f51,bf9469e1ec5451c1579d8b06451f1b86556194bd114370b700fd5b48eeed3fc1,551445b77a2b090374c5de2f01bd16a4df90e5c21180e35dd62cd2c27c25e9cb,d2f922a2fa406d9466f3de0a828588c007384daa80999ff1b25c7f2e86d865d6
rotated_heterogeneous,1000,5213000,7312019,68,True,relative_objective_stable_5,False,0.41093745794557385,0.30102816011269146,39449.99596277509,28898.70337081838,0.267459915633778,2.7153074544828745e-14,0,0,0.0,0,0.365794499986805,b79e7a1f3ffcfb349bfb2af41f26600569afb01d921826233af1ccab39247f51,7b59124bfd816b54117141b0ba0a99a2a443ba79bc8819a0f7de95c8edd8fefb,53c9d638e5f349827c56a8e12a54d946e2873d4ab079b5ec494c289990f13797,9c4d27672a95f018bdd0ef41e86485d6edc5e9ba3b214f43d5886c1b4047ba3d
rotated_heterogeneous,1000,5213000,7312020,98,True,relative_objective_stable_5,False,0.4079675318293544,0.29948938206821163,39164.883055618026,28750.980678548316,0.26589897797679957,2.381200844111861e-14,0,0,0.0,0,0.48561390000395477,b79e7a1f3ffcfb349bfb2af41f26600569afb01d921826233af1ccab39247f51,707fcf116933a0c17d6c504e7dd5036df80900c37f7bf3c512d613ccb59ddcaa,8cb5ffa498c70904be99a6eb30f2e419d91a4787f7b94f303590cefcb8a9d06b,615fa2565ecb248ec7d68f9cb1edd76abf959ba51903fa40cb7fb7d5ca927b90
