group,n,distribution,seed_i,seed_j,raw_frobenius,raw_normalized,signed_permutation_frobenius,signed_permutation_normalized
haar_null_shared,,,8312001,8312002,13.868561269619402,1.4154541073788658,11.81079256769374,1.2054339686960673
haar_null_shared,,,8312001,8312003,13.765785487348895,1.4049645980256105,11.899338334546758,1.2144711331824565
haar_null_shared,,,8312001,8312004,13.930974695877044,1.4218241510217844,11.809992613662951,1.2053523237296875
haar_null_shared,,,8312001,8312005,13.70423028718535,1.3986821467166286,11.830188984430526,1.2074136071895467
haar_null_shared,,,8312001,8312006,13.987100137351879,1.4275524299051923,11.85737347280682,1.210188112416236
haar_null_shared,,,8312001,8312007,13.744859422584135,1.4028288404840232,11.840436242832567,1.2084594636206902
haar_null_shared,,,8312001,8312008,13.925044570184166,1.4212189101026962,11.87106344802949,1.2115853396615228
haar_null_shared,,,8312001,8312009,13.796164659781795,1.40806515932847,11.839915477238902,1.2084063132048537
haar_null_shared,,,8312001,8312010,13.912036714939232,1.4198913014361096,11.872209736460611,1.2117023322346188
haar_null_shared,,,8312001,8312011,13.747067018066447,1.4030541522544457,11.834406570445427,1.2078440627596636
haar_null_shared,,,8312001,8312012,13.7923022870133,1.407670957558502,11.887240739005064,1.2132364275078014
haar_null_shared,,,8312001,8312013,13.831569870325522,1.4116786884979675,11.817540709530574,1.206122698038241
haar_null_shared,,,8312001,8312014,13.91659465175953,1.4203564939148419,11.844684848597796,1.2088930851308177
haar_null_shared,,,8312001,8312015,13.848765361532978,1.4134336959702503,11.856787150460242,1.2101282711423231
haar_null_shared,,,8312001,8312016,13.863401881616058,1.4149275295458146,11.846508247390112,1.209079184990767
haar_null_shared,,,8312001,8312017,13.86277794596766,1.41486384938036,11.835594668562798,1.2079653225159936
haar_null_shared,,,8312001,8312018,13.836426870932359,1.4121744040465982,11.83841582045646,1.208253255125425
haar_null_shared,,,8312001,8312019,13.781345762905193,1.406552711999362,11.859366715873625,1.2103915469348614
haar_null_shared,,,8312001,8312020,13.8770114608009,1.4163165514048506,11.8564829343134,1.2100972222118531
haar_null_shared,,,8312002,8312003,13.833861903827165,1.4119126181876505,11.85404337754536,1.2098482359918425
haar_null_shared,,,8312002,8312004,13.80260314791273,1.4087222847716268,11.859284322818008,1.2103831377288359
haar_null_shared,,,8312002,8312005,13.806981879909522,1.409169187234649,11.878211518592579,1.2123148865583968
haar_null_shared,,,8312002,8312006,13.8973242505938,1.4183897168317263,11.828440334744844,1.2072351363783467
haar_null_shared,,,8312002,8312007,13.881645921680452,1.4167895540876752,11.870181829393314,1.2114953598362577
haar_null_shared,,,8312002,8312008,13.81159289384744,1.4096397968740142,11.844420980176277,1.2088661541728196
haar_null_shared,,,8312002,8312009,13.747033990422743,1.4030507813846755,11.837077626854969,1.2081166763128954
haar_null_shared,,,8312002,8312010,13.955407380366653,1.424317801440366,11.922168925556687,1.2168012706199771
haar_null_shared,,,8312002,8312011,13.973315198440247,1.4261455104689864,11.89788544707896,1.214322848476215
haar_null_shared,,,8312002,8312012,13.880618549221404,1.4166846983251564,11.845039387696811,1.2089292701260865
haar_null_shared,,,8312002,8312013,13.682519646398285,1.39646631372008,11.913418885999373,1.215908223447286
haar_null_shared,,,8312002,8312014,13.913814539773222,1.420072749923415,11.825905687832275,1.2069764450611002
haar_null_shared,,,8312002,8312015,13.752546919675975,1.4036134423704456,11.845655941610454,1.2089921968963926
haar_null_shared,,,8312002,8312016,13.861832526337059,1.414767357893369,11.910268129329744,1.215586650691275
haar_null_shared,,,8312002,8312017,13.774051607383583,1.4058082553688431,11.86844333674865,1.2113179256737157
haar_null_shared,,,8312002,8312018,13.899698437383625,1.4186320312562735,11.851969989128522,1.2096366216726822
haar_null_shared,,,8312002,8312019,13.862394518104749,1.4148247159379725,11.857563708932819,1.2102075283095417
haar_null_shared,,,8312002,8312020,13.857261832223411,1.4143008633788365,11.799118264293439,1.2042424650946848
haar_null_shared,,,8312003,8312004,13.794163146324879,1.4078608807166886,11.791610404271472,1.2034761973399324
haar_null_shared,,,8312003,8312005,13.857262369754803,1.4143009182404045,11.84664946803691,1.2090935982626754
haar_null_shared,,,8312003,8312006,13.734172020097862,1.4017380620353932,11.791726224300703,1.203488018172166
haar_null_shared,,,8312003,8312007,13.801942200956953,1.4086548271554309,11.820795642616735,1.206454903255241
haar_null_shared,,,8312003,8312008,13.945029146892523,1.4232585774219038,11.885627330183008,1.2130717596594454
haar_null_shared,,,8312003,8312009,13.697514008986957,1.3979966694434351,11.864374593706783,1.210902661325921
haar_null_shared,,,8312003,8312010,13.985214777148677,1.4273600061352256,11.785216538707603,1.2028236261684562
haar_null_shared,,,8312003,8312011,13.915690606599073,1.4202642251920272,11.860110737198552,1.2104674832933537
haar_null_shared,,,8312003,8312012,13.787159271589761,1.4071460507448799,11.826399352000164,1.2070268294492512
haar_null_shared,,,8312003,8312013,13.866428438285983,1.4152364261924366,11.842823727704207,1.208703135275029
haar_null_shared,,,8312003,8312014,13.975998043443767,1.4264193271905532,11.884174664547803,1.2129234975938985
haar_null_shared,,,8312003,8312015,13.770413435347058,1.4054369359902619,11.865287945010033,1.2109958798529572
haar_null_shared,,,8312003,8312016,13.816671352461253,1.4101581148858342,11.842022566970304,1.2086213671500283
haar_null_shared,,,8312003,8312017,13.808452606721417,1.409319292661323,11.87186988140643,1.2116676459234
haar_null_shared,,,8312003,8312018,13.864155443910645,1.4150044396754453,11.872472824792826,1.2117291835750856
haar_null_shared,,,8312003,8312019,13.857226194162534,1.4142972260844795,11.88039324716533,1.2125375582984173
haar_null_shared,,,8312003,8312020,13.856954577199186,1.4142695042942426,11.860155817349789,1.210472084267023
haar_null_shared,,,8312004,8312005,13.931844595361085,1.4219129347660933,11.9051001791392,1.2150591989836521
haar_null_shared,,,8312004,8312006,13.81110463765542,1.409589964435089,11.833609654388738,1.207762727855217
haar_null_shared,,,8312004,8312007,13.976303312314439,1.4264504835641991,11.83422181863044,1.2078252066065063
haar_null_shared,,,8312004,8312008,13.840407931860277,1.4125807193761122,11.926669929761488,1.2172606524379723
haar_null_shared,,,8312004,8312009,13.92233298053616,1.4209421596431366,11.874353387468535,1.2119211176994527
haar_null_shared,,,8312004,8312010,13.827522112095178,1.4112655659035303,11.78749348653535,1.2030560161829944
haar_null_shared,,,8312004,8312011,13.84293746719342,1.4128388889949681,11.852513711148791,1.2096921150689979
haar_null_shared,,,8312004,8312012,13.864390749206342,1.4150284554216217,11.836896602158639,1.2080982005571934
haar_null_shared,,,8312004,8312013,13.907235066487436,1.4194012352431462,11.859149767734399,1.2103694047581217
haar_null_shared,,,8312004,8312014,13.775769138671967,1.4059835501719185,11.808424387098635,1.2051922672762019
haar_null_shared,,,8312004,8312015,13.89428373430367,1.4180793954373332,11.862467619682851,1.2107080316046137
haar_null_shared,,,8312004,8312016,13.796204477190944,1.408069223175774,11.847967653292962,1.2092281349819998
haar_null_shared,,,8312004,8312017,13.760119625527711,1.404386328424985,11.892812987533466,1.2138051427417413
haar_null_shared,,,8312004,8312018,13.92309364591656,1.4210197947284275,11.866387793711308,1.2111081326909732
haar_null_shared,,,8312004,8312019,13.825000631711715,1.4110082183895336,11.884350482212055,1.2129414419091145
haar_null_shared,,,8312004,8312020,13.937237562757712,1.4224633521961434,11.899481828752874,1.214485778498541
haar_null_shared,,,8312005,8312006,13.724163373510168,1.4007165588205723,11.858659201336938,1.210319336534841
haar_null_shared,,,8312005,8312007,13.78603251467151,1.4070310515984688,11.798317169855343,1.2041607037359716
haar_null_shared,,,8312005,8312008,13.906650360969666,1.4193415589861325,11.864650531911748,1.2109308241510337
haar_null_shared,,,8312005,8312009,13.907519641696638,1.4194302795788123,11.832383043472179,1.2076375374027795
haar_null_shared,,,8312005,8312010,13.844539196894463,1.413002364848027,11.841877454608053,1.208606556681575
haar_null_shared,,,8312005,8312011,13.78078151624313,1.406495123815565,11.806537938866697,1.2049997324597677
haar_null_shared,,,8312005,8312012,13.867721632215872,1.4153684122452157,11.865576541809062,1.2110253346404165
haar_null_shared,,,8312005,8312013,13.83405524402153,1.4119323508886072,11.87775598667225,1.2122683940264654
haar_null_shared,,,8312005,8312014,13.86123346847238,1.4147062168060829,11.850755388660788,1.2095126570315449
haar_null_shared,,,8312005,8312015,13.990843874093464,1.427934523436367,11.860621210267388,1.2105195832327738
haar_null_shared,,,8312005,8312016,13.895975831212978,1.4182520943549641,11.847421333450027,1.2091723764465185
haar_null_shared,,,8312005,8312017,13.797944450323103,1.4082468084399382,11.847486161684294,1.209178992950472
haar_null_shared,,,8312005,8312018,13.868463633640138,1.41544414244846,11.836876466666963,1.20809614548718
haar_null_shared,,,8312005,8312019,13.751399593273945,1.4034963438598873,11.83771274285426,1.2081814975681346
haar_null_shared,,,8312005,8312020,13.919428379441161,1.4206457100352585,11.837291754127941,1.2081385305861787
haar_null_shared,,,8312006,8312007,13.878353880279972,1.4164535615192047,11.852723160260012,1.2097134918793966
haar_null_shared,,,8312006,8312008,13.857713258753343,1.4143469369061152,11.854986581413804,1.2099445013335555
haar_null_shared,,,8312006,8312009,13.88967978816122,1.4176095071518224,11.87971247667439,1.212468077451136
haar_null_shared,,,8312006,8312010,13.824877305953665,1.41099563150706,11.809136377991079,1.2052649345423685
haar_null_shared,,,8312006,8312011,13.907083508331846,1.4193857669036647,11.819860910012917,1.2063595025083536
haar_null_shared,,,8312006,8312012,13.943785311742763,1.4231316290285267,11.875824334191323,1.2120712455706881
haar_null_shared,,,8312006,8312013,13.756532868940408,1.4040202566137157,11.864924275795827,1.2109587630192087
haar_null_shared,,,8312006,8312014,13.866287898965453,1.4152220824580994,11.87652284745712,1.212142537282345
haar_null_shared,,,8312006,8312015,13.845481466975478,1.4130985348854594,11.869719930072746,1.2114482174342607
haar_null_shared,,,8312006,8312016,13.98916994571011,1.427763678836151,11.852113603044433,1.2096512792065965
haar_null_shared,,,8312006,8312017,13.887883772056961,1.41742620202577,11.813447288322749,1.2057049149856802
haar_null_shared,,,8312006,8312018,13.765614174554555,1.4049471134867546,11.83323944969225,1.2077249439966011
haar_null_shared,,,8312006,8312019,13.996099640294604,1.4284709378280402,11.862398956966112,1.2107010237454319
haar_null_shared,,,8312006,8312020,13.808301736811401,1.4093038945656113,11.872842317123558,1.211766894728176
haar_null_shared,,,8312007,8312008,13.95152475413323,1.4239215325597896,11.84149859994728,1.2085678899896763
haar_null_shared,,,8312007,8312009,13.88731798115602,1.4173684562337527,11.857645028648333,1.2102158279682516
haar_null_shared,,,8312007,8312010,14.03793699024147,1.4327409444763768,11.875639143014327,1.2120523445753337
haar_null_shared,,,8312007,8312011,13.785038220869772,1.4069295719122743,11.842359249344831,1.2086557296509859
haar_null_shared,,,8312007,8312012,13.951701577513454,1.4239395795204621,11.824379536504315,1.206820682893443
haar_null_shared,,,8312007,8312013,13.893303530718958,1.4179793538278918,11.879088847121535,1.212404428526427
haar_null_shared,,,8312007,8312014,13.8162855902644,1.4101187431964866,11.844522905475934,1.2088765568801545
haar_null_shared,,,8312007,8312015,13.897680854407499,1.4184261125560553,11.842806182646859,1.208701344590112
haar_null_shared,,,8312007,8312016,13.781121569957048,1.4065298304024083,11.852883542433256,1.2097298608164084
haar_null_shared,,,8312007,8312017,13.880730993928019,1.416696174664968,11.844231980791802,1.208846864503917
haar_null_shared,,,8312007,8312018,13.807926424143497,1.4092655893768462,11.876864828954236,1.212177440622737
haar_null_shared,,,8312007,8312019,13.952241045844353,1.4239946387764244,11.834057818094282,1.207808468371876
haar_null_shared,,,8312007,8312020,13.893510738822204,1.418000501916372,11.852360543999781,1.2096764825123132
haar_null_shared,,,8312008,8312009,13.926110677789099,1.4213277192544873,11.871341719489179,1.2116137406234484
haar_null_shared,,,8312008,8312010,13.882325703981122,1.4168589340782094,11.813291920515711,1.2056890578252761
haar_null_shared,,,8312008,8312011,13.759498946865495,1.4043229806742905,11.85354672527575,1.2097975466318367
haar_null_shared,,,8312008,8312012,13.846384190793872,1.4131906687493645,11.862002484295113,1.210660558922894
haar_null_shared,,,8312008,8312013,13.875648222921418,1.416177416521402,11.890049349714861,1.2135230801380146
haar_null_shared,,,8312008,8312014,13.930485475905733,1.4217742202175474,11.859469653187663,1.2104020529304815
haar_null_shared,,,8312008,8312015,13.750463746837141,1.403400829432897,11.819698954977476,1.2063429730417659
haar_null_shared,,,8312008,8312016,13.664063516945708,1.3945826428956813,11.83066703991091,1.2074623985227
haar_null_shared,,,8312008,8312017,13.951338062998632,1.4239024784756535,11.86072980199914,1.2105306663299855
haar_null_shared,,,8312008,8312018,14.070917989683918,1.436107053636419,11.857845992873033,1.2102363387935462
haar_null_shared,,,8312008,8312019,13.914735644983578,1.4201667598302812,11.83962293455649,1.2083764556923582
haar_null_shared,,,8312008,8312020,13.747118122124805,1.4030593680405608,11.858546186024265,1.2103078019577924
haar_null_shared,,,8312009,8312010,13.898811345959052,1.4185414928668816,11.870209354940298,1.2114981691506328
haar_null_shared,,,8312009,8312011,13.854073140648673,1.4139754189077858,11.86083114634365,1.210541009743834
haar_null_shared,,,8312009,8312012,13.930759916008178,1.4218022301432118,11.861302161137258,1.2105890824899026
haar_null_shared,,,8312009,8312013,13.89565036817167,1.4182188769224084,11.865014452482493,1.2109679666387514
haar_null_shared,,,8312009,8312014,13.835513868343238,1.4120812211100489,11.869239931908949,1.2113992278268115
haar_null_shared,,,8312009,8312015,13.945962517394202,1.4233538391498237,11.862706568456261,1.2107324192116768
haar_null_shared,,,8312009,8312016,13.986056104995637,1.4274458737990359,11.853489861819009,1.2097917430295857
haar_null_shared,,,8312009,8312017,13.776164812278683,1.4060239334402993,11.860068242837128,1.2104631462307525
haar_null_shared,,,8312009,8312018,14.00978248196155,1.4298674370078448,11.884461129901513,1.2129527348416307
haar_null_shared,,,8312009,8312019,13.87655401611584,1.4162698636521862,11.893183813546194,1.2138429900131804
haar_null_shared,,,8312009,8312020,13.839470248604698,1.4124850174795904,11.867910347829714,1.2112635277199677
haar_null_shared,,,8312010,8312011,13.903688366839013,1.4190392517260817,11.823588300738859,1.2067399277312927
haar_null_shared,,,8312010,8312012,13.826886025590806,1.4112006455965311,11.886901462129147,1.2132018002066547
haar_null_shared,,,8312010,8312013,13.937752219437705,1.422515879123589,11.879520560276314,1.2124484900657795
haar_null_shared,,,8312010,8312014,13.882126121306511,1.4168385642567802,11.843492452576122,1.2087713867214667
haar_null_shared,,,8312010,8312015,13.968148367442842,1.4256181729885349,11.828824149297386,1.2072743092870792
haar_null_shared,,,8312010,8312016,13.786972557018908,1.407126994268791,11.864497543110488,1.21091520979689
haar_null_shared,,,8312010,8312017,13.926380749501236,1.4213552833331828,11.88490056205584,1.2129975841980756
haar_null_shared,,,8312010,8312018,13.869996236915304,1.4156005631152215,11.879857497357944,1.2124828785626718
haar_null_shared,,,8312010,8312019,13.905662548969312,1.4192407408460215,11.8653873944753,1.2110060298715029
haar_null_shared,,,8312010,8312020,13.858385480424504,1.4144155452431313,11.85093157821769,1.2095306393028955
haar_null_shared,,,8312011,8312012,13.857181251917249,1.4142926391857775,11.857243230500494,1.2101748196165099
haar_null_shared,,,8312011,8312013,13.601880599968585,1.3882361255076896,11.830782234327435,1.2074741555036044
haar_null_shared,,,8312011,8312014,13.779137792959764,1.4063273620104577,11.84640756132715,1.2090689087624975
haar_null_shared,,,8312011,8312015,13.821058334732163,1.4106058593889328,11.830827988611441,1.207478825280661
haar_null_shared,,,8312011,8312016,13.72940831182636,1.4012518680958659,11.846433401422972,1.2090715460562338
haar_null_shared,,,8312011,8312017,13.842923327307462,1.4128374458489006,11.87122312878681,1.2116016370105716
haar_null_shared,,,8312011,8312018,13.854255180802792,1.4139939983032144,11.843809099214832,1.2088037043337003
haar_null_shared,,,8312011,8312019,13.786562921787915,1.4070851860480993,11.847628981989601,1.2091935694868432
haar_null_shared,,,8312011,8312020,13.863369305279013,1.4149242047373374,11.852456629358208,1.2096862891831424
haar_null_shared,,,8312012,8312013,13.879307822613447,1.4165509228509152,11.85299272072421,1.209741003779068
haar_null_shared,,,8312012,8312014,13.929009615420332,1.4216235908375152,11.879136298058178,1.2124092714673684
haar_null_shared,,,8312012,8312015,13.883200820772604,1.416948250311729,11.855750582612647,1.2100224768793904
haar_null_shared,,,8312012,8312016,13.805724380094823,1.4090408441972466,11.818368981276944,1.2062072331693647
haar_null_shared,,,8312012,8312017,13.900978985552108,1.4187627266564333,11.836800959012862,1.208088439019504
haar_null_shared,,,8312012,8312018,13.78521185637577,1.406947293511896,11.859771706155817,1.2104328810824512
haar_null_shared,,,8312012,8312019,13.855155757798443,1.4140859130579408,11.9128836437412,1.2158535955130652
haar_null_shared,,,8312012,8312020,13.899216935243174,1.41858288814985,11.811576377817712,1.2055139659818572
haar_null_shared,,,8312013,8312014,13.88551249498472,1.4171841845730304,11.854038743510664,1.209847763032657
haar_null_shared,,,8312013,8312015,13.760851058630681,1.404460980003454,11.881873468421853,1.2126886327477882
haar_null_shared,,,8312013,8312016,14.029210927615772,1.4318503444390214,11.862238165041216,1.210684612988317
haar_null_shared,,,8312013,8312017,13.880660065855055,1.4166889355988348,11.886399820829253,1.2131506016558775
haar_null_shared,,,8312013,8312018,13.905849188973669,1.4192597897116992,11.833675372161515,1.2077694351473143
haar_null_shared,,,8312013,8312019,13.849491453891881,1.4135078024613104,11.870811719857674,1.2115596477625714
haar_null_shared,,,8312013,8312020,13.805054452358744,1.4089724699839996,11.827744113100739,1.2071640785543492
haar_null_shared,,,8312014,8312015,13.922214458017075,1.4209300629891872,11.826899022854848,1.207077826892306
haar_null_shared,,,8312014,8312016,13.873628690044479,1.4159712988102655,11.860148197045264,1.210471306522949
haar_null_shared,,,8312014,8312017,13.930858585010812,1.4218123005061236,11.871312762996778,1.2116107852638183
haar_null_shared,,,8312014,8312018,13.816016771722618,1.4100913070189547,11.881919560077014,1.2126933369576443
haar_null_shared,,,8312014,8312019,13.826523188542911,1.411163613695401,11.817924781915716,1.206161897261903
haar_null_shared,,,8312014,8312020,13.867896873742508,1.4153862977586325,11.879071531123929,1.212402661219822
haar_null_shared,,,8312015,8312016,13.93214899267001,1.4219440021863408,11.877220603746409,1.2122137517354108
haar_null_shared,,,8312015,8312017,13.808762438769266,1.4093509147622894,11.833267604762037,1.2077278175613784
haar_null_shared,,,8312015,8312018,13.839001592832856,1.412437185500173,11.884891633448351,1.2129966729258896
haar_null_shared,,,8312015,8312019,13.748281363088058,1.4031780908242222,11.864009624797893,1.2108654118426392
haar_null_shared,,,8312015,8312020,13.886909549568527,1.4173267708594115,11.879279646442644,1.2124239019005931
haar_null_shared,,,8312016,8312017,13.809129764121007,1.4093884047490124,11.801570298394715,1.2044927247771862
haar_null_shared,,,8312016,8312018,13.850667749760412,1.4136278576556622,11.900898154783174,1.2146303316686933
haar_null_shared,,,8312016,8312019,13.880018658495622,1.4166234722343398,11.882801363763527,1.2127833356695301
haar_null_shared,,,8312016,8312020,13.881080108307478,1.4167318060021157,11.92028491046134,1.2166089841345062
haar_null_shared,,,8312017,8312018,13.711432774589264,1.3994172475090625,11.825864839007194,1.2069722759453485
haar_null_shared,,,8312017,8312019,13.812623753611197,1.4097450085580796,11.876720117071072,1.2121626710280091
haar_null_shared,,,8312017,8312020,13.84915080599396,1.4134730352308162,11.835043257944976,1.207909044405476
haar_null_shared,,,8312018,8312019,13.95256738539915,1.4240279456677636,11.882983680165989,1.2128019432594372
haar_null_shared,,,8312018,8312020,13.988231855644703,1.4276679354197752,11.868415750243075,1.2113151101377806
haar_null_shared,,,8312019,8312020,13.857558963777327,1.4143311892410688,11.893267656490751,1.213851547197876
itq_fit,100,gaussian,7312001,7312002,13.834664857723125,1.4119945693264873,11.870976455589435,1.2115764610327888
itq_fit,100,gaussian,7312001,7312003,13.839802295695183,1.4125189068938515,11.832058744160216,1.2076044387428526
itq_fit,100,gaussian,7312001,7312004,13.98658223812263,1.4274995720364487,11.825247256866307,1.206909244232039
itq_fit,100,gaussian,7312001,7312005,13.832510014390142,1.4117746415497603,11.84088521792748,1.2085052869494302
itq_fit,100,gaussian,7312001,7312006,13.869166593064463,1.4155158879442717,11.821212586434886,1.2064974574054856
itq_fit,100,gaussian,7312001,7312007,13.923969577961273,1.4211091941683816,11.864588926436962,1.2109245365685926
itq_fit,100,gaussian,7312001,7312008,13.802240975270152,1.4086853206810803,11.8518342232131,1.2096227651219635
itq_fit,100,gaussian,7312001,7312009,13.890410496000277,1.4176840847083532,11.860163532505029,1.2104728716917572
itq_fit,100,gaussian,7312001,7312010,13.736855643716723,1.4020119582240553,11.80333406103187,1.2046727380475368
itq_fit,100,gaussian,7312001,7312011,13.711811084117867,1.399455858563642,11.791820068149342,1.2034975960698604
itq_fit,100,gaussian,7312001,7312012,13.796890948855083,1.4081392858966082,11.786438931503652,1.2029483861107717
itq_fit,100,gaussian,7312001,7312013,13.766563858544034,1.405044040203051,11.90388174758602,1.2149348433339937
itq_fit,100,gaussian,7312001,7312014,13.798633618391305,1.4083171463613597,11.8314961275534,1.2075470169258729
itq_fit,100,gaussian,7312001,7312015,13.912591023381552,1.4199478753046013,11.847127871791209,1.2091424251413863
itq_fit,100,gaussian,7312001,7312016,13.798324040254018,1.4082855501750318,11.849866420295548,1.2094219270776985
itq_fit,100,gaussian,7312001,7312017,13.83794310937415,1.4123291544845475,11.83126020740426,1.2075229384264796
itq_fit,100,gaussian,7312001,7312018,13.88691659454247,1.4173274898840535,11.85202050668128,1.2096417775988202
itq_fit,100,gaussian,7312001,7312019,13.947994316378402,1.4235612087652902,11.845485449481027,1.2089747961162984
itq_fit,100,gaussian,7312001,7312020,13.767684801043401,1.4051584459178197,11.803195674235946,1.204658614004322
itq_fit,100,gaussian,7312002,7312003,13.830212585829468,1.4115401612291707,11.841924782848622,1.2086113870999007
itq_fit,100,gaussian,7312002,7312004,13.942621952057761,1.4230128941278775,11.838442183526196,1.2082559457949629
itq_fit,100,gaussian,7312002,7312005,13.918305424712246,1.4205310989481714,11.838035276664693,1.2082144160373163
itq_fit,100,gaussian,7312002,7312006,13.817203725233941,1.410212449954419,11.850373261702593,1.209473656362189
itq_fit,100,gaussian,7312002,7312007,13.818801321498665,1.4103755039404005,11.864328682223857,1.2108979755048166
itq_fit,100,gaussian,7312002,7312008,13.662170036550188,1.394389390362057,11.82901818442401,1.2072941129142627
itq_fit,100,gaussian,7312002,7312009,13.84825424194478,1.413381530045724,11.80267410893836,1.2046053819690459
itq_fit,100,gaussian,7312002,7312010,13.863057208596839,1.4148923515030982,11.886741005829691,1.213185423704168
itq_fit,100,gaussian,7312002,7312011,13.826826020457956,1.4111945213483048,11.848947003140655,1.2093280894572713
itq_fit,100,gaussian,7312002,7312012,13.809054185028957,1.4093806909902313,11.84329648896681,1.208751386269343
itq_fit,100,gaussian,7312002,7312013,13.96517820189278,1.425315031736483,11.841027362728433,1.2085197945424269
itq_fit,100,gaussian,7312002,7312014,13.899065202553404,1.4185674019970484,11.845196760711158,1.2089453319421046
itq_fit,100,gaussian,7312002,7312015,13.877238425874731,1.4163397159306972,11.878291383972453,1.212323037784597
itq_fit,100,gaussian,7312002,7312016,13.722050265935755,1.4005008906818672,11.844477244060807,1.208871896581488
itq_fit,100,gaussian,7312002,7312017,13.871933598816465,1.4157982942862612,11.79205506580171,1.2035215804173212
itq_fit,100,gaussian,7312002,7312018,13.73015937895416,1.4013285235636028,11.829685869086227,1.2073622581947425
itq_fit,100,gaussian,7312002,7312019,13.933848032042045,1.422117409666107,11.862200346123364,1.210680753111177
itq_fit,100,gaussian,7312002,7312020,13.73389258465853,1.4017095422752928,11.83784025674984,1.208194511900605
itq_fit,100,gaussian,7312003,7312004,13.876771557214457,1.4162920663475902,11.828639676120307,1.2072554815722845
itq_fit,100,gaussian,7312003,7312005,13.80962289640907,1.409438734852406,11.8578391576736,1.2102356411789252
itq_fit,100,gaussian,7312003,7312006,13.840179579200484,1.4125574132303662,11.859718985050376,1.2104275002571594
itq_fit,100,gaussian,7312003,7312007,13.772871678654976,1.4056878293972626,11.823424952430234,1.206723256064356
itq_fit,100,gaussian,7312003,7312008,13.855817288556347,1.4141534302581917,11.82938024387535,1.2073310654522769
itq_fit,100,gaussian,7312003,7312009,13.890760182345439,1.417719774421506,11.882714568927355,1.212774477208658
itq_fit,100,gaussian,7312003,7312010,13.826990793383638,1.411211338414611,11.865053583554301,1.210971960437044
itq_fit,100,gaussian,7312003,7312011,13.806143669499304,1.4090836377428941,11.80913555028089,1.205264850064551
itq_fit,100,gaussian,7312003,7312012,13.860410125300143,1.4146221846954503,11.832400491232418,1.207639318157352
itq_fit,100,gaussian,7312003,7312013,13.780834785670622,1.406500560603742,11.880144885005867,1.212512209941663
itq_fit,100,gaussian,7312003,7312014,13.806529811936356,1.4091230482403445,11.893610535769762,1.213886542167749
itq_fit,100,gaussian,7312003,7312015,13.887857563822394,1.4174235271590305,11.861127458714849,1.2105712519985803
itq_fit,100,gaussian,7312003,7312016,13.979131725753627,1.4267391573020174,11.819586072302355,1.2063314520019806
itq_fit,100,gaussian,7312003,7312017,13.93094457347557,1.4218210766670578,11.848628606758671,1.2092955932626128
itq_fit,100,gaussian,7312003,7312018,13.80039947563764,1.4084973734118647,11.814958630527418,1.2058591657035207
itq_fit,100,gaussian,7312003,7312019,13.829188960317696,1.4114356878878567,11.838330164031314,1.2082445128531418
itq_fit,100,gaussian,7312003,7312020,13.85631240526289,1.4142039628954484,11.831385527588864,1.207535728864261
itq_fit,100,gaussian,7312004,7312005,13.824475187403374,1.41095459045438,11.852303674254001,1.2096706782681896
itq_fit,100,gaussian,7312004,7312006,13.931401973896563,1.4218677599020397,11.898400780490872,1.2143754444723232
itq_fit,100,gaussian,7312004,7312007,13.907067740280446,1.4193841575836579,11.832466981692797,1.2076461043115474
itq_fit,100,gaussian,7312004,7312008,13.906838122455643,1.4193607223125488,11.83178599835679,1.2075766017408576
itq_fit,100,gaussian,7312004,7312009,13.759211718843021,1.4042936655870035,11.830315768919212,1.2074265470772374
itq_fit,100,gaussian,7312004,7312010,13.797318798670803,1.408182953135569,11.885137103685572,1.213021726127066
itq_fit,100,gaussian,7312004,7312011,13.802625094885117,1.4087245247251161,11.848571955944005,1.2092898113630526
itq_fit,100,gaussian,7312004,7312012,13.755942437615643,1.4039599959689728,11.828112667277647,1.2072016939575156
itq_fit,100,gaussian,7312004,7312013,13.829214162413805,1.41143826006602,11.798201119083654,1.2041488593536844
itq_fit,100,gaussian,7312004,7312014,13.847702292462177,1.4133251969375502,11.811645295756922,1.2055209998895733
itq_fit,100,gaussian,7312004,7312015,13.874045767433916,1.4160138665930728,11.8400876642542,1.2084238869685127
itq_fit,100,gaussian,7312004,7312016,13.919633915795604,1.4206666875015908,11.835769867422114,1.2079832036746951
itq_fit,100,gaussian,7312004,7312017,13.962296239402077,1.4250208926714805,11.833267819010118,1.2077278394279813
itq_fit,100,gaussian,7312004,7312018,13.844499400661448,1.4129983031620033,11.853273967434706,1.2097697084012575
itq_fit,100,gaussian,7312004,7312019,13.838401883024407,1.4123759778741543,11.888205301471901,1.2133348727523343
itq_fit,100,gaussian,7312004,7312020,13.912385416091148,1.4199268905983977,11.83741817311559,1.2081514331700762
itq_fit,100,gaussian,7312005,7312006,13.900355210741546,1.4186990629064218,11.787713071498832,1.2030784274794826
itq_fit,100,gaussian,7312005,7312007,13.93868649140161,1.422611232856612,11.908725281490272,1.2154291844430474
itq_fit,100,gaussian,7312005,7312008,13.848851033128055,1.413442439790808,11.853815641611789,1.2098249927904532
itq_fit,100,gaussian,7312005,7312009,13.777144561126095,1.4061239286383092,11.823282384190057,1.2067087052542744
itq_fit,100,gaussian,7312005,7312010,13.890071466226408,1.4176494826269537,11.85549318289235,1.2099962061304461
itq_fit,100,gaussian,7312005,7312011,13.902080721794064,1.4188751721407635,11.829431066137282,1.2073362524776645
itq_fit,100,gaussian,7312005,7312012,13.834168553820595,1.4119439155215476,11.846139703365225,1.2090415706237367
itq_fit,100,gaussian,7312005,7312013,13.893475687107102,1.4179969244656798,11.846063991289872,1.2090338432924042
itq_fit,100,gaussian,7312005,7312014,13.971837332322435,1.4259946763899538,11.855866181733633,1.2100342751652708
itq_fit,100,gaussian,7312005,7312015,13.953529517344748,1.4241261428482614,11.837129885500662,1.208122009938587
itq_fit,100,gaussian,7312005,7312016,13.79957873500524,1.4084136069218416,11.856204639334914,1.21006881884955
itq_fit,100,gaussian,7312005,7312017,13.879469676545261,1.4165674419986574,11.846978932835702,1.209127224122894
itq_fit,100,gaussian,7312005,7312018,13.687494666364369,1.3969740745691244,11.852868965203738,1.2097283730341508
itq_fit,100,gaussian,7312005,7312019,13.767065796530604,1.405095269034285,11.853066542899649,1.2097485382232982
itq_fit,100,gaussian,7312005,7312020,13.783931087872409,1.4068165756239017,11.81865663439388,1.2062365916426738
itq_fit,100,gaussian,7312006,7312007,13.887401726308786,1.4173770034376156,11.800214789479714,1.2043543787278717
itq_fit,100,gaussian,7312006,7312008,13.795351014538422,1.4079821170085574,11.889140952179973,1.2134303672028448
itq_fit,100,gaussian,7312006,7312009,13.875776721383136,1.416190531340733,11.820073125203296,1.2063811616305242
itq_fit,100,gaussian,7312006,7312010,13.874089147520571,1.416018294054627,11.824013721527814,1.2067833470587475
itq_fit,100,gaussian,7312006,7312011,13.722595075021825,1.4005564950263716,11.832166913826434,1.207615478763181
itq_fit,100,gaussian,7312006,7312012,13.820879546909913,1.4105876119332355,11.837147854788455,1.2081238439213426
itq_fit,100,gaussian,7312006,7312013,13.82386970411158,1.4108927935746851,11.888102150837206,1.2133243449847657
itq_fit,100,gaussian,7312006,7312014,13.940524629735208,1.422798837064694,11.857560472181817,1.210207197960026
itq_fit,100,gaussian,7312006,7312015,13.94065791196687,1.4228124401255002,11.814797155658862,1.2058426852437605
itq_fit,100,gaussian,7312006,7312016,13.872244840631083,1.415830060270946,11.80776096844565,1.2051245573934661
itq_fit,100,gaussian,7312006,7312017,13.823106039600663,1.4108148523919177,11.866169229254565,1.2110858255495178
itq_fit,100,gaussian,7312006,7312018,13.797171415178976,1.4081679108709237,11.835381598778426,1.2079435761721886
itq_fit,100,gaussian,7312006,7312019,13.97528444428665,1.4263464957815608,11.84978911883381,1.2094140375302973
itq_fit,100,gaussian,7312006,7312020,13.969095151367817,1.4257148037182374,11.832796666900345,1.2076797526671406
itq_fit,100,gaussian,7312007,7312008,13.848276482584197,1.4133837999714793,11.808777379676984,1.2052282944303663
itq_fit,100,gaussian,7312007,7312009,13.84099650559351,1.4126407904312133,11.83396546319665,1.2077990424396075
itq_fit,100,gaussian,7312007,7312010,13.942891346073889,1.4230403890395138,11.867513062551357,1.2112229799610388
itq_fit,100,gaussian,7312007,7312011,13.810315189019764,1.4095093916711101,11.898896782750022,1.2144260674909142
itq_fit,100,gaussian,7312007,7312012,13.853016191903366,1.413867544528191,11.882228652214645,1.21272488354184
itq_fit,100,gaussian,7312007,7312013,13.966289243931325,1.4254284269897004,11.782946550586713,1.2025919464760244
itq_fit,100,gaussian,7312007,7312014,13.869558491637699,1.4155558859249113,11.861367955533533,1.2105957976023527
itq_fit,100,gaussian,7312007,7312015,13.879101643498744,1.4165298797831387,11.853423814053885,1.2097850020577854
itq_fit,100,gaussian,7312007,7312016,13.733290676903698,1.4016481103223108,11.859798343618579,1.21043559975711
itq_fit,100,gaussian,7312007,7312017,13.878065617615965,1.4164241408342584,11.860926969650093,1.2105507896690946
itq_fit,100,gaussian,7312007,7312018,13.940078526825705,1.42275330687715,11.8528025777028,1.2097215973882094
itq_fit,100,gaussian,7312007,7312019,13.930269713854798,1.4217521990954372,11.874568935218841,1.2119431169495967
itq_fit,100,gaussian,7312007,7312020,13.898260112210375,1.4184852328079958,11.818685865150979,1.2062395749943273
itq_fit,100,gaussian,7312008,7312009,13.845290624771708,1.4130790571346001,11.826348119111643,1.2070216005144625
itq_fit,100,gaussian,7312008,7312010,13.895885693259155,1.4182428946885757,11.861375864974963,1.2105966048563384
itq_fit,100,gaussian,7312008,7312011,13.698964697672288,1.3981447297373806,11.868031552284958,1.2112758980978802
itq_fit,100,gaussian,7312008,7312012,13.695889331497101,1.397830851491488,11.831615645513592,1.2075592151766048
itq_fit,100,gaussian,7312008,7312013,13.759407122577995,1.404313608897192,11.850055360453174,1.2094412107017862
itq_fit,100,gaussian,7312008,7312014,13.766332284678938,1.4050204052944157,11.859357262757335,1.21039058213022
itq_fit,100,gaussian,7312008,7312015,13.793877794142153,1.407831757081494,11.831422277578147,1.207539479644336
itq_fit,100,gaussian,7312008,7312016,13.841862457124035,1.4127291712392036,11.837710928865642,1.2081813124286966
itq_fit,100,gaussian,7312008,7312017,13.77239739546975,1.4056394230723712,11.832382764217042,1.2076375089014215
itq_fit,100,gaussian,7312008,7312018,13.844492739633262,1.4129976233236607,11.851809852070971,1.2096202777526859
itq_fit,100,gaussian,7312008,7312019,13.86477414534682,1.4150675856263517,11.788502717260704,1.2031590203625717
itq_fit,100,gaussian,7312008,7312020,13.994759651347529,1.4283341757788193,11.833692802348976,1.2077712141083725
itq_fit,100,gaussian,7312009,7312010,13.929016161647384,1.421624258959016,11.814277613119122,1.2057896596553426
itq_fit,100,gaussian,7312009,7312011,13.902993589363295,1.418968341296903,11.815733249774464,1.2059382249493624
itq_fit,100,gaussian,7312009,7312012,13.785611855463445,1.4069881182478288,11.880575524685518,1.212556161919919
itq_fit,100,gaussian,7312009,7312013,13.91335136757545,1.420025477608932,11.847794890744582,1.2092105024782418
itq_fit,100,gaussian,7312009,7312014,13.865074773770331,1.4150982683863427,11.841897087089194,1.2086085604132908
itq_fit,100,gaussian,7312009,7312015,13.779327482460237,1.4063467221140296,11.808563192536127,1.2052064340468427
itq_fit,100,gaussian,7312009,7312016,13.808594581895997,1.4093337829419006,11.861994671920806,1.2106597615757804
itq_fit,100,gaussian,7312009,7312017,13.763668321666424,1.4047485157079862,11.820291297185229,1.206403428715187
itq_fit,100,gaussian,7312009,7312018,13.822458928958834,1.410748806938601,11.81651941065188,1.206018462157921
itq_fit,100,gaussian,7312009,7312019,13.87129334666048,1.4157329488242245,11.847635989150415,1.209194284652199
itq_fit,100,gaussian,7312009,7312020,13.891140654446676,1.417758606192731,11.835481144256757,1.2079537359900268
itq_fit,100,gaussian,7312010,7312011,13.912620031086373,1.4199508358910773,11.838307223298624,1.2082421714744163
itq_fit,100,gaussian,7312010,7312012,13.797486283569626,1.4082000469914748,11.864832868293997,1.2109494337801192
itq_fit,100,gaussian,7312010,7312013,13.810470789804686,1.4095252726097198,11.842307564605216,1.2086504545993382
itq_fit,100,gaussian,7312010,7312014,13.71808840092326,1.4000965345272676,11.856119429348489,1.210060122141728
itq_fit,100,gaussian,7312010,7312015,13.750076558972701,1.4033613122369604,11.817382814542121,1.2061065829484638
itq_fit,100,gaussian,7312010,7312016,13.751464762349071,1.4035029951507654,11.885070798581017,1.21301495889067
itq_fit,100,gaussian,7312010,7312017,13.751701830698853,1.4035271908378957,11.818357553473222,1.2062060668240315
itq_fit,100,gaussian,7312010,7312018,13.779759980899287,1.406390863801122,11.809108213874818,1.2052620600542894
itq_fit,100,gaussian,7312010,7312019,13.791708986946691,1.4076104041240207,11.824928576662675,1.2068767190699545
itq_fit,100,gaussian,7312010,7312020,13.820266094292135,1.4105250016876134,11.831266666870052,1.2075235976929464
itq_fit,100,gaussian,7312011,7312012,13.88143938910769,1.4167684749452365,11.780122235017457,1.2023036909753047
itq_fit,100,gaussian,7312011,7312013,13.814395079256341,1.4099257937247007,11.83780374575069,1.2081907855123586
itq_fit,100,gaussian,7312011,7312014,13.817290197232307,1.4102212754657957,11.882043754366928,1.21270601248428
itq_fit,100,gaussian,7312011,7312015,13.846604482465443,1.413213152173945,11.81790193882731,1.2061595658489555
itq_fit,100,gaussian,7312011,7312016,13.854850548497874,1.414054762764143,11.808225355343126,1.2051719536827181
itq_fit,100,gaussian,7312011,7312017,13.765335652072697,1.404918686904986,11.861259022509692,1.2105846796721633
itq_fit,100,gaussian,7312011,7312018,13.881361746895042,1.416760550620091,11.801230799715924,1.2044580748383784
itq_fit,100,gaussian,7312011,7312019,13.825003264680092,1.4110084871157433,11.870758828464531,1.2115542495573637
itq_fit,100,gaussian,7312011,7312020,13.811366924867455,1.40961673401157,11.860319837371826,1.2104888244904226
itq_fit,100,gaussian,7312012,7312013,13.913095838371506,1.4199993977687637,11.849147321385047,1.2093485343524768
itq_fit,100,gaussian,7312012,7312014,13.841057034148609,1.412646968100999,11.823740332412305,1.2067554443989879
itq_fit,100,gaussian,7312012,7312015,13.80035658469061,1.4084929958729142,11.837139353871686,1.2081229763001582
itq_fit,100,gaussian,7312012,7312016,13.882588007481974,1.4168857053171606,11.795430789174187,1.2038661137412943
itq_fit,100,gaussian,7312012,7312017,13.831929037363196,1.4117153458302478,11.837772668296898,1.2081876136830128
itq_fit,100,gaussian,7312012,7312018,13.868402316792054,1.4154378843238584,11.857904924641092,1.210242353491937
itq_fit,100,gaussian,7312012,7312019,13.949309480442588,1.423695437135511,11.805079224394797,1.2048508530374105
itq_fit,100,gaussian,7312012,7312020,13.893297063129646,1.4179786937323218,11.889299831633782,1.2134465827691965
itq_fit,100,gaussian,7312013,7312014,13.781286333506452,1.4065466465117522,11.802426399571036,1.2045801002376104
itq_fit,100,gaussian,7312013,7312015,14.026858921736434,1.431610293844171,11.886950838859075,1.21320683969805
itq_fit,100,gaussian,7312013,7312016,13.800899516949134,1.4085484086645093,11.820782107341408,1.2064535218169876
itq_fit,100,gaussian,7312013,7312017,13.809393558069257,1.4094153281061144,11.821346457348112,1.2065111205483525
itq_fit,100,gaussian,7312013,7312018,13.855294838255656,1.4141001078976643,11.845952217409767,1.2090224354185364
itq_fit,100,gaussian,7312013,7312019,13.815877286224062,1.4100770708398722,11.831991874082496,1.2075976138441245
itq_fit,100,gaussian,7312013,7312020,13.852559772985614,1.413820961467464,11.866681003740075,1.211138058314221
itq_fit,100,gaussian,7312014,7312015,13.905278971030054,1.419201592086531,11.833198619599626,1.207720776792723
itq_fit,100,gaussian,7312014,7312016,13.741224262850286,1.4024578285472966,11.829629012586892,1.2073564553025788
itq_fit,100,gaussian,7312014,7312017,13.862013717746425,1.414785850664149,11.852002845658514,1.209639975078232
itq_fit,100,gaussian,7312014,7312018,13.810234585350093,1.409501165093523,11.855931139772572,1.210040904917358
itq_fit,100,gaussian,7312014,7312019,13.844852125942024,1.4130343030352028,11.852868464838982,1.2097283219658868
itq_fit,100,gaussian,7312014,7312020,13.872355723612039,1.4158413772178002,11.833981489211995,1.2078006780879493
itq_fit,100,gaussian,7312015,7312016,13.834907344481648,1.412019318027644,11.85369090219373,1.2098122616269091
itq_fit,100,gaussian,7312015,7312017,14.034849392841219,1.4324258178863034,11.838027153068541,1.2082135869262558
itq_fit,100,gaussian,7312015,7312018,13.870527587151313,1.4156547938215938,11.790373848243464,1.2033499918688082
itq_fit,100,gaussian,7312015,7312019,13.924679451878504,1.4211816453716701,11.799108273328413,1.2042414453960868
itq_fit,100,gaussian,7312015,7312020,13.898492673032944,1.4185089684475565,11.90933304059421,1.2154912135968468
itq_fit,100,gaussian,7312016,7312017,13.781778792563777,1.4065969079038212,11.878408596458996,1.21233500073391
itq_fit,100,gaussian,7312016,7312018,13.751943730835533,1.4035518796672113,11.819763507653294,1.2063495614216526
itq_fit,100,gaussian,7312016,7312019,13.777997048807329,1.4062109352979355,11.855293730699486,1.2099758496262547
itq_fit,100,gaussian,7312016,7312020,13.931188616912005,1.4218459842459887,11.84828829506215,1.2092608603455304
itq_fit,100,gaussian,7312017,7312018,13.78203990609287,1.4066235576917885,11.845587249343545,1.208985186021259
itq_fit,100,gaussian,7312017,7312019,13.903338659041697,1.4190035598234778,11.803408209759858,1.2046803058203972
itq_fit,100,gaussian,7312017,7312020,13.899895435606172,1.4186521373031682,11.877219423523954,1.2122136312794607
itq_fit,100,gaussian,7312018,7312019,13.91065350979224,1.4197501286519547,11.870978970104952,1.211576717669454
itq_fit,100,gaussian,7312018,7312020,13.949904615829901,1.4237561778866272,11.837681286070584,1.2081782870235949
itq_fit,100,gaussian,7312019,7312020,13.801433197814443,1.4086028772397383,11.892932549191192,1.2138173454523342
itq_fit,100,heterogeneous,7312001,7312002,13.725887668764758,1.4008925439680577,11.79252335607533,1.2035693750932326
itq_fit,100,heterogeneous,7312001,7312003,13.979593964049704,1.4267863343005576,11.901905392529493,1.2147331324406996
itq_fit,100,heterogeneous,7312001,7312004,13.927305253425004,1.4214496401197843,11.847195364344833,1.2091493135712952
itq_fit,100,heterogeneous,7312001,7312005,13.809012055710161,1.409376391184637,11.831872602509046,1.207585440740134
itq_fit,100,heterogeneous,7312001,7312006,13.85955319136886,1.4145347242423287,11.862079511448732,1.21066842047384
itq_fit,100,heterogeneous,7312001,7312007,13.788250720852623,1.4072574463188028,11.83163075677281,1.2075607574630405
itq_fit,100,heterogeneous,7312001,7312008,13.687670089216327,1.3969919785889793,11.867906239240755,1.211263108388863
itq_fit,100,heterogeneous,7312001,7312009,13.904865963208083,1.419159439652214,11.835260956620724,1.2079312631835288
itq_fit,100,heterogeneous,7312001,7312010,13.781191445049398,1.406536961999158,11.847189755856322,1.2091487411573336
itq_fit,100,heterogeneous,7312001,7312011,13.822034717504057,1.4107055110382989,11.829297862060898,1.2073226573935478
itq_fit,100,heterogeneous,7312001,7312012,13.822218959940432,1.4107243152032192,11.853897492026594,1.2098333466134326
itq_fit,100,heterogeneous,7312001,7312013,13.919683818208163,1.4206717806452451,11.823089661245788,1.2066890355511417
itq_fit,100,heterogeneous,7312001,7312014,13.856824819658813,1.4142562609707345,11.850201354667096,1.209456111173849
itq_fit,100,heterogeneous,7312001,7312015,13.91435257740412,1.4201276631591697,11.820163577834606,1.2063903934135491
itq_fit,100,heterogeneous,7312001,7312016,13.849051169167913,1.4134628660898412,11.82601374681721,1.2069874737850674
itq_fit,100,heterogeneous,7312001,7312017,13.732183527233051,1.4015351123322286,11.83332931106355,1.2077341154344041
itq_fit,100,heterogeneous,7312001,7312018,14.010009237243395,1.4298905801218864,11.835789639662316,1.2079852216705105
itq_fit,100,heterogeneous,7312001,7312019,13.991735184628482,1.4280254924369151,11.807057139706767,1.205052723173609
itq_fit,100,heterogeneous,7312001,7312020,13.878560405290907,1.4164746398898678,11.84907777313787,1.2093414361142232
itq_fit,100,heterogeneous,7312002,7312003,13.766181190503836,1.4050049843097445,11.859398644544067,1.2103948056411424
itq_fit,100,heterogeneous,7312002,7312004,13.829802102319167,1.411498266431335,11.861179019711859,1.2105765144208014
itq_fit,100,heterogeneous,7312002,7312005,13.763951088367396,1.4047773754635542,11.837602363130808,1.2081702319847845
itq_fit,100,heterogeneous,7312002,7312006,13.9294140755876,1.421664870880477,11.85341387418181,1.2097839875738399
itq_fit,100,heterogeneous,7312002,7312007,13.847477130961158,1.4133022164880829,11.893621752615083,1.2138876869822306
itq_fit,100,heterogeneous,7312002,7312008,13.795455378247024,1.4079927685849631,11.824182875624437,1.2068006112764402
itq_fit,100,heterogeneous,7312002,7312009,13.88543543322344,1.4171763194899547,11.846477878795513,1.2090760855090597
itq_fit,100,heterogeneous,7312002,7312010,13.870114817213251,1.4156126656662016,11.898361550758752,1.2143714406045547
itq_fit,100,heterogeneous,7312002,7312011,13.935788584322834,1.4223154664539037,11.771320349090887,1.2014053522547097
itq_fit,100,heterogeneous,7312002,7312012,13.836997157803207,1.4122326087066228,11.844409755819177,1.2088650085916701
itq_fit,100,heterogeneous,7312002,7312013,13.791554786948634,1.4075946661526217,11.861758987730417,1.2106357071588263
itq_fit,100,heterogeneous,7312002,7312014,13.80522280486328,1.4089896523895427,11.841042093714462,1.2085212980173927
itq_fit,100,heterogeneous,7312002,7312015,13.852679322170294,1.413833162905032,11.877926547363726,1.2122858018041442
itq_fit,100,heterogeneous,7312002,7312016,13.776479786125567,1.4060560803239321,11.832979120873082,1.2076983742977552
itq_fit,100,heterogeneous,7312002,7312017,13.868874553601945,1.4154860817914414,11.835404790975225,1.2079459432158626
itq_fit,100,heterogeneous,7312002,7312018,13.90499601719786,1.4191727132319627,11.870485793686168,1.2115263830619876
itq_fit,100,heterogeneous,7312002,7312019,13.967084012230105,1.4255095426895235,11.87295907989614,1.2117788117787498
itq_fit,100,heterogeneous,7312002,7312020,13.757073174760285,1.4040754013455388,11.824456890099885,1.2068285777617311
itq_fit,100,heterogeneous,7312003,7312004,13.839165032251522,1.412453866465989,11.811100409549939,1.2054653876739487
itq_fit,100,heterogeneous,7312003,7312005,13.793877169085185,1.4078316932868844,11.888579677708638,1.213373082366994
itq_fit,100,heterogeneous,7312003,7312006,13.796015176870052,1.408049902792677,11.845021364624053,1.208927430653926
itq_fit,100,heterogeneous,7312003,7312007,13.789388150168465,1.4073735347122316,11.839369831039138,1.2083506234227908
itq_fit,100,heterogeneous,7312003,7312008,13.812833725281937,1.409766438701986,11.827787792124855,1.2071685365260802
itq_fit,100,heterogeneous,7312003,7312009,13.774331328038592,1.4058368042386469,11.843003328424006,1.208721465696735
itq_fit,100,heterogeneous,7312003,7312010,13.886194561065166,1.4172537976508617,11.829387401721645,1.207331795996905
itq_fit,100,heterogeneous,7312003,7312011,13.843871034798132,1.4129341708396321,11.835461618035053,1.2079517431033693
itq_fit,100,heterogeneous,7312003,7312012,13.913455999219313,1.420036156531366,11.870166748263848,1.211493820624927
itq_fit,100,heterogeneous,7312003,7312013,13.745583433514017,1.4029027345401237,11.825840010691183,1.2069697419159569
itq_fit,100,heterogeneous,7312003,7312014,13.88096563522048,1.416720122641598,11.887966833946248,1.2133105342624146
itq_fit,100,heterogeneous,7312003,7312015,13.893557186617421,1.4180052424746203,11.890389562122202,1.2135578029214376
itq_fit,100,heterogeneous,7312003,7312016,13.916313595014945,1.4203278086809668,11.843607768613955,1.2087831561152937
itq_fit,100,heterogeneous,7312003,7312017,13.849917620097848,1.4135512978675704,11.819270992539785,1.2062992943083732
itq_fit,100,heterogeneous,7312003,7312018,13.828021548405006,1.411316539408451,11.819080317246755,1.20627983359277
itq_fit,100,heterogeneous,7312003,7312019,13.769448465406274,1.4053384491580936,11.870004327234223,1.2114772435980072
itq_fit,100,heterogeneous,7312003,7312020,13.874543361760109,1.416064652101326,11.790374466874905,1.2033500550076153
itq_fit,100,heterogeneous,7312004,7312005,13.759502799174083,1.4043233738488894,11.855738392010263,1.2100212326812447
itq_fit,100,heterogeneous,7312004,7312006,13.907761281373089,1.4194549418250173,11.815854436377045,1.205950593505195
itq_fit,100,heterogeneous,7312004,7312007,13.932677184075743,1.421997910495948,11.88291976465733,1.2127954199101512
itq_fit,100,heterogeneous,7312004,7312008,13.925245019305502,1.4212393683554736,11.863236441286533,1.2107864991309574
itq_fit,100,heterogeneous,7312004,7312009,13.790877076539237,1.4075254976236053,11.860570670119284,1.210514425000508
itq_fit,100,heterogeneous,7312004,7312010,13.909855565125172,1.4196686887654009,11.807875705970654,1.2051362677430748
itq_fit,100,heterogeneous,7312004,7312011,13.9272180649962,1.4214407414880323,11.82451267674892,1.206834271462756
itq_fit,100,heterogeneous,7312004,7312012,13.79552794190698,1.408000174582495,11.86085633879295,1.2105435809374239
itq_fit,100,heterogeneous,7312004,7312013,13.903895737013123,1.4190604163558502,11.860521144433944,1.2105093703064145
itq_fit,100,heterogeneous,7312004,7312014,13.90330026936318,1.4189996416933213,11.81268521231872,1.205627135929218
itq_fit,100,heterogeneous,7312004,7312015,13.787897273281601,1.4072213727271432,11.852040863231224,1.2096438552304987
itq_fit,100,heterogeneous,7312004,7312016,14.02301495834584,1.4312179709734671,11.878418693374703,1.212336031246054
itq_fit,100,heterogeneous,7312004,7312017,13.887270507498434,1.4173636109738648,11.829147340062573,1.2073072948064245
itq_fit,100,heterogeneous,7312004,7312018,13.956772607933713,1.4244571393954526,11.855429936207557,1.20998975104271
itq_fit,100,heterogeneous,7312004,7312019,13.825268612803361,1.4110355690951688,11.84422580934295,1.208846234633056
itq_fit,100,heterogeneous,7312004,7312020,13.858890140881126,1.4144670519353015,11.883910111568403,1.212896496768504
itq_fit,100,heterogeneous,7312005,7312006,13.860900840947961,1.4146722681515318,11.82415802810765,1.2067980752873775
itq_fit,100,heterogeneous,7312005,7312007,14.023597800431384,1.4312774570447258,11.78774258795113,1.2030814399897805
itq_fit,100,heterogeneous,7312005,7312008,13.896197226652104,1.418274690432349,11.868077865964175,1.2112806249679715
itq_fit,100,heterogeneous,7312005,7312009,13.857906507789586,1.4143666603032852,11.862818669125291,1.2107438604382998
itq_fit,100,heterogeneous,7312005,7312010,13.810412143685387,1.4095192870652333,11.798165957911834,1.204145270731613
itq_fit,100,heterogeneous,7312005,7312011,13.858134765357743,1.4143899567437817,11.881867017693885,1.2126879743731218
itq_fit,100,heterogeneous,7312005,7312012,13.712569976524419,1.3995333126955471,11.826335979793424,1.207020361550485
itq_fit,100,heterogeneous,7312005,7312013,14.004287159582647,1.4293065730161612,11.818231103101251,1.2061931610369852
itq_fit,100,heterogeneous,7312005,7312014,13.792548791955083,1.4076961163637705,11.837635149873716,1.2081735782677199
itq_fit,100,heterogeneous,7312005,7312015,13.849769223453299,1.4135361521984584,11.85894002876977,1.2103479983646832
itq_fit,100,heterogeneous,7312005,7312016,13.916739765720369,1.4203713045464506,11.869775349963225,1.211453873703147
itq_fit,100,heterogeneous,7312005,7312017,13.835186062136268,1.4120477645291492,11.834778318461199,1.2078820041326441
itq_fit,100,heterogeneous,7312005,7312018,13.831910418269452,1.4117134455269502,11.842612340086065,1.2086815606165962
itq_fit,100,heterogeneous,7312005,7312019,13.748792458135172,1.4032302542440345,11.840720136431967,1.2084884383898475
itq_fit,100,heterogeneous,7312005,7312020,13.833368793340936,1.4118622903093974,11.79867455979272,1.2041971796937125
itq_fit,100,heterogeneous,7312006,7312007,13.85084728898253,1.4136461818007875,11.84290336509084,1.2087112632317667
itq_fit,100,heterogeneous,7312006,7312008,13.867904283637627,1.4153870540278861,11.850779512526387,1.2095151191632674
itq_fit,100,heterogeneous,7312006,7312009,13.896502553736429,1.418305852747401,11.823447512186457,1.206725558559834
itq_fit,100,heterogeneous,7312006,7312010,13.825130462527866,1.4110214691917193,11.822801329921605,1.2066596078585954
itq_fit,100,heterogeneous,7312006,7312011,13.84222457196781,1.4127661294306841,11.841472825881501,1.208565259435103
itq_fit,100,heterogeneous,7312006,7312012,13.785626363457583,1.40698959896378,11.7833416919168,1.2026322754191492
itq_fit,100,heterogeneous,7312006,7312013,13.782660734283336,1.4066869207036459,11.86348345473489,1.2108117098354607
itq_fit,100,heterogeneous,7312006,7312014,13.955132297556178,1.4242897259185878,11.858918685406623,1.210345820016804
itq_fit,100,heterogeneous,7312006,7312015,13.862348171992567,1.4148199857577055,11.866773595363561,1.211147508407221
itq_fit,100,heterogeneous,7312006,7312016,13.93661547383379,1.4223998605112163,11.902662184364223,1.214810372183891
itq_fit,100,heterogeneous,7312006,7312017,13.778796075235531,1.4062924855912728,11.783413422787524,1.202639596420486
itq_fit,100,heterogeneous,7312006,7312018,13.794762427303667,1.407922044575463,11.865063789251947,1.210973002051698
itq_fit,100,heterogeneous,7312006,7312019,13.835648866139213,1.4120949992649048,11.799708127094254,1.204302667714695
itq_fit,100,heterogeneous,7312006,7312020,13.984936369131042,1.427331591235913,11.865543042912998,1.2110219156736537
itq_fit,100,heterogeneous,7312007,7312008,13.748658203401382,1.4032165519276452,11.785167291710064,1.2028185999178171
itq_fit,100,heterogeneous,7312007,7312009,13.877956313578832,1.4164129850376832,11.825089074769958,1.2068930998394347
itq_fit,100,heterogeneous,7312007,7312010,13.790672535754133,1.407504621767143,11.819900107382619,1.2063635030731463
itq_fit,100,heterogeneous,7312007,7312011,13.88132908341454,1.4167572169175722,11.859016584489954,1.210355811800156
itq_fit,100,heterogeneous,7312007,7312012,13.911621326819454,1.419848906063665,11.802860084878128,1.2046243630589153
itq_fit,100,heterogeneous,7312007,7312013,13.952181315170224,1.423988542540024,11.876933404687048,1.212184439604159
itq_fit,100,heterogeneous,7312007,7312014,13.740904997246409,1.4024252436380498,11.843023378909288,1.20872351209082
itq_fit,100,heterogeneous,7312007,7312015,13.750091076447662,1.4033627939205442,11.797318014365556,1.2040587278558184
itq_fit,100,heterogeneous,7312007,7312016,13.839033859435744,1.4124404786965399,11.799274153556263,1.2042583754759473
itq_fit,100,heterogeneous,7312007,7312017,13.832215986901442,1.4117446324948575,11.870181655934372,1.2114953421326786
itq_fit,100,heterogeneous,7312007,7312018,14.000272180058658,1.428896795884432,11.776244950875075,1.201907967319612
itq_fit,100,heterogeneous,7312007,7312019,13.809646587037516,1.4094411527670467,11.854296548018096,1.2098740750950152
itq_fit,100,heterogeneous,7312007,7312020,13.767257267936685,1.4051148110028364,11.807931428685196,1.2051419549188127
itq_fit,100,heterogeneous,7312008,7312009,13.87778725178692,1.4163957302408006,11.82880256522768,1.2072721063721894
itq_fit,100,heterogeneous,7312008,7312010,13.8939905078247,1.4180494681351437,11.779007282605733,1.2021898966212958
itq_fit,100,heterogeneous,7312008,7312011,13.755864594604128,1.403952051149879,11.834461591018535,1.2078496782733914
itq_fit,100,heterogeneous,7312008,7312012,13.978296710445962,1.4266539339090512,11.827320428010353,1.2071208363758879
itq_fit,100,heterogeneous,7312008,7312013,13.784689537965708,1.4068939846123996,11.862976732539861,1.2107599927179955
itq_fit,100,heterogeneous,7312008,7312014,13.786929241997548,1.4071225734479356,11.801693890601307,1.2045053388539502
itq_fit,100,heterogeneous,7312008,7312015,13.879934875051893,1.416614921122422,11.833401001285063,1.2077414322869982
itq_fit,100,heterogeneous,7312008,7312016,13.774213569067957,1.4058247855140347,11.848362914255935,1.209268476135105
itq_fit,100,heterogeneous,7312008,7312017,13.824826543879192,1.4109904506245292,11.89056404290762,1.213575610792029
itq_fit,100,heterogeneous,7312008,7312018,13.81373571856005,1.4098584980054358,11.832406756851231,1.2076399576393944
itq_fit,100,heterogeneous,7312008,7312019,13.91281932338287,1.4199711760759142,11.825015041944402,1.206885543895817
itq_fit,100,heterogeneous,7312008,7312020,13.873894997950826,1.4159984787471414,11.8236250774871,1.2067436812424421
itq_fit,100,heterogeneous,7312009,7312010,13.881576892049978,1.4167825087805173,11.80691042394562,1.205037749058941
itq_fit,100,heterogeneous,7312009,7312011,13.910198069135896,1.4197036454346146,11.83928035454602,1.2083414912664527
itq_fit,100,heterogeneous,7312009,7312012,13.877895387020908,1.4164067667469042,11.850210825997952,1.2094570778375064
itq_fit,100,heterogeneous,7312009,7312013,13.822414812356822,1.4107443043067627,11.879192155700036,1.2124149724140678
itq_fit,100,heterogeneous,7312009,7312014,13.836628209032376,1.4121949530303828,11.833917457505109,1.2077941428792314
itq_fit,100,heterogeneous,7312009,7312015,13.769427127455868,1.4053362713626496,11.846093944286174,1.2090369003572878
itq_fit,100,heterogeneous,7312009,7312016,13.774569224893023,1.4058610844846788,11.869638221816246,1.2114398781202524
itq_fit,100,heterogeneous,7312009,7312017,13.8928315605293,1.4179311835721224,11.846387268316338,1.2090668376157543
itq_fit,100,heterogeneous,7312009,7312018,13.917151123065098,1.4204132885296394,11.826202852108855,1.2070067742630755
itq_fit,100,heterogeneous,7312009,7312019,13.796533438159233,1.4081027976140075,11.869542558073555,1.2114301144803992
itq_fit,100,heterogeneous,7312009,7312020,13.840505758879672,1.4125907038044694,11.851189683841534,1.209556982097819
itq_fit,100,heterogeneous,7312010,7312011,13.858853254211798,1.414463287205378,11.870830239373023,1.2115615379026916
itq_fit,100,heterogeneous,7312010,7312012,13.820737010894486,1.4105730644120786,11.867039888459965,1.2111746868325632
itq_fit,100,heterogeneous,7312010,7312013,13.861780000177154,1.4147619969646226,11.86802023454047,1.2112747429854205
itq_fit,100,heterogeneous,7312010,7312014,13.783575062768266,1.4067802389638697,11.846356664537824,1.2090637141306895
itq_fit,100,heterogeneous,7312010,7312015,13.90364600728213,1.4190349284219113,11.828825434346275,1.2072744404418323
itq_fit,100,heterogeneous,7312010,7312016,13.831507926848486,1.4116723664183162,11.816951654907358,1.2060625779025116
itq_fit,100,heterogeneous,7312010,7312017,13.937608491045442,1.4225012099059808,11.84780996785451,1.20921204127933
itq_fit,100,heterogeneous,7312010,7312018,13.835812763815044,1.412111727001397,11.813066974984023,1.2056660994180863
itq_fit,100,heterogeneous,7312010,7312019,13.765638632750447,1.4049496097409198,11.78636378522616,1.2029407165259414
itq_fit,100,heterogeneous,7312010,7312020,13.819962223108542,1.4104939879648075,11.858233732447008,1.2102759122981013
itq_fit,100,heterogeneous,7312011,7312012,13.912511680245002,1.4199397773796372,11.81190350400593,1.2055473531586336
itq_fit,100,heterogeneous,7312011,7312013,13.87899067802076,1.4165185544164667,11.821294028947806,1.2065057695971535
itq_fit,100,heterogeneous,7312011,7312014,13.895074773545337,1.4181601305418583,11.846832443885894,1.2091122731570614
itq_fit,100,heterogeneous,7312011,7312015,13.756997399332377,1.4040676675483132,11.864322702399383,1.210897365191537
itq_fit,100,heterogeneous,7312011,7312016,13.915646202892757,1.420259693257729,11.827753134961768,1.2071649993441846
itq_fit,100,heterogeneous,7312011,7312017,13.829059630300046,1.411422488198204,11.824819466527737,1.2068655830634394
itq_fit,100,heterogeneous,7312011,7312018,13.930216969964635,1.421746815944689,11.822730164873875,1.2066523446063262
itq_fit,100,heterogeneous,7312011,7312019,13.85024296871181,1.4135845036214338,11.842364883657133,1.2086563047005772
itq_fit,100,heterogeneous,7312011,7312020,13.89088792871903,1.417732812481164,11.817952956925817,1.20616477286183
itq_fit,100,heterogeneous,7312012,7312013,13.876093593820121,1.4162228719984065,11.857352205307889,1.2101859418112155
itq_fit,100,heterogeneous,7312012,7312014,13.848360233042253,1.413392347716811,11.826654821158435,1.2070529031610338
itq_fit,100,heterogeneous,7312012,7312015,13.826498319246298,1.4111610754834443,11.78954578176347,1.2032654776875962
itq_fit,100,heterogeneous,7312012,7312016,13.81264907163361,1.4097475925679215,11.833628324473752,1.2077646333627894
itq_fit,100,heterogeneous,7312012,7312017,13.956662365391564,1.4244458878131103,11.859771914804211,1.2104329023775386
itq_fit,100,heterogeneous,7312012,7312018,13.833330011441547,1.4118583321483655,11.914663605367103,1.2160352620857817
itq_fit,100,heterogeneous,7312012,7312019,13.818102222797338,1.4103041524779798,11.835954337971883,1.2080020311213413
itq_fit,100,heterogeneous,7312012,7312020,13.86197915988668,1.4147823236173585,11.894143937331648,1.2139409822366916
itq_fit,100,heterogeneous,7312013,7312014,13.752996822777384,1.4036593604134517,11.78734703694731,1.2030410692345053
itq_fit,100,heterogeneous,7312013,7312015,13.850184658094905,1.4135785523190172,11.864605524319916,1.2109262305829278
itq_fit,100,heterogeneous,7312013,7312016,13.818115407481407,1.4103054981341627,11.791022496767415,1.2034161942815618
itq_fit,100,heterogeneous,7312013,7312017,13.871797033512626,1.4157843561483041,11.825405185645796,1.2069253627705994
itq_fit,100,heterogeneous,7312013,7312018,14.054425000289084,1.4344237449551491,11.87507457809816,1.2119947239098634
itq_fit,100,heterogeneous,7312013,7312019,13.853616322228016,1.4139287950729642,11.808125233952635,1.2051617350860917
itq_fit,100,heterogeneous,7312013,7312020,13.84674464811592,1.4132274577707422,11.867850836315942,1.2112574538515277
itq_fit,100,heterogeneous,7312014,7312015,13.79723282943835,1.4081741789375237,11.83638715973605,1.2080462058076655
itq_fit,100,heterogeneous,7312014,7312016,13.6641518893422,1.3945916623656294,11.852583158192022,1.209699202978167
itq_fit,100,heterogeneous,7312014,7312017,13.816425787555211,1.410133052022562,11.827581512857805,1.2071474832365474
itq_fit,100,heterogeneous,7312014,7312018,13.898331929323149,1.4184925626113747,11.855693459297793,1.2100166467554816
itq_fit,100,heterogeneous,7312014,7312019,13.755535218523153,1.4039184343443845,11.819297090938287,1.2063019579650163
itq_fit,100,heterogeneous,7312014,7312020,13.87724223991769,1.4163401051998266,11.78799842631246,1.2031075513831926
itq_fit,100,heterogeneous,7312015,7312016,13.91316472918057,1.420006428907521,11.854516905303372,1.2098965652162665
itq_fit,100,heterogeneous,7312015,7312017,13.902128020192604,1.4188799995133499,11.891299612946872,1.2136506845947892
itq_fit,100,heterogeneous,7312015,7312018,13.869701413243243,1.4155704728001948,11.866824818614377,1.2111527363583654
itq_fit,100,heterogeneous,7312015,7312019,13.855574616648527,1.414128662660314,11.867336714801581,1.2112049815441956
itq_fit,100,heterogeneous,7312015,7312020,13.914527386900641,1.4201455045786975,11.800671169471936,1.2044009578157784
itq_fit,100,heterogeneous,7312016,7312017,13.772575827993306,1.4056576342655476,11.80669347267066,1.2050156065621618
itq_fit,100,heterogeneous,7312016,7312018,13.781881059289766,1.4066073454578352,11.847335926118944,1.2091636595972917
itq_fit,100,heterogeneous,7312016,7312019,13.79984251111622,1.408440528458435,11.806550209727165,1.2050009848492198
itq_fit,100,heterogeneous,7312016,7312020,13.824661166856794,1.41097357190286,11.834330591985069,1.2078363082405252
itq_fit,100,heterogeneous,7312017,7312018,13.854589790551548,1.41402814926769,11.872070308702947,1.2116881019486911
itq_fit,100,heterogeneous,7312017,7312019,13.825383547765787,1.41104729959565,11.808547108454137,1.2052047924720988
itq_fit,100,heterogeneous,7312017,7312020,13.897019878303276,1.4183586519649085,11.842336513991585,1.208653409233712
itq_fit,100,heterogeneous,7312018,7312019,13.807303303995766,1.4092019924430799,11.834893035777936,1.2078937124197553
itq_fit,100,heterogeneous,7312018,7312020,13.924439876003722,1.4211571937613412,11.876775886662442,1.2121683629880933
itq_fit,100,heterogeneous,7312019,7312020,13.74805091225147,1.403154570534204,11.834968579616335,1.2079014225804756
itq_fit,100,rotated_heterogeneous,7312001,7312002,13.83637868452065,1.4121694860415475,11.860102527351613,1.2104666453793593
itq_fit,100,rotated_heterogeneous,7312001,7312003,13.900517719239849,1.4187156488605763,11.846164752773326,1.2090441272182453
itq_fit,100,rotated_heterogeneous,7312001,7312004,13.865275590343934,1.4151187641420602,11.802691128952945,1.2046071190670105
itq_fit,100,rotated_heterogeneous,7312001,7312005,13.901484937468009,1.4188143651576142,11.84511040735773,1.2089365185398764
itq_fit,100,rotated_heterogeneous,7312001,7312006,13.846137468108909,1.4131654877207758,11.817185293114377,1.2060864235021622
itq_fit,100,rotated_heterogeneous,7312001,7312007,13.769773023302918,1.4053715742097088,11.86569692323628,1.2110376210183829
itq_fit,100,rotated_heterogeneous,7312001,7312008,13.935034144124625,1.4222384667236099,11.80689695025329,1.205036373905976
itq_fit,100,rotated_heterogeneous,7312001,7312009,13.948343401112083,1.4235968370767282,11.835757514404905,1.207981942900156
itq_fit,100,rotated_heterogeneous,7312001,7312010,13.802922782692303,1.40875490735971,11.852672767450281,1.2097083486847904
itq_fit,100,rotated_heterogeneous,7312001,7312011,13.898764970124875,1.4185367596531262,11.831183454785169,1.2075151048950965
itq_fit,100,rotated_heterogeneous,7312001,7312012,13.858003088661176,1.4143765175472147,11.834181205060766,1.207821061501409
itq_fit,100,rotated_heterogeneous,7312001,7312013,13.824907178407209,1.4109986803515828,11.823438294503852,1.2067246177840425
itq_fit,100,rotated_heterogeneous,7312001,7312014,13.806949012365092,1.4091658327049428,11.860210733477746,1.2104776891208624
itq_fit,100,rotated_heterogeneous,7312001,7312015,13.86027780054626,1.4146086793568107,11.835170681966344,1.207922049565198
itq_fit,100,rotated_heterogeneous,7312001,7312016,13.790227677656173,1.4074592186276451,11.862299876265835,1.2106909113638054
itq_fit,100,rotated_heterogeneous,7312001,7312017,13.94930789815405,1.4236952756438634,11.818048351760435,1.206174509056368
itq_fit,100,rotated_heterogeneous,7312001,7312018,13.931877267664293,1.4219162693690757,11.865658455261931,1.2110336948971914
itq_fit,100,rotated_heterogeneous,7312001,7312019,13.88271756066176,1.4168989277832036,11.872134375558883,1.211694640744794
itq_fit,100,rotated_heterogeneous,7312001,7312020,13.828051985711683,1.4113196459030555,11.809819280710931,1.2053346330093515
itq_fit,100,rotated_heterogeneous,7312002,7312003,13.92761600062905,1.4214813556234887,11.838030782299652,1.2082139573331052
itq_fit,100,rotated_heterogeneous,7312002,7312004,13.97977161606779,1.4268044658337278,11.895360168612685,1.2140651133220146
itq_fit,100,rotated_heterogeneous,7312002,7312005,13.767922627811215,1.4051827190106665,11.831828038162836,1.207580892410595
itq_fit,100,rotated_heterogeneous,7312002,7312006,13.79560610044243,1.4080081516046157,11.890767097140552,1.2135963349278955
itq_fit,100,rotated_heterogeneous,7312002,7312007,13.855063548462693,1.4140765019820196,11.855814633691834,1.2100290140652854
itq_fit,100,rotated_heterogeneous,7312002,7312008,13.90560785089147,1.4192351582468288,11.856219860148071,1.2100703723172879
itq_fit,100,rotated_heterogeneous,7312002,7312009,13.813776168361448,1.4098626263960035,11.87282485414697,1.211765112420591
itq_fit,100,rotated_heterogeneous,7312002,7312010,13.895015726470968,1.4181541040750663,11.779340112346675,1.2022238659144846
itq_fit,100,rotated_heterogeneous,7312002,7312011,13.8474924993602,1.413303785018742,11.858114017316945,1.2102636939238036
itq_fit,100,rotated_heterogeneous,7312002,7312012,13.919153338363596,1.4206176387728275,11.818822663439008,1.2062535369111338
itq_fit,100,rotated_heterogeneous,7312002,7312013,13.857180917548774,1.414292605059438,11.846923026312341,1.209121518187247
itq_fit,100,rotated_heterogeneous,7312002,7312014,13.742949426947602,1.4026339023706713,11.829870791349975,1.2073811317442535
itq_fit,100,rotated_heterogeneous,7312002,7312015,13.90950310781108,1.419632716241416,11.816032510827277,1.2059687681526658
itq_fit,100,rotated_heterogeneous,7312002,7312016,13.99996863283599,1.4288658152257498,11.833207075342068,1.2077216398033221
itq_fit,100,rotated_heterogeneous,7312002,7312017,13.976450541643134,1.4264655100946355,11.899881612163755,1.214526581222053
itq_fit,100,rotated_heterogeneous,7312002,7312018,13.818167944370934,1.4103108601579966,11.81833180794771,1.206203439182337
itq_fit,100,rotated_heterogeneous,7312002,7312019,13.85509398166152,1.4140796080573683,11.825345862549945,1.2069193081324827
itq_fit,100,rotated_heterogeneous,7312002,7312020,13.84139544682464,1.4126815072001142,11.848298330578428,1.2092618845911214
itq_fit,100,rotated_heterogeneous,7312003,7312004,13.729298390831376,1.4012406493312939,11.827043406952475,1.2070925630325626
itq_fit,100,rotated_heterogeneous,7312003,7312005,14.00723054872698,1.429606981412747,11.805341746542535,1.2048776465919162
itq_fit,100,rotated_heterogeneous,7312003,7312006,13.778605742710468,1.4062730598592788,11.801216431184969,1.2044566083563286
itq_fit,100,rotated_heterogeneous,7312003,7312007,13.840646859938511,1.412605104870983,11.831424906689879,1.2075397479769283
itq_fit,100,rotated_heterogeneous,7312003,7312008,13.847228432882533,1.4132768338467228,11.819256566353117,1.2062978219418619
itq_fit,100,rotated_heterogeneous,7312003,7312009,13.917666982399329,1.4204659382024694,11.850260359819325,1.2094621333619806
itq_fit,100,rotated_heterogeneous,7312003,7312010,13.908482715077387,1.419528572844133,11.900785788775256,1.2146188633610335
itq_fit,100,rotated_heterogeneous,7312003,7312011,13.885504731554613,1.417183392221263,11.812048167983754,1.2055621178640432
itq_fit,100,rotated_heterogeneous,7312003,7312012,13.924903699330905,1.421204532531441,11.813478266794718,1.205708076712736
itq_fit,100,rotated_heterogeneous,7312003,7312013,13.88527845910138,1.4171602983857103,11.8289861935411,1.207290847858448
itq_fit,100,rotated_heterogeneous,7312003,7312014,13.839608837219407,1.4124991621208487,11.841129316000622,1.2085302001046965
itq_fit,100,rotated_heterogeneous,7312003,7312015,13.796750724285184,1.4081249742863726,11.84682411863445,1.2091114234646438
itq_fit,100,rotated_heterogeneous,7312003,7312016,14.001299233276676,1.4290016190645498,11.848361016524835,1.2092682824487357
itq_fit,100,rotated_heterogeneous,7312003,7312017,13.91497147997805,1.4201908296386123,11.822517689406089,1.206630658919704
itq_fit,100,rotated_heterogeneous,7312003,7312018,13.807683207755858,1.4092407662082294,11.827131804296199,1.2071015850486768
itq_fit,100,rotated_heterogeneous,7312003,7312019,13.81983170864394,1.4104806673880441,11.828787535898352,1.2072705724476882
itq_fit,100,rotated_heterogeneous,7312003,7312020,13.872979677120254,1.4159050592060647,11.84675928838063,1.2091048067545707
itq_fit,100,rotated_heterogeneous,7312004,7312005,13.985823037612596,1.4274220864588636,11.884592060058024,1.2129660978447723
itq_fit,100,rotated_heterogeneous,7312004,7312006,13.845462591997164,1.4130966084660521,11.831297422586312,1.2075267366850928
itq_fit,100,rotated_heterogeneous,7312004,7312007,13.902627398833301,1.4189309671324397,11.86453837673356,1.2109193773610931
itq_fit,100,rotated_heterogeneous,7312004,7312008,13.83881712185685,1.4124183580100242,11.898532449677758,1.2143888829024363
itq_fit,100,rotated_heterogeneous,7312004,7312009,13.801671113955573,1.4086271594542108,11.87230034936999,1.2117115803759555
itq_fit,100,rotated_heterogeneous,7312004,7312010,13.84516015765048,1.4130657413897991,11.796388787653283,1.2039638890516338
itq_fit,100,rotated_heterogeneous,7312004,7312011,14.022413729747385,1.431156608336593,11.818002268758365,1.2061698057296644
itq_fit,100,rotated_heterogeneous,7312004,7312012,13.771098227486402,1.4055068272953146,11.906267135677817,1.2151783009866362
itq_fit,100,rotated_heterogeneous,7312004,7312013,13.789444694250701,1.407379305718459,11.878004294669887,1.2122937368553512
itq_fit,100,rotated_heterogeneous,7312004,7312014,14.015628185804463,1.4304640616579516,11.807314332250725,1.2050789727777067
itq_fit,100,rotated_heterogeneous,7312004,7312015,13.968739203069608,1.425678474897178,11.842956552277188,1.208716691626242
itq_fit,100,rotated_heterogeneous,7312004,7312016,13.862410364583475,1.4148263332624351,11.770359278620536,1.2013072634105755
itq_fit,100,rotated_heterogeneous,7312004,7312017,13.856432920416637,1.4142162629218213,11.80674637473824,1.205021005856825
itq_fit,100,rotated_heterogeneous,7312004,7312018,13.98378890031977,1.4272144781907723,11.848384526804859,1.2092706819566426
itq_fit,100,rotated_heterogeneous,7312004,7312019,13.784576366284938,1.4068824340760988,11.88738069683076,1.2132507118935707
itq_fit,100,rotated_heterogeneous,7312004,7312020,13.906083218600033,1.4192836752604194,11.849148117101212,1.2093486155649178
itq_fit,100,rotated_heterogeneous,7312005,7312006,13.802631901979575,1.4087252194712852,11.851322974114073,1.2095705859792938
itq_fit,100,rotated_heterogeneous,7312005,7312007,13.884471392484645,1.4170779274940672,11.837118224946428,1.208120819838254
itq_fit,100,rotated_heterogeneous,7312005,7312008,14.041934903418065,1.4331489797813188,11.85760321746796,1.210211560632524
itq_fit,100,rotated_heterogeneous,7312005,7312009,13.864133733744447,1.4150022238908864,11.883282163747555,1.2128324071124137
itq_fit,100,rotated_heterogeneous,7312005,7312010,13.928419155647601,1.421563327289314,11.862697781666105,1.2107315224136619
itq_fit,100,rotated_heterogeneous,7312005,7312011,13.95483204509433,1.4242590815300236,11.833450173255704,1.2077464508802362
itq_fit,100,rotated_heterogeneous,7312005,7312012,13.818486427628716,1.4103433652193793,11.805035735211428,1.2048464144412194
itq_fit,100,rotated_heterogeneous,7312005,7312013,13.992933300102315,1.4281477745854079,11.799246227158621,1.2042555252499232
itq_fit,100,rotated_heterogeneous,7312005,7312014,13.878333631996052,1.416451494937381,11.818991055178302,1.2062707233210577
itq_fit,100,rotated_heterogeneous,7312005,7312015,13.919487487296012,1.4206517427054324,11.832280646916002,1.2076270865980274
itq_fit,100,rotated_heterogeneous,7312005,7312016,13.80529091238519,1.4089966035843895,11.790185427708565,1.203330761278493
itq_fit,100,rotated_heterogeneous,7312005,7312017,13.781403933090404,1.406558648969029,11.84112278839858,1.208529533884103
itq_fit,100,rotated_heterogeneous,7312005,7312018,13.801354126110697,1.4085948070177687,11.799154147780305,1.2042461274377272
itq_fit,100,rotated_heterogeneous,7312005,7312019,13.774361324168757,1.405839865705862,11.791952471773323,1.2035111094581459
itq_fit,100,rotated_heterogeneous,7312005,7312020,13.793438427449633,1.407786914406217,11.817349140402012,1.2061031460959308
itq_fit,100,rotated_heterogeneous,7312006,7312007,13.812003921444802,1.4096817472025032,11.806778511234146,1.2050242857742035
itq_fit,100,rotated_heterogeneous,7312006,7312008,13.772269322686629,1.4056263516986804,11.858934319973901,1.2103474157131449
itq_fit,100,rotated_heterogeneous,7312006,7312009,13.847447224532871,1.4132991641760275,11.883921414447888,1.212897650363811
itq_fit,100,rotated_heterogeneous,7312006,7312010,13.807881658942355,1.4092610205476364,11.832450200641508,1.2076443916026722
itq_fit,100,rotated_heterogeneous,7312006,7312011,13.841347620136863,1.4126766259092334,11.865532782353732,1.2110208684597088
itq_fit,100,rotated_heterogeneous,7312006,7312012,13.877261690893718,1.4163420904067545,11.845495862705155,1.2089758589115356
itq_fit,100,rotated_heterogeneous,7312006,7312013,13.822275742427017,1.4107301105414882,11.81071339848361,1.205425888522394
itq_fit,100,rotated_heterogeneous,7312006,7312014,13.97836290291702,1.4266606896498388,11.818521592840519,1.2062228090218483
itq_fit,100,rotated_heterogeneous,7312006,7312015,13.89400792470903,1.4180512457384566,11.818474654003007,1.2062180183468056
itq_fit,100,rotated_heterogeneous,7312006,7312016,13.98541859349055,1.4273808080535102,11.812291352970375,1.2055869378278068
itq_fit,100,rotated_heterogeneous,7312006,7312017,13.779317837911574,1.4063457377714035,11.824807426366512,1.2068643542196302
itq_fit,100,rotated_heterogeneous,7312006,7312018,13.829825529843019,1.4115006574929754,11.806225730112372,1.2049678677872122
itq_fit,100,rotated_heterogeneous,7312006,7312019,13.802575229812154,1.4087194353924184,11.842735711928922,1.2086941522025807
itq_fit,100,rotated_heterogeneous,7312006,7312020,13.867592573187217,1.4153552402132612,11.83206974995175,1.2076055620167474
itq_fit,100,rotated_heterogeneous,7312007,7312008,13.709983465464731,1.3992693280159514,11.804779336634109,1.2048202458710027
itq_fit,100,rotated_heterogeneous,7312007,7312009,13.938363628676438,1.4225782808177108,11.835270488642033,1.2079322360413798
itq_fit,100,rotated_heterogeneous,7312007,7312010,13.836466960177988,1.412178495638097,11.820496061010562,1.2064243273355972
itq_fit,100,rotated_heterogeneous,7312007,7312011,13.909354469850413,1.4196175459430809,11.856153582534802,1.2100636078867095
itq_fit,100,rotated_heterogeneous,7312007,7312012,13.872747909573995,1.4158814045299284,11.832289611530793,1.2076280015451932
itq_fit,100,rotated_heterogeneous,7312007,7312013,13.862495051404338,1.4148349765748955,11.830329101889332,1.207427907867802
itq_fit,100,rotated_heterogeneous,7312007,7312014,13.784700888930766,1.4068951431154197,11.878967408019422,1.2123920341999688
itq_fit,100,rotated_heterogeneous,7312007,7312015,13.893796381712125,1.4180296552217453,11.87041649492839,1.211519310287139
itq_fit,100,rotated_heterogeneous,7312007,7312016,13.648898529288331,1.393034872824174,11.880794885006466,1.2125785502889246
itq_fit,100,rotated_heterogeneous,7312007,7312017,13.734525515940874,1.401774140553792,11.835513694671732,1.2079570581528436
itq_fit,100,rotated_heterogeneous,7312007,7312018,13.888575494146352,1.4174968006158875,11.823040507274523,1.206684018794957
itq_fit,100,rotated_heterogeneous,7312007,7312019,13.86848746444848,1.4154465746701517,11.797846266242848,1.204112642337278
itq_fit,100,rotated_heterogeneous,7312007,7312020,13.83247050940935,1.411770609589542,11.855273408010516,1.2099737754504973
itq_fit,100,rotated_heterogeneous,7312008,7312009,13.9605873170715,1.424846476516482,11.829926159830691,1.207386782766153
itq_fit,100,rotated_heterogeneous,7312008,7312010,13.842218770640581,1.4127655373352033,11.840815115961426,1.2084981321974801
itq_fit,100,rotated_heterogeneous,7312008,7312011,13.869495759783472,1.41554948338185,11.865496936292255,1.2110172099363794
itq_fit,100,rotated_heterogeneous,7312008,7312012,13.899457755437568,1.4186074667580175,11.807468412540205,1.2050946985314004
itq_fit,100,rotated_heterogeneous,7312008,7312013,13.798876407960732,1.408341925968025,11.830993414604627,1.2074957090003902
itq_fit,100,rotated_heterogeneous,7312008,7312014,13.79372814192176,1.4078164832657092,11.848448056149007,1.2092771658931782
itq_fit,100,rotated_heterogeneous,7312008,7312015,13.874765311051146,1.4160873047059848,11.801441047557987,1.2044795331689022
itq_fit,100,rotated_heterogeneous,7312008,7312016,13.765708824376295,1.404956773643734,11.87834670555653,1.2123286840201282
itq_fit,100,rotated_heterogeneous,7312008,7312017,13.91633473017537,1.420329965779245,11.812952158488061,1.205654381008538
itq_fit,100,rotated_heterogeneous,7312008,7312018,14.00874271961658,1.429761316707889,11.782486386167209,1.2025449811416258
itq_fit,100,rotated_heterogeneous,7312008,7312019,13.959865280581194,1.4247727839757771,11.818232153285217,1.2061932682209373
itq_fit,100,rotated_heterogeneous,7312008,7312020,13.937796997273622,1.42252044924233,11.810382742453385,1.2053921410826263
itq_fit,100,rotated_heterogeneous,7312009,7312010,13.841864383457882,1.4127293678448285,11.831188260715832,1.207515595398341
itq_fit,100,rotated_heterogeneous,7312009,7312011,13.835063988578932,1.412035305448876,11.853515379824708,1.2097943474501365
itq_fit,100,rotated_heterogeneous,7312009,7312012,13.852134623156322,1.4137775697947141,11.86662874307006,1.211132724481923
itq_fit,100,rotated_heterogeneous,7312009,7312013,13.818474364111255,1.4103421339917843,11.853297699213043,1.2097721305157414
itq_fit,100,rotated_heterogeneous,7312009,7312014,13.909655207273145,1.4196482398277581,11.82080077133566,1.2064554267029244
itq_fit,100,rotated_heterogeneous,7312009,7312015,13.772530248907476,1.4056529823695798,11.856317673421223,1.210080355342675
itq_fit,100,rotated_heterogeneous,7312009,7312016,13.740024157040864,1.4023353432610284,11.839641108533606,1.2083783105661303
itq_fit,100,rotated_heterogeneous,7312009,7312017,13.905910410261942,1.4192660380832687,11.864094047659066,1.2108740282148267
itq_fit,100,rotated_heterogeneous,7312009,7312018,13.831210140641534,1.4116419737408383,11.841648695051175,1.2085832090070692
itq_fit,100,rotated_heterogeneous,7312009,7312019,13.825192899899854,1.4110278416793132,11.814328049438753,1.2057948072906592
itq_fit,100,rotated_heterogeneous,7312009,7312020,13.775374960571773,1.4059433195380329,11.853310616441378,1.209773448874838
itq_fit,100,rotated_heterogeneous,7312010,7312011,13.85945648233702,1.4145248539180983,11.828101607547397,1.2072005651785238
itq_fit,100,rotated_heterogeneous,7312010,7312012,13.84612116145808,1.4131638234301949,11.839854448974332,1.2084000845336835
itq_fit,100,rotated_heterogeneous,7312010,7312013,13.921700674766482,1.4208776252057562,11.819341406680344,1.2063064809215003
itq_fit,100,rotated_heterogeneous,7312010,7312014,13.667635936500485,1.3949472514396957,11.815251512134372,1.2058890578073576
itq_fit,100,rotated_heterogeneous,7312010,7312015,13.87996082365346,1.4166175694904795,11.790315514015209,1.2033440381565679
itq_fit,100,rotated_heterogeneous,7312010,7312016,13.908228010561713,1.4195025771733585,11.861617111747101,1.2106212270019148
itq_fit,100,rotated_heterogeneous,7312010,7312017,13.896198159663854,1.418274785657462,11.831941311582236,1.2075924533305513
itq_fit,100,rotated_heterogeneous,7312010,7312018,13.901154819417753,1.4187806726251972,11.846018790550849,1.2090292300112957
itq_fit,100,rotated_heterogeneous,7312010,7312019,13.908527259099897,1.419533119099393,11.840607159524167,1.2084769077324795
itq_fit,100,rotated_heterogeneous,7312010,7312020,13.879345594542507,1.4165547779322818,11.815312319655023,1.2058952639489458
itq_fit,100,rotated_heterogeneous,7312011,7312012,13.860807640389247,1.4146627559093403,11.887409299385947,1.2132536311296351
itq_fit,100,rotated_heterogeneous,7312011,7312013,13.973431569637743,1.4261573875545959,11.854868433531765,1.2099324429158393
itq_fit,100,rotated_heterogeneous,7312011,7312014,13.821227098151766,1.4106230837333193,11.820570173651998,1.2064318914253893
itq_fit,100,rotated_heterogeneous,7312011,7312015,13.947667649271205,1.4235278684432742,11.81915771430829,1.2062877328972845
itq_fit,100,rotated_heterogeneous,7312011,7312016,14.040883920069232,1.433041714242452,11.84448620086444,1.2088728107314308
itq_fit,100,rotated_heterogeneous,7312011,7312017,13.782341170546877,1.4066543053663698,11.825925883917355,1.2069785063154022
itq_fit,100,rotated_heterogeneous,7312011,7312018,14.003072925733516,1.4291826457928782,11.851253870122251,1.2095635330826624
itq_fit,100,rotated_heterogeneous,7312011,7312019,13.795553672671605,1.4080028007176626,11.781606790183126,1.2024552077524255
itq_fit,100,rotated_heterogeneous,7312011,7312020,13.88179382049243,1.4168046489469632,11.839109188236824,1.2083240216781743
itq_fit,100,rotated_heterogeneous,7312012,7312013,13.818491237571553,1.4103438561321144,11.86403696432678,1.210868202171622
itq_fit,100,rotated_heterogeneous,7312012,7312014,13.79899711870315,1.4083542459565832,11.815652057949393,1.2059299383434163
itq_fit,100,rotated_heterogeneous,7312012,7312015,13.75432537120754,1.4037949548198043,11.88496133705104,1.2130037870200487
itq_fit,100,rotated_heterogeneous,7312012,7312016,13.938379692639236,1.4225799203390483,11.85137570781081,1.2095759680896796
itq_fit,100,rotated_heterogeneous,7312012,7312017,13.851133286003918,1.4136753712495524,11.855237368698054,1.2099700972035716
itq_fit,100,rotated_heterogeneous,7312012,7312018,13.907760779214247,1.419454890573645,11.843273139067056,1.2087490031301786
itq_fit,100,rotated_heterogeneous,7312012,7312019,13.716913581791928,1.3999766300517749,11.85126622558304,1.2095647941065986
itq_fit,100,rotated_heterogeneous,7312012,7312020,13.946541293327508,1.4234129102211572,11.847552987759737,1.2091858133582365
itq_fit,100,rotated_heterogeneous,7312013,7312014,13.884334008322137,1.417063905781697,11.842251758687741,1.2086447589317364
itq_fit,100,rotated_heterogeneous,7312013,7312015,13.926632103756026,1.4213809370693875,11.85760562725612,1.2102118065804983
itq_fit,100,rotated_heterogeneous,7312013,7312016,13.787462152809294,1.4071769634299018,11.860168164358264,1.2104733444282985
itq_fit,100,rotated_heterogeneous,7312013,7312017,13.793011256518527,1.407743316455627,11.85981994830361,1.2104378047760422
itq_fit,100,rotated_heterogeneous,7312013,7312018,13.87194979193416,1.4157999469894154,11.854762931494566,1.2099216751592576
itq_fit,100,rotated_heterogeneous,7312013,7312019,13.844425412273491,1.4129907517537788,11.81487616536856,1.205850749138489
itq_fit,100,rotated_heterogeneous,7312013,7312020,14.052308090312106,1.4342076887353574,11.819364916796394,1.2063088804126716
itq_fit,100,rotated_heterogeneous,7312014,7312015,13.808433861441927,1.4093173794792464,11.804986905510225,1.2048414307807096
itq_fit,100,rotated_heterogeneous,7312014,7312016,13.885439016876207,1.4171766852449836,11.870917108969858,1.211570403993792
itq_fit,100,rotated_heterogeneous,7312014,7312017,13.920463500237576,1.4207513566091483,11.863275987381105,1.2107905352873332
itq_fit,100,rotated_heterogeneous,7312014,7312018,13.828622381996894,1.4113778617301365,11.882611877856345,1.2127639963451116
itq_fit,100,rotated_heterogeneous,7312014,7312019,13.875809424710168,1.4161938691100713,11.845042688256767,1.2089296069880764
itq_fit,100,rotated_heterogeneous,7312014,7312020,13.904453296730674,1.4191173220562305,11.835458319118793,1.2079514064091383
itq_fit,100,rotated_heterogeneous,7312015,7312016,13.933248637302704,1.4220562341966945,11.817413878171665,1.206109753366878
itq_fit,100,rotated_heterogeneous,7312015,7312017,13.907282108418904,1.4194060364401717,11.826428612750298,1.2070298158620563
itq_fit,100,rotated_heterogeneous,7312015,7312018,13.878767010497478,1.4164957264454636,11.86535955682628,1.2110031887033472
itq_fit,100,rotated_heterogeneous,7312015,7312019,13.946639604745172,1.4234229440882058,11.854183811862923,1.2098625690093594
itq_fit,100,rotated_heterogeneous,7312015,7312020,13.892179509934953,1.417864633937013,11.80680800624476,1.2050272960961186
itq_fit,100,rotated_heterogeneous,7312016,7312017,13.86638356694816,1.4152318465306974,11.821155324234649,1.206491613106647
itq_fit,100,rotated_heterogeneous,7312016,7312018,13.781141284638451,1.4065318425236533,11.825217245846268,1.2069061812451325
itq_fit,100,rotated_heterogeneous,7312016,7312019,13.793266354032024,1.4077693522365737,11.779668135223753,1.2022573446091847
itq_fit,100,rotated_heterogeneous,7312016,7312020,13.819156197479318,1.4104117233185074,11.848570780008824,1.2092896913446707
itq_fit,100,rotated_heterogeneous,7312017,7312018,13.916133983921949,1.420309477200551,11.82214361062322,1.2065924796638028
itq_fit,100,rotated_heterogeneous,7312017,7312019,13.845865156003882,1.4131376949829384,11.853256173684297,1.2097678923342112
itq_fit,100,rotated_heterogeneous,7312017,7312020,13.87121397958286,1.4157248484557854,11.850785279178227,1.2095157077197063
itq_fit,100,rotated_heterogeneous,7312018,7312019,13.92994590017828,1.4217191500004702,11.824077963396014,1.2067899037169647
itq_fit,100,rotated_heterogeneous,7312018,7312020,13.865957447534734,1.4151883559001814,11.850723172326232,1.209509368965668
itq_fit,100,rotated_heterogeneous,7312019,7312020,13.813338499018535,1.4098179569557452,11.87291821751097,1.2117746412790273
itq_fit,250,gaussian,7312001,7312002,13.770700723566728,1.4054662572213996,11.867274201867803,1.2111986013446088
itq_fit,250,gaussian,7312001,7312003,13.792053058804367,1.407645520810944,11.78886762114357,1.2031962632091626
itq_fit,250,gaussian,7312001,7312004,13.863417255350853,1.4149290986210517,11.872018244318761,1.2116827881497318
itq_fit,250,gaussian,7312001,7312005,13.849779693983566,1.4135372208424788,11.84140249631465,1.208558081453744
itq_fit,250,gaussian,7312001,7312006,13.86409008081025,1.4149977685819464,11.826497955801981,1.2070368931576325
itq_fit,250,gaussian,7312001,7312007,13.873388077248332,1.415946741369593,11.830206495762383,1.2074153944323702
itq_fit,250,gaussian,7312001,7312008,13.821624129457202,1.4106636055712456,11.865352942872066,1.211002513669472
itq_fit,250,gaussian,7312001,7312009,13.797540742006392,1.4082056051324026,11.813575050020397,1.205717954609343
itq_fit,250,gaussian,7312001,7312010,13.711512220418987,1.3994253559151046,11.833098523889259,1.2077105608170629
itq_fit,250,gaussian,7312001,7312011,13.872558975805159,1.4158621215578937,11.784025268675974,1.2027020426799826
itq_fit,250,gaussian,7312001,7312012,13.815348105790193,1.4100230615880036,11.897970516745852,1.214331530862735
itq_fit,250,gaussian,7312001,7312013,13.829432847634905,1.4114605795329358,11.852089458766656,1.2096488149915647
itq_fit,250,gaussian,7312001,7312014,13.876330801948873,1.4162470819516684,11.824833028036679,1.2068669671791499
itq_fit,250,gaussian,7312001,7312015,13.900589491578804,1.4187229740942466,11.889782512226436,1.2134958461508942
itq_fit,250,gaussian,7312001,7312016,13.806804038638615,1.4091510363859436,11.852989647527338,1.2097406901222256
itq_fit,250,gaussian,7312001,7312017,13.954974619817596,1.4242736330017827,11.874965947227514,1.2119836368180552
itq_fit,250,gaussian,7312001,7312018,13.898266062626519,1.4184858401198004,11.827228054087563,1.2071114085018724
itq_fit,250,gaussian,7312001,7312019,13.908164501249203,1.4194960952812934,11.841857425288643,1.2086045124477227
itq_fit,250,gaussian,7312001,7312020,13.928127053021873,1.4215335146899157,11.829969395134267,1.207391195450846
itq_fit,250,gaussian,7312002,7312003,13.828417690572817,1.4113569704991484,11.844441736742713,1.2088682726310105
itq_fit,250,gaussian,7312002,7312004,13.837493219091042,1.4122832377498038,11.884598400471626,1.2129667449605257
itq_fit,250,gaussian,7312002,7312005,13.888711910331203,1.4175107235344517,11.817000211781997,1.2060675337177769
itq_fit,250,gaussian,7312002,7312006,13.827103238515503,1.4112228147978247,11.83165034144957,1.2075627563157423
itq_fit,250,gaussian,7312002,7312007,13.789336683286317,1.4073682818955686,11.83273531143964,1.2076734906016549
itq_fit,250,gaussian,7312002,7312008,13.722156692763242,1.4005117528244626,11.820752437086348,1.206450493609261
itq_fit,250,gaussian,7312002,7312009,13.808777557052023,1.4093524577655618,11.87287327704842,1.2117700545622752
itq_fit,250,gaussian,7312002,7312010,13.824367344657379,1.4109435838002071,11.850596884985908,1.2094964798179695
itq_fit,250,gaussian,7312002,7312011,13.80413494768141,1.4088786234308508,11.808138364047847,1.2051630751708227
itq_fit,250,gaussian,7312002,7312012,13.91577215594722,1.4202725482875196,11.904828383511441,1.2150314589585551
itq_fit,250,gaussian,7312002,7312013,13.931882004260904,1.421916752795943,11.816463985697476,1.2060128053722001
itq_fit,250,gaussian,7312002,7312014,13.865824762900738,1.4151748138314313,11.814550055517643,1.205817465691204
itq_fit,250,gaussian,7312002,7312015,13.923310926746662,1.4210419708602875,11.886961700883498,1.2132079482987754
itq_fit,250,gaussian,7312002,7312016,13.72380948658933,1.40068044038796,11.817929064759182,1.206162334377784
itq_fit,250,gaussian,7312002,7312017,13.873587330527833,1.4159670775722744,11.841721993201803,1.2085906899682413
itq_fit,250,gaussian,7312002,7312018,13.869326086308313,1.4155321661553073,11.813982501192067,1.2057595399204135
itq_fit,250,gaussian,7312002,7312019,14.087513860794742,1.4378008626388572,11.794993507516057,1.2038214838689485
itq_fit,250,gaussian,7312002,7312020,13.789544707333498,1.4073895132609777,11.8348798832533,1.2078923700458308
itq_fit,250,gaussian,7312003,7312004,13.951522308326396,1.4239212829356749,11.871448273589387,1.2116246157557613
itq_fit,250,gaussian,7312003,7312005,13.85475535406584,1.4140450470231083,11.867747396607916,1.2112468965805359
itq_fit,250,gaussian,7312003,7312006,13.910682737107136,1.41975311165229,11.814559348996486,1.2058184142029165
itq_fit,250,gaussian,7312003,7312007,13.81049788334796,1.409528037832901,11.835511529262936,1.2079568371467337
itq_fit,250,gaussian,7312003,7312008,13.864617192032988,1.415051566645838,11.800193889993423,1.2043522456829843
itq_fit,250,gaussian,7312003,7312009,13.902442749686873,1.4189121214578484,11.837992915751553,1.2082100925947232
itq_fit,250,gaussian,7312003,7312010,13.803156624198316,1.4087787737084774,11.860280083845549,1.210484767163137
itq_fit,250,gaussian,7312003,7312011,13.78011041978443,1.406426630320065,11.878273251955216,1.212321187193337
itq_fit,250,gaussian,7312003,7312012,13.912341213940051,1.4199223792352427,11.83573199020149,1.2079793378470534
itq_fit,250,gaussian,7312003,7312013,13.768718166677578,1.405263913356214,11.797762541931293,1.2041040972605124
itq_fit,250,gaussian,7312003,7312014,13.786078708594271,1.407035766245968,11.833684109077174,1.2077703268550346
itq_fit,250,gaussian,7312003,7312015,13.865567904685598,1.4151485983496257,11.844098437985876,1.208833234848361
itq_fit,250,gaussian,7312003,7312016,13.846698764258543,1.4132227747691588,11.843816641916355,1.2088044741574508
itq_fit,250,gaussian,7312003,7312017,13.943974421992808,1.423150930012599,11.78753278963645,1.2030600275389527
itq_fit,250,gaussian,7312003,7312018,13.884980650475404,1.4171299034201001,11.818542907212434,1.2062249844108226
itq_fit,250,gaussian,7312003,7312019,13.852348655868216,1.4137994144168975,11.835310214006089,1.2079362904943707
itq_fit,250,gaussian,7312003,7312020,13.794769029714923,1.40792271843124,11.858591118409354,1.210312387850142
itq_fit,250,gaussian,7312004,7312005,13.891307421397679,1.417775626773394,11.821200533304173,1.2064962272379838
itq_fit,250,gaussian,7312004,7312006,14.016938812437322,1.4305978269285269,11.833123826802227,1.2077131432848036
itq_fit,250,gaussian,7312004,7312007,13.857441565280949,1.4143192073072064,11.808185625247525,1.205167898746816
itq_fit,250,gaussian,7312004,7312008,13.912166851695165,1.4199045834631436,11.807876467559488,1.2051363454724098
itq_fit,250,gaussian,7312004,7312009,13.814750964152168,1.4099621160747815,11.825735054766765,1.2069590298967774
itq_fit,250,gaussian,7312004,7312010,13.846063665397041,1.413157955263038,11.842745984987273,1.208695200692208
itq_fit,250,gaussian,7312004,7312011,13.946652898121485,1.4234243008377443,11.873328260162634,1.2118164910819171
itq_fit,250,gaussian,7312004,7312012,13.786201607777919,1.407048309591374,11.838389516175797,1.208250570456022
itq_fit,250,gaussian,7312004,7312013,13.747086313981345,1.403056121635513,11.887373339820044,1.2132499610218088
itq_fit,250,gaussian,7312004,7312014,13.95105082419368,1.4238731622878844,11.831043610232156,1.2075008320701721
itq_fit,250,gaussian,7312004,7312015,13.897621262300598,1.4184200304621135,11.855038970517764,1.209949848274088
itq_fit,250,gaussian,7312004,7312016,13.936265593667205,1.4223641510162475,11.8082110008042,1.205170488628724
itq_fit,250,gaussian,7312004,7312017,13.860395172977489,1.4146206586304098,11.835200654873024,1.207925108662176
itq_fit,250,gaussian,7312004,7312018,13.852805725025608,1.4138460638424297,11.869382572670121,1.2114137860385363
itq_fit,250,gaussian,7312004,7312019,13.68850847330179,1.39707754580639,11.797359334532084,1.204062945077655
itq_fit,250,gaussian,7312004,7312020,13.843099774832071,1.4128554544489702,11.8513955143039,1.2095779895814154
itq_fit,250,gaussian,7312005,7312006,13.841405742267584,1.4126825579743596,11.853589559902568,1.2098019184226296
itq_fit,250,gaussian,7312005,7312007,13.917984647990934,1.4204983598111474,11.838026343403866,1.2082135042902011
itq_fit,250,gaussian,7312005,7312008,13.975056120065279,1.4263231925382993,11.839436498410292,1.2083574276328666
itq_fit,250,gaussian,7312005,7312009,13.90236287219293,1.4189039689952612,11.804600755377983,1.204802019497872
itq_fit,250,gaussian,7312005,7312010,13.95993967465429,1.4247803767890677,11.83962393617641,1.2083765579197632
itq_fit,250,gaussian,7312005,7312011,13.872948181044187,1.415901844651262,11.86572893884801,1.211040888598072
itq_fit,250,gaussian,7312005,7312012,13.847821415356057,1.4133373548669956,11.86732617420881,1.2112039057494506
itq_fit,250,gaussian,7312005,7312013,14.115104489072369,1.4406168193456483,11.8113276134535,1.2054885765752528
itq_fit,250,gaussian,7312005,7312014,13.925631626066991,1.4212788262428386,11.818183495876308,1.206188302144936
itq_fit,250,gaussian,7312005,7312015,13.891994072166751,1.417845707774049,11.82388100027071,1.206769801252167
itq_fit,250,gaussian,7312005,7312016,13.95680545817013,1.4244604921586672,11.83722907788065,1.2081321337184763
itq_fit,250,gaussian,7312005,7312017,13.887828643985268,1.4174205755405138,11.84586483065143,1.2090135165448612
itq_fit,250,gaussian,7312005,7312018,13.806417004453586,1.4091115348748464,11.827677142492032,1.2071572433952202
itq_fit,250,gaussian,7312005,7312019,13.806706949756311,1.4091411272933878,11.864245091506213,1.2108894440629225
itq_fit,250,gaussian,7312005,7312020,13.746429544006364,1.4029890903306348,11.86603778190351,1.2110724097604293
itq_fit,250,gaussian,7312006,7312007,13.84043578677997,1.4125835623069485,11.88197075566,1.2126985620849524
itq_fit,250,gaussian,7312006,7312008,13.88985992790408,1.4176278925873391,11.853953013979055,1.2098390132989765
itq_fit,250,gaussian,7312006,7312009,13.825696134455615,1.4110792028410861,11.812550332395325,1.2056133698046823
itq_fit,250,gaussian,7312006,7312010,13.86683489822241,1.4152779103359838,11.856932625662669,1.210143118642997
itq_fit,250,gaussian,7312006,7312011,13.88082565744917,1.416705836220138,11.830955629923196,1.2074918526174903
itq_fit,250,gaussian,7312006,7312012,13.893725221901844,1.4180223925040212,11.804582203552615,1.2048001260601242
itq_fit,250,gaussian,7312006,7312013,13.84369786759261,1.4129164970357273,11.837125475067527,1.20812155980064
itq_fit,250,gaussian,7312006,7312014,13.940277731992351,1.4227736381693339,11.816940786335588,1.2060614686335502
itq_fit,250,gaussian,7312006,7312015,13.861428609026497,1.4147261332554877,11.87550274648627,1.2120384236629824
itq_fit,250,gaussian,7312006,7312016,13.900785023872562,1.4187429305254107,11.826018769267705,1.2069879863867745
itq_fit,250,gaussian,7312006,7312017,13.96500203568525,1.4252970518482178,11.864405094643477,1.2109057743147367
itq_fit,250,gaussian,7312006,7312018,13.806542613772956,1.4091243548223211,11.846240423934503,1.2090518503737924
itq_fit,250,gaussian,7312006,7312019,13.932029043297941,1.4219317599048185,11.819665871450226,1.2063395964684052
itq_fit,250,gaussian,7312006,7312020,13.848053904211366,1.4133610831614285,11.840500206919694,1.2084659919279954
itq_fit,250,gaussian,7312007,7312008,13.920804236098485,1.4207861328173275,11.779618149481411,1.20225224296072
itq_fit,250,gaussian,7312007,7312009,13.91243011512475,1.4199314526744111,11.873465440242718,1.2118304919652123
itq_fit,250,gaussian,7312007,7312010,13.835590631017173,1.4120890556676502,11.826627570890334,1.207050121942192
itq_fit,250,gaussian,7312007,7312011,13.848179377254727,1.4133738892002914,11.821228441923964,1.2064990756495635
itq_fit,250,gaussian,7312007,7312012,13.781494292473235,1.406567871234921,11.843328586042807,1.2087546621634442
itq_fit,250,gaussian,7312007,7312013,13.978888841596719,1.426714368041558,11.848863123498807,1.2093195285271743
itq_fit,250,gaussian,7312007,7312014,13.656980913878671,1.3938597777471433,11.862922094204821,1.210754416216277
itq_fit,250,gaussian,7312007,7312015,13.957948407896978,1.4245771439766852,11.830983118984275,1.2074946582080381
itq_fit,250,gaussian,7312007,7312016,13.772943745229112,1.4056951846611851,11.842711683679727,1.2086916998296666
itq_fit,250,gaussian,7312007,7312017,13.896964876300132,1.4183530383464698,11.854560986353071,1.209901064219562
itq_fit,250,gaussian,7312007,7312018,13.895425244606928,1.4181959003447961,11.850829475106101,1.2095202184477063
itq_fit,250,gaussian,7312007,7312019,13.97082880028591,1.4258917435200062,11.823851813971007,1.2067668224379275
itq_fit,250,gaussian,7312007,7312020,13.758120863527415,1.4041823306325687,11.810415490551499,1.205395483421394
itq_fit,250,gaussian,7312008,7312009,13.719585390864824,1.4002493204233886,11.837852709455492,1.2081957828495535
itq_fit,250,gaussian,7312008,7312010,13.90541881702007,1.4192158650581193,11.83773380642908,1.2081836473602376
itq_fit,250,gaussian,7312008,7312011,13.784032485228199,1.4068269244481915,11.838225303745032,1.2082338105949888
itq_fit,250,gaussian,7312008,7312012,13.880662284392285,1.4166891620273425,11.850078704165593,1.2094435932094583
itq_fit,250,gaussian,7312008,7312013,13.860840194595921,1.4146660784591458,11.76432460254012,1.2006913518622422
itq_fit,250,gaussian,7312008,7312014,13.73489488065993,1.4018118386825702,11.871653884064171,1.2116456007869694
itq_fit,250,gaussian,7312008,7312015,13.90951415743373,1.4196338439888052,11.812469587543182,1.2056051288177194
itq_fit,250,gaussian,7312008,7312016,13.810582628778844,1.4095366871272217,11.856989717929542,1.2101489455980843
itq_fit,250,gaussian,7312008,7312017,13.793625986271294,1.4078060570482933,11.783127458549174,1.2026104103176258
itq_fit,250,gaussian,7312008,7312018,13.839019227029752,1.412438985282857,11.823527338441474,1.2067337057928702
itq_fit,250,gaussian,7312008,7312019,13.863832699077513,1.4149714996688498,11.831950332939659,1.2075933740689877
itq_fit,250,gaussian,7312008,7312020,14.021616624972149,1.4310752541711402,11.897616654162253,1.2142954149140315
itq_fit,250,gaussian,7312009,7312010,13.854492655185272,1.4140182354308835,11.829401136482845,1.2073331977951
itq_fit,250,gaussian,7312009,7312011,13.849070381991524,1.4134648269904397,11.849184067950217,1.2093522847830798
itq_fit,250,gaussian,7312009,7312012,13.885313166953269,1.41716384074101,11.839015305582155,1.208314439819856
itq_fit,250,gaussian,7312009,7312013,13.82724144976934,1.41123692092485,11.776028557939721,1.2018858818081304
itq_fit,250,gaussian,7312009,7312014,13.904304162312759,1.4191021010884397,11.754342084539957,1.1996725153852195
itq_fit,250,gaussian,7312009,7312015,13.84722560851212,1.4132765455856247,11.821202637881889,1.2064964420355473
itq_fit,250,gaussian,7312009,7312016,13.898617740648264,1.4185217331075932,11.853818438099001,1.2098252782057342
itq_fit,250,gaussian,7312009,7312017,13.746250029074025,1.4029707686645747,11.869381824302371,1.2114137096585729
itq_fit,250,gaussian,7312009,7312018,13.855212616340365,1.4140917161585753,11.849858817706542,1.2094211511417072
itq_fit,250,gaussian,7312009,7312019,13.776518763671225,1.4060600584530274,11.825535250446205,1.2069386374537034
itq_fit,250,gaussian,7312009,7312020,13.82145874299124,1.410646725885747,11.841777345050309,1.208596339292623
itq_fit,250,gaussian,7312010,7312011,13.940038413061009,1.422749212783185,11.80550013026223,1.2048938115626169
itq_fit,250,gaussian,7312010,7312012,13.818769363983723,1.4103722422901896,11.845801485149359,1.209007051371629
itq_fit,250,gaussian,7312010,7312013,13.938682458309723,1.422610821230895,11.870762071300302,1.2115545805279035
itq_fit,250,gaussian,7312010,7312014,13.788598419873932,1.407292933201564,11.816101679588007,1.205975827659746
itq_fit,250,gaussian,7312010,7312015,14.001092221496828,1.4289804910132426,11.843699019662434,1.2087924693864298
itq_fit,250,gaussian,7312010,7312016,13.918373461441009,1.420538042917723,11.77809240131133,1.2020965219401916
itq_fit,250,gaussian,7312010,7312017,13.873306105916066,1.4159383752055268,11.834041872079288,1.2078068408885356
itq_fit,250,gaussian,7312010,7312018,13.848444060014385,1.413400903271328,11.853319491188744,1.209774354649948
itq_fit,250,gaussian,7312010,7312019,13.903331315177692,1.4190028102934964,11.845614381133874,1.2089879551480138
itq_fit,250,gaussian,7312010,7312020,13.925970510104657,1.4213134134500993,11.871681595386773,1.211648429061989
itq_fit,250,gaussian,7312011,7312012,13.818918336452336,1.410387446729099,11.860062733868295,1.2104625839739753
itq_fit,250,gaussian,7312011,7312013,13.802274195649145,1.4086887112218136,11.83299262425355,1.2076997524807531
itq_fit,250,gaussian,7312011,7312014,13.81496329275048,1.409983786771601,11.833395293364875,1.2077408497248334
itq_fit,250,gaussian,7312011,7312015,13.936456573153245,1.42238364277842,11.848742917862696,1.2093072600908126
itq_fit,250,gaussian,7312011,7312016,13.800398696366901,1.408497293877878,11.884275506340039,1.2129337897162202
itq_fit,250,gaussian,7312011,7312017,13.877797063360333,1.4163967316303188,11.814103577510208,1.2057718972203877
itq_fit,250,gaussian,7312011,7312018,13.844586336747803,1.4130071760391616,11.812677801036106,1.2056263795183537
itq_fit,250,gaussian,7312011,7312019,13.957973958336382,1.424579751707487,11.853386833134575,1.2097812277085134
itq_fit,250,gaussian,7312011,7312020,13.735499110028103,1.4018735075842215,11.857797811586087,1.210231421311539
itq_fit,250,gaussian,7312012,7312013,13.849902918305322,1.4135497973721538,11.837652850282863,1.2081753848081636
itq_fit,250,gaussian,7312012,7312014,13.824929102903983,1.4110009180111647,11.884723789743779,1.2129795424495253
itq_fit,250,gaussian,7312012,7312015,13.78577454981307,1.4070047231703542,11.872761765206644,1.2117586734325823
itq_fit,250,gaussian,7312012,7312016,13.920670666589201,1.4207725004363716,11.844169172512784,1.208840454160783
itq_fit,250,gaussian,7312012,7312017,13.869610787000326,1.4155612232980093,11.883263204199455,1.2128304720616387
itq_fit,250,gaussian,7312012,7312018,13.917885352249947,1.4204882254820204,11.798630747390371,1.2041927081091224
itq_fit,250,gaussian,7312012,7312019,13.775055030042715,1.405910666765144,11.822390618213456,1.2066176897704142
itq_fit,250,gaussian,7312012,7312020,13.842407004583261,1.41278474888153,11.812195254690733,1.2055771298382119
itq_fit,250,gaussian,7312013,7312014,13.809681874611616,1.409444754289997,11.791819050266598,1.203497492182638
itq_fit,250,gaussian,7312013,7312015,13.932301443719563,1.4219595616564307,11.810800467323338,1.205434774948637
itq_fit,250,gaussian,7312013,7312016,13.842049882319717,1.4127483002431354,11.837700219909706,1.2081802194504583
itq_fit,250,gaussian,7312013,7312017,13.85394186190871,1.4139620203274947,11.835770301468516,1.2079832479743706
itq_fit,250,gaussian,7312013,7312018,13.791940509818774,1.4076340338282036,11.808191058789497,1.2051684533053713
itq_fit,250,gaussian,7312013,7312019,13.993695010614266,1.428225516338991,11.857009356181825,1.210150949918815
itq_fit,250,gaussian,7312013,7312020,13.886784118783604,1.4173139691335324,11.82932514806325,1.2073254422595012
itq_fit,250,gaussian,7312014,7312015,13.712717243744454,1.3995483430932523,11.874460935714795,1.2119320942963723
itq_fit,250,gaussian,7312014,7312016,13.825041142706162,1.4110123530255907,11.876715773193785,1.21216222768289
itq_fit,250,gaussian,7312014,7312017,13.835075788739431,1.4120365097977137,11.812087534940837,1.2055661357372758
itq_fit,250,gaussian,7312014,7312018,13.809262748775014,1.4094019774384265,11.825761837558352,1.2069617634039973
itq_fit,250,gaussian,7312014,7312019,13.859818268309049,1.414561778544247,11.839304610604318,1.2083439668900362
itq_fit,250,gaussian,7312014,7312020,13.741649351211434,1.40250121394648,11.798018489024429,1.204130219751318
itq_fit,250,gaussian,7312015,7312016,13.841670971120799,1.4127096277808362,11.808767586721624,1.2052272949410452
itq_fit,250,gaussian,7312015,7312017,13.97713344774122,1.4265352089064083,11.840501040607922,1.2084660770159439
itq_fit,250,gaussian,7312015,7312018,13.887707649975003,1.417408226641052,11.862460912146275,1.2107073470195286
itq_fit,250,gaussian,7312015,7312019,13.847851446663455,1.4133404199244721,11.838661982445242,1.2082783789281994
itq_fit,250,gaussian,7312015,7312020,13.847688270413036,1.4133237658181526,11.83106368386459,1.2075028808267032
itq_fit,250,gaussian,7312016,7312017,13.713815088024605,1.399660391355894,11.862081328744118,1.2106686059507739
itq_fit,250,gaussian,7312016,7312018,13.802909755193399,1.4087535777461708,11.789799261460896,1.2032913483508816
itq_fit,250,gaussian,7312016,7312019,13.943936323615054,1.4231470416132024,11.876830069844278,1.2121738930359325
itq_fit,250,gaussian,7312016,7312020,13.800081034101098,1.4084648726086382,11.874471771179023,1.211933200186309
itq_fit,250,gaussian,7312017,7312018,13.766617152100238,1.4050494794538544,11.860407582069532,1.2104977798961316
itq_fit,250,gaussian,7312017,7312019,13.871589304104976,1.415763154854416,11.835396699996735,1.2079451174338285
itq_fit,250,gaussian,7312017,7312020,13.818410336505998,1.410335599201687,11.861599207145547,1.2106193996211707
itq_fit,250,gaussian,7312018,7312019,13.876459612565686,1.416260228630195,11.831799949916832,1.2075780256659918
itq_fit,250,gaussian,7312018,7312020,13.95255697436706,1.4240268830962504,11.771223907378582,1.201395509213665
itq_fit,250,gaussian,7312019,7312020,13.802025376908018,1.4086633162653883,11.858734243581447,1.2103269955018494
itq_fit,250,heterogeneous,7312001,7312002,13.797409902979435,1.4081922514301322,11.815368501815357,1.2059009980166735
itq_fit,250,heterogeneous,7312001,7312003,13.909576186682493,1.4196401748224967,11.845018038900331,1.20892709122367
itq_fit,250,heterogeneous,7312001,7312004,13.919774455456555,1.4206810312706721,11.870383413446426,1.2115159339225248
itq_fit,250,heterogeneous,7312001,7312005,13.824677599486996,1.4109752490511571,11.852118717469452,1.2096518011954143
itq_fit,250,heterogeneous,7312001,7312006,13.811863490419192,1.40966741452097,11.847721505015613,1.2092030125786426
itq_fit,250,heterogeneous,7312001,7312007,13.991817276419585,1.42803387089526,11.849353046414281,1.2093695310753494
itq_fit,250,heterogeneous,7312001,7312008,13.91837343339042,1.4205380400548218,11.873897778303009,1.2118746172837163
itq_fit,250,heterogeneous,7312001,7312009,13.823110202403662,1.4108152772562197,11.850824743910616,1.2095197355720892
itq_fit,250,heterogeneous,7312001,7312010,13.729288093257393,1.4012395983395503,11.818396613612286,1.206210053382781
itq_fit,250,heterogeneous,7312001,7312011,13.731466183861754,1.4014618987809766,11.809343275834646,1.2052860509651027
itq_fit,250,heterogeneous,7312001,7312012,13.85652882041305,1.4142260506742192,11.919588647919783,1.21653792213643
itq_fit,250,heterogeneous,7312001,7312013,13.806011796041034,1.40907017846442,11.860937010209508,1.2105518144293987
itq_fit,250,heterogeneous,7312001,7312014,13.772357014891094,1.4056353017468204,11.842180492243154,1.208637485330694
itq_fit,250,heterogeneous,7312001,7312015,13.732238092299546,1.4015406813560074,11.86558110889911,1.2110258007670927
itq_fit,250,heterogeneous,7312001,7312016,13.788557745157696,1.407288781855722,11.77415650039606,1.2016948157351681
itq_fit,250,heterogeneous,7312001,7312017,13.867142192367272,1.4153092734133113,11.820783374085883,1.2064536511035542
itq_fit,250,heterogeneous,7312001,7312018,13.831710799344314,1.4116930720057173,11.826208346630965,1.20700733504539
itq_fit,250,heterogeneous,7312001,7312019,13.94254566378637,1.423005107988783,11.820367888788347,1.2064112458129461
itq_fit,250,heterogeneous,7312001,7312020,13.79822041455833,1.4082749739217535,11.868742958257478,1.211348505665907
itq_fit,250,heterogeneous,7312002,7312003,13.922651343405336,1.4209746524174087,11.853823439056978,1.2098257886138704
itq_fit,250,heterogeneous,7312002,7312004,13.739086411156595,1.4022396349724928,11.869314360907818,1.2114068242046991
itq_fit,250,heterogeneous,7312002,7312005,13.791115874507112,1.407549869839143,11.81671290085073,1.2060382101686467
itq_fit,250,heterogeneous,7312002,7312006,13.720107969306047,1.4003026558622045,11.85974008814414,1.2104296540826474
itq_fit,250,heterogeneous,7312002,7312007,13.863248658344611,1.4149118912611576,11.8606712102906,1.2105246863387737
itq_fit,250,heterogeneous,7312002,7312008,13.717549073563,1.4000414896590607,11.832291279565457,1.2076281717882682
itq_fit,250,heterogeneous,7312002,7312009,13.732075631959676,1.4015241003170025,11.841331059141607,1.2085507904278014
itq_fit,250,heterogeneous,7312002,7312010,13.944099509280502,1.423163696680439,11.80073765724121,1.2044077436953142
itq_fit,250,heterogeneous,7312002,7312011,13.864566544250689,1.4150463974282033,11.8467278992773,1.2091016031176272
itq_fit,250,heterogeneous,7312002,7312012,13.915100964320189,1.4202040450789424,11.846380108171884,1.2090661068365711
itq_fit,250,heterogeneous,7312002,7312013,13.857986569109363,1.414374831527518,11.868144035100904,1.2112873783272093
itq_fit,250,heterogeneous,7312002,7312014,13.801251466592047,1.4085843293745215,11.826371301342165,1.2070239665409577
itq_fit,250,heterogeneous,7312002,7312015,13.964284069665709,1.4252237747481955,11.878444309858088,1.2123386457174414
itq_fit,250,heterogeneous,7312002,7312016,13.82727364702179,1.4112402070431678,11.831053405999606,1.207501831846501
itq_fit,250,heterogeneous,7312002,7312017,13.838504679877474,1.4123864695340367,11.800724221176857,1.2044063723827385
itq_fit,250,heterogeneous,7312002,7312018,13.907596302022524,1.4194381036905597,11.838230905828558,1.2082343823552444
itq_fit,250,heterogeneous,7312002,7312019,14.014583902996582,1.4303574799901821,11.803020164322755,1.2046407010988172
itq_fit,250,heterogeneous,7312002,7312020,13.921796678490466,1.420887423544805,11.835079853926949,1.2079127794672457
itq_fit,250,heterogeneous,7312003,7312004,13.818666320902635,1.4103617254997651,11.847684555715094,1.20919924145645
itq_fit,250,heterogeneous,7312003,7312005,13.807832873428817,1.409256041397011,11.855639687432278,1.210011158687439
itq_fit,250,heterogeneous,7312003,7312006,13.829854719151557,1.411503636614303,11.859574413636441,1.210412744999012
itq_fit,250,heterogeneous,7312003,7312007,13.60164166839233,1.3882117396558038,11.782121899310749,1.2025077808576141
itq_fit,250,heterogeneous,7312003,7312008,13.9118949529406,1.4198768329127112,11.87297491985896,1.2117804284381855
itq_fit,250,heterogeneous,7312003,7312009,13.760655943547826,1.4044410661536992,11.840031138492563,1.2084181178321238
itq_fit,250,heterogeneous,7312003,7312010,13.780968364167066,1.406514193901946,11.859103972993063,1.210364730851906
itq_fit,250,heterogeneous,7312003,7312011,13.881664584263351,1.4167914588295663,11.82829825524872,1.207220635450496
itq_fit,250,heterogeneous,7312003,7312012,13.900297795204235,1.4186932029576835,11.868199285762051,1.2112930173241994
itq_fit,250,heterogeneous,7312003,7312013,13.826467067934411,1.411157885909781,11.853966466290313,1.2098403862697449
itq_fit,250,heterogeneous,7312003,7312014,13.925383497157396,1.4212535016920493,11.851501073164789,1.2095887631375408
itq_fit,250,heterogeneous,7312003,7312015,13.883513417210047,1.4169801545520269,11.823428627454946,1.2067236311449951
itq_fit,250,heterogeneous,7312003,7312016,13.92374120981341,1.4210858864418914,11.835893116551278,1.2079957827362657
itq_fit,250,heterogeneous,7312003,7312017,13.952119749518122,1.4239822590219686,11.87598601938654,1.2120877474968232
itq_fit,250,heterogeneous,7312003,7312018,13.921606204155577,1.420867983339406,11.827773571148828,1.2071670851037923
itq_fit,250,heterogeneous,7312003,7312019,13.974804929657076,1.4262975555246167,11.816853465833391,1.2060525565221143
itq_fit,250,heterogeneous,7312003,7312020,13.850364315050054,1.4135968884802195,11.85049199691958,1.2094857747245273
itq_fit,250,heterogeneous,7312004,7312005,13.885316126885918,1.417164142837871,11.81376998555278,1.2057378501338045
itq_fit,250,heterogeneous,7312004,7312006,14.04536907003514,1.4334994779439658,11.825894825833592,1.2069753364630018
itq_fit,250,heterogeneous,7312004,7312007,13.827028592474411,1.4112151962681583,11.847502206539714,1.2091806305216708
itq_fit,250,heterogeneous,7312004,7312008,13.885670786085262,1.4172003400908284,11.837291518606092,1.2081385065483305
itq_fit,250,heterogeneous,7312004,7312009,13.735674348943306,1.4018913928311099,11.790897561051477,1.2034034430834495
itq_fit,250,heterogeneous,7312004,7312010,13.786614569701312,1.4070904573411869,11.887765321064947,1.21328996744009
itq_fit,250,heterogeneous,7312004,7312011,13.900219552133482,1.4186852173077145,11.859456825640898,1.2104007437244722
itq_fit,250,heterogeneous,7312004,7312012,13.706632856197219,1.3989273578895827,11.854199937982477,1.2098642148745444
itq_fit,250,heterogeneous,7312004,7312013,13.79552346800481,1.4079997179667667,11.793331487581254,1.2036518546696735
itq_fit,250,heterogeneous,7312004,7312014,13.70383040833416,1.3986413342522808,11.830017632924367,1.2073961186996822
itq_fit,250,heterogeneous,7312004,7312015,13.763220484496063,1.4047028085181847,11.793239976122027,1.2036425148204768
itq_fit,250,heterogeneous,7312004,7312016,13.814319744911904,1.4099181049453684,11.848885493536962,1.2093218116596327
itq_fit,250,heterogeneous,7312004,7312017,13.860070158827602,1.414587487012643,11.803663157169957,1.2047063262814799
itq_fit,250,heterogeneous,7312004,7312018,13.999983378398825,1.4288673201884545,11.842771184994882,1.2086977726572146
itq_fit,250,heterogeneous,7312004,7312019,13.81770643829925,1.4102637578917958,11.84764524122881,1.209195228938496
itq_fit,250,heterogeneous,7312004,7312020,13.92041802508557,1.4207467153208821,11.86632917258923,1.211102149697755
itq_fit,250,heterogeneous,7312005,7312006,13.867941821357478,1.4153908852053754,11.869766503992894,1.2114529708650807
itq_fit,250,heterogeneous,7312005,7312007,14.030767949950263,1.432009257365589,11.864239683585753,1.2108888921193517
itq_fit,250,heterogeneous,7312005,7312008,13.96276472522261,1.4250687073053154,11.794585139374183,1.2037798049699986
itq_fit,250,heterogeneous,7312005,7312009,13.897983498707717,1.418457001060601,11.81274900523162,1.2056336467661268
itq_fit,250,heterogeneous,7312005,7312010,13.958742152890004,1.4246581552358017,11.844808271614388,1.2089056819396997
itq_fit,250,heterogeneous,7312005,7312011,13.790818461722896,1.4075195152739635,11.831271865438344,1.207524128269601
itq_fit,250,heterogeneous,7312005,7312012,13.862511678727536,1.4148366735939633,11.825858922486026,1.2069716720929353
itq_fit,250,heterogeneous,7312005,7312013,13.894793758273263,1.4181314495407535,11.84301852767313,1.208723016963603
itq_fit,250,heterogeneous,7312005,7312014,13.88188808676781,1.4168142699584063,11.775056544044947,1.2017866760554183
itq_fit,250,heterogeneous,7312005,7312015,13.803667605721394,1.4088309255417912,11.827315708992556,1.2071203547431508
itq_fit,250,heterogeneous,7312005,7312016,13.832165015527012,1.4117394302507391,11.799241511335298,1.2042550439432207
itq_fit,250,heterogeneous,7312005,7312017,13.853728721805044,1.413940266806757,11.843599470446176,1.2087823091870913
itq_fit,250,heterogeneous,7312005,7312018,13.893056289339402,1.4179541198602579,11.857925921116328,1.2102444964357173
itq_fit,250,heterogeneous,7312005,7312019,13.849360006141127,1.4134943866314278,11.842564540043602,1.2086766820451913
itq_fit,250,heterogeneous,7312005,7312020,13.67292706692907,1.3954872751777185,11.816292367667964,1.2059952896804098
itq_fit,250,heterogeneous,7312006,7312007,13.760154656156804,1.4043899037235952,11.846464530651959,1.209074723169863
itq_fit,250,heterogeneous,7312006,7312008,13.848016459601165,1.4133572614869032,11.841404047513386,1.208558239772302
itq_fit,250,heterogeneous,7312006,7312009,13.875540023880669,1.416166373503048,11.902067957885333,1.2147497241978522
itq_fit,250,heterogeneous,7312006,7312010,13.878909209978618,1.4165102396192337,11.829773757640618,1.2073712282827629
itq_fit,250,heterogeneous,7312006,7312011,13.69447700903383,1.3976867069336845,11.797832593788584,1.2041112468982582
itq_fit,250,heterogeneous,7312006,7312012,13.80294510503559,1.4087571856243315,11.765966311804291,1.2008589081123764
itq_fit,250,heterogeneous,7312006,7312013,13.77105788478991,1.4055027098360957,11.837854807914825,1.2081959970226623
itq_fit,250,heterogeneous,7312006,7312014,13.928537112672236,1.421575366227728,11.844152269710731,1.2088387290257723
itq_fit,250,heterogeneous,7312006,7312015,13.83943312470859,1.41248122853781,11.826995353673334,1.2070876586152974
itq_fit,250,heterogeneous,7312006,7312016,13.935069152444918,1.4222420397453377,11.840718270571497,1.2084882479562606
itq_fit,250,heterogeneous,7312006,7312017,13.740425762994676,1.4023763319970493,11.84541564798129,1.2089676720305635
itq_fit,250,heterogeneous,7312006,7312018,13.900408043388392,1.4187044551158607,11.819733333482967,1.2063464817832896
itq_fit,250,heterogeneous,7312006,7312019,13.704625496318268,1.398722482579851,11.80500309244453,1.2048430828527739
itq_fit,250,heterogeneous,7312006,7312020,13.868712660776485,1.4154695586741333,11.834969187740692,1.2079014846469078
itq_fit,250,heterogeneous,7312007,7312008,13.910638001392591,1.4197485458325436,11.864436412582043,1.2109089706884568
itq_fit,250,heterogeneous,7312007,7312009,13.840246162635907,1.4125642088737875,11.835648698238138,1.2079708368966415
itq_fit,250,heterogeneous,7312007,7312010,13.796019261685258,1.4080503196973833,11.895351218754374,1.2140641998809258
itq_fit,250,heterogeneous,7312007,7312011,13.756771315104288,1.4040445929234087,11.859263074787421,1.2103809691107952
itq_fit,250,heterogeneous,7312007,7312012,13.914381655695449,1.4201306309498507,11.829162661385539,1.2073088585324017
itq_fit,250,heterogeneous,7312007,7312013,13.940335312756382,1.4227795149814537,11.860090939110625,1.2104654626594662
itq_fit,250,heterogeneous,7312007,7312014,13.788338255391068,1.4072663802752219,11.836249512653762,1.2080321572611576
itq_fit,250,heterogeneous,7312007,7312015,13.981041031793497,1.4269340250337048,11.873141014130194,1.2117973803637572
itq_fit,250,heterogeneous,7312007,7312016,13.824875802048972,1.4109954780154301,11.830268302734005,1.207421702579996
itq_fit,250,heterogeneous,7312007,7312017,13.9080750393172,1.419486964611093,11.864641252468864,1.2109298770718602
itq_fit,250,heterogeneous,7312007,7312018,13.765076912544002,1.4048922794124197,11.872934580990822,1.2117763113696964
itq_fit,250,heterogeneous,7312007,7312019,13.803416636387581,1.4088053110914192,11.827338705184804,1.207122701782194
itq_fit,250,heterogeneous,7312007,7312020,13.687349634359704,1.3969592723021325,11.736517883697003,1.1978533405044642
itq_fit,250,heterogeneous,7312008,7312009,13.771737208699122,1.4055720430422474,11.84225982232303,1.2086455819230668
itq_fit,250,heterogeneous,7312008,7312010,13.866507625679557,1.4152445082219498,11.872310218646795,1.2117125876548016
itq_fit,250,heterogeneous,7312008,7312011,13.824243582086336,1.4109309523356943,11.86857273883897,1.2113311327192546
itq_fit,250,heterogeneous,7312008,7312012,13.83641299380233,1.4121729877179456,11.853045090334389,1.2097463487300248
itq_fit,250,heterogeneous,7312008,7312013,13.926857106076946,1.421403901272604,11.820877649316262,1.206463273028963
itq_fit,250,heterogeneous,7312008,7312014,13.850375866842167,1.413598067480065,11.824732661114362,1.206856723523036
itq_fit,250,heterogeneous,7312008,7312015,13.80766596091204,1.4092390059596034,11.77042165815629,1.2013136299952833
itq_fit,250,heterogeneous,7312008,7312016,13.835995084511145,1.4121303350295218,11.87008450509186,1.2114854267163355
itq_fit,250,heterogeneous,7312008,7312017,13.991037232530699,1.4279542579992288,11.832728439973256,1.2076727892855537
itq_fit,250,heterogeneous,7312008,7312018,13.885021476349136,1.4171340701933897,11.821013180928022,1.2064771056661643
itq_fit,250,heterogeneous,7312008,7312019,13.833400277331412,1.4118655036307195,11.85036903845992,1.2094732253292888
itq_fit,250,heterogeneous,7312008,7312020,13.941592220090161,1.4229077975490254,11.858926947460166,1.2103466632591127
itq_fit,250,heterogeneous,7312009,7312010,13.734979484463937,1.4018204735221582,11.866447631834435,1.211114239893841
itq_fit,250,heterogeneous,7312009,7312011,13.869813365920209,1.415581898922441,11.867587434429117,1.2112305705090274
itq_fit,250,heterogeneous,7312009,7312012,13.829615168394248,1.4114791875675154,11.828573070932714,1.207248683708792
itq_fit,250,heterogeneous,7312009,7312013,13.965442065931267,1.42534196224714,11.819247642766546,1.2062969111821213
itq_fit,250,heterogeneous,7312009,7312014,13.805846355909107,1.4090532933016617,11.851390752007228,1.2095775035315468
itq_fit,250,heterogeneous,7312009,7312015,13.75565086904818,1.4039302378766678,11.789869052563015,1.2032984713754138
itq_fit,250,heterogeneous,7312009,7312016,13.73719099661982,1.4020461850364032,11.839571933266715,1.2083712503950177
itq_fit,250,heterogeneous,7312009,7312017,13.902322174954838,1.4188998153507917,11.822375039349893,1.2066160997593098
itq_fit,250,heterogeneous,7312009,7312018,13.858704555902598,1.4144481107477465,11.84961636885782,1.2093964063097034
itq_fit,250,heterogeneous,7312009,7312019,13.849166462161035,1.4134746331316772,11.822303849329241,1.2066088339582526
itq_fit,250,heterogeneous,7312009,7312020,13.80590098391351,1.4090588687490138,11.822195431555919,1.2065977686155989
itq_fit,250,heterogeneous,7312010,7312011,13.866320972981773,1.4152254580607548,11.817353162479318,1.2061035565974767
itq_fit,250,heterogeneous,7312010,7312012,13.785254084122606,1.40695160336326,11.832581221003048,1.207657763812326
itq_fit,250,heterogeneous,7312010,7312013,13.834307393715376,1.4119580858089706,11.816155432148072,1.205981313757435
itq_fit,250,heterogeneous,7312010,7312014,13.831015415853129,1.411622099725344,11.82583983261752,1.2069697237413897
itq_fit,250,heterogeneous,7312010,7312015,13.909532636844915,1.4196357300358116,11.861707379667864,1.2106304399329986
itq_fit,250,heterogeneous,7312010,7312016,13.773128440626847,1.4057140350562805,11.853188719545937,1.2097610078250436
itq_fit,250,heterogeneous,7312010,7312017,13.902897639485879,1.4189585484535467,11.905456383345772,1.2150955539232493
itq_fit,250,heterogeneous,7312010,7312018,13.74925749021838,1.4032777163822794,11.82702419768788,1.2070906024952046
itq_fit,250,heterogeneous,7312010,7312019,13.876021708145712,1.416215535197485,11.810963920771222,1.2054514573463042
itq_fit,250,heterogeneous,7312010,7312020,13.846316852663291,1.4131837960801914,11.787659643662755,1.2030729745237971
itq_fit,250,heterogeneous,7312011,7312012,13.806970425629258,1.409168018187065,11.81318775033464,1.2056784260006912
itq_fit,250,heterogeneous,7312011,7312013,13.695365408260042,1.397777378800022,11.874574475362515,1.2119436823881424
itq_fit,250,heterogeneous,7312011,7312014,13.896853879246805,1.418341709757153,11.83677720072149,1.2080860141990448
itq_fit,250,heterogeneous,7312011,7312015,13.829497468219005,1.4114671748436827,11.870210828268304,1.2114983195215427
itq_fit,250,heterogeneous,7312011,7312016,13.71833478925425,1.4001216814309967,11.816053342021808,1.2059708942275547
itq_fit,250,heterogeneous,7312011,7312017,13.907720577712334,1.4194507875250375,11.819003170954538,1.2062719598822917
itq_fit,250,heterogeneous,7312011,7312018,13.950589659455199,1.4238260948588577,11.82011469042026,1.2063854038627162
itq_fit,250,heterogeneous,7312011,7312019,13.883576284586526,1.4169865709267702,11.835691316441817,1.2079751865988402
itq_fit,250,heterogeneous,7312011,7312020,13.71051813575153,1.3993238975735882,11.84852380786336,1.2092848972701495
itq_fit,250,heterogeneous,7312012,7312013,13.889603453812105,1.41760171630994,11.847676298484545,1.2091983987063861
itq_fit,250,heterogeneous,7312012,7312014,13.972767945430645,1.4260896566925811,11.808506325723181,1.2052006301020504
itq_fit,250,heterogeneous,7312012,7312015,13.762424520187041,1.4046215707510776,11.84828695983952,1.2092607240699413
itq_fit,250,heterogeneous,7312012,7312016,13.832340989090515,1.4117573904773557,11.818499873609479,1.2062205923121128
itq_fit,250,heterogeneous,7312012,7312017,13.890183602161015,1.4176609274528544,11.832347042363494,1.2076338630550107
itq_fit,250,heterogeneous,7312012,7312018,13.798519078026567,1.4083054561343364,11.836707804907627,1.208078931518451
itq_fit,250,heterogeneous,7312012,7312019,13.917505930148655,1.420449500875966,11.82548770257967,1.2069337846198964
itq_fit,250,heterogeneous,7312012,7312020,13.888470532366036,1.417486087999043,11.814648442262193,1.2058275072462707
itq_fit,250,heterogeneous,7312013,7312014,13.868946834285092,1.4154934589077734,11.83047531736763,1.2074428309225658
itq_fit,250,heterogeneous,7312013,7312015,13.852929705105387,1.4138587175063353,11.878097856649305,1.2123032859848886
itq_fit,250,heterogeneous,7312013,7312016,13.845906966888501,1.4131419622884804,11.843968981632774,1.2088200222646501
itq_fit,250,heterogeneous,7312013,7312017,13.791966303116503,1.4076366663456295,11.84057792477417,1.2084739239733024
itq_fit,250,heterogeneous,7312013,7312018,13.725759925935138,1.400879506270105,11.858797705536091,1.2103334725604726
itq_fit,250,heterogeneous,7312013,7312019,13.83344825419468,1.4118704002488223,11.843229669272407,1.2087445665128407
itq_fit,250,heterogeneous,7312013,7312020,13.828349271865449,1.4113499875440687,11.819875736961471,1.2063610157774536
itq_fit,250,heterogeneous,7312014,7312015,13.805594173652068,1.4090275550578313,11.768740424073641,1.2011420397602557
itq_fit,250,heterogeneous,7312014,7312016,13.860115636246158,1.414592128532238,11.822420656267415,1.2066207555164585
itq_fit,250,heterogeneous,7312014,7312017,13.780150519119973,1.406430722941361,11.861576632139265,1.2106170955692404
itq_fit,250,heterogeneous,7312014,7312018,13.862515711280746,1.4148370851647019,11.83712605517986,1.2081216190081072
itq_fit,250,heterogeneous,7312014,7312019,13.821612651156103,1.4106624340720453,11.831791257954498,1.2075771385463008
itq_fit,250,heterogeneous,7312014,7312020,13.87407143052553,1.4160164858213926,11.847584878673942,1.2091890682110378
itq_fit,250,heterogeneous,7312015,7312016,13.981836847844763,1.427015247669318,11.783435524768175,1.20264185219444
itq_fit,250,heterogeneous,7312015,7312017,13.93493596213206,1.422228446065955,11.835252100149043,1.207930359273673
itq_fit,250,heterogeneous,7312015,7312018,13.84434044721843,1.4129820800441593,11.84655588338186,1.209084046818816
itq_fit,250,heterogeneous,7312015,7312019,13.887401882642962,1.4173770193934057,11.883221214231728,1.2128261864785035
itq_fit,250,heterogeneous,7312015,7312020,13.702576052822929,1.3985133121290072,11.852399617107825,1.2096804703947035
itq_fit,250,heterogeneous,7312016,7312017,13.745893838617437,1.4029344151283292,11.82230980683443,1.2066094419935798
itq_fit,250,heterogeneous,7312016,7312018,13.791982922815603,1.4076383625865658,11.848191568819601,1.2092509882647395
itq_fit,250,heterogeneous,7312016,7312019,13.893286101228764,1.417977574937998,11.80847685527017,1.205197622286535
itq_fit,250,heterogeneous,7312016,7312020,13.83971746863074,1.4125102492678405,11.815424616343316,1.2059067251817008
itq_fit,250,heterogeneous,7312017,7312018,13.856689524724636,1.414242452489338,11.837062730670844,1.2081151559774697
itq_fit,250,heterogeneous,7312017,7312019,13.787733744473064,1.4072046826380114,11.827842430249472,1.2071741130063225
itq_fit,250,heterogeneous,7312017,7312020,13.848137727519687,1.4133696383420093,11.814245762444857,1.2057864089095127
itq_fit,250,heterogeneous,7312018,7312019,13.863669608109046,1.414954854266583,11.846143884425057,1.2090419973513689
itq_fit,250,heterogeneous,7312018,7312020,13.796861125708439,1.4081362420844499,11.880021831797615,1.2124996508761867
itq_fit,250,heterogeneous,7312019,7312020,13.762586722274296,1.4046381254322855,11.83435718262636,1.2078390221364874
itq_fit,250,rotated_heterogeneous,7312001,7312002,13.800402148376584,1.4084976461971408,11.78842299413238,1.2031508836548597
itq_fit,250,rotated_heterogeneous,7312001,7312003,13.83898612298451,1.4124356066153876,11.766829310457783,1.2009469875436167
itq_fit,250,rotated_heterogeneous,7312001,7312004,13.833142331028718,1.411839177096443,11.864323613550312,1.2108974581854892
itq_fit,250,rotated_heterogeneous,7312001,7312005,13.894734300194996,1.418125381126052,11.827868115503252,1.207176734496559
itq_fit,250,rotated_heterogeneous,7312001,7312006,13.791046299332654,1.4075427688526352,11.86600364166511,1.2110689253369387
itq_fit,250,rotated_heterogeneous,7312001,7312007,13.877754730177125,1.4163924110179,11.79717503140327,1.2040441347183388
itq_fit,250,rotated_heterogeneous,7312001,7312008,13.876178882801955,1.416231576768664,11.825618181396807,1.206947101558406
itq_fit,250,rotated_heterogeneous,7312001,7312009,13.657456836409217,1.3939083513870156,11.811863305982076,1.205543250465004
itq_fit,250,rotated_heterogeneous,7312001,7312010,13.930195452148778,1.4217446197918047,11.820450923153343,1.2064197204723361
itq_fit,250,rotated_heterogeneous,7312001,7312011,13.820998208518969,1.4105997227829956,11.809373527650799,1.2052891385281597
itq_fit,250,rotated_heterogeneous,7312001,7312012,13.69230655528534,1.3974651859255964,11.75565878014439,1.1998069000676124
itq_fit,250,rotated_heterogeneous,7312001,7312013,13.879165072609137,1.4165363534896094,11.843318438247497,1.2087536264584222
itq_fit,250,rotated_heterogeneous,7312001,7312014,13.884324678513048,1.4170629535620443,11.85966443270991,1.2104219325322252
itq_fit,250,rotated_heterogeneous,7312001,7312015,13.843911187545002,1.4129382689121988,11.837500083918963,1.208159793156438
itq_fit,250,rotated_heterogeneous,7312001,7312016,13.804532187561337,1.4089191665563219,11.819814015163658,1.2063547163228432
itq_fit,250,rotated_heterogeneous,7312001,7312017,13.845133349896244,1.4130630053348399,11.843770159960732,1.2087997301127207
itq_fit,250,rotated_heterogeneous,7312001,7312018,13.834074360813968,1.4119343019880655,11.864328688167415,1.2108979761114285
itq_fit,250,rotated_heterogeneous,7312001,7312019,13.75872534097342,1.4042440248535575,11.816794738810549,1.2060465627204444
itq_fit,250,rotated_heterogeneous,7312001,7312020,13.890329790057343,1.417675847692545,11.768277808084669,1.201094824213596
itq_fit,250,rotated_heterogeneous,7312002,7312003,13.751886371351738,1.403546025439411,11.833415397872317,1.2077429016325318
itq_fit,250,rotated_heterogeneous,7312002,7312004,13.917821055092356,1.4204816631808532,11.905115596360103,1.2150607724971714
itq_fit,250,rotated_heterogeneous,7312002,7312005,13.73659446139832,1.4019853014153085,11.836876828489197,1.208096182415507
itq_fit,250,rotated_heterogeneous,7312002,7312006,13.84328560831619,1.4128744209995208,11.85325883644255,1.2097681641008373
itq_fit,250,rotated_heterogeneous,7312002,7312007,13.829591551669257,1.4114767771956143,11.880011403490974,1.2124985865415971
itq_fit,250,rotated_heterogeneous,7312002,7312008,13.690171131103787,1.3972472401077127,11.852600060489543,1.209700928061684
itq_fit,250,rotated_heterogeneous,7312002,7312009,13.881090067761594,1.416732822484645,11.816885124697809,1.2060557876914333
itq_fit,250,rotated_heterogeneous,7312002,7312010,13.910843742082411,1.4197695441537679,11.873688536045105,1.2118532615851958
itq_fit,250,rotated_heterogeneous,7312002,7312011,13.920894129438434,1.420795307517917,11.81546162554441,1.2059105024174706
itq_fit,250,rotated_heterogeneous,7312002,7312012,13.82912556571712,1.4114292177035295,11.818769577060504,1.206248118805316
itq_fit,250,rotated_heterogeneous,7312002,7312013,13.779671154452418,1.4063817979898514,11.830145237778954,1.2074091423156172
itq_fit,250,rotated_heterogeneous,7312002,7312014,13.72892970816493,1.4012030208142188,11.84531365812301,1.2089572627342415
itq_fit,250,rotated_heterogeneous,7312002,7312015,13.842703671619356,1.4128150273341107,11.844610783802871,1.2088855259243398
itq_fit,250,rotated_heterogeneous,7312002,7312016,13.715074492860545,1.3997889288237126,11.84944352729636,1.2093787657417066
itq_fit,250,rotated_heterogeneous,7312002,7312017,13.916648488790518,1.420361988633808,11.894357068560144,1.213962734851611
itq_fit,250,rotated_heterogeneous,7312002,7312018,13.773412105977163,1.4057429865298632,11.832184248269419,1.2076172479523597
itq_fit,250,rotated_heterogeneous,7312002,7312019,13.926514300241525,1.4213689137985361,11.841069345467625,1.208524079387803
itq_fit,250,rotated_heterogeneous,7312002,7312020,13.82096127289805,1.4105959530569714,11.811231848667662,1.2054788026227263
itq_fit,250,rotated_heterogeneous,7312003,7312004,13.832401343530872,1.4117635503766301,11.88676154014097,1.2131875194785366
itq_fit,250,rotated_heterogeneous,7312003,7312005,13.897876222920209,1.4184460522713864,11.838046219712318,1.2082155329074376
itq_fit,250,rotated_heterogeneous,7312003,7312006,13.857537234720896,1.4143289715285334,11.901891410360417,1.214731705391544
itq_fit,250,rotated_heterogeneous,7312003,7312007,13.798463565674968,1.4082997904286765,11.81424837231369,1.2057866752781352
itq_fit,250,rotated_heterogeneous,7312003,7312008,13.920273813606581,1.4207319967984415,11.80034114713627,1.2043672750521908
itq_fit,250,rotated_heterogeneous,7312003,7312009,13.773427816191658,1.4057445899469156,11.839975332854138,1.2084124221930024
itq_fit,250,rotated_heterogeneous,7312003,7312010,13.88294522457183,1.4169221636337253,11.819048012303995,1.206276536483356
itq_fit,250,rotated_heterogeneous,7312003,7312011,13.895426222279761,1.4181960001281118,11.846547553106735,1.209083196613671
itq_fit,250,rotated_heterogeneous,7312003,7312012,13.91072140983792,1.4197570586713475,11.86137530784049,1.2105965479940393
itq_fit,250,rotated_heterogeneous,7312003,7312013,13.802976424366772,1.408760382140185,11.834378961262326,1.207841244909213
itq_fit,250,rotated_heterogeneous,7312003,7312014,13.808908044911243,1.409365775626925,11.836095918835,1.2080164811576737
itq_fit,250,rotated_heterogeneous,7312003,7312015,14.026459703471762,1.4315695488006526,11.8535240515348,1.2097952325028414
itq_fit,250,rotated_heterogeneous,7312003,7312016,13.939392191178207,1.4226832580384563,11.833439658475006,1.2077453777199252
itq_fit,250,rotated_heterogeneous,7312003,7312017,13.948182156045508,1.4235803800710345,11.84989596863018,1.2094249428419734
itq_fit,250,rotated_heterogeneous,7312003,7312018,13.795481267772814,1.4079954109236243,11.802652017333836,1.2046031272541007
itq_fit,250,rotated_heterogeneous,7312003,7312019,13.967017025503818,1.4255027058854008,11.866873048881878,1.2111576588394293
itq_fit,250,rotated_heterogeneous,7312003,7312020,13.939816211419105,1.4227265344230735,11.838167701560161,1.2082279315966138
itq_fit,250,rotated_heterogeneous,7312004,7312005,13.91568973174511,1.4202641359026185,11.827627244080176,1.207152150659886
itq_fit,250,rotated_heterogeneous,7312004,7312006,13.910104131984664,1.419694058014264,11.833847370298345,1.2077869896336453
itq_fit,250,rotated_heterogeneous,7312004,7312007,13.82702994419859,1.4112153342279297,11.843698710572452,1.2087924378400656
itq_fit,250,rotated_heterogeneous,7312004,7312008,13.833101704130872,1.4118350306310448,11.814142528995024,1.2057758726896595
itq_fit,250,rotated_heterogeneous,7312004,7312009,13.799360602056403,1.4083913438209776,11.80951764532789,1.2053038474769842
itq_fit,250,rotated_heterogeneous,7312004,7312010,13.84865376962296,1.4134223066686264,11.818016352079985,1.206171243102658
itq_fit,250,rotated_heterogeneous,7312004,7312011,13.814133417102394,1.4098990879429438,11.857933972907198,1.2102453182181818
itq_fit,250,rotated_heterogeneous,7312004,7312012,13.82596778111799,1.4111069276624673,11.82549310055322,1.206934335548265
itq_fit,250,rotated_heterogeneous,7312004,7312013,13.785975625476592,1.407025245369326,11.83996070345294,1.208410929085995
itq_fit,250,rotated_heterogeneous,7312004,7312014,13.87230861766663,1.4158365694873791,11.889291367704496,1.2134457189230312
itq_fit,250,rotated_heterogeneous,7312004,7312015,13.742851872275542,1.4026239457386473,11.839865436217595,1.2084012059145033
itq_fit,250,rotated_heterogeneous,7312004,7312016,13.832286028425587,1.411751781077981,11.820777452735294,1.2064530467582404
itq_fit,250,rotated_heterogeneous,7312004,7312017,13.93565784005656,1.4223021224231052,11.818155574134332,1.2061854523940787
itq_fit,250,rotated_heterogeneous,7312004,7312018,13.910117576529718,1.4196954301923979,11.855365264869867,1.2099831505519465
itq_fit,250,rotated_heterogeneous,7312004,7312019,13.869209881976197,1.4155203061003245,11.849965524376712,1.2094320418456268
itq_fit,250,rotated_heterogeneous,7312004,7312020,13.99377765215243,1.42823395090566,11.867697896395065,1.2112418444862172
itq_fit,250,rotated_heterogeneous,7312005,7312006,13.865805549154537,1.4151728528366714,11.866795845381242,1.2111497792901411
itq_fit,250,rotated_heterogeneous,7312005,7312007,13.906796763255832,1.4193565011068943,11.83727301867435,1.2081366184069537
itq_fit,250,rotated_heterogeneous,7312005,7312008,13.834684432403789,1.4119965671589665,11.859211519984607,1.2103757073207666
itq_fit,250,rotated_heterogeneous,7312005,7312009,13.830464326847649,1.4115658544392486,11.82278269174191,1.206657705607346
itq_fit,250,rotated_heterogeneous,7312005,7312010,13.943451679937022,1.4230975778749422,11.849995150059096,1.2094350655041735
itq_fit,250,rotated_heterogeneous,7312005,7312011,13.825618186900709,1.411071247352077,11.840657045718123,1.2084819992208298
itq_fit,250,rotated_heterogeneous,7312005,7312012,13.72003332121754,1.4002950371235745,11.836837968837337,1.208092216318897
itq_fit,250,rotated_heterogeneous,7312005,7312013,13.967631717048363,1.4255654425784565,11.811097856237543,1.2054651270775938
itq_fit,250,rotated_heterogeneous,7312005,7312014,13.800748375600298,1.4085329828651891,11.826134782952597,1.2069998269839064
itq_fit,250,rotated_heterogeneous,7312005,7312015,13.789580613323226,1.4073931779007087,11.877922346685834,1.212285373074252
itq_fit,250,rotated_heterogeneous,7312005,7312016,13.882285318298536,1.4168548122317406,11.861879293910649,1.2106479858569292
itq_fit,250,rotated_heterogeneous,7312005,7312017,13.825641844751129,1.4110736619213244,11.81590209911977,1.2059554580635041
itq_fit,250,rotated_heterogeneous,7312005,7312018,13.690815279236782,1.397312983201238,11.813929770936097,1.2057541581611997
itq_fit,250,rotated_heterogeneous,7312005,7312019,13.793746590052722,1.407818366120191,11.843058972559193,1.2087271448525012
itq_fit,250,rotated_heterogeneous,7312005,7312020,13.775342583709143,1.405940015088328,11.870125671298489,1.2114896282247056
itq_fit,250,rotated_heterogeneous,7312006,7312007,13.859672650049486,1.4145469164428652,11.867279840799105,1.211199176865625
itq_fit,250,rotated_heterogeneous,7312006,7312008,13.929291349083107,1.4216523451590637,11.822637446222368,1.2066428815485832
itq_fit,250,rotated_heterogeneous,7312006,7312009,13.775339877660475,1.4059397389033923,11.855976561084978,1.210045540710643
itq_fit,250,rotated_heterogeneous,7312006,7312010,13.768262360863186,1.4052173928700868,11.886589956876234,1.2131700073349116
itq_fit,250,rotated_heterogeneous,7312006,7312011,13.880436209745538,1.4166660883803297,11.813188693820308,1.205678522294794
itq_fit,250,rotated_heterogeneous,7312006,7312012,13.765899324346075,1.404976216465483,11.795826994648388,1.203906551293173
itq_fit,250,rotated_heterogeneous,7312006,7312013,13.77984144896728,1.4063991786009935,11.820531140081393,1.2064279075782716
itq_fit,250,rotated_heterogeneous,7312006,7312014,13.812390079296495,1.409721159273204,11.74357555240634,1.198573660800776
itq_fit,250,rotated_heterogeneous,7312006,7312015,13.800094967549784,1.4084662946852897,11.82177970411329,1.206555338611161
itq_fit,250,rotated_heterogeneous,7312006,7312016,14.015621097843558,1.430463338245971,11.872044399886928,1.2116854576412293
itq_fit,250,rotated_heterogeneous,7312006,7312017,13.861616013907494,1.4147452601860604,11.870256862390985,1.2115030178595145
itq_fit,250,rotated_heterogeneous,7312006,7312018,13.727457434430876,1.4010527575054632,11.87019262232803,1.2114964613855446
itq_fit,250,rotated_heterogeneous,7312006,7312019,13.914373406109583,1.420129788980019,11.885833381172493,1.2130927896504968
itq_fit,250,rotated_heterogeneous,7312006,7312020,13.891029845014907,1.4177472967524591,11.871808016211405,1.2116613318333729
itq_fit,250,rotated_heterogeneous,7312007,7312008,13.78898537124665,1.4073324262606652,11.875595388738196,1.2120478789232259
itq_fit,250,rotated_heterogeneous,7312007,7312009,13.799745254961099,1.4084306022936686,11.846232522623048,1.2090510439495687
itq_fit,250,rotated_heterogeneous,7312007,7312010,13.734808185603365,1.4018029904054117,11.787634097508223,1.2030703672303182
itq_fit,250,rotated_heterogeneous,7312007,7312011,13.87923526251235,1.416543517216608,11.8301368751496,1.2074082888083328
itq_fit,250,rotated_heterogeneous,7312007,7312012,13.873847781941212,1.4159936597833396,11.82229091758162,1.2066075141172878
itq_fit,250,rotated_heterogeneous,7312007,7312013,13.912100724209486,1.4198978343548985,11.856815429147046,1.210131157323709
itq_fit,250,rotated_heterogeneous,7312007,7312014,13.721244240496782,1.4004186260549845,11.796441816754843,1.203969301311648
itq_fit,250,rotated_heterogeneous,7312007,7312015,13.917550698768185,1.4204540700540635,11.816864755049103,1.206053708722868
itq_fit,250,rotated_heterogeneous,7312007,7312016,13.79419635205538,1.4078642697623662,11.793244917850878,1.2036430191835654
itq_fit,250,rotated_heterogeneous,7312007,7312017,13.969475915009127,1.4257536652446463,11.81232013960551,1.2055898758514525
itq_fit,250,rotated_heterogeneous,7312007,7312018,13.928935342243024,1.4216160103630995,11.85517427734824,1.2099636579696456
itq_fit,250,rotated_heterogeneous,7312007,7312019,13.878772550938308,1.416496291914338,11.814385894830549,1.2058007111112372
itq_fit,250,rotated_heterogeneous,7312007,7312020,13.817492071558128,1.4102418791778968,11.787054547938615,1.2030112172000604
itq_fit,250,rotated_heterogeneous,7312008,7312009,13.892608846552722,1.4179084529220722,11.854464025580892,1.209891168202191
itq_fit,250,rotated_heterogeneous,7312008,7312010,13.812850340174856,1.4097681344523936,11.84357944818923,1.208780265674049
itq_fit,250,rotated_heterogeneous,7312008,7312011,13.670633677610864,1.395253207110587,11.82814274161352,1.2072047634065675
itq_fit,250,rotated_heterogeneous,7312008,7312012,13.835304987982893,1.4120599023475433,11.859300728190343,1.2103848120951384
itq_fit,250,rotated_heterogeneous,7312008,7312013,13.941724797578486,1.422921328682266,11.848677852768386,1.2093006194124323
itq_fit,250,rotated_heterogeneous,7312008,7312014,13.83058892616469,1.4115785713037925,11.810543715827079,1.2054085703587814
itq_fit,250,rotated_heterogeneous,7312008,7312015,13.86791112762297,1.4153877525392151,11.828827774133053,1.2072746792453204
itq_fit,250,rotated_heterogeneous,7312008,7312016,13.802714276457008,1.4087336267811825,11.801717521002745,1.2045077506216977
itq_fit,250,rotated_heterogeneous,7312008,7312017,13.944036657821592,1.4231572819302758,11.808054498552965,1.2051545156845938
itq_fit,250,rotated_heterogeneous,7312008,7312018,13.954772144055413,1.4242529679058398,11.759004138812045,1.2001483343068768
itq_fit,250,rotated_heterogeneous,7312008,7312019,13.870282941492619,1.4156298247786108,11.854461199610304,1.2098908797777754
itq_fit,250,rotated_heterogeneous,7312008,7312020,14.042299359311322,1.4331861769051617,11.82977698560042,1.2073715577350306
itq_fit,250,rotated_heterogeneous,7312009,7312010,13.657946702374634,1.39395834812275,11.849546039161696,1.2093892283151506
itq_fit,250,rotated_heterogeneous,7312009,7312011,13.873252336244,1.415932887361352,11.863615175970638,1.2108251535777887
itq_fit,250,rotated_heterogeneous,7312009,7312012,13.93119541888347,1.4218466784692945,11.801085341787767,1.204443229100752
itq_fit,250,rotated_heterogeneous,7312009,7312013,13.838480062199357,1.4123839570027852,11.813016771850684,1.205660975582246
itq_fit,250,rotated_heterogeneous,7312009,7312014,13.824801134173176,1.4109878572572685,11.869158594257966,1.2113909263375706
itq_fit,250,rotated_heterogeneous,7312009,7312015,13.802376253573591,1.4086991274651093,11.81882076927666,1.2062533435889988
itq_fit,250,rotated_heterogeneous,7312009,7312016,13.871684665799458,1.4157728876666031,11.820241714038952,1.2063983681565111
itq_fit,250,rotated_heterogeneous,7312009,7312017,13.746387606257098,1.4029848100770237,11.844541188333256,1.2088784228664662
itq_fit,250,rotated_heterogeneous,7312009,7312018,13.789341528815429,1.4073687764403127,11.791742670637886,1.203489696719426
itq_fit,250,rotated_heterogeneous,7312009,7312019,13.787802570625203,1.407211707177749,11.816893600420798,1.2060566527412886
itq_fit,250,rotated_heterogeneous,7312009,7312020,13.857402842964872,1.4143152552273712,11.829145404974886,1.2073070973073645
itq_fit,250,rotated_heterogeneous,7312010,7312011,13.784191137761976,1.4068431168546145,11.827508290719244,1.2071400100333245
itq_fit,250,rotated_heterogeneous,7312010,7312012,13.826259850986462,1.4111367369185923,11.809045318457612,1.2052556408176514
itq_fit,250,rotated_heterogeneous,7312010,7312013,13.929441511060705,1.4216676710017255,11.86907661297827,1.2113825591582492
itq_fit,250,rotated_heterogeneous,7312010,7312014,13.821664017742371,1.410667676652303,11.775772619223314,1.2018597601722714
itq_fit,250,rotated_heterogeneous,7312010,7312015,13.91712641614528,1.4204107668901949,11.857525937001741,1.210203673227969
itq_fit,250,rotated_heterogeneous,7312010,7312016,13.781961233461715,1.4066155281999946,11.880427902084485,1.2125410952512925
itq_fit,250,rotated_heterogeneous,7312010,7312017,13.824346831577559,1.410941490192765,11.851645165281658,1.209603469477636
itq_fit,250,rotated_heterogeneous,7312010,7312018,13.86383624517065,1.414971861590465,11.819337660718398,1.20630609860086
itq_fit,250,rotated_heterogeneous,7312010,7312019,13.884116803280651,1.4170417373849802,11.762202827905847,1.2004747991454445
itq_fit,250,rotated_heterogeneous,7312010,7312020,13.80328648212326,1.4087920272774428,11.85280086154678,1.209721422233769
itq_fit,250,rotated_heterogeneous,7312011,7312012,13.778300457418554,1.4062419018096468,11.846699476083678,1.2090987021875759
itq_fit,250,rotated_heterogeneous,7312011,7312013,13.664535621139333,1.3946308268281735,11.819939737668385,1.20636754782225
itq_fit,250,rotated_heterogeneous,7312011,7312014,13.92189883116082,1.4208978494580646,11.846428254923959,1.2090710207938777
itq_fit,250,rotated_heterogeneous,7312011,7312015,13.76400325620521,1.4047826998212054,11.816590903902231,1.20602575890723
itq_fit,250,rotated_heterogeneous,7312011,7312016,13.937195586206014,1.4224590679822757,11.818545071295501,1.2062252052816258
itq_fit,250,rotated_heterogeneous,7312011,7312017,13.922359220842171,1.4209448377831542,11.794603638003391,1.203781692978436
itq_fit,250,rotated_heterogeneous,7312011,7312018,13.897179422407127,1.4183749353668214,11.853833804031384,1.2098268464846407
itq_fit,250,rotated_heterogeneous,7312011,7312019,13.874339752285785,1.416043871296372,11.818519197389227,1.2062225645371247
itq_fit,250,rotated_heterogeneous,7312011,7312020,14.029986021939095,1.4319294521721326,11.84074237404229,1.2084907080064469
itq_fit,250,rotated_heterogeneous,7312012,7312013,13.867633634494817,1.4153594310154192,11.849822718399592,1.20941746677162
itq_fit,250,rotated_heterogeneous,7312012,7312014,13.892349273860676,1.4178819603951276,11.814272790271675,1.205789167425536
itq_fit,250,rotated_heterogeneous,7312012,7312015,13.794552846210479,1.407900654294711,11.802666747115696,1.2046046306061666
itq_fit,250,rotated_heterogeneous,7312012,7312016,13.811437521380027,1.4096239392379626,11.809098392237175,1.205261057637595
itq_fit,250,rotated_heterogeneous,7312012,7312017,13.894308568580923,1.4180819300751415,11.78543096223656,1.2028455106782392
itq_fit,250,rotated_heterogeneous,7312012,7312018,13.876024320820173,1.4162158018524555,11.841208429292372,1.208538274571224
itq_fit,250,rotated_heterogeneous,7312012,7312019,13.776656796445973,1.406074146364107,11.801337541842113,1.2044689691610126
itq_fit,250,rotated_heterogeneous,7312012,7312020,13.963846896616063,1.4251791559606568,11.82864434854476,1.2072559584496083
itq_fit,250,rotated_heterogeneous,7312013,7312014,13.720527598840395,1.4003454841222107,11.803005521898767,1.2046392066626768
itq_fit,250,rotated_heterogeneous,7312013,7312015,13.88439521561447,1.4170701527248117,11.832769652089425,1.2076769954795468
itq_fit,250,rotated_heterogeneous,7312013,7312016,13.802010807587878,1.4086618292903783,11.791481754105558,1.2034630670373567
itq_fit,250,rotated_heterogeneous,7312013,7312017,13.844305445005618,1.4129785076457737,11.810030700766504,1.205356210978416
itq_fit,250,rotated_heterogeneous,7312013,7312018,13.92283928264867,1.4209938338861092,11.83457340559556,1.2078610903008713
itq_fit,250,rotated_heterogeneous,7312013,7312019,13.69602048495486,1.3978442372852176,11.869734623328073,1.211449717058353
itq_fit,250,rotated_heterogeneous,7312013,7312020,13.843430925982634,1.4128892524217458,11.823740233760933,1.2067554343304243
itq_fit,250,rotated_heterogeneous,7312014,7312015,13.817933688730417,1.4102869515418035,11.816546628535779,1.206021240071564
itq_fit,250,rotated_heterogeneous,7312014,7312016,13.897094147187039,1.4183662320011163,11.818781099135462,1.2062492947721672
itq_fit,250,rotated_heterogeneous,7312014,7312017,13.835189569822862,1.4120481225309132,11.846487402261973,1.209077057493785
itq_fit,250,rotated_heterogeneous,7312014,7312018,13.873243650061125,1.4159320008315246,11.81338749166588,1.2056988120149448
itq_fit,250,rotated_heterogeneous,7312014,7312019,13.811716189862292,1.4096523807208352,11.79140061199789,1.2034547855056719
itq_fit,250,rotated_heterogeneous,7312014,7312020,13.827670048224867,1.4112806645715412,11.829146931940576,1.2073072531526476
itq_fit,250,rotated_heterogeneous,7312015,7312016,13.908401628940043,1.4195202970248952,11.805328670297163,1.2048763120032115
itq_fit,250,rotated_heterogeneous,7312015,7312017,13.912171950767096,1.4199051038849935,11.843460467871818,1.2087681222962534
itq_fit,250,rotated_heterogeneous,7312015,7312018,13.829813823869898,1.4114994627570967,11.884661079434538,1.21297314210539
itq_fit,250,rotated_heterogeneous,7312015,7312019,13.799681970928816,1.4084241433941704,11.871809820078532,1.2116615159397905
itq_fit,250,rotated_heterogeneous,7312015,7312020,13.893014100405257,1.4179498139701976,11.821858679686644,1.2065633990218634
itq_fit,250,rotated_heterogeneous,7312016,7312017,13.802657964438982,1.4087278794599096,11.844017903533503,1.208825015335235
itq_fit,250,rotated_heterogeneous,7312016,7312018,13.81587551235383,1.4100768897949998,11.81525010298815,1.2058889139869735
itq_fit,250,rotated_heterogeneous,7312016,7312019,13.902514953506984,1.4189194907293796,11.865210823186437,1.210988008639797
itq_fit,250,rotated_heterogeneous,7312016,7312020,13.84598750660515,1.4131501823388894,11.830750576053711,1.2074709243945727
itq_fit,250,rotated_heterogeneous,7312017,7312018,13.803971303240205,1.4088619215400093,11.864626820210399,1.2109284040856487
itq_fit,250,rotated_heterogeneous,7312017,7312019,13.877818381117253,1.4163989073647736,11.832335138399383,1.2076326481117612
itq_fit,250,rotated_heterogeneous,7312017,7312020,13.833075700596147,1.4118323766563954,11.849768286224682,1.2094119113110318
itq_fit,250,rotated_heterogeneous,7312018,7312019,13.888176282954058,1.4174560562941905,11.825783973440059,1.2069640226379634
itq_fit,250,rotated_heterogeneous,7312018,7312020,13.781486818539577,1.4065671084297613,11.882655048454122,1.2127684024257968
itq_fit,250,rotated_heterogeneous,7312019,7312020,13.85594497180664,1.4141664618753549,11.848652436158558,1.2092980253405543
itq_fit,500,gaussian,7312001,7312002,13.715325053985378,1.3998145016114303,11.811346734993787,1.205490528159286
itq_fit,500,gaussian,7312001,7312003,13.869369969589359,1.415536644973924,11.855232703425507,1.2099696210561863
itq_fit,500,gaussian,7312001,7312004,13.916738969293524,1.4203712232614762,11.802247925215358,1.204561884774961
itq_fit,500,gaussian,7312001,7312005,13.859425752750363,1.4145217175927935,11.792137417474233,1.2035299853997021
itq_fit,500,gaussian,7312001,7312006,13.970622603738532,1.4258706986730147,11.82817467481439,1.2072080225752335
itq_fit,500,gaussian,7312001,7312007,13.79443267149356,1.4078883890140264,11.877959465534243,1.2122891615008538
itq_fit,500,gaussian,7312001,7312008,13.91159765097328,1.4198464896577336,11.847791548536339,1.2092101613655413
itq_fit,500,gaussian,7312001,7312009,13.75033320999097,1.403387506571824,11.812824632503686,1.2056413654422602
itq_fit,500,gaussian,7312001,7312010,13.796570636099561,1.4081065941128943,11.825241288670929,1.2069086351056488
itq_fit,500,gaussian,7312001,7312011,13.778350155533316,1.4062469741022445,11.822080502969486,1.2065860387658647
itq_fit,500,gaussian,7312001,7312012,13.848676016651764,1.4134245772464957,11.880873012033616,1.2125865240952427
itq_fit,500,gaussian,7312001,7312013,13.866974767268715,1.4152921856607446,11.834897746052732,1.2078941931601634
itq_fit,500,gaussian,7312001,7312014,13.864365362520008,1.4150258644037976,11.809579218210965,1.2053101317330477
itq_fit,500,gaussian,7312001,7312015,13.92489409860197,1.4212035526611473,11.79958106302848,1.2042896992927872
itq_fit,500,gaussian,7312001,7312016,13.8495854674711,1.4135173976820594,11.801950855522856,1.204531565226433
itq_fit,500,gaussian,7312001,7312017,13.864413684222756,1.4150307962169324,11.857070587884916,1.2101571993533422
itq_fit,500,gaussian,7312001,7312018,13.916780824372202,1.4203754950775556,11.79081985618753,1.2033955123639828
itq_fit,500,gaussian,7312001,7312019,13.959790350484083,1.4247651364547647,11.819761718405614,1.206349378807326
itq_fit,500,gaussian,7312001,7312020,13.743183265803625,1.402657768448975,11.838942904724405,1.208307050438255
itq_fit,500,gaussian,7312002,7312003,13.84019733163828,1.4125592250809618,11.840391071312721,1.2084548533217516
itq_fit,500,gaussian,7312002,7312004,13.788004472363491,1.4072323136876235,11.829028881233324,1.2072952046527918
itq_fit,500,gaussian,7312002,7312005,13.778905285231174,1.4063036317897786,11.794718126330567,1.2037933778943979
itq_fit,500,gaussian,7312002,7312006,13.869597603737082,1.4155598777868388,11.781859554125234,1.2024810053642396
itq_fit,500,gaussian,7312002,7312007,13.84788089363912,1.4133434253438408,11.857041197845533,1.2101541997450085
itq_fit,500,gaussian,7312002,7312008,13.809484697515867,1.4094246299869324,11.825564874063458,1.2069416609014787
itq_fit,500,gaussian,7312002,7312009,13.874761036770444,1.4160868684640375,11.834055797842261,1.2078082621807675
itq_fit,500,gaussian,7312002,7312010,13.884818068799717,1.4171133099973103,11.824867146170952,1.2068704493466476
itq_fit,500,gaussian,7312002,7312011,13.763939692569663,1.4047762123848184,11.848914085570852,1.209324729821872
itq_fit,500,gaussian,7312002,7312012,13.928798550023101,1.4216020490656165,11.852527550468597,1.2096935275386609
itq_fit,500,gaussian,7312002,7312013,13.823361302684154,1.4108409050712811,11.813168803456106,1.2056764922429986
itq_fit,500,gaussian,7312002,7312014,13.840407416437937,1.4125806667710399,11.828446830446593,1.2072357993431302
itq_fit,500,gaussian,7312002,7312015,13.854197526399311,1.4139881139752997,11.816961384489883,1.2060635709238696
itq_fit,500,gaussian,7312002,7312016,13.854460014276524,1.4140149040320846,11.874389278978468,1.2119247808613458
itq_fit,500,gaussian,7312002,7312017,13.818400249736582,1.4103345697250944,11.865942045911144,1.2110626387466246
itq_fit,500,gaussian,7312002,7312018,13.845674300370312,1.4131182158614057,11.83970115311578,1.2083844388406362
itq_fit,500,gaussian,7312002,7312019,13.896895372607874,1.4183459446555835,11.79856632353213,1.2041861328766246
itq_fit,500,gaussian,7312002,7312020,13.841783225550534,1.4127210847005953,11.856066816716535,1.210054752387465
itq_fit,500,gaussian,7312003,7312004,14.02932173808395,1.4318616539850713,11.88544364053224,1.2130530119129699
itq_fit,500,gaussian,7312003,7312005,13.813222118054545,1.4098060788733473,11.831699445340638,1.207567767960638
itq_fit,500,gaussian,7312003,7312006,13.873925533433116,1.4160015952617522,11.867278073529087,1.2111989964943841
itq_fit,500,gaussian,7312003,7312007,13.815437421219496,1.410032177305835,11.850543727523085,1.2094910544571387
itq_fit,500,gaussian,7312003,7312008,13.952044172418129,1.423974545466501,11.863460482580225,1.2108093652497431
itq_fit,500,gaussian,7312003,7312009,13.895743935892305,1.4182284266379064,11.838274759897729,1.2082388581924366
itq_fit,500,gaussian,7312003,7312010,13.841377115331733,1.412679636249954,11.80923966130728,1.2052754758516866
itq_fit,500,gaussian,7312003,7312011,13.787729870612164,1.407204287263739,11.815555466653175,1.2059200800355276
itq_fit,500,gaussian,7312003,7312012,13.995602268120088,1.4284201749930476,11.836878274714083,1.2080963300202163
itq_fit,500,gaussian,7312003,7312013,13.746060139755214,1.4029513881671292,11.852140383595712,1.2096540124851658
itq_fit,500,gaussian,7312003,7312014,13.74119320945666,1.4024546591735811,11.832074015501716,1.2076059973676176
itq_fit,500,gaussian,7312003,7312015,13.971783418018532,1.4259891737843537,11.824891995939339,1.2068729855655131
itq_fit,500,gaussian,7312003,7312016,13.88848576644884,1.4174876428211083,11.809926861133754,1.2053456128902778
itq_fit,500,gaussian,7312003,7312017,13.838788927210913,1.4124154804060232,11.839077041241366,1.2083207406891894
itq_fit,500,gaussian,7312003,7312018,13.876443735838155,1.416258608218477,11.837336287336223,1.208143075737716
itq_fit,500,gaussian,7312003,7312019,13.898999690464752,1.418560715697499,11.86452580833162,1.2109180946039417
itq_fit,500,gaussian,7312003,7312020,13.789413638008332,1.407376136053995,11.856605901213138,1.2101097724685035
itq_fit,500,gaussian,7312004,7312005,13.830855756342643,1.411605804544791,11.837926927208622,1.2082033576672628
itq_fit,500,gaussian,7312004,7312006,14.062071090258444,1.43520412074483,11.849658595677337,1.2094007160664233
itq_fit,500,gaussian,7312004,7312007,13.93000825681811,1.4217255142483727,11.827781751945238,1.2071679200528296
itq_fit,500,gaussian,7312004,7312008,13.874941501135124,1.4161052870311301,11.803194345635578,1.2046584784046148
itq_fit,500,gaussian,7312004,7312009,13.815179053673743,1.4100058077786188,11.881313760904582,1.2126315078385168
itq_fit,500,gaussian,7312004,7312010,13.754613385370284,1.4038243501421965,11.880012767464123,1.2124987257515236
itq_fit,500,gaussian,7312004,7312011,13.867552660847533,1.41535116667715,11.814361829862944,1.205798254990766
itq_fit,500,gaussian,7312004,7312012,13.711382921045082,1.399412159353016,11.801159966592413,1.204450845462983
itq_fit,500,gaussian,7312004,7312013,13.746620504426453,1.4030085801468966,11.830837283583728,1.2074797739447976
itq_fit,500,gaussian,7312004,7312014,13.89876374773196,1.4185366348931718,11.8332109619319,1.2077220364767358
itq_fit,500,gaussian,7312004,7312015,13.87722149362213,1.4163379877899027,11.793077713622395,1.2036259539734564
itq_fit,500,gaussian,7312004,7312016,13.879002723880449,1.416519783841873,11.806713695395896,1.2050176705354134
itq_fit,500,gaussian,7312004,7312017,13.824349312967165,1.4109417434485312,11.8221788725979,1.2065960785740233
itq_fit,500,gaussian,7312004,7312018,13.932939147918853,1.422024647068726,11.821582011668223,1.2065351617104767
itq_fit,500,gaussian,7312004,7312019,13.87380011957992,1.4159887952639603,11.852716782407779,1.2097128409425788
itq_fit,500,gaussian,7312004,7312020,13.80820811220177,1.4092943390439046,11.888870075965334,1.2134027210149563
itq_fit,500,gaussian,7312005,7312006,13.878512605077816,1.4164697613010482,11.765113015318745,1.2007718189045056
itq_fit,500,gaussian,7312005,7312007,13.961699206785312,1.4249599582851942,11.824409216670617,1.2068237121127314
itq_fit,500,gaussian,7312005,7312008,13.87576543132903,1.4161893790544111,11.848636349704623,1.2092963835237247
itq_fit,500,gaussian,7312005,7312009,13.796683479659464,1.4081181111604995,11.836737745176153,1.2080819872843114
itq_fit,500,gaussian,7312005,7312010,13.922310230251774,1.4209398377019595,11.86955920378777,1.211431813376492
itq_fit,500,gaussian,7312005,7312011,13.901320731068985,1.418797605912193,11.86442546045244,1.21090785289141
itq_fit,500,gaussian,7312005,7312012,13.908654337997637,1.4195460890350822,11.839462026644206,1.20836003309733
itq_fit,500,gaussian,7312005,7312013,14.080861706226594,1.4371219299562703,11.781765653253656,1.2024714216466659
itq_fit,500,gaussian,7312005,7312014,13.846932703015774,1.413246651043587,11.842952094022545,1.2087162366075328
itq_fit,500,gaussian,7312005,7312015,13.845186833618575,1.413068463994392,11.85858648019983,1.210311914464865
itq_fit,500,gaussian,7312005,7312016,13.899684643577439,1.4186306234318249,11.85551809650921,1.209998748865819
itq_fit,500,gaussian,7312005,7312017,13.70026138110851,1.3982770719364082,11.837748746676137,1.2081851721928176
itq_fit,500,gaussian,7312005,7312018,13.82007789676291,1.4105057938577197,11.85253298319873,1.209694082014358
itq_fit,500,gaussian,7312005,7312019,13.787214244177653,1.4071516613611372,11.831955403070241,1.2075938915370235
itq_fit,500,gaussian,7312005,7312020,13.690265558815398,1.3972568775956722,11.790742051889932,1.2033875714961115
itq_fit,500,gaussian,7312006,7312007,13.82107544166621,1.4106076053580778,11.805268810721774,1.2048702026108815
itq_fit,500,gaussian,7312006,7312008,13.907924053459503,1.4194715546815206,11.811430440887904,1.2054990713563298
itq_fit,500,gaussian,7312006,7312009,13.817642612719343,1.4102572437208245,11.812472981318342,1.2056054751934462
itq_fit,500,gaussian,7312006,7312010,13.811703097753746,1.409651044513102,11.866727686682902,1.2111428228721217
itq_fit,500,gaussian,7312006,7312011,13.850401069791141,1.4136006397452734,11.850039887522057,1.209439631502367
itq_fit,500,gaussian,7312006,7312012,13.85395892785748,1.4139637621135974,11.901463490753839,1.2146880310295838
itq_fit,500,gaussian,7312006,7312013,13.85831816018858,1.414408674400324,11.797671044138607,1.204094758806151
itq_fit,500,gaussian,7312006,7312014,13.883630552084517,1.4169921095800908,11.805670536976246,1.2049112036250371
itq_fit,500,gaussian,7312006,7312015,13.88808186962686,1.4174464202743342,11.813048437519443,1.2056642074460302
itq_fit,500,gaussian,7312006,7312016,13.972424100412981,1.4260545631574197,11.880357019607233,1.212533860838752
itq_fit,500,gaussian,7312006,7312017,13.85591672137386,1.4141635785776332,11.84512030781735,1.2089375290013051
itq_fit,500,gaussian,7312006,7312018,13.847351110639801,1.4132893545928935,11.84312715771348,1.2087341039706694
itq_fit,500,gaussian,7312006,7312019,13.91062919352466,1.419747646883287,11.80531133598939,1.204874542827833
itq_fit,500,gaussian,7312006,7312020,13.888008651117474,1.4174389474415123,11.863479899639005,1.2108113469950064
itq_fit,500,gaussian,7312007,7312008,13.831926734358458,1.411715110780811,11.836536157983167,1.2080614128775824
itq_fit,500,gaussian,7312007,7312009,13.83769907448209,1.4123042477776733,11.827532511413064,1.207142482047536
itq_fit,500,gaussian,7312007,7312010,13.840661830656257,1.4126066328134645,11.77947031678884,1.202237154849716
itq_fit,500,gaussian,7312007,7312011,13.781657835916075,1.40658456281766,11.866475827434689,1.2111171175952415
itq_fit,500,gaussian,7312007,7312012,13.84147386361724,1.412689510580495,11.836838136941832,1.2080922334759903
itq_fit,500,gaussian,7312007,7312013,13.848318979275055,1.4133881372718275,11.790518262347211,1.2033647310715516
itq_fit,500,gaussian,7312007,7312014,13.683235765646975,1.3965394023348414,11.841174983478911,1.2085348610221818
itq_fit,500,gaussian,7312007,7312015,13.898732468184933,1.4185334424377718,11.917442472294338,1.2163188790038992
itq_fit,500,gaussian,7312007,7312016,13.819394563320126,1.4104360514302612,11.834806992343967,1.2078849306485493
itq_fit,500,gaussian,7312007,7312017,13.785228162030448,1.4069489577008079,11.788828296342214,1.2031922496384309
itq_fit,500,gaussian,7312007,7312018,13.902944629459032,1.4189633443475989,11.800374461250026,1.204370675159688
itq_fit,500,gaussian,7312007,7312019,13.870198519073917,1.415621208451583,11.871846348144159,1.211665244069877
itq_fit,500,gaussian,7312007,7312020,13.76269532915487,1.4046492100756172,11.839807092255386,1.2083952512087957
itq_fit,500,gaussian,7312008,7312009,13.81903157584346,1.410399004176059,11.835642155387154,1.2079701691197093
itq_fit,500,gaussian,7312008,7312010,13.905318026072703,1.4192055781251298,11.873842930440206,1.21186901939716
itq_fit,500,gaussian,7312008,7312011,13.821721944191056,1.4106735887457151,11.804713508479262,1.2048135273130824
itq_fit,500,gaussian,7312008,7312012,13.853800637061415,1.4139476066268748,11.873290014530582,1.2118125876534414
itq_fit,500,gaussian,7312008,7312013,13.877471235376863,1.4163634769510094,11.806578827365932,1.2050039056247457
itq_fit,500,gaussian,7312008,7312014,13.823657768426068,1.4108711629793607,11.862632467376905,1.2107248563019348
itq_fit,500,gaussian,7312008,7312015,13.924416779500847,1.4211548364843876,11.849206775907907,1.2093546024043065
itq_fit,500,gaussian,7312008,7312016,13.83646043455262,1.4121778296192466,11.794350717481308,1.2037558793857452
itq_fit,500,gaussian,7312008,7312017,13.818853023511153,1.4103807807549533,11.846578903050062,1.2090863962538636
itq_fit,500,gaussian,7312008,7312018,13.926318350150254,1.4213489147260918,11.81178698248386,1.2055354607305868
itq_fit,500,gaussian,7312008,7312019,13.814214972223576,1.409907411627644,11.856121289727495,1.2100603120158653
itq_fit,500,gaussian,7312008,7312020,13.94067080082978,1.4228137555895626,11.83049267110109,1.2074446020805703
itq_fit,500,gaussian,7312009,7312010,13.8661653521533,1.4152095750764586,11.817520044903343,1.206120588963556
itq_fit,500,gaussian,7312009,7312011,13.896705598745934,1.4183265759419055,11.873094190322595,1.211792601428906
itq_fit,500,gaussian,7312009,7312012,13.911008552989083,1.4197863650964926,11.797628180447344,1.204090384048981
itq_fit,500,gaussian,7312009,7312013,13.93427495772656,1.4221609825863213,11.795880993465873,1.2039120625244044
itq_fit,500,gaussian,7312009,7312014,13.86569749465136,1.4151618245701216,11.861636576855783,1.2106232136512505
itq_fit,500,gaussian,7312009,7312015,13.75179030565267,1.4035362207750568,11.820150383538657,1.206389046776358
itq_fit,500,gaussian,7312009,7312016,13.86234636197011,1.4148198010230622,11.839805318281478,1.208395070153342
itq_fit,500,gaussian,7312009,7312017,13.826620668419165,1.41117356269361,11.827304076605568,1.2071191675176254
itq_fit,500,gaussian,7312009,7312018,13.838790065655749,1.4124155965980627,11.830071601942063,1.2074016268894852
itq_fit,500,gaussian,7312009,7312019,13.869810448925152,1.4155816012078797,11.815758695368013,1.205940821979379
itq_fit,500,gaussian,7312009,7312020,13.914527655331495,1.420145531975307,11.836392407789996,1.2080467414349283
itq_fit,500,gaussian,7312010,7312011,14.051981595622882,1.4341743660106772,11.808734668401728,1.2052239352290897
itq_fit,500,gaussian,7312010,7312012,13.898979322306198,1.418558636881022,11.847283079972547,1.2091582660100606
itq_fit,500,gaussian,7312010,7312013,13.876162901632705,1.4162299456974075,11.83123305286319,1.2075201669777373
itq_fit,500,gaussian,7312010,7312014,13.799778335289945,1.4084339785405935,11.81363465596894,1.2057240381159917
itq_fit,500,gaussian,7312010,7312015,13.908578939355959,1.41953839369344,11.80625882214342,1.2049712452284882
itq_fit,500,gaussian,7312010,7312016,13.79601330262738,1.4080497115035853,11.803880584615953,1.204728517377262
itq_fit,500,gaussian,7312010,7312017,13.952163254569484,1.42398669923768,11.88509999190218,1.2130179384215345
itq_fit,500,gaussian,7312010,7312018,13.736124077141717,1.4019372930231537,11.820085274262008,1.2063824015886366
itq_fit,500,gaussian,7312010,7312019,13.80857117960043,1.4093313944551111,11.818848064937521,1.2062561294407197
itq_fit,500,gaussian,7312010,7312020,13.739990016236957,1.402331858779821,11.803438905563286,1.2046834386977157
itq_fit,500,gaussian,7312011,7312012,13.74041980910351,1.402375724330577,11.849992463597387,1.2094347913183234
itq_fit,500,gaussian,7312011,7312013,13.774598685645827,1.405864091310171,11.825219218069554,1.2069063825343287
itq_fit,500,gaussian,7312011,7312014,13.895291748811317,1.4181822754872107,11.86488323304359,1.2109545741108496
itq_fit,500,gaussian,7312011,7312015,13.774171402167871,1.4058204818728162,11.858049908885048,1.210257150884372
itq_fit,500,gaussian,7312011,7312016,13.913998070371154,1.4200914814366281,11.815414151284685,1.205905657096127
itq_fit,500,gaussian,7312011,7312017,13.891971062203696,1.4178433593295288,11.789070348815793,1.2032169540155664
itq_fit,500,gaussian,7312011,7312018,14.07034277103128,1.4360483456285233,11.882502413077368,1.2127528241428909
itq_fit,500,gaussian,7312011,7312019,13.904634260276914,1.4191357915708278,11.837434281081526,1.2081530771824651
itq_fit,500,gaussian,7312011,7312020,13.898445876907871,1.418504192338041,11.840625940301848,1.208478824537575
itq_fit,500,gaussian,7312012,7312013,13.796094707398256,1.4080580198432218,11.835429060283738,1.2079484201917903
itq_fit,500,gaussian,7312012,7312014,13.93508329852134,1.4222434835232167,11.775159358941778,1.2017971695568845
itq_fit,500,gaussian,7312012,7312015,13.978169840787043,1.4266409853287099,11.827767984384602,1.2071665149070563
itq_fit,500,gaussian,7312012,7312016,13.778458588565147,1.4062580410022132,11.808190283213042,1.205168374148431
itq_fit,500,gaussian,7312012,7312017,13.981237551352512,1.4269540822272075,11.864419695925587,1.2109072645518517
itq_fit,500,gaussian,7312012,7312018,13.852657720517882,1.4138309581956148,11.872788762659194,1.211761428848545
itq_fit,500,gaussian,7312012,7312019,13.724967749347577,1.4007986550857006,11.824678644236752,1.206851210448551
itq_fit,500,gaussian,7312012,7312020,13.885349093078036,1.4171675074357648,11.864125199938105,1.2108772076809922
itq_fit,500,gaussian,7312013,7312014,13.780248076294013,1.406440679828742,11.769973626462718,1.20126790295204
itq_fit,500,gaussian,7312013,7312015,13.898927024200113,1.4185532992279208,11.870064518301026,1.211483386823038
itq_fit,500,gaussian,7312013,7312016,13.754999995521182,1.4038638083754915,11.823518411866184,1.2067327947280946
itq_fit,500,gaussian,7312013,7312017,13.786885105956664,1.4071180688321259,11.812366237511302,1.2055945806992607
itq_fit,500,gaussian,7312013,7312018,13.841550310274311,1.4126973128847602,11.864113365232614,1.210875999806421
itq_fit,500,gaussian,7312013,7312019,13.984484724175227,1.427285495415636,11.82673969112562,1.2070615651657877
itq_fit,500,gaussian,7312013,7312020,13.880364758458471,1.4166587959138806,11.817345861937838,1.2061028114890822
itq_fit,500,gaussian,7312014,7312015,13.735225939202497,1.4018456272035817,11.83288264417997,1.207688527686497
itq_fit,500,gaussian,7312014,7312016,13.839393428316678,1.412477177041776,11.846037630414834,1.2090311528468618
itq_fit,500,gaussian,7312014,7312017,14.00915708894434,1.4298036081003087,11.826502528136952,1.2070373598196162
itq_fit,500,gaussian,7312014,7312018,13.835074547844265,1.412036383149381,11.84184583475685,1.2086033294940253
itq_fit,500,gaussian,7312014,7312019,13.857529359797534,1.4143281677975335,11.845416609725826,1.2089677701882042
itq_fit,500,gaussian,7312014,7312020,13.732609551470242,1.401578593248861,11.864107834809104,1.2108754353599351
itq_fit,500,gaussian,7312015,7312016,13.873462184181347,1.4159543048767718,11.869336653947594,1.2114090994785434
itq_fit,500,gaussian,7312015,7312017,13.915087130418268,1.42020263316224,11.775120627234486,1.2017932165185625
itq_fit,500,gaussian,7312015,7312018,13.778704986850588,1.4062831889219143,11.837623426158144,1.20817238172101
itq_fit,500,gaussian,7312015,7312019,13.945728657497346,1.4233299709240488,11.80108643397732,1.2044433405718817
itq_fit,500,gaussian,7312015,7312020,13.974725820761485,1.4262894815067704,11.82037637407395,1.2064121118387816
itq_fit,500,gaussian,7312016,7312017,13.700384745603543,1.3982896627724584,11.82027767161304,1.2064020380610487
itq_fit,500,gaussian,7312016,7312018,13.78790806967372,1.4072224746292996,11.854472522016003,1.2098920353659681
itq_fit,500,gaussian,7312016,7312019,13.772706280352944,1.40567094850375,11.814315894901776,1.2057935667734236
itq_fit,500,gaussian,7312016,7312020,13.781981247558111,1.4066175708801543,11.821414856284662,1.2065181014855817
itq_fit,500,gaussian,7312017,7312018,13.772916509892553,1.4056924049662876,11.86798907018792,1.2112715622870074
itq_fit,500,gaussian,7312017,7312019,13.79091187780591,1.4075290495130115,11.843544951906507,1.2087767449119367
itq_fit,500,gaussian,7312017,7312020,13.741279091836907,1.4024634245073104,11.880480665318613,1.2125464803763255
itq_fit,500,gaussian,7312018,7312019,13.841680825949952,1.412710633585125,11.81665897551133,1.206032706436741
itq_fit,500,gaussian,7312018,7312020,13.817548020771676,1.4102475894705928,11.851133512535958,1.2095512491379503
itq_fit,500,gaussian,7312019,7312020,13.72103689646385,1.400397464093239,11.890272846384658,1.213545890671357
itq_fit,500,heterogeneous,7312001,7312002,13.828437156587558,1.4113589572409584,11.830337522453743,1.2074287672880584
itq_fit,500,heterogeneous,7312001,7312003,13.888273115995588,1.4174659392751068,11.800825876042406,1.204416747489008
itq_fit,500,heterogeneous,7312001,7312004,13.868261046629483,1.4154234659982676,11.833279257146803,1.2077290068279183
itq_fit,500,heterogeneous,7312001,7312005,13.870965623443107,1.4156995007134152,11.796951698284895,1.2040213408773937
itq_fit,500,heterogeneous,7312001,7312006,13.867682567222055,1.4153644251909798,11.860477516694338,1.210504917568887
itq_fit,500,heterogeneous,7312001,7312007,13.809909554704523,1.4094679917921724,11.853703206382571,1.209813517417924
itq_fit,500,heterogeneous,7312001,7312008,13.822457244060324,1.4107486349743668,11.835118509677931,1.2079167247533096
itq_fit,500,heterogeneous,7312001,7312009,13.782912081913555,1.4067125737637332,11.821476916653861,1.2065244354954894
itq_fit,500,heterogeneous,7312001,7312010,13.86316520053388,1.4149033733840184,11.822154798690658,1.2065936215411541
itq_fit,500,heterogeneous,7312001,7312011,13.875100139124797,1.4161214779531517,11.845936318262257,1.2090208127185886
itq_fit,500,heterogeneous,7312001,7312012,13.847388534200803,1.4132931741190942,11.834013383918725,1.2078039333278237
itq_fit,500,heterogeneous,7312001,7312013,13.890857839455986,1.417729741508614,11.794700922997487,1.2037916220865679
itq_fit,500,heterogeneous,7312001,7312014,13.774700230155469,1.4058744551532878,11.829139957288314,1.207306541305182
itq_fit,500,heterogeneous,7312001,7312015,13.807833606875732,1.4092561162541235,11.822150682926807,1.206593201477765
itq_fit,500,heterogeneous,7312001,7312016,13.82294601065324,1.4107985195058652,11.881471457232168,1.2126476026525541
itq_fit,500,heterogeneous,7312001,7312017,13.825594896572435,1.4110688702929015,11.818745068521071,1.2062456174129847
itq_fit,500,heterogeneous,7312001,7312018,13.830945325698282,1.4116149461788703,11.779354811858722,1.2022253661771507
itq_fit,500,heterogeneous,7312001,7312019,13.937455827221408,1.4224856287196865,11.808968148152928,1.2052477646564108
itq_fit,500,heterogeneous,7312001,7312020,13.650682338456344,1.3932169320850127,11.838224711463507,1.2082337501455087
itq_fit,500,heterogeneous,7312002,7312003,13.868540679894332,1.4154520059488505,11.81006046478634,1.2053592487559697
itq_fit,500,heterogeneous,7312002,7312004,13.80122185698335,1.4085813073564886,11.829667695160406,1.2073604033262058
itq_fit,500,heterogeneous,7312002,7312005,13.756569625142424,1.404024008027875,11.800772903323566,1.2044113409835309
itq_fit,500,heterogeneous,7312002,7312006,13.788741193223649,1.4073075049455503,11.857289994728706,1.2101795924705656
itq_fit,500,heterogeneous,7312002,7312007,13.85619625719705,1.4141921085831184,11.81425171920297,1.2057870168685918
itq_fit,500,heterogeneous,7312002,7312008,13.834418334816725,1.4119694086877128,11.828839900648772,1.2072759169026481
itq_fit,500,heterogeneous,7312002,7312009,13.833687419533383,1.4118948099589883,11.831855863029377,1.2075837322741445
itq_fit,500,heterogeneous,7312002,7312010,13.860814250846657,1.4146634305863246,11.858076187731147,1.2102598329578707
itq_fit,500,heterogeneous,7312002,7312011,13.906867344772412,1.4193637048027647,11.874261050008629,1.2119116935469145
itq_fit,500,heterogeneous,7312002,7312012,13.94857485019003,1.4236204592493285,11.829126534672614,1.2073051713652039
itq_fit,500,heterogeneous,7312002,7312013,13.855375201152299,1.414108309901457,11.805446984605858,1.204888387406777
itq_fit,500,heterogeneous,7312002,7312014,13.843235177680846,1.4128692739443542,11.82540494328834,1.206925338035095
itq_fit,500,heterogeneous,7312002,7312015,13.888404423827929,1.4174793408246262,11.84947050154978,1.209381518789918
itq_fit,500,heterogeneous,7312002,7312016,13.847630805129866,1.4133179007922487,11.854229272136719,1.2098672087791247
itq_fit,500,heterogeneous,7312002,7312017,13.790986228941644,1.407536637944026,11.845888001940507,1.2090158814546497
itq_fit,500,heterogeneous,7312002,7312018,13.858750665084239,1.4144528167463915,11.810332032447732,1.205386965514347
itq_fit,500,heterogeneous,7312002,7312019,13.953939800845253,1.4241680172326832,11.837963813509521,1.2082071223595838
itq_fit,500,heterogeneous,7312002,7312020,13.747310147612895,1.4030789665598702,11.8147016594313,1.2058329387008486
itq_fit,500,heterogeneous,7312003,7312004,13.74467829491235,1.4028103542184327,11.832092375379084,1.2076078712147549
itq_fit,500,heterogeneous,7312003,7312005,13.851210556848411,1.4136832576720941,11.804143333106456,1.2047553340327792
itq_fit,500,heterogeneous,7312003,7312006,13.820519991757477,1.4105509149891582,11.838019922167785,1.208212848925538
itq_fit,500,heterogeneous,7312003,7312007,13.820985423587853,1.4105984179264277,11.817417850388464,1.2061101587795575
itq_fit,500,heterogeneous,7312003,7312008,13.923489008314213,1.4210601462341663,11.861948255900835,1.2106550242605794
itq_fit,500,heterogeneous,7312003,7312009,13.786286077640787,1.4070569307606517,11.770159431317992,1.2012868665806713
itq_fit,500,heterogeneous,7312003,7312010,13.877971010804789,1.4164144850670262,11.799995000442737,1.2043319466032196
itq_fit,500,heterogeneous,7312003,7312011,13.889896564172929,1.4176316317608708,11.821620396282249,1.206539079323741
itq_fit,500,heterogeneous,7312003,7312012,14.051609373391639,1.4341363762382826,11.78692684021194,1.202998183084787
itq_fit,500,heterogeneous,7312003,7312013,13.961686538998867,1.424958665384654,11.845598306333867,1.2089863145206083
itq_fit,500,heterogeneous,7312003,7312014,13.780592818195883,1.4064758649017646,11.882717087180566,1.2127747342268
itq_fit,500,heterogeneous,7312003,7312015,13.85561638035506,1.4141329251507628,11.854739435042926,1.209919277062704
itq_fit,500,heterogeneous,7312003,7312016,13.871328159617796,1.4157365019068022,11.767728630849316,1.2010387740467223
itq_fit,500,heterogeneous,7312003,7312017,13.908956172692527,1.41957689490963,11.812023166883208,1.205559566199904
itq_fit,500,heterogeneous,7312003,7312018,13.849705893246684,1.413529688586312,11.831199530198473,1.2075167455850966
itq_fit,500,heterogeneous,7312003,7312019,13.86824157249856,1.4154214784281032,11.825087103792649,1.2068928986774057
itq_fit,500,heterogeneous,7312003,7312020,13.886254363735679,1.4172599012353624,11.777227032375995,1.2020082005930737
itq_fit,500,heterogeneous,7312004,7312005,13.835545520507324,1.4120844515955184,11.827799439684338,1.207169725300142
itq_fit,500,heterogeneous,7312004,7312006,13.938776081241798,1.4226203765813872,11.765595519837268,1.2008210643157127
itq_fit,500,heterogeneous,7312004,7312007,13.994943502266574,1.4283529399846693,11.819173843907292,1.2062893791175893
itq_fit,500,heterogeneous,7312004,7312008,13.993260797529741,1.4281811996516274,11.842548064209602,1.2086750004874252
itq_fit,500,heterogeneous,7312004,7312009,13.863077764956042,1.414894449527724,11.831149406119426,1.207511629817701
itq_fit,500,heterogeneous,7312004,7312010,13.766868173551327,1.4050750992234236,11.825565429674068,1.206941717608249
itq_fit,500,heterogeneous,7312004,7312011,13.916996852022955,1.4203975433073337,11.837183338511077,1.2081274654636176
itq_fit,500,heterogeneous,7312004,7312012,13.77848084054823,1.4062603120857264,11.837272903288849,1.2081366066304704
itq_fit,500,heterogeneous,7312004,7312013,13.775756655556375,1.4059822761192684,11.82636886102345,1.2070237174769718
itq_fit,500,heterogeneous,7312004,7312014,13.91598638834654,1.4202944132902156,11.75363072471335,1.1995999125269403
itq_fit,500,heterogeneous,7312004,7312015,13.867870094009296,1.4153835645635569,11.810813281379806,1.2054360827777986
itq_fit,500,heterogeneous,7312004,7312016,13.765254195591998,1.404910373287738,11.863465999487312,1.2108099283167149
itq_fit,500,heterogeneous,7312004,7312017,13.774594931443907,1.4058637081485421,11.844299605191834,1.2088537663903436
itq_fit,500,heterogeneous,7312004,7312018,13.90100650717722,1.418765535570534,11.814899220287908,1.2058531021713417
itq_fit,500,heterogeneous,7312004,7312019,13.780266943356,1.4064426054401926,11.915849666633747,1.216156313956905
itq_fit,500,heterogeneous,7312004,7312020,13.843563576198818,1.4129027909777425,11.869162026155367,1.2113912766041324
itq_fit,500,heterogeneous,7312005,7312006,13.969161023584482,1.425721526773198,11.796230645276006,1.2039477487128405
itq_fit,500,heterogeneous,7312005,7312007,13.828599502021936,1.4113755265524708,11.788433712647388,1.2031519776087165
itq_fit,500,heterogeneous,7312005,7312008,13.882192336788098,1.4168453223460702,11.888770014261032,1.213392508510026
itq_fit,500,heterogeneous,7312005,7312009,13.968472305884495,1.42565123481729,11.873432519538138,1.2118271320098708
itq_fit,500,heterogeneous,7312005,7312010,13.85697606235313,1.4142716971135845,11.837833146266975,1.2081937861899865
itq_fit,500,heterogeneous,7312005,7312011,13.853900279677875,1.4139577763588316,11.876042597208995,1.212093521946647
itq_fit,500,heterogeneous,7312005,7312012,13.814017733882991,1.4098872810738048,11.843354619418884,1.2087573191837637
itq_fit,500,heterogeneous,7312005,7312013,13.920961985957288,1.4208022330948717,11.795985802230723,1.2039227595241733
itq_fit,500,heterogeneous,7312005,7312014,13.85543181203762,1.4141140877257456,11.835137825567775,1.2079186961730615
itq_fit,500,heterogeneous,7312005,7312015,13.812707144393757,1.4097535195941848,11.830182784767446,1.2074129744390831
itq_fit,500,heterogeneous,7312005,7312016,13.827316758438249,1.4112446070836848,11.794709377762542,1.2037924849974129
itq_fit,500,heterogeneous,7312005,7312017,13.8816549662225,1.4167904771923825,11.833403408356183,1.2077416779576655
itq_fit,500,heterogeneous,7312005,7312018,13.83754248925515,1.4122882663648706,11.820384116373999,1.2064129020339713
itq_fit,500,heterogeneous,7312005,7312019,13.788134993910388,1.4072456349872207,11.844169007380811,1.2088404373070716
itq_fit,500,heterogeneous,7312005,7312020,13.893583512486613,1.4180079293473933,11.811619352130432,1.2055183520292827
itq_fit,500,heterogeneous,7312006,7312007,13.752920539439826,1.4036515747779146,11.778201820275982,1.2021076894665073
itq_fit,500,heterogeneous,7312006,7312008,13.810542169633312,1.4095325577829725,11.817762973102234,1.2061453827190316
itq_fit,500,heterogeneous,7312006,7312009,13.840034525128305,1.4125426087111184,11.86978916264899,1.2114552834544847
itq_fit,500,heterogeneous,7312006,7312010,13.784407821098668,1.4068652320050588,11.824191922439148,1.2068015346131002
itq_fit,500,heterogeneous,7312006,7312011,13.821349193340776,1.4106355450213661,11.913704659264736,1.215937390059047
itq_fit,500,heterogeneous,7312006,7312012,13.878619398278952,1.4164806608364975,11.88970848310204,1.2134882905850246
itq_fit,500,heterogeneous,7312006,7312013,13.782127414555614,1.4066324889868675,11.83663503652631,1.2080715046266328
itq_fit,500,heterogeneous,7312006,7312014,13.915275377000995,1.420221845998636,11.880523770086132,1.212550879738238
itq_fit,500,heterogeneous,7312006,7312015,13.816649712887703,1.4101559063061073,11.863890639353073,1.2108532679415298
itq_fit,500,heterogeneous,7312006,7312016,13.863075551188919,1.414894223586063,11.808339180907334,1.205183570955718
itq_fit,500,heterogeneous,7312006,7312017,13.85562361508838,1.4141336635426403,11.87008957433911,1.2114859440942163
itq_fit,500,heterogeneous,7312006,7312018,13.863387392378971,1.414926050744247,11.85369658865208,1.2098128419986343
itq_fit,500,heterogeneous,7312006,7312019,13.852225651510878,1.413786860337247,11.844702576901849,1.2088948945182734
itq_fit,500,heterogeneous,7312006,7312020,13.897656489398265,1.4184236258127136,11.833964331961354,1.2077989269833884
itq_fit,500,heterogeneous,7312007,7312008,13.797769536505601,1.408228956373195,11.866939892821762,1.2111644810704756
itq_fit,500,heterogeneous,7312007,7312009,13.925773701639619,1.4212933267702492,11.852058493422666,1.209645654604378
itq_fit,500,heterogeneous,7312007,7312010,13.824519464275186,1.4109591094436862,11.854031061885916,1.209846979030114
itq_fit,500,heterogeneous,7312007,7312011,13.83210506224885,1.4117333112949098,11.827878820533213,1.2071778270741043
itq_fit,500,heterogeneous,7312007,7312012,13.80895014324942,1.409370072270573,11.875961196940484,1.2120852140665312
itq_fit,500,heterogeneous,7312007,7312013,13.890478262811008,1.4176910011295112,11.862176882333348,1.2106783583481364
itq_fit,500,heterogeneous,7312007,7312014,13.772279239241449,1.4056273638028185,11.799475870110525,1.2042789630855562
itq_fit,500,heterogeneous,7312007,7312015,13.759163102825585,1.4042887037355016,11.868095556257073,1.21128243047593
itq_fit,500,heterogeneous,7312007,7312016,13.803519900174068,1.4088158504074941,11.802886045349117,1.2046270126383907
itq_fit,500,heterogeneous,7312007,7312017,13.799888742219546,1.4084452469006596,11.827554942831247,1.2071447714445676
itq_fit,500,heterogeneous,7312007,7312018,13.679224145195736,1.3961299680370394,11.827682321842383,1.2071577720104518
itq_fit,500,heterogeneous,7312007,7312019,13.888027713564535,1.4174408929943685,11.815457664045345,1.2059100980986652
itq_fit,500,heterogeneous,7312007,7312020,13.830829680332519,1.4116031431731522,11.868401317710523,1.211313637123595
itq_fit,500,heterogeneous,7312008,7312009,13.735940643743602,1.401918571430355,11.841486968111457,1.208566702820404
itq_fit,500,heterogeneous,7312008,7312010,13.87273020395414,1.415879597457669,11.87387989917698,1.2118727925030572
itq_fit,500,heterogeneous,7312008,7312011,13.949674397335114,1.423732681309895,11.861690162140013,1.2106286826764208
itq_fit,500,heterogeneous,7312008,7312012,13.907482602243427,1.419426499255449,11.791312883783922,1.2034458317823273
itq_fit,500,heterogeneous,7312008,7312013,13.943156584597464,1.4230674598329676,11.829903148584135,1.207384434190636
itq_fit,500,heterogeneous,7312008,7312014,13.884121568072699,1.4170422236895321,11.830449800748497,1.2074402266435307
itq_fit,500,heterogeneous,7312008,7312015,13.936721727173252,1.4224107049472643,11.841518670600417,1.208569938442134
itq_fit,500,heterogeneous,7312008,7312016,13.880854050122132,1.4167087340351874,11.830436585522534,1.207438877870179
itq_fit,500,heterogeneous,7312008,7312017,13.840055626720131,1.4125447623833156,11.803919644838315,1.204732503944513
itq_fit,500,heterogeneous,7312008,7312018,13.857337158474001,1.414308551332094,11.869087464317099,1.2113836666683806
itq_fit,500,heterogeneous,7312008,7312019,13.868720966990976,1.4154704064236,11.840148368054887,1.2084300825242265
itq_fit,500,heterogeneous,7312008,7312020,13.881799763003292,1.4168052554519384,11.866904417101031,1.2111608603448902
itq_fit,500,heterogeneous,7312009,7312010,13.839143065601064,1.4124516245041148,11.788840855701494,1.2031935314726698
itq_fit,500,heterogeneous,7312009,7312011,13.882101560742148,1.4168360575546768,11.83779049739873,1.2081894333580987
itq_fit,500,heterogeneous,7312009,7312012,13.722518280346485,1.4005486572026407,11.788796105774178,1.2031889642023386
itq_fit,500,heterogeneous,7312009,7312013,13.931429197334893,1.4218705383825794,11.85476918858182,1.2099223137705513
itq_fit,500,heterogeneous,7312009,7312014,13.786093372962057,1.4070372629217378,11.795192074253903,1.2038417500017657
itq_fit,500,heterogeneous,7312009,7312015,13.75248639356844,1.4036072649504632,11.843530378958569,1.208775257566666
itq_fit,500,heterogeneous,7312009,7312016,13.838521705184755,1.412388207172185,11.847791310948768,1.2092101371168613
itq_fit,500,heterogeneous,7312009,7312017,13.838912025846032,1.4124280441078596,11.856462104451909,1.210095096273017
itq_fit,500,heterogeneous,7312009,7312018,13.869984313360192,1.4155993461724738,11.793464554292235,1.2036654357339924
itq_fit,500,heterogeneous,7312009,7312019,13.794570085419897,1.4079024137641545,11.79256263454559,1.2035733839353164
itq_fit,500,heterogeneous,7312009,7312020,13.864327509789467,1.4150220010756644,11.820684849894057,1.2064435955203336
itq_fit,500,heterogeneous,7312010,7312011,13.847607703781554,1.4133155430207598,11.827438481180305,1.2071328851270922
itq_fit,500,heterogeneous,7312010,7312012,13.822035643984734,1.410705605596837,11.769394539343775,1.2012088001204553
itq_fit,500,heterogeneous,7312010,7312013,13.808928289788279,1.4093678418610351,11.8731255543617,1.2117958025077424
itq_fit,500,heterogeneous,7312010,7312014,13.924593478741565,1.421172870775125,11.78222838324053,1.202518648828188
itq_fit,500,heterogeneous,7312010,7312015,13.828098382863734,1.411324381292557,11.866287658289862,1.2110979126623183
itq_fit,500,heterogeneous,7312010,7312016,13.852309341514001,1.4137954019124228,11.81592442373831,1.2059577365603427
itq_fit,500,heterogeneous,7312010,7312017,13.912717709339056,1.4199608051359955,11.8309709862619,1.207493419917246
itq_fit,500,heterogeneous,7312010,7312018,13.857557713434742,1.4143310616285132,11.86179142027774,1.2106390172918264
itq_fit,500,heterogeneous,7312010,7312019,13.865028745634051,1.4150935706593553,11.8030852977423,1.2046473487506124
itq_fit,500,heterogeneous,7312010,7312020,13.877208808685007,1.416336693138929,11.84995994471091,1.2094314723733706
itq_fit,500,heterogeneous,7312011,7312012,13.852974931101512,1.4138633333652357,11.806534290974504,1.2049993601483298
itq_fit,500,heterogeneous,7312011,7312013,13.71941237854758,1.4002316624277027,11.872075271585448,1.2116886084707654
itq_fit,500,heterogeneous,7312011,7312014,13.835382082253853,1.4120677707486242,11.845276107838021,1.2089534302743283
itq_fit,500,heterogeneous,7312011,7312015,13.78670759318204,1.4070999515104319,11.805531494857592,1.2048970126982264
itq_fit,500,heterogeneous,7312011,7312016,13.802855022809105,1.4087479916455907,11.797333967171925,1.2040603560323004
itq_fit,500,heterogeneous,7312011,7312017,13.831654365053062,1.4116873122049853,11.868607374408121,1.2113346676972285
itq_fit,500,heterogeneous,7312011,7312018,13.900650689136569,1.418729220043831,11.875390015051678,1.2120269180591192
itq_fit,500,heterogeneous,7312011,7312019,13.935176173526838,1.422252962538772,11.849732805720036,1.20940829009719
itq_fit,500,heterogeneous,7312011,7312020,13.764073198565438,1.4047898382834538,11.807321318544414,1.2050796858133206
itq_fit,500,heterogeneous,7312012,7312013,13.894610699768219,1.4181127662103188,11.820313697705876,1.206405714958752
itq_fit,500,heterogeneous,7312012,7312014,13.887807525081598,1.417418420101434,11.875983457106361,1.2120874859851976
itq_fit,500,heterogeneous,7312012,7312015,13.817089123519468,1.4102007534659147,11.826232847151083,1.2070098356192533
itq_fit,500,heterogeneous,7312012,7312016,13.779463790956811,1.406360634041705,11.797208041818969,1.2040475038297829
itq_fit,500,heterogeneous,7312012,7312017,13.928182190841682,1.421539142170085,11.83753283036801,1.2081631353268987
itq_fit,500,heterogeneous,7312012,7312018,13.825911473838685,1.4111011808248382,11.83680311208723,1.2080886587667363
itq_fit,500,heterogeneous,7312012,7312019,13.732656367132801,1.4015833713524126,11.850221610462622,1.2094581785223228
itq_fit,500,heterogeneous,7312012,7312020,13.879282045079195,1.4165482919423427,11.813549666773662,1.2057153639425717
itq_fit,500,heterogeneous,7312013,7312014,13.82507036083646,1.4110153350885268,11.804090300590119,1.2047499214242459
itq_fit,500,heterogeneous,7312013,7312015,13.854050225311818,1.4139730801210115,11.833293658448353,1.2077304766546029
itq_fit,500,heterogeneous,7312013,7312016,13.774288304086257,1.4058324131248994,11.811453990485758,1.205501474877096
itq_fit,500,heterogeneous,7312013,7312017,13.782834063358562,1.4067046110283081,11.848990612287396,1.2093325402971729
itq_fit,500,heterogeneous,7312013,7312018,13.742713242610272,1.4026097969076838,11.803766982484774,1.2047169229083001
itq_fit,500,heterogeneous,7312013,7312019,13.92672844141797,1.4213907694908365,11.839666170604582,1.2083808684530382
itq_fit,500,heterogeneous,7312013,7312020,13.932412953615142,1.4219709425874907,11.855300305045654,1.2099765206176507
itq_fit,500,heterogeneous,7312014,7312015,13.738977104939595,1.402228478953436,11.802586938791354,1.2045964852031723
itq_fit,500,heterogeneous,7312014,7312016,13.78242445242108,1.4066628052870624,11.809013408148628,1.2052523839853786
itq_fit,500,heterogeneous,7312014,7312017,13.895445454801042,1.4181979630390953,11.767471783970983,1.2010125597219747
itq_fit,500,heterogeneous,7312014,7312018,13.910936332673037,1.419778994141352,11.810974386249221,1.2054525254746797
itq_fit,500,heterogeneous,7312014,7312019,13.864519517860552,1.4150415978173583,11.876086971033759,1.2120980508311725
itq_fit,500,heterogeneous,7312014,7312020,13.841483201231428,1.4126904635967523,11.847234078003616,1.2091532647675494
itq_fit,500,heterogeneous,7312015,7312016,13.915493159020205,1.420244073282895,11.803143916143952,1.2046533314661785
itq_fit,500,heterogeneous,7312015,7312017,13.900718689362753,1.4187361602878537,11.8022392549355,1.2045609998682287
itq_fit,500,heterogeneous,7312015,7312018,13.793536185149726,1.4077968917597028,11.84941650115016,1.2093760073972106
itq_fit,500,heterogeneous,7312015,7312019,13.850495437567746,1.4136102711161418,11.867472795373624,1.211218870209421
itq_fit,500,heterogeneous,7312015,7312020,13.85382949591651,1.4139505520214393,11.804880089969581,1.204830528965244
itq_fit,500,heterogeneous,7312016,7312017,13.909893045976709,1.419672514138792,11.824111143756298,1.2067932901733052
itq_fit,500,heterogeneous,7312016,7312018,13.778435521667715,1.4062556867468525,11.859452811890792,1.2104003340728173
itq_fit,500,heterogeneous,7312016,7312019,13.84538987121954,1.4130891864327655,11.825982650674064,1.2069843000482476
itq_fit,500,heterogeneous,7312016,7312020,13.818571402988365,1.4103520379807064,11.889525808498057,1.2134696464363277
itq_fit,500,heterogeneous,7312017,7312018,13.79703483537292,1.4081539712528401,11.87014100487037,1.2114911932008325
itq_fit,500,heterogeneous,7312017,7312019,13.955159310439463,1.4242924829094432,11.845598182009548,1.2089863018318106
itq_fit,500,heterogeneous,7312017,7312020,13.814815498456209,1.4099687025796068,11.813413133133079,1.2057014290362318
itq_fit,500,heterogeneous,7312018,7312019,13.876280811081692,1.416241979780152,11.808975416039749,1.2052485064320033
itq_fit,500,heterogeneous,7312018,7312020,13.866797019398911,1.4152740443447493,11.800738465012202,1.2044078261380957
itq_fit,500,heterogeneous,7312019,7312020,13.841078679429902,1.41264917726327,11.807700331077669,1.205118368618012
itq_fit,500,rotated_heterogeneous,7312001,7312002,13.92492753361569,1.4212069651079458,11.803549846165225,1.2046947615254868
itq_fit,500,rotated_heterogeneous,7312001,7312003,13.888801347037997,1.4175198516301153,11.788704060694258,1.2031795698907077
itq_fit,500,rotated_heterogeneous,7312001,7312004,13.847213363553932,1.413275295839813,11.863574612963873,1.2108210136332467
itq_fit,500,rotated_heterogeneous,7312001,7312005,13.926992060314797,1.4214176749818275,11.816096678385291,1.2059753172266314
itq_fit,500,rotated_heterogeneous,7312001,7312006,13.876990672424164,1.4163144297000345,11.821473914276886,1.2065241290666726
itq_fit,500,rotated_heterogeneous,7312001,7312007,13.770787813181562,1.4054751457679928,11.850161189845924,1.209452011868954
itq_fit,500,rotated_heterogeneous,7312001,7312008,13.901082188133666,1.4187732597258065,11.847811656102762,1.2092122135854457
itq_fit,500,rotated_heterogeneous,7312001,7312009,13.8310560308258,1.411626244973634,11.762494044921132,1.2005045213576053
itq_fit,500,rotated_heterogeneous,7312001,7312010,13.635867314985493,1.3917048800837235,11.831838758858936,1.207581986587059
itq_fit,500,rotated_heterogeneous,7312001,7312011,13.797940958886645,1.408246452096697,11.816606261097022,1.20602732629436
itq_fit,500,rotated_heterogeneous,7312001,7312012,13.888360431552782,1.4174748508818455,11.803282384549686,1.2046674638386596
itq_fit,500,rotated_heterogeneous,7312001,7312013,13.908489482983088,1.419529263590616,11.87499766410356,1.2119868739081614
itq_fit,500,rotated_heterogeneous,7312001,7312014,13.883271965566871,1.4169555114968877,11.864107585042213,1.2108754098682084
itq_fit,500,rotated_heterogeneous,7312001,7312015,13.90352302055724,1.4190223761418645,11.772952073213421,1.201571889400593
itq_fit,500,rotated_heterogeneous,7312001,7312016,13.902295308905357,1.4188970733460988,11.845394038956137,1.2089654665686693
itq_fit,500,rotated_heterogeneous,7312001,7312017,13.843229102077492,1.4128686538556836,11.868763571136943,1.2113506094591078
itq_fit,500,rotated_heterogeneous,7312001,7312018,13.812247564523117,1.4097066139200547,11.820173080507146,1.2063913632760042
itq_fit,500,rotated_heterogeneous,7312001,7312019,13.85568408108589,1.414139834827669,11.853844012193472,1.2098278883508211
itq_fit,500,rotated_heterogeneous,7312001,7312020,13.904802551772544,1.4191529677496755,11.84625899775732,1.2090537460566453
itq_fit,500,rotated_heterogeneous,7312002,7312003,13.767154964650965,1.4051043697174603,11.839279209124264,1.2083413743623344
itq_fit,500,rotated_heterogeneous,7312002,7312004,13.862702111288389,1.4148561095358174,11.840920571539801,1.208508895212378
itq_fit,500,rotated_heterogeneous,7312002,7312005,13.805369360022262,1.4090046101128209,11.85081347744733,1.2095185856934951
itq_fit,500,rotated_heterogeneous,7312002,7312006,13.831294154411788,1.4116505483603587,11.817954675561595,1.2061649482693595
itq_fit,500,rotated_heterogeneous,7312002,7312007,13.707849711802032,1.3990515526946843,11.851692561362693,1.2096083068199004
itq_fit,500,rotated_heterogeneous,7312002,7312008,13.803604337357296,1.4088244682414204,11.834747150576518,1.2078788230737345
itq_fit,500,rotated_heterogeneous,7312002,7312009,13.900133346620036,1.4186764189943413,11.782983575448966,1.2025957253102044
itq_fit,500,rotated_heterogeneous,7312002,7312010,13.903232449333476,1.4189927198405248,11.852203685014535,1.2096604731591705
itq_fit,500,rotated_heterogeneous,7312002,7312011,13.92597104038533,1.4213134675716437,11.80217364939344,1.204554304030631
itq_fit,500,rotated_heterogeneous,7312002,7312012,13.882441212424995,1.4168707231093955,11.866873580831196,1.2111577131312792
itq_fit,500,rotated_heterogeneous,7312002,7312013,13.888250638008678,1.4174636451251745,11.85089972297805,1.2095273880911144
itq_fit,500,rotated_heterogeneous,7312002,7312014,13.64674402062922,1.392814979204956,11.826575536977561,1.2070448112532082
itq_fit,500,rotated_heterogeneous,7312002,7312015,13.770660302064845,1.4054621317191394,11.841102921394477,1.2085275062164873
itq_fit,500,rotated_heterogeneous,7312002,7312016,13.780445734144378,1.4064608531986191,11.867442659153786,1.2112157944443636
itq_fit,500,rotated_heterogeneous,7312002,7312017,13.917686228179022,1.420467902466634,11.836453992471,1.208053026895113
itq_fit,500,rotated_heterogeneous,7312002,7312018,13.936916271568764,1.422430560551486,11.87549947463735,1.2120380897313003
itq_fit,500,rotated_heterogeneous,7312002,7312019,13.998115031152043,1.4286766327960816,11.857672551116398,1.2102186369683858
itq_fit,500,rotated_heterogeneous,7312002,7312020,13.704343208762428,1.3986936717268281,11.834052508924007,1.207807926506954
itq_fit,500,rotated_heterogeneous,7312003,7312004,13.870662237380506,1.4156685365030632,11.812398547292245,1.2055978783024697
itq_fit,500,rotated_heterogeneous,7312003,7312005,13.902699116284966,1.4189382867641993,11.864362755557703,1.21090145309989
itq_fit,500,rotated_heterogeneous,7312003,7312006,13.88199479716267,1.4168251610424754,11.860273191751794,1.2104840637417638
itq_fit,500,rotated_heterogeneous,7312003,7312007,13.801749265516255,1.4086351357644722,11.819613057692104,1.2063342061867885
itq_fit,500,rotated_heterogeneous,7312003,7312008,13.950467895366858,1.4238136673636312,11.854825318282915,1.2099280424841803
itq_fit,500,rotated_heterogeneous,7312003,7312009,13.88860767142386,1.4175000846955212,11.830135969878356,1.2074081964144734
itq_fit,500,rotated_heterogeneous,7312003,7312010,13.750999001105,1.4034554585928514,11.822804987689821,1.2066599811780008
itq_fit,500,rotated_heterogeneous,7312003,7312011,13.768869345917519,1.4052793430227788,11.869506063629402,1.2114263897817898
itq_fit,500,rotated_heterogeneous,7312003,7312012,14.057245485210272,1.4347116094919876,11.84936167124849,1.2093704113438049
itq_fit,500,rotated_heterogeneous,7312003,7312013,13.840180327315524,1.4125574895845379,11.839326603941798,1.2083462115756431
itq_fit,500,rotated_heterogeneous,7312003,7312014,13.84842991367529,1.41339945946664,11.80493741081544,1.2048363792495762
itq_fit,500,rotated_heterogeneous,7312003,7312015,13.93679609657441,1.4224182952424855,11.833805557906784,1.2077827221743014
itq_fit,500,rotated_heterogeneous,7312003,7312016,13.978358859998167,1.4266602770211614,11.893346309250294,1.213859574661532
itq_fit,500,rotated_heterogeneous,7312003,7312017,13.86956399574249,1.4155564476852542,11.824020157531168,1.206784003930589
itq_fit,500,rotated_heterogeneous,7312003,7312018,13.854176603086543,1.4139859784986326,11.799969090054041,1.204329302135247
itq_fit,500,rotated_heterogeneous,7312003,7312019,13.8808098441342,1.4167042222804371,11.818389866867685,1.2062093647960437
itq_fit,500,rotated_heterogeneous,7312003,7312020,13.978660044313036,1.4266910165165763,11.851399761907258,1.209578423100618
itq_fit,500,rotated_heterogeneous,7312004,7312005,13.931233684484697,1.4218505839358655,11.840428391796614,1.2084586623276887
itq_fit,500,rotated_heterogeneous,7312004,7312006,13.951487802359729,1.4239177611851992,11.819524783215583,1.2063251967107558
itq_fit,500,rotated_heterogeneous,7312004,7312007,13.964685793176578,1.4252647754823333,11.79809455156353,1.204137982851707
itq_fit,500,rotated_heterogeneous,7312004,7312008,13.744488566862179,1.402790990180399,11.85677208621696,1.2101267336544312
itq_fit,500,rotated_heterogeneous,7312004,7312009,13.779720174692034,1.4063868010971068,11.827913383924837,1.2071813546854901
itq_fit,500,rotated_heterogeneous,7312004,7312010,13.849967327174374,1.4135563710748242,11.855731130911424,1.2100204915984476
itq_fit,500,rotated_heterogeneous,7312004,7312011,13.959890514230985,1.4247753593743744,11.858322359314307,1.2102849577398673
itq_fit,500,rotated_heterogeneous,7312004,7312012,13.8549830894259,1.4140682901659638,11.799214472941907,1.204252284348751
itq_fit,500,rotated_heterogeneous,7312004,7312013,13.827667305050841,1.4112803845975146,11.857990742993648,1.2102511122908675
itq_fit,500,rotated_heterogeneous,7312004,7312014,13.940988242960866,1.4228461543913968,11.840651769943841,1.208481460764372
itq_fit,500,rotated_heterogeneous,7312004,7312015,13.729458964361822,1.4012570377986184,11.77547884470666,1.2018297769362198
itq_fit,500,rotated_heterogeneous,7312004,7312016,13.723169129868008,1.4006150842537683,11.84640347673356,1.2090684918804098
itq_fit,500,rotated_heterogeneous,7312004,7312017,13.847603429268059,1.4133151067550531,11.81894878646091,1.2062664092881539
itq_fit,500,rotated_heterogeneous,7312004,7312018,13.858433726050649,1.4144204692917304,11.814390645639937,1.2058011959886898
itq_fit,500,rotated_heterogeneous,7312004,7312019,13.901380772789802,1.418803733894663,11.852830282761788,1.2097244250239516
itq_fit,500,rotated_heterogeneous,7312004,7312020,13.842481751303215,1.4127923776866895,11.823691435727705,1.2067504539020135
itq_fit,500,rotated_heterogeneous,7312005,7312006,13.877128365653023,1.4163284829563572,11.832108783528941,1.207609545864537
itq_fit,500,rotated_heterogeneous,7312005,7312007,13.901949607377814,1.4188617903316911,11.833297910028309,1.2077309105796652
itq_fit,500,rotated_heterogeneous,7312005,7312008,14.042485950784478,1.4332052208176445,11.827231737747793,1.2071117844638701
itq_fit,500,rotated_heterogeneous,7312005,7312009,13.866477417412828,1.4152414251036374,11.827187166459058,1.2071072354257628
itq_fit,500,rotated_heterogeneous,7312005,7312010,13.921982870016288,1.420906426637834,11.840949234521062,1.2085118206156529
itq_fit,500,rotated_heterogeneous,7312005,7312011,13.87132358192581,1.4157360346980703,11.791302944643919,1.2034448173730985
itq_fit,500,rotated_heterogeneous,7312005,7312012,13.887504735301187,1.417387516748878,11.837987345957195,1.208209524129967
itq_fit,500,rotated_heterogeneous,7312005,7312013,13.823692827379325,1.4108747411687939,11.786776078527055,1.2029827960347563
itq_fit,500,rotated_heterogeneous,7312005,7312014,13.742612614238462,1.402599526567493,11.837916284719734,1.2082022714727891
itq_fit,500,rotated_heterogeneous,7312005,7312015,13.848145324915402,1.4133704137479626,11.860020681952252,1.2104582920682665
itq_fit,500,rotated_heterogeneous,7312005,7312016,13.852638990308536,1.4138290465516286,11.869768691669943,1.2114531941439346
itq_fit,500,rotated_heterogeneous,7312005,7312017,13.856807165733514,1.4142544591745285,11.829234336229637,1.207316173815545
itq_fit,500,rotated_heterogeneous,7312005,7312018,13.841945360333778,1.4127376325126164,11.791074357320374,1.2034214872770839
itq_fit,500,rotated_heterogeneous,7312005,7312019,13.826826722578256,1.4111945930081577,11.828194273104712,1.2072100228173634
itq_fit,500,rotated_heterogeneous,7312005,7312020,13.698683165407106,1.3981159959708878,11.803262557968736,1.204665440296715
itq_fit,500,rotated_heterogeneous,7312006,7312007,13.832326611820896,1.41175592310342,11.820261406436437,1.2064003780034132
itq_fit,500,rotated_heterogeneous,7312006,7312008,13.958069099747911,1.424589462037139,11.810231300702057,1.2053766846236051
itq_fit,500,rotated_heterogeneous,7312006,7312009,13.822382083468947,1.4107409639286317,11.861396305810434,1.2105986910903725
itq_fit,500,rotated_heterogeneous,7312006,7312010,13.788843531894525,1.4073179498424089,11.86086157845677,1.2105441157083732
itq_fit,500,rotated_heterogeneous,7312006,7312011,13.902692016092063,1.4189375621037956,11.860256501674444,1.2104823603178771
itq_fit,500,rotated_heterogeneous,7312006,7312012,13.78840031230173,1.4072727139321441,11.872159073337809,1.2116971614513001
itq_fit,500,rotated_heterogeneous,7312006,7312013,13.779183735385615,1.406332050989661,11.826163444643742,1.2070027522555093
itq_fit,500,rotated_heterogeneous,7312006,7312014,13.897423420981438,1.4183998383670309,11.800556661062163,1.204389270850145
itq_fit,500,rotated_heterogeneous,7312006,7312015,13.79810108021536,1.4082627944113757,11.856237375970288,1.210072160018407
itq_fit,500,rotated_heterogeneous,7312006,7312016,14.0030199625067,1.429177240256177,11.844071159637588,1.2088304507635974
itq_fit,500,rotated_heterogeneous,7312006,7312017,13.914608738758272,1.4201538075178985,11.84606828145247,1.2090342811552908
itq_fit,500,rotated_heterogeneous,7312006,7312018,13.814846167271892,1.4099718327025001,11.872671634466615,1.2117494745024486
itq_fit,500,rotated_heterogeneous,7312006,7312019,13.84230157513596,1.4127739885336235,11.785138710235177,1.2028156828332517
itq_fit,500,rotated_heterogeneous,7312006,7312020,13.907644950983206,1.4194430689043176,11.837894834967999,1.2082000822666699
itq_fit,500,rotated_heterogeneous,7312007,7312008,13.865258188831938,1.415116988107679,11.831206531119749,1.2075174601136323
itq_fit,500,rotated_heterogeneous,7312007,7312009,13.825214524526109,1.4110300487334884,11.793518928836269,1.2036709853126542
itq_fit,500,rotated_heterogeneous,7312007,7312010,13.836202448372292,1.4121514990149762,11.8290005284306,1.2072923109069813
itq_fit,500,rotated_heterogeneous,7312007,7312011,13.99640577911753,1.4285021829908162,11.7872954601009,1.2030358051946617
itq_fit,500,rotated_heterogeneous,7312007,7312012,13.76566181053935,1.4049519753140938,11.791339054173914,1.2034485027865711
itq_fit,500,rotated_heterogeneous,7312007,7312013,13.822401803591273,1.4107429766051887,11.802622920376562,1.2046001575583345
itq_fit,500,rotated_heterogeneous,7312007,7312014,13.740854703946617,1.4024201105996343,11.863596267879945,1.2108232237788634
itq_fit,500,rotated_heterogeneous,7312007,7312015,13.957187390240646,1.4244994729373825,11.781402442267378,1.2024343515806095
itq_fit,500,rotated_heterogeneous,7312007,7312016,13.755456060649776,1.4039103553277636,11.863769462548895,1.2108409003857423
itq_fit,500,rotated_heterogeneous,7312007,7312017,13.831926515923582,1.411715088486895,11.822571313758138,1.2066361319322167
itq_fit,500,rotated_heterogeneous,7312007,7312018,13.954509515731257,1.4242261635147488,11.841868095010591,1.208605601421659
itq_fit,500,rotated_heterogeneous,7312007,7312019,13.929726519264959,1.4216967595297643,11.818311770591725,1.2062013941282557
itq_fit,500,rotated_heterogeneous,7312007,7312020,13.743312453646498,1.4026709536279756,11.836517671970414,1.2080595261568063
itq_fit,500,rotated_heterogeneous,7312008,7312009,13.841664546760745,1.412708972097334,11.845283653291377,1.2089542003789366
itq_fit,500,rotated_heterogeneous,7312008,7312010,13.834451151006188,1.4119727579760248,11.826319618973756,1.20701869173132
itq_fit,500,rotated_heterogeneous,7312008,7312011,13.936135444310697,1.4223508677031726,11.83132525760207,1.2075295775844923
itq_fit,500,rotated_heterogeneous,7312008,7312012,13.816000803543846,1.4100896772735334,11.812122754464498,1.2055697303148571
itq_fit,500,rotated_heterogeneous,7312008,7312013,13.888189397147785,1.417457394755983,11.777697679429915,1.2020562358068674
itq_fit,500,rotated_heterogeneous,7312008,7312014,13.846220893955088,1.4131740023355466,11.820823491718839,1.206457745592322
itq_fit,500,rotated_heterogeneous,7312008,7312015,13.924007238694113,1.4211130379008314,11.764692856831855,1.2007289366585066
itq_fit,500,rotated_heterogeneous,7312008,7312016,13.742731384896205,1.4026116485469882,11.864129206954614,1.210877616645402
itq_fit,500,rotated_heterogeneous,7312008,7312017,13.888785968471039,1.4175182820616976,11.867927720145047,1.211265300774477
itq_fit,500,rotated_heterogeneous,7312008,7312018,13.895199260742519,1.4181728359632169,11.843490770222404,1.2087712150169594
itq_fit,500,rotated_heterogeneous,7312008,7312019,14.040674653689498,1.4330203560820076,11.820566987705439,1.20643156626108
itq_fit,500,rotated_heterogeneous,7312008,7312020,13.950951925430205,1.423863068475105,11.82174104318469,1.2065513927966587
itq_fit,500,rotated_heterogeneous,7312009,7312010,13.874688864567078,1.4160795024193766,11.824112909683194,1.2067934704074643
itq_fit,500,rotated_heterogeneous,7312009,7312011,13.828843474009751,1.4114004268392075,11.85368640025642,1.2098118021498565
itq_fit,500,rotated_heterogeneous,7312009,7312012,13.859527693116314,1.4145321218378257,11.793686637156615,1.2036881019714234
itq_fit,500,rotated_heterogeneous,7312009,7312013,13.897526096093522,1.4184103176017762,11.796332774807112,1.2039581722644603
itq_fit,500,rotated_heterogeneous,7312009,7312014,13.814926417506975,1.4099800232078206,11.822721209142253,1.2066514305657952
itq_fit,500,rotated_heterogeneous,7312009,7312015,13.70335753370313,1.3985930716873505,11.818024408993093,1.2061720654079089
itq_fit,500,rotated_heterogeneous,7312009,7312016,13.699257868165974,1.398174651325596,11.813287905881346,1.205688648083372
itq_fit,500,rotated_heterogeneous,7312009,7312017,13.80524656986737,1.4089920778951157,11.89552735167129,1.2140821763714822
itq_fit,500,rotated_heterogeneous,7312009,7312018,13.934795168003392,1.422214076325371,11.868443626734432,1.2113179552702658
itq_fit,500,rotated_heterogeneous,7312009,7312019,13.687508158209827,1.3969754515748352,11.850566143803189,1.2094933423091465
itq_fit,500,rotated_heterogeneous,7312009,7312020,13.895623202893276,1.4182161043777923,11.858399977285302,1.2102928795908592
itq_fit,500,rotated_heterogeneous,7312010,7312011,13.960275483407155,1.4248146501263876,11.787086094459124,1.2030144369033273
itq_fit,500,rotated_heterogeneous,7312010,7312012,13.920222165690815,1.4207267255051121,11.854161481971685,1.2098602899743784
itq_fit,500,rotated_heterogeneous,7312010,7312013,13.93011276084956,1.4217361801464192,11.816547196644835,1.206021298053952
itq_fit,500,rotated_heterogeneous,7312010,7312014,13.72002352601932,1.4002940374053425,11.854483639677753,1.2098931700575688
itq_fit,500,rotated_heterogeneous,7312010,7312015,13.948411494132369,1.4236037867915095,11.777207313245153,1.2020061880177098
itq_fit,500,rotated_heterogeneous,7312010,7312016,13.881978530015772,1.4168235007837473,11.8090608037904,1.2052572212828108
itq_fit,500,rotated_heterogeneous,7312010,7312017,13.968944281143393,1.4256994055904366,11.825592311851405,1.2069444612589846
itq_fit,500,rotated_heterogeneous,7312010,7312018,13.763947293259314,1.4047769881269574,11.816611089234831,1.2060278190641116
itq_fit,500,rotated_heterogeneous,7312010,7312019,13.88679076831413,1.4173146477983998,11.86224371633971,1.210685179565347
itq_fit,500,rotated_heterogeneous,7312010,7312020,13.72828626452915,1.4011373496231394,11.854888535836178,1.209934494598692
itq_fit,500,rotated_heterogeneous,7312011,7312012,13.800396049594394,1.40849702374279,11.844450368033273,1.2088691535584144
itq_fit,500,rotated_heterogeneous,7312011,7312013,13.822841617559659,1.4107878649303676,11.80253392360438,1.2045910743633095
itq_fit,500,rotated_heterogeneous,7312011,7312014,13.892073093053863,1.4178537728095675,11.80117313401824,1.204452189357754
itq_fit,500,rotated_heterogeneous,7312011,7312015,13.878635918636329,1.4164823469384118,11.823607506037742,1.206741887863902
itq_fit,500,rotated_heterogeneous,7312011,7312016,13.872551307520869,1.4158613389169057,11.81870272076628,1.2062412953133603
itq_fit,500,rotated_heterogeneous,7312011,7312017,13.954978856675048,1.4242740654242356,11.807594169794301,1.2051075335774
itq_fit,500,rotated_heterogeneous,7312011,7312018,13.815777933584084,1.410066930703516,11.82241168121716,1.2066198395042276
itq_fit,500,rotated_heterogeneous,7312011,7312019,13.87890753006953,1.4165100681642304,11.829230633808738,1.2073157959387941
itq_fit,500,rotated_heterogeneous,7312011,7312020,13.86412436876272,1.4150012680814412,11.847504967052494,1.2091809122653268
itq_fit,500,rotated_heterogeneous,7312012,7312013,13.706721973583656,1.3989364533947486,11.877991596925922,1.2122924408972846
itq_fit,500,rotated_heterogeneous,7312012,7312014,13.876815459852203,1.4162965471417919,11.764344755563965,1.2006934087216254
itq_fit,500,rotated_heterogeneous,7312012,7312015,13.77735086694552,1.4061449846378324,11.818903794509543,1.2062618173163464
itq_fit,500,rotated_heterogeneous,7312012,7312016,13.928470057095147,1.4215685223965497,11.837806760301119,1.2081910931836233
itq_fit,500,rotated_heterogeneous,7312012,7312017,13.942107147193273,1.4229603520764151,11.818652636338266,1.2062361835928312
itq_fit,500,rotated_heterogeneous,7312012,7312018,13.842779566088312,1.4128227732809124,11.832580786225375,1.2076577194380154
itq_fit,500,rotated_heterogeneous,7312012,7312019,13.791072008050968,1.4075453927377106,11.822461170875565,1.2066248905213375
itq_fit,500,rotated_heterogeneous,7312012,7312020,13.81676616298964,1.4101677914448674,11.808338650592967,1.2051835168307345
itq_fit,500,rotated_heterogeneous,7312013,7312014,13.91616627929825,1.420312773333592,11.83360561103289,1.2077623151819388
itq_fit,500,rotated_heterogeneous,7312013,7312015,13.935840096453209,1.4223207238886948,11.80283393126064,1.2046216937665082
itq_fit,500,rotated_heterogeneous,7312013,7312016,13.714834638067572,1.3997644487464151,11.793738475573821,1.2036933927077247
itq_fit,500,rotated_heterogeneous,7312013,7312017,13.808950439757467,1.409370102532799,11.856380768619243,1.210086794969357
itq_fit,500,rotated_heterogeneous,7312013,7312018,13.785962370693694,1.4070238925587113,11.809915138251197,1.2053444164285871
itq_fit,500,rotated_heterogeneous,7312013,7312019,13.785647263962415,1.4069917321126217,11.78920344600305,1.2032305381903572
itq_fit,500,rotated_heterogeneous,7312013,7312020,13.827123069223344,1.4112248387609683,11.852989981595325,1.2097407242178968
itq_fit,500,rotated_heterogeneous,7312014,7312015,13.667436780037889,1.3949269251183483,11.84756663898425,1.209187206630504
itq_fit,500,rotated_heterogeneous,7312014,7312016,13.951210554635203,1.4238894647078062,11.844071519151111,1.2088304874562925
itq_fit,500,rotated_heterogeneous,7312014,7312017,13.870713610705801,1.41567377977112,11.839653873760579,1.2083796134116525
itq_fit,500,rotated_heterogeneous,7312014,7312018,13.851819208617078,1.4137453779331057,11.86022926272963,1.2104795802547137
itq_fit,500,rotated_heterogeneous,7312014,7312019,13.812876212677388,1.4097707750536257,11.817031241646058,1.206070700690016
itq_fit,500,rotated_heterogeneous,7312014,7312020,13.821099748636554,1.41061008617785,11.829077243470277,1.2073001406029316
itq_fit,500,rotated_heterogeneous,7312015,7312016,13.78752059526387,1.4071829281879447,11.857548839321035,1.210206010686144
itq_fit,500,rotated_heterogeneous,7312015,7312017,13.883927619699437,1.4170224289165765,11.857914423974597,1.2102433230136032
itq_fit,500,rotated_heterogeneous,7312015,7312018,13.728711903764363,1.401180791245672,11.862352585378426,1.2106962909650822
itq_fit,500,rotated_heterogeneous,7312015,7312019,13.885723720724307,1.4172057427098026,11.78873267929496,1.2031824907644109
itq_fit,500,rotated_heterogeneous,7312015,7312020,13.675000990929998,1.3956989441597012,11.844824438818197,1.2089073319980288
itq_fit,500,rotated_heterogeneous,7312016,7312017,13.79243643381234,1.4076846488588468,11.866872280963923,1.2111575804641312
itq_fit,500,rotated_heterogeneous,7312016,7312018,13.706336255961272,1.3988970862547636,11.796817549037499,1.2040076493271645
itq_fit,500,rotated_heterogeneous,7312016,7312019,14.026854503975215,1.4316098429583048,11.851442918054698,1.2095828277064717
itq_fit,500,rotated_heterogeneous,7312016,7312020,13.841344951607303,1.4126763535535756,11.830008197804347,1.2073951557317775
itq_fit,500,rotated_heterogeneous,7312017,7312018,13.789947388813198,1.4074306117674,11.831457168413522,1.2075430406753096
itq_fit,500,rotated_heterogeneous,7312017,7312019,13.948587746768675,1.4236217755008749,11.83447630975423,1.2078511804980627
itq_fit,500,rotated_heterogeneous,7312017,7312020,13.884905161613375,1.4171221988703822,11.83050143724987,1.2074454967718835
itq_fit,500,rotated_heterogeneous,7312018,7312019,13.775662276144432,1.4059726435608733,11.86750551671316,1.211222209817153
itq_fit,500,rotated_heterogeneous,7312018,7312020,13.85854877311731,1.4144322112338021,11.839472242463204,1.2083610757449905
itq_fit,500,rotated_heterogeneous,7312019,7312020,13.827064051499958,1.4112188152897984,11.84633109449503,1.2090611043991248
itq_fit,1000,gaussian,7312001,7312002,13.853557807137646,1.413922822901562,11.878674563452273,1.2123621458764913
itq_fit,1000,gaussian,7312001,7312003,13.811620227363324,1.4096425865892972,11.832576345309636,1.2076572661889509
itq_fit,1000,gaussian,7312001,7312004,13.942321158185127,1.4229821944818064,11.829772451629731,1.207371094988585
itq_fit,1000,gaussian,7312001,7312005,13.91005033068548,1.4196885669421602,11.82018260347918,1.2063923352102675
itq_fit,1000,gaussian,7312001,7312006,13.817015798836216,1.410193269796768,11.844981475220447,1.2089233594587185
itq_fit,1000,gaussian,7312001,7312007,13.86893735090672,1.4154924910145215,11.841570760413559,1.2085752548364255
itq_fit,1000,gaussian,7312001,7312008,13.79731327292741,1.4081823891667455,11.800461977280236,1.2043796072271185
itq_fit,1000,gaussian,7312001,7312009,13.816670366391094,1.4101580142454702,11.821286671980324,1.206505018729804
itq_fit,1000,gaussian,7312001,7312010,13.716370656270987,1.3999212179478315,11.812008648359168,1.205558084409249
itq_fit,1000,gaussian,7312001,7312011,13.852367762503938,1.41380136447974,11.807368477128527,1.2050844989161569
itq_fit,1000,gaussian,7312001,7312012,13.899708947750836,1.4186331039661348,11.886074364349927,1.2131173848930514
itq_fit,1000,gaussian,7312001,7312013,13.827637854090309,1.411277378771442,11.808725672975793,1.2052230171372746
itq_fit,1000,gaussian,7312001,7312014,13.819079572650347,1.410403902829649,11.846666907617786,1.2090953781824452
itq_fit,1000,gaussian,7312001,7312015,13.897684985615964,1.4184265341957536,11.849076925933868,1.2093413496468268
itq_fit,1000,gaussian,7312001,7312016,13.945471254483733,1.4233036998389819,11.839567125475353,1.2083707597018665
itq_fit,1000,gaussian,7312001,7312017,13.845140038395515,1.413063687976938,11.821101344637416,1.2064861038370744
itq_fit,1000,gaussian,7312001,7312018,13.938560020345912,1.4225983249585417,11.861990912499998,1.2106593778815007
itq_fit,1000,gaussian,7312001,7312019,13.900281051451438,1.4186914940555697,11.806297775820976,1.2049752209215556
itq_fit,1000,gaussian,7312001,7312020,13.761031832754973,1.4044794301852546,11.839335799397823,1.2083471500829437
itq_fit,1000,gaussian,7312002,7312003,13.911354029412156,1.4198216251362714,11.793595533970246,1.2036788037914008
itq_fit,1000,gaussian,7312002,7312004,13.789029709081408,1.407336951471976,11.821315463492459,1.2065079572512063
itq_fit,1000,gaussian,7312002,7312005,13.91568550097242,1.4202637041011892,11.838817948062768,1.2082942971023811
itq_fit,1000,gaussian,7312002,7312006,13.710656405791003,1.3993380097003976,11.788295339710396,1.2031378549799734
itq_fit,1000,gaussian,7312002,7312007,13.911719707928054,1.419858947043515,11.854026500627942,1.2098465134986716
itq_fit,1000,gaussian,7312002,7312008,13.727186409889137,1.4010250961790036,11.833616834589476,1.207763460681386
itq_fit,1000,gaussian,7312002,7312009,13.835753255449923,1.4121056534543148,11.81807371391542,1.2061770975704718
itq_fit,1000,gaussian,7312002,7312010,13.862057264129213,1.4147902950982314,11.822500758479535,1.2066289309142486
itq_fit,1000,gaussian,7312002,7312011,13.761685281807159,1.4045461225498694,11.832473653417336,1.207646785241582
itq_fit,1000,gaussian,7312002,7312012,13.893904492111444,1.4180406891931712,11.816845641381718,1.2060517579423595
itq_fit,1000,gaussian,7312002,7312013,13.900708061194061,1.4187350755549288,11.830404288554274,1.2074355815746591
itq_fit,1000,gaussian,7312002,7312014,13.921074690602449,1.4208137359645503,11.881711823715133,1.2126721349539928
itq_fit,1000,gaussian,7312002,7312015,13.850203965099052,1.4135805228318763,11.827763955446796,1.2071661037053134
itq_fit,1000,gaussian,7312002,7312016,13.714151690700461,1.39969474572264,11.873632424971591,1.2118475347727362
itq_fit,1000,gaussian,7312002,7312017,13.81078375441767,1.4095572144267765,11.862110829697384,1.2106716168792082
itq_fit,1000,gaussian,7312002,7312018,13.872035901400958,1.4158087355000686,11.846507770311224,1.2090791362991067
itq_fit,1000,gaussian,7312002,7312019,14.030055672981732,1.431936560901904,11.844387915212309,1.208862779494066
itq_fit,1000,gaussian,7312002,7312020,13.832659493786958,1.4117898977268126,11.845002912517405,1.2089255473936773
itq_fit,1000,gaussian,7312003,7312004,13.966412833095276,1.4254410407559261,11.831946867373352,1.2075930203661076
itq_fit,1000,gaussian,7312003,7312005,13.920703407387911,1.420775842030147,11.820721837481049,1.206447370550123
itq_fit,1000,gaussian,7312003,7312006,13.825098504587167,1.411018207498055,11.839225169800914,1.2083358589969904
itq_fit,1000,gaussian,7312003,7312007,13.788737388609809,1.4073071166387765,11.855395186592316,1.209986204424956
itq_fit,1000,gaussian,7312003,7312008,13.788521046854726,1.4072850363508593,11.83092106913676,1.2074883252719952
itq_fit,1000,gaussian,7312003,7312009,13.86541646574266,1.4151331421772348,11.830999641176692,1.2074963444972404
itq_fit,1000,gaussian,7312003,7312010,13.86593660036982,1.415186228195322,11.806918258068555,1.2050385486257649
itq_fit,1000,gaussian,7312003,7312011,13.725743658101612,1.4008778459412983,11.876288831340638,1.2121186531124712
itq_fit,1000,gaussian,7312003,7312012,13.983570907123687,1.4271922293533639,11.851556867037706,1.2095944575758502
itq_fit,1000,gaussian,7312003,7312013,13.895219801271132,1.4181749323721395,11.844846140637138,1.2089095469306494
itq_fit,1000,gaussian,7312003,7312014,13.771826899227559,1.4055811970434737,11.869803629182135,1.211456759938841
itq_fit,1000,gaussian,7312003,7312015,13.893507319116459,1.418000152894116,11.826811918728035,1.2070689368645902
itq_fit,1000,gaussian,7312003,7312016,13.910753565232733,1.4197603405175878,11.814873275192875,1.2058504541611685
itq_fit,1000,gaussian,7312003,7312017,13.957287318800818,1.4245096718533472,11.832733835228284,1.207673339936464
itq_fit,1000,gaussian,7312003,7312018,13.812999939276489,1.4097834028467677,11.78856186953402,1.2031650575661863
itq_fit,1000,gaussian,7312003,7312019,13.782632522797105,1.4066840413808894,11.863237064297492,1.2107865627167471
itq_fit,1000,gaussian,7312003,7312020,13.851347994844987,1.413697284878881,11.829764668246753,1.2073703006003862
itq_fit,1000,gaussian,7312004,7312005,13.923483488670053,1.4210595828878432,11.830943020583106,1.2074905656821062
itq_fit,1000,gaussian,7312004,7312006,14.106263501134272,1.4397144897927134,11.837374986456958,1.2081470254501867
itq_fit,1000,gaussian,7312004,7312007,13.954999811477034,1.4242762041147576,11.863588995025529,1.2108224814962678
itq_fit,1000,gaussian,7312004,7312008,13.94607960317265,1.4233657891670461,11.794099916744802,1.2037302821427638
itq_fit,1000,gaussian,7312004,7312009,13.840152091962569,1.4125546078258941,11.82265406058889,1.2066445772452659
itq_fit,1000,gaussian,7312004,7312010,13.689737569971063,1.3972029899599014,11.836290780541233,1.2080363691472855
itq_fit,1000,gaussian,7312004,7312011,13.888032034877318,1.4174413340365075,11.786884208385406,1.2029938319922113
itq_fit,1000,gaussian,7312004,7312012,13.716846805829547,1.3999698147586532,11.846735216744726,1.2091023499535192
itq_fit,1000,gaussian,7312004,7312013,13.814273805017118,1.4099134162244908,11.834319195288437,1.207835145070046
itq_fit,1000,gaussian,7312004,7312014,13.921790575124842,1.4208868006226594,11.834150933745192,1.207817971948201
itq_fit,1000,gaussian,7312004,7312015,13.903579028338138,1.4190280924120657,11.798875382950818,1.2042176761214574
itq_fit,1000,gaussian,7312004,7312016,13.808745830524298,1.4093492196903854,11.859855457740194,1.2104414289427374
itq_fit,1000,gaussian,7312004,7312017,13.878192312755418,1.4164370716027814,11.82674872606069,1.2070624872899867
itq_fit,1000,gaussian,7312004,7312018,13.777780109951252,1.4061887940686535,11.840725946652316,1.2084890313929786
itq_fit,1000,gaussian,7312004,7312019,13.704019903332183,1.3986606745045294,11.844036103322265,1.2088268728433973
itq_fit,1000,gaussian,7312004,7312020,13.782828909619283,1.4067040850269956,11.867400670763992,1.2112115090222753
itq_fit,1000,gaussian,7312005,7312006,13.8538539195842,1.4139530447515845,11.845703491901634,1.2089970499776639
itq_fit,1000,gaussian,7312005,7312007,13.90297690477323,1.4189666384330604,11.878832682043202,1.2123782837876005
itq_fit,1000,gaussian,7312005,7312008,13.888008608110436,1.4174389430521248,11.883179326527168,1.212821911332559
itq_fit,1000,gaussian,7312005,7312009,13.780151519512692,1.4064308250435154,11.836134357787188,1.2080204043168032
itq_fit,1000,gaussian,7312005,7312010,13.91962778417111,1.4206660616952864,11.834354485947351,1.2078387469078387
itq_fit,1000,gaussian,7312005,7312011,13.861644469646063,1.4147481644377167,11.873373843871716,1.2118211434497437
itq_fit,1000,gaussian,7312005,7312012,13.88845676649585,1.4174846830258006,11.817154233445287,1.20608325348796
itq_fit,1000,gaussian,7312005,7312013,13.924361007379789,1.4211491442661182,11.842395871165877,1.208659467349945
itq_fit,1000,gaussian,7312005,7312014,13.819062563658441,1.410402166856682,11.834233447886033,1.2078263935124351
itq_fit,1000,gaussian,7312005,7312015,13.906170756275216,1.4192926095369807,11.870649006970188,1.2115430409480332
itq_fit,1000,gaussian,7312005,7312016,13.928304915935506,1.4215516677475226,11.758451435560096,1.2000919242674413
itq_fit,1000,gaussian,7312005,7312017,13.83343406305729,1.4118689518719274,11.914093290611225,1.2159770545797532
itq_fit,1000,gaussian,7312005,7312018,13.789489459068612,1.4073838745085552,11.832237096455586,1.207622641747774
itq_fit,1000,gaussian,7312005,7312019,13.710951074875203,1.3993680842378668,11.821502064429485,1.2065270021295913
itq_fit,1000,gaussian,7312005,7312020,13.899335607457934,1.4185950000820502,11.804255183683672,1.2047667497345131
itq_fit,1000,gaussian,7312006,7312007,13.852772011311883,1.4138426229509315,11.769199071287275,1.2011888502454786
itq_fit,1000,gaussian,7312006,7312008,13.795066740137651,1.4079531033740231,11.848850587060845,1.2093182490323324
itq_fit,1000,gaussian,7312006,7312009,13.834689456857127,1.411997079965088,11.869810420179908,1.211457453042149
itq_fit,1000,gaussian,7312006,7312010,13.918233576415155,1.4205237659620564,11.83732925896272,1.2081423584073494
itq_fit,1000,gaussian,7312006,7312011,13.73330978617917,1.4016500606545717,11.807640127151078,1.2051122240804846
itq_fit,1000,gaussian,7312006,7312012,13.892240738494479,1.4178708830507014,11.809412583790067,1.2052931246786818
itq_fit,1000,gaussian,7312006,7312013,13.841373131287794,1.4126792296301722,11.813249304465955,1.2056847083429114
itq_fit,1000,gaussian,7312006,7312014,13.796656651018235,1.40811537297377,11.862829640518529,1.2107449802014332
itq_fit,1000,gaussian,7312006,7312015,13.951987052313932,1.4239687156702787,11.77162282008077,1.2014362230708433
itq_fit,1000,gaussian,7312006,7312016,13.938573102516989,1.422599660152036,11.855200915893434,1.2099663767547795
itq_fit,1000,gaussian,7312006,7312017,13.816586841236221,1.4101494894950481,11.796752883036719,1.204001049381097
itq_fit,1000,gaussian,7312006,7312018,13.745252472574288,1.40286895598066,11.825825099827776,1.206968220082333
itq_fit,1000,gaussian,7312006,7312019,13.844993198253398,1.4130487011676904,11.830785054780895,1.2074744433649303
itq_fit,1000,gaussian,7312006,7312020,13.841944072623718,1.4127375010862588,11.798554686300163,1.2041849451566105
itq_fit,1000,gaussian,7312007,7312008,13.912146514666196,1.4199025078238163,11.790385483791102,1.203351179416916
itq_fit,1000,gaussian,7312007,7312009,13.836518650538396,1.4121837712634144,11.8073773921509,1.2050854088018177
itq_fit,1000,gaussian,7312007,7312010,13.834034050556985,1.41193018783969,11.821365626939395,1.2065130770365702
itq_fit,1000,gaussian,7312007,7312011,13.861373820816704,1.4147205414572412,11.853108710317752,1.2097528419173866
itq_fit,1000,gaussian,7312007,7312012,13.820662818809788,1.4105654922141426,11.82686810210975,1.2070746710569744
itq_fit,1000,gaussian,7312007,7312013,13.87928024485413,1.4165481082076412,11.848724475417807,1.2093053778166631
itq_fit,1000,gaussian,7312007,7312014,13.765086466554548,1.4048932545145378,11.818722409760838,1.2062433048129526
itq_fit,1000,gaussian,7312007,7312015,13.831702279678012,1.4116922024709164,11.834598961093771,1.2078636985479856
itq_fit,1000,gaussian,7312007,7312016,13.829152530519492,1.4114319697871471,11.769604862039387,1.2012302660906875
itq_fit,1000,gaussian,7312007,7312017,13.860337543158066,1.414614776811595,11.817546592823327,1.2061232984992931
itq_fit,1000,gaussian,7312007,7312018,14.032181462028126,1.4321535233379232,11.831245061029602,1.2075213925560895
itq_fit,1000,gaussian,7312007,7312019,13.9101618335085,1.41969994715138,11.825104349815662,1.2068946588422587
itq_fit,1000,gaussian,7312007,7312020,13.8095092041841,1.409427131188285,11.833851532657127,1.2077874144526093
itq_fit,1000,gaussian,7312008,7312009,13.776118209207457,1.4060191770342596,11.85026305870315,1.2094624088156576
itq_fit,1000,gaussian,7312008,7312010,13.920244369053965,1.4207289916263743,11.860895733664423,1.2105476016596568
itq_fit,1000,gaussian,7312008,7312011,13.854049086947052,1.4139729639371441,11.821895141034151,1.2065671203425603
itq_fit,1000,gaussian,7312008,7312012,13.885007437079299,1.4171326373164121,11.868318808778495,1.211305216090983
itq_fit,1000,gaussian,7312008,7312013,13.864735690652328,1.41506366086053,11.780620239081824,1.202354518302285
itq_fit,1000,gaussian,7312008,7312014,13.75179046036179,1.4035362365649902,11.822263763099572,1.2066047426745692
itq_fit,1000,gaussian,7312008,7312015,13.925033462332584,1.4212177764123413,11.779319403084632,1.2022217522842782
itq_fit,1000,gaussian,7312008,7312016,13.78502632365218,1.4069283576575884,11.867877878055264,1.21126021378749
itq_fit,1000,gaussian,7312008,7312017,13.873415699844687,1.415949560589028,11.840790366662544,1.2084956062327405
itq_fit,1000,gaussian,7312008,7312018,13.865176114792321,1.415108611461088,11.767621724717339,1.2010278629853173
itq_fit,1000,gaussian,7312008,7312019,13.843923236490408,1.4129394986525399,11.890424482403086,1.2135613669576808
itq_fit,1000,gaussian,7312008,7312020,13.9951802990349,1.4283771079536334,11.87471676970818,1.2119582052439826
itq_fit,1000,gaussian,7312009,7312010,13.764418729737068,1.4048251039109838,11.872930109496657,1.2117758549997342
itq_fit,1000,gaussian,7312009,7312011,13.910696136262452,1.4197544791978527,11.844516908243138,1.2088759447901454
itq_fit,1000,gaussian,7312009,7312012,13.843105703409078,1.4128560595318271,11.783673518985912,1.202666142377573
itq_fit,1000,gaussian,7312009,7312013,13.902834396889132,1.418952093783045,11.79395786997049,1.203715784554569
itq_fit,1000,gaussian,7312009,7312014,13.813730003331491,1.4098579146973635,11.852351553415213,1.209675564914618
itq_fit,1000,gaussian,7312009,7312015,13.755572956137991,1.4039222859235705,11.878889170571664,1.2123840491238944
itq_fit,1000,gaussian,7312009,7312016,13.895218910562233,1.4181748414645434,11.77444370218656,1.2017241281451654
itq_fit,1000,gaussian,7312009,7312017,13.78681746353788,1.407111165106668,11.882899033281056,1.2127933040229206
itq_fit,1000,gaussian,7312009,7312018,13.882310624756212,1.4168573950612615,11.869332177685012,1.2114086426219066
itq_fit,1000,gaussian,7312009,7312019,13.78251038165109,1.4066715754023755,11.868515160293848,1.2113252561336012
itq_fit,1000,gaussian,7312009,7312020,13.900425619021284,1.418706248921381,11.832109191372995,1.2076095874899466
itq_fit,1000,gaussian,7312010,7312011,13.814488142731632,1.4099352919758739,11.831983427993672,1.2075967518187936
itq_fit,1000,gaussian,7312010,7312012,13.894213886442916,1.4180722666198968,11.830163127749987,1.2074109682031398
itq_fit,1000,gaussian,7312010,7312013,13.948544927080814,1.423617405234783,11.821798510413721,1.2065572580211612
itq_fit,1000,gaussian,7312010,7312014,13.725466050661652,1.4008495127506022,11.832873905166188,1.207687635764638
itq_fit,1000,gaussian,7312010,7312015,13.863987943634562,1.4149873442501046,11.872591773980535,1.211741323775719
itq_fit,1000,gaussian,7312010,7312016,13.838121886981876,1.4123474008977293,11.81073457626139,1.2054280499702876
itq_fit,1000,gaussian,7312010,7312017,13.893802567671408,1.4180302865735708,11.778731165598478,1.2021617155472508
itq_fit,1000,gaussian,7312010,7312018,13.781716804975966,1.4065905813221327,11.842053581781064,1.2086245325858964
itq_fit,1000,gaussian,7312010,7312019,13.89397503731036,1.4180478891823856,11.822711578071056,1.2066504475987072
itq_fit,1000,gaussian,7312010,7312020,13.764254272131758,1.4048083190269285,11.79921808109787,1.2042526526046269
itq_fit,1000,gaussian,7312011,7312012,13.842613483529254,1.4128058225507094,11.864397391383347,1.210904988104042
itq_fit,1000,gaussian,7312011,7312013,13.844318937562136,1.4129798847240567,11.823910473982412,1.2067728094002712
itq_fit,1000,gaussian,7312011,7312014,13.832940019607664,1.4118185287734963,11.840036746016215,1.20841869014761
itq_fit,1000,gaussian,7312011,7312015,13.814653243952195,1.4099521425486359,11.842242272085768,1.208643790709477
itq_fit,1000,gaussian,7312011,7312016,13.959278280954988,1.4247128735773018,11.821042151935725,1.206480062507256
itq_fit,1000,gaussian,7312011,7312017,13.926711442071241,1.4213890345022762,11.83523262639698,1.2079283717421758
itq_fit,1000,gaussian,7312011,7312018,13.940953066774671,1.4228425642369271,11.841106572516006,1.208527878857518
itq_fit,1000,gaussian,7312011,7312019,14.040156565967614,1.432967478975315,11.832751929760427,1.2076751867019178
itq_fit,1000,gaussian,7312011,7312020,13.7616121272283,1.4045386562419298,11.859778250684771,1.2104335490306406
itq_fit,1000,gaussian,7312012,7312013,13.850595800190598,1.4136205143334433,11.844045927165185,1.2088278754851667
itq_fit,1000,gaussian,7312012,7312014,13.806722737545664,1.4091427386278912,11.86302933283396,1.2107653612130316
itq_fit,1000,gaussian,7312012,7312015,13.81761939463165,1.4102548740346723,11.831677273328173,1.2075655050390919
itq_fit,1000,gaussian,7312012,7312016,13.812658818912034,1.40974858739536,11.807911114497934,1.2051398816107572
itq_fit,1000,gaussian,7312012,7312017,13.896306735578356,1.4182858671403324,11.817350706042003,1.2061033058883932
itq_fit,1000,gaussian,7312012,7312018,13.883498134772285,1.4169785947947542,11.835579431088926,1.2079637673478287
itq_fit,1000,gaussian,7312012,7312019,13.853071609226246,1.4138732005350227,11.826812280778961,1.207068973816258
itq_fit,1000,gaussian,7312012,7312020,13.899159623171206,1.418577038760999,11.807594969368806,1.205107615183631
itq_fit,1000,gaussian,7312013,7312014,13.808932646432607,1.409368286509185,11.81217425527844,1.2055749865946694
itq_fit,1000,gaussian,7312013,7312015,13.971529857434344,1.4259632948655978,11.88142106890617,1.212642459915567
itq_fit,1000,gaussian,7312013,7312016,13.876858160978701,1.4163009053072653,11.738744277928676,1.198080570914209
itq_fit,1000,gaussian,7312013,7312017,13.868779391763741,1.4154763693770005,11.863775292222138,1.2108414953742763
itq_fit,1000,gaussian,7312013,7312018,13.917670131491414,1.4204662596053346,11.821635912088896,1.2065406628991255
itq_fit,1000,gaussian,7312013,7312019,13.816043636676168,1.4100940489117948,11.797875732508592,1.2041156497254322
itq_fit,1000,gaussian,7312013,7312020,13.948263781142572,1.4235887108976184,11.836085670419358,1.2080154351831323
itq_fit,1000,gaussian,7312014,7312015,13.811829974041542,1.4096639937700004,11.861706338441483,1.210630333663276
itq_fit,1000,gaussian,7312014,7312016,13.869952892652115,1.4155961393098846,11.84764520813192,1.209195225560559
itq_fit,1000,gaussian,7312014,7312017,13.871533973402158,1.4157575076882072,11.819860751639304,1.2063594863444143
itq_fit,1000,gaussian,7312014,7312018,13.977027835960284,1.4265244299491533,11.819342876694904,1.206306630954233
itq_fit,1000,gaussian,7312014,7312019,13.791184813489432,1.4075569058945627,11.852696922613712,1.2097108140108346
itq_fit,1000,gaussian,7312014,7312020,13.889274646155991,1.417568157519065,11.87087098921525,1.2115656969160482
itq_fit,1000,gaussian,7312015,7312016,13.906076006869919,1.419282939216297,11.844175508409453,1.2088411008155289
itq_fit,1000,gaussian,7312015,7312017,13.834615055513646,1.411989486409767,11.880288598829564,1.212526877672373
itq_fit,1000,gaussian,7312015,7312018,13.787719240864183,1.4072032023696286,11.810302495087742,1.2053839508701667
itq_fit,1000,gaussian,7312015,7312019,13.855755956208771,1.4141471705516797,11.817854143382206,1.2061546877467666
itq_fit,1000,gaussian,7312015,7312020,13.955477711869396,1.424324979619306,11.82119172042273,1.2064953277770378
itq_fit,1000,gaussian,7312016,7312017,13.768539968930327,1.405245726124794,11.848764130579282,1.209309425104633
itq_fit,1000,gaussian,7312016,7312018,13.741652824738557,1.4025015684618576,11.853881151541692,1.2098316788696761
itq_fit,1000,gaussian,7312016,7312019,13.85035360062019,1.4135957949433007,11.82424667418771,1.2068071226900379
itq_fit,1000,gaussian,7312016,7312020,13.849813313703233,1.4135406521407488,11.791532959140723,1.203468293129374
itq_fit,1000,gaussian,7312017,7312018,13.875758094312129,1.4161886302232591,11.85874014196142,1.2103275975027346
itq_fit,1000,gaussian,7312017,7312019,13.886441677814728,1.4172790188985003,11.833034398496487,1.2077040160465693
itq_fit,1000,gaussian,7312017,7312020,13.889966659477697,1.417638785832956,11.848585878089247,1.2092912322860512
itq_fit,1000,gaussian,7312018,7312019,13.98663380051067,1.4275048346006411,11.800645895212845,1.2043983782725118
itq_fit,1000,gaussian,7312018,7312020,13.816817341656778,1.410173014845709,11.861313168680152,1.2105902059425446
itq_fit,1000,gaussian,7312019,7312020,13.869523404834519,1.4155523048930574,11.823082073289516,1.2066882611085976
itq_fit,1000,heterogeneous,7312001,7312002,13.894173411233382,1.4180681356361222,11.835344672232349,1.2079398073723615
itq_fit,1000,heterogeneous,7312001,7312003,13.953787163105263,1.4241524387085802,11.879466757727053,1.2124429988660899
itq_fit,1000,heterogeneous,7312001,7312004,13.74687452750947,1.4030345062692418,11.782322276729255,1.2025282317922523
itq_fit,1000,heterogeneous,7312001,7312005,13.954431017048618,1.4242181517765011,11.76549605512996,1.2008109127415327
itq_fit,1000,heterogeneous,7312001,7312006,13.847557305084136,1.4133103992252443,11.868118251894794,1.2112847468397552
itq_fit,1000,heterogeneous,7312001,7312007,13.730054807154175,1.4013178507489592,11.827246865621992,1.2071133284460653
itq_fit,1000,heterogeneous,7312001,7312008,13.878500128685697,1.4164684879346099,11.79811020300025,1.204139580269778
itq_fit,1000,heterogeneous,7312001,7312009,13.78070855626731,1.406487677369215,11.793000686703076,1.2036180924464235
itq_fit,1000,heterogeneous,7312001,7312010,13.893671163898313,1.4180168752321392,11.826314110712842,1.2070181295467945
itq_fit,1000,heterogeneous,7312001,7312011,13.906789584355604,1.419355768413458,11.853999234731544,1.2098437306847736
itq_fit,1000,heterogeneous,7312001,7312012,13.886094090867536,1.4172435434542554,11.850855438581311,1.2095228683337986
itq_fit,1000,heterogeneous,7312001,7312013,13.87761153545838,1.4163777962681172,11.853105583000923,1.2097525227369494
itq_fit,1000,heterogeneous,7312001,7312014,13.844612391235142,1.4130098352141405,11.826110813031661,1.2069973805640954
itq_fit,1000,heterogeneous,7312001,7312015,13.956648358781601,1.424444458269467,11.828015217519605,1.207191748033234
itq_fit,1000,heterogeneous,7312001,7312016,13.856479582274316,1.414221025327728,11.81772378984273,1.2061413835943549
itq_fit,1000,heterogeneous,7312001,7312017,13.877908849595046,1.4164081407651234,11.837909211278033,1.2082015495426686
itq_fit,1000,heterogeneous,7312001,7312018,13.837562583435158,1.41229031721853,11.814694412642144,1.2058321990785275
itq_fit,1000,heterogeneous,7312001,7312019,13.896761837537035,1.4183323157894867,11.80142850282282,1.2044782528272306
itq_fit,1000,heterogeneous,7312001,7312020,13.816896909263608,1.4101811356805753,11.855434067429524,1.2099901726837865
itq_fit,1000,heterogeneous,7312002,7312003,13.775268561591757,1.4059324602376082,11.786557006027756,1.2029604370414249
itq_fit,1000,heterogeneous,7312002,7312004,13.80724661689757,1.4091962068403474,11.83419829122144,1.2078228053503806
itq_fit,1000,heterogeneous,7312002,7312005,13.805868257502947,1.4090555286237225,11.83125246754996,1.2075221484809082
itq_fit,1000,heterogeneous,7312002,7312006,13.886568885153322,1.417292001943129,11.85024969815354,1.209461045210273
itq_fit,1000,heterogeneous,7312002,7312007,13.770432552430968,1.4054388871194683,11.807728244474166,1.2051212175171122
itq_fit,1000,heterogeneous,7312002,7312008,13.796160500437917,1.4080647348172133,11.821391881377673,1.2065157566189562
itq_fit,1000,heterogeneous,7312002,7312009,13.91783555063385,1.4204831426258617,11.880816888483158,1.2125807960093604
itq_fit,1000,heterogeneous,7312002,7312010,13.858688575048797,1.4144464797086853,11.837182281631389,1.208127357596286
itq_fit,1000,heterogeneous,7312002,7312011,13.854211844001384,1.4139895752594422,11.85530217286019,1.2099767112506734
itq_fit,1000,heterogeneous,7312002,7312012,13.945167741687271,1.4232727226939095,11.779731990514657,1.2022638618125219
itq_fit,1000,heterogeneous,7312002,7312013,13.852721570244018,1.4138374748310003,11.74732158887701,1.1989559890470678
itq_fit,1000,heterogeneous,7312002,7312014,13.80449605891966,1.4089154791922716,11.853054471004997,1.2097473061407096
itq_fit,1000,heterogeneous,7312002,7312015,13.843811879335757,1.4129281333105355,11.821989917286382,1.2065767934032978
itq_fit,1000,heterogeneous,7312002,7312016,13.867444267333417,1.4153401038104414,11.800964528503199,1.2044308986465297
itq_fit,1000,heterogeneous,7312002,7312017,13.846724624346685,1.4132254141033527,11.878022792549626,1.2122956247872962
itq_fit,1000,heterogeneous,7312002,7312018,13.87010718833816,1.415611887047398,11.823657462839378,1.2067469865586182
itq_fit,1000,heterogeneous,7312002,7312019,13.993369270100503,1.4281922705870214,11.829181704916973,1.2073108021546899
itq_fit,1000,heterogeneous,7312002,7312020,13.864052233235892,1.414993905780064,11.843116709853696,1.2087330376404455
itq_fit,1000,heterogeneous,7312003,7312004,13.963858058847649,1.4251802952011474,11.758086597282762,1.2000546881166871
itq_fit,1000,heterogeneous,7312003,7312005,13.930973782135393,1.4218240577634176,11.850425634612522,1.2094790016499255
itq_fit,1000,heterogeneous,7312003,7312006,13.871557296059569,1.4157598880469615,11.833920067311047,1.2077944092414346
itq_fit,1000,heterogeneous,7312003,7312007,13.846362340186172,1.4131884386310547,11.83097940659084,1.20749427931347
itq_fit,1000,heterogeneous,7312003,7312008,13.854098887583502,1.4139780466933178,11.787626090535575,1.2030695500220945
itq_fit,1000,heterogeneous,7312003,7312009,13.811963476873336,1.4096776193457135,11.840457166954195,1.2084615991799112
itq_fit,1000,heterogeneous,7312003,7312010,13.886364018398014,1.4172710928174723,11.808808597565323,1.2052314805927529
itq_fit,1000,heterogeneous,7312003,7312011,13.813762025764433,1.40986118297324,11.814995741325443,1.2058629533084837
itq_fit,1000,heterogeneous,7312003,7312012,13.93665659993249,1.4224040579260884,11.819681785606928,1.2063412207002222
itq_fit,1000,heterogeneous,7312003,7312013,13.921285911706246,1.420835293628184,11.83429530037578,1.2078327063057352
itq_fit,1000,heterogeneous,7312003,7312014,13.804143703921142,1.4088795171108262,11.836659481534099,1.2080739995347929
itq_fit,1000,heterogeneous,7312003,7312015,13.872565488680403,1.4158627862754398,11.818590609980143,1.2062298530541644
itq_fit,1000,heterogeneous,7312003,7312016,13.81541412576458,1.4100297997234237,11.876470283341767,1.212137172479787
itq_fit,1000,heterogeneous,7312003,7312017,13.92162089179373,1.4208694823901977,11.849464805359762,1.2093809374249587
itq_fit,1000,heterogeneous,7312003,7312018,13.856889884514112,1.4142629016247208,11.81880230303971,1.2062514588865823
itq_fit,1000,heterogeneous,7312003,7312019,13.862375880259405,1.4148228137208476,11.806999529900118,1.2050468433973394
itq_fit,1000,heterogeneous,7312003,7312020,13.862237403400917,1.414808680485661,11.861921718925883,1.210652315841915
itq_fit,1000,heterogeneous,7312004,7312005,13.866923314168659,1.4152869342507104,11.791353417932804,1.2034499687815738
itq_fit,1000,heterogeneous,7312004,7312006,13.888363910882635,1.4174752059894618,11.838423702672287,1.2082540596007092
itq_fit,1000,heterogeneous,7312004,7312007,13.878472009393745,1.4164656180213926,11.831508013648811,1.207548230045406
itq_fit,1000,heterogeneous,7312004,7312008,13.79942148791921,1.4083975579583288,11.819314280807127,1.2063037123986582
itq_fit,1000,heterogeneous,7312004,7312009,13.719580722469345,1.4002488439572705,11.811305326377273,1.2054863019100603
itq_fit,1000,heterogeneous,7312004,7312010,13.855669600313952,1.4141383568900718,11.877499336570354,1.2122421997851287
itq_fit,1000,heterogeneous,7312004,7312011,13.927959624004771,1.421516426537414,11.852414522481714,1.209681991668056
itq_fit,1000,heterogeneous,7312004,7312012,13.840520524261652,1.4125922107899573,11.802817752355386,1.2046200425139053
itq_fit,1000,heterogeneous,7312004,7312013,13.764284950485171,1.4048114501232623,11.860815684493986,1.2105394316754108
itq_fit,1000,heterogeneous,7312004,7312014,13.957615814983162,1.4245431988545636,11.835635676133451,1.2079695078336474
itq_fit,1000,heterogeneous,7312004,7312015,13.900054612345754,1.4186683832111222,11.794879457487234,1.203809843686625
itq_fit,1000,heterogeneous,7312004,7312016,13.84658299871966,1.4132109594983229,11.802083841937176,1.2045451380955081
itq_fit,1000,heterogeneous,7312004,7312017,13.881516649712147,1.4167763603226589,11.837869422059805,1.2081974885725886
itq_fit,1000,heterogeneous,7312004,7312018,13.795408334850213,1.4079879672383817,11.811899975055837,1.2055469929866731
itq_fit,1000,heterogeneous,7312004,7312019,13.898860537134384,1.4185465134201904,11.860205180176065,1.2104771223393829
itq_fit,1000,heterogeneous,7312004,7312020,13.811710192040161,1.4096517685706773,11.798969384804002,1.2042272701454229
itq_fit,1000,heterogeneous,7312005,7312006,13.8155136964319,1.4100399621121023,11.821403178614972,1.2065169096384099
itq_fit,1000,heterogeneous,7312005,7312007,13.863173944766066,1.4149042658384787,11.789626161506966,1.2032736814108136
itq_fit,1000,heterogeneous,7312005,7312008,13.886255852959563,1.4172600532286386,11.838159830569834,1.2082271282670274
itq_fit,1000,heterogeneous,7312005,7312009,13.94716447768925,1.4234765137087386,11.843333706213379,1.2087551847386648
itq_fit,1000,heterogeneous,7312005,7312010,13.8896147938985,1.4176028737026611,11.872539754466343,1.2117360145562843
itq_fit,1000,heterogeneous,7312005,7312011,13.843793064439637,1.4129262130232414,11.816112112384031,1.2059768924525316
itq_fit,1000,heterogeneous,7312005,7312012,13.851688992484469,1.4137320878047235,11.818218232838905,1.206191847471335
itq_fit,1000,heterogeneous,7312005,7312013,13.920863665263507,1.4207921982810834,11.853503661097054,1.2097931514125035
itq_fit,1000,heterogeneous,7312005,7312014,13.939608673575465,1.4227053526806053,11.852440406819161,1.209684633477184
itq_fit,1000,heterogeneous,7312005,7312015,13.818805370225343,1.4103759171618366,11.831601402913918,1.2075577615473627
itq_fit,1000,heterogeneous,7312005,7312016,13.850911938726858,1.4136527800876877,11.825265568234524,1.2069111131282317
itq_fit,1000,heterogeneous,7312005,7312017,13.858937589991408,1.4144718946898407,11.826106838483474,1.2069969749134697
itq_fit,1000,heterogeneous,7312005,7312018,13.847280971685855,1.4132821960658826,11.794002866377781,1.2037203769811575
itq_fit,1000,heterogeneous,7312005,7312019,13.851296664424702,1.4136920459897981,11.82256161090285,1.2066351416386958
itq_fit,1000,heterogeneous,7312005,7312020,13.83841475125543,1.4123772912324835,11.806289381351347,1.2049743641645867
itq_fit,1000,heterogeneous,7312006,7312007,13.900432832679924,1.418706985162333,11.784719845306608,1.202772932610496
itq_fit,1000,heterogeneous,7312006,7312008,13.971669447865835,1.4259775417543532,11.788762241703092,1.2031855079650562
itq_fit,1000,heterogeneous,7312006,7312009,13.83087352992381,1.4116076185533226,11.81866199731935,1.2062371389939623
itq_fit,1000,heterogeneous,7312006,7312010,13.76313584649234,1.4046941701881026,11.832539777489949,1.2076535340014825
itq_fit,1000,heterogeneous,7312006,7312011,13.758786369220589,1.4042502535229517,11.864600946023842,1.2109257633125414
itq_fit,1000,heterogeneous,7312006,7312012,13.971730100540759,1.4259837320920656,11.856396669331822,1.210088417829039
itq_fit,1000,heterogeneous,7312006,7312013,13.874053886856828,1.4160146952782036,11.850814396496254,1.209518679493533
itq_fit,1000,heterogeneous,7312006,7312014,13.80501572291298,1.4089685171764936,11.85413243870528,1.2098573257584135
itq_fit,1000,heterogeneous,7312006,7312015,13.951042300875267,1.4238722923803415,11.847104667390198,1.2091400568521253
itq_fit,1000,heterogeneous,7312006,7312016,13.982946330669561,1.4271284837859488,11.832070324812554,1.2076056206882324
itq_fit,1000,heterogeneous,7312006,7312017,13.748771178742256,1.4032280824250893,11.822532314142107,1.2066321515505736
itq_fit,1000,heterogeneous,7312006,7312018,13.742869085944118,1.4026257026013396,11.829757206266173,1.2073695390151824
itq_fit,1000,heterogeneous,7312006,7312019,13.90622679818662,1.4192983292906118,11.831394295416443,1.207536623726916
itq_fit,1000,heterogeneous,7312006,7312020,13.845230393692797,1.4130729098258505,11.82177769509222,1.2065551335663065
itq_fit,1000,heterogeneous,7312007,7312008,13.958908917641512,1.42467517559198,11.80594464122274,1.204939179272547
itq_fit,1000,heterogeneous,7312007,7312009,13.844378753525097,1.4129859896652122,11.818940091613513,1.2062655218740075
itq_fit,1000,heterogeneous,7312007,7312010,13.919001017016875,1.4206020925404776,11.814438752160953,1.2058061058399312
itq_fit,1000,heterogeneous,7312007,7312011,13.80742010364044,1.4092139132568962,11.799037417101038,1.2042342136626634
itq_fit,1000,heterogeneous,7312007,7312012,13.890557870193533,1.417699126023967,11.842129416962692,1.2086322724817105
itq_fit,1000,heterogeneous,7312007,7312013,13.865548023048017,1.4151465691884872,11.847148505777167,1.2091445310887594
itq_fit,1000,heterogeneous,7312007,7312014,13.716690219989003,1.399953833283225,11.82896189144371,1.2072883675360195
itq_fit,1000,heterogeneous,7312007,7312015,13.78515383428414,1.4069413716569668,11.827275374918026,1.2071162381639073
itq_fit,1000,heterogeneous,7312007,7312016,13.777564296345373,1.4061667676847387,11.778072086297978,1.2020944485478235
itq_fit,1000,heterogeneous,7312007,7312017,13.804728606687117,1.4089392134994005,11.803652401787598,1.2047052285648645
itq_fit,1000,heterogeneous,7312007,7312018,13.978577015477539,1.4266825424215386,11.761856896550343,1.200439492674319
itq_fit,1000,heterogeneous,7312007,7312019,13.988107294618013,1.427655222463224,11.813890977615705,1.2057501988345167
itq_fit,1000,heterogeneous,7312007,7312020,13.7824624589962,1.4066666843168922,11.869335974634513,1.2114090301464424
itq_fit,1000,heterogeneous,7312008,7312009,13.77101794778917,1.4054986337830262,11.814232510192726,1.2057850563571935
itq_fit,1000,heterogeneous,7312008,7312010,13.822513942728778,1.4107544217579837,11.773475741602756,1.201625336081772
itq_fit,1000,heterogeneous,7312008,7312011,13.727452022581609,1.4010522051609102,11.857967768462998,1.210248767462652
itq_fit,1000,heterogeneous,7312008,7312012,13.905055884855116,1.419178823449145,11.817997901963855,1.206169360045566
itq_fit,1000,heterogeneous,7312008,7312013,13.974396345628385,1.426255854591811,11.807313336043908,1.2050788711027742
itq_fit,1000,heterogeneous,7312008,7312014,13.79695893003995,1.4081462241972347,11.84764575546915,1.209195281422931
itq_fit,1000,heterogeneous,7312008,7312015,13.826822123417198,1.411194123608248,11.820232486513941,1.2063974263761834
itq_fit,1000,heterogeneous,7312008,7312016,13.756655835086429,1.4040328067934402,11.835235538633036,1.2079286689710236
itq_fit,1000,heterogeneous,7312008,7312017,13.809928638475402,1.4094699395213817,11.812687033226917,1.2056273217748827
itq_fit,1000,heterogeneous,7312008,7312018,13.797291254834535,1.4081801419545517,11.875410527348912,1.212029011586689
itq_fit,1000,heterogeneous,7312008,7312019,13.783691457895015,1.406792118491748,11.85179534185776,1.2096187968102516
itq_fit,1000,heterogeneous,7312008,7312020,14.003010156685926,1.429176239453785,11.831297538210393,1.207526748485926
itq_fit,1000,heterogeneous,7312009,7312010,13.781218880995796,1.4065397621687115,11.854347481467139,1.20987927346839
itq_fit,1000,heterogeneous,7312009,7312011,13.861057237781711,1.414688230336535,11.869873654012864,1.2114639068181998
itq_fit,1000,heterogeneous,7312009,7312012,13.857899948449171,1.4143659908434076,11.82388004338562,1.2067697035904914
itq_fit,1000,heterogeneous,7312009,7312013,13.880839921314369,1.4167072920197836,11.799331753507703,1.2042642542463737
itq_fit,1000,heterogeneous,7312009,7312014,13.828044843435162,1.4113189169475104,11.824411441366243,1.206823939169778
itq_fit,1000,heterogeneous,7312009,7312015,13.924287087462181,1.4211415998461197,11.853535175498656,1.2097963678376484
itq_fit,1000,heterogeneous,7312009,7312016,13.813124962800813,1.409796163006786,11.869302047220183,1.2114055674442175
itq_fit,1000,heterogeneous,7312009,7312017,13.766420992977828,1.4050294590472585,11.842985430100061,1.208719638956697
itq_fit,1000,heterogeneous,7312009,7312018,13.890914054255429,1.417735478907557,11.84259823501264,1.208680121023568
itq_fit,1000,heterogeneous,7312009,7312019,13.805186801055637,1.4089859777663125,11.833736716096016,1.2077756960364119
itq_fit,1000,heterogeneous,7312009,7312020,13.745726850329502,1.40291737195756,11.846673024854084,1.2090960025202604
itq_fit,1000,heterogeneous,7312010,7312011,13.761265859999686,1.4045033154908984,11.780104855525495,1.202301917188334
itq_fit,1000,heterogeneous,7312010,7312012,13.791649063887643,1.407604288252417,11.853444221527306,1.2097870848868197
itq_fit,1000,heterogeneous,7312010,7312013,13.89432643062163,1.4180837531120372,11.842459222224747,1.2086659330903156
itq_fit,1000,heterogeneous,7312010,7312014,13.89594347331864,1.4182487918412026,11.829172561610553,1.207309868969886
itq_fit,1000,heterogeneous,7312010,7312015,13.91682801210344,1.4203803111552078,11.82759561637775,1.2071489226710241
itq_fit,1000,heterogeneous,7312010,7312016,13.820136761999263,1.4105118017657468,11.852007077732422,1.2096404070124667
itq_fit,1000,heterogeneous,7312010,7312017,13.777124952809201,1.4061219273728465,11.82381273763204,1.2067628342257821
itq_fit,1000,heterogeneous,7312010,7312018,13.769036110449408,1.4052963633565423,11.862687520520998,1.210730475139925
itq_fit,1000,heterogeneous,7312010,7312019,13.862271001979419,1.41481210962622,11.856274313951916,1.21007592998537
itq_fit,1000,heterogeneous,7312010,7312020,13.80988105435443,1.4094650829873716,11.879828192929958,1.2124798876920146
itq_fit,1000,heterogeneous,7312011,7312012,13.939333254472432,1.4226772428361116,11.84571932265691,1.2089986656973584
itq_fit,1000,heterogeneous,7312011,7312013,13.823975645135238,1.4109036061351348,11.806673027381555,1.2050135198735805
itq_fit,1000,heterogeneous,7312011,7312014,13.779806607656724,1.4063956226246255,11.829210425664215,1.2073137334536803
itq_fit,1000,heterogeneous,7312011,7312015,13.753373336138626,1.4036977881474677,11.835697655627378,1.2079758335892572
itq_fit,1000,heterogeneous,7312011,7312016,13.849589884991198,1.4135178485433166,11.857137632188001,1.2101640420338722
itq_fit,1000,heterogeneous,7312011,7312017,13.813399975585973,1.4098242313816354,11.806682215078682,1.205014457588992
itq_fit,1000,heterogeneous,7312011,7312018,13.874139082522117,1.4160233905243809,11.802154253973667,1.2045523244938896
itq_fit,1000,heterogeneous,7312011,7312019,13.903928471984829,1.4190637573549094,11.841883714480318,1.2086071955771125
itq_fit,1000,heterogeneous,7312011,7312020,13.887390074980747,1.4173758142789272,11.838367373907996,1.2082483105702777
itq_fit,1000,heterogeneous,7312012,7312013,13.701904989317251,1.398444821996761,11.823648010789,1.2067460218627661
itq_fit,1000,heterogeneous,7312012,7312014,13.862298374020401,1.4148149032734543,11.832076998360723,1.2076063018043903
itq_fit,1000,heterogeneous,7312012,7312015,13.908529498890918,1.4195333476971068,11.855847237654958,1.2100323416933374
itq_fit,1000,heterogeneous,7312012,7312016,13.962214752617266,1.425012575961332,11.804804025994244,1.2048227657182695
itq_fit,1000,heterogeneous,7312012,7312017,13.947407106324722,1.4235012768901507,11.874071396214104,1.2118923370875658
itq_fit,1000,heterogeneous,7312012,7312018,13.858353929627889,1.414412325103436,11.821217002553155,1.2064979081236693
itq_fit,1000,heterogeneous,7312012,7312019,13.839167757333643,1.4124541445935184,11.822608743377552,1.2066399520767515
itq_fit,1000,heterogeneous,7312012,7312020,13.901423820484423,1.4188081274315973,11.837497414958511,1.2081595207568026
itq_fit,1000,heterogeneous,7312013,7312014,13.909049371696979,1.41958640699319,11.837024263942372,1.208111229983435
itq_fit,1000,heterogeneous,7312013,7312015,13.8702107957661,1.415622461436232,11.791202923002738,1.203434608957093
itq_fit,1000,heterogeneous,7312013,7312016,13.874771683378787,1.4160879550789514,11.84569042631135,1.2089957164764396
itq_fit,1000,heterogeneous,7312013,7312017,13.82470393166118,1.4109779365674306,11.852099398857469,1.209649829497835
itq_fit,1000,heterogeneous,7312013,7312018,13.882792131392392,1.4169065386265285,11.84201636006298,1.2086207336602024
itq_fit,1000,heterogeneous,7312013,7312019,13.871166279332087,1.415719980069327,11.876027515345747,1.212091982660425
itq_fit,1000,heterogeneous,7312013,7312020,13.90161756249976,1.4188279011432354,11.843659041791385,1.208788389162052
itq_fit,1000,heterogeneous,7312014,7312015,13.794754222482837,1.4079212071744436,11.817380837840036,1.206106381202152
itq_fit,1000,heterogeneous,7312014,7312016,13.873105216633832,1.4159178720290155,11.830989465329989,1.2074953059292353
itq_fit,1000,heterogeneous,7312014,7312017,13.724954945752547,1.4007973483242548,11.788917934469104,1.203201398291447
itq_fit,1000,heterogeneous,7312014,7312018,13.908999116916165,1.4195812778861014,11.788706179405542,1.2031797861307727
itq_fit,1000,heterogeneous,7312014,7312019,13.870423713129933,1.4156441922236807,11.796824332069324,1.2040083416174512
itq_fit,1000,heterogeneous,7312014,7312020,13.724026788870109,1.4007026187091205,11.782322394759609,1.2025282438386748
itq_fit,1000,heterogeneous,7312015,7312016,13.855844735079664,1.4141562315072476,11.82431442891559,1.2068140378779948
itq_fit,1000,heterogeneous,7312015,7312017,13.940392294389781,1.4227853306450595,11.88139132119185,1.212639423802188
itq_fit,1000,heterogeneous,7312015,7312018,13.816725270306986,1.4101636178529207,11.801179760964494,1.2044528657176237
itq_fit,1000,heterogeneous,7312015,7312019,13.978967643575313,1.4267224107348193,11.812593589214622,1.2056177846853144
itq_fit,1000,heterogeneous,7312015,7312020,13.919553058933925,1.4206584350827025,11.835393930458991,1.207944834769066
itq_fit,1000,heterogeneous,7312016,7312017,13.807764029105593,1.409249015002695,11.84688843865417,1.2091179880991672
itq_fit,1000,heterogeneous,7312016,7312018,13.786866906401833,1.4071162113478393,11.820727701519735,1.2064479690460652
itq_fit,1000,heterogeneous,7312016,7312019,13.904131644302346,1.4190844935427336,11.81497524695541,1.205860861610601
itq_fit,1000,heterogeneous,7312016,7312020,13.759415830136257,1.4043144976086355,11.866705203382981,1.2111405281799326
itq_fit,1000,heterogeneous,7312017,7312018,13.797705024800312,1.408222372174845,11.789410327164678,1.203251652910498
itq_fit,1000,heterogeneous,7312017,7312019,13.75092220578612,1.403447620703439,11.797545462868559,1.2040819417214483
itq_fit,1000,heterogeneous,7312017,7312020,13.858036707163855,1.4143799487212765,11.873518552839956,1.2118359127469682
itq_fit,1000,heterogeneous,7312018,7312019,13.849391717399547,1.4134976231481873,11.832184038033024,1.2076172264951974
itq_fit,1000,heterogeneous,7312018,7312020,13.863314089506453,1.4149185693011488,11.792141531404402,1.203530405275942
itq_fit,1000,heterogeneous,7312019,7312020,13.797069116292032,1.408157470034496,11.813600506618357,1.2057205527624928
itq_fit,1000,rotated_heterogeneous,7312001,7312002,13.96831726675787,1.42563541120269,11.814627180372339,1.2058253372137244
itq_fit,1000,rotated_heterogeneous,7312001,7312003,13.813891648382157,1.4098744125262628,11.806552214988075,1.2050011895103043
itq_fit,1000,rotated_heterogeneous,7312001,7312004,13.925852124113913,1.4213013307305153,11.797860075399452,1.2041140517284221
itq_fit,1000,rotated_heterogeneous,7312001,7312005,13.889517507988819,1.4175929445010826,11.806510084358994,1.2049968895709797
itq_fit,1000,rotated_heterogeneous,7312001,7312006,13.707516490346757,1.3990175434223189,11.861384184161134,1.2105974539297215
itq_fit,1000,rotated_heterogeneous,7312001,7312007,13.872351029186847,1.4158408980950354,11.875268981568805,1.2120145651310013
itq_fit,1000,rotated_heterogeneous,7312001,7312008,13.834292093378163,1.411956524224843,11.764884093674125,1.200748454686989
itq_fit,1000,rotated_heterogeneous,7312001,7312009,13.817174175224334,1.4102094340191929,11.838449017529939,1.2082566432875492
itq_fit,1000,rotated_heterogeneous,7312001,7312010,13.781168521491182,1.4065346223732946,11.820765604697536,1.2064518375229505
itq_fit,1000,rotated_heterogeneous,7312001,7312011,13.69238193345781,1.3974728791781086,11.803726564711589,1.2047127977865983
itq_fit,1000,rotated_heterogeneous,7312001,7312012,13.870785631453144,1.4156811303578654,11.862477123942698,1.2107090016290722
itq_fit,1000,rotated_heterogeneous,7312001,7312013,13.864373943844928,1.4150267402316046,11.82502409429748,1.206886467797734
itq_fit,1000,rotated_heterogeneous,7312001,7312014,13.885554107414077,1.4171884316238172,11.881423170150859,1.212642674372955
itq_fit,1000,rotated_heterogeneous,7312001,7312015,14.011737210308123,1.4300669406342972,11.810890142271722,1.2054439273597306
itq_fit,1000,rotated_heterogeneous,7312001,7312016,13.92235666701258,1.420944577134013,11.783692377901865,1.2026680671576224
itq_fit,1000,rotated_heterogeneous,7312001,7312017,13.877069786472847,1.4163225042438161,11.837434794189326,1.2081531295513108
itq_fit,1000,rotated_heterogeneous,7312001,7312018,13.882395292496193,1.4168660364262877,11.772053508086092,1.2014801799813173
itq_fit,1000,rotated_heterogeneous,7312001,7312019,13.90849134524183,1.419529453656603,11.817041592806513,1.206071757150906
itq_fit,1000,rotated_heterogeneous,7312001,7312020,13.845386703417237,1.413088863120297,11.840520420929634,1.2084680550117457
itq_fit,1000,rotated_heterogeneous,7312002,7312003,13.736312901352017,1.401956564813417,11.854325996715737,1.2098770806901322
itq_fit,1000,rotated_heterogeneous,7312002,7312004,13.744195039611071,1.4027610321807815,11.84443916489425,1.208868010142826
itq_fit,1000,rotated_heterogeneous,7312002,7312005,13.868064903801944,1.4154034472547603,11.824412169211014,1.2068240134551238
itq_fit,1000,rotated_heterogeneous,7312002,7312006,13.825510591033593,1.4110602658948743,11.834893412726418,1.2078937508918985
itq_fit,1000,rotated_heterogeneous,7312002,7312007,13.826037630081025,1.4111140565924047,11.811811715018756,1.2055379849843593
itq_fit,1000,rotated_heterogeneous,7312002,7312008,13.806730219969282,1.4091435022995538,11.849426136640416,1.2093769908153167
itq_fit,1000,rotated_heterogeneous,7312002,7312009,13.90903560471474,1.419585001906449,11.83452012488728,1.2078556523613537
itq_fit,1000,rotated_heterogeneous,7312002,7312010,13.971860394132754,1.4259970301261131,11.87379820347876,1.211864454470773
itq_fit,1000,rotated_heterogeneous,7312002,7312011,13.835266325138333,1.4120559563374944,11.809948742614269,1.205347846159531
itq_fit,1000,rotated_heterogeneous,7312002,7312012,13.948290363173948,1.4235914239148348,11.80734925608186,1.205082537176296
itq_fit,1000,rotated_heterogeneous,7312002,7312013,13.858328913825945,1.4144097719388415,11.863864954513161,1.2108506464935336
itq_fit,1000,rotated_heterogeneous,7312002,7312014,13.726995610130487,1.401005622760181,11.859848104275265,1.210440678432866
itq_fit,1000,rotated_heterogeneous,7312002,7312015,13.780513655935305,1.406467785437377,11.788982034730003,1.2032079404969294
itq_fit,1000,rotated_heterogeneous,7312002,7312016,13.803025061845897,1.4087653461821112,11.83058754324525,1.2074542849282366
itq_fit,1000,rotated_heterogeneous,7312002,7312017,13.889843457602005,1.417626211594173,11.783169517088858,1.2026147028993572
itq_fit,1000,rotated_heterogeneous,7312002,7312018,13.878870268629228,1.4165062651844045,11.829554117557059,1.2073488113606055
itq_fit,1000,rotated_heterogeneous,7312002,7312019,14.004269042892595,1.4293047239892254,11.875838363898948,1.2120726774717265
itq_fit,1000,rotated_heterogeneous,7312002,7312020,13.831980772984663,1.4117206260750028,11.888983585260732,1.2134143060089058
itq_fit,1000,rotated_heterogeneous,7312003,7312004,13.936126133351761,1.4223499174074057,11.86160894622375,1.2106203936116775
itq_fit,1000,rotated_heterogeneous,7312003,7312005,13.844298671556095,1.4129778163334765,11.870040867936993,1.2114809730178666
itq_fit,1000,rotated_heterogeneous,7312003,7312006,13.787640675421759,1.4071951838177388,11.829475369292583,1.207340774149518
itq_fit,1000,rotated_heterogeneous,7312003,7312007,13.776478870825452,1.4060559869065052,11.88040564838108,1.2125388239921997
itq_fit,1000,rotated_heterogeneous,7312003,7312008,13.820748652789241,1.4105742526079865,11.825540045266546,1.2069391268230052
itq_fit,1000,rotated_heterogeneous,7312003,7312009,13.88862545331597,1.417501899552285,11.80677498076826,1.205023925447538
itq_fit,1000,rotated_heterogeneous,7312003,7312010,13.926226977394444,1.4213395890332532,11.867071736754879,1.2111779373355513
itq_fit,1000,rotated_heterogeneous,7312003,7312011,13.867959973027796,1.4153927378024695,11.805683050964426,1.2049124808286074
itq_fit,1000,rotated_heterogeneous,7312003,7312012,13.922048421655274,1.4209131169739722,11.824912064665659,1.2068750338213161
itq_fit,1000,rotated_heterogeneous,7312003,7312013,13.841501524938383,1.412692333752262,11.833383687425204,1.207739665198576
itq_fit,1000,rotated_heterogeneous,7312003,7312014,13.8571531168399,1.41428976766147,11.770429023641467,1.2013143817319665
itq_fit,1000,rotated_heterogeneous,7312003,7312015,13.918366099962244,1.4205372915899428,11.72640710245039,1.1968214132146684
itq_fit,1000,rotated_heterogeneous,7312003,7312016,13.834499719640585,1.4119777149915154,11.86841227604299,1.2113147555537191
itq_fit,1000,rotated_heterogeneous,7312003,7312017,13.837492376628377,1.4122831517663181,11.846154278142004,1.2090430581556626
itq_fit,1000,rotated_heterogeneous,7312003,7312018,13.815505829701854,1.410039159217329,11.828972855535117,1.207289486553913
itq_fit,1000,rotated_heterogeneous,7312003,7312019,13.900702453346668,1.418734503206401,11.784701295504094,1.2027710393792046
itq_fit,1000,rotated_heterogeneous,7312003,7312020,13.814223151198172,1.4099082463907433,11.854630817099226,1.2099081912902467
itq_fit,1000,rotated_heterogeneous,7312004,7312005,13.935193142994203,1.4222546944777825,11.797855900465523,1.2041136256260123
itq_fit,1000,rotated_heterogeneous,7312004,7312006,14.026449974133874,1.4315685558042626,11.811709776707888,1.205527580949073
itq_fit,1000,rotated_heterogeneous,7312004,7312007,13.932685905065428,1.4219988005782305,11.828441348375206,1.2072352398315622
itq_fit,1000,rotated_heterogeneous,7312004,7312008,13.90414581081619,1.4190859394064983,11.885730570109123,1.2130822965402814
itq_fit,1000,rotated_heterogeneous,7312004,7312009,13.668696781679564,1.3950555234973971,11.869828306477142,1.211459278554716
itq_fit,1000,rotated_heterogeneous,7312004,7312010,13.785885768226382,1.40701607435213,11.825178155373472,1.2069021915904594
itq_fit,1000,rotated_heterogeneous,7312004,7312011,13.786441873337315,1.4070728315923442,11.783972483353676,1.2026966553005853
itq_fit,1000,rotated_heterogeneous,7312004,7312012,13.884511499701832,1.41708202091978,11.787713634946725,1.2030784849861424
itq_fit,1000,rotated_heterogeneous,7312004,7312013,13.811200556593208,1.4095997541206828,11.824235659429837,1.2068059985010198
itq_fit,1000,rotated_heterogeneous,7312004,7312014,13.82310626518821,1.4108148754158505,11.782338809573709,1.2025299191686234
itq_fit,1000,rotated_heterogeneous,7312004,7312015,13.821347813893079,1.410635404232075,11.84850821763221,1.2092833060988457
itq_fit,1000,rotated_heterogeneous,7312004,7312016,13.8803784218612,1.416660190429082,11.801260582142046,1.2044611144945159
itq_fit,1000,rotated_heterogeneous,7312004,7312017,13.812618721647922,1.4097444949854785,11.842676326410652,1.2086880911935027
itq_fit,1000,rotated_heterogeneous,7312004,7312018,13.84543386553044,1.4130936765833193,11.808364742140034,1.205186179788106
itq_fit,1000,rotated_heterogeneous,7312004,7312019,13.769354397823859,1.4053288484256663,11.813837411598143,1.2057447317757428
itq_fit,1000,rotated_heterogeneous,7312004,7312020,13.939916361581457,1.4227367559562158,11.78065950941704,1.2023585263140895
itq_fit,1000,rotated_heterogeneous,7312005,7312006,13.877813720210243,1.4163984316629439,11.861596184566226,1.2106190911304606
itq_fit,1000,rotated_heterogeneous,7312005,7312007,13.89730060490988,1.4183873035042172,11.82708751895139,1.2070970651945991
itq_fit,1000,rotated_heterogeneous,7312005,7312008,13.861204092805494,1.4147032186646362,11.817236877973597,1.2060916883598098
itq_fit,1000,rotated_heterogeneous,7312005,7312009,13.952985272868176,1.4240705961289726,11.859967868839792,1.2104529018525476
itq_fit,1000,rotated_heterogeneous,7312005,7312010,13.993827247965852,1.4282390127571711,11.836340469761252,1.2080414405320672
itq_fit,1000,rotated_heterogeneous,7312005,7312011,13.933660499941443,1.4220982697512374,11.807046649323993,1.2050516525034007
itq_fit,1000,rotated_heterogeneous,7312005,7312012,13.758412882685802,1.4042121347131171,11.830863993496108,1.2074825000138145
itq_fit,1000,rotated_heterogeneous,7312005,7312013,14.012980485629274,1.4301938318904062,11.800748040103278,1.2044088033917364
itq_fit,1000,rotated_heterogeneous,7312005,7312014,13.895615938205461,1.418215362928697,11.859232265771123,1.2103778246787364
itq_fit,1000,rotated_heterogeneous,7312005,7312015,13.83737761835633,1.412271439299223,11.783424319280973,1.2026407085391917
itq_fit,1000,rotated_heterogeneous,7312005,7312016,13.902779512331845,1.418946492151374,11.809454561864266,1.205297409047939
itq_fit,1000,rotated_heterogeneous,7312005,7312017,13.76597092387922,1.4049835240622341,11.796531421143245,1.2039784465212435
itq_fit,1000,rotated_heterogeneous,7312005,7312018,13.87363426470021,1.4159718677711834,11.822258755818705,1.2066042316211056
itq_fit,1000,rotated_heterogeneous,7312005,7312019,13.85709190675704,1.4142835204335484,11.853154313948679,1.2097574963184778
itq_fit,1000,rotated_heterogeneous,7312005,7312020,13.763882665581223,1.4047703920921832,11.810722635616475,1.2054268312833192
itq_fit,1000,rotated_heterogeneous,7312006,7312007,13.813314803466536,1.4098155385385964,11.793458006002467,1.2036647674019667
itq_fit,1000,rotated_heterogeneous,7312006,7312008,13.754166145515597,1.4037787039156708,11.813160469987405,1.2056756417119108
itq_fit,1000,rotated_heterogeneous,7312006,7312009,13.874533353569827,1.4160636306446828,11.816520121113612,1.2060185346691181
itq_fit,1000,rotated_heterogeneous,7312006,7312010,13.96410231775374,1.425205224771358,11.795726195550452,1.20389626352832
itq_fit,1000,rotated_heterogeneous,7312006,7312011,13.865864097114146,1.4151788283627766,11.796643054625351,1.2039898400658007
itq_fit,1000,rotated_heterogeneous,7312006,7312012,13.837700877799582,1.4123044318279943,11.809897107448187,1.2053425761674608
itq_fit,1000,rotated_heterogeneous,7312006,7312013,13.776463795385652,1.4060544482758737,11.808932442701176,1.2052441204840014
itq_fit,1000,rotated_heterogeneous,7312006,7312014,13.960365292741079,1.4248238162531481,11.847773528689563,1.209208322222631
itq_fit,1000,rotated_heterogeneous,7312006,7312015,13.994085373365483,1.4282653575704523,11.838745639413698,1.208286917131789
itq_fit,1000,rotated_heterogeneous,7312006,7312016,13.837052212102243,1.4122382276624887,11.790433396097196,1.2033560694461798
itq_fit,1000,rotated_heterogeneous,7312006,7312017,13.780884339056678,1.406505618125028,11.886901271354473,1.213201780735796
itq_fit,1000,rotated_heterogeneous,7312006,7312018,13.690586754913488,1.3972896595351594,11.806422960567247,1.2049879975362199
itq_fit,1000,rotated_heterogeneous,7312006,7312019,13.77996629994703,1.4064119211507549,11.831171357892403,1.2075138702611488
itq_fit,1000,rotated_heterogeneous,7312006,7312020,13.851455556378838,1.4137082628319595,11.779120812889685,1.2022014837573807
itq_fit,1000,rotated_heterogeneous,7312007,7312008,13.806919048746984,1.4091627745559756,11.810078881427945,1.2053611283965826
itq_fit,1000,rotated_heterogeneous,7312007,7312009,13.867035080529725,1.4152983413571694,11.86452502982519,1.210918015147962
itq_fit,1000,rotated_heterogeneous,7312007,7312010,13.846116095969096,1.4131633064358902,11.84825562993037,1.2092575264744785
itq_fit,1000,rotated_heterogeneous,7312007,7312011,13.743348650483291,1.4026746479521608,11.827474288114468,1.2071365396570068
itq_fit,1000,rotated_heterogeneous,7312007,7312012,13.901794261800408,1.4188459354400893,11.796741241389716,1.2039998612104754
itq_fit,1000,rotated_heterogeneous,7312007,7312013,13.82868284743078,1.4113840329576406,11.80862642535319,1.2052128877192094
itq_fit,1000,rotated_heterogeneous,7312007,7312014,13.807926816702098,1.4092656294421906,11.84481139549681,1.2089060007696142
itq_fit,1000,rotated_heterogeneous,7312007,7312015,13.889246911521223,1.4175653268647572,11.828991898676454,1.207291430136387
itq_fit,1000,rotated_heterogeneous,7312007,7312016,13.772479573782771,1.4056478103613224,11.821584774219586,1.2065354436621947
itq_fit,1000,rotated_heterogeneous,7312007,7312017,13.86130532904453,1.414713551045016,11.777736437179742,1.2020601915031448
itq_fit,1000,rotated_heterogeneous,7312007,7312018,13.984821339225563,1.427319851045347,11.779175483206346,1.2022070635232098
itq_fit,1000,rotated_heterogeneous,7312007,7312019,13.985600718094249,1.4273993960680382,11.838546367484128,1.2082665790256428
itq_fit,1000,rotated_heterogeneous,7312007,7312020,13.718164894624916,1.4001043416330006,11.867083972653482,1.2111791861567232
itq_fit,1000,rotated_heterogeneous,7312008,7312009,13.784443399991844,1.4068688632606376,11.845948651790696,1.2090220715040638
itq_fit,1000,rotated_heterogeneous,7312008,7312010,13.75202683931761,1.403560361891144,11.879926233085746,1.212489893873514
itq_fit,1000,rotated_heterogeneous,7312008,7312011,13.744914412256886,1.4028344528439967,11.769289128464525,1.2011980416676427
itq_fit,1000,rotated_heterogeneous,7312008,7312012,13.750977049746078,1.4034532181916628,11.766858963723353,1.2009500140173606
itq_fit,1000,rotated_heterogeneous,7312008,7312013,13.923788691123757,1.421090732482836,11.831988551381665,1.207597274722391
itq_fit,1000,rotated_heterogeneous,7312008,7312014,13.80987553846709,1.4094645200244773,11.838765312303755,1.2082889249877224
itq_fit,1000,rotated_heterogeneous,7312008,7312015,13.859955768690552,1.4145758121181686,11.798226327515875,1.2041514321785243
itq_fit,1000,rotated_heterogeneous,7312008,7312016,13.737682884192047,1.4020963881015187,11.80171053458137,1.2045070375730518
itq_fit,1000,rotated_heterogeneous,7312008,7312017,13.980518358793583,1.4268806799440332,11.807102468958991,1.2050573495710413
itq_fit,1000,rotated_heterogeneous,7312008,7312018,13.84949418537574,1.4135080812422143,11.803828487341825,1.2047232002214867
itq_fit,1000,rotated_heterogeneous,7312008,7312019,13.891248831348177,1.417769646951507,11.813587495561709,1.2057192248270843
itq_fit,1000,rotated_heterogeneous,7312008,7312020,13.942574856214787,1.423008087428532,11.795188072616488,1.2038413415863574
itq_fit,1000,rotated_heterogeneous,7312009,7312010,13.87483399241051,1.4160943144678717,11.823000311593816,1.206679916340474
itq_fit,1000,rotated_heterogeneous,7312009,7312011,13.840763825974213,1.4126170426670122,11.850724736589545,1.2095095286176238
itq_fit,1000,rotated_heterogeneous,7312009,7312012,13.989076958183507,1.4277541883364584,11.814810097271419,1.2058440060915612
itq_fit,1000,rotated_heterogeneous,7312009,7312013,13.900985644213725,1.4187634062532388,11.787820862590586,1.2030894288617164
itq_fit,1000,rotated_heterogeneous,7312009,7312014,13.848077838990738,1.413363525994619,11.875028172077894,1.2119899876152531
itq_fit,1000,rotated_heterogeneous,7312009,7312015,13.847194226958113,1.4132733427191808,11.815134189835398,1.20587708365036
itq_fit,1000,rotated_heterogeneous,7312009,7312016,13.765744970483343,1.4049604627903365,11.826563054717537,1.2070435372878792
itq_fit,1000,rotated_heterogeneous,7312009,7312017,13.830000424354386,1.4115185075892946,11.828420549821304,1.2072331170880437
itq_fit,1000,rotated_heterogeneous,7312009,7312018,13.928130433519485,1.4215338597105083,11.81847105742616,1.2062176512727185
itq_fit,1000,rotated_heterogeneous,7312009,7312019,13.760907317839957,1.4044667219349563,11.805440480792281,1.2048877236140836
itq_fit,1000,rotated_heterogeneous,7312009,7312020,13.882831693634431,1.4169105764309482,11.867576984062703,1.2112295039229715
itq_fit,1000,rotated_heterogeneous,7312010,7312011,13.9498550039624,1.4237511143966037,11.788132639033316,1.2031212494116543
itq_fit,1000,rotated_heterogeneous,7312010,7312012,13.818434149200357,1.410338029574628,11.836096631181851,1.20801655386127
itq_fit,1000,rotated_heterogeneous,7312010,7312013,13.946984790739814,1.4234581744862569,11.85110278066597,1.209548112579604
itq_fit,1000,rotated_heterogeneous,7312010,7312014,13.913007135601019,1.419990344580161,11.727090857613296,1.1968911986837565
itq_fit,1000,rotated_heterogeneous,7312010,7312015,13.88107232832963,1.4167310119614516,11.84141824259808,1.2085596885520669
itq_fit,1000,rotated_heterogeneous,7312010,7312016,13.952561221455735,1.4240273165629231,11.861861849446884,1.2106462054388019
itq_fit,1000,rotated_heterogeneous,7312010,7312017,13.867060600412058,1.4153009459692534,11.795634918094581,1.2038869475619904
itq_fit,1000,rotated_heterogeneous,7312010,7312018,13.832454337338703,1.4117689590344933,11.814397248304745,1.205801869870345
itq_fit,1000,rotated_heterogeneous,7312010,7312019,13.783519918316983,1.4067746108068784,11.830896284620282,1.2074857957128748
itq_fit,1000,rotated_heterogeneous,7312010,7312020,13.855372979677167,1.414108083173101,11.823544075554121,1.2067354140172766
itq_fit,1000,rotated_heterogeneous,7312011,7312012,13.893492363916998,1.4179986265354625,11.837856823103218,1.2081962026969664
itq_fit,1000,rotated_heterogeneous,7312011,7312013,13.95473631405094,1.4242493110213215,11.843419577571519,1.2087639489474549
itq_fit,1000,rotated_heterogeneous,7312011,7312014,13.840445524837172,1.4125845561932497,11.813035838833851,1.2056629215980665
itq_fit,1000,rotated_heterogeneous,7312011,7312015,13.88486537247505,1.417118137908457,11.790216486698865,1.2033339312234164
itq_fit,1000,rotated_heterogeneous,7312011,7312016,13.857446793814232,1.41431974094215,11.825105875439421,1.2068948145505816
itq_fit,1000,rotated_heterogeneous,7312011,7312017,13.817049910151749,1.4101967512683309,11.84472433054971,1.2088971147406609
itq_fit,1000,rotated_heterogeneous,7312011,7312018,13.831323241491493,1.4116535170479998,11.8114725727329,1.2055033714197532
itq_fit,1000,rotated_heterogeneous,7312011,7312019,13.967124165464393,1.425513640811837,11.799925055449362,1.2043248078722266
itq_fit,1000,rotated_heterogeneous,7312011,7312020,13.952389183376255,1.4240097579999627,11.781724373590688,1.2024672085587065
itq_fit,1000,rotated_heterogeneous,7312012,7312013,13.908544435238673,1.419534872131716,11.788012954880049,1.2031090341989128
itq_fit,1000,rotated_heterogeneous,7312012,7312014,13.8930291488578,1.4179513498464538,11.845436983788213,1.208969849607239
itq_fit,1000,rotated_heterogeneous,7312012,7312015,13.861929282835769,1.4147772330621664,11.829176538162594,1.207310274825029
itq_fit,1000,rotated_heterogeneous,7312012,7312016,13.786027684798665,1.4070305586516356,11.86773716830833,1.2112458526590808
itq_fit,1000,rotated_heterogeneous,7312012,7312017,13.746973442199343,1.4030446017075022,11.883272506640264,1.212831421488028
itq_fit,1000,rotated_heterogeneous,7312012,7312018,13.83565275463091,1.4120953961324267,11.813928322499795,1.2057540103307887
itq_fit,1000,rotated_heterogeneous,7312012,7312019,13.839981959625636,1.4125372437669679,11.835494131832618,1.2079550615289374
itq_fit,1000,rotated_heterogeneous,7312012,7312020,13.953594725580517,1.4241327981359557,11.808245898860054,1.2051740503966348
itq_fit,1000,rotated_heterogeneous,7312013,7312014,13.720950318774532,1.400388627794825,11.828873274720197,1.2072793231295493
itq_fit,1000,rotated_heterogeneous,7312013,7312015,14.061386356781545,1.4351342354269883,11.861858263817137,1.210645839481998
itq_fit,1000,rotated_heterogeneous,7312013,7312016,13.859276015092691,1.4145064350571028,11.807370003659871,1.2050846547171097
itq_fit,1000,rotated_heterogeneous,7312013,7312017,13.839985695296251,1.4125376250372534,11.860169858597017,1.2104735173458172
itq_fit,1000,rotated_heterogeneous,7312013,7312018,13.825647109829003,1.411074199286085,11.825606018017282,1.2069458601386815
itq_fit,1000,rotated_heterogeneous,7312013,7312019,13.91673182995677,1.42037049460597,11.863326624921019,1.210795703459609
itq_fit,1000,rotated_heterogeneous,7312013,7312020,13.943363400287597,1.423088567870952,11.834076531333661,1.2078103782838723
itq_fit,1000,rotated_heterogeneous,7312014,7312015,13.905096169793861,1.4191829350134884,11.772871422663147,1.2015636580382743
itq_fit,1000,rotated_heterogeneous,7312014,7312016,13.991951777475819,1.4280475983518284,11.79597433316186,1.2039215889672341
itq_fit,1000,rotated_heterogeneous,7312014,7312017,13.895955850112665,1.418250055042453,11.834689752281525,1.2078729648847828
itq_fit,1000,rotated_heterogeneous,7312014,7312018,13.801235276580666,1.4085826769884042,11.840086003213417,1.2084237174392476
itq_fit,1000,rotated_heterogeneous,7312014,7312019,13.826597879298347,1.4111712367887062,11.81390563942424,1.2057516952490843
itq_fit,1000,rotated_heterogeneous,7312014,7312020,13.849881310840432,1.4135475920695033,11.860619846775407,1.2105194440719562
itq_fit,1000,rotated_heterogeneous,7312015,7312016,13.959109570892625,1.4246956546786658,11.86737811100714,1.2112092065267333
itq_fit,1000,rotated_heterogeneous,7312015,7312017,13.86178086240389,1.4147620849652704,11.798901235961203,1.2042203147332806
itq_fit,1000,rotated_heterogeneous,7312015,7312018,13.90965364648714,1.4196480805307035,11.815893450463735,1.205954575363744
itq_fit,1000,rotated_heterogeneous,7312015,7312019,13.907034538040442,1.4193807688942275,11.793504291443842,1.2036694913900452
itq_fit,1000,rotated_heterogeneous,7312015,7312020,14.01835698601913,1.4307425686636155,11.846393081380645,1.2090674309091458
itq_fit,1000,rotated_heterogeneous,7312016,7312017,13.832117046411295,1.4117345344233674,11.792678696316079,1.203585229440164
itq_fit,1000,rotated_heterogeneous,7312016,7312018,13.857727715997747,1.4143484124424435,11.807496556931916,1.205097571006351
itq_fit,1000,rotated_heterogeneous,7312016,7312019,13.89146050826311,1.4177912511361703,11.826961106763621,1.2070841633047116
itq_fit,1000,rotated_heterogeneous,7312016,7312020,13.84673456413104,1.4132264285783454,11.828335674622753,1.2072244545493658
itq_fit,1000,rotated_heterogeneous,7312017,7312018,13.757950661804358,1.4041649594919505,11.798139074180922,1.2041425269223163
itq_fit,1000,rotated_heterogeneous,7312017,7312019,13.856597425947745,1.414233052697283,11.799376855118325,1.2042688574102323
itq_fit,1000,rotated_heterogeneous,7312017,7312020,13.807217994810724,1.4091932856108413,11.844097407255227,1.2088331296498547
itq_fit,1000,rotated_heterogeneous,7312018,7312019,13.768318461424945,1.4052231186096948,11.834007366436634,1.2078033191711295
itq_fit,1000,rotated_heterogeneous,7312018,7312020,13.895460882141636,1.4181995375854513,11.802258520657002,1.2045629661676955
itq_fit,1000,rotated_heterogeneous,7312019,7312020,13.73011697644992,1.401324195876136,11.845673310977114,1.2089939696499539
