archive_id,qa_id,lex,N_archive,gold_count,section,group,t,sign_exact,float_exact,delta_exact,sign_mc20,float_mc20,delta_mc20,qconc,doc_rms_group,doc_rms_complement
001be529,001be529,0,514,1,single-session-user,LOW48,0.25,1.0,1.0,0.0,1.0,1.0,0.0,0.08862526684445539,0.07125950780013503,0.11622913209612946
001be529,001be529,0,514,1,single-session-user,LOW48,0.5,1.0,1.0,0.0,,,,0.08862526684445539,0.07125950780013503,0.11622913209612946
001be529,001be529,0,514,1,single-session-user,LOW48,1.0,1.0,1.0,0.0,1.0,1.0,0.0,0.08862526684445539,0.07125950780013503,0.11622913209612946
001be529,001be529,0,514,1,single-session-user,LOW48,2.0,1.0,1.0,0.0,,,,0.08862526684445539,0.07125950780013503,0.11622913209612946
001be529,001be529,0,514,1,single-session-user,LOW48,4.0,1.0,1.0,0.0,1.0,1.0,0.0,0.08862526684445539,0.07125950780013503,0.11622913209612946
001be529,001be529,0,514,1,single-session-user,HIGH48,0.25,1.0,1.0,0.0,1.0,1.0,0.0,0.08862526684445539,0.11622913209612946,0.07125950780013503
001be529,001be529,0,514,1,single-session-user,HIGH48,0.5,1.0,1.0,0.0,,,,0.08862526684445539,0.11622913209612946,0.07125950780013503
001be529,001be529,0,514,1,single-session-user,HIGH48,1.0,1.0,1.0,0.0,1.0,1.0,0.0,0.08862526684445539,0.11622913209612946,0.07125950780013503
001be529,001be529,0,514,1,single-session-user,HIGH48,2.0,1.0,1.0,0.0,,,,0.08862526684445539,0.11622913209612946,0.07125950780013503
001be529,001be529,0,514,1,single-session-user,HIGH48,4.0,1.0,1.0,0.0,1.0,1.0,0.0,0.08862526684445539,0.11622913209612946,0.07125950780013503
001be529,001be529,0,514,1,single-session-user,FULL96,0.25,1.0,1.0,0.0,1.0,1.0,0.0,0.08862526684445539,0.09640313428446458,nan
001be529,001be529,0,514,1,single-session-user,FULL96,0.5,1.0,1.0,0.0,,,,0.08862526684445539,0.09640313428446458,nan
001be529,001be529,0,514,1,single-session-user,FULL96,1.0,1.0,1.0,0.0,1.0,1.0,0.0,0.08862526684445539,0.09640313428446458,nan
001be529,001be529,0,514,1,single-session-user,FULL96,2.0,1.0,1.0,0.0,,,,0.08862526684445539,0.09640313428446458,nan
001be529,001be529,0,514,1,single-session-user,FULL96,4.0,1.0,1.0,0.0,1.0,1.0,0.0,0.08862526684445539,0.09640313428446458,nan
00ca467f,00ca467f,1,486,2,multi-session,LOW48,0.25,1.0,1.0,0.0,1.0,1.0,0.0,0.08333355278630301,0.0709692611593161,0.11648813495192503
00ca467f,00ca467f,1,486,2,multi-session,LOW48,0.5,1.0,1.0,0.0,,,,0.08333355278630301,0.0709692611593161,0.11648813495192503
00ca467f,00ca467f,1,486,2,multi-session,LOW48,1.0,1.0,1.0,0.0,1.0,1.0,0.0,0.08333355278630301,0.0709692611593161,0.11648813495192503
00ca467f,00ca467f,1,486,2,multi-session,LOW48,2.0,1.0,1.0,0.0,,,,0.08333355278630301,0.0709692611593161,0.11648813495192503
00ca467f,00ca467f,1,486,2,multi-session,LOW48,4.0,1.0,1.0,0.0,1.0,1.0,0.0,0.08333355278630301,0.0709692611593161,0.11648813495192503
00ca467f,00ca467f,1,486,2,multi-session,HIGH48,0.25,1.0,1.0,0.0,1.0,1.0,0.0,0.08333355278630301,0.11648813495192503,0.0709692611593161
00ca467f,00ca467f,1,486,2,multi-session,HIGH48,0.5,1.0,1.0,0.0,,,,0.08333355278630301,0.11648813495192503,0.0709692611593161
00ca467f,00ca467f,1,486,2,multi-session,HIGH48,1.0,1.0,1.0,0.0,1.0,1.0,0.0,0.08333355278630301,0.11648813495192503,0.0709692611593161
00ca467f,00ca467f,1,486,2,multi-session,HIGH48,2.0,1.0,1.0,0.0,,,,0.08333355278630301,0.11648813495192503,0.0709692611593161
00ca467f,00ca467f,1,486,2,multi-session,HIGH48,4.0,1.0,1.0,0.0,1.0,1.0,0.0,0.08333355278630301,0.11648813495192503,0.0709692611593161
00ca467f,00ca467f,1,486,2,multi-session,FULL96,0.25,1.0,1.0,0.0,1.0,1.0,0.0,0.08333355278630301,0.09645237584963137,nan
00ca467f,00ca467f,1,486,2,multi-session,FULL96,0.5,1.0,1.0,0.0,,,,0.08333355278630301,0.09645237584963137,nan
00ca467f,00ca467f,1,486,2,multi-session,FULL96,1.0,1.0,1.0,0.0,1.0,1.0,0.0,0.08333355278630301,0.09645237584963137,nan
00ca467f,00ca467f,1,486,2,multi-session,FULL96,2.0,1.0,1.0,0.0,,,,0.08333355278630301,0.09645237584963137,nan
00ca467f,00ca467f,1,486,2,multi-session,FULL96,4.0,1.0,1.0,0.0,1.0,1.0,0.0,0.08333355278630301,0.09645237584963137,nan
0100672e,0100672e,2,486,2,multi-session,LOW48,0.25,1.0,0.0,1.0,1.0,0.0,1.0,0.11038619232431338,0.06632741758771774,0.11937891946758379
0100672e,0100672e,2,486,2,multi-session,LOW48,0.5,1.0,0.0,1.0,,,,0.11038619232431338,0.06632741758771774,0.11937891946758379
0100672e,0100672e,2,486,2,multi-session,LOW48,1.0,1.0,0.0,1.0,1.0,0.0,1.0,0.11038619232431338,0.06632741758771774,0.11937891946758379
0100672e,0100672e,2,486,2,multi-session,LOW48,2.0,1.0,0.5,0.5,,,,0.11038619232431338,0.06632741758771774,0.11937891946758379
0100672e,0100672e,2,486,2,multi-session,LOW48,4.0,1.0,0.5,0.5,1.0,0.5,0.5,0.11038619232431338,0.06632741758771774,0.11937891946758379
0100672e,0100672e,2,486,2,multi-session,HIGH48,0.25,1.0,0.5,0.5,1.0,0.5,0.5,0.11038619232431338,0.11937891946758379,0.06632741758771774
0100672e,0100672e,2,486,2,multi-session,HIGH48,0.5,1.0,0.5,0.5,,,,0.11038619232431338,0.11937891946758379,0.06632741758771774
0100672e,0100672e,2,486,2,multi-session,HIGH48,1.0,1.0,0.0,1.0,1.0,0.0,1.0,0.11038619232431338,0.11937891946758379,0.06632741758771774
0100672e,0100672e,2,486,2,multi-session,HIGH48,2.0,1.0,0.0,1.0,,,,0.11038619232431338,0.11937891946758379,0.06632741758771774
0100672e,0100672e,2,486,2,multi-session,HIGH48,4.0,1.0,0.0,1.0,1.0,0.0,1.0,0.11038619232431338,0.11937891946758379,0.06632741758771774
0100672e,0100672e,2,486,2,multi-session,FULL96,0.25,1.0,0.0,1.0,1.0,0.0,1.0,0.11038619232431338,0.09656772943665845,nan
0100672e,0100672e,2,486,2,multi-session,FULL96,0.5,1.0,0.0,1.0,,,,0.11038619232431338,0.09656772943665845,nan
0100672e,0100672e,2,486,2,multi-session,FULL96,1.0,1.0,0.0,1.0,1.0,0.0,1.0,0.11038619232431338,0.09656772943665845,nan
0100672e,0100672e,2,486,2,multi-session,FULL96,2.0,1.0,0.0,1.0,,,,0.11038619232431338,0.09656772943665845,nan
0100672e,0100672e,2,486,2,multi-session,FULL96,4.0,1.0,0.0,1.0,1.0,0.0,1.0,0.11038619232431338,0.09656772943665845,nan
01493427,01493427,3,487,2,knowledge-update,LOW48,0.25,1.0,0.0,1.0,1.0,0.0,1.0,0.09824844153743627,0.0757362526664496,0.11386486474214061
01493427,01493427,3,487,2,knowledge-update,LOW48,0.5,1.0,0.0,1.0,,,,0.09824844153743627,0.0757362526664496,0.11386486474214061
01493427,01493427,3,487,2,knowledge-update,LOW48,1.0,1.0,0.0,1.0,1.0,0.0,1.0,0.09824844153743627,0.0757362526664496,0.11386486474214061
01493427,01493427,3,487,2,knowledge-update,LOW48,2.0,1.0,0.5,0.5,,,,0.09824844153743627,0.0757362526664496,0.11386486474214061
01493427,01493427,3,487,2,knowledge-update,LOW48,4.0,1.0,0.5,0.5,1.0,0.5,0.5,0.09824844153743627,0.0757362526664496,0.11386486474214061
01493427,01493427,3,487,2,knowledge-update,HIGH48,0.25,1.0,0.5,0.5,1.0,0.5,0.5,0.09824844153743627,0.11386486474214061,0.0757362526664496
01493427,01493427,3,487,2,knowledge-update,HIGH48,0.5,1.0,0.5,0.5,,,,0.09824844153743627,0.11386486474214061,0.0757362526664496
01493427,01493427,3,487,2,knowledge-update,HIGH48,1.0,1.0,0.0,1.0,1.0,0.0,1.0,0.09824844153743627,0.11386486474214061,0.0757362526664496
01493427,01493427,3,487,2,knowledge-update,HIGH48,2.0,1.0,0.0,1.0,,,,0.09824844153743627,0.11386486474214061,0.0757362526664496
01493427,01493427,3,487,2,knowledge-update,HIGH48,4.0,1.0,0.0,1.0,1.0,0.0,1.0,0.09824844153743627,0.11386486474214061,0.0757362526664496
01493427,01493427,3,487,2,knowledge-update,FULL96,0.25,1.0,0.0,1.0,1.0,0.0,1.0,0.09824844153743627,0.09669846790591427,nan
01493427,01493427,3,487,2,knowledge-update,FULL96,0.5,1.0,0.0,1.0,,,,0.09824844153743627,0.09669846790591427,nan
01493427,01493427,3,487,2,knowledge-update,FULL96,1.0,1.0,0.0,1.0,1.0,0.0,1.0,0.09824844153743627,0.09669846790591427,nan
01493427,01493427,3,487,2,knowledge-update,FULL96,2.0,1.0,0.0,1.0,,,,0.09824844153743627,0.09669846790591427,nan
01493427,01493427,3,487,2,knowledge-update,FULL96,4.0,1.0,0.0,1.0,1.0,0.0,1.0,0.09824844153743627,0.09669846790591427,nan
031748ae,031748ae,4,494,2,knowledge-update,LOW48,0.25,0.5,0.5,0.0,0.5,0.5,0.0,0.058103593444538575,0.07944383834678617,0.11109368788556695
031748ae,031748ae,4,494,2,knowledge-update,LOW48,0.5,0.5,0.5,0.0,,,,0.058103593444538575,0.07944383834678617,0.11109368788556695
031748ae,031748ae,4,494,2,knowledge-update,LOW48,1.0,0.5,0.5,0.0,0.5,0.5,0.0,0.058103593444538575,0.07944383834678617,0.11109368788556695
031748ae,031748ae,4,494,2,knowledge-update,LOW48,2.0,0.5,0.5,0.0,,,,0.058103593444538575,0.07944383834678617,0.11109368788556695
031748ae,031748ae,4,494,2,knowledge-update,LOW48,4.0,0.5,0.5,0.0,0.5,0.5,0.0,0.058103593444538575,0.07944383834678617,0.11109368788556695
031748ae,031748ae,4,494,2,knowledge-update,HIGH48,0.25,0.5,0.5,0.0,0.5,0.5,0.0,0.058103593444538575,0.11109368788556695,0.07944383834678617
031748ae,031748ae,4,494,2,knowledge-update,HIGH48,0.5,0.5,0.5,0.0,,,,0.058103593444538575,0.11109368788556695,0.07944383834678617
031748ae,031748ae,4,494,2,knowledge-update,HIGH48,1.0,0.5,0.5,0.0,0.5,0.5,0.0,0.058103593444538575,0.11109368788556695,0.07944383834678617
031748ae,031748ae,4,494,2,knowledge-update,HIGH48,2.0,0.5,0.5,0.0,,,,0.058103593444538575,0.11109368788556695,0.07944383834678617
031748ae,031748ae,4,494,2,knowledge-update,HIGH48,4.0,0.5,0.5,0.0,0.5,0.5,0.0,0.058103593444538575,0.11109368788556695,0.07944383834678617
031748ae,031748ae,4,494,2,knowledge-update,FULL96,0.25,0.5,0.5,0.0,0.5,0.5,0.0,0.058103593444538575,0.09657414493353295,nan
031748ae,031748ae,4,494,2,knowledge-update,FULL96,0.5,0.5,0.5,0.0,,,,0.058103593444538575,0.09657414493353295,nan
031748ae,031748ae,4,494,2,knowledge-update,FULL96,1.0,0.5,0.5,0.0,0.5,0.5,0.0,0.058103593444538575,0.09657414493353295,nan
031748ae,031748ae,4,494,2,knowledge-update,FULL96,2.0,0.5,0.5,0.0,,,,0.058103593444538575,0.09657414493353295,nan
031748ae,031748ae,4,494,2,knowledge-update,FULL96,4.0,0.5,0.5,0.0,0.5,0.5,0.0,0.058103593444538575,0.09657414493353295,nan
06878be2,06878be2,6,443,3,single-session-preference,LOW48,0.25,0.0,0.0,0.0,0.0,0.0,0.0,0.058629467980650475,0.07004480843979204,0.11750116038185486
06878be2,06878be2,6,443,3,single-session-preference,LOW48,0.5,0.0,0.0,0.0,,,,0.058629467980650475,0.07004480843979204,0.11750116038185486
06878be2,06878be2,6,443,3,single-session-preference,LOW48,1.0,0.0,0.0,0.0,0.0,0.0,0.0,0.058629467980650475,0.07004480843979204,0.11750116038185486
06878be2,06878be2,6,443,3,single-session-preference,LOW48,2.0,0.0,0.0,0.0,,,,0.058629467980650475,0.07004480843979204,0.11750116038185486
06878be2,06878be2,6,443,3,single-session-preference,LOW48,4.0,0.0,0.0,0.0,0.0,0.0,0.0,0.058629467980650475,0.07004480843979204,0.11750116038185486
06878be2,06878be2,6,443,3,single-session-preference,HIGH48,0.25,0.0,0.0,0.0,0.0,0.0,0.0,0.058629467980650475,0.11750116038185487,0.07004480843979204
06878be2,06878be2,6,443,3,single-session-preference,HIGH48,0.5,0.0,0.0,0.0,,,,0.058629467980650475,0.11750116038185487,0.07004480843979204
06878be2,06878be2,6,443,3,single-session-preference,HIGH48,1.0,0.0,0.0,0.0,0.0,0.0,0.0,0.058629467980650475,0.11750116038185487,0.07004480843979204
06878be2,06878be2,6,443,3,single-session-preference,HIGH48,2.0,0.0,0.0,0.0,,,,0.058629467980650475,0.11750116038185487,0.07004480843979204
06878be2,06878be2,6,443,3,single-session-preference,HIGH48,4.0,0.0,0.0,0.0,0.0,0.0,0.0,0.058629467980650475,0.11750116038185487,0.07004480843979204
06878be2,06878be2,6,443,3,single-session-preference,FULL96,0.25,0.0,0.0,0.0,0.0,0.0,0.0,0.058629467980650475,0.09672848050199472,nan
06878be2,06878be2,6,443,3,single-session-preference,FULL96,0.5,0.0,0.0,0.0,,,,0.058629467980650475,0.09672848050199472,nan
06878be2,06878be2,6,443,3,single-session-preference,FULL96,1.0,0.0,0.0,0.0,0.0,0.0,0.0,0.058629467980650475,0.09672848050199472,nan
06878be2,06878be2,6,443,3,single-session-preference,FULL96,2.0,0.0,0.0,0.0,,,,0.058629467980650475,0.09672848050199472,nan
06878be2,06878be2,6,443,3,single-session-preference,FULL96,4.0,0.0,0.0,0.0,0.0,0.0,0.0,0.058629467980650475,0.09672848050199472,nan
06db6396,06db6396,7,479,2,knowledge-update,LOW48,0.25,1.0,0.5,0.5,1.0,0.5,0.5,0.08744564771977507,0.08332420220004974,0.10833748144515638
06db6396,06db6396,7,479,2,knowledge-update,LOW48,0.5,1.0,0.5,0.5,,,,0.08744564771977507,0.08332420220004974,0.10833748144515638
06db6396,06db6396,7,479,2,knowledge-update,LOW48,1.0,1.0,0.5,0.5,1.0,0.5,0.5,0.08744564771977507,0.08332420220004974,0.10833748144515638
06db6396,06db6396,7,479,2,knowledge-update,LOW48,2.0,1.0,0.5,0.5,,,,0.08744564771977507,0.08332420220004974,0.10833748144515638
06db6396,06db6396,7,479,2,knowledge-update,LOW48,4.0,1.0,0.5,0.5,1.0,0.5,0.5,0.08744564771977507,0.08332420220004974,0.10833748144515638
06db6396,06db6396,7,479,2,knowledge-update,HIGH48,0.25,1.0,0.5,0.5,1.0,0.5,0.5,0.08744564771977507,0.1083374814451564,0.08332420220004974
06db6396,06db6396,7,479,2,knowledge-update,HIGH48,0.5,1.0,0.5,0.5,,,,0.08744564771977507,0.1083374814451564,0.08332420220004974
06db6396,06db6396,7,479,2,knowledge-update,HIGH48,1.0,1.0,0.5,0.5,1.0,0.5,0.5,0.08744564771977507,0.1083374814451564,0.08332420220004974
06db6396,06db6396,7,479,2,knowledge-update,HIGH48,2.0,1.0,0.5,0.5,,,,0.08744564771977507,0.1083374814451564,0.08332420220004974
06db6396,06db6396,7,479,2,knowledge-update,HIGH48,4.0,1.0,0.5,0.5,1.0,0.5,0.5,0.08744564771977507,0.1083374814451564,0.08332420220004974
06db6396,06db6396,7,479,2,knowledge-update,FULL96,0.25,1.0,0.5,0.5,1.0,0.5,0.5,0.08744564771977507,0.09664350096657917,nan
06db6396,06db6396,7,479,2,knowledge-update,FULL96,0.5,1.0,0.5,0.5,,,,0.08744564771977507,0.09664350096657917,nan
06db6396,06db6396,7,479,2,knowledge-update,FULL96,1.0,1.0,0.5,0.5,1.0,0.5,0.5,0.08744564771977507,0.09664350096657917,nan
06db6396,06db6396,7,479,2,knowledge-update,FULL96,2.0,1.0,0.5,0.5,,,,0.08744564771977507,0.09664350096657917,nan
06db6396,06db6396,7,479,2,knowledge-update,FULL96,4.0,1.0,0.5,0.5,1.0,0.5,0.5,0.08744564771977507,0.09664350096657917,nan
06f04340,06f04340,8,503,1,single-session-preference,LOW48,0.25,0.0,0.0,0.0,0.0,0.0,0.0,0.0863001216140971,0.07504839978948137,0.1140700902506393
06f04340,06f04340,8,503,1,single-session-preference,LOW48,0.5,0.0,0.0,0.0,,,,0.0863001216140971,0.07504839978948137,0.1140700902506393
06f04340,06f04340,8,503,1,single-session-preference,LOW48,1.0,0.0,0.0,0.0,0.0,0.0,0.0,0.0863001216140971,0.07504839978948137,0.1140700902506393
06f04340,06f04340,8,503,1,single-session-preference,LOW48,2.0,0.0,0.0,0.0,,,,0.0863001216140971,0.07504839978948137,0.1140700902506393
06f04340,06f04340,8,503,1,single-session-preference,LOW48,4.0,0.0,0.0,0.0,0.0,0.0,0.0,0.0863001216140971,0.07504839978948137,0.1140700902506393
06f04340,06f04340,8,503,1,single-session-preference,HIGH48,0.25,0.0,0.0,0.0,0.0,0.0,0.0,0.0863001216140971,0.11407009025063929,0.07504839978948137
06f04340,06f04340,8,503,1,single-session-preference,HIGH48,0.5,0.0,0.0,0.0,,,,0.0863001216140971,0.11407009025063929,0.07504839978948137
06f04340,06f04340,8,503,1,single-session-preference,HIGH48,1.0,0.0,0.0,0.0,0.0,0.0,0.0,0.0863001216140971,0.11407009025063929,0.07504839978948137
06f04340,06f04340,8,503,1,single-session-preference,HIGH48,2.0,0.0,0.0,0.0,,,,0.0863001216140971,0.11407009025063929,0.07504839978948137
06f04340,06f04340,8,503,1,single-session-preference,HIGH48,4.0,0.0,0.0,0.0,0.0,0.0,0.0,0.0863001216140971,0.11407009025063929,0.07504839978948137
06f04340,06f04340,8,503,1,single-session-preference,FULL96,0.25,0.0,0.0,0.0,0.0,0.0,0.0,0.0863001216140971,0.09655114655132485,nan
06f04340,06f04340,8,503,1,single-session-preference,FULL96,0.5,0.0,0.0,0.0,,,,0.0863001216140971,0.09655114655132485,nan
06f04340,06f04340,8,503,1,single-session-preference,FULL96,1.0,0.0,0.0,0.0,0.0,0.0,0.0,0.0863001216140971,0.09655114655132485,nan
06f04340,06f04340,8,503,1,single-session-preference,FULL96,2.0,0.0,0.0,0.0,,,,0.0863001216140971,0.09655114655132485,nan
06f04340,06f04340,8,503,1,single-session-preference,FULL96,4.0,0.0,0.0,0.0,0.0,0.0,0.0,0.0863001216140971,0.09655114655132485,nan
07741c44,07741c44,9,513,2,knowledge-update,LOW48,0.25,0.0,0.5,-0.5,0.0,0.5,-0.5,0.08803211921355844,0.06671224249718487,0.11871358995123318
07741c44,07741c44,9,513,2,knowledge-update,LOW48,0.5,0.0,0.5,-0.5,,,,0.08803211921355844,0.06671224249718487,0.11871358995123318
07741c44,07741c44,9,513,2,knowledge-update,LOW48,1.0,0.0,0.0,0.0,0.0,0.0,0.0,0.08803211921355844,0.06671224249718487,0.11871358995123318
07741c44,07741c44,9,513,2,knowledge-update,LOW48,2.0,0.0,0.0,0.0,,,,0.08803211921355844,0.06671224249718487,0.11871358995123318
07741c44,07741c44,9,513,2,knowledge-update,LOW48,4.0,0.0,0.0,0.0,0.0,0.0,0.0,0.08803211921355844,0.06671224249718487,0.11871358995123318
07741c44,07741c44,9,513,2,knowledge-update,HIGH48,0.25,0.0,0.0,0.0,0.0,0.0,0.0,0.08803211921355844,0.11871358995123317,0.06671224249718485
07741c44,07741c44,9,513,2,knowledge-update,HIGH48,0.5,0.0,0.0,0.0,,,,0.08803211921355844,0.11871358995123317,0.06671224249718485
07741c44,07741c44,9,513,2,knowledge-update,HIGH48,1.0,0.0,0.0,0.0,0.0,0.0,0.0,0.08803211921355844,0.11871358995123317,0.06671224249718485
07741c44,07741c44,9,513,2,knowledge-update,HIGH48,2.0,0.0,0.5,-0.5,,,,0.08803211921355844,0.11871358995123317,0.06671224249718485
07741c44,07741c44,9,513,2,knowledge-update,HIGH48,4.0,0.0,0.5,-0.5,0.0,0.5,-0.5,0.08803211921355844,0.11871358995123317,0.06671224249718485
07741c44,07741c44,9,513,2,knowledge-update,FULL96,0.25,0.0,0.0,0.0,0.0,0.0,0.0,0.08803211921355844,0.09628977032403996,nan
07741c44,07741c44,9,513,2,knowledge-update,FULL96,0.5,0.0,0.0,0.0,,,,0.08803211921355844,0.09628977032403996,nan
07741c44,07741c44,9,513,2,knowledge-update,FULL96,1.0,0.0,0.0,0.0,0.0,0.0,0.0,0.08803211921355844,0.09628977032403996,nan
07741c44,07741c44,9,513,2,knowledge-update,FULL96,2.0,0.0,0.0,0.0,,,,0.08803211921355844,0.09628977032403996,nan
07741c44,07741c44,9,513,2,knowledge-update,FULL96,4.0,0.0,0.0,0.0,0.0,0.0,0.0,0.08803211921355844,0.09628977032403996,nan
07741c45,07741c45,10,527,2,knowledge-update,LOW48,0.25,0.5,0.5,0.0,0.5,0.5,0.0,0.3076335171501883,0.08430575073743525,0.10778717250206259
07741c45,07741c45,10,527,2,knowledge-update,LOW48,0.5,0.5,0.5,0.0,,,,0.3076335171501883,0.08430575073743525,0.10778717250206259
07741c45,07741c45,10,527,2,knowledge-update,LOW48,1.0,0.5,0.5,0.0,0.5,0.5,0.0,0.3076335171501883,0.08430575073743525,0.10778717250206259
07741c45,07741c45,10,527,2,knowledge-update,LOW48,2.0,0.5,0.5,0.0,,,,0.3076335171501883,0.08430575073743525,0.10778717250206259
07741c45,07741c45,10,527,2,knowledge-update,LOW48,4.0,0.5,0.5,0.0,0.5,0.5,0.0,0.3076335171501883,0.08430575073743525,0.10778717250206259
07741c45,07741c45,10,527,2,knowledge-update,HIGH48,0.25,0.5,0.5,0.0,0.5,0.5,0.0,0.3076335171501883,0.1077871725020626,0.08430575073743525
07741c45,07741c45,10,527,2,knowledge-update,HIGH48,0.5,0.5,0.5,0.0,,,,0.3076335171501883,0.1077871725020626,0.08430575073743525
07741c45,07741c45,10,527,2,knowledge-update,HIGH48,1.0,0.5,0.5,0.0,0.5,0.5,0.0,0.3076335171501883,0.1077871725020626,0.08430575073743525
07741c45,07741c45,10,527,2,knowledge-update,HIGH48,2.0,0.5,0.5,0.0,,,,0.3076335171501883,0.1077871725020626,0.08430575073743525
07741c45,07741c45,10,527,2,knowledge-update,HIGH48,4.0,0.5,0.5,0.0,0.5,0.5,0.0,0.3076335171501883,0.1077871725020626,0.08430575073743525
07741c45,07741c45,10,527,2,knowledge-update,FULL96,0.25,0.5,0.5,0.0,0.5,0.5,0.0,0.3076335171501883,0.09676139251631294,nan
07741c45,07741c45,10,527,2,knowledge-update,FULL96,0.5,0.5,0.5,0.0,,,,0.3076335171501883,0.09676139251631294,nan
07741c45,07741c45,10,527,2,knowledge-update,FULL96,1.0,0.5,0.5,0.0,0.5,0.5,0.0,0.3076335171501883,0.09676139251631294,nan
07741c45,07741c45,10,527,2,knowledge-update,FULL96,2.0,0.5,0.5,0.0,,,,0.3076335171501883,0.09676139251631294,nan
07741c45,07741c45,10,527,2,knowledge-update,FULL96,4.0,0.5,0.5,0.0,0.5,0.5,0.0,0.3076335171501883,0.09676139251631294,nan
078150f1,078150f1,11,551,3,multi-session,LOW48,0.25,0.8333333333333334,0.3333333333333333,0.5,0.8333333333333333,0.3333333333333332,0.5,0.05342313897573504,0.06841372723391236,0.11788870595560946
078150f1,078150f1,11,551,3,multi-session,LOW48,0.5,0.8333333333333334,0.3333333333333333,0.5,,,,0.05342313897573504,0.06841372723391236,0.11788870595560946
078150f1,078150f1,11,551,3,multi-session,LOW48,1.0,0.8333333333333334,0.3333333333333333,0.5,0.8333333333333333,0.3333333333333332,0.5,0.05342313897573504,0.06841372723391236,0.11788870595560946
078150f1,078150f1,11,551,3,multi-session,LOW48,2.0,0.8333333333333334,0.3333333333333333,0.5,,,,0.05342313897573504,0.06841372723391236,0.11788870595560946
078150f1,078150f1,11,551,3,multi-session,LOW48,4.0,0.8333333333333334,0.3333333333333333,0.5,0.8333333333333333,0.3333333333333332,0.5,0.05342313897573504,0.06841372723391236,0.11788870595560946
078150f1,078150f1,11,551,3,multi-session,HIGH48,0.25,0.8333333333333334,0.3333333333333333,0.5,0.8333333333333333,0.3333333333333332,0.5,0.05342313897573504,0.11788870595560946,0.06841372723391237
078150f1,078150f1,11,551,3,multi-session,HIGH48,0.5,0.8333333333333334,0.3333333333333333,0.5,,,,0.05342313897573504,0.11788870595560946,0.06841372723391237
078150f1,078150f1,11,551,3,multi-session,HIGH48,1.0,0.8333333333333334,0.3333333333333333,0.5,0.8333333333333333,0.3333333333333332,0.5,0.05342313897573504,0.11788870595560946,0.06841372723391237
078150f1,078150f1,11,551,3,multi-session,HIGH48,2.0,0.8333333333333334,0.3333333333333333,0.5,,,,0.05342313897573504,0.11788870595560946,0.06841372723391237
078150f1,078150f1,11,551,3,multi-session,HIGH48,4.0,0.8333333333333334,0.3333333333333333,0.5,0.8333333333333333,0.3333333333333332,0.5,0.05342313897573504,0.11788870595560946,0.06841372723391237
078150f1,078150f1,11,551,3,multi-session,FULL96,0.25,0.8333333333333334,0.3333333333333333,0.5,0.8333333333333333,0.3333333333333332,0.5,0.05342313897573504,0.0963799384361816,nan
078150f1,078150f1,11,551,3,multi-session,FULL96,0.5,0.8333333333333334,0.3333333333333333,0.5,,,,0.05342313897573504,0.0963799384361816,nan
078150f1,078150f1,11,551,3,multi-session,FULL96,1.0,0.8333333333333334,0.3333333333333333,0.5,0.8333333333333333,0.3333333333333332,0.5,0.05342313897573504,0.0963799384361816,nan
078150f1,078150f1,11,551,3,multi-session,FULL96,2.0,0.8333333333333334,0.3333333333333333,0.5,,,,0.05342313897573504,0.0963799384361816,nan
078150f1,078150f1,11,551,3,multi-session,FULL96,4.0,0.8333333333333334,0.3333333333333333,0.5,0.8333333333333333,0.3333333333333332,0.5,0.05342313897573504,0.0963799384361816,nan
07b6f563,07b6f563,12,524,2,single-session-preference,LOW48,0.25,0.5,0.0,0.5,0.5,0.0,0.5,0.10970155775969932,0.06485115153148296,0.12004855387877122
07b6f563,07b6f563,12,524,2,single-session-preference,LOW48,0.5,0.5,0.0,0.5,,,,0.10970155775969932,0.06485115153148296,0.12004855387877122
07b6f563,07b6f563,12,524,2,single-session-preference,LOW48,1.0,0.5,0.0,0.5,0.5,0.0,0.5,0.10970155775969932,0.06485115153148296,0.12004855387877122
07b6f563,07b6f563,12,524,2,single-session-preference,LOW48,2.0,0.5,0.0,0.5,,,,0.10970155775969932,0.06485115153148296,0.12004855387877122
07b6f563,07b6f563,12,524,2,single-session-preference,LOW48,4.0,0.5,0.0,0.5,0.5,0.0,0.5,0.10970155775969932,0.06485115153148296,0.12004855387877122
07b6f563,07b6f563,12,524,2,single-session-preference,HIGH48,0.25,0.5,0.0,0.5,0.5,0.0,0.5,0.10970155775969932,0.12004855387877122,0.06485115153148296
07b6f563,07b6f563,12,524,2,single-session-preference,HIGH48,0.5,0.5,0.0,0.5,,,,0.10970155775969932,0.12004855387877122,0.06485115153148296
07b6f563,07b6f563,12,524,2,single-session-preference,HIGH48,1.0,0.5,0.0,0.5,0.5,0.0,0.5,0.10970155775969932,0.12004855387877122,0.06485115153148296
07b6f563,07b6f563,12,524,2,single-session-preference,HIGH48,2.0,0.5,0.0,0.5,,,,0.10970155775969932,0.12004855387877122,0.06485115153148296
07b6f563,07b6f563,12,524,2,single-session-preference,HIGH48,4.0,0.5,0.0,0.5,0.5,0.0,0.5,0.10970155775969932,0.12004855387877122,0.06485115153148296
07b6f563,07b6f563,12,524,2,single-session-preference,FULL96,0.25,0.5,0.0,0.5,0.5,0.0,0.5,0.10970155775969932,0.09648141568028425,nan
07b6f563,07b6f563,12,524,2,single-session-preference,FULL96,0.5,0.5,0.0,0.5,,,,0.10970155775969932,0.09648141568028425,nan
07b6f563,07b6f563,12,524,2,single-session-preference,FULL96,1.0,0.5,0.0,0.5,0.5,0.0,0.5,0.10970155775969932,0.09648141568028425,nan
07b6f563,07b6f563,12,524,2,single-session-preference,FULL96,2.0,0.5,0.0,0.5,,,,0.10970155775969932,0.09648141568028425,nan
07b6f563,07b6f563,12,524,2,single-session-preference,FULL96,4.0,0.5,0.0,0.5,0.5,0.0,0.5,0.10970155775969932,0.09648141568028425,nan
0862e8bf,0862e8bf,13,490,1,single-session-user,LOW48,0.25,0.0,1.0,-1.0,0.0,1.0,-1.0,0.08508285940611927,0.06229990720896851,0.12206950259669001
0862e8bf,0862e8bf,13,490,1,single-session-user,LOW48,0.5,0.0,1.0,-1.0,,,,0.08508285940611927,0.06229990720896851,0.12206950259669001
0862e8bf,0862e8bf,13,490,1,single-session-user,LOW48,1.0,0.0,1.0,-1.0,0.0,1.0,-1.0,0.08508285940611927,0.06229990720896851,0.12206950259669001
0862e8bf,0862e8bf,13,490,1,single-session-user,LOW48,2.0,0.0,0.0,0.0,,,,0.08508285940611927,0.06229990720896851,0.12206950259669001
0862e8bf,0862e8bf,13,490,1,single-session-user,LOW48,4.0,0.0,0.0,0.0,0.0,0.0,0.0,0.08508285940611927,0.06229990720896851,0.12206950259669001
0862e8bf,0862e8bf,13,490,1,single-session-user,HIGH48,0.25,0.0,0.0,0.0,0.0,0.0,0.0,0.08508285940611927,0.12206950259669,0.06229990720896851
0862e8bf,0862e8bf,13,490,1,single-session-user,HIGH48,0.5,0.0,0.0,0.0,,,,0.08508285940611927,0.12206950259669,0.06229990720896851
0862e8bf,0862e8bf,13,490,1,single-session-user,HIGH48,1.0,0.0,1.0,-1.0,0.0,1.0,-1.0,0.08508285940611927,0.12206950259669,0.06229990720896851
0862e8bf,0862e8bf,13,490,1,single-session-user,HIGH48,2.0,0.0,1.0,-1.0,,,,0.08508285940611927,0.12206950259669,0.06229990720896851
0862e8bf,0862e8bf,13,490,1,single-session-user,HIGH48,4.0,0.0,1.0,-1.0,0.0,1.0,-1.0,0.08508285940611927,0.12206950259669,0.06229990720896851
0862e8bf,0862e8bf,13,490,1,single-session-user,FULL96,0.25,0.0,1.0,-1.0,0.0,1.0,-1.0,0.08508285940611927,0.09690779613232724,nan
0862e8bf,0862e8bf,13,490,1,single-session-user,FULL96,0.5,0.0,1.0,-1.0,,,,0.08508285940611927,0.09690779613232724,nan
0862e8bf,0862e8bf,13,490,1,single-session-user,FULL96,1.0,0.0,1.0,-1.0,0.0,1.0,-1.0,0.08508285940611927,0.09690779613232724,nan
0862e8bf,0862e8bf,13,490,1,single-session-user,FULL96,2.0,0.0,1.0,-1.0,,,,0.08508285940611927,0.09690779613232724,nan
0862e8bf,0862e8bf,13,490,1,single-session-user,FULL96,4.0,0.0,1.0,-1.0,0.0,1.0,-1.0,0.08508285940611927,0.09690779613232724,nan
08e075c7,08e075c7,15,484,2,knowledge-update,LOW48,0.25,1.0,0.5,0.5,1.0,0.5,0.5,0.08716858020979792,0.07403747048641968,0.11501851805522299
08e075c7,08e075c7,15,484,2,knowledge-update,LOW48,0.5,1.0,0.5,0.5,,,,0.08716858020979792,0.07403747048641968,0.11501851805522299
08e075c7,08e075c7,15,484,2,knowledge-update,LOW48,1.0,1.0,0.5,0.5,1.0,0.5,0.5,0.08716858020979792,0.07403747048641968,0.11501851805522299
08e075c7,08e075c7,15,484,2,knowledge-update,LOW48,2.0,1.0,0.5,0.5,,,,0.08716858020979792,0.07403747048641968,0.11501851805522299
08e075c7,08e075c7,15,484,2,knowledge-update,LOW48,4.0,1.0,0.5,0.5,1.0,0.5,0.5,0.08716858020979792,0.07403747048641968,0.11501851805522299
08e075c7,08e075c7,15,484,2,knowledge-update,HIGH48,0.25,1.0,0.5,0.5,1.0,0.5,0.5,0.08716858020979792,0.115018518055223,0.07403747048641968
08e075c7,08e075c7,15,484,2,knowledge-update,HIGH48,0.5,1.0,0.5,0.5,,,,0.08716858020979792,0.115018518055223,0.07403747048641968
08e075c7,08e075c7,15,484,2,knowledge-update,HIGH48,1.0,1.0,0.5,0.5,1.0,0.5,0.5,0.08716858020979792,0.115018518055223,0.07403747048641968
08e075c7,08e075c7,15,484,2,knowledge-update,HIGH48,2.0,1.0,0.5,0.5,,,,0.08716858020979792,0.115018518055223,0.07403747048641968
08e075c7,08e075c7,15,484,2,knowledge-update,HIGH48,4.0,1.0,0.5,0.5,1.0,0.5,0.5,0.08716858020979792,0.115018518055223,0.07403747048641968
08e075c7,08e075c7,15,484,2,knowledge-update,FULL96,0.25,1.0,0.5,0.5,1.0,0.5,0.5,0.08716858020979792,0.09672333361616296,nan
08e075c7,08e075c7,15,484,2,knowledge-update,FULL96,0.5,1.0,0.5,0.5,,,,0.08716858020979792,0.09672333361616296,nan
08e075c7,08e075c7,15,484,2,knowledge-update,FULL96,1.0,1.0,0.5,0.5,1.0,0.5,0.5,0.08716858020979792,0.09672333361616296,nan
08e075c7,08e075c7,15,484,2,knowledge-update,FULL96,2.0,1.0,0.5,0.5,,,,0.08716858020979792,0.09672333361616296,nan
08e075c7,08e075c7,15,484,2,knowledge-update,FULL96,4.0,1.0,0.5,0.5,1.0,0.5,0.5,0.08716858020979792,0.09672333361616296,nan
08f4fc43,08f4fc43,16,480,2,temporal-reasoning,LOW48,0.25,0.5,0.5,0.0,0.5,0.5,0.0,0.13748465698282727,0.07017426830876464,0.1166390763144235
08f4fc43,08f4fc43,16,480,2,temporal-reasoning,LOW48,0.5,0.5,0.5,0.0,,,,0.13748465698282727,0.07017426830876464,0.1166390763144235
08f4fc43,08f4fc43,16,480,2,temporal-reasoning,LOW48,1.0,0.5,0.5,0.0,0.5,0.5,0.0,0.13748465698282727,0.07017426830876464,0.1166390763144235
08f4fc43,08f4fc43,16,480,2,temporal-reasoning,LOW48,2.0,0.5,0.5,0.0,,,,0.13748465698282727,0.07017426830876464,0.1166390763144235
08f4fc43,08f4fc43,16,480,2,temporal-reasoning,LOW48,4.0,0.5,1.0,-0.5,0.5,1.0,-0.5,0.13748465698282727,0.07017426830876464,0.1166390763144235
08f4fc43,08f4fc43,16,480,2,temporal-reasoning,HIGH48,0.25,0.5,1.0,-0.5,0.5,1.0,-0.5,0.13748465698282727,0.1166390763144235,0.07017426830876464
08f4fc43,08f4fc43,16,480,2,temporal-reasoning,HIGH48,0.5,0.5,0.5,0.0,,,,0.13748465698282727,0.1166390763144235,0.07017426830876464
08f4fc43,08f4fc43,16,480,2,temporal-reasoning,HIGH48,1.0,0.5,0.5,0.0,0.5,0.5,0.0,0.13748465698282727,0.1166390763144235,0.07017426830876464
08f4fc43,08f4fc43,16,480,2,temporal-reasoning,HIGH48,2.0,0.5,0.5,0.0,,,,0.13748465698282727,0.1166390763144235,0.07017426830876464
08f4fc43,08f4fc43,16,480,2,temporal-reasoning,HIGH48,4.0,0.5,0.5,0.0,0.5,0.5,0.0,0.13748465698282727,0.1166390763144235,0.07017426830876464
08f4fc43,08f4fc43,16,480,2,temporal-reasoning,FULL96,0.25,0.5,0.5,0.0,0.5,0.5,0.0,0.13748465698282727,0.09625253777473194,nan
08f4fc43,08f4fc43,16,480,2,temporal-reasoning,FULL96,0.5,0.5,0.5,0.0,,,,0.13748465698282727,0.09625253777473194,nan
08f4fc43,08f4fc43,16,480,2,temporal-reasoning,FULL96,1.0,0.5,0.5,0.0,0.5,0.5,0.0,0.13748465698282727,0.09625253777473194,nan
08f4fc43,08f4fc43,16,480,2,temporal-reasoning,FULL96,2.0,0.5,0.5,0.0,,,,0.13748465698282727,0.09625253777473194,nan
08f4fc43,08f4fc43,16,480,2,temporal-reasoning,FULL96,4.0,0.5,0.5,0.0,0.5,0.5,0.0,0.13748465698282727,0.09625253777473194,nan
0977f2af,0977f2af,17,484,2,knowledge-update,LOW48,0.25,0.5,0.5,0.0,0.5,0.5,0.0,0.120879262847041,0.07689997777688172,0.11253270454415298
0977f2af,0977f2af,17,484,2,knowledge-update,LOW48,0.5,0.5,0.5,0.0,,,,0.120879262847041,0.07689997777688172,0.11253270454415298
0977f2af,0977f2af,17,484,2,knowledge-update,LOW48,1.0,0.5,0.0,0.5,0.5,0.0,0.5,0.120879262847041,0.07689997777688172,0.11253270454415298
0977f2af,0977f2af,17,484,2,knowledge-update,LOW48,2.0,0.5,0.0,0.5,,,,0.120879262847041,0.07689997777688172,0.11253270454415298
0977f2af,0977f2af,17,484,2,knowledge-update,LOW48,4.0,0.5,0.0,0.5,0.5,0.0,0.5,0.120879262847041,0.07689997777688172,0.11253270454415298
0977f2af,0977f2af,17,484,2,knowledge-update,HIGH48,0.25,0.5,0.0,0.5,0.5,0.0,0.5,0.120879262847041,0.11253270454415297,0.07689997777688172
0977f2af,0977f2af,17,484,2,knowledge-update,HIGH48,0.5,0.5,0.0,0.5,,,,0.120879262847041,0.11253270454415297,0.07689997777688172
0977f2af,0977f2af,17,484,2,knowledge-update,HIGH48,1.0,0.5,0.0,0.5,0.5,0.0,0.5,0.120879262847041,0.11253270454415297,0.07689997777688172
0977f2af,0977f2af,17,484,2,knowledge-update,HIGH48,2.0,0.5,0.5,0.0,,,,0.120879262847041,0.11253270454415297,0.07689997777688172
0977f2af,0977f2af,17,484,2,knowledge-update,HIGH48,4.0,0.5,0.5,0.0,0.5,0.5,0.0,0.120879262847041,0.11253270454415297,0.07689997777688172
0977f2af,0977f2af,17,484,2,knowledge-update,FULL96,0.25,0.5,0.0,0.5,0.5,0.0,0.5,0.120879262847041,0.0963774251941463,nan
0977f2af,0977f2af,17,484,2,knowledge-update,FULL96,0.5,0.5,0.0,0.5,,,,0.120879262847041,0.0963774251941463,nan
0977f2af,0977f2af,17,484,2,knowledge-update,FULL96,1.0,0.5,0.0,0.5,0.5,0.0,0.5,0.120879262847041,0.0963774251941463,nan
0977f2af,0977f2af,17,484,2,knowledge-update,FULL96,2.0,0.5,0.0,0.5,,,,0.120879262847041,0.0963774251941463,nan
0977f2af,0977f2af,17,484,2,knowledge-update,FULL96,4.0,0.5,0.0,0.5,0.5,0.0,0.5,0.120879262847041,0.0963774251941463,nan
099778bb,099778bb,18,466,2,multi-session,LOW48,0.25,0.0,0.0,0.0,0.0,0.0,0.0,0.10235320928769609,0.06906691857827868,0.11794014367024783
099778bb,099778bb,18,466,2,multi-session,LOW48,0.5,0.0,0.0,0.0,,,,0.10235320928769609,0.06906691857827868,0.11794014367024783
099778bb,099778bb,18,466,2,multi-session,LOW48,1.0,0.0,0.0,0.0,0.0,0.0,0.0,0.10235320928769609,0.06906691857827868,0.11794014367024783
099778bb,099778bb,18,466,2,multi-session,LOW48,2.0,0.0,0.0,0.0,,,,0.10235320928769609,0.06906691857827868,0.11794014367024783
099778bb,099778bb,18,466,2,multi-session,LOW48,4.0,0.0,0.0,0.0,0.0,0.0,0.0,0.10235320928769609,0.06906691857827868,0.11794014367024783
099778bb,099778bb,18,466,2,multi-session,HIGH48,0.25,0.0,0.0,0.0,0.0,0.0,0.0,0.10235320928769609,0.11794014367024783,0.06906691857827868
099778bb,099778bb,18,466,2,multi-session,HIGH48,0.5,0.0,0.0,0.0,,,,0.10235320928769609,0.11794014367024783,0.06906691857827868
099778bb,099778bb,18,466,2,multi-session,HIGH48,1.0,0.0,0.0,0.0,0.0,0.0,0.0,0.10235320928769609,0.11794014367024783,0.06906691857827868
099778bb,099778bb,18,466,2,multi-session,HIGH48,2.0,0.0,0.0,0.0,,,,0.10235320928769609,0.11794014367024783,0.06906691857827868
099778bb,099778bb,18,466,2,multi-session,HIGH48,4.0,0.0,0.0,0.0,0.0,0.0,0.0,0.10235320928769609,0.11794014367024783,0.06906691857827868
099778bb,099778bb,18,466,2,multi-session,FULL96,0.25,0.0,0.0,0.0,0.0,0.0,0.0,0.10235320928769609,0.09664397738829171,nan
099778bb,099778bb,18,466,2,multi-session,FULL96,0.5,0.0,0.0,0.0,,,,0.10235320928769609,0.09664397738829171,nan
099778bb,099778bb,18,466,2,multi-session,FULL96,1.0,0.0,0.0,0.0,0.0,0.0,0.0,0.10235320928769609,0.09664397738829171,nan
099778bb,099778bb,18,466,2,multi-session,FULL96,2.0,0.0,0.0,0.0,,,,0.10235320928769609,0.09664397738829171,nan
099778bb,099778bb,18,466,2,multi-session,FULL96,4.0,0.0,0.0,0.0,0.0,0.0,0.0,0.10235320928769609,0.09664397738829171,nan
09ba9854,09ba9854,19,479,2,multi-session,LOW48,0.25,0.75,0.5,0.25,0.675,0.5,0.17500000000000004,0.154361616575345,0.07085562972639044,0.11715019570232695
09ba9854,09ba9854,19,479,2,multi-session,LOW48,0.5,0.75,0.5,0.25,,,,0.154361616575345,0.07085562972639044,0.11715019570232695
09ba9854,09ba9854,19,479,2,multi-session,LOW48,1.0,0.75,0.5,0.25,0.675,0.5,0.17500000000000004,0.154361616575345,0.07085562972639044,0.11715019570232695
09ba9854,09ba9854,19,479,2,multi-session,LOW48,2.0,0.75,0.5,0.25,,,,0.154361616575345,0.07085562972639044,0.11715019570232695
09ba9854,09ba9854,19,479,2,multi-session,LOW48,4.0,0.75,0.5,0.25,0.675,0.5,0.17500000000000004,0.154361616575345,0.07085562972639044,0.11715019570232695
09ba9854,09ba9854,19,479,2,multi-session,HIGH48,0.25,0.75,0.5,0.25,0.675,0.5,0.17500000000000004,0.154361616575345,0.11715019570232695,0.07085562972639044
09ba9854,09ba9854,19,479,2,multi-session,HIGH48,0.5,0.75,0.5,0.25,,,,0.154361616575345,0.11715019570232695,0.07085562972639044
09ba9854,09ba9854,19,479,2,multi-session,HIGH48,1.0,0.75,0.5,0.25,0.675,0.5,0.17500000000000004,0.154361616575345,0.11715019570232695,0.07085562972639044
09ba9854,09ba9854,19,479,2,multi-session,HIGH48,2.0,0.75,0.5,0.25,,,,0.154361616575345,0.11715019570232695,0.07085562972639044
09ba9854,09ba9854,19,479,2,multi-session,HIGH48,4.0,0.75,0.5,0.25,0.675,0.5,0.17500000000000004,0.154361616575345,0.11715019570232695,0.07085562972639044
09ba9854,09ba9854,19,479,2,multi-session,FULL96,0.25,0.75,0.5,0.25,0.675,0.5,0.17500000000000004,0.154361616575345,0.09681086875195587,nan
09ba9854,09ba9854,19,479,2,multi-session,FULL96,0.5,0.75,0.5,0.25,,,,0.154361616575345,0.09681086875195587,nan
09ba9854,09ba9854,19,479,2,multi-session,FULL96,1.0,0.75,0.5,0.25,0.675,0.5,0.17500000000000004,0.154361616575345,0.09681086875195587,nan
09ba9854,09ba9854,19,479,2,multi-session,FULL96,2.0,0.75,0.5,0.25,,,,0.154361616575345,0.09681086875195587,nan
09ba9854,09ba9854,19,479,2,multi-session,FULL96,4.0,0.75,0.5,0.25,0.675,0.5,0.17500000000000004,0.154361616575345,0.09681086875195587,nan
09d032c9,09d032c9,21,481,1,single-session-preference,LOW48,0.25,0.0,0.0,0.0,0.0,0.0,0.0,0.07300616036696755,0.06958332434982273,0.11791483875603719
09d032c9,09d032c9,21,481,1,single-session-preference,LOW48,0.5,0.0,0.0,0.0,,,,0.07300616036696755,0.06958332434982273,0.11791483875603719
09d032c9,09d032c9,21,481,1,single-session-preference,LOW48,1.0,0.0,0.0,0.0,0.0,0.0,0.0,0.07300616036696755,0.06958332434982273,0.11791483875603719
09d032c9,09d032c9,21,481,1,single-session-preference,LOW48,2.0,0.0,0.0,0.0,,,,0.07300616036696755,0.06958332434982273,0.11791483875603719
09d032c9,09d032c9,21,481,1,single-session-preference,LOW48,4.0,0.0,0.0,0.0,0.0,0.0,0.0,0.07300616036696755,0.06958332434982273,0.11791483875603719
09d032c9,09d032c9,21,481,1,single-session-preference,HIGH48,0.25,0.0,0.0,0.0,0.0,0.0,0.0,0.07300616036696755,0.1179148387560372,0.06958332434982273
09d032c9,09d032c9,21,481,1,single-session-preference,HIGH48,0.5,0.0,0.0,0.0,,,,0.07300616036696755,0.1179148387560372,0.06958332434982273
09d032c9,09d032c9,21,481,1,single-session-preference,HIGH48,1.0,0.0,0.0,0.0,0.0,0.0,0.0,0.07300616036696755,0.1179148387560372,0.06958332434982273
09d032c9,09d032c9,21,481,1,single-session-preference,HIGH48,2.0,0.0,0.0,0.0,,,,0.07300616036696755,0.1179148387560372,0.06958332434982273
09d032c9,09d032c9,21,481,1,single-session-preference,HIGH48,4.0,0.0,0.0,0.0,0.0,0.0,0.0,0.07300616036696755,0.1179148387560372,0.06958332434982273
09d032c9,09d032c9,21,481,1,single-session-preference,FULL96,0.25,0.0,0.0,0.0,0.0,0.0,0.0,0.07300616036696755,0.09681360500062705,nan
09d032c9,09d032c9,21,481,1,single-session-preference,FULL96,0.5,0.0,0.0,0.0,,,,0.07300616036696755,0.09681360500062705,nan
09d032c9,09d032c9,21,481,1,single-session-preference,FULL96,1.0,0.0,0.0,0.0,0.0,0.0,0.0,0.07300616036696755,0.09681360500062705,nan
09d032c9,09d032c9,21,481,1,single-session-preference,FULL96,2.0,0.0,0.0,0.0,,,,0.07300616036696755,0.09681360500062705,nan
09d032c9,09d032c9,21,481,1,single-session-preference,FULL96,4.0,0.0,0.0,0.0,0.0,0.0,0.0,0.07300616036696755,0.09681360500062705,nan
0a34ad58,0a34ad58,22,485,2,single-session-preference,LOW48,0.25,0.0,0.0,0.0,0.0,0.0,0.0,0.08753629251657183,0.07826606652175003,0.1119093074261925
0a34ad58,0a34ad58,22,485,2,single-session-preference,LOW48,0.5,0.0,0.0,0.0,,,,0.08753629251657183,0.07826606652175003,0.1119093074261925
0a34ad58,0a34ad58,22,485,2,single-session-preference,LOW48,1.0,0.0,0.0,0.0,0.0,0.0,0.0,0.08753629251657183,0.07826606652175003,0.1119093074261925
0a34ad58,0a34ad58,22,485,2,single-session-preference,LOW48,2.0,0.0,0.0,0.0,,,,0.08753629251657183,0.07826606652175003,0.1119093074261925
0a34ad58,0a34ad58,22,485,2,single-session-preference,LOW48,4.0,0.0,0.0,0.0,0.0,0.0,0.0,0.08753629251657183,0.07826606652175003,0.1119093074261925
0a34ad58,0a34ad58,22,485,2,single-session-preference,HIGH48,0.25,0.0,0.0,0.0,0.0,0.0,0.0,0.08753629251657183,0.1119093074261925,0.07826606652175001
0a34ad58,0a34ad58,22,485,2,single-session-preference,HIGH48,0.5,0.0,0.0,0.0,,,,0.08753629251657183,0.1119093074261925,0.07826606652175001
0a34ad58,0a34ad58,22,485,2,single-session-preference,HIGH48,1.0,0.0,0.0,0.0,0.0,0.0,0.0,0.08753629251657183,0.1119093074261925,0.07826606652175001
0a34ad58,0a34ad58,22,485,2,single-session-preference,HIGH48,2.0,0.0,0.0,0.0,,,,0.08753629251657183,0.1119093074261925,0.07826606652175001
0a34ad58,0a34ad58,22,485,2,single-session-preference,HIGH48,4.0,0.0,0.0,0.0,0.0,0.0,0.0,0.08753629251657183,0.1119093074261925,0.07826606652175001
0a34ad58,0a34ad58,22,485,2,single-session-preference,FULL96,0.25,0.0,0.0,0.0,0.0,0.0,0.0,0.08753629251657183,0.09656415032867287,nan
0a34ad58,0a34ad58,22,485,2,single-session-preference,FULL96,0.5,0.0,0.0,0.0,,,,0.08753629251657183,0.09656415032867287,nan
0a34ad58,0a34ad58,22,485,2,single-session-preference,FULL96,1.0,0.0,0.0,0.0,0.0,0.0,0.0,0.08753629251657183,0.09656415032867287,nan
0a34ad58,0a34ad58,22,485,2,single-session-preference,FULL96,2.0,0.0,0.0,0.0,,,,0.08753629251657183,0.09656415032867287,nan
0a34ad58,0a34ad58,22,485,2,single-session-preference,FULL96,4.0,0.0,0.0,0.0,0.0,0.0,0.0,0.08753629251657183,0.09656415032867287,nan
0a995998,0a995998,23,484,3,multi-session,LOW48,0.25,0.3333333333333333,0.3333333333333333,0.0,0.3333333333333332,0.3333333333333332,0.0,0.285629470824605,0.07675833223172235,0.11231980607784557
0a995998,0a995998,23,484,3,multi-session,LOW48,0.5,0.3333333333333333,0.3333333333333333,0.0,,,,0.285629470824605,0.07675833223172235,0.11231980607784557
0a995998,0a995998,23,484,3,multi-session,LOW48,1.0,0.3333333333333333,0.3333333333333333,0.0,0.3333333333333332,0.3333333333333332,0.0,0.285629470824605,0.07675833223172235,0.11231980607784557
0a995998,0a995998,23,484,3,multi-session,LOW48,2.0,0.3333333333333333,0.3333333333333333,0.0,,,,0.285629470824605,0.07675833223172235,0.11231980607784557
0a995998,0a995998,23,484,3,multi-session,LOW48,4.0,0.3333333333333333,0.6666666666666666,-0.3333333333333333,0.3333333333333332,0.6666666666666664,-0.3333333333333332,0.285629470824605,0.07675833223172235,0.11231980607784557
0a995998,0a995998,23,484,3,multi-session,HIGH48,0.25,0.3333333333333333,0.6666666666666666,-0.3333333333333333,0.3333333333333332,0.6666666666666664,-0.3333333333333332,0.285629470824605,0.11231980607784557,0.07675833223172235
0a995998,0a995998,23,484,3,multi-session,HIGH48,0.5,0.3333333333333333,0.3333333333333333,0.0,,,,0.285629470824605,0.11231980607784557,0.07675833223172235
0a995998,0a995998,23,484,3,multi-session,HIGH48,1.0,0.3333333333333333,0.3333333333333333,0.0,0.3333333333333332,0.3333333333333332,0.0,0.285629470824605,0.11231980607784557,0.07675833223172235
0a995998,0a995998,23,484,3,multi-session,HIGH48,2.0,0.3333333333333333,0.3333333333333333,0.0,,,,0.285629470824605,0.11231980607784557,0.07675833223172235
0a995998,0a995998,23,484,3,multi-session,HIGH48,4.0,0.3333333333333333,0.3333333333333333,0.0,0.3333333333333332,0.3333333333333332,0.0,0.285629470824605,0.11231980607784557,0.07675833223172235
0a995998,0a995998,23,484,3,multi-session,FULL96,0.25,0.3333333333333333,0.3333333333333333,0.0,0.3333333333333332,0.3333333333333332,0.0,0.285629470824605,0.09619662261316742,nan
0a995998,0a995998,23,484,3,multi-session,FULL96,0.5,0.3333333333333333,0.3333333333333333,0.0,,,,0.285629470824605,0.09619662261316742,nan
0a995998,0a995998,23,484,3,multi-session,FULL96,1.0,0.3333333333333333,0.3333333333333333,0.0,0.3333333333333332,0.3333333333333332,0.0,0.285629470824605,0.09619662261316742,nan
0a995998,0a995998,23,484,3,multi-session,FULL96,2.0,0.3333333333333333,0.3333333333333333,0.0,,,,0.285629470824605,0.09619662261316742,nan
0a995998,0a995998,23,484,3,multi-session,FULL96,4.0,0.3333333333333333,0.3333333333333333,0.0,0.3333333333333332,0.3333333333333332,0.0,0.285629470824605,0.09619662261316742,nan
0bb5a684,0bb5a684,24,463,2,temporal-reasoning,LOW48,0.25,0.5,0.5,0.0,0.5,0.5,0.0,0.16464241760015855,0.06994335091956054,0.1169839359124277
0bb5a684,0bb5a684,24,463,2,temporal-reasoning,LOW48,0.5,0.5,0.5,0.0,,,,0.16464241760015855,0.06994335091956054,0.1169839359124277
0bb5a684,0bb5a684,24,463,2,temporal-reasoning,LOW48,1.0,0.5,0.5,0.0,0.5,0.5,0.0,0.16464241760015855,0.06994335091956054,0.1169839359124277
0bb5a684,0bb5a684,24,463,2,temporal-reasoning,LOW48,2.0,0.5,0.5,0.0,,,,0.16464241760015855,0.06994335091956054,0.1169839359124277
0bb5a684,0bb5a684,24,463,2,temporal-reasoning,LOW48,4.0,0.5,0.5,0.0,0.5,0.5,0.0,0.16464241760015855,0.06994335091956054,0.1169839359124277
0bb5a684,0bb5a684,24,463,2,temporal-reasoning,HIGH48,0.25,0.5,0.5,0.0,0.5,0.5,0.0,0.16464241760015855,0.11698393591242771,0.06994335091956054
0bb5a684,0bb5a684,24,463,2,temporal-reasoning,HIGH48,0.5,0.5,0.5,0.0,,,,0.16464241760015855,0.11698393591242771,0.06994335091956054
0bb5a684,0bb5a684,24,463,2,temporal-reasoning,HIGH48,1.0,0.5,0.5,0.0,0.5,0.5,0.0,0.16464241760015855,0.11698393591242771,0.06994335091956054
0bb5a684,0bb5a684,24,463,2,temporal-reasoning,HIGH48,2.0,0.5,0.5,0.0,,,,0.16464241760015855,0.11698393591242771,0.06994335091956054
0bb5a684,0bb5a684,24,463,2,temporal-reasoning,HIGH48,4.0,0.5,0.5,0.0,0.5,0.5,0.0,0.16464241760015855,0.11698393591242771,0.06994335091956054
0bb5a684,0bb5a684,24,463,2,temporal-reasoning,FULL96,0.25,0.5,0.5,0.0,0.5,0.5,0.0,0.16464241760015855,0.09637767791200352,nan
0bb5a684,0bb5a684,24,463,2,temporal-reasoning,FULL96,0.5,0.5,0.5,0.0,,,,0.16464241760015855,0.09637767791200352,nan
0bb5a684,0bb5a684,24,463,2,temporal-reasoning,FULL96,1.0,0.5,0.5,0.0,0.5,0.5,0.0,0.16464241760015855,0.09637767791200352,nan
0bb5a684,0bb5a684,24,463,2,temporal-reasoning,FULL96,2.0,0.5,0.5,0.0,,,,0.16464241760015855,0.09637767791200352,nan
0bb5a684,0bb5a684,24,463,2,temporal-reasoning,FULL96,4.0,0.5,0.5,0.0,0.5,0.5,0.0,0.16464241760015855,0.09637767791200352,nan
0bc8ad92,0bc8ad92,25,443,3,temporal-reasoning,LOW48,0.25,0.0,0.3333333333333333,-0.3333333333333333,0.0,0.3333333333333332,-0.3333333333333332,0.09107361220577496,0.07747153039579975,0.11263547625045969
0bc8ad92,0bc8ad92,25,443,3,temporal-reasoning,LOW48,0.5,0.0,0.3333333333333333,-0.3333333333333333,,,,0.09107361220577496,0.07747153039579975,0.11263547625045969
0bc8ad92,0bc8ad92,25,443,3,temporal-reasoning,LOW48,1.0,0.0,0.3333333333333333,-0.3333333333333333,0.0,0.3333333333333332,-0.3333333333333332,0.09107361220577496,0.07747153039579975,0.11263547625045969
0bc8ad92,0bc8ad92,25,443,3,temporal-reasoning,LOW48,2.0,0.0,0.3333333333333333,-0.3333333333333333,,,,0.09107361220577496,0.07747153039579975,0.11263547625045969
0bc8ad92,0bc8ad92,25,443,3,temporal-reasoning,LOW48,4.0,0.0,0.3333333333333333,-0.3333333333333333,0.0,0.3333333333333332,-0.3333333333333332,0.09107361220577496,0.07747153039579975,0.11263547625045969
0bc8ad92,0bc8ad92,25,443,3,temporal-reasoning,HIGH48,0.25,0.0,0.3333333333333333,-0.3333333333333333,0.0,0.3333333333333332,-0.3333333333333332,0.09107361220577496,0.1126354762504597,0.07747153039579975
0bc8ad92,0bc8ad92,25,443,3,temporal-reasoning,HIGH48,0.5,0.0,0.3333333333333333,-0.3333333333333333,,,,0.09107361220577496,0.1126354762504597,0.07747153039579975
0bc8ad92,0bc8ad92,25,443,3,temporal-reasoning,HIGH48,1.0,0.0,0.3333333333333333,-0.3333333333333333,0.0,0.3333333333333332,-0.3333333333333332,0.09107361220577496,0.1126354762504597,0.07747153039579975
0bc8ad92,0bc8ad92,25,443,3,temporal-reasoning,HIGH48,2.0,0.0,0.3333333333333333,-0.3333333333333333,,,,0.09107361220577496,0.1126354762504597,0.07747153039579975
0bc8ad92,0bc8ad92,25,443,3,temporal-reasoning,HIGH48,4.0,0.0,0.3333333333333333,-0.3333333333333333,0.0,0.3333333333333332,-0.3333333333333332,0.09107361220577496,0.1126354762504597,0.07747153039579975
0bc8ad92,0bc8ad92,25,443,3,temporal-reasoning,FULL96,0.25,0.0,0.3333333333333333,-0.3333333333333333,0.0,0.3333333333333332,-0.3333333333333332,0.09107361220577496,0.09666588987857919,nan
0bc8ad92,0bc8ad92,25,443,3,temporal-reasoning,FULL96,0.5,0.0,0.3333333333333333,-0.3333333333333333,,,,0.09107361220577496,0.09666588987857919,nan
0bc8ad92,0bc8ad92,25,443,3,temporal-reasoning,FULL96,1.0,0.0,0.3333333333333333,-0.3333333333333333,0.0,0.3333333333333332,-0.3333333333333332,0.09107361220577496,0.09666588987857919,nan
0bc8ad92,0bc8ad92,25,443,3,temporal-reasoning,FULL96,2.0,0.0,0.3333333333333333,-0.3333333333333333,,,,0.09107361220577496,0.09666588987857919,nan
0bc8ad92,0bc8ad92,25,443,3,temporal-reasoning,FULL96,4.0,0.0,0.3333333333333333,-0.3333333333333333,0.0,0.3333333333333332,-0.3333333333333332,0.09107361220577496,0.09666588987857919,nan
0bc8ad93,0bc8ad93,26,486,1,temporal-reasoning,LOW48,0.25,0.0,0.0,0.0,0.0,0.0,0.0,0.11169496643918803,0.07204636649463467,0.11538786935744515
0bc8ad93,0bc8ad93,26,486,1,temporal-reasoning,LOW48,0.5,0.0,0.0,0.0,,,,0.11169496643918803,0.07204636649463467,0.11538786935744515
0bc8ad93,0bc8ad93,26,486,1,temporal-reasoning,LOW48,1.0,0.0,0.0,0.0,0.0,0.0,0.0,0.11169496643918803,0.07204636649463467,0.11538786935744515
0bc8ad93,0bc8ad93,26,486,1,temporal-reasoning,LOW48,2.0,0.0,0.0,0.0,,,,0.11169496643918803,0.07204636649463467,0.11538786935744515
0bc8ad93,0bc8ad93,26,486,1,temporal-reasoning,LOW48,4.0,0.0,0.0,0.0,0.0,0.0,0.0,0.11169496643918803,0.07204636649463467,0.11538786935744515
0bc8ad93,0bc8ad93,26,486,1,temporal-reasoning,HIGH48,0.25,0.0,0.0,0.0,0.0,0.0,0.0,0.11169496643918803,0.11538786935744515,0.07204636649463467
0bc8ad93,0bc8ad93,26,486,1,temporal-reasoning,HIGH48,0.5,0.0,0.0,0.0,,,,0.11169496643918803,0.11538786935744515,0.07204636649463467
0bc8ad93,0bc8ad93,26,486,1,temporal-reasoning,HIGH48,1.0,0.0,0.0,0.0,0.0,0.0,0.0,0.11169496643918803,0.11538786935744515,0.07204636649463467
0bc8ad93,0bc8ad93,26,486,1,temporal-reasoning,HIGH48,2.0,0.0,0.0,0.0,,,,0.11169496643918803,0.11538786935744515,0.07204636649463467
0bc8ad93,0bc8ad93,26,486,1,temporal-reasoning,HIGH48,4.0,0.0,0.0,0.0,0.0,0.0,0.0,0.11169496643918803,0.11538786935744515,0.07204636649463467
0bc8ad93,0bc8ad93,26,486,1,temporal-reasoning,FULL96,0.25,0.0,0.0,0.0,0.0,0.0,0.0,0.11169496643918803,0.0961900185048585,nan
0bc8ad93,0bc8ad93,26,486,1,temporal-reasoning,FULL96,0.5,0.0,0.0,0.0,,,,0.11169496643918803,0.0961900185048585,nan
0bc8ad93,0bc8ad93,26,486,1,temporal-reasoning,FULL96,1.0,0.0,0.0,0.0,0.0,0.0,0.0,0.11169496643918803,0.0961900185048585,nan
0bc8ad93,0bc8ad93,26,486,1,temporal-reasoning,FULL96,2.0,0.0,0.0,0.0,,,,0.11169496643918803,0.0961900185048585,nan
0bc8ad93,0bc8ad93,26,486,1,temporal-reasoning,FULL96,4.0,0.0,0.0,0.0,0.0,0.0,0.0,0.11169496643918803,0.0961900185048585,nan
0db4c65d,0db4c65d,27,462,2,temporal-reasoning,LOW48,0.25,1.0,0.5,0.5,1.0,0.5,0.5,0.07826968784562732,0.08210768388845496,0.10932153601225718
0db4c65d,0db4c65d,27,462,2,temporal-reasoning,LOW48,0.5,1.0,0.5,0.5,,,,0.07826968784562732,0.08210768388845496,0.10932153601225718
0db4c65d,0db4c65d,27,462,2,temporal-reasoning,LOW48,1.0,1.0,0.5,0.5,1.0,0.5,0.5,0.07826968784562732,0.08210768388845496,0.10932153601225718
0db4c65d,0db4c65d,27,462,2,temporal-reasoning,LOW48,2.0,1.0,0.5,0.5,,,,0.07826968784562732,0.08210768388845496,0.10932153601225718
0db4c65d,0db4c65d,27,462,2,temporal-reasoning,LOW48,4.0,1.0,0.5,0.5,1.0,0.5,0.5,0.07826968784562732,0.08210768388845496,0.10932153601225718
0db4c65d,0db4c65d,27,462,2,temporal-reasoning,HIGH48,0.25,1.0,0.5,0.5,1.0,0.5,0.5,0.07826968784562732,0.10932153601225718,0.08210768388845496
0db4c65d,0db4c65d,27,462,2,temporal-reasoning,HIGH48,0.5,1.0,0.5,0.5,,,,0.07826968784562732,0.10932153601225718,0.08210768388845496
0db4c65d,0db4c65d,27,462,2,temporal-reasoning,HIGH48,1.0,1.0,0.5,0.5,1.0,0.5,0.5,0.07826968784562732,0.10932153601225718,0.08210768388845496
0db4c65d,0db4c65d,27,462,2,temporal-reasoning,HIGH48,2.0,1.0,0.5,0.5,,,,0.07826968784562732,0.10932153601225718,0.08210768388845496
0db4c65d,0db4c65d,27,462,2,temporal-reasoning,HIGH48,4.0,1.0,0.5,0.5,1.0,0.5,0.5,0.07826968784562732,0.10932153601225718,0.08210768388845496
0db4c65d,0db4c65d,27,462,2,temporal-reasoning,FULL96,0.25,1.0,0.5,0.5,1.0,0.5,0.5,0.07826968784562732,0.09667696206854477,nan
0db4c65d,0db4c65d,27,462,2,temporal-reasoning,FULL96,0.5,1.0,0.5,0.5,,,,0.07826968784562732,0.09667696206854477,nan
0db4c65d,0db4c65d,27,462,2,temporal-reasoning,FULL96,1.0,1.0,0.5,0.5,1.0,0.5,0.5,0.07826968784562732,0.09667696206854477,nan
0db4c65d,0db4c65d,27,462,2,temporal-reasoning,FULL96,2.0,1.0,0.5,0.5,,,,0.07826968784562732,0.09667696206854477,nan
0db4c65d,0db4c65d,27,462,2,temporal-reasoning,FULL96,4.0,1.0,0.5,0.5,1.0,0.5,0.5,0.07826968784562732,0.09667696206854477,nan
0ddfec37,0ddfec37,28,483,2,knowledge-update,LOW48,0.25,1.0,1.0,0.0,1.0,1.0,0.0,0.05891643622237503,0.06954315672085105,0.11776818531467478
0ddfec37,0ddfec37,28,483,2,knowledge-update,LOW48,0.5,1.0,1.0,0.0,,,,0.05891643622237503,0.06954315672085105,0.11776818531467478
0ddfec37,0ddfec37,28,483,2,knowledge-update,LOW48,1.0,1.0,1.0,0.0,1.0,1.0,0.0,0.05891643622237503,0.06954315672085105,0.11776818531467478
0ddfec37,0ddfec37,28,483,2,knowledge-update,LOW48,2.0,1.0,1.0,0.0,,,,0.05891643622237503,0.06954315672085105,0.11776818531467478
0ddfec37,0ddfec37,28,483,2,knowledge-update,LOW48,4.0,1.0,1.0,0.0,1.0,1.0,0.0,0.05891643622237503,0.06954315672085105,0.11776818531467478
0ddfec37,0ddfec37,28,483,2,knowledge-update,HIGH48,0.25,1.0,1.0,0.0,1.0,1.0,0.0,0.05891643622237503,0.1177681853146748,0.06954315672085105
0ddfec37,0ddfec37,28,483,2,knowledge-update,HIGH48,0.5,1.0,1.0,0.0,,,,0.05891643622237503,0.1177681853146748,0.06954315672085105
0ddfec37,0ddfec37,28,483,2,knowledge-update,HIGH48,1.0,1.0,1.0,0.0,1.0,1.0,0.0,0.05891643622237503,0.1177681853146748,0.06954315672085105
0ddfec37,0ddfec37,28,483,2,knowledge-update,HIGH48,2.0,1.0,1.0,0.0,,,,0.05891643622237503,0.1177681853146748,0.06954315672085105
0ddfec37,0ddfec37,28,483,2,knowledge-update,HIGH48,4.0,1.0,1.0,0.0,1.0,1.0,0.0,0.05891643622237503,0.1177681853146748,0.06954315672085105
0ddfec37,0ddfec37,28,483,2,knowledge-update,FULL96,0.25,1.0,1.0,0.0,1.0,1.0,0.0,0.05891643622237503,0.09670986536804928,nan
0ddfec37,0ddfec37,28,483,2,knowledge-update,FULL96,0.5,1.0,1.0,0.0,,,,0.05891643622237503,0.09670986536804928,nan
0ddfec37,0ddfec37,28,483,2,knowledge-update,FULL96,1.0,1.0,1.0,0.0,1.0,1.0,0.0,0.05891643622237503,0.09670986536804928,nan
0ddfec37,0ddfec37,28,483,2,knowledge-update,FULL96,2.0,1.0,1.0,0.0,,,,0.05891643622237503,0.09670986536804928,nan
0ddfec37,0ddfec37,28,483,2,knowledge-update,FULL96,4.0,1.0,1.0,0.0,1.0,1.0,0.0,0.05891643622237503,0.09670986536804928,nan
0e4e4c46,0e4e4c46,30,481,2,knowledge-update,LOW48,0.25,0.5,0.5,0.0,0.5,0.5,0.0,0.1812692174124667,0.078305481058519,0.11190967513078652
0e4e4c46,0e4e4c46,30,481,2,knowledge-update,LOW48,0.5,0.5,0.5,0.0,,,,0.1812692174124667,0.078305481058519,0.11190967513078652
0e4e4c46,0e4e4c46,30,481,2,knowledge-update,LOW48,1.0,0.5,0.5,0.0,0.5,0.5,0.0,0.1812692174124667,0.078305481058519,0.11190967513078652
0e4e4c46,0e4e4c46,30,481,2,knowledge-update,LOW48,2.0,0.5,0.5,0.0,,,,0.1812692174124667,0.078305481058519,0.11190967513078652
0e4e4c46,0e4e4c46,30,481,2,knowledge-update,LOW48,4.0,0.5,0.5,0.0,0.5,0.5,0.0,0.1812692174124667,0.078305481058519,0.11190967513078652
0e4e4c46,0e4e4c46,30,481,2,knowledge-update,HIGH48,0.25,0.5,0.5,0.0,0.5,0.5,0.0,0.1812692174124667,0.1119096751307865,0.078305481058519
0e4e4c46,0e4e4c46,30,481,2,knowledge-update,HIGH48,0.5,0.5,0.5,0.0,,,,0.1812692174124667,0.1119096751307865,0.078305481058519
0e4e4c46,0e4e4c46,30,481,2,knowledge-update,HIGH48,1.0,0.5,0.5,0.0,0.5,0.5,0.0,0.1812692174124667,0.1119096751307865,0.078305481058519
0e4e4c46,0e4e4c46,30,481,2,knowledge-update,HIGH48,2.0,0.5,0.5,0.0,,,,0.1812692174124667,0.1119096751307865,0.078305481058519
0e4e4c46,0e4e4c46,30,481,2,knowledge-update,HIGH48,4.0,0.5,0.5,0.0,0.5,0.5,0.0,0.1812692174124667,0.1119096751307865,0.078305481058519
0e4e4c46,0e4e4c46,30,481,2,knowledge-update,FULL96,0.25,0.5,0.5,0.0,0.5,0.5,0.0,0.1812692174124667,0.09658033897146005,nan
0e4e4c46,0e4e4c46,30,481,2,knowledge-update,FULL96,0.5,0.5,0.5,0.0,,,,0.1812692174124667,0.09658033897146005,nan
0e4e4c46,0e4e4c46,30,481,2,knowledge-update,FULL96,1.0,0.5,0.5,0.0,0.5,0.5,0.0,0.1812692174124667,0.09658033897146005,nan
0e4e4c46,0e4e4c46,30,481,2,knowledge-update,FULL96,2.0,0.5,0.5,0.0,,,,0.1812692174124667,0.09658033897146005,nan
0e4e4c46,0e4e4c46,30,481,2,knowledge-update,FULL96,4.0,0.5,0.5,0.0,0.5,0.5,0.0,0.1812692174124667,0.09658033897146005,nan
0e5e2d1a,0e5e2d1a,31,450,1,single-session-assistant,LOW48,0.25,1.0,1.0,0.0,1.0,1.0,0.0,0.49064212625240206,0.07112395513181276,0.11674383754437193
0e5e2d1a,0e5e2d1a,31,450,1,single-session-assistant,LOW48,0.5,1.0,1.0,0.0,,,,0.49064212625240206,0.07112395513181276,0.11674383754437193
0e5e2d1a,0e5e2d1a,31,450,1,single-session-assistant,LOW48,1.0,1.0,1.0,0.0,1.0,1.0,0.0,0.49064212625240206,0.07112395513181276,0.11674383754437193
0e5e2d1a,0e5e2d1a,31,450,1,single-session-assistant,LOW48,2.0,1.0,1.0,0.0,,,,0.49064212625240206,0.07112395513181276,0.11674383754437193
0e5e2d1a,0e5e2d1a,31,450,1,single-session-assistant,LOW48,4.0,1.0,1.0,0.0,1.0,1.0,0.0,0.49064212625240206,0.07112395513181276,0.11674383754437193
0e5e2d1a,0e5e2d1a,31,450,1,single-session-assistant,HIGH48,0.25,1.0,1.0,0.0,1.0,1.0,0.0,0.49064212625240206,0.11674383754437193,0.07112395513181276
0e5e2d1a,0e5e2d1a,31,450,1,single-session-assistant,HIGH48,0.5,1.0,1.0,0.0,,,,0.49064212625240206,0.11674383754437193,0.07112395513181276
0e5e2d1a,0e5e2d1a,31,450,1,single-session-assistant,HIGH48,1.0,1.0,1.0,0.0,1.0,1.0,0.0,0.49064212625240206,0.11674383754437193,0.07112395513181276
0e5e2d1a,0e5e2d1a,31,450,1,single-session-assistant,HIGH48,2.0,1.0,1.0,0.0,,,,0.49064212625240206,0.11674383754437193,0.07112395513181276
0e5e2d1a,0e5e2d1a,31,450,1,single-session-assistant,HIGH48,4.0,1.0,1.0,0.0,1.0,1.0,0.0,0.49064212625240206,0.11674383754437193,0.07112395513181276
0e5e2d1a,0e5e2d1a,31,450,1,single-session-assistant,FULL96,0.25,1.0,1.0,0.0,1.0,1.0,0.0,0.49064212625240206,0.09666369690369497,nan
0e5e2d1a,0e5e2d1a,31,450,1,single-session-assistant,FULL96,0.5,1.0,1.0,0.0,,,,0.49064212625240206,0.09666369690369497,nan
0e5e2d1a,0e5e2d1a,31,450,1,single-session-assistant,FULL96,1.0,1.0,1.0,0.0,1.0,1.0,0.0,0.49064212625240206,0.09666369690369497,nan
0e5e2d1a,0e5e2d1a,31,450,1,single-session-assistant,FULL96,2.0,1.0,1.0,0.0,,,,0.49064212625240206,0.09666369690369497,nan
0e5e2d1a,0e5e2d1a,31,450,1,single-session-assistant,FULL96,4.0,1.0,1.0,0.0,1.0,1.0,0.0,0.49064212625240206,0.09666369690369497,nan
0ea62687,0ea62687,32,460,2,multi-session,LOW48,0.25,1.0,0.5,0.5,1.0,0.5,0.5,0.09905790445749836,0.0801633625176213,0.11066900044771484
0ea62687,0ea62687,32,460,2,multi-session,LOW48,0.5,1.0,0.5,0.5,,,,0.09905790445749836,0.0801633625176213,0.11066900044771484
0ea62687,0ea62687,32,460,2,multi-session,LOW48,1.0,1.0,0.5,0.5,1.0,0.5,0.5,0.09905790445749836,0.0801633625176213,0.11066900044771484
0ea62687,0ea62687,32,460,2,multi-session,LOW48,2.0,1.0,1.0,0.0,,,,0.09905790445749836,0.0801633625176213,0.11066900044771484
0ea62687,0ea62687,32,460,2,multi-session,LOW48,4.0,1.0,1.0,0.0,1.0,1.0,0.0,0.09905790445749836,0.0801633625176213,0.11066900044771484
0ea62687,0ea62687,32,460,2,multi-session,HIGH48,0.25,1.0,1.0,0.0,1.0,1.0,0.0,0.09905790445749836,0.11066900044771484,0.0801633625176213
0ea62687,0ea62687,32,460,2,multi-session,HIGH48,0.5,1.0,1.0,0.0,,,,0.09905790445749836,0.11066900044771484,0.0801633625176213
0ea62687,0ea62687,32,460,2,multi-session,HIGH48,1.0,1.0,0.5,0.5,1.0,0.5,0.5,0.09905790445749836,0.11066900044771484,0.0801633625176213
0ea62687,0ea62687,32,460,2,multi-session,HIGH48,2.0,1.0,0.5,0.5,,,,0.09905790445749836,0.11066900044771484,0.0801633625176213
0ea62687,0ea62687,32,460,2,multi-session,HIGH48,4.0,1.0,0.5,0.5,1.0,0.5,0.5,0.09905790445749836,0.11066900044771484,0.0801633625176213
0ea62687,0ea62687,32,460,2,multi-session,FULL96,0.25,1.0,0.5,0.5,1.0,0.5,0.5,0.09905790445749836,0.09662761600657413,nan
0ea62687,0ea62687,32,460,2,multi-session,FULL96,0.5,1.0,0.5,0.5,,,,0.09905790445749836,0.09662761600657413,nan
0ea62687,0ea62687,32,460,2,multi-session,FULL96,1.0,1.0,0.5,0.5,1.0,0.5,0.5,0.09905790445749836,0.09662761600657413,nan
0ea62687,0ea62687,32,460,2,multi-session,FULL96,2.0,1.0,0.5,0.5,,,,0.09905790445749836,0.09662761600657413,nan
0ea62687,0ea62687,32,460,2,multi-session,FULL96,4.0,1.0,0.5,0.5,1.0,0.5,0.5,0.09905790445749836,0.09662761600657413,nan
0edc2aef,0edc2aef,33,475,1,single-session-preference,LOW48,0.25,0.0,0.0,0.0,0.0,0.0,0.0,0.08713866399431539,0.07387432993035094,0.11490403189848963
0edc2aef,0edc2aef,33,475,1,single-session-preference,LOW48,0.5,0.0,0.0,0.0,,,,0.08713866399431539,0.07387432993035094,0.11490403189848963
0edc2aef,0edc2aef,33,475,1,single-session-preference,LOW48,1.0,0.0,0.0,0.0,0.0,0.0,0.0,0.08713866399431539,0.07387432993035094,0.11490403189848963
0edc2aef,0edc2aef,33,475,1,single-session-preference,LOW48,2.0,0.0,0.0,0.0,,,,0.08713866399431539,0.07387432993035094,0.11490403189848963
0edc2aef,0edc2aef,33,475,1,single-session-preference,LOW48,4.0,0.0,0.0,0.0,0.0,0.0,0.0,0.08713866399431539,0.07387432993035094,0.11490403189848963
0edc2aef,0edc2aef,33,475,1,single-session-preference,HIGH48,0.25,0.0,0.0,0.0,0.0,0.0,0.0,0.08713866399431539,0.11490403189848963,0.07387432993035094
0edc2aef,0edc2aef,33,475,1,single-session-preference,HIGH48,0.5,0.0,0.0,0.0,,,,0.08713866399431539,0.11490403189848963,0.07387432993035094
0edc2aef,0edc2aef,33,475,1,single-session-preference,HIGH48,1.0,0.0,0.0,0.0,0.0,0.0,0.0,0.08713866399431539,0.11490403189848963,0.07387432993035094
0edc2aef,0edc2aef,33,475,1,single-session-preference,HIGH48,2.0,0.0,0.0,0.0,,,,0.08713866399431539,0.11490403189848963,0.07387432993035094
0edc2aef,0edc2aef,33,475,1,single-session-preference,HIGH48,4.0,0.0,0.0,0.0,0.0,0.0,0.0,0.08713866399431539,0.11490403189848963,0.07387432993035094
0edc2aef,0edc2aef,33,475,1,single-session-preference,FULL96,0.25,0.0,0.0,0.0,0.0,0.0,0.0,0.08713866399431539,0.09659283919936164,nan
0edc2aef,0edc2aef,33,475,1,single-session-preference,FULL96,0.5,0.0,0.0,0.0,,,,0.08713866399431539,0.09659283919936164,nan
0edc2aef,0edc2aef,33,475,1,single-session-preference,FULL96,1.0,0.0,0.0,0.0,0.0,0.0,0.0,0.08713866399431539,0.09659283919936164,nan
0edc2aef,0edc2aef,33,475,1,single-session-preference,FULL96,2.0,0.0,0.0,0.0,,,,0.08713866399431539,0.09659283919936164,nan
0edc2aef,0edc2aef,33,475,1,single-session-preference,FULL96,4.0,0.0,0.0,0.0,0.0,0.0,0.0,0.08713866399431539,0.09659283919936164,nan
0f05491a,0f05491a,34,489,2,knowledge-update,LOW48,0.25,0.5,0.5,0.0,0.5,0.5,0.0,0.09219539889571483,0.0724392595071816,0.11601982871306397
0f05491a,0f05491a,34,489,2,knowledge-update,LOW48,0.5,0.5,0.5,0.0,,,,0.09219539889571483,0.0724392595071816,0.11601982871306397
0f05491a,0f05491a,34,489,2,knowledge-update,LOW48,1.0,0.5,0.0,0.5,0.5,0.0,0.5,0.09219539889571483,0.0724392595071816,0.11601982871306397
0f05491a,0f05491a,34,489,2,knowledge-update,LOW48,2.0,0.5,0.0,0.5,,,,0.09219539889571483,0.0724392595071816,0.11601982871306397
0f05491a,0f05491a,34,489,2,knowledge-update,LOW48,4.0,0.5,0.0,0.5,0.5,0.0,0.5,0.09219539889571483,0.0724392595071816,0.11601982871306397
0f05491a,0f05491a,34,489,2,knowledge-update,HIGH48,0.25,0.5,0.0,0.5,0.5,0.0,0.5,0.09219539889571483,0.11601982871306397,0.0724392595071816
0f05491a,0f05491a,34,489,2,knowledge-update,HIGH48,0.5,0.5,0.0,0.5,,,,0.09219539889571483,0.11601982871306397,0.0724392595071816
0f05491a,0f05491a,34,489,2,knowledge-update,HIGH48,1.0,0.5,0.0,0.5,0.5,0.0,0.5,0.09219539889571483,0.11601982871306397,0.0724392595071816
0f05491a,0f05491a,34,489,2,knowledge-update,HIGH48,2.0,0.5,0.5,0.0,,,,0.09219539889571483,0.11601982871306397,0.0724392595071816
0f05491a,0f05491a,34,489,2,knowledge-update,HIGH48,4.0,0.5,0.5,0.0,0.5,0.5,0.0,0.09219539889571483,0.11601982871306397,0.0724392595071816
0f05491a,0f05491a,34,489,2,knowledge-update,FULL96,0.25,0.5,0.0,0.5,0.5,0.0,0.5,0.09219539889571483,0.09671620074361251,nan
0f05491a,0f05491a,34,489,2,knowledge-update,FULL96,0.5,0.5,0.0,0.5,,,,0.09219539889571483,0.09671620074361251,nan
0f05491a,0f05491a,34,489,2,knowledge-update,FULL96,1.0,0.5,0.0,0.5,0.5,0.0,0.5,0.09219539889571483,0.09671620074361251,nan
0f05491a,0f05491a,34,489,2,knowledge-update,FULL96,2.0,0.5,0.0,0.5,,,,0.09219539889571483,0.09671620074361251,nan
0f05491a,0f05491a,34,489,2,knowledge-update,FULL96,4.0,0.5,0.0,0.5,0.5,0.0,0.5,0.09219539889571483,0.09671620074361251,nan
10d9b85a,10d9b85a,35,466,2,multi-session,LOW48,0.25,0.0,0.0,0.0,0.0,0.0,0.0,0.07338154978097955,0.07325951577437206,0.11479700173237627
10d9b85a,10d9b85a,35,466,2,multi-session,LOW48,0.5,0.0,0.0,0.0,,,,0.07338154978097955,0.07325951577437206,0.11479700173237627
10d9b85a,10d9b85a,35,466,2,multi-session,LOW48,1.0,0.0,0.0,0.0,0.0,0.0,0.0,0.07338154978097955,0.07325951577437206,0.11479700173237627
10d9b85a,10d9b85a,35,466,2,multi-session,LOW48,2.0,0.0,0.0,0.0,,,,0.07338154978097955,0.07325951577437206,0.11479700173237627
10d9b85a,10d9b85a,35,466,2,multi-session,LOW48,4.0,0.0,0.0,0.0,0.0,0.0,0.0,0.07338154978097955,0.07325951577437206,0.11479700173237627
10d9b85a,10d9b85a,35,466,2,multi-session,HIGH48,0.25,0.0,0.0,0.0,0.0,0.0,0.0,0.07338154978097955,0.11479700173237627,0.07325951577437205
10d9b85a,10d9b85a,35,466,2,multi-session,HIGH48,0.5,0.0,0.0,0.0,,,,0.07338154978097955,0.11479700173237627,0.07325951577437205
10d9b85a,10d9b85a,35,466,2,multi-session,HIGH48,1.0,0.0,0.0,0.0,0.0,0.0,0.0,0.07338154978097955,0.11479700173237627,0.07325951577437205
10d9b85a,10d9b85a,35,466,2,multi-session,HIGH48,2.0,0.0,0.0,0.0,,,,0.07338154978097955,0.11479700173237627,0.07325951577437205
10d9b85a,10d9b85a,35,466,2,multi-session,HIGH48,4.0,0.0,0.0,0.0,0.0,0.0,0.0,0.07338154978097955,0.11479700173237627,0.07325951577437205
10d9b85a,10d9b85a,35,466,2,multi-session,FULL96,0.25,0.0,0.0,0.0,0.0,0.0,0.0,0.07338154978097955,0.09629462149631897,nan
10d9b85a,10d9b85a,35,466,2,multi-session,FULL96,0.5,0.0,0.0,0.0,,,,0.07338154978097955,0.09629462149631897,nan
10d9b85a,10d9b85a,35,466,2,multi-session,FULL96,1.0,0.0,0.0,0.0,0.0,0.0,0.0,0.07338154978097955,0.09629462149631897,nan
10d9b85a,10d9b85a,35,466,2,multi-session,FULL96,2.0,0.0,0.0,0.0,,,,0.07338154978097955,0.09629462149631897,nan
10d9b85a,10d9b85a,35,466,2,multi-session,FULL96,4.0,0.0,0.0,0.0,0.0,0.0,0.0,0.07338154978097955,0.09629462149631897,nan
10e09553,10e09553,36,472,2,knowledge-update,LOW48,0.25,0.5,0.5,0.0,0.5,0.5,0.0,0.1515524249272987,0.07881199212738854,0.11187544378527507
10e09553,10e09553,36,472,2,knowledge-update,LOW48,0.5,0.5,0.5,0.0,,,,0.1515524249272987,0.07881199212738854,0.11187544378527507
10e09553,10e09553,36,472,2,knowledge-update,LOW48,1.0,0.5,0.5,0.0,0.5,0.5,0.0,0.1515524249272987,0.07881199212738854,0.11187544378527507
10e09553,10e09553,36,472,2,knowledge-update,LOW48,2.0,0.5,0.0,0.5,,,,0.1515524249272987,0.07881199212738854,0.11187544378527507
10e09553,10e09553,36,472,2,knowledge-update,LOW48,4.0,0.5,0.0,0.5,0.5,0.0,0.5,0.1515524249272987,0.07881199212738854,0.11187544378527507
10e09553,10e09553,36,472,2,knowledge-update,HIGH48,0.25,0.5,0.0,0.5,0.5,0.0,0.5,0.1515524249272987,0.11187544378527506,0.07881199212738854
10e09553,10e09553,36,472,2,knowledge-update,HIGH48,0.5,0.5,0.0,0.5,,,,0.1515524249272987,0.11187544378527506,0.07881199212738854
10e09553,10e09553,36,472,2,knowledge-update,HIGH48,1.0,0.5,0.5,0.0,0.5,0.5,0.0,0.1515524249272987,0.11187544378527506,0.07881199212738854
10e09553,10e09553,36,472,2,knowledge-update,HIGH48,2.0,0.5,0.5,0.0,,,,0.1515524249272987,0.11187544378527506,0.07881199212738854
10e09553,10e09553,36,472,2,knowledge-update,HIGH48,4.0,0.5,0.5,0.0,0.5,0.5,0.0,0.1515524249272987,0.11187544378527506,0.07881199212738854
10e09553,10e09553,36,472,2,knowledge-update,FULL96,0.25,0.5,0.5,0.0,0.5,0.5,0.0,0.1515524249272987,0.09676632943653436,nan
10e09553,10e09553,36,472,2,knowledge-update,FULL96,0.5,0.5,0.5,0.0,,,,0.1515524249272987,0.09676632943653436,nan
10e09553,10e09553,36,472,2,knowledge-update,FULL96,1.0,0.5,0.5,0.0,0.5,0.5,0.0,0.1515524249272987,0.09676632943653436,nan
10e09553,10e09553,36,472,2,knowledge-update,FULL96,2.0,0.5,0.5,0.0,,,,0.1515524249272987,0.09676632943653436,nan
10e09553,10e09553,36,472,2,knowledge-update,FULL96,4.0,0.5,0.5,0.0,0.5,0.5,0.0,0.1515524249272987,0.09676632943653436,nan
118b2229,118b2229,37,485,1,single-session-user,LOW48,0.25,1.0,1.0,0.0,1.0,1.0,0.0,0.058732139068598935,0.06470668707951963,0.12038879051747575
118b2229,118b2229,37,485,1,single-session-user,LOW48,0.5,1.0,1.0,0.0,,,,0.058732139068598935,0.06470668707951963,0.12038879051747575
118b2229,118b2229,37,485,1,single-session-user,LOW48,1.0,1.0,1.0,0.0,1.0,1.0,0.0,0.058732139068598935,0.06470668707951963,0.12038879051747575
118b2229,118b2229,37,485,1,single-session-user,LOW48,2.0,1.0,1.0,0.0,,,,0.058732139068598935,0.06470668707951963,0.12038879051747575
118b2229,118b2229,37,485,1,single-session-user,LOW48,4.0,1.0,1.0,0.0,1.0,1.0,0.0,0.058732139068598935,0.06470668707951963,0.12038879051747575
118b2229,118b2229,37,485,1,single-session-user,HIGH48,0.25,1.0,1.0,0.0,1.0,1.0,0.0,0.058732139068598935,0.12038879051747575,0.06470668707951963
118b2229,118b2229,37,485,1,single-session-user,HIGH48,0.5,1.0,1.0,0.0,,,,0.058732139068598935,0.12038879051747575,0.06470668707951963
118b2229,118b2229,37,485,1,single-session-user,HIGH48,1.0,1.0,1.0,0.0,1.0,1.0,0.0,0.058732139068598935,0.12038879051747575,0.06470668707951963
118b2229,118b2229,37,485,1,single-session-user,HIGH48,2.0,1.0,1.0,0.0,,,,0.058732139068598935,0.12038879051747575,0.06470668707951963
118b2229,118b2229,37,485,1,single-session-user,HIGH48,4.0,1.0,1.0,0.0,1.0,1.0,0.0,0.058732139068598935,0.12038879051747575,0.06470668707951963
118b2229,118b2229,37,485,1,single-session-user,FULL96,0.25,1.0,1.0,0.0,1.0,1.0,0.0,0.058732139068598935,0.0966447521468898,nan
118b2229,118b2229,37,485,1,single-session-user,FULL96,0.5,1.0,1.0,0.0,,,,0.058732139068598935,0.0966447521468898,nan
118b2229,118b2229,37,485,1,single-session-user,FULL96,1.0,1.0,1.0,0.0,1.0,1.0,0.0,0.058732139068598935,0.0966447521468898,nan
118b2229,118b2229,37,485,1,single-session-user,FULL96,2.0,1.0,1.0,0.0,,,,0.058732139068598935,0.0966447521468898,nan
118b2229,118b2229,37,485,1,single-session-user,FULL96,4.0,1.0,1.0,0.0,1.0,1.0,0.0,0.058732139068598935,0.0966447521468898,nan
1192316e,1192316e,38,467,2,multi-session,LOW48,0.25,0.5,0.5,0.0,0.5,0.5,0.0,0.08955409991237165,0.07344184335715319,0.1152836161880636
1192316e,1192316e,38,467,2,multi-session,LOW48,0.5,0.5,0.5,0.0,,,,0.08955409991237165,0.07344184335715319,0.1152836161880636
1192316e,1192316e,38,467,2,multi-session,LOW48,1.0,0.5,0.5,0.0,0.5,0.5,0.0,0.08955409991237165,0.07344184335715319,0.1152836161880636
1192316e,1192316e,38,467,2,multi-session,LOW48,2.0,0.5,0.5,0.0,,,,0.08955409991237165,0.07344184335715319,0.1152836161880636
1192316e,1192316e,38,467,2,multi-session,LOW48,4.0,0.5,0.5,0.0,0.5,0.5,0.0,0.08955409991237165,0.07344184335715319,0.1152836161880636
1192316e,1192316e,38,467,2,multi-session,HIGH48,0.25,0.5,0.5,0.0,0.5,0.5,0.0,0.08955409991237165,0.1152836161880636,0.07344184335715319
1192316e,1192316e,38,467,2,multi-session,HIGH48,0.5,0.5,0.5,0.0,,,,0.08955409991237165,0.1152836161880636,0.07344184335715319
1192316e,1192316e,38,467,2,multi-session,HIGH48,1.0,0.5,0.5,0.0,0.5,0.5,0.0,0.08955409991237165,0.1152836161880636,0.07344184335715319
1192316e,1192316e,38,467,2,multi-session,HIGH48,2.0,0.5,0.5,0.0,,,,0.08955409991237165,0.1152836161880636,0.07344184335715319
1192316e,1192316e,38,467,2,multi-session,HIGH48,4.0,0.5,0.5,0.0,0.5,0.5,0.0,0.08955409991237165,0.1152836161880636,0.07344184335715319
1192316e,1192316e,38,467,2,multi-session,FULL96,0.25,0.5,0.5,0.0,0.5,0.5,0.0,0.08955409991237165,0.09665406488372175,nan
1192316e,1192316e,38,467,2,multi-session,FULL96,0.5,0.5,0.5,0.0,,,,0.08955409991237165,0.09665406488372175,nan
1192316e,1192316e,38,467,2,multi-session,FULL96,1.0,0.5,0.5,0.0,0.5,0.5,0.0,0.08955409991237165,0.09665406488372175,nan
1192316e,1192316e,38,467,2,multi-session,FULL96,2.0,0.5,0.5,0.0,,,,0.08955409991237165,0.09665406488372175,nan
1192316e,1192316e,38,467,2,multi-session,FULL96,4.0,0.5,0.5,0.0,0.5,0.5,0.0,0.08955409991237165,0.09665406488372175,nan
129d1232,129d1232,39,451,3,multi-session,LOW48,0.25,0.3333333333333333,0.3333333333333333,0.0,0.3333333333333332,0.3333333333333332,0.0,0.06472032437430271,0.06792769107799228,0.11822740840222953
129d1232,129d1232,39,451,3,multi-session,LOW48,0.5,0.3333333333333333,0.3333333333333333,0.0,,,,0.06472032437430271,0.06792769107799228,0.11822740840222953
129d1232,129d1232,39,451,3,multi-session,LOW48,1.0,0.3333333333333333,0.3333333333333333,0.0,0.3333333333333332,0.3333333333333332,0.0,0.06472032437430271,0.06792769107799228,0.11822740840222953
129d1232,129d1232,39,451,3,multi-session,LOW48,2.0,0.3333333333333333,0.3333333333333333,0.0,,,,0.06472032437430271,0.06792769107799228,0.11822740840222953
129d1232,129d1232,39,451,3,multi-session,LOW48,4.0,0.3333333333333333,0.3333333333333333,0.0,0.3333333333333332,0.3333333333333332,0.0,0.06472032437430271,0.06792769107799228,0.11822740840222953
129d1232,129d1232,39,451,3,multi-session,HIGH48,0.25,0.3333333333333333,0.3333333333333333,0.0,0.3333333333333332,0.3333333333333332,0.0,0.06472032437430271,0.11822740840222953,0.06792769107799228
129d1232,129d1232,39,451,3,multi-session,HIGH48,0.5,0.3333333333333333,0.3333333333333333,0.0,,,,0.06472032437430271,0.11822740840222953,0.06792769107799228
129d1232,129d1232,39,451,3,multi-session,HIGH48,1.0,0.3333333333333333,0.3333333333333333,0.0,0.3333333333333332,0.3333333333333332,0.0,0.06472032437430271,0.11822740840222953,0.06792769107799228
129d1232,129d1232,39,451,3,multi-session,HIGH48,2.0,0.3333333333333333,0.3333333333333333,0.0,,,,0.06472032437430271,0.11822740840222953,0.06792769107799228
129d1232,129d1232,39,451,3,multi-session,HIGH48,4.0,0.3333333333333333,0.3333333333333333,0.0,0.3333333333333332,0.3333333333333332,0.0,0.06472032437430271,0.11822740840222953,0.06792769107799228
129d1232,129d1232,39,451,3,multi-session,FULL96,0.25,0.3333333333333333,0.3333333333333333,0.0,0.3333333333333332,0.3333333333333332,0.0,0.06472032437430271,0.0964154845258134,nan
129d1232,129d1232,39,451,3,multi-session,FULL96,0.5,0.3333333333333333,0.3333333333333333,0.0,,,,0.06472032437430271,0.0964154845258134,nan
129d1232,129d1232,39,451,3,multi-session,FULL96,1.0,0.3333333333333333,0.3333333333333333,0.0,0.3333333333333332,0.3333333333333332,0.0,0.06472032437430271,0.0964154845258134,nan
129d1232,129d1232,39,451,3,multi-session,FULL96,2.0,0.3333333333333333,0.3333333333333333,0.0,,,,0.06472032437430271,0.0964154845258134,nan
129d1232,129d1232,39,451,3,multi-session,FULL96,4.0,0.3333333333333333,0.3333333333333333,0.0,0.3333333333333332,0.3333333333333332,0.0,0.06472032437430271,0.0964154845258134,nan
1568498a,1568498a,40,478,1,single-session-assistant,LOW48,0.25,0.0,0.0,0.0,0.0,0.0,0.0,0.06816617239867076,0.07733655454084985,0.11265634777252673
1568498a,1568498a,40,478,1,single-session-assistant,LOW48,0.5,0.0,0.0,0.0,,,,0.06816617239867076,0.07733655454084985,0.11265634777252673
1568498a,1568498a,40,478,1,single-session-assistant,LOW48,1.0,0.0,0.0,0.0,0.0,0.0,0.0,0.06816617239867076,0.07733655454084985,0.11265634777252673
1568498a,1568498a,40,478,1,single-session-assistant,LOW48,2.0,0.0,0.0,0.0,,,,0.06816617239867076,0.07733655454084985,0.11265634777252673
1568498a,1568498a,40,478,1,single-session-assistant,LOW48,4.0,0.0,0.0,0.0,0.0,0.0,0.0,0.06816617239867076,0.07733655454084985,0.11265634777252673
1568498a,1568498a,40,478,1,single-session-assistant,HIGH48,0.25,0.0,0.0,0.0,0.0,0.0,0.0,0.06816617239867076,0.11265634777252673,0.07733655454084985
1568498a,1568498a,40,478,1,single-session-assistant,HIGH48,0.5,0.0,0.0,0.0,,,,0.06816617239867076,0.11265634777252673,0.07733655454084985
1568498a,1568498a,40,478,1,single-session-assistant,HIGH48,1.0,0.0,0.0,0.0,0.0,0.0,0.0,0.06816617239867076,0.11265634777252673,0.07733655454084985
1568498a,1568498a,40,478,1,single-session-assistant,HIGH48,2.0,0.0,0.0,0.0,,,,0.06816617239867076,0.11265634777252673,0.07733655454084985
1568498a,1568498a,40,478,1,single-session-assistant,HIGH48,4.0,0.0,0.0,0.0,0.0,0.0,0.0,0.06816617239867076,0.11265634777252673,0.07733655454084985
1568498a,1568498a,40,478,1,single-session-assistant,FULL96,0.25,0.0,0.0,0.0,0.0,0.0,0.0,0.06816617239867076,0.09662400157749194,nan
1568498a,1568498a,40,478,1,single-session-assistant,FULL96,0.5,0.0,0.0,0.0,,,,0.06816617239867076,0.09662400157749194,nan
1568498a,1568498a,40,478,1,single-session-assistant,FULL96,1.0,0.0,0.0,0.0,0.0,0.0,0.0,0.06816617239867076,0.09662400157749194,nan
1568498a,1568498a,40,478,1,single-session-assistant,FULL96,2.0,0.0,0.0,0.0,,,,0.06816617239867076,0.09662400157749194,nan
1568498a,1568498a,40,478,1,single-session-assistant,FULL96,4.0,0.0,0.0,0.0,0.0,0.0,0.0,0.06816617239867076,0.09662400157749194,nan
15745da0,15745da0,41,474,1,single-session-user,LOW48,0.25,1.0,0.0,1.0,1.0,0.0,1.0,0.14071672790622697,0.08949620001286085,0.10325474663150885
15745da0,15745da0,41,474,1,single-session-user,LOW48,0.5,1.0,0.0,1.0,,,,0.14071672790622697,0.08949620001286085,0.10325474663150885
15745da0,15745da0,41,474,1,single-session-user,LOW48,1.0,1.0,1.0,0.0,1.0,1.0,0.0,0.14071672790622697,0.08949620001286085,0.10325474663150885
15745da0,15745da0,41,474,1,single-session-user,LOW48,2.0,1.0,1.0,0.0,,,,0.14071672790622697,0.08949620001286085,0.10325474663150885
15745da0,15745da0,41,474,1,single-session-user,LOW48,4.0,1.0,1.0,0.0,1.0,1.0,0.0,0.14071672790622697,0.08949620001286085,0.10325474663150885
15745da0,15745da0,41,474,1,single-session-user,HIGH48,0.25,1.0,1.0,0.0,1.0,1.0,0.0,0.14071672790622697,0.10325474663150887,0.08949620001286085
15745da0,15745da0,41,474,1,single-session-user,HIGH48,0.5,1.0,1.0,0.0,,,,0.14071672790622697,0.10325474663150887,0.08949620001286085
15745da0,15745da0,41,474,1,single-session-user,HIGH48,1.0,1.0,1.0,0.0,1.0,1.0,0.0,0.14071672790622697,0.10325474663150887,0.08949620001286085
15745da0,15745da0,41,474,1,single-session-user,HIGH48,2.0,1.0,0.0,1.0,,,,0.14071672790622697,0.10325474663150887,0.08949620001286085
15745da0,15745da0,41,474,1,single-session-user,HIGH48,4.0,1.0,0.0,1.0,1.0,0.0,1.0,0.14071672790622697,0.10325474663150887,0.08949620001286085
15745da0,15745da0,41,474,1,single-session-user,FULL96,0.25,1.0,1.0,0.0,1.0,1.0,0.0,0.14071672790622697,0.0966206823580725,nan
15745da0,15745da0,41,474,1,single-session-user,FULL96,0.5,1.0,1.0,0.0,,,,0.14071672790622697,0.0966206823580725,nan
15745da0,15745da0,41,474,1,single-session-user,FULL96,1.0,1.0,1.0,0.0,1.0,1.0,0.0,0.14071672790622697,0.0966206823580725,nan
15745da0,15745da0,41,474,1,single-session-user,FULL96,2.0,1.0,1.0,0.0,,,,0.14071672790622697,0.0966206823580725,nan
15745da0,15745da0,41,474,1,single-session-user,FULL96,4.0,1.0,1.0,0.0,1.0,1.0,0.0,0.14071672790622697,0.0966206823580725,nan
157a136e,157a136e,43,503,3,multi-session,LOW48,0.25,0.6666666666666666,0.0,0.6666666666666666,0.6666666666666664,0.0,0.6666666666666664,0.1623333727356022,0.06530811462769358,0.11911379487734018
157a136e,157a136e,43,503,3,multi-session,LOW48,0.5,0.6666666666666666,0.0,0.6666666666666666,,,,0.1623333727356022,0.06530811462769358,0.11911379487734018
157a136e,157a136e,43,503,3,multi-session,LOW48,1.0,0.6666666666666666,0.0,0.6666666666666666,0.6666666666666664,0.0,0.6666666666666664,0.1623333727356022,0.06530811462769358,0.11911379487734018
157a136e,157a136e,43,503,3,multi-session,LOW48,2.0,0.6666666666666666,0.0,0.6666666666666666,,,,0.1623333727356022,0.06530811462769358,0.11911379487734018
157a136e,157a136e,43,503,3,multi-session,LOW48,4.0,0.6666666666666666,0.0,0.6666666666666666,0.6666666666666664,0.0,0.6666666666666664,0.1623333727356022,0.06530811462769358,0.11911379487734018
157a136e,157a136e,43,503,3,multi-session,HIGH48,0.25,0.6666666666666666,0.0,0.6666666666666666,0.6666666666666664,0.0,0.6666666666666664,0.1623333727356022,0.11911379487734018,0.06530811462769358
157a136e,157a136e,43,503,3,multi-session,HIGH48,0.5,0.6666666666666666,0.0,0.6666666666666666,,,,0.1623333727356022,0.11911379487734018,0.06530811462769358
157a136e,157a136e,43,503,3,multi-session,HIGH48,1.0,0.6666666666666666,0.0,0.6666666666666666,0.6666666666666664,0.0,0.6666666666666664,0.1623333727356022,0.11911379487734018,0.06530811462769358
157a136e,157a136e,43,503,3,multi-session,HIGH48,2.0,0.6666666666666666,0.0,0.6666666666666666,,,,0.1623333727356022,0.11911379487734018,0.06530811462769358
157a136e,157a136e,43,503,3,multi-session,HIGH48,4.0,0.6666666666666666,0.0,0.6666666666666666,0.6666666666666664,0.0,0.6666666666666664,0.1623333727356022,0.11911379487734018,0.06530811462769358
157a136e,157a136e,43,503,3,multi-session,FULL96,0.25,0.6666666666666666,0.0,0.6666666666666666,0.6666666666666664,0.0,0.6666666666666664,0.1623333727356022,0.09605531210272818,nan
157a136e,157a136e,43,503,3,multi-session,FULL96,0.5,0.6666666666666666,0.0,0.6666666666666666,,,,0.1623333727356022,0.09605531210272818,nan
157a136e,157a136e,43,503,3,multi-session,FULL96,1.0,0.6666666666666666,0.0,0.6666666666666666,0.6666666666666664,0.0,0.6666666666666664,0.1623333727356022,0.09605531210272818,nan
157a136e,157a136e,43,503,3,multi-session,FULL96,2.0,0.6666666666666666,0.0,0.6666666666666666,,,,0.1623333727356022,0.09605531210272818,nan
157a136e,157a136e,43,503,3,multi-session,FULL96,4.0,0.6666666666666666,0.0,0.6666666666666666,0.6666666666666664,0.0,0.6666666666666664,0.1623333727356022,0.09605531210272818,nan
16c90bf4,16c90bf4,44,509,1,single-session-assistant,LOW48,0.25,1.0,1.0,0.0,1.0,1.0,0.0,0.05766766070942382,0.061081581930360125,0.12221514767540795
16c90bf4,16c90bf4,44,509,1,single-session-assistant,LOW48,0.5,1.0,1.0,0.0,,,,0.05766766070942382,0.061081581930360125,0.12221514767540795
16c90bf4,16c90bf4,44,509,1,single-session-assistant,LOW48,1.0,1.0,1.0,0.0,1.0,1.0,0.0,0.05766766070942382,0.061081581930360125,0.12221514767540795
16c90bf4,16c90bf4,44,509,1,single-session-assistant,LOW48,2.0,1.0,1.0,0.0,,,,0.05766766070942382,0.061081581930360125,0.12221514767540795
16c90bf4,16c90bf4,44,509,1,single-session-assistant,LOW48,4.0,1.0,1.0,0.0,1.0,1.0,0.0,0.05766766070942382,0.061081581930360125,0.12221514767540795
16c90bf4,16c90bf4,44,509,1,single-session-assistant,HIGH48,0.25,1.0,1.0,0.0,1.0,1.0,0.0,0.05766766070942382,0.12221514767540795,0.061081581930360125
16c90bf4,16c90bf4,44,509,1,single-session-assistant,HIGH48,0.5,1.0,1.0,0.0,,,,0.05766766070942382,0.12221514767540795,0.061081581930360125
16c90bf4,16c90bf4,44,509,1,single-session-assistant,HIGH48,1.0,1.0,1.0,0.0,1.0,1.0,0.0,0.05766766070942382,0.12221514767540795,0.061081581930360125
16c90bf4,16c90bf4,44,509,1,single-session-assistant,HIGH48,2.0,1.0,1.0,0.0,,,,0.05766766070942382,0.12221514767540795,0.061081581930360125
16c90bf4,16c90bf4,44,509,1,single-session-assistant,HIGH48,4.0,1.0,1.0,0.0,1.0,1.0,0.0,0.05766766070942382,0.12221514767540795,0.061081581930360125
16c90bf4,16c90bf4,44,509,1,single-session-assistant,FULL96,0.25,1.0,1.0,0.0,1.0,1.0,0.0,0.05766766070942382,0.09661133984278726,nan
16c90bf4,16c90bf4,44,509,1,single-session-assistant,FULL96,0.5,1.0,1.0,0.0,,,,0.05766766070942382,0.09661133984278726,nan
16c90bf4,16c90bf4,44,509,1,single-session-assistant,FULL96,1.0,1.0,1.0,0.0,1.0,1.0,0.0,0.05766766070942382,0.09661133984278726,nan
16c90bf4,16c90bf4,44,509,1,single-session-assistant,FULL96,2.0,1.0,1.0,0.0,,,,0.05766766070942382,0.09661133984278726,nan
16c90bf4,16c90bf4,44,509,1,single-session-assistant,FULL96,4.0,1.0,1.0,0.0,1.0,1.0,0.0,0.05766766070942382,0.09661133984278726,nan
184da446,184da446,45,473,2,knowledge-update,LOW48,0.25,1.0,1.0,0.0,1.0,1.0,0.0,0.06450577391001644,0.07307845855072885,0.11574963124740233
184da446,184da446,45,473,2,knowledge-update,LOW48,0.5,1.0,1.0,0.0,,,,0.06450577391001644,0.07307845855072885,0.11574963124740233
184da446,184da446,45,473,2,knowledge-update,LOW48,1.0,1.0,1.0,0.0,1.0,1.0,0.0,0.06450577391001644,0.07307845855072885,0.11574963124740233
184da446,184da446,45,473,2,knowledge-update,LOW48,2.0,1.0,1.0,0.0,,,,0.06450577391001644,0.07307845855072885,0.11574963124740233
184da446,184da446,45,473,2,knowledge-update,LOW48,4.0,1.0,0.5,0.5,1.0,0.5,0.5,0.06450577391001644,0.07307845855072885,0.11574963124740233
184da446,184da446,45,473,2,knowledge-update,HIGH48,0.25,1.0,0.5,0.5,1.0,0.5,0.5,0.06450577391001644,0.11574963124740233,0.07307845855072885
184da446,184da446,45,473,2,knowledge-update,HIGH48,0.5,1.0,1.0,0.0,,,,0.06450577391001644,0.11574963124740233,0.07307845855072885
184da446,184da446,45,473,2,knowledge-update,HIGH48,1.0,1.0,1.0,0.0,1.0,1.0,0.0,0.06450577391001644,0.11574963124740233,0.07307845855072885
184da446,184da446,45,473,2,knowledge-update,HIGH48,2.0,1.0,1.0,0.0,,,,0.06450577391001644,0.11574963124740233,0.07307845855072885
184da446,184da446,45,473,2,knowledge-update,HIGH48,4.0,1.0,1.0,0.0,1.0,1.0,0.0,0.06450577391001644,0.11574963124740233,0.07307845855072885
184da446,184da446,45,473,2,knowledge-update,FULL96,0.25,1.0,1.0,0.0,1.0,1.0,0.0,0.06450577391001644,0.09679472671086016,nan
184da446,184da446,45,473,2,knowledge-update,FULL96,0.5,1.0,1.0,0.0,,,,0.06450577391001644,0.09679472671086016,nan
184da446,184da446,45,473,2,knowledge-update,FULL96,1.0,1.0,1.0,0.0,1.0,1.0,0.0,0.06450577391001644,0.09679472671086016,nan
184da446,184da446,45,473,2,knowledge-update,FULL96,2.0,1.0,1.0,0.0,,,,0.06450577391001644,0.09679472671086016,nan
184da446,184da446,45,473,2,knowledge-update,FULL96,4.0,1.0,1.0,0.0,1.0,1.0,0.0,0.06450577391001644,0.09679472671086016,nan
18bc8abd,18bc8abd,46,436,2,knowledge-update,LOW48,0.25,0.5,0.5,0.0,0.5,0.5,0.0,0.1108080645968627,0.08520817761406006,0.10753765005232183
18bc8abd,18bc8abd,46,436,2,knowledge-update,LOW48,0.5,0.5,0.5,0.0,,,,0.1108080645968627,0.08520817761406006,0.10753765005232183
18bc8abd,18bc8abd,46,436,2,knowledge-update,LOW48,1.0,0.5,0.5,0.0,0.5,0.5,0.0,0.1108080645968627,0.08520817761406006,0.10753765005232183
18bc8abd,18bc8abd,46,436,2,knowledge-update,LOW48,2.0,0.5,0.5,0.0,,,,0.1108080645968627,0.08520817761406006,0.10753765005232183
18bc8abd,18bc8abd,46,436,2,knowledge-update,LOW48,4.0,0.5,0.5,0.0,0.5,0.5,0.0,0.1108080645968627,0.08520817761406006,0.10753765005232183
18bc8abd,18bc8abd,46,436,2,knowledge-update,HIGH48,0.25,0.5,0.5,0.0,0.5,0.5,0.0,0.1108080645968627,0.10753765005232181,0.08520817761406006
18bc8abd,18bc8abd,46,436,2,knowledge-update,HIGH48,0.5,0.5,0.5,0.0,,,,0.1108080645968627,0.10753765005232181,0.08520817761406006
18bc8abd,18bc8abd,46,436,2,knowledge-update,HIGH48,1.0,0.5,0.5,0.0,0.5,0.5,0.0,0.1108080645968627,0.10753765005232181,0.08520817761406006
18bc8abd,18bc8abd,46,436,2,knowledge-update,HIGH48,2.0,0.5,0.5,0.0,,,,0.1108080645968627,0.10753765005232181,0.08520817761406006
18bc8abd,18bc8abd,46,436,2,knowledge-update,HIGH48,4.0,0.5,0.5,0.0,0.5,0.5,0.0,0.1108080645968627,0.10753765005232181,0.08520817761406006
18bc8abd,18bc8abd,46,436,2,knowledge-update,FULL96,0.25,0.5,0.5,0.0,0.5,0.5,0.0,0.1108080645968627,0.09701747190863313,nan
18bc8abd,18bc8abd,46,436,2,knowledge-update,FULL96,0.5,0.5,0.5,0.0,,,,0.1108080645968627,0.09701747190863313,nan
18bc8abd,18bc8abd,46,436,2,knowledge-update,FULL96,1.0,0.5,0.5,0.0,0.5,0.5,0.0,0.1108080645968627,0.09701747190863313,nan
18bc8abd,18bc8abd,46,436,2,knowledge-update,FULL96,2.0,0.5,0.5,0.0,,,,0.1108080645968627,0.09701747190863313,nan
18bc8abd,18bc8abd,46,436,2,knowledge-update,FULL96,4.0,0.5,0.5,0.0,0.5,0.5,0.0,0.1108080645968627,0.09701747190863313,nan
18dcd5a5,18dcd5a5,47,503,1,single-session-assistant,LOW48,0.25,1.0,0.0,1.0,1.0,0.0,1.0,0.07780445746803716,0.07018489739692818,0.11712872216092733
18dcd5a5,18dcd5a5,47,503,1,single-session-assistant,LOW48,0.5,1.0,0.0,1.0,,,,0.07780445746803716,0.07018489739692818,0.11712872216092733
18dcd5a5,18dcd5a5,47,503,1,single-session-assistant,LOW48,1.0,1.0,0.0,1.0,1.0,0.0,1.0,0.07780445746803716,0.07018489739692818,0.11712872216092733
18dcd5a5,18dcd5a5,47,503,1,single-session-assistant,LOW48,2.0,1.0,0.0,1.0,,,,0.07780445746803716,0.07018489739692818,0.11712872216092733
18dcd5a5,18dcd5a5,47,503,1,single-session-assistant,LOW48,4.0,1.0,0.0,1.0,1.0,0.0,1.0,0.07780445746803716,0.07018489739692818,0.11712872216092733
18dcd5a5,18dcd5a5,47,503,1,single-session-assistant,HIGH48,0.25,1.0,0.0,1.0,1.0,0.0,1.0,0.07780445746803716,0.11712872216092732,0.07018489739692818
18dcd5a5,18dcd5a5,47,503,1,single-session-assistant,HIGH48,0.5,1.0,0.0,1.0,,,,0.07780445746803716,0.11712872216092732,0.07018489739692818
18dcd5a5,18dcd5a5,47,503,1,single-session-assistant,HIGH48,1.0,1.0,0.0,1.0,1.0,0.0,1.0,0.07780445746803716,0.11712872216092732,0.07018489739692818
18dcd5a5,18dcd5a5,47,503,1,single-session-assistant,HIGH48,2.0,1.0,0.0,1.0,,,,0.07780445746803716,0.11712872216092732,0.07018489739692818
18dcd5a5,18dcd5a5,47,503,1,single-session-assistant,HIGH48,4.0,1.0,0.0,1.0,1.0,0.0,1.0,0.07780445746803716,0.11712872216092732,0.07018489739692818
18dcd5a5,18dcd5a5,47,503,1,single-session-assistant,FULL96,0.25,1.0,0.0,1.0,1.0,0.0,1.0,0.07780445746803716,0.09655324276705844,nan
18dcd5a5,18dcd5a5,47,503,1,single-session-assistant,FULL96,0.5,1.0,0.0,1.0,,,,0.07780445746803716,0.09655324276705844,nan
18dcd5a5,18dcd5a5,47,503,1,single-session-assistant,FULL96,1.0,1.0,0.0,1.0,1.0,0.0,1.0,0.07780445746803716,0.09655324276705844,nan
18dcd5a5,18dcd5a5,47,503,1,single-session-assistant,FULL96,2.0,1.0,0.0,1.0,,,,0.07780445746803716,0.09655324276705844,nan
18dcd5a5,18dcd5a5,47,503,1,single-session-assistant,FULL96,4.0,1.0,0.0,1.0,1.0,0.0,1.0,0.07780445746803716,0.09655324276705844,nan
1903aded,1903aded,48,486,1,single-session-assistant,LOW48,0.25,0.5,1.0,-0.5,0.6,1.0,-0.4,0.07055713058349741,0.07074279411161508,0.11720069267611044
1903aded,1903aded,48,486,1,single-session-assistant,LOW48,0.5,0.5,1.0,-0.5,,,,0.07055713058349741,0.07074279411161508,0.11720069267611044
1903aded,1903aded,48,486,1,single-session-assistant,LOW48,1.0,0.5,1.0,-0.5,0.6,1.0,-0.4,0.07055713058349741,0.07074279411161508,0.11720069267611044
1903aded,1903aded,48,486,1,single-session-assistant,LOW48,2.0,0.5,1.0,-0.5,,,,0.07055713058349741,0.07074279411161508,0.11720069267611044
1903aded,1903aded,48,486,1,single-session-assistant,LOW48,4.0,0.5,1.0,-0.5,0.6,1.0,-0.4,0.07055713058349741,0.07074279411161508,0.11720069267611044
1903aded,1903aded,48,486,1,single-session-assistant,HIGH48,0.25,0.5,1.0,-0.5,0.6,1.0,-0.4,0.07055713058349741,0.11720069267611044,0.07074279411161508
1903aded,1903aded,48,486,1,single-session-assistant,HIGH48,0.5,0.5,1.0,-0.5,,,,0.07055713058349741,0.11720069267611044,0.07074279411161508
1903aded,1903aded,48,486,1,single-session-assistant,HIGH48,1.0,0.5,1.0,-0.5,0.6,1.0,-0.4,0.07055713058349741,0.11720069267611044,0.07074279411161508
1903aded,1903aded,48,486,1,single-session-assistant,HIGH48,2.0,0.5,1.0,-0.5,,,,0.07055713058349741,0.11720069267611044,0.07074279411161508
1903aded,1903aded,48,486,1,single-session-assistant,HIGH48,4.0,0.5,1.0,-0.5,0.6,1.0,-0.4,0.07055713058349741,0.11720069267611044,0.07074279411161508
1903aded,1903aded,48,486,1,single-session-assistant,FULL96,0.25,0.5,1.0,-0.5,0.6,1.0,-0.4,0.07055713058349741,0.09680016860129544,nan
1903aded,1903aded,48,486,1,single-session-assistant,FULL96,0.5,0.5,1.0,-0.5,,,,0.07055713058349741,0.09680016860129544,nan
1903aded,1903aded,48,486,1,single-session-assistant,FULL96,1.0,0.5,1.0,-0.5,0.6,1.0,-0.4,0.07055713058349741,0.09680016860129544,nan
1903aded,1903aded,48,486,1,single-session-assistant,FULL96,2.0,0.5,1.0,-0.5,,,,0.07055713058349741,0.09680016860129544,nan
1903aded,1903aded,48,486,1,single-session-assistant,FULL96,4.0,0.5,1.0,-0.5,0.6,1.0,-0.4,0.07055713058349741,0.09680016860129544,nan
195a1a1b,195a1a1b,49,515,1,single-session-preference,LOW48,0.25,0.5,0.0,0.5,0.55,0.0,0.55,0.06516958108836696,0.07110083294853087,0.1164734387754097
195a1a1b,195a1a1b,49,515,1,single-session-preference,LOW48,0.5,0.5,0.0,0.5,,,,0.06516958108836696,0.07110083294853087,0.1164734387754097
195a1a1b,195a1a1b,49,515,1,single-session-preference,LOW48,1.0,0.5,0.0,0.5,0.55,0.0,0.55,0.06516958108836696,0.07110083294853087,0.1164734387754097
195a1a1b,195a1a1b,49,515,1,single-session-preference,LOW48,2.0,0.5,0.0,0.5,,,,0.06516958108836696,0.07110083294853087,0.1164734387754097
195a1a1b,195a1a1b,49,515,1,single-session-preference,LOW48,4.0,0.5,1.0,-0.5,0.55,1.0,-0.44999999999999996,0.06516958108836696,0.07110083294853087,0.1164734387754097
195a1a1b,195a1a1b,49,515,1,single-session-preference,HIGH48,0.25,0.5,1.0,-0.5,0.55,1.0,-0.44999999999999996,0.06516958108836696,0.1164734387754097,0.07110083294853087
195a1a1b,195a1a1b,49,515,1,single-session-preference,HIGH48,0.5,0.5,0.0,0.5,,,,0.06516958108836696,0.1164734387754097,0.07110083294853087
195a1a1b,195a1a1b,49,515,1,single-session-preference,HIGH48,1.0,0.5,0.0,0.5,0.55,0.0,0.55,0.06516958108836696,0.1164734387754097,0.07110083294853087
195a1a1b,195a1a1b,49,515,1,single-session-preference,HIGH48,2.0,0.5,0.0,0.5,,,,0.06516958108836696,0.1164734387754097,0.07110083294853087
195a1a1b,195a1a1b,49,515,1,single-session-preference,HIGH48,4.0,0.5,0.0,0.5,0.55,0.0,0.55,0.06516958108836696,0.1164734387754097,0.07110083294853087
195a1a1b,195a1a1b,49,515,1,single-session-preference,FULL96,0.25,0.5,0.0,0.5,0.55,0.0,0.55,0.06516958108836696,0.09649194366926185,nan
195a1a1b,195a1a1b,49,515,1,single-session-preference,FULL96,0.5,0.5,0.0,0.5,,,,0.06516958108836696,0.09649194366926185,nan
195a1a1b,195a1a1b,49,515,1,single-session-preference,FULL96,1.0,0.5,0.0,0.5,0.55,0.0,0.55,0.06516958108836696,0.09649194366926185,nan
195a1a1b,195a1a1b,49,515,1,single-session-preference,FULL96,2.0,0.5,0.0,0.5,,,,0.06516958108836696,0.09649194366926185,nan
195a1a1b,195a1a1b,49,515,1,single-session-preference,FULL96,4.0,0.5,0.0,0.5,0.55,0.0,0.55,0.06516958108836696,0.09649194366926185,nan
19b5f2b3,19b5f2b3,50,482,1,single-session-user,LOW48,0.25,1.0,1.0,0.0,1.0,1.0,0.0,0.06295528755948093,0.07312667278274054,0.11563816527317758
19b5f2b3,19b5f2b3,50,482,1,single-session-user,LOW48,0.5,1.0,1.0,0.0,,,,0.06295528755948093,0.07312667278274054,0.11563816527317758
19b5f2b3,19b5f2b3,50,482,1,single-session-user,LOW48,1.0,1.0,1.0,0.0,1.0,1.0,0.0,0.06295528755948093,0.07312667278274054,0.11563816527317758
19b5f2b3,19b5f2b3,50,482,1,single-session-user,LOW48,2.0,1.0,1.0,0.0,,,,0.06295528755948093,0.07312667278274054,0.11563816527317758
19b5f2b3,19b5f2b3,50,482,1,single-session-user,LOW48,4.0,1.0,1.0,0.0,1.0,1.0,0.0,0.06295528755948093,0.07312667278274054,0.11563816527317758
19b5f2b3,19b5f2b3,50,482,1,single-session-user,HIGH48,0.25,1.0,1.0,0.0,1.0,1.0,0.0,0.06295528755948093,0.11563816527317758,0.07312667278274054
19b5f2b3,19b5f2b3,50,482,1,single-session-user,HIGH48,0.5,1.0,1.0,0.0,,,,0.06295528755948093,0.11563816527317758,0.07312667278274054
19b5f2b3,19b5f2b3,50,482,1,single-session-user,HIGH48,1.0,1.0,1.0,0.0,1.0,1.0,0.0,0.06295528755948093,0.11563816527317758,0.07312667278274054
19b5f2b3,19b5f2b3,50,482,1,single-session-user,HIGH48,2.0,1.0,1.0,0.0,,,,0.06295528755948093,0.11563816527317758,0.07312667278274054
19b5f2b3,19b5f2b3,50,482,1,single-session-user,HIGH48,4.0,1.0,1.0,0.0,1.0,1.0,0.0,0.06295528755948093,0.11563816527317758,0.07312667278274054
19b5f2b3,19b5f2b3,50,482,1,single-session-user,FULL96,0.25,1.0,1.0,0.0,1.0,1.0,0.0,0.06295528755948093,0.09674630623445203,nan
19b5f2b3,19b5f2b3,50,482,1,single-session-user,FULL96,0.5,1.0,1.0,0.0,,,,0.06295528755948093,0.09674630623445203,nan
19b5f2b3,19b5f2b3,50,482,1,single-session-user,FULL96,1.0,1.0,1.0,0.0,1.0,1.0,0.0,0.06295528755948093,0.09674630623445203,nan
19b5f2b3,19b5f2b3,50,482,1,single-session-user,FULL96,2.0,1.0,1.0,0.0,,,,0.06295528755948093,0.09674630623445203,nan
19b5f2b3,19b5f2b3,50,482,1,single-session-user,FULL96,4.0,1.0,1.0,0.0,1.0,1.0,0.0,0.06295528755948093,0.09674630623445203,nan
1a1907b4,1a1907b4,52,532,1,single-session-preference,LOW48,0.25,0.0,0.0,0.0,0.0,0.0,0.0,0.10525743852068238,0.0817580380174263,0.10917286513048576
1a1907b4,1a1907b4,52,532,1,single-session-preference,LOW48,0.5,0.0,0.0,0.0,,,,0.10525743852068238,0.0817580380174263,0.10917286513048576
1a1907b4,1a1907b4,52,532,1,single-session-preference,LOW48,1.0,0.0,0.0,0.0,0.0,0.0,0.0,0.10525743852068238,0.0817580380174263,0.10917286513048576
1a1907b4,1a1907b4,52,532,1,single-session-preference,LOW48,2.0,0.0,0.0,0.0,,,,0.10525743852068238,0.0817580380174263,0.10917286513048576
1a1907b4,1a1907b4,52,532,1,single-session-preference,LOW48,4.0,0.0,0.0,0.0,0.0,0.0,0.0,0.10525743852068238,0.0817580380174263,0.10917286513048576
1a1907b4,1a1907b4,52,532,1,single-session-preference,HIGH48,0.25,0.0,0.0,0.0,0.0,0.0,0.0,0.10525743852068238,0.10917286513048576,0.0817580380174263
1a1907b4,1a1907b4,52,532,1,single-session-preference,HIGH48,0.5,0.0,0.0,0.0,,,,0.10525743852068238,0.10917286513048576,0.0817580380174263
1a1907b4,1a1907b4,52,532,1,single-session-preference,HIGH48,1.0,0.0,0.0,0.0,0.0,0.0,0.0,0.10525743852068238,0.10917286513048576,0.0817580380174263
1a1907b4,1a1907b4,52,532,1,single-session-preference,HIGH48,2.0,0.0,0.0,0.0,,,,0.10525743852068238,0.10917286513048576,0.0817580380174263
1a1907b4,1a1907b4,52,532,1,single-session-preference,HIGH48,4.0,0.0,0.0,0.0,0.0,0.0,0.0,0.10525743852068238,0.10917286513048576,0.0817580380174263
1a1907b4,1a1907b4,52,532,1,single-session-preference,FULL96,0.25,0.0,0.0,0.0,0.0,0.0,0.0,0.10525743852068238,0.09644452099849467,nan
1a1907b4,1a1907b4,52,532,1,single-session-preference,FULL96,0.5,0.0,0.0,0.0,,,,0.10525743852068238,0.09644452099849467,nan
1a1907b4,1a1907b4,52,532,1,single-session-preference,FULL96,1.0,0.0,0.0,0.0,0.0,0.0,0.0,0.10525743852068238,0.09644452099849467,nan
1a1907b4,1a1907b4,52,532,1,single-session-preference,FULL96,2.0,0.0,0.0,0.0,,,,0.10525743852068238,0.09644452099849467,nan
1a1907b4,1a1907b4,52,532,1,single-session-preference,FULL96,4.0,0.0,0.0,0.0,0.0,0.0,0.0,0.10525743852068238,0.09644452099849467,nan
1a8a66a6,1a8a66a6,53,501,3,multi-session,LOW48,0.25,0.6666666666666666,0.3333333333333333,0.3333333333333333,0.6666666666666664,0.3333333333333332,0.3333333333333332,0.09664115881359654,0.06528960780390153,0.1194299077109159
1a8a66a6,1a8a66a6,53,501,3,multi-session,LOW48,0.5,0.6666666666666666,0.3333333333333333,0.3333333333333333,,,,0.09664115881359654,0.06528960780390153,0.1194299077109159
1a8a66a6,1a8a66a6,53,501,3,multi-session,LOW48,1.0,0.6666666666666666,0.3333333333333333,0.3333333333333333,0.6666666666666664,0.3333333333333332,0.3333333333333332,0.09664115881359654,0.06528960780390153,0.1194299077109159
1a8a66a6,1a8a66a6,53,501,3,multi-session,LOW48,2.0,0.6666666666666666,0.3333333333333333,0.3333333333333333,,,,0.09664115881359654,0.06528960780390153,0.1194299077109159
1a8a66a6,1a8a66a6,53,501,3,multi-session,LOW48,4.0,0.6666666666666666,0.6666666666666666,0.0,0.6666666666666664,0.6666666666666664,0.0,0.09664115881359654,0.06528960780390153,0.1194299077109159
1a8a66a6,1a8a66a6,53,501,3,multi-session,HIGH48,0.25,0.6666666666666666,0.6666666666666666,0.0,0.6666666666666664,0.6666666666666664,0.0,0.09664115881359654,0.1194299077109159,0.06528960780390153
1a8a66a6,1a8a66a6,53,501,3,multi-session,HIGH48,0.5,0.6666666666666666,0.3333333333333333,0.3333333333333333,,,,0.09664115881359654,0.1194299077109159,0.06528960780390153
1a8a66a6,1a8a66a6,53,501,3,multi-session,HIGH48,1.0,0.6666666666666666,0.3333333333333333,0.3333333333333333,0.6666666666666664,0.3333333333333332,0.3333333333333332,0.09664115881359654,0.1194299077109159,0.06528960780390153
1a8a66a6,1a8a66a6,53,501,3,multi-session,HIGH48,2.0,0.6666666666666666,0.3333333333333333,0.3333333333333333,,,,0.09664115881359654,0.1194299077109159,0.06528960780390153
1a8a66a6,1a8a66a6,53,501,3,multi-session,HIGH48,4.0,0.6666666666666666,0.3333333333333333,0.3333333333333333,0.6666666666666664,0.3333333333333332,0.3333333333333332,0.09664115881359654,0.1194299077109159,0.06528960780390153
1a8a66a6,1a8a66a6,53,501,3,multi-session,FULL96,0.25,0.6666666666666666,0.3333333333333333,0.3333333333333333,0.6666666666666664,0.3333333333333332,0.3333333333333332,0.09664115881359654,0.09624509271392793,nan
1a8a66a6,1a8a66a6,53,501,3,multi-session,FULL96,0.5,0.6666666666666666,0.3333333333333333,0.3333333333333333,,,,0.09664115881359654,0.09624509271392793,nan
1a8a66a6,1a8a66a6,53,501,3,multi-session,FULL96,1.0,0.6666666666666666,0.3333333333333333,0.3333333333333333,0.6666666666666664,0.3333333333333332,0.3333333333333332,0.09664115881359654,0.09624509271392793,nan
1a8a66a6,1a8a66a6,53,501,3,multi-session,FULL96,2.0,0.6666666666666666,0.3333333333333333,0.3333333333333333,,,,0.09664115881359654,0.09624509271392793,nan
1a8a66a6,1a8a66a6,53,501,3,multi-session,FULL96,4.0,0.6666666666666666,0.3333333333333333,0.3333333333333333,0.6666666666666664,0.3333333333333332,0.3333333333333332,0.09664115881359654,0.09624509271392793,nan
1b9b7252,1b9b7252,54,466,1,single-session-assistant,LOW48,0.25,1.0,1.0,0.0,1.0,1.0,0.0,0.06394417494862788,0.07641621159802799,0.11265610654605596
1b9b7252,1b9b7252,54,466,1,single-session-assistant,LOW48,0.5,1.0,1.0,0.0,,,,0.06394417494862788,0.07641621159802799,0.11265610654605596
1b9b7252,1b9b7252,54,466,1,single-session-assistant,LOW48,1.0,1.0,1.0,0.0,1.0,1.0,0.0,0.06394417494862788,0.07641621159802799,0.11265610654605596
1b9b7252,1b9b7252,54,466,1,single-session-assistant,LOW48,2.0,1.0,1.0,0.0,,,,0.06394417494862788,0.07641621159802799,0.11265610654605596
1b9b7252,1b9b7252,54,466,1,single-session-assistant,LOW48,4.0,1.0,1.0,0.0,1.0,1.0,0.0,0.06394417494862788,0.07641621159802799,0.11265610654605596
1b9b7252,1b9b7252,54,466,1,single-session-assistant,HIGH48,0.25,1.0,1.0,0.0,1.0,1.0,0.0,0.06394417494862788,0.11265610654605596,0.07641621159802799
1b9b7252,1b9b7252,54,466,1,single-session-assistant,HIGH48,0.5,1.0,1.0,0.0,,,,0.06394417494862788,0.11265610654605596,0.07641621159802799
1b9b7252,1b9b7252,54,466,1,single-session-assistant,HIGH48,1.0,1.0,1.0,0.0,1.0,1.0,0.0,0.06394417494862788,0.11265610654605596,0.07641621159802799
1b9b7252,1b9b7252,54,466,1,single-session-assistant,HIGH48,2.0,1.0,1.0,0.0,,,,0.06394417494862788,0.11265610654605596,0.07641621159802799
1b9b7252,1b9b7252,54,466,1,single-session-assistant,HIGH48,4.0,1.0,1.0,0.0,1.0,1.0,0.0,0.06394417494862788,0.11265610654605596,0.07641621159802799
1b9b7252,1b9b7252,54,466,1,single-session-assistant,FULL96,0.25,1.0,1.0,0.0,1.0,1.0,0.0,0.06394417494862788,0.09625704061810465,nan
1b9b7252,1b9b7252,54,466,1,single-session-assistant,FULL96,0.5,1.0,1.0,0.0,,,,0.06394417494862788,0.09625704061810465,nan
1b9b7252,1b9b7252,54,466,1,single-session-assistant,FULL96,1.0,1.0,1.0,0.0,1.0,1.0,0.0,0.06394417494862788,0.09625704061810465,nan
1b9b7252,1b9b7252,54,466,1,single-session-assistant,FULL96,2.0,1.0,1.0,0.0,,,,0.06394417494862788,0.09625704061810465,nan
1b9b7252,1b9b7252,54,466,1,single-session-assistant,FULL96,4.0,1.0,1.0,0.0,1.0,1.0,0.0,0.06394417494862788,0.09625704061810465,nan
1c0ddc50,1c0ddc50,55,548,2,single-session-preference,LOW48,0.25,0.0,0.0,0.0,0.0,0.0,0.0,0.09425997940707753,0.07317565118882702,0.11504580314971351
1c0ddc50,1c0ddc50,55,548,2,single-session-preference,LOW48,0.5,0.0,0.0,0.0,,,,0.09425997940707753,0.07317565118882702,0.11504580314971351
1c0ddc50,1c0ddc50,55,548,2,single-session-preference,LOW48,1.0,0.0,0.0,0.0,0.0,0.0,0.0,0.09425997940707753,0.07317565118882702,0.11504580314971351
1c0ddc50,1c0ddc50,55,548,2,single-session-preference,LOW48,2.0,0.0,0.0,0.0,,,,0.09425997940707753,0.07317565118882702,0.11504580314971351
1c0ddc50,1c0ddc50,55,548,2,single-session-preference,LOW48,4.0,0.0,0.0,0.0,0.0,0.0,0.0,0.09425997940707753,0.07317565118882702,0.11504580314971351
1c0ddc50,1c0ddc50,55,548,2,single-session-preference,HIGH48,0.25,0.0,0.0,0.0,0.0,0.0,0.0,0.09425997940707753,0.11504580314971351,0.07317565118882702
1c0ddc50,1c0ddc50,55,548,2,single-session-preference,HIGH48,0.5,0.0,0.0,0.0,,,,0.09425997940707753,0.11504580314971351,0.07317565118882702
1c0ddc50,1c0ddc50,55,548,2,single-session-preference,HIGH48,1.0,0.0,0.0,0.0,0.0,0.0,0.0,0.09425997940707753,0.11504580314971351,0.07317565118882702
1c0ddc50,1c0ddc50,55,548,2,single-session-preference,HIGH48,2.0,0.0,0.0,0.0,,,,0.09425997940707753,0.11504580314971351,0.07317565118882702
1c0ddc50,1c0ddc50,55,548,2,single-session-preference,HIGH48,4.0,0.0,0.0,0.0,0.0,0.0,0.0,0.09425997940707753,0.11504580314971351,0.07317565118882702
1c0ddc50,1c0ddc50,55,548,2,single-session-preference,FULL96,0.25,0.0,0.0,0.0,0.0,0.0,0.0,0.09425997940707753,0.09641113200577907,nan
1c0ddc50,1c0ddc50,55,548,2,single-session-preference,FULL96,0.5,0.0,0.0,0.0,,,,0.09425997940707753,0.09641113200577907,nan
1c0ddc50,1c0ddc50,55,548,2,single-session-preference,FULL96,1.0,0.0,0.0,0.0,0.0,0.0,0.0,0.09425997940707753,0.09641113200577907,nan
1c0ddc50,1c0ddc50,55,548,2,single-session-preference,FULL96,2.0,0.0,0.0,0.0,,,,0.09425997940707753,0.09641113200577907,nan
1c0ddc50,1c0ddc50,55,548,2,single-session-preference,FULL96,4.0,0.0,0.0,0.0,0.0,0.0,0.0,0.09425997940707753,0.09641113200577907,nan
1c549ce4,1c549ce4,56,462,2,multi-session,LOW48,0.25,0.5,0.5,0.0,0.5,0.5,0.0,0.0953533922135084,0.07618177298293467,0.11352026788579231
1c549ce4,1c549ce4,56,462,2,multi-session,LOW48,0.5,0.5,0.5,0.0,,,,0.0953533922135084,0.07618177298293467,0.11352026788579231
1c549ce4,1c549ce4,56,462,2,multi-session,LOW48,1.0,0.5,0.5,0.0,0.5,0.5,0.0,0.0953533922135084,0.07618177298293467,0.11352026788579231
1c549ce4,1c549ce4,56,462,2,multi-session,LOW48,2.0,0.5,0.5,0.0,,,,0.0953533922135084,0.07618177298293467,0.11352026788579231
1c549ce4,1c549ce4,56,462,2,multi-session,LOW48,4.0,0.5,1.0,-0.5,0.5,1.0,-0.5,0.0953533922135084,0.07618177298293467,0.11352026788579231
1c549ce4,1c549ce4,56,462,2,multi-session,HIGH48,0.25,0.5,1.0,-0.5,0.5,1.0,-0.5,0.0953533922135084,0.11352026788579231,0.07618177298293467
1c549ce4,1c549ce4,56,462,2,multi-session,HIGH48,0.5,0.5,0.5,0.0,,,,0.0953533922135084,0.11352026788579231,0.07618177298293467
1c549ce4,1c549ce4,56,462,2,multi-session,HIGH48,1.0,0.5,0.5,0.0,0.5,0.5,0.0,0.0953533922135084,0.11352026788579231,0.07618177298293467
1c549ce4,1c549ce4,56,462,2,multi-session,HIGH48,2.0,0.5,0.5,0.0,,,,0.0953533922135084,0.11352026788579231,0.07618177298293467
1c549ce4,1c549ce4,56,462,2,multi-session,HIGH48,4.0,0.5,0.5,0.0,0.5,0.5,0.0,0.0953533922135084,0.11352026788579231,0.07618177298293467
1c549ce4,1c549ce4,56,462,2,multi-session,FULL96,0.25,0.5,0.5,0.0,0.5,0.5,0.0,0.0953533922135084,0.09667086881704706,nan
1c549ce4,1c549ce4,56,462,2,multi-session,FULL96,0.5,0.5,0.5,0.0,,,,0.0953533922135084,0.09667086881704706,nan
1c549ce4,1c549ce4,56,462,2,multi-session,FULL96,1.0,0.5,0.5,0.0,0.5,0.5,0.0,0.0953533922135084,0.09667086881704706,nan
1c549ce4,1c549ce4,56,462,2,multi-session,FULL96,2.0,0.5,0.5,0.0,,,,0.0953533922135084,0.09667086881704706,nan
1c549ce4,1c549ce4,56,462,2,multi-session,FULL96,4.0,0.5,0.5,0.0,0.5,0.5,0.0,0.0953533922135084,0.09667086881704706,nan
1cea1afa,1cea1afa,57,485,2,knowledge-update,LOW48,0.25,1.0,0.0,1.0,1.0,0.0,1.0,0.27586775419116194,0.07153861061655532,0.1155413205875156
1cea1afa,1cea1afa,57,485,2,knowledge-update,LOW48,0.5,1.0,0.0,1.0,,,,0.27586775419116194,0.07153861061655532,0.1155413205875156
1cea1afa,1cea1afa,57,485,2,knowledge-update,LOW48,1.0,1.0,0.0,1.0,1.0,0.0,1.0,0.27586775419116194,0.07153861061655532,0.1155413205875156
1cea1afa,1cea1afa,57,485,2,knowledge-update,LOW48,2.0,1.0,0.0,1.0,,,,0.27586775419116194,0.07153861061655532,0.1155413205875156
1cea1afa,1cea1afa,57,485,2,knowledge-update,LOW48,4.0,1.0,0.0,1.0,1.0,0.0,1.0,0.27586775419116194,0.07153861061655532,0.1155413205875156
1cea1afa,1cea1afa,57,485,2,knowledge-update,HIGH48,0.25,1.0,0.0,1.0,1.0,0.0,1.0,0.27586775419116194,0.11554132058751561,0.07153861061655531
1cea1afa,1cea1afa,57,485,2,knowledge-update,HIGH48,0.5,1.0,0.0,1.0,,,,0.27586775419116194,0.11554132058751561,0.07153861061655531
1cea1afa,1cea1afa,57,485,2,knowledge-update,HIGH48,1.0,1.0,0.0,1.0,1.0,0.0,1.0,0.27586775419116194,0.11554132058751561,0.07153861061655531
1cea1afa,1cea1afa,57,485,2,knowledge-update,HIGH48,2.0,1.0,0.0,1.0,,,,0.27586775419116194,0.11554132058751561,0.07153861061655531
1cea1afa,1cea1afa,57,485,2,knowledge-update,HIGH48,4.0,1.0,0.0,1.0,1.0,0.0,1.0,0.27586775419116194,0.11554132058751561,0.07153861061655531
1cea1afa,1cea1afa,57,485,2,knowledge-update,FULL96,0.25,1.0,0.0,1.0,1.0,0.0,1.0,0.27586775419116194,0.09609258444868204,nan
1cea1afa,1cea1afa,57,485,2,knowledge-update,FULL96,0.5,1.0,0.0,1.0,,,,0.27586775419116194,0.09609258444868204,nan
1cea1afa,1cea1afa,57,485,2,knowledge-update,FULL96,1.0,1.0,0.0,1.0,1.0,0.0,1.0,0.27586775419116194,0.09609258444868204,nan
1cea1afa,1cea1afa,57,485,2,knowledge-update,FULL96,2.0,1.0,0.0,1.0,,,,0.27586775419116194,0.09609258444868204,nan
1cea1afa,1cea1afa,57,485,2,knowledge-update,FULL96,4.0,1.0,0.0,1.0,1.0,0.0,1.0,0.27586775419116194,0.09609258444868204,nan
1d4da289,1d4da289,58,506,1,single-session-assistant,LOW48,0.25,1.0,1.0,0.0,1.0,1.0,0.0,0.057324013736198554,0.0701930475020173,0.11708263199683352
1d4da289,1d4da289,58,506,1,single-session-assistant,LOW48,0.5,1.0,1.0,0.0,,,,0.057324013736198554,0.0701930475020173,0.11708263199683352
1d4da289,1d4da289,58,506,1,single-session-assistant,LOW48,1.0,1.0,1.0,0.0,1.0,1.0,0.0,0.057324013736198554,0.0701930475020173,0.11708263199683352
1d4da289,1d4da289,58,506,1,single-session-assistant,LOW48,2.0,1.0,1.0,0.0,,,,0.057324013736198554,0.0701930475020173,0.11708263199683352
1d4da289,1d4da289,58,506,1,single-session-assistant,LOW48,4.0,1.0,1.0,0.0,1.0,1.0,0.0,0.057324013736198554,0.0701930475020173,0.11708263199683352
1d4da289,1d4da289,58,506,1,single-session-assistant,HIGH48,0.25,1.0,1.0,0.0,1.0,1.0,0.0,0.057324013736198554,0.11708263199683352,0.07019304750201728
1d4da289,1d4da289,58,506,1,single-session-assistant,HIGH48,0.5,1.0,1.0,0.0,,,,0.057324013736198554,0.11708263199683352,0.07019304750201728
1d4da289,1d4da289,58,506,1,single-session-assistant,HIGH48,1.0,1.0,1.0,0.0,1.0,1.0,0.0,0.057324013736198554,0.11708263199683352,0.07019304750201728
1d4da289,1d4da289,58,506,1,single-session-assistant,HIGH48,2.0,1.0,1.0,0.0,,,,0.057324013736198554,0.11708263199683352,0.07019304750201728
1d4da289,1d4da289,58,506,1,single-session-assistant,HIGH48,4.0,1.0,1.0,0.0,1.0,1.0,0.0,0.057324013736198554,0.11708263199683352,0.07019304750201728
1d4da289,1d4da289,58,506,1,single-session-assistant,FULL96,0.25,1.0,1.0,0.0,1.0,1.0,0.0,0.057324013736198554,0.0965282513902702,nan
1d4da289,1d4da289,58,506,1,single-session-assistant,FULL96,0.5,1.0,1.0,0.0,,,,0.057324013736198554,0.0965282513902702,nan
1d4da289,1d4da289,58,506,1,single-session-assistant,FULL96,1.0,1.0,1.0,0.0,1.0,1.0,0.0,0.057324013736198554,0.0965282513902702,nan
1d4da289,1d4da289,58,506,1,single-session-assistant,FULL96,2.0,1.0,1.0,0.0,,,,0.057324013736198554,0.0965282513902702,nan
1d4da289,1d4da289,58,506,1,single-session-assistant,FULL96,4.0,1.0,1.0,0.0,1.0,1.0,0.0,0.057324013736198554,0.0965282513902702,nan
1d4e3b97,1d4e3b97,59,474,2,single-session-preference,LOW48,0.25,0.5,1.0,-0.5,0.5,1.0,-0.5,0.08081539101096465,0.057384285844591425,0.1232319359270572
1d4e3b97,1d4e3b97,59,474,2,single-session-preference,LOW48,0.5,0.5,0.5,0.0,,,,0.08081539101096465,0.057384285844591425,0.1232319359270572
1d4e3b97,1d4e3b97,59,474,2,single-session-preference,LOW48,1.0,0.5,0.5,0.0,0.5,0.5,0.0,0.08081539101096465,0.057384285844591425,0.1232319359270572
1d4e3b97,1d4e3b97,59,474,2,single-session-preference,LOW48,2.0,0.5,0.5,0.0,,,,0.08081539101096465,0.057384285844591425,0.1232319359270572
1d4e3b97,1d4e3b97,59,474,2,single-session-preference,LOW48,4.0,0.5,0.0,0.5,0.5,0.0,0.5,0.08081539101096465,0.057384285844591425,0.1232319359270572
1d4e3b97,1d4e3b97,59,474,2,single-session-preference,HIGH48,0.25,0.5,0.0,0.5,0.5,0.0,0.5,0.08081539101096465,0.12323193592705721,0.057384285844591425
1d4e3b97,1d4e3b97,59,474,2,single-session-preference,HIGH48,0.5,0.5,0.5,0.0,,,,0.08081539101096465,0.12323193592705721,0.057384285844591425
1d4e3b97,1d4e3b97,59,474,2,single-session-preference,HIGH48,1.0,0.5,0.5,0.0,0.5,0.5,0.0,0.08081539101096465,0.12323193592705721,0.057384285844591425
1d4e3b97,1d4e3b97,59,474,2,single-session-preference,HIGH48,2.0,0.5,0.5,0.0,,,,0.08081539101096465,0.12323193592705721,0.057384285844591425
1d4e3b97,1d4e3b97,59,474,2,single-session-preference,HIGH48,4.0,0.5,1.0,-0.5,0.5,1.0,-0.5,0.08081539101096465,0.12323193592705721,0.057384285844591425
1d4e3b97,1d4e3b97,59,474,2,single-session-preference,FULL96,0.25,0.5,0.5,0.0,0.5,0.5,0.0,0.08081539101096465,0.09612249032932955,nan
1d4e3b97,1d4e3b97,59,474,2,single-session-preference,FULL96,0.5,0.5,0.5,0.0,,,,0.08081539101096465,0.09612249032932955,nan
1d4e3b97,1d4e3b97,59,474,2,single-session-preference,FULL96,1.0,0.5,0.5,0.0,0.5,0.5,0.0,0.08081539101096465,0.09612249032932955,nan
1d4e3b97,1d4e3b97,59,474,2,single-session-preference,FULL96,2.0,0.5,0.5,0.0,,,,0.08081539101096465,0.09612249032932955,nan
1d4e3b97,1d4e3b97,59,474,2,single-session-preference,FULL96,4.0,0.5,0.5,0.0,0.5,0.5,0.0,0.08081539101096465,0.09612249032932955,nan
1da05512,1da05512,60,462,2,single-session-preference,LOW48,0.25,1.0,0.0,1.0,1.0,0.0,1.0,0.12419367834997484,0.06765357818964707,0.11891396542851068
1da05512,1da05512,60,462,2,single-session-preference,LOW48,0.5,1.0,0.0,1.0,,,,0.12419367834997484,0.06765357818964707,0.11891396542851068
1da05512,1da05512,60,462,2,single-session-preference,LOW48,1.0,1.0,0.5,0.5,1.0,0.5,0.5,0.12419367834997484,0.06765357818964707,0.11891396542851068
1da05512,1da05512,60,462,2,single-session-preference,LOW48,2.0,1.0,0.5,0.5,,,,0.12419367834997484,0.06765357818964707,0.11891396542851068
1da05512,1da05512,60,462,2,single-session-preference,LOW48,4.0,1.0,0.5,0.5,1.0,0.5,0.5,0.12419367834997484,0.06765357818964707,0.11891396542851068
1da05512,1da05512,60,462,2,single-session-preference,HIGH48,0.25,1.0,0.5,0.5,1.0,0.5,0.5,0.12419367834997484,0.1189139654285107,0.06765357818964708
1da05512,1da05512,60,462,2,single-session-preference,HIGH48,0.5,1.0,0.5,0.5,,,,0.12419367834997484,0.1189139654285107,0.06765357818964708
1da05512,1da05512,60,462,2,single-session-preference,HIGH48,1.0,1.0,0.5,0.5,1.0,0.5,0.5,0.12419367834997484,0.1189139654285107,0.06765357818964708
1da05512,1da05512,60,462,2,single-session-preference,HIGH48,2.0,1.0,0.0,1.0,,,,0.12419367834997484,0.1189139654285107,0.06765357818964708
1da05512,1da05512,60,462,2,single-session-preference,HIGH48,4.0,1.0,0.0,1.0,1.0,0.0,1.0,0.12419367834997484,0.1189139654285107,0.06765357818964708
1da05512,1da05512,60,462,2,single-session-preference,FULL96,0.25,1.0,0.5,0.5,1.0,0.5,0.5,0.12419367834997484,0.09674073034610531,nan
1da05512,1da05512,60,462,2,single-session-preference,FULL96,0.5,1.0,0.5,0.5,,,,0.12419367834997484,0.09674073034610531,nan
1da05512,1da05512,60,462,2,single-session-preference,FULL96,1.0,1.0,0.5,0.5,1.0,0.5,0.5,0.12419367834997484,0.09674073034610531,nan
1da05512,1da05512,60,462,2,single-session-preference,FULL96,2.0,1.0,0.5,0.5,,,,0.12419367834997484,0.09674073034610531,nan
1da05512,1da05512,60,462,2,single-session-preference,FULL96,4.0,1.0,0.5,0.5,1.0,0.5,0.5,0.12419367834997484,0.09674073034610531,nan
1de5cff2,1de5cff2,61,473,1,single-session-assistant,LOW48,0.25,0.0,0.0,0.0,0.0,0.0,0.0,0.065265877216694,0.07610015612734687,0.113633339122835
1de5cff2,1de5cff2,61,473,1,single-session-assistant,LOW48,0.5,0.0,0.0,0.0,,,,0.065265877216694,0.07610015612734687,0.113633339122835
1de5cff2,1de5cff2,61,473,1,single-session-assistant,LOW48,1.0,0.0,0.0,0.0,0.0,0.0,0.0,0.065265877216694,0.07610015612734687,0.113633339122835
1de5cff2,1de5cff2,61,473,1,single-session-assistant,LOW48,2.0,0.0,0.0,0.0,,,,0.065265877216694,0.07610015612734687,0.113633339122835
1de5cff2,1de5cff2,61,473,1,single-session-assistant,LOW48,4.0,0.0,0.0,0.0,0.0,0.0,0.0,0.065265877216694,0.07610015612734687,0.113633339122835
1de5cff2,1de5cff2,61,473,1,single-session-assistant,HIGH48,0.25,0.0,0.0,0.0,0.0,0.0,0.0,0.065265877216694,0.113633339122835,0.07610015612734686
1de5cff2,1de5cff2,61,473,1,single-session-assistant,HIGH48,0.5,0.0,0.0,0.0,,,,0.065265877216694,0.113633339122835,0.07610015612734686
1de5cff2,1de5cff2,61,473,1,single-session-assistant,HIGH48,1.0,0.0,0.0,0.0,0.0,0.0,0.0,0.065265877216694,0.113633339122835,0.07610015612734686
1de5cff2,1de5cff2,61,473,1,single-session-assistant,HIGH48,2.0,0.0,0.0,0.0,,,,0.065265877216694,0.113633339122835,0.07610015612734686
1de5cff2,1de5cff2,61,473,1,single-session-assistant,HIGH48,4.0,0.0,0.0,0.0,0.0,0.0,0.0,0.065265877216694,0.113633339122835,0.07610015612734686
1de5cff2,1de5cff2,61,473,1,single-session-assistant,FULL96,0.25,0.0,0.0,0.0,0.0,0.0,0.0,0.065265877216694,0.09670514340719369,nan
1de5cff2,1de5cff2,61,473,1,single-session-assistant,FULL96,0.5,0.0,0.0,0.0,,,,0.065265877216694,0.09670514340719369,nan
1de5cff2,1de5cff2,61,473,1,single-session-assistant,FULL96,1.0,0.0,0.0,0.0,0.0,0.0,0.0,0.065265877216694,0.09670514340719369,nan
1de5cff2,1de5cff2,61,473,1,single-session-assistant,FULL96,2.0,0.0,0.0,0.0,,,,0.065265877216694,0.09670514340719369,nan
1de5cff2,1de5cff2,61,473,1,single-session-assistant,FULL96,4.0,0.0,0.0,0.0,0.0,0.0,0.0,0.065265877216694,0.09670514340719369,nan
1e043500,1e043500,62,510,1,single-session-user,LOW48,0.25,1.0,1.0,0.0,1.0,1.0,0.0,0.09472160305502646,0.07978772192477711,0.11079523316621154
1e043500,1e043500,62,510,1,single-session-user,LOW48,0.5,1.0,1.0,0.0,,,,0.09472160305502646,0.07978772192477711,0.11079523316621154
1e043500,1e043500,62,510,1,single-session-user,LOW48,1.0,1.0,1.0,0.0,1.0,1.0,0.0,0.09472160305502646,0.07978772192477711,0.11079523316621154
1e043500,1e043500,62,510,1,single-session-user,LOW48,2.0,1.0,1.0,0.0,,,,0.09472160305502646,0.07978772192477711,0.11079523316621154
1e043500,1e043500,62,510,1,single-session-user,LOW48,4.0,1.0,1.0,0.0,1.0,1.0,0.0,0.09472160305502646,0.07978772192477711,0.11079523316621154
1e043500,1e043500,62,510,1,single-session-user,HIGH48,0.25,1.0,1.0,0.0,1.0,1.0,0.0,0.09472160305502646,0.11079523316621152,0.0797877219247771
1e043500,1e043500,62,510,1,single-session-user,HIGH48,0.5,1.0,1.0,0.0,,,,0.09472160305502646,0.11079523316621152,0.0797877219247771
1e043500,1e043500,62,510,1,single-session-user,HIGH48,1.0,1.0,1.0,0.0,1.0,1.0,0.0,0.09472160305502646,0.11079523316621152,0.0797877219247771
1e043500,1e043500,62,510,1,single-session-user,HIGH48,2.0,1.0,1.0,0.0,,,,0.09472160305502646,0.11079523316621152,0.0797877219247771
1e043500,1e043500,62,510,1,single-session-user,HIGH48,4.0,1.0,1.0,0.0,1.0,1.0,0.0,0.09472160305502646,0.11079523316621152,0.0797877219247771
1e043500,1e043500,62,510,1,single-session-user,FULL96,0.25,1.0,1.0,0.0,1.0,1.0,0.0,0.09472160305502646,0.09654445676034626,nan
1e043500,1e043500,62,510,1,single-session-user,FULL96,0.5,1.0,1.0,0.0,,,,0.09472160305502646,0.09654445676034626,nan
1e043500,1e043500,62,510,1,single-session-user,FULL96,1.0,1.0,1.0,0.0,1.0,1.0,0.0,0.09472160305502646,0.09654445676034626,nan
1e043500,1e043500,62,510,1,single-session-user,FULL96,2.0,1.0,1.0,0.0,,,,0.09472160305502646,0.09654445676034626,nan
1e043500,1e043500,62,510,1,single-session-user,FULL96,4.0,1.0,1.0,0.0,1.0,1.0,0.0,0.09472160305502646,0.09654445676034626,nan
1f2b8d4f,1f2b8d4f,63,522,2,multi-session,LOW48,0.25,0.0,0.0,0.0,0.0,0.0,0.0,0.29846885792459593,0.08213560866166159,0.10915258096091952
1f2b8d4f,1f2b8d4f,63,522,2,multi-session,LOW48,0.5,0.0,0.0,0.0,,,,0.29846885792459593,0.08213560866166159,0.10915258096091952
1f2b8d4f,1f2b8d4f,63,522,2,multi-session,LOW48,1.0,0.0,0.0,0.0,0.0,0.0,0.0,0.29846885792459593,0.08213560866166159,0.10915258096091952
1f2b8d4f,1f2b8d4f,63,522,2,multi-session,LOW48,2.0,0.0,0.0,0.0,,,,0.29846885792459593,0.08213560866166159,0.10915258096091952
1f2b8d4f,1f2b8d4f,63,522,2,multi-session,LOW48,4.0,0.0,0.0,0.0,0.0,0.0,0.0,0.29846885792459593,0.08213560866166159,0.10915258096091952
1f2b8d4f,1f2b8d4f,63,522,2,multi-session,HIGH48,0.25,0.0,0.0,0.0,0.0,0.0,0.0,0.29846885792459593,0.10915258096091952,0.08213560866166159
1f2b8d4f,1f2b8d4f,63,522,2,multi-session,HIGH48,0.5,0.0,0.0,0.0,,,,0.29846885792459593,0.10915258096091952,0.08213560866166159
1f2b8d4f,1f2b8d4f,63,522,2,multi-session,HIGH48,1.0,0.0,0.0,0.0,0.0,0.0,0.0,0.29846885792459593,0.10915258096091952,0.08213560866166159
1f2b8d4f,1f2b8d4f,63,522,2,multi-session,HIGH48,2.0,0.0,0.0,0.0,,,,0.29846885792459593,0.10915258096091952,0.08213560866166159
1f2b8d4f,1f2b8d4f,63,522,2,multi-session,HIGH48,4.0,0.0,0.0,0.0,0.0,0.0,0.0,0.29846885792459593,0.10915258096091952,0.08213560866166159
1f2b8d4f,1f2b8d4f,63,522,2,multi-session,FULL96,0.25,0.0,0.0,0.0,0.0,0.0,0.0,0.29846885792459593,0.09659333346730434,nan
1f2b8d4f,1f2b8d4f,63,522,2,multi-session,FULL96,0.5,0.0,0.0,0.0,,,,0.29846885792459593,0.09659333346730434,nan
1f2b8d4f,1f2b8d4f,63,522,2,multi-session,FULL96,1.0,0.0,0.0,0.0,0.0,0.0,0.0,0.29846885792459593,0.09659333346730434,nan
1f2b8d4f,1f2b8d4f,63,522,2,multi-session,FULL96,2.0,0.0,0.0,0.0,,,,0.29846885792459593,0.09659333346730434,nan
1f2b8d4f,1f2b8d4f,63,522,2,multi-session,FULL96,4.0,0.0,0.0,0.0,0.0,0.0,0.0,0.29846885792459593,0.09659333346730434,nan
1faac195,1faac195,64,494,1,single-session-user,LOW48,0.25,1.0,1.0,0.0,1.0,1.0,0.0,0.19241030959391694,0.07317564451225167,0.11562309073686389
1faac195,1faac195,64,494,1,single-session-user,LOW48,0.5,1.0,1.0,0.0,,,,0.19241030959391694,0.07317564451225167,0.11562309073686389
1faac195,1faac195,64,494,1,single-session-user,LOW48,1.0,1.0,1.0,0.0,1.0,1.0,0.0,0.19241030959391694,0.07317564451225167,0.11562309073686389
1faac195,1faac195,64,494,1,single-session-user,LOW48,2.0,1.0,1.0,0.0,,,,0.19241030959391694,0.07317564451225167,0.11562309073686389
1faac195,1faac195,64,494,1,single-session-user,LOW48,4.0,1.0,1.0,0.0,1.0,1.0,0.0,0.19241030959391694,0.07317564451225167,0.11562309073686389
1faac195,1faac195,64,494,1,single-session-user,HIGH48,0.25,1.0,1.0,0.0,1.0,1.0,0.0,0.19241030959391694,0.11562309073686389,0.07317564451225167
1faac195,1faac195,64,494,1,single-session-user,HIGH48,0.5,1.0,1.0,0.0,,,,0.19241030959391694,0.11562309073686389,0.07317564451225167
1faac195,1faac195,64,494,1,single-session-user,HIGH48,1.0,1.0,1.0,0.0,1.0,1.0,0.0,0.19241030959391694,0.11562309073686389,0.07317564451225167
1faac195,1faac195,64,494,1,single-session-user,HIGH48,2.0,1.0,1.0,0.0,,,,0.19241030959391694,0.11562309073686389,0.07317564451225167
1faac195,1faac195,64,494,1,single-session-user,HIGH48,4.0,1.0,1.0,0.0,1.0,1.0,0.0,0.19241030959391694,0.11562309073686389,0.07317564451225167
1faac195,1faac195,64,494,1,single-session-user,FULL96,0.25,1.0,1.0,0.0,1.0,1.0,0.0,0.19241030959391694,0.09675581135344917,nan
1faac195,1faac195,64,494,1,single-session-user,FULL96,0.5,1.0,1.0,0.0,,,,0.19241030959391694,0.09675581135344917,nan
1faac195,1faac195,64,494,1,single-session-user,FULL96,1.0,1.0,1.0,0.0,1.0,1.0,0.0,0.19241030959391694,0.09675581135344917,nan
1faac195,1faac195,64,494,1,single-session-user,FULL96,2.0,1.0,1.0,0.0,,,,0.19241030959391694,0.09675581135344917,nan
1faac195,1faac195,64,494,1,single-session-user,FULL96,4.0,1.0,1.0,0.0,1.0,1.0,0.0,0.19241030959391694,0.09675581135344917,nan
2133c1b5,2133c1b5,65,523,2,knowledge-update,LOW48,0.25,1.0,0.5,0.5,1.0,0.5,0.5,0.07930686607043635,0.07900103865612397,0.11108881443350918
2133c1b5,2133c1b5,65,523,2,knowledge-update,LOW48,0.5,1.0,0.5,0.5,,,,0.07930686607043635,0.07900103865612397,0.11108881443350918
2133c1b5,2133c1b5,65,523,2,knowledge-update,LOW48,1.0,1.0,0.5,0.5,1.0,0.5,0.5,0.07930686607043635,0.07900103865612397,0.11108881443350918
2133c1b5,2133c1b5,65,523,2,knowledge-update,LOW48,2.0,1.0,0.5,0.5,,,,0.07930686607043635,0.07900103865612397,0.11108881443350918
2133c1b5,2133c1b5,65,523,2,knowledge-update,LOW48,4.0,1.0,1.0,0.0,1.0,1.0,0.0,0.07930686607043635,0.07900103865612397,0.11108881443350918
2133c1b5,2133c1b5,65,523,2,knowledge-update,HIGH48,0.25,1.0,1.0,0.0,1.0,1.0,0.0,0.07930686607043635,0.11108881443350918,0.07900103865612397
2133c1b5,2133c1b5,65,523,2,knowledge-update,HIGH48,0.5,1.0,0.5,0.5,,,,0.07930686607043635,0.11108881443350918,0.07900103865612397
2133c1b5,2133c1b5,65,523,2,knowledge-update,HIGH48,1.0,1.0,0.5,0.5,1.0,0.5,0.5,0.07930686607043635,0.11108881443350918,0.07900103865612397
2133c1b5,2133c1b5,65,523,2,knowledge-update,HIGH48,2.0,1.0,0.5,0.5,,,,0.07930686607043635,0.11108881443350918,0.07900103865612397
2133c1b5,2133c1b5,65,523,2,knowledge-update,HIGH48,4.0,1.0,0.5,0.5,1.0,0.5,0.5,0.07930686607043635,0.11108881443350918,0.07900103865612397
2133c1b5,2133c1b5,65,523,2,knowledge-update,FULL96,0.25,1.0,0.5,0.5,1.0,0.5,0.5,0.07930686607043635,0.09638954507878184,nan
2133c1b5,2133c1b5,65,523,2,knowledge-update,FULL96,0.5,1.0,0.5,0.5,,,,0.07930686607043635,0.09638954507878184,nan
2133c1b5,2133c1b5,65,523,2,knowledge-update,FULL96,1.0,1.0,0.5,0.5,1.0,0.5,0.5,0.07930686607043635,0.09638954507878184,nan
2133c1b5,2133c1b5,65,523,2,knowledge-update,FULL96,2.0,1.0,0.5,0.5,,,,0.07930686607043635,0.09638954507878184,nan
2133c1b5,2133c1b5,65,523,2,knowledge-update,FULL96,4.0,1.0,0.5,0.5,1.0,0.5,0.5,0.07930686607043635,0.09638954507878184,nan
21436231,21436231,67,512,1,single-session-user,LOW48,0.25,1.0,1.0,0.0,1.0,1.0,0.0,0.06132561942352639,0.08092200157972715,0.11004957275424426
21436231,21436231,67,512,1,single-session-user,LOW48,0.5,1.0,1.0,0.0,,,,0.06132561942352639,0.08092200157972715,0.11004957275424426
21436231,21436231,67,512,1,single-session-user,LOW48,1.0,1.0,1.0,0.0,1.0,1.0,0.0,0.06132561942352639,0.08092200157972715,0.11004957275424426
21436231,21436231,67,512,1,single-session-user,LOW48,2.0,1.0,1.0,0.0,,,,0.06132561942352639,0.08092200157972715,0.11004957275424426
21436231,21436231,67,512,1,single-session-user,LOW48,4.0,1.0,1.0,0.0,1.0,1.0,0.0,0.06132561942352639,0.08092200157972715,0.11004957275424426
21436231,21436231,67,512,1,single-session-user,HIGH48,0.25,1.0,1.0,0.0,1.0,1.0,0.0,0.06132561942352639,0.11004957275424426,0.08092200157972715
21436231,21436231,67,512,1,single-session-user,HIGH48,0.5,1.0,1.0,0.0,,,,0.06132561942352639,0.11004957275424426,0.08092200157972715
21436231,21436231,67,512,1,single-session-user,HIGH48,1.0,1.0,1.0,0.0,1.0,1.0,0.0,0.06132561942352639,0.11004957275424426,0.08092200157972715
21436231,21436231,67,512,1,single-session-user,HIGH48,2.0,1.0,1.0,0.0,,,,0.06132561942352639,0.11004957275424426,0.08092200157972715
21436231,21436231,67,512,1,single-session-user,HIGH48,4.0,1.0,1.0,0.0,1.0,1.0,0.0,0.06132561942352639,0.11004957275424426,0.08092200157972715
21436231,21436231,67,512,1,single-session-user,FULL96,0.25,1.0,1.0,0.0,1.0,1.0,0.0,0.06132561942352639,0.0965900585025733,nan
21436231,21436231,67,512,1,single-session-user,FULL96,0.5,1.0,1.0,0.0,,,,0.06132561942352639,0.0965900585025733,nan
21436231,21436231,67,512,1,single-session-user,FULL96,1.0,1.0,1.0,0.0,1.0,1.0,0.0,0.06132561942352639,0.0965900585025733,nan
21436231,21436231,67,512,1,single-session-user,FULL96,2.0,1.0,1.0,0.0,,,,0.06132561942352639,0.0965900585025733,nan
21436231,21436231,67,512,1,single-session-user,FULL96,4.0,1.0,1.0,0.0,1.0,1.0,0.0,0.06132561942352639,0.0965900585025733,nan
21d02d0d,21d02d0d,68,497,2,multi-session,LOW48,0.25,1.0,0.5,0.5,1.0,0.5,0.5,0.08065064167105807,0.0748161877635845,0.11338677448154572
21d02d0d,21d02d0d,68,497,2,multi-session,LOW48,0.5,1.0,0.5,0.5,,,,0.08065064167105807,0.0748161877635845,0.11338677448154572
21d02d0d,21d02d0d,68,497,2,multi-session,LOW48,1.0,1.0,0.5,0.5,1.0,0.5,0.5,0.08065064167105807,0.0748161877635845,0.11338677448154572
21d02d0d,21d02d0d,68,497,2,multi-session,LOW48,2.0,1.0,1.0,0.0,,,,0.08065064167105807,0.0748161877635845,0.11338677448154572
21d02d0d,21d02d0d,68,497,2,multi-session,LOW48,4.0,1.0,1.0,0.0,1.0,1.0,0.0,0.08065064167105807,0.0748161877635845,0.11338677448154572
21d02d0d,21d02d0d,68,497,2,multi-session,HIGH48,0.25,1.0,1.0,0.0,1.0,1.0,0.0,0.08065064167105807,0.1133867744815457,0.0748161877635845
21d02d0d,21d02d0d,68,497,2,multi-session,HIGH48,0.5,1.0,1.0,0.0,,,,0.08065064167105807,0.1133867744815457,0.0748161877635845
21d02d0d,21d02d0d,68,497,2,multi-session,HIGH48,1.0,1.0,0.5,0.5,1.0,0.5,0.5,0.08065064167105807,0.1133867744815457,0.0748161877635845
21d02d0d,21d02d0d,68,497,2,multi-session,HIGH48,2.0,1.0,0.5,0.5,,,,0.08065064167105807,0.1133867744815457,0.0748161877635845
21d02d0d,21d02d0d,68,497,2,multi-session,HIGH48,4.0,1.0,0.5,0.5,1.0,0.5,0.5,0.08065064167105807,0.1133867744815457,0.0748161877635845
21d02d0d,21d02d0d,68,497,2,multi-session,FULL96,0.25,1.0,0.5,0.5,1.0,0.5,0.5,0.08065064167105807,0.0960573333452601,nan
21d02d0d,21d02d0d,68,497,2,multi-session,FULL96,0.5,1.0,0.5,0.5,,,,0.08065064167105807,0.0960573333452601,nan
21d02d0d,21d02d0d,68,497,2,multi-session,FULL96,1.0,1.0,0.5,0.5,1.0,0.5,0.5,0.08065064167105807,0.0960573333452601,nan
21d02d0d,21d02d0d,68,497,2,multi-session,FULL96,2.0,1.0,0.5,0.5,,,,0.08065064167105807,0.0960573333452601,nan
21d02d0d,21d02d0d,68,497,2,multi-session,FULL96,4.0,1.0,0.5,0.5,1.0,0.5,0.5,0.08065064167105807,0.0960573333452601,nan
22d2cb42,22d2cb42,69,473,1,knowledge-update,LOW48,0.25,0.0,0.0,0.0,0.0,0.0,0.0,0.07375285675384596,0.06243453935864074,0.12165818450455726
22d2cb42,22d2cb42,69,473,1,knowledge-update,LOW48,0.5,0.0,0.0,0.0,,,,0.07375285675384596,0.06243453935864074,0.12165818450455726
22d2cb42,22d2cb42,69,473,1,knowledge-update,LOW48,1.0,0.0,0.0,0.0,0.0,0.0,0.0,0.07375285675384596,0.06243453935864074,0.12165818450455726
22d2cb42,22d2cb42,69,473,1,knowledge-update,LOW48,2.0,0.0,0.0,0.0,,,,0.07375285675384596,0.06243453935864074,0.12165818450455726
22d2cb42,22d2cb42,69,473,1,knowledge-update,LOW48,4.0,0.0,0.0,0.0,0.0,0.0,0.0,0.07375285675384596,0.06243453935864074,0.12165818450455726
22d2cb42,22d2cb42,69,473,1,knowledge-update,HIGH48,0.25,0.0,0.0,0.0,0.0,0.0,0.0,0.07375285675384596,0.12165818450455726,0.06243453935864074
22d2cb42,22d2cb42,69,473,1,knowledge-update,HIGH48,0.5,0.0,0.0,0.0,,,,0.07375285675384596,0.12165818450455726,0.06243453935864074
22d2cb42,22d2cb42,69,473,1,knowledge-update,HIGH48,1.0,0.0,0.0,0.0,0.0,0.0,0.0,0.07375285675384596,0.12165818450455726,0.06243453935864074
22d2cb42,22d2cb42,69,473,1,knowledge-update,HIGH48,2.0,0.0,0.0,0.0,,,,0.07375285675384596,0.12165818450455726,0.06243453935864074
22d2cb42,22d2cb42,69,473,1,knowledge-update,HIGH48,4.0,0.0,0.0,0.0,0.0,0.0,0.0,0.07375285675384596,0.12165818450455726,0.06243453935864074
22d2cb42,22d2cb42,69,473,1,knowledge-update,FULL96,0.25,0.0,0.0,0.0,0.0,0.0,0.0,0.07375285675384596,0.09669225812305388,nan
22d2cb42,22d2cb42,69,473,1,knowledge-update,FULL96,0.5,0.0,0.0,0.0,,,,0.07375285675384596,0.09669225812305388,nan
22d2cb42,22d2cb42,69,473,1,knowledge-update,FULL96,1.0,0.0,0.0,0.0,0.0,0.0,0.0,0.07375285675384596,0.09669225812305388,nan
22d2cb42,22d2cb42,69,473,1,knowledge-update,FULL96,2.0,0.0,0.0,0.0,,,,0.07375285675384596,0.09669225812305388,nan
22d2cb42,22d2cb42,69,473,1,knowledge-update,FULL96,4.0,0.0,0.0,0.0,0.0,0.0,0.0,0.07375285675384596,0.09669225812305388,nan
2311e44b,2311e44b,70,493,2,multi-session,LOW48,0.25,0.5,0.5,0.0,0.5,0.5,0.0,0.1696499604588865,0.07736823718831652,0.11259271582573971
2311e44b,2311e44b,70,493,2,multi-session,LOW48,0.5,0.5,0.5,0.0,,,,0.1696499604588865,0.07736823718831652,0.11259271582573971
2311e44b,2311e44b,70,493,2,multi-session,LOW48,1.0,0.5,0.5,0.0,0.5,0.5,0.0,0.1696499604588865,0.07736823718831652,0.11259271582573971
2311e44b,2311e44b,70,493,2,multi-session,LOW48,2.0,0.5,0.5,0.0,,,,0.1696499604588865,0.07736823718831652,0.11259271582573971
2311e44b,2311e44b,70,493,2,multi-session,LOW48,4.0,0.5,0.5,0.0,0.5,0.5,0.0,0.1696499604588865,0.07736823718831652,0.11259271582573971
2311e44b,2311e44b,70,493,2,multi-session,HIGH48,0.25,0.5,0.5,0.0,0.5,0.5,0.0,0.1696499604588865,0.11259271582573971,0.07736823718831652
2311e44b,2311e44b,70,493,2,multi-session,HIGH48,0.5,0.5,0.5,0.0,,,,0.1696499604588865,0.11259271582573971,0.07736823718831652
2311e44b,2311e44b,70,493,2,multi-session,HIGH48,1.0,0.5,0.5,0.0,0.5,0.5,0.0,0.1696499604588865,0.11259271582573971,0.07736823718831652
2311e44b,2311e44b,70,493,2,multi-session,HIGH48,2.0,0.5,0.5,0.0,,,,0.1696499604588865,0.11259271582573971,0.07736823718831652
2311e44b,2311e44b,70,493,2,multi-session,HIGH48,4.0,0.5,0.5,0.0,0.5,0.5,0.0,0.1696499604588865,0.11259271582573971,0.07736823718831652
2311e44b,2311e44b,70,493,2,multi-session,FULL96,0.25,0.5,0.5,0.0,0.5,0.5,0.0,0.1696499604588865,0.09659959570992876,nan
2311e44b,2311e44b,70,493,2,multi-session,FULL96,0.5,0.5,0.5,0.0,,,,0.1696499604588865,0.09659959570992876,nan
2311e44b,2311e44b,70,493,2,multi-session,FULL96,1.0,0.5,0.5,0.0,0.5,0.5,0.0,0.1696499604588865,0.09659959570992876,nan
2311e44b,2311e44b,70,493,2,multi-session,FULL96,2.0,0.5,0.5,0.0,,,,0.1696499604588865,0.09659959570992876,nan
2311e44b,2311e44b,70,493,2,multi-session,FULL96,4.0,0.5,0.5,0.0,0.5,0.5,0.0,0.1696499604588865,0.09659959570992876,nan
2318644b,2318644b,72,523,2,multi-session,LOW48,0.25,0.5,0.5,0.0,0.5,0.5,0.0,0.0843534804700957,0.062248153093210315,0.12086639028533917
2318644b,2318644b,72,523,2,multi-session,LOW48,0.5,0.5,0.5,0.0,,,,0.0843534804700957,0.062248153093210315,0.12086639028533917
2318644b,2318644b,72,523,2,multi-session,LOW48,1.0,0.5,0.5,0.0,0.5,0.5,0.0,0.0843534804700957,0.062248153093210315,0.12086639028533917
2318644b,2318644b,72,523,2,multi-session,LOW48,2.0,0.5,0.5,0.0,,,,0.0843534804700957,0.062248153093210315,0.12086639028533917
2318644b,2318644b,72,523,2,multi-session,LOW48,4.0,0.5,0.5,0.0,0.5,0.5,0.0,0.0843534804700957,0.062248153093210315,0.12086639028533917
2318644b,2318644b,72,523,2,multi-session,HIGH48,0.25,0.5,0.5,0.0,0.5,0.5,0.0,0.0843534804700957,0.12086639028533916,0.062248153093210315
2318644b,2318644b,72,523,2,multi-session,HIGH48,0.5,0.5,0.5,0.0,,,,0.0843534804700957,0.12086639028533916,0.062248153093210315
2318644b,2318644b,72,523,2,multi-session,HIGH48,1.0,0.5,0.5,0.0,0.5,0.5,0.0,0.0843534804700957,0.12086639028533916,0.062248153093210315
2318644b,2318644b,72,523,2,multi-session,HIGH48,2.0,0.5,0.5,0.0,,,,0.0843534804700957,0.12086639028533916,0.062248153093210315
2318644b,2318644b,72,523,2,multi-session,HIGH48,4.0,0.5,0.5,0.0,0.5,0.5,0.0,0.0843534804700957,0.12086639028533916,0.062248153093210315
2318644b,2318644b,72,523,2,multi-session,FULL96,0.25,0.5,0.5,0.0,0.5,0.5,0.0,0.0843534804700957,0.09613406488889274,nan
2318644b,2318644b,72,523,2,multi-session,FULL96,0.5,0.5,0.5,0.0,,,,0.0843534804700957,0.09613406488889274,nan
2318644b,2318644b,72,523,2,multi-session,FULL96,1.0,0.5,0.5,0.0,0.5,0.5,0.0,0.0843534804700957,0.09613406488889274,nan
2318644b,2318644b,72,523,2,multi-session,FULL96,2.0,0.5,0.5,0.0,,,,0.0843534804700957,0.09613406488889274,nan
2318644b,2318644b,72,523,2,multi-session,FULL96,4.0,0.5,0.5,0.0,0.5,0.5,0.0,0.0843534804700957,0.09613406488889274,nan
25e5aa4f,25e5aa4f,73,506,1,single-session-user,LOW48,0.25,0.0,0.0,0.0,0.0,0.0,0.0,0.09789092442744926,0.07652204838080978,0.11307963903580244
25e5aa4f,25e5aa4f,73,506,1,single-session-user,LOW48,0.5,0.0,0.0,0.0,,,,0.09789092442744926,0.07652204838080978,0.11307963903580244
25e5aa4f,25e5aa4f,73,506,1,single-session-user,LOW48,1.0,0.0,0.0,0.0,0.0,0.0,0.0,0.09789092442744926,0.07652204838080978,0.11307963903580244
25e5aa4f,25e5aa4f,73,506,1,single-session-user,LOW48,2.0,0.0,0.0,0.0,,,,0.09789092442744926,0.07652204838080978,0.11307963903580244
25e5aa4f,25e5aa4f,73,506,1,single-session-user,LOW48,4.0,0.0,0.0,0.0,0.0,0.0,0.0,0.09789092442744926,0.07652204838080978,0.11307963903580244
25e5aa4f,25e5aa4f,73,506,1,single-session-user,HIGH48,0.25,0.0,0.0,0.0,0.0,0.0,0.0,0.09789092442744926,0.11307963903580244,0.07652204838080978
25e5aa4f,25e5aa4f,73,506,1,single-session-user,HIGH48,0.5,0.0,0.0,0.0,,,,0.09789092442744926,0.11307963903580244,0.07652204838080978
25e5aa4f,25e5aa4f,73,506,1,single-session-user,HIGH48,1.0,0.0,0.0,0.0,0.0,0.0,0.0,0.09789092442744926,0.11307963903580244,0.07652204838080978
25e5aa4f,25e5aa4f,73,506,1,single-session-user,HIGH48,2.0,0.0,0.0,0.0,,,,0.09789092442744926,0.11307963903580244,0.07652204838080978
25e5aa4f,25e5aa4f,73,506,1,single-session-user,HIGH48,4.0,0.0,0.0,0.0,0.0,0.0,0.0,0.09789092442744926,0.11307963903580244,0.07652204838080978
25e5aa4f,25e5aa4f,73,506,1,single-session-user,FULL96,0.25,0.0,0.0,0.0,0.0,0.0,0.0,0.09789092442744926,0.09654695399872118,nan
25e5aa4f,25e5aa4f,73,506,1,single-session-user,FULL96,0.5,0.0,0.0,0.0,,,,0.09789092442744926,0.09654695399872118,nan
25e5aa4f,25e5aa4f,73,506,1,single-session-user,FULL96,1.0,0.0,0.0,0.0,0.0,0.0,0.0,0.09789092442744926,0.09654695399872118,nan
25e5aa4f,25e5aa4f,73,506,1,single-session-user,FULL96,2.0,0.0,0.0,0.0,,,,0.09789092442744926,0.09654695399872118,nan
25e5aa4f,25e5aa4f,73,506,1,single-session-user,FULL96,4.0,0.0,0.0,0.0,0.0,0.0,0.0,0.09789092442744926,0.09654695399872118,nan
2698e78f,2698e78f,74,478,2,knowledge-update,LOW48,0.25,0.0,0.5,-0.5,0.0,0.5,-0.5,0.07276060296620253,0.07070615856022605,0.1168272464842786
2698e78f,2698e78f,74,478,2,knowledge-update,LOW48,0.5,0.0,0.5,-0.5,,,,0.07276060296620253,0.07070615856022605,0.1168272464842786
2698e78f,2698e78f,74,478,2,knowledge-update,LOW48,1.0,0.0,0.5,-0.5,0.0,0.5,-0.5,0.07276060296620253,0.07070615856022605,0.1168272464842786
2698e78f,2698e78f,74,478,2,knowledge-update,LOW48,2.0,0.0,0.5,-0.5,,,,0.07276060296620253,0.07070615856022605,0.1168272464842786
2698e78f,2698e78f,74,478,2,knowledge-update,LOW48,4.0,0.0,0.5,-0.5,0.0,0.5,-0.5,0.07276060296620253,0.07070615856022605,0.1168272464842786
2698e78f,2698e78f,74,478,2,knowledge-update,HIGH48,0.25,0.0,0.5,-0.5,0.0,0.5,-0.5,0.07276060296620253,0.1168272464842786,0.07070615856022605
2698e78f,2698e78f,74,478,2,knowledge-update,HIGH48,0.5,0.0,0.5,-0.5,,,,0.07276060296620253,0.1168272464842786,0.07070615856022605
2698e78f,2698e78f,74,478,2,knowledge-update,HIGH48,1.0,0.0,0.5,-0.5,0.0,0.5,-0.5,0.07276060296620253,0.1168272464842786,0.07070615856022605
2698e78f,2698e78f,74,478,2,knowledge-update,HIGH48,2.0,0.0,0.5,-0.5,,,,0.07276060296620253,0.1168272464842786,0.07070615856022605
2698e78f,2698e78f,74,478,2,knowledge-update,HIGH48,4.0,0.0,0.5,-0.5,0.0,0.5,-0.5,0.07276060296620253,0.1168272464842786,0.07070615856022605
2698e78f,2698e78f,74,478,2,knowledge-update,FULL96,0.25,0.0,0.5,-0.5,0.0,0.5,-0.5,0.07276060296620253,0.09656077459155507,nan
2698e78f,2698e78f,74,478,2,knowledge-update,FULL96,0.5,0.0,0.5,-0.5,,,,0.07276060296620253,0.09656077459155507,nan
2698e78f,2698e78f,74,478,2,knowledge-update,FULL96,1.0,0.0,0.5,-0.5,0.0,0.5,-0.5,0.07276060296620253,0.09656077459155507,nan
2698e78f,2698e78f,74,478,2,knowledge-update,FULL96,2.0,0.0,0.5,-0.5,,,,0.07276060296620253,0.09656077459155507,nan
2698e78f,2698e78f,74,478,2,knowledge-update,FULL96,4.0,0.0,0.5,-0.5,0.0,0.5,-0.5,0.07276060296620253,0.09656077459155507,nan
26bdc477,26bdc477,76,498,2,knowledge-update,LOW48,0.25,0.75,1.0,-0.25,0.775,1.0,-0.22499999999999998,0.11863119319384163,0.08106144301490564,0.10954028723257153
26bdc477,26bdc477,76,498,2,knowledge-update,LOW48,0.5,0.75,1.0,-0.25,,,,0.11863119319384163,0.08106144301490564,0.10954028723257153
26bdc477,26bdc477,76,498,2,knowledge-update,LOW48,1.0,0.75,1.0,-0.25,0.775,1.0,-0.22499999999999998,0.11863119319384163,0.08106144301490564,0.10954028723257153
26bdc477,26bdc477,76,498,2,knowledge-update,LOW48,2.0,0.75,0.5,0.25,,,,0.11863119319384163,0.08106144301490564,0.10954028723257153
26bdc477,26bdc477,76,498,2,knowledge-update,LOW48,4.0,0.75,0.5,0.25,0.775,0.5,0.275,0.11863119319384163,0.08106144301490564,0.10954028723257153
26bdc477,26bdc477,76,498,2,knowledge-update,HIGH48,0.25,0.75,0.5,0.25,0.775,0.5,0.275,0.11863119319384163,0.10954028723257153,0.08106144301490564
26bdc477,26bdc477,76,498,2,knowledge-update,HIGH48,0.5,0.75,0.5,0.25,,,,0.11863119319384163,0.10954028723257153,0.08106144301490564
26bdc477,26bdc477,76,498,2,knowledge-update,HIGH48,1.0,0.75,1.0,-0.25,0.775,1.0,-0.22499999999999998,0.11863119319384163,0.10954028723257153,0.08106144301490564
26bdc477,26bdc477,76,498,2,knowledge-update,HIGH48,2.0,0.75,1.0,-0.25,,,,0.11863119319384163,0.10954028723257153,0.08106144301490564
26bdc477,26bdc477,76,498,2,knowledge-update,HIGH48,4.0,0.75,1.0,-0.25,0.775,1.0,-0.22499999999999998,0.11863119319384163,0.10954028723257153,0.08106144301490564
26bdc477,26bdc477,76,498,2,knowledge-update,FULL96,0.25,0.75,1.0,-0.25,0.775,1.0,-0.22499999999999998,0.11863119319384163,0.09635878805447137,nan
26bdc477,26bdc477,76,498,2,knowledge-update,FULL96,0.5,0.75,1.0,-0.25,,,,0.11863119319384163,0.09635878805447137,nan
26bdc477,26bdc477,76,498,2,knowledge-update,FULL96,1.0,0.75,1.0,-0.25,0.775,1.0,-0.22499999999999998,0.11863119319384163,0.09635878805447137,nan
26bdc477,26bdc477,76,498,2,knowledge-update,FULL96,2.0,0.75,1.0,-0.25,,,,0.11863119319384163,0.09635878805447137,nan
26bdc477,26bdc477,76,498,2,knowledge-update,FULL96,4.0,0.75,1.0,-0.25,0.775,1.0,-0.22499999999999998,0.11863119319384163,0.09635878805447137,nan
27016adc,27016adc,77,491,2,multi-session,LOW48,0.25,0.5,0.0,0.5,0.5,0.0,0.5,0.1195822471838224,0.06825055116751949,0.11844830380592021
27016adc,27016adc,77,491,2,multi-session,LOW48,0.5,0.5,0.0,0.5,,,,0.1195822471838224,0.06825055116751949,0.11844830380592021
27016adc,27016adc,77,491,2,multi-session,LOW48,1.0,0.5,0.0,0.5,0.5,0.0,0.5,0.1195822471838224,0.06825055116751949,0.11844830380592021
27016adc,27016adc,77,491,2,multi-session,LOW48,2.0,0.5,0.0,0.5,,,,0.1195822471838224,0.06825055116751949,0.11844830380592021
27016adc,27016adc,77,491,2,multi-session,LOW48,4.0,0.5,0.0,0.5,0.5,0.0,0.5,0.1195822471838224,0.06825055116751949,0.11844830380592021
27016adc,27016adc,77,491,2,multi-session,HIGH48,0.25,0.5,0.0,0.5,0.5,0.0,0.5,0.1195822471838224,0.11844830380592022,0.06825055116751949
27016adc,27016adc,77,491,2,multi-session,HIGH48,0.5,0.5,0.0,0.5,,,,0.1195822471838224,0.11844830380592022,0.06825055116751949
27016adc,27016adc,77,491,2,multi-session,HIGH48,1.0,0.5,0.0,0.5,0.5,0.0,0.5,0.1195822471838224,0.11844830380592022,0.06825055116751949
27016adc,27016adc,77,491,2,multi-session,HIGH48,2.0,0.5,0.0,0.5,,,,0.1195822471838224,0.11844830380592022,0.06825055116751949
27016adc,27016adc,77,491,2,multi-session,HIGH48,4.0,0.5,0.0,0.5,0.5,0.0,0.5,0.1195822471838224,0.11844830380592022,0.06825055116751949
27016adc,27016adc,77,491,2,multi-session,FULL96,0.25,0.5,0.0,0.5,0.5,0.0,0.5,0.1195822471838224,0.0966647257513561,nan
27016adc,27016adc,77,491,2,multi-session,FULL96,0.5,0.5,0.0,0.5,,,,0.1195822471838224,0.0966647257513561,nan
27016adc,27016adc,77,491,2,multi-session,FULL96,1.0,0.5,0.0,0.5,0.5,0.0,0.5,0.1195822471838224,0.0966647257513561,nan
27016adc,27016adc,77,491,2,multi-session,FULL96,2.0,0.5,0.0,0.5,,,,0.1195822471838224,0.0966647257513561,nan
27016adc,27016adc,77,491,2,multi-session,FULL96,4.0,0.5,0.0,0.5,0.5,0.0,0.5,0.1195822471838224,0.0966647257513561,nan
2788b940,2788b940,78,475,5,multi-session,LOW48,0.25,0.0,0.0,0.0,0.0,0.0,0.0,0.08638673069520891,0.06364366311082074,0.12112444852557441
2788b940,2788b940,78,475,5,multi-session,LOW48,0.5,0.0,0.0,0.0,,,,0.08638673069520891,0.06364366311082074,0.12112444852557441
2788b940,2788b940,78,475,5,multi-session,LOW48,1.0,0.0,0.0,0.0,0.0,0.0,0.0,0.08638673069520891,0.06364366311082074,0.12112444852557441
2788b940,2788b940,78,475,5,multi-session,LOW48,2.0,0.0,0.0,0.0,,,,0.08638673069520891,0.06364366311082074,0.12112444852557441
2788b940,2788b940,78,475,5,multi-session,LOW48,4.0,0.0,0.0,0.0,0.0,0.0,0.0,0.08638673069520891,0.06364366311082074,0.12112444852557441
2788b940,2788b940,78,475,5,multi-session,HIGH48,0.25,0.0,0.0,0.0,0.0,0.0,0.0,0.08638673069520891,0.12112444852557443,0.06364366311082074
2788b940,2788b940,78,475,5,multi-session,HIGH48,0.5,0.0,0.0,0.0,,,,0.08638673069520891,0.12112444852557443,0.06364366311082074
2788b940,2788b940,78,475,5,multi-session,HIGH48,1.0,0.0,0.0,0.0,0.0,0.0,0.0,0.08638673069520891,0.12112444852557443,0.06364366311082074
2788b940,2788b940,78,475,5,multi-session,HIGH48,2.0,0.0,0.0,0.0,,,,0.08638673069520891,0.12112444852557443,0.06364366311082074
2788b940,2788b940,78,475,5,multi-session,HIGH48,4.0,0.0,0.0,0.0,0.0,0.0,0.0,0.08638673069520891,0.12112444852557443,0.06364366311082074
2788b940,2788b940,78,475,5,multi-session,FULL96,0.25,0.0,0.0,0.0,0.0,0.0,0.0,0.08638673069520891,0.09675135111404949,nan
2788b940,2788b940,78,475,5,multi-session,FULL96,0.5,0.0,0.0,0.0,,,,0.08638673069520891,0.09675135111404949,nan
2788b940,2788b940,78,475,5,multi-session,FULL96,1.0,0.0,0.0,0.0,0.0,0.0,0.0,0.08638673069520891,0.09675135111404949,nan
2788b940,2788b940,78,475,5,multi-session,FULL96,2.0,0.0,0.0,0.0,,,,0.08638673069520891,0.09675135111404949,nan
2788b940,2788b940,78,475,5,multi-session,FULL96,4.0,0.0,0.0,0.0,0.0,0.0,0.0,0.08638673069520891,0.09675135111404949,nan
28bcfaac,28bcfaac,79,500,1,single-session-assistant,LOW48,0.25,1.0,1.0,0.0,1.0,1.0,0.0,0.07072404313996222,0.06793298451058453,0.11837220249262986
28bcfaac,28bcfaac,79,500,1,single-session-assistant,LOW48,0.5,1.0,1.0,0.0,,,,0.07072404313996222,0.06793298451058453,0.11837220249262986
28bcfaac,28bcfaac,79,500,1,single-session-assistant,LOW48,1.0,1.0,1.0,0.0,1.0,1.0,0.0,0.07072404313996222,0.06793298451058453,0.11837220249262986
28bcfaac,28bcfaac,79,500,1,single-session-assistant,LOW48,2.0,1.0,1.0,0.0,,,,0.07072404313996222,0.06793298451058453,0.11837220249262986
28bcfaac,28bcfaac,79,500,1,single-session-assistant,LOW48,4.0,1.0,1.0,0.0,1.0,1.0,0.0,0.07072404313996222,0.06793298451058453,0.11837220249262986
28bcfaac,28bcfaac,79,500,1,single-session-assistant,HIGH48,0.25,1.0,1.0,0.0,1.0,1.0,0.0,0.07072404313996222,0.11837220249262986,0.06793298451058453
28bcfaac,28bcfaac,79,500,1,single-session-assistant,HIGH48,0.5,1.0,1.0,0.0,,,,0.07072404313996222,0.11837220249262986,0.06793298451058453
28bcfaac,28bcfaac,79,500,1,single-session-assistant,HIGH48,1.0,1.0,1.0,0.0,1.0,1.0,0.0,0.07072404313996222,0.11837220249262986,0.06793298451058453
28bcfaac,28bcfaac,79,500,1,single-session-assistant,HIGH48,2.0,1.0,1.0,0.0,,,,0.07072404313996222,0.11837220249262986,0.06793298451058453
28bcfaac,28bcfaac,79,500,1,single-session-assistant,HIGH48,4.0,1.0,1.0,0.0,1.0,1.0,0.0,0.07072404313996222,0.11837220249262986,0.06793298451058453
28bcfaac,28bcfaac,79,500,1,single-session-assistant,FULL96,0.25,1.0,1.0,0.0,1.0,1.0,0.0,0.07072404313996222,0.09650613635275088,nan
28bcfaac,28bcfaac,79,500,1,single-session-assistant,FULL96,0.5,1.0,1.0,0.0,,,,0.07072404313996222,0.09650613635275088,nan
28bcfaac,28bcfaac,79,500,1,single-session-assistant,FULL96,1.0,1.0,1.0,0.0,1.0,1.0,0.0,0.07072404313996222,0.09650613635275088,nan
28bcfaac,28bcfaac,79,500,1,single-session-assistant,FULL96,2.0,1.0,1.0,0.0,,,,0.07072404313996222,0.09650613635275088,nan
28bcfaac,28bcfaac,79,500,1,single-session-assistant,FULL96,4.0,1.0,1.0,0.0,1.0,1.0,0.0,0.07072404313996222,0.09650613635275088,nan
28dc39ac,28dc39ac,80,431,5,multi-session,LOW48,0.25,0.4,0.4,0.0,0.4000000000000001,0.4000000000000001,0.0,0.20723129614213623,0.07395986981542625,0.11515937325253997
28dc39ac,28dc39ac,80,431,5,multi-session,LOW48,0.5,0.4,0.4,0.0,,,,0.20723129614213623,0.07395986981542625,0.11515937325253997
28dc39ac,28dc39ac,80,431,5,multi-session,LOW48,1.0,0.4,0.4,0.0,0.4000000000000001,0.4000000000000001,0.0,0.20723129614213623,0.07395986981542625,0.11515937325253997
28dc39ac,28dc39ac,80,431,5,multi-session,LOW48,2.0,0.4,0.6,-0.19999999999999996,,,,0.20723129614213623,0.07395986981542625,0.11515937325253997
28dc39ac,28dc39ac,80,431,5,multi-session,LOW48,4.0,0.4,0.6,-0.19999999999999996,0.4000000000000001,0.5999999999999999,-0.1999999999999998,0.20723129614213623,0.07395986981542625,0.11515937325253997
28dc39ac,28dc39ac,80,431,5,multi-session,HIGH48,0.25,0.4,0.6,-0.19999999999999996,0.4000000000000001,0.5999999999999999,-0.1999999999999998,0.20723129614213623,0.11515937325253997,0.07395986981542625
28dc39ac,28dc39ac,80,431,5,multi-session,HIGH48,0.5,0.4,0.6,-0.19999999999999996,,,,0.20723129614213623,0.11515937325253997,0.07395986981542625
28dc39ac,28dc39ac,80,431,5,multi-session,HIGH48,1.0,0.4,0.4,0.0,0.4000000000000001,0.4000000000000001,0.0,0.20723129614213623,0.11515937325253997,0.07395986981542625
28dc39ac,28dc39ac,80,431,5,multi-session,HIGH48,2.0,0.4,0.4,0.0,,,,0.20723129614213623,0.11515937325253997,0.07395986981542625
28dc39ac,28dc39ac,80,431,5,multi-session,HIGH48,4.0,0.4,0.4,0.0,0.4000000000000001,0.4000000000000001,0.0,0.20723129614213623,0.11515937325253997,0.07395986981542625
28dc39ac,28dc39ac,80,431,5,multi-session,FULL96,0.25,0.4,0.4,0.0,0.4000000000000001,0.4000000000000001,0.0,0.20723129614213623,0.09677743433009736,nan
28dc39ac,28dc39ac,80,431,5,multi-session,FULL96,0.5,0.4,0.4,0.0,,,,0.20723129614213623,0.09677743433009736,nan
28dc39ac,28dc39ac,80,431,5,multi-session,FULL96,1.0,0.4,0.4,0.0,0.4000000000000001,0.4000000000000001,0.0,0.20723129614213623,0.09677743433009736,nan
28dc39ac,28dc39ac,80,431,5,multi-session,FULL96,2.0,0.4,0.4,0.0,,,,0.20723129614213623,0.09677743433009736,nan
28dc39ac,28dc39ac,80,431,5,multi-session,FULL96,4.0,0.4,0.4,0.0,0.4000000000000001,0.4000000000000001,0.0,0.20723129614213623,0.09677743433009736,nan
29f2956b,29f2956b,81,496,1,single-session-user,LOW48,0.25,1.0,1.0,0.0,1.0,1.0,0.0,0.07706185102537,0.07130384619311309,0.11663582745597224
29f2956b,29f2956b,81,496,1,single-session-user,LOW48,0.5,1.0,1.0,0.0,,,,0.07706185102537,0.07130384619311309,0.11663582745597224
29f2956b,29f2956b,81,496,1,single-session-user,LOW48,1.0,1.0,1.0,0.0,1.0,1.0,0.0,0.07706185102537,0.07130384619311309,0.11663582745597224
29f2956b,29f2956b,81,496,1,single-session-user,LOW48,2.0,1.0,1.0,0.0,,,,0.07706185102537,0.07130384619311309,0.11663582745597224
29f2956b,29f2956b,81,496,1,single-session-user,LOW48,4.0,1.0,1.0,0.0,1.0,1.0,0.0,0.07706185102537,0.07130384619311309,0.11663582745597224
29f2956b,29f2956b,81,496,1,single-session-user,HIGH48,0.25,1.0,1.0,0.0,1.0,1.0,0.0,0.07706185102537,0.11663582745597226,0.07130384619311309
29f2956b,29f2956b,81,496,1,single-session-user,HIGH48,0.5,1.0,1.0,0.0,,,,0.07706185102537,0.11663582745597226,0.07130384619311309
29f2956b,29f2956b,81,496,1,single-session-user,HIGH48,1.0,1.0,1.0,0.0,1.0,1.0,0.0,0.07706185102537,0.11663582745597226,0.07130384619311309
29f2956b,29f2956b,81,496,1,single-session-user,HIGH48,2.0,1.0,1.0,0.0,,,,0.07706185102537,0.11663582745597226,0.07130384619311309
29f2956b,29f2956b,81,496,1,single-session-user,HIGH48,4.0,1.0,1.0,0.0,1.0,1.0,0.0,0.07706185102537,0.11663582745597226,0.07130384619311309
29f2956b,29f2956b,81,496,1,single-session-user,FULL96,0.25,1.0,1.0,0.0,1.0,1.0,0.0,0.07706185102537,0.09666476795676504,nan
29f2956b,29f2956b,81,496,1,single-session-user,FULL96,0.5,1.0,1.0,0.0,,,,0.07706185102537,0.09666476795676504,nan
29f2956b,29f2956b,81,496,1,single-session-user,FULL96,1.0,1.0,1.0,0.0,1.0,1.0,0.0,0.07706185102537,0.09666476795676504,nan
29f2956b,29f2956b,81,496,1,single-session-user,FULL96,2.0,1.0,1.0,0.0,,,,0.07706185102537,0.09666476795676504,nan
29f2956b,29f2956b,81,496,1,single-session-user,FULL96,4.0,1.0,1.0,0.0,1.0,1.0,0.0,0.07706185102537,0.09666476795676504,nan
2a1811e2,2a1811e2,83,479,2,temporal-reasoning,LOW48,0.25,0.5,0.5,0.0,0.5,0.5,0.0,0.06898199842440646,0.06502532556686437,0.11974364117825416
2a1811e2,2a1811e2,83,479,2,temporal-reasoning,LOW48,0.5,0.5,0.5,0.0,,,,0.06898199842440646,0.06502532556686437,0.11974364117825416
2a1811e2,2a1811e2,83,479,2,temporal-reasoning,LOW48,1.0,0.5,0.0,0.5,0.5,0.0,0.5,0.06898199842440646,0.06502532556686437,0.11974364117825416
2a1811e2,2a1811e2,83,479,2,temporal-reasoning,LOW48,2.0,0.5,0.5,0.0,,,,0.06898199842440646,0.06502532556686437,0.11974364117825416
2a1811e2,2a1811e2,83,479,2,temporal-reasoning,LOW48,4.0,0.5,0.5,0.0,0.5,0.5,0.0,0.06898199842440646,0.06502532556686437,0.11974364117825416
2a1811e2,2a1811e2,83,479,2,temporal-reasoning,HIGH48,0.25,0.5,0.5,0.0,0.5,0.5,0.0,0.06898199842440646,0.11974364117825416,0.06502532556686437
2a1811e2,2a1811e2,83,479,2,temporal-reasoning,HIGH48,0.5,0.5,0.5,0.0,,,,0.06898199842440646,0.11974364117825416,0.06502532556686437
2a1811e2,2a1811e2,83,479,2,temporal-reasoning,HIGH48,1.0,0.5,0.0,0.5,0.5,0.0,0.5,0.06898199842440646,0.11974364117825416,0.06502532556686437
2a1811e2,2a1811e2,83,479,2,temporal-reasoning,HIGH48,2.0,0.5,0.5,0.0,,,,0.06898199842440646,0.11974364117825416,0.06502532556686437
2a1811e2,2a1811e2,83,479,2,temporal-reasoning,HIGH48,4.0,0.5,0.5,0.0,0.5,0.5,0.0,0.06898199842440646,0.11974364117825416,0.06502532556686437
2a1811e2,2a1811e2,83,479,2,temporal-reasoning,FULL96,0.25,0.5,0.0,0.5,0.5,0.0,0.5,0.06898199842440646,0.09635048668196541,nan
2a1811e2,2a1811e2,83,479,2,temporal-reasoning,FULL96,0.5,0.5,0.0,0.5,,,,0.06898199842440646,0.09635048668196541,nan
2a1811e2,2a1811e2,83,479,2,temporal-reasoning,FULL96,1.0,0.5,0.0,0.5,0.5,0.0,0.5,0.06898199842440646,0.09635048668196541,nan
2a1811e2,2a1811e2,83,479,2,temporal-reasoning,FULL96,2.0,0.5,0.0,0.5,,,,0.06898199842440646,0.09635048668196541,nan
2a1811e2,2a1811e2,83,479,2,temporal-reasoning,FULL96,4.0,0.5,0.0,0.5,0.5,0.0,0.5,0.06898199842440646,0.09635048668196541,nan
2b8f3739,2b8f3739,84,491,3,multi-session,LOW48,0.25,0.0,0.0,0.0,0.0,0.0,0.0,0.10284850816754822,0.06889152440920335,0.11721206416218853
2b8f3739,2b8f3739,84,491,3,multi-session,LOW48,0.5,0.0,0.0,0.0,,,,0.10284850816754822,0.06889152440920335,0.11721206416218853
2b8f3739,2b8f3739,84,491,3,multi-session,LOW48,1.0,0.0,0.0,0.0,0.0,0.0,0.0,0.10284850816754822,0.06889152440920335,0.11721206416218853
2b8f3739,2b8f3739,84,491,3,multi-session,LOW48,2.0,0.0,0.3333333333333333,-0.3333333333333333,,,,0.10284850816754822,0.06889152440920335,0.11721206416218853
2b8f3739,2b8f3739,84,491,3,multi-session,LOW48,4.0,0.0,0.3333333333333333,-0.3333333333333333,0.0,0.3333333333333332,-0.3333333333333332,0.10284850816754822,0.06889152440920335,0.11721206416218853
2b8f3739,2b8f3739,84,491,3,multi-session,HIGH48,0.25,0.0,0.3333333333333333,-0.3333333333333333,0.0,0.3333333333333332,-0.3333333333333332,0.10284850816754822,0.11721206416218852,0.06889152440920333
2b8f3739,2b8f3739,84,491,3,multi-session,HIGH48,0.5,0.0,0.3333333333333333,-0.3333333333333333,,,,0.10284850816754822,0.11721206416218852,0.06889152440920333
2b8f3739,2b8f3739,84,491,3,multi-session,HIGH48,1.0,0.0,0.0,0.0,0.0,0.0,0.0,0.10284850816754822,0.11721206416218852,0.06889152440920333
2b8f3739,2b8f3739,84,491,3,multi-session,HIGH48,2.0,0.0,0.0,0.0,,,,0.10284850816754822,0.11721206416218852,0.06889152440920333
2b8f3739,2b8f3739,84,491,3,multi-session,HIGH48,4.0,0.0,0.0,0.0,0.0,0.0,0.0,0.10284850816754822,0.11721206416218852,0.06889152440920333
2b8f3739,2b8f3739,84,491,3,multi-session,FULL96,0.25,0.0,0.0,0.0,0.0,0.0,0.0,0.10284850816754822,0.09613716794399775,nan
2b8f3739,2b8f3739,84,491,3,multi-session,FULL96,0.5,0.0,0.0,0.0,,,,0.10284850816754822,0.09613716794399775,nan
2b8f3739,2b8f3739,84,491,3,multi-session,FULL96,1.0,0.0,0.0,0.0,0.0,0.0,0.0,0.10284850816754822,0.09613716794399775,nan
2b8f3739,2b8f3739,84,491,3,multi-session,FULL96,2.0,0.0,0.0,0.0,,,,0.10284850816754822,0.09613716794399775,nan
2b8f3739,2b8f3739,84,491,3,multi-session,FULL96,4.0,0.0,0.0,0.0,0.0,0.0,0.0,0.10284850816754822,0.09613716794399775,nan
2bf43736,2bf43736,85,478,1,single-session-assistant,LOW48,0.25,1.0,1.0,0.0,1.0,1.0,0.0,0.08765059509200884,0.07061573109241438,0.11681095762850516
2bf43736,2bf43736,85,478,1,single-session-assistant,LOW48,0.5,1.0,1.0,0.0,,,,0.08765059509200884,0.07061573109241438,0.11681095762850516
2bf43736,2bf43736,85,478,1,single-session-assistant,LOW48,1.0,1.0,1.0,0.0,1.0,1.0,0.0,0.08765059509200884,0.07061573109241438,0.11681095762850516
2bf43736,2bf43736,85,478,1,single-session-assistant,LOW48,2.0,1.0,1.0,0.0,,,,0.08765059509200884,0.07061573109241438,0.11681095762850516
2bf43736,2bf43736,85,478,1,single-session-assistant,LOW48,4.0,1.0,1.0,0.0,1.0,1.0,0.0,0.08765059509200884,0.07061573109241438,0.11681095762850516
2bf43736,2bf43736,85,478,1,single-session-assistant,HIGH48,0.25,1.0,1.0,0.0,1.0,1.0,0.0,0.08765059509200884,0.11681095762850514,0.07061573109241438
2bf43736,2bf43736,85,478,1,single-session-assistant,HIGH48,0.5,1.0,1.0,0.0,,,,0.08765059509200884,0.11681095762850514,0.07061573109241438
2bf43736,2bf43736,85,478,1,single-session-assistant,HIGH48,1.0,1.0,1.0,0.0,1.0,1.0,0.0,0.08765059509200884,0.11681095762850514,0.07061573109241438
2bf43736,2bf43736,85,478,1,single-session-assistant,HIGH48,2.0,1.0,1.0,0.0,,,,0.08765059509200884,0.11681095762850514,0.07061573109241438
2bf43736,2bf43736,85,478,1,single-session-assistant,HIGH48,4.0,1.0,1.0,0.0,1.0,1.0,0.0,0.08765059509200884,0.11681095762850514,0.07061573109241438
2bf43736,2bf43736,85,478,1,single-session-assistant,FULL96,0.25,1.0,1.0,0.0,1.0,1.0,0.0,0.08765059509200884,0.0965178255551911,nan
2bf43736,2bf43736,85,478,1,single-session-assistant,FULL96,0.5,1.0,1.0,0.0,,,,0.08765059509200884,0.0965178255551911,nan
2bf43736,2bf43736,85,478,1,single-session-assistant,FULL96,1.0,1.0,1.0,0.0,1.0,1.0,0.0,0.08765059509200884,0.0965178255551911,nan
2bf43736,2bf43736,85,478,1,single-session-assistant,FULL96,2.0,1.0,1.0,0.0,,,,0.08765059509200884,0.0965178255551911,nan
2bf43736,2bf43736,85,478,1,single-session-assistant,FULL96,4.0,1.0,1.0,0.0,1.0,1.0,0.0,0.08765059509200884,0.0965178255551911,nan
2c63a862,2c63a862,86,529,2,temporal-reasoning,LOW48,0.25,0.25,0.0,0.25,0.2,0.0,0.2,0.07950224431668526,0.058158410696859196,0.12273882553656246
2c63a862,2c63a862,86,529,2,temporal-reasoning,LOW48,0.5,0.25,0.0,0.25,,,,0.07950224431668526,0.058158410696859196,0.12273882553656246
2c63a862,2c63a862,86,529,2,temporal-reasoning,LOW48,1.0,0.25,0.0,0.25,0.2,0.0,0.2,0.07950224431668526,0.058158410696859196,0.12273882553656246
2c63a862,2c63a862,86,529,2,temporal-reasoning,LOW48,2.0,0.25,0.0,0.25,,,,0.07950224431668526,0.058158410696859196,0.12273882553656246
2c63a862,2c63a862,86,529,2,temporal-reasoning,LOW48,4.0,0.25,0.0,0.25,0.2,0.0,0.2,0.07950224431668526,0.058158410696859196,0.12273882553656246
2c63a862,2c63a862,86,529,2,temporal-reasoning,HIGH48,0.25,0.25,0.0,0.25,0.2,0.0,0.2,0.07950224431668526,0.12273882553656247,0.05815841069685919
2c63a862,2c63a862,86,529,2,temporal-reasoning,HIGH48,0.5,0.25,0.0,0.25,,,,0.07950224431668526,0.12273882553656247,0.05815841069685919
2c63a862,2c63a862,86,529,2,temporal-reasoning,HIGH48,1.0,0.25,0.0,0.25,0.2,0.0,0.2,0.07950224431668526,0.12273882553656247,0.05815841069685919
2c63a862,2c63a862,86,529,2,temporal-reasoning,HIGH48,2.0,0.25,0.0,0.25,,,,0.07950224431668526,0.12273882553656247,0.05815841069685919
2c63a862,2c63a862,86,529,2,temporal-reasoning,HIGH48,4.0,0.25,0.0,0.25,0.2,0.0,0.2,0.07950224431668526,0.12273882553656247,0.05815841069685919
2c63a862,2c63a862,86,529,2,temporal-reasoning,FULL96,0.25,0.25,0.0,0.25,0.2,0.0,0.2,0.07950224431668526,0.09603962731310255,nan
2c63a862,2c63a862,86,529,2,temporal-reasoning,FULL96,0.5,0.25,0.0,0.25,,,,0.07950224431668526,0.09603962731310255,nan
2c63a862,2c63a862,86,529,2,temporal-reasoning,FULL96,1.0,0.25,0.0,0.25,0.2,0.0,0.2,0.07950224431668526,0.09603962731310255,nan
2c63a862,2c63a862,86,529,2,temporal-reasoning,FULL96,2.0,0.25,0.0,0.25,,,,0.07950224431668526,0.09603962731310255,nan
2c63a862,2c63a862,86,529,2,temporal-reasoning,FULL96,4.0,0.25,0.0,0.25,0.2,0.0,0.2,0.07950224431668526,0.09603962731310255,nan
2ce6a0f2,2ce6a0f2,87,480,4,multi-session,LOW48,0.25,0.0,0.0,0.0,0.0,0.0,0.0,0.22056680820989255,0.07230430326548093,0.11493517614870785
2ce6a0f2,2ce6a0f2,87,480,4,multi-session,LOW48,0.5,0.0,0.0,0.0,,,,0.22056680820989255,0.07230430326548093,0.11493517614870785
2ce6a0f2,2ce6a0f2,87,480,4,multi-session,LOW48,1.0,0.0,0.0,0.0,0.0,0.0,0.0,0.22056680820989255,0.07230430326548093,0.11493517614870785
2ce6a0f2,2ce6a0f2,87,480,4,multi-session,LOW48,2.0,0.0,0.0,0.0,,,,0.22056680820989255,0.07230430326548093,0.11493517614870785
2ce6a0f2,2ce6a0f2,87,480,4,multi-session,LOW48,4.0,0.0,0.25,-0.25,0.0,0.25,-0.25,0.22056680820989255,0.07230430326548093,0.11493517614870785
2ce6a0f2,2ce6a0f2,87,480,4,multi-session,HIGH48,0.25,0.0,0.25,-0.25,0.0,0.25,-0.25,0.22056680820989255,0.11493517614870785,0.07230430326548094
2ce6a0f2,2ce6a0f2,87,480,4,multi-session,HIGH48,0.5,0.0,0.0,0.0,,,,0.22056680820989255,0.11493517614870785,0.07230430326548094
2ce6a0f2,2ce6a0f2,87,480,4,multi-session,HIGH48,1.0,0.0,0.0,0.0,0.0,0.0,0.0,0.22056680820989255,0.11493517614870785,0.07230430326548094
2ce6a0f2,2ce6a0f2,87,480,4,multi-session,HIGH48,2.0,0.0,0.0,0.0,,,,0.22056680820989255,0.11493517614870785,0.07230430326548094
2ce6a0f2,2ce6a0f2,87,480,4,multi-session,HIGH48,4.0,0.0,0.0,0.0,0.0,0.0,0.0,0.22056680820989255,0.11493517614870785,0.07230430326548094
2ce6a0f2,2ce6a0f2,87,480,4,multi-session,FULL96,0.25,0.0,0.0,0.0,0.0,0.0,0.0,0.22056680820989255,0.09601564192109831,nan
2ce6a0f2,2ce6a0f2,87,480,4,multi-session,FULL96,0.5,0.0,0.0,0.0,,,,0.22056680820989255,0.09601564192109831,nan
2ce6a0f2,2ce6a0f2,87,480,4,multi-session,FULL96,1.0,0.0,0.0,0.0,0.0,0.0,0.0,0.22056680820989255,0.09601564192109831,nan
2ce6a0f2,2ce6a0f2,87,480,4,multi-session,FULL96,2.0,0.0,0.0,0.0,,,,0.22056680820989255,0.09601564192109831,nan
2ce6a0f2,2ce6a0f2,87,480,4,multi-session,FULL96,4.0,0.0,0.0,0.0,0.0,0.0,0.0,0.22056680820989255,0.09601564192109831,nan
2e6d26dc,2e6d26dc,88,494,4,multi-session,LOW48,0.25,0.5,0.25,0.25,0.5,0.25,0.25,0.09028328498817666,0.07743508737126675,0.11190688121366356
2e6d26dc,2e6d26dc,88,494,4,multi-session,LOW48,0.5,0.5,0.25,0.25,,,,0.09028328498817666,0.07743508737126675,0.11190688121366356
2e6d26dc,2e6d26dc,88,494,4,multi-session,LOW48,1.0,0.5,0.0,0.5,0.5,0.0,0.5,0.09028328498817666,0.07743508737126675,0.11190688121366356
2e6d26dc,2e6d26dc,88,494,4,multi-session,LOW48,2.0,0.5,0.0,0.5,,,,0.09028328498817666,0.07743508737126675,0.11190688121366356
2e6d26dc,2e6d26dc,88,494,4,multi-session,LOW48,4.0,0.5,0.0,0.5,0.5,0.0,0.5,0.09028328498817666,0.07743508737126675,0.11190688121366356
2e6d26dc,2e6d26dc,88,494,4,multi-session,HIGH48,0.25,0.5,0.0,0.5,0.5,0.0,0.5,0.09028328498817666,0.11190688121366354,0.07743508737126677
2e6d26dc,2e6d26dc,88,494,4,multi-session,HIGH48,0.5,0.5,0.0,0.5,,,,0.09028328498817666,0.11190688121366354,0.07743508737126677
2e6d26dc,2e6d26dc,88,494,4,multi-session,HIGH48,1.0,0.5,0.0,0.5,0.5,0.0,0.5,0.09028328498817666,0.11190688121366354,0.07743508737126677
2e6d26dc,2e6d26dc,88,494,4,multi-session,HIGH48,2.0,0.5,0.25,0.25,,,,0.09028328498817666,0.11190688121366354,0.07743508737126677
2e6d26dc,2e6d26dc,88,494,4,multi-session,HIGH48,4.0,0.5,0.25,0.25,0.5,0.25,0.25,0.09028328498817666,0.11190688121366354,0.07743508737126677
2e6d26dc,2e6d26dc,88,494,4,multi-session,FULL96,0.25,0.5,0.0,0.5,0.5,0.0,0.5,0.09028328498817666,0.09622718643700626,nan
2e6d26dc,2e6d26dc,88,494,4,multi-session,FULL96,0.5,0.5,0.0,0.5,,,,0.09028328498817666,0.09622718643700626,nan
2e6d26dc,2e6d26dc,88,494,4,multi-session,FULL96,1.0,0.5,0.0,0.5,0.5,0.0,0.5,0.09028328498817666,0.09622718643700626,nan
2e6d26dc,2e6d26dc,88,494,4,multi-session,FULL96,2.0,0.5,0.0,0.5,,,,0.09028328498817666,0.09622718643700626,nan
2e6d26dc,2e6d26dc,88,494,4,multi-session,FULL96,4.0,0.5,0.0,0.5,0.5,0.0,0.5,0.09028328498817666,0.09622718643700626,nan
2ebe6c90,2ebe6c90,89,485,2,temporal-reasoning,LOW48,0.25,1.0,1.0,0.0,1.0,1.0,0.0,0.2403842712368689,0.07552913099316218,0.1138257457225431
2ebe6c90,2ebe6c90,89,485,2,temporal-reasoning,LOW48,0.5,1.0,1.0,0.0,,,,0.2403842712368689,0.07552913099316218,0.1138257457225431
2ebe6c90,2ebe6c90,89,485,2,temporal-reasoning,LOW48,1.0,1.0,1.0,0.0,1.0,1.0,0.0,0.2403842712368689,0.07552913099316218,0.1138257457225431
2ebe6c90,2ebe6c90,89,485,2,temporal-reasoning,LOW48,2.0,1.0,1.0,0.0,,,,0.2403842712368689,0.07552913099316218,0.1138257457225431
2ebe6c90,2ebe6c90,89,485,2,temporal-reasoning,LOW48,4.0,1.0,1.0,0.0,1.0,1.0,0.0,0.2403842712368689,0.07552913099316218,0.1138257457225431
2ebe6c90,2ebe6c90,89,485,2,temporal-reasoning,HIGH48,0.25,1.0,1.0,0.0,1.0,1.0,0.0,0.2403842712368689,0.11382574572254309,0.07552913099316218
2ebe6c90,2ebe6c90,89,485,2,temporal-reasoning,HIGH48,0.5,1.0,1.0,0.0,,,,0.2403842712368689,0.11382574572254309,0.07552913099316218
2ebe6c90,2ebe6c90,89,485,2,temporal-reasoning,HIGH48,1.0,1.0,1.0,0.0,1.0,1.0,0.0,0.2403842712368689,0.11382574572254309,0.07552913099316218
2ebe6c90,2ebe6c90,89,485,2,temporal-reasoning,HIGH48,2.0,1.0,1.0,0.0,,,,0.2403842712368689,0.11382574572254309,0.07552913099316218
2ebe6c90,2ebe6c90,89,485,2,temporal-reasoning,HIGH48,4.0,1.0,1.0,0.0,1.0,1.0,0.0,0.2403842712368689,0.11382574572254309,0.07552913099316218
2ebe6c90,2ebe6c90,89,485,2,temporal-reasoning,FULL96,0.25,1.0,1.0,0.0,1.0,1.0,0.0,0.2403842712368689,0.09659438394098098,nan
2ebe6c90,2ebe6c90,89,485,2,temporal-reasoning,FULL96,0.5,1.0,1.0,0.0,,,,0.2403842712368689,0.09659438394098098,nan
2ebe6c90,2ebe6c90,89,485,2,temporal-reasoning,FULL96,1.0,1.0,1.0,0.0,1.0,1.0,0.0,0.2403842712368689,0.09659438394098098,nan
2ebe6c90,2ebe6c90,89,485,2,temporal-reasoning,FULL96,2.0,1.0,1.0,0.0,,,,0.2403842712368689,0.09659438394098098,nan
2ebe6c90,2ebe6c90,89,485,2,temporal-reasoning,FULL96,4.0,1.0,1.0,0.0,1.0,1.0,0.0,0.2403842712368689,0.09659438394098098,nan
2ebe6c92,2ebe6c92,90,487,2,temporal-reasoning,LOW48,0.25,0.0,0.0,0.0,0.0,0.0,0.0,0.11568115105168737,0.07391703219106782,0.11497636083361526
2ebe6c92,2ebe6c92,90,487,2,temporal-reasoning,LOW48,0.5,0.0,0.0,0.0,,,,0.11568115105168737,0.07391703219106782,0.11497636083361526
2ebe6c92,2ebe6c92,90,487,2,temporal-reasoning,LOW48,1.0,0.0,0.0,0.0,0.0,0.0,0.0,0.11568115105168737,0.07391703219106782,0.11497636083361526
2ebe6c92,2ebe6c92,90,487,2,temporal-reasoning,LOW48,2.0,0.0,0.0,0.0,,,,0.11568115105168737,0.07391703219106782,0.11497636083361526
2ebe6c92,2ebe6c92,90,487,2,temporal-reasoning,LOW48,4.0,0.0,0.0,0.0,0.0,0.0,0.0,0.11568115105168737,0.07391703219106782,0.11497636083361526
2ebe6c92,2ebe6c92,90,487,2,temporal-reasoning,HIGH48,0.25,0.0,0.0,0.0,0.0,0.0,0.0,0.11568115105168737,0.11497636083361527,0.07391703219106782
2ebe6c92,2ebe6c92,90,487,2,temporal-reasoning,HIGH48,0.5,0.0,0.0,0.0,,,,0.11568115105168737,0.11497636083361527,0.07391703219106782
2ebe6c92,2ebe6c92,90,487,2,temporal-reasoning,HIGH48,1.0,0.0,0.0,0.0,0.0,0.0,0.0,0.11568115105168737,0.11497636083361527,0.07391703219106782
2ebe6c92,2ebe6c92,90,487,2,temporal-reasoning,HIGH48,2.0,0.0,0.0,0.0,,,,0.11568115105168737,0.11497636083361527,0.07391703219106782
2ebe6c92,2ebe6c92,90,487,2,temporal-reasoning,HIGH48,4.0,0.0,0.0,0.0,0.0,0.0,0.0,0.11568115105168737,0.11497636083361527,0.07391703219106782
2ebe6c92,2ebe6c92,90,487,2,temporal-reasoning,FULL96,0.25,0.0,0.0,0.0,0.0,0.0,0.0,0.11568115105168737,0.09665218879693582,nan
2ebe6c92,2ebe6c92,90,487,2,temporal-reasoning,FULL96,0.5,0.0,0.0,0.0,,,,0.11568115105168737,0.09665218879693582,nan
2ebe6c92,2ebe6c92,90,487,2,temporal-reasoning,FULL96,1.0,0.0,0.0,0.0,0.0,0.0,0.0,0.11568115105168737,0.09665218879693582,nan
2ebe6c92,2ebe6c92,90,487,2,temporal-reasoning,FULL96,2.0,0.0,0.0,0.0,,,,0.11568115105168737,0.09665218879693582,nan
2ebe6c92,2ebe6c92,90,487,2,temporal-reasoning,FULL96,4.0,0.0,0.0,0.0,0.0,0.0,0.0,0.11568115105168737,0.09665218879693582,nan
311778f1,311778f1,91,500,1,single-session-user,LOW48,0.25,1.0,1.0,0.0,1.0,1.0,0.0,0.081830538530436,0.07457158968651538,0.1144572504935063
311778f1,311778f1,91,500,1,single-session-user,LOW48,0.5,1.0,1.0,0.0,,,,0.081830538530436,0.07457158968651538,0.1144572504935063
311778f1,311778f1,91,500,1,single-session-user,LOW48,1.0,1.0,1.0,0.0,1.0,1.0,0.0,0.081830538530436,0.07457158968651538,0.1144572504935063
311778f1,311778f1,91,500,1,single-session-user,LOW48,2.0,1.0,1.0,0.0,,,,0.081830538530436,0.07457158968651538,0.1144572504935063
311778f1,311778f1,91,500,1,single-session-user,LOW48,4.0,1.0,1.0,0.0,1.0,1.0,0.0,0.081830538530436,0.07457158968651538,0.1144572504935063
311778f1,311778f1,91,500,1,single-session-user,HIGH48,0.25,1.0,1.0,0.0,1.0,1.0,0.0,0.081830538530436,0.11445725049350629,0.07457158968651538
311778f1,311778f1,91,500,1,single-session-user,HIGH48,0.5,1.0,1.0,0.0,,,,0.081830538530436,0.11445725049350629,0.07457158968651538
311778f1,311778f1,91,500,1,single-session-user,HIGH48,1.0,1.0,1.0,0.0,1.0,1.0,0.0,0.081830538530436,0.11445725049350629,0.07457158968651538
311778f1,311778f1,91,500,1,single-session-user,HIGH48,2.0,1.0,1.0,0.0,,,,0.081830538530436,0.11445725049350629,0.07457158968651538
311778f1,311778f1,91,500,1,single-session-user,HIGH48,4.0,1.0,1.0,0.0,1.0,1.0,0.0,0.081830538530436,0.11445725049350629,0.07457158968651538
311778f1,311778f1,91,500,1,single-session-user,FULL96,0.25,1.0,1.0,0.0,1.0,1.0,0.0,0.081830538530436,0.09659550760492759,nan
311778f1,311778f1,91,500,1,single-session-user,FULL96,0.5,1.0,1.0,0.0,,,,0.081830538530436,0.09659550760492759,nan
311778f1,311778f1,91,500,1,single-session-user,FULL96,1.0,1.0,1.0,0.0,1.0,1.0,0.0,0.081830538530436,0.09659550760492759,nan
311778f1,311778f1,91,500,1,single-session-user,FULL96,2.0,1.0,1.0,0.0,,,,0.081830538530436,0.09659550760492759,nan
311778f1,311778f1,91,500,1,single-session-user,FULL96,4.0,1.0,1.0,0.0,1.0,1.0,0.0,0.081830538530436,0.09659550760492759,nan
32260d93,32260d93,92,524,1,single-session-preference,LOW48,0.25,0.6666666666666666,0.0,0.6666666666666666,0.55,0.0,0.55,0.12872744014302026,0.07555479096809736,0.11430586436139485
32260d93,32260d93,92,524,1,single-session-preference,LOW48,0.5,0.6666666666666666,0.0,0.6666666666666666,,,,0.12872744014302026,0.07555479096809736,0.11430586436139485
32260d93,32260d93,92,524,1,single-session-preference,LOW48,1.0,0.6666666666666666,0.0,0.6666666666666666,0.55,0.0,0.55,0.12872744014302026,0.07555479096809736,0.11430586436139485
32260d93,32260d93,92,524,1,single-session-preference,LOW48,2.0,0.6666666666666666,0.0,0.6666666666666666,,,,0.12872744014302026,0.07555479096809736,0.11430586436139485
32260d93,32260d93,92,524,1,single-session-preference,LOW48,4.0,0.6666666666666666,0.0,0.6666666666666666,0.55,0.0,0.55,0.12872744014302026,0.07555479096809736,0.11430586436139485
32260d93,32260d93,92,524,1,single-session-preference,HIGH48,0.25,0.6666666666666666,0.0,0.6666666666666666,0.55,0.0,0.55,0.12872744014302026,0.11430586436139485,0.07555479096809736
32260d93,32260d93,92,524,1,single-session-preference,HIGH48,0.5,0.6666666666666666,0.0,0.6666666666666666,,,,0.12872744014302026,0.11430586436139485,0.07555479096809736
32260d93,32260d93,92,524,1,single-session-preference,HIGH48,1.0,0.6666666666666666,0.0,0.6666666666666666,0.55,0.0,0.55,0.12872744014302026,0.11430586436139485,0.07555479096809736
32260d93,32260d93,92,524,1,single-session-preference,HIGH48,2.0,0.6666666666666666,0.0,0.6666666666666666,,,,0.12872744014302026,0.11430586436139485,0.07555479096809736
32260d93,32260d93,92,524,1,single-session-preference,HIGH48,4.0,0.6666666666666666,0.0,0.6666666666666666,0.55,0.0,0.55,0.12872744014302026,0.11430586436139485,0.07555479096809736
32260d93,32260d93,92,524,1,single-session-preference,FULL96,0.25,0.6666666666666666,0.0,0.6666666666666666,0.55,0.0,0.55,0.12872744014302026,0.09688745291738887,nan
32260d93,32260d93,92,524,1,single-session-preference,FULL96,0.5,0.6666666666666666,0.0,0.6666666666666666,,,,0.12872744014302026,0.09688745291738887,nan
32260d93,32260d93,92,524,1,single-session-preference,FULL96,1.0,0.6666666666666666,0.0,0.6666666666666666,0.55,0.0,0.55,0.12872744014302026,0.09688745291738887,nan
32260d93,32260d93,92,524,1,single-session-preference,FULL96,2.0,0.6666666666666666,0.0,0.6666666666666666,,,,0.12872744014302026,0.09688745291738887,nan
32260d93,32260d93,92,524,1,single-session-preference,FULL96,4.0,0.6666666666666666,0.0,0.6666666666666666,0.55,0.0,0.55,0.12872744014302026,0.09688745291738887,nan
3249768e,3249768e,93,475,1,single-session-assistant,LOW48,0.25,1.0,1.0,0.0,1.0,1.0,0.0,0.052937924681202106,0.06764475024115707,0.1187424342253639
3249768e,3249768e,93,475,1,single-session-assistant,LOW48,0.5,1.0,1.0,0.0,,,,0.052937924681202106,0.06764475024115707,0.1187424342253639
3249768e,3249768e,93,475,1,single-session-assistant,LOW48,1.0,1.0,1.0,0.0,1.0,1.0,0.0,0.052937924681202106,0.06764475024115707,0.1187424342253639
3249768e,3249768e,93,475,1,single-session-assistant,LOW48,2.0,1.0,1.0,0.0,,,,0.052937924681202106,0.06764475024115707,0.1187424342253639
3249768e,3249768e,93,475,1,single-session-assistant,LOW48,4.0,1.0,1.0,0.0,1.0,1.0,0.0,0.052937924681202106,0.06764475024115707,0.1187424342253639
3249768e,3249768e,93,475,1,single-session-assistant,HIGH48,0.25,1.0,1.0,0.0,1.0,1.0,0.0,0.052937924681202106,0.1187424342253639,0.06764475024115706
3249768e,3249768e,93,475,1,single-session-assistant,HIGH48,0.5,1.0,1.0,0.0,,,,0.052937924681202106,0.1187424342253639,0.06764475024115706
3249768e,3249768e,93,475,1,single-session-assistant,HIGH48,1.0,1.0,1.0,0.0,1.0,1.0,0.0,0.052937924681202106,0.1187424342253639,0.06764475024115706
3249768e,3249768e,93,475,1,single-session-assistant,HIGH48,2.0,1.0,1.0,0.0,,,,0.052937924681202106,0.1187424342253639,0.06764475024115706
3249768e,3249768e,93,475,1,single-session-assistant,HIGH48,4.0,1.0,1.0,0.0,1.0,1.0,0.0,0.052937924681202106,0.1187424342253639,0.06764475024115706
3249768e,3249768e,93,475,1,single-session-assistant,FULL96,0.25,1.0,1.0,0.0,1.0,1.0,0.0,0.052937924681202106,0.0966322356177104,nan
3249768e,3249768e,93,475,1,single-session-assistant,FULL96,0.5,1.0,1.0,0.0,,,,0.052937924681202106,0.0966322356177104,nan
3249768e,3249768e,93,475,1,single-session-assistant,FULL96,1.0,1.0,1.0,0.0,1.0,1.0,0.0,0.052937924681202106,0.0966322356177104,nan
3249768e,3249768e,93,475,1,single-session-assistant,FULL96,2.0,1.0,1.0,0.0,,,,0.052937924681202106,0.0966322356177104,nan
3249768e,3249768e,93,475,1,single-session-assistant,FULL96,4.0,1.0,1.0,0.0,1.0,1.0,0.0,0.052937924681202106,0.0966322356177104,nan
352ab8bd,352ab8bd,94,539,1,single-session-assistant,LOW48,0.25,1.0,0.0,1.0,1.0,0.0,1.0,0.28426510705237273,0.07230925042336127,0.11578859461638745
352ab8bd,352ab8bd,94,539,1,single-session-assistant,LOW48,0.5,1.0,0.0,1.0,,,,0.28426510705237273,0.07230925042336127,0.11578859461638745
352ab8bd,352ab8bd,94,539,1,single-session-assistant,LOW48,1.0,1.0,0.0,1.0,1.0,0.0,1.0,0.28426510705237273,0.07230925042336127,0.11578859461638745
352ab8bd,352ab8bd,94,539,1,single-session-assistant,LOW48,2.0,1.0,0.0,1.0,,,,0.28426510705237273,0.07230925042336127,0.11578859461638745
352ab8bd,352ab8bd,94,539,1,single-session-assistant,LOW48,4.0,1.0,0.0,1.0,1.0,0.0,1.0,0.28426510705237273,0.07230925042336127,0.11578859461638745
352ab8bd,352ab8bd,94,539,1,single-session-assistant,HIGH48,0.25,1.0,0.0,1.0,1.0,0.0,1.0,0.28426510705237273,0.11578859461638745,0.07230925042336128
352ab8bd,352ab8bd,94,539,1,single-session-assistant,HIGH48,0.5,1.0,0.0,1.0,,,,0.28426510705237273,0.11578859461638745,0.07230925042336128
352ab8bd,352ab8bd,94,539,1,single-session-assistant,HIGH48,1.0,1.0,0.0,1.0,1.0,0.0,1.0,0.28426510705237273,0.11578859461638745,0.07230925042336128
352ab8bd,352ab8bd,94,539,1,single-session-assistant,HIGH48,2.0,1.0,0.0,1.0,,,,0.28426510705237273,0.11578859461638745,0.07230925042336128
352ab8bd,352ab8bd,94,539,1,single-session-assistant,HIGH48,4.0,1.0,0.0,1.0,1.0,0.0,1.0,0.28426510705237273,0.11578859461638745,0.07230925042336128
352ab8bd,352ab8bd,94,539,1,single-session-assistant,FULL96,0.25,1.0,0.0,1.0,1.0,0.0,1.0,0.28426510705237273,0.09652882041138408,nan
352ab8bd,352ab8bd,94,539,1,single-session-assistant,FULL96,0.5,1.0,0.0,1.0,,,,0.28426510705237273,0.09652882041138408,nan
352ab8bd,352ab8bd,94,539,1,single-session-assistant,FULL96,1.0,1.0,0.0,1.0,1.0,0.0,1.0,0.28426510705237273,0.09652882041138408,nan
352ab8bd,352ab8bd,94,539,1,single-session-assistant,FULL96,2.0,1.0,0.0,1.0,,,,0.28426510705237273,0.09652882041138408,nan
352ab8bd,352ab8bd,94,539,1,single-session-assistant,FULL96,4.0,1.0,0.0,1.0,1.0,0.0,1.0,0.28426510705237273,0.09652882041138408,nan
35a27287,35a27287,95,519,3,single-session-preference,LOW48,0.25,0.3333333333333333,0.6666666666666666,-0.3333333333333333,0.3333333333333332,0.6666666666666664,-0.3333333333333332,0.1747810770401651,0.07557627058058063,0.11394339750674885
35a27287,35a27287,95,519,3,single-session-preference,LOW48,0.5,0.3333333333333333,0.6666666666666666,-0.3333333333333333,,,,0.1747810770401651,0.07557627058058063,0.11394339750674885
35a27287,35a27287,95,519,3,single-session-preference,LOW48,1.0,0.3333333333333333,0.6666666666666666,-0.3333333333333333,0.3333333333333332,0.6666666666666664,-0.3333333333333332,0.1747810770401651,0.07557627058058063,0.11394339750674885
35a27287,35a27287,95,519,3,single-session-preference,LOW48,2.0,0.3333333333333333,0.6666666666666666,-0.3333333333333333,,,,0.1747810770401651,0.07557627058058063,0.11394339750674885
35a27287,35a27287,95,519,3,single-session-preference,LOW48,4.0,0.3333333333333333,0.6666666666666666,-0.3333333333333333,0.3333333333333332,0.6666666666666664,-0.3333333333333332,0.1747810770401651,0.07557627058058063,0.11394339750674885
35a27287,35a27287,95,519,3,single-session-preference,HIGH48,0.25,0.3333333333333333,0.6666666666666666,-0.3333333333333333,0.3333333333333332,0.6666666666666664,-0.3333333333333332,0.1747810770401651,0.11394339750674885,0.07557627058058063
35a27287,35a27287,95,519,3,single-session-preference,HIGH48,0.5,0.3333333333333333,0.6666666666666666,-0.3333333333333333,,,,0.1747810770401651,0.11394339750674885,0.07557627058058063
35a27287,35a27287,95,519,3,single-session-preference,HIGH48,1.0,0.3333333333333333,0.6666666666666666,-0.3333333333333333,0.3333333333333332,0.6666666666666664,-0.3333333333333332,0.1747810770401651,0.11394339750674885,0.07557627058058063
35a27287,35a27287,95,519,3,single-session-preference,HIGH48,2.0,0.3333333333333333,0.6666666666666666,-0.3333333333333333,,,,0.1747810770401651,0.11394339750674885,0.07557627058058063
35a27287,35a27287,95,519,3,single-session-preference,HIGH48,4.0,0.3333333333333333,0.6666666666666666,-0.3333333333333333,0.3333333333333332,0.6666666666666664,-0.3333333333333332,0.1747810770401651,0.11394339750674885,0.07557627058058063
35a27287,35a27287,95,519,3,single-session-preference,FULL96,0.25,0.3333333333333333,0.6666666666666666,-0.3333333333333333,0.3333333333333332,0.6666666666666664,-0.3333333333333332,0.1747810770401651,0.0966821351394613,nan
35a27287,35a27287,95,519,3,single-session-preference,FULL96,0.5,0.3333333333333333,0.6666666666666666,-0.3333333333333333,,,,0.1747810770401651,0.0966821351394613,nan
35a27287,35a27287,95,519,3,single-session-preference,FULL96,1.0,0.3333333333333333,0.6666666666666666,-0.3333333333333333,0.3333333333333332,0.6666666666666664,-0.3333333333333332,0.1747810770401651,0.0966821351394613,nan
35a27287,35a27287,95,519,3,single-session-preference,FULL96,2.0,0.3333333333333333,0.6666666666666666,-0.3333333333333333,,,,0.1747810770401651,0.0966821351394613,nan
35a27287,35a27287,95,519,3,single-session-preference,FULL96,4.0,0.3333333333333333,0.6666666666666666,-0.3333333333333333,0.3333333333333332,0.6666666666666664,-0.3333333333333332,0.1747810770401651,0.0966821351394613,nan
36580ce8,36580ce8,96,545,1,single-session-user,LOW48,0.25,0.5,0.0,0.5,0.55,0.0,0.55,0.10402525238203751,0.07961890398325183,0.11083365177135868
36580ce8,36580ce8,96,545,1,single-session-user,LOW48,0.5,0.5,0.0,0.5,,,,0.10402525238203751,0.07961890398325183,0.11083365177135868
36580ce8,36580ce8,96,545,1,single-session-user,LOW48,1.0,0.5,0.0,0.5,0.55,0.0,0.55,0.10402525238203751,0.07961890398325183,0.11083365177135868
36580ce8,36580ce8,96,545,1,single-session-user,LOW48,2.0,0.5,0.0,0.5,,,,0.10402525238203751,0.07961890398325183,0.11083365177135868
36580ce8,36580ce8,96,545,1,single-session-user,LOW48,4.0,0.5,0.0,0.5,0.55,0.0,0.55,0.10402525238203751,0.07961890398325183,0.11083365177135868
36580ce8,36580ce8,96,545,1,single-session-user,HIGH48,0.25,0.5,0.0,0.5,0.55,0.0,0.55,0.10402525238203751,0.11083365177135868,0.07961890398325185
36580ce8,36580ce8,96,545,1,single-session-user,HIGH48,0.5,0.5,0.0,0.5,,,,0.10402525238203751,0.11083365177135868,0.07961890398325185
36580ce8,36580ce8,96,545,1,single-session-user,HIGH48,1.0,0.5,0.0,0.5,0.55,0.0,0.55,0.10402525238203751,0.11083365177135868,0.07961890398325185
36580ce8,36580ce8,96,545,1,single-session-user,HIGH48,2.0,0.5,0.0,0.5,,,,0.10402525238203751,0.11083365177135868,0.07961890398325185
36580ce8,36580ce8,96,545,1,single-session-user,HIGH48,4.0,0.5,0.0,0.5,0.55,0.0,0.55,0.10402525238203751,0.11083365177135868,0.07961890398325185
36580ce8,36580ce8,96,545,1,single-session-user,FULL96,0.25,0.5,0.0,0.5,0.55,0.0,0.55,0.10402525238203751,0.0964968088500057,nan
36580ce8,36580ce8,96,545,1,single-session-user,FULL96,0.5,0.5,0.0,0.5,,,,0.10402525238203751,0.0964968088500057,nan
36580ce8,36580ce8,96,545,1,single-session-user,FULL96,1.0,0.5,0.0,0.5,0.55,0.0,0.55,0.10402525238203751,0.0964968088500057,nan
36580ce8,36580ce8,96,545,1,single-session-user,FULL96,2.0,0.5,0.0,0.5,,,,0.10402525238203751,0.0964968088500057,nan
36580ce8,36580ce8,96,545,1,single-session-user,FULL96,4.0,0.5,0.0,0.5,0.55,0.0,0.55,0.10402525238203751,0.0964968088500057,nan
36b9f61e,36b9f61e,97,490,3,multi-session,LOW48,0.25,0.0,0.0,0.0,0.0,0.0,0.0,0.08767261522747717,0.07217969890860998,0.11594929419320786
36b9f61e,36b9f61e,97,490,3,multi-session,LOW48,0.5,0.0,0.0,0.0,,,,0.08767261522747717,0.07217969890860998,0.11594929419320786
36b9f61e,36b9f61e,97,490,3,multi-session,LOW48,1.0,0.0,0.0,0.0,0.0,0.0,0.0,0.08767261522747717,0.07217969890860998,0.11594929419320786
36b9f61e,36b9f61e,97,490,3,multi-session,LOW48,2.0,0.0,0.0,0.0,,,,0.08767261522747717,0.07217969890860998,0.11594929419320786
36b9f61e,36b9f61e,97,490,3,multi-session,LOW48,4.0,0.0,0.0,0.0,0.0,0.0,0.0,0.08767261522747717,0.07217969890860998,0.11594929419320786
36b9f61e,36b9f61e,97,490,3,multi-session,HIGH48,0.25,0.0,0.0,0.0,0.0,0.0,0.0,0.08767261522747717,0.11594929419320786,0.07217969890860998
36b9f61e,36b9f61e,97,490,3,multi-session,HIGH48,0.5,0.0,0.0,0.0,,,,0.08767261522747717,0.11594929419320786,0.07217969890860998
36b9f61e,36b9f61e,97,490,3,multi-session,HIGH48,1.0,0.0,0.0,0.0,0.0,0.0,0.0,0.08767261522747717,0.11594929419320786,0.07217969890860998
36b9f61e,36b9f61e,97,490,3,multi-session,HIGH48,2.0,0.0,0.0,0.0,,,,0.08767261522747717,0.11594929419320786,0.07217969890860998
36b9f61e,36b9f61e,97,490,3,multi-session,HIGH48,4.0,0.0,0.0,0.0,0.0,0.0,0.0,0.08767261522747717,0.11594929419320786,0.07217969890860998
36b9f61e,36b9f61e,97,490,3,multi-session,FULL96,0.25,0.0,0.0,0.0,0.0,0.0,0.0,0.08767261522747717,0.09657677712173009,nan
36b9f61e,36b9f61e,97,490,3,multi-session,FULL96,0.5,0.0,0.0,0.0,,,,0.08767261522747717,0.09657677712173009,nan
36b9f61e,36b9f61e,97,490,3,multi-session,FULL96,1.0,0.0,0.0,0.0,0.0,0.0,0.0,0.08767261522747717,0.09657677712173009,nan
36b9f61e,36b9f61e,97,490,3,multi-session,FULL96,2.0,0.0,0.0,0.0,,,,0.08767261522747717,0.09657677712173009,nan
36b9f61e,36b9f61e,97,490,3,multi-session,FULL96,4.0,0.0,0.0,0.0,0.0,0.0,0.0,0.08767261522747717,0.09657677712173009,nan
370a8ff4,370a8ff4,98,498,2,temporal-reasoning,LOW48,0.25,0.5,0.0,0.5,0.5,0.0,0.5,0.1336513049370077,0.07744322218684196,0.11281806070912667
370a8ff4,370a8ff4,98,498,2,temporal-reasoning,LOW48,0.5,0.5,0.5,0.0,,,,0.1336513049370077,0.07744322218684196,0.11281806070912667
370a8ff4,370a8ff4,98,498,2,temporal-reasoning,LOW48,1.0,0.5,0.5,0.0,0.5,0.5,0.0,0.1336513049370077,0.07744322218684196,0.11281806070912667
370a8ff4,370a8ff4,98,498,2,temporal-reasoning,LOW48,2.0,0.5,0.5,0.0,,,,0.1336513049370077,0.07744322218684196,0.11281806070912667
370a8ff4,370a8ff4,98,498,2,temporal-reasoning,LOW48,4.0,0.5,0.5,0.0,0.5,0.5,0.0,0.1336513049370077,0.07744322218684196,0.11281806070912667
370a8ff4,370a8ff4,98,498,2,temporal-reasoning,HIGH48,0.25,0.5,0.5,0.0,0.5,0.5,0.0,0.1336513049370077,0.11281806070912667,0.07744322218684196
370a8ff4,370a8ff4,98,498,2,temporal-reasoning,HIGH48,0.5,0.5,0.5,0.0,,,,0.1336513049370077,0.11281806070912667,0.07744322218684196
370a8ff4,370a8ff4,98,498,2,temporal-reasoning,HIGH48,1.0,0.5,0.5,0.0,0.5,0.5,0.0,0.1336513049370077,0.11281806070912667,0.07744322218684196
370a8ff4,370a8ff4,98,498,2,temporal-reasoning,HIGH48,2.0,0.5,0.5,0.0,,,,0.1336513049370077,0.11281806070912667,0.07744322218684196
370a8ff4,370a8ff4,98,498,2,temporal-reasoning,HIGH48,4.0,0.5,0.0,0.5,0.5,0.0,0.5,0.1336513049370077,0.11281806070912667,0.07744322218684196
370a8ff4,370a8ff4,98,498,2,temporal-reasoning,FULL96,0.25,0.5,0.5,0.0,0.5,0.5,0.0,0.1336513049370077,0.09676096187215369,nan
370a8ff4,370a8ff4,98,498,2,temporal-reasoning,FULL96,0.5,0.5,0.5,0.0,,,,0.1336513049370077,0.09676096187215369,nan
370a8ff4,370a8ff4,98,498,2,temporal-reasoning,FULL96,1.0,0.5,0.5,0.0,0.5,0.5,0.0,0.1336513049370077,0.09676096187215369,nan
370a8ff4,370a8ff4,98,498,2,temporal-reasoning,FULL96,2.0,0.5,0.5,0.0,,,,0.1336513049370077,0.09676096187215369,nan
370a8ff4,370a8ff4,98,498,2,temporal-reasoning,FULL96,4.0,0.5,0.5,0.0,0.5,0.5,0.0,0.1336513049370077,0.09676096187215369,nan
37d43f65,37d43f65,99,533,1,single-session-user,LOW48,0.25,1.0,1.0,0.0,1.0,1.0,0.0,0.06527096485478938,0.0741398771451724,0.11499661002382788
37d43f65,37d43f65,99,533,1,single-session-user,LOW48,0.5,1.0,1.0,0.0,,,,0.06527096485478938,0.0741398771451724,0.11499661002382788
37d43f65,37d43f65,99,533,1,single-session-user,LOW48,1.0,1.0,1.0,0.0,1.0,1.0,0.0,0.06527096485478938,0.0741398771451724,0.11499661002382788
37d43f65,37d43f65,99,533,1,single-session-user,LOW48,2.0,1.0,1.0,0.0,,,,0.06527096485478938,0.0741398771451724,0.11499661002382788
37d43f65,37d43f65,99,533,1,single-session-user,LOW48,4.0,1.0,1.0,0.0,1.0,1.0,0.0,0.06527096485478938,0.0741398771451724,0.11499661002382788
37d43f65,37d43f65,99,533,1,single-session-user,HIGH48,0.25,1.0,1.0,0.0,1.0,1.0,0.0,0.06527096485478938,0.11499661002382788,0.0741398771451724
37d43f65,37d43f65,99,533,1,single-session-user,HIGH48,0.5,1.0,1.0,0.0,,,,0.06527096485478938,0.11499661002382788,0.0741398771451724
37d43f65,37d43f65,99,533,1,single-session-user,HIGH48,1.0,1.0,1.0,0.0,1.0,1.0,0.0,0.06527096485478938,0.11499661002382788,0.0741398771451724
37d43f65,37d43f65,99,533,1,single-session-user,HIGH48,2.0,1.0,1.0,0.0,,,,0.06527096485478938,0.11499661002382788,0.0741398771451724
37d43f65,37d43f65,99,533,1,single-session-user,HIGH48,4.0,1.0,1.0,0.0,1.0,1.0,0.0,0.06527096485478938,0.11499661002382788,0.0741398771451724
37d43f65,37d43f65,99,533,1,single-session-user,FULL96,0.25,1.0,1.0,0.0,1.0,1.0,0.0,0.06527096485478938,0.09674952635561998,nan
37d43f65,37d43f65,99,533,1,single-session-user,FULL96,0.5,1.0,1.0,0.0,,,,0.06527096485478938,0.09674952635561998,nan
37d43f65,37d43f65,99,533,1,single-session-user,FULL96,1.0,1.0,1.0,0.0,1.0,1.0,0.0,0.06527096485478938,0.09674952635561998,nan
37d43f65,37d43f65,99,533,1,single-session-user,FULL96,2.0,1.0,1.0,0.0,,,,0.06527096485478938,0.09674952635561998,nan
37d43f65,37d43f65,99,533,1,single-session-user,FULL96,4.0,1.0,1.0,0.0,1.0,1.0,0.0,0.06527096485478938,0.09674952635561998,nan
37f165cf,37f165cf,100,567,2,multi-session,LOW48,0.25,1.0,0.5,0.5,1.0,0.5,0.5,0.07959501161842535,0.06540514961914123,0.12011892448514286
37f165cf,37f165cf,100,567,2,multi-session,LOW48,0.5,1.0,0.5,0.5,,,,0.07959501161842535,0.06540514961914123,0.12011892448514286
37f165cf,37f165cf,100,567,2,multi-session,LOW48,1.0,1.0,0.5,0.5,1.0,0.5,0.5,0.07959501161842535,0.06540514961914123,0.12011892448514286
37f165cf,37f165cf,100,567,2,multi-session,LOW48,2.0,1.0,0.5,0.5,,,,0.07959501161842535,0.06540514961914123,0.12011892448514286
37f165cf,37f165cf,100,567,2,multi-session,LOW48,4.0,1.0,0.5,0.5,1.0,0.5,0.5,0.07959501161842535,0.06540514961914123,0.12011892448514286
37f165cf,37f165cf,100,567,2,multi-session,HIGH48,0.25,1.0,0.5,0.5,1.0,0.5,0.5,0.07959501161842535,0.12011892448514287,0.06540514961914123
37f165cf,37f165cf,100,567,2,multi-session,HIGH48,0.5,1.0,0.5,0.5,,,,0.07959501161842535,0.12011892448514287,0.06540514961914123
37f165cf,37f165cf,100,567,2,multi-session,HIGH48,1.0,1.0,0.5,0.5,1.0,0.5,0.5,0.07959501161842535,0.12011892448514287,0.06540514961914123
37f165cf,37f165cf,100,567,2,multi-session,HIGH48,2.0,1.0,0.5,0.5,,,,0.07959501161842535,0.12011892448514287,0.06540514961914123
37f165cf,37f165cf,100,567,2,multi-session,HIGH48,4.0,1.0,0.5,0.5,1.0,0.5,0.5,0.07959501161842535,0.12011892448514287,0.06540514961914123
37f165cf,37f165cf,100,567,2,multi-session,FULL96,0.25,1.0,0.5,0.5,1.0,0.5,0.5,0.07959501161842535,0.09671191657745623,nan
37f165cf,37f165cf,100,567,2,multi-session,FULL96,0.5,1.0,0.5,0.5,,,,0.07959501161842535,0.09671191657745623,nan
37f165cf,37f165cf,100,567,2,multi-session,FULL96,1.0,1.0,0.5,0.5,1.0,0.5,0.5,0.07959501161842535,0.09671191657745623,nan
37f165cf,37f165cf,100,567,2,multi-session,FULL96,2.0,1.0,0.5,0.5,,,,0.07959501161842535,0.09671191657745623,nan
37f165cf,37f165cf,100,567,2,multi-session,FULL96,4.0,1.0,0.5,0.5,1.0,0.5,0.5,0.07959501161842535,0.09671191657745623,nan
38146c39,38146c39,101,538,1,single-session-preference,LOW48,0.25,0.0,0.0,0.0,0.0,0.0,0.0,0.07090319049787061,0.07159545567636362,0.11644070570351499
38146c39,38146c39,101,538,1,single-session-preference,LOW48,0.5,0.0,0.0,0.0,,,,0.07090319049787061,0.07159545567636362,0.11644070570351499
38146c39,38146c39,101,538,1,single-session-preference,LOW48,1.0,0.0,0.0,0.0,0.0,0.0,0.0,0.07090319049787061,0.07159545567636362,0.11644070570351499
38146c39,38146c39,101,538,1,single-session-preference,LOW48,2.0,0.0,0.0,0.0,,,,0.07090319049787061,0.07159545567636362,0.11644070570351499
38146c39,38146c39,101,538,1,single-session-preference,LOW48,4.0,0.0,0.0,0.0,0.0,0.0,0.0,0.07090319049787061,0.07159545567636362,0.11644070570351499
38146c39,38146c39,101,538,1,single-session-preference,HIGH48,0.25,0.0,0.0,0.0,0.0,0.0,0.0,0.07090319049787061,0.11644070570351497,0.07159545567636362
38146c39,38146c39,101,538,1,single-session-preference,HIGH48,0.5,0.0,0.0,0.0,,,,0.07090319049787061,0.11644070570351497,0.07159545567636362
38146c39,38146c39,101,538,1,single-session-preference,HIGH48,1.0,0.0,0.0,0.0,0.0,0.0,0.0,0.07090319049787061,0.11644070570351497,0.07159545567636362
38146c39,38146c39,101,538,1,single-session-preference,HIGH48,2.0,0.0,0.0,0.0,,,,0.07090319049787061,0.11644070570351497,0.07159545567636362
38146c39,38146c39,101,538,1,single-session-preference,HIGH48,4.0,0.0,0.0,0.0,0.0,0.0,0.0,0.07090319049787061,0.11644070570351497,0.07159545567636362
38146c39,38146c39,101,538,1,single-session-preference,FULL96,0.25,0.0,0.0,0.0,0.0,0.0,0.0,0.07090319049787061,0.09665492025302885,nan
38146c39,38146c39,101,538,1,single-session-preference,FULL96,0.5,0.0,0.0,0.0,,,,0.07090319049787061,0.09665492025302885,nan
38146c39,38146c39,101,538,1,single-session-preference,FULL96,1.0,0.0,0.0,0.0,0.0,0.0,0.0,0.07090319049787061,0.09665492025302885,nan
38146c39,38146c39,101,538,1,single-session-preference,FULL96,2.0,0.0,0.0,0.0,,,,0.07090319049787061,0.09665492025302885,nan
38146c39,38146c39,101,538,1,single-session-preference,FULL96,4.0,0.0,0.0,0.0,0.0,0.0,0.0,0.07090319049787061,0.09665492025302885,nan
3a704032,3a704032,102,479,2,multi-session,LOW48,0.25,0.0,0.0,0.0,0.0,0.0,0.0,0.0784292590989169,0.07010971490642821,0.11718563623730942
3a704032,3a704032,102,479,2,multi-session,LOW48,0.5,0.0,0.0,0.0,,,,0.0784292590989169,0.07010971490642821,0.11718563623730942
3a704032,3a704032,102,479,2,multi-session,LOW48,1.0,0.0,0.0,0.0,0.0,0.0,0.0,0.0784292590989169,0.07010971490642821,0.11718563623730942
3a704032,3a704032,102,479,2,multi-session,LOW48,2.0,0.0,0.0,0.0,,,,0.0784292590989169,0.07010971490642821,0.11718563623730942
3a704032,3a704032,102,479,2,multi-session,LOW48,4.0,0.0,0.0,0.0,0.0,0.0,0.0,0.0784292590989169,0.07010971490642821,0.11718563623730942
3a704032,3a704032,102,479,2,multi-session,HIGH48,0.25,0.0,0.0,0.0,0.0,0.0,0.0,0.0784292590989169,0.11718563623730943,0.07010971490642821
3a704032,3a704032,102,479,2,multi-session,HIGH48,0.5,0.0,0.0,0.0,,,,0.0784292590989169,0.11718563623730943,0.07010971490642821
3a704032,3a704032,102,479,2,multi-session,HIGH48,1.0,0.0,0.0,0.0,0.0,0.0,0.0,0.0784292590989169,0.11718563623730943,0.07010971490642821
3a704032,3a704032,102,479,2,multi-session,HIGH48,2.0,0.0,0.0,0.0,,,,0.0784292590989169,0.11718563623730943,0.07010971490642821
3a704032,3a704032,102,479,2,multi-session,HIGH48,4.0,0.0,0.0,0.0,0.0,0.0,0.0,0.0784292590989169,0.11718563623730943,0.07010971490642821
3a704032,3a704032,102,479,2,multi-session,FULL96,0.25,0.0,0.0,0.0,0.0,0.0,0.0,0.0784292590989169,0.09656046153732813,nan
3a704032,3a704032,102,479,2,multi-session,FULL96,0.5,0.0,0.0,0.0,,,,0.0784292590989169,0.09656046153732813,nan
3a704032,3a704032,102,479,2,multi-session,FULL96,1.0,0.0,0.0,0.0,0.0,0.0,0.0,0.0784292590989169,0.09656046153732813,nan
3a704032,3a704032,102,479,2,multi-session,FULL96,2.0,0.0,0.0,0.0,,,,0.0784292590989169,0.09656046153732813,nan
3a704032,3a704032,102,479,2,multi-session,FULL96,4.0,0.0,0.0,0.0,0.0,0.0,0.0,0.0784292590989169,0.09656046153732813,nan
3b6f954b,3b6f954b,103,470,1,single-session-user,LOW48,0.25,1.0,1.0,0.0,1.0,1.0,0.0,0.09862097297973119,0.06914522590872384,0.11804555647533278
3b6f954b,3b6f954b,103,470,1,single-session-user,LOW48,0.5,1.0,1.0,0.0,,,,0.09862097297973119,0.06914522590872384,0.11804555647533278
3b6f954b,3b6f954b,103,470,1,single-session-user,LOW48,1.0,1.0,1.0,0.0,1.0,1.0,0.0,0.09862097297973119,0.06914522590872384,0.11804555647533278
3b6f954b,3b6f954b,103,470,1,single-session-user,LOW48,2.0,1.0,1.0,0.0,,,,0.09862097297973119,0.06914522590872384,0.11804555647533278
3b6f954b,3b6f954b,103,470,1,single-session-user,LOW48,4.0,1.0,1.0,0.0,1.0,1.0,0.0,0.09862097297973119,0.06914522590872384,0.11804555647533278
3b6f954b,3b6f954b,103,470,1,single-session-user,HIGH48,0.25,1.0,1.0,0.0,1.0,1.0,0.0,0.09862097297973119,0.11804555647533278,0.06914522590872384
3b6f954b,3b6f954b,103,470,1,single-session-user,HIGH48,0.5,1.0,1.0,0.0,,,,0.09862097297973119,0.11804555647533278,0.06914522590872384
3b6f954b,3b6f954b,103,470,1,single-session-user,HIGH48,1.0,1.0,1.0,0.0,1.0,1.0,0.0,0.09862097297973119,0.11804555647533278,0.06914522590872384
3b6f954b,3b6f954b,103,470,1,single-session-user,HIGH48,2.0,1.0,1.0,0.0,,,,0.09862097297973119,0.11804555647533278,0.06914522590872384
3b6f954b,3b6f954b,103,470,1,single-session-user,HIGH48,4.0,1.0,1.0,0.0,1.0,1.0,0.0,0.09862097297973119,0.11804555647533278,0.06914522590872384
3b6f954b,3b6f954b,103,470,1,single-session-user,FULL96,0.25,1.0,1.0,0.0,1.0,1.0,0.0,0.09862097297973119,0.0967362798270107,nan
3b6f954b,3b6f954b,103,470,1,single-session-user,FULL96,0.5,1.0,1.0,0.0,,,,0.09862097297973119,0.0967362798270107,nan
3b6f954b,3b6f954b,103,470,1,single-session-user,FULL96,1.0,1.0,1.0,0.0,1.0,1.0,0.0,0.09862097297973119,0.0967362798270107,nan
3b6f954b,3b6f954b,103,470,1,single-session-user,FULL96,2.0,1.0,1.0,0.0,,,,0.09862097297973119,0.0967362798270107,nan
3b6f954b,3b6f954b,103,470,1,single-session-user,FULL96,4.0,1.0,1.0,0.0,1.0,1.0,0.0,0.09862097297973119,0.0967362798270107,nan
3ba21379,3ba21379,104,431,2,knowledge-update,LOW48,0.25,0.125,0.0,0.125,0.175,0.0,0.175,0.07252879416597863,0.07478104248548975,0.11472085096393615
3ba21379,3ba21379,104,431,2,knowledge-update,LOW48,0.5,0.125,0.0,0.125,,,,0.07252879416597863,0.07478104248548975,0.11472085096393615
3ba21379,3ba21379,104,431,2,knowledge-update,LOW48,1.0,0.125,0.0,0.125,0.175,0.0,0.175,0.07252879416597863,0.07478104248548975,0.11472085096393615
3ba21379,3ba21379,104,431,2,knowledge-update,LOW48,2.0,0.125,0.0,0.125,,,,0.07252879416597863,0.07478104248548975,0.11472085096393615
3ba21379,3ba21379,104,431,2,knowledge-update,LOW48,4.0,0.125,0.0,0.125,0.175,0.0,0.175,0.07252879416597863,0.07478104248548975,0.11472085096393615
3ba21379,3ba21379,104,431,2,knowledge-update,HIGH48,0.25,0.125,0.0,0.125,0.175,0.0,0.175,0.07252879416597863,0.11472085096393615,0.07478104248548975
3ba21379,3ba21379,104,431,2,knowledge-update,HIGH48,0.5,0.125,0.0,0.125,,,,0.07252879416597863,0.11472085096393615,0.07478104248548975
3ba21379,3ba21379,104,431,2,knowledge-update,HIGH48,1.0,0.125,0.0,0.125,0.175,0.0,0.175,0.07252879416597863,0.11472085096393615,0.07478104248548975
3ba21379,3ba21379,104,431,2,knowledge-update,HIGH48,2.0,0.125,0.0,0.125,,,,0.07252879416597863,0.11472085096393615,0.07478104248548975
3ba21379,3ba21379,104,431,2,knowledge-update,HIGH48,4.0,0.125,0.0,0.125,0.175,0.0,0.175,0.07252879416597863,0.11472085096393615,0.07478104248548975
3ba21379,3ba21379,104,431,2,knowledge-update,FULL96,0.25,0.125,0.0,0.125,0.175,0.0,0.175,0.07252879416597863,0.09683253059046396,nan
3ba21379,3ba21379,104,431,2,knowledge-update,FULL96,0.5,0.125,0.0,0.125,,,,0.07252879416597863,0.09683253059046396,nan
3ba21379,3ba21379,104,431,2,knowledge-update,FULL96,1.0,0.125,0.0,0.125,0.175,0.0,0.175,0.07252879416597863,0.09683253059046396,nan
3ba21379,3ba21379,104,431,2,knowledge-update,FULL96,2.0,0.125,0.0,0.125,,,,0.07252879416597863,0.09683253059046396,nan
3ba21379,3ba21379,104,431,2,knowledge-update,FULL96,4.0,0.125,0.0,0.125,0.175,0.0,0.175,0.07252879416597863,0.09683253059046396,nan
3c1045c8,3c1045c8,105,542,2,multi-session,LOW48,0.25,0.75,0.5,0.25,0.725,0.5,0.22499999999999998,0.07019147431297515,0.07019145262447744,0.11740962134580081
3c1045c8,3c1045c8,105,542,2,multi-session,LOW48,0.5,0.75,0.5,0.25,,,,0.07019147431297515,0.07019145262447744,0.11740962134580081
3c1045c8,3c1045c8,105,542,2,multi-session,LOW48,1.0,0.75,0.5,0.25,0.725,0.5,0.22499999999999998,0.07019147431297515,0.07019145262447744,0.11740962134580081
3c1045c8,3c1045c8,105,542,2,multi-session,LOW48,2.0,0.75,0.5,0.25,,,,0.07019147431297515,0.07019145262447744,0.11740962134580081
3c1045c8,3c1045c8,105,542,2,multi-session,LOW48,4.0,0.75,0.5,0.25,0.725,0.5,0.22499999999999998,0.07019147431297515,0.07019145262447744,0.11740962134580081
3c1045c8,3c1045c8,105,542,2,multi-session,HIGH48,0.25,0.75,0.5,0.25,0.725,0.5,0.22499999999999998,0.07019147431297515,0.11740962134580081,0.07019145262447744
3c1045c8,3c1045c8,105,542,2,multi-session,HIGH48,0.5,0.75,0.5,0.25,,,,0.07019147431297515,0.11740962134580081,0.07019145262447744
3c1045c8,3c1045c8,105,542,2,multi-session,HIGH48,1.0,0.75,0.5,0.25,0.725,0.5,0.22499999999999998,0.07019147431297515,0.11740962134580081,0.07019145262447744
3c1045c8,3c1045c8,105,542,2,multi-session,HIGH48,2.0,0.75,0.5,0.25,,,,0.07019147431297515,0.11740962134580081,0.07019145262447744
3c1045c8,3c1045c8,105,542,2,multi-session,HIGH48,4.0,0.75,0.5,0.25,0.725,0.5,0.22499999999999998,0.07019147431297515,0.11740962134580081,0.07019145262447744
3c1045c8,3c1045c8,105,542,2,multi-session,FULL96,0.25,0.75,0.5,0.25,0.725,0.5,0.22499999999999998,0.07019147431297515,0.09672605441683897,nan
3c1045c8,3c1045c8,105,542,2,multi-session,FULL96,0.5,0.75,0.5,0.25,,,,0.07019147431297515,0.09672605441683897,nan
3c1045c8,3c1045c8,105,542,2,multi-session,FULL96,1.0,0.75,0.5,0.25,0.725,0.5,0.22499999999999998,0.07019147431297515,0.09672605441683897,nan
3c1045c8,3c1045c8,105,542,2,multi-session,FULL96,2.0,0.75,0.5,0.25,,,,0.07019147431297515,0.09672605441683897,nan
3c1045c8,3c1045c8,105,542,2,multi-session,FULL96,4.0,0.75,0.5,0.25,0.725,0.5,0.22499999999999998,0.07019147431297515,0.09672605441683897,nan
3d86fd0a,3d86fd0a,106,526,1,single-session-user,LOW48,0.25,1.0,0.0,1.0,1.0,0.0,1.0,0.11759274488234385,0.07474503779986393,0.11419320060073429
3d86fd0a,3d86fd0a,106,526,1,single-session-user,LOW48,0.5,1.0,0.0,1.0,,,,0.11759274488234385,0.07474503779986393,0.11419320060073429
3d86fd0a,3d86fd0a,106,526,1,single-session-user,LOW48,1.0,1.0,0.0,1.0,1.0,0.0,1.0,0.11759274488234385,0.07474503779986393,0.11419320060073429
3d86fd0a,3d86fd0a,106,526,1,single-session-user,LOW48,2.0,1.0,0.0,1.0,,,,0.11759274488234385,0.07474503779986393,0.11419320060073429
3d86fd0a,3d86fd0a,106,526,1,single-session-user,LOW48,4.0,1.0,1.0,0.0,1.0,1.0,0.0,0.11759274488234385,0.07474503779986393,0.11419320060073429
3d86fd0a,3d86fd0a,106,526,1,single-session-user,HIGH48,0.25,1.0,1.0,0.0,1.0,1.0,0.0,0.11759274488234385,0.11419320060073428,0.07474503779986393
3d86fd0a,3d86fd0a,106,526,1,single-session-user,HIGH48,0.5,1.0,0.0,1.0,,,,0.11759274488234385,0.11419320060073428,0.07474503779986393
3d86fd0a,3d86fd0a,106,526,1,single-session-user,HIGH48,1.0,1.0,0.0,1.0,1.0,0.0,1.0,0.11759274488234385,0.11419320060073428,0.07474503779986393
3d86fd0a,3d86fd0a,106,526,1,single-session-user,HIGH48,2.0,1.0,0.0,1.0,,,,0.11759274488234385,0.11419320060073428,0.07474503779986393
3d86fd0a,3d86fd0a,106,526,1,single-session-user,HIGH48,4.0,1.0,0.0,1.0,1.0,0.0,1.0,0.11759274488234385,0.11419320060073428,0.07474503779986393
3d86fd0a,3d86fd0a,106,526,1,single-session-user,FULL96,0.25,1.0,0.0,1.0,1.0,0.0,1.0,0.11759274488234385,0.0965062374645873,nan
3d86fd0a,3d86fd0a,106,526,1,single-session-user,FULL96,0.5,1.0,0.0,1.0,,,,0.11759274488234385,0.0965062374645873,nan
3d86fd0a,3d86fd0a,106,526,1,single-session-user,FULL96,1.0,1.0,0.0,1.0,1.0,0.0,1.0,0.11759274488234385,0.0965062374645873,nan
3d86fd0a,3d86fd0a,106,526,1,single-session-user,FULL96,2.0,1.0,0.0,1.0,,,,0.11759274488234385,0.0965062374645873,nan
3d86fd0a,3d86fd0a,106,526,1,single-session-user,FULL96,4.0,1.0,0.0,1.0,1.0,0.0,1.0,0.11759274488234385,0.0965062374645873,nan
3e321797,3e321797,107,490,1,single-session-assistant,LOW48,0.25,1.0,1.0,0.0,1.0,1.0,0.0,0.11129581820236673,0.07895110858545804,0.11168446125758773
3e321797,3e321797,107,490,1,single-session-assistant,LOW48,0.5,1.0,0.0,1.0,,,,0.11129581820236673,0.07895110858545804,0.11168446125758773
3e321797,3e321797,107,490,1,single-session-assistant,LOW48,1.0,1.0,0.0,1.0,1.0,0.0,1.0,0.11129581820236673,0.07895110858545804,0.11168446125758773
3e321797,3e321797,107,490,1,single-session-assistant,LOW48,2.0,1.0,0.0,1.0,,,,0.11129581820236673,0.07895110858545804,0.11168446125758773
3e321797,3e321797,107,490,1,single-session-assistant,LOW48,4.0,1.0,1.0,0.0,1.0,1.0,0.0,0.11129581820236673,0.07895110858545804,0.11168446125758773
3e321797,3e321797,107,490,1,single-session-assistant,HIGH48,0.25,1.0,1.0,0.0,1.0,1.0,0.0,0.11129581820236673,0.11168446125758774,0.07895110858545804
3e321797,3e321797,107,490,1,single-session-assistant,HIGH48,0.5,1.0,0.0,1.0,,,,0.11129581820236673,0.11168446125758774,0.07895110858545804
3e321797,3e321797,107,490,1,single-session-assistant,HIGH48,1.0,1.0,0.0,1.0,1.0,0.0,1.0,0.11129581820236673,0.11168446125758774,0.07895110858545804
3e321797,3e321797,107,490,1,single-session-assistant,HIGH48,2.0,1.0,0.0,1.0,,,,0.11129581820236673,0.11168446125758774,0.07895110858545804
3e321797,3e321797,107,490,1,single-session-assistant,HIGH48,4.0,1.0,1.0,0.0,1.0,1.0,0.0,0.11129581820236673,0.11168446125758774,0.07895110858545804
3e321797,3e321797,107,490,1,single-session-assistant,FULL96,0.25,1.0,0.0,1.0,1.0,0.0,1.0,0.11129581820236673,0.09671270969544386,nan
3e321797,3e321797,107,490,1,single-session-assistant,FULL96,0.5,1.0,0.0,1.0,,,,0.11129581820236673,0.09671270969544386,nan
3e321797,3e321797,107,490,1,single-session-assistant,FULL96,1.0,1.0,0.0,1.0,1.0,0.0,1.0,0.11129581820236673,0.09671270969544386,nan
3e321797,3e321797,107,490,1,single-session-assistant,FULL96,2.0,1.0,0.0,1.0,,,,0.11129581820236673,0.09671270969544386,nan
3e321797,3e321797,107,490,1,single-session-assistant,FULL96,4.0,1.0,0.0,1.0,1.0,0.0,1.0,0.11129581820236673,0.09671270969544386,nan
3f1e9474,3f1e9474,108,515,1,single-session-user,LOW48,0.25,1.0,1.0,0.0,1.0,1.0,0.0,0.05716868875766599,0.07100609250714598,0.11664888097169568
3f1e9474,3f1e9474,108,515,1,single-session-user,LOW48,0.5,1.0,1.0,0.0,,,,0.05716868875766599,0.07100609250714598,0.11664888097169568
3f1e9474,3f1e9474,108,515,1,single-session-user,LOW48,1.0,1.0,1.0,0.0,1.0,1.0,0.0,0.05716868875766599,0.07100609250714598,0.11664888097169568
3f1e9474,3f1e9474,108,515,1,single-session-user,LOW48,2.0,1.0,1.0,0.0,,,,0.05716868875766599,0.07100609250714598,0.11664888097169568
3f1e9474,3f1e9474,108,515,1,single-session-user,LOW48,4.0,1.0,1.0,0.0,1.0,1.0,0.0,0.05716868875766599,0.07100609250714598,0.11664888097169568
3f1e9474,3f1e9474,108,515,1,single-session-user,HIGH48,0.25,1.0,1.0,0.0,1.0,1.0,0.0,0.05716868875766599,0.11664888097169569,0.07100609250714598
3f1e9474,3f1e9474,108,515,1,single-session-user,HIGH48,0.5,1.0,1.0,0.0,,,,0.05716868875766599,0.11664888097169569,0.07100609250714598
3f1e9474,3f1e9474,108,515,1,single-session-user,HIGH48,1.0,1.0,1.0,0.0,1.0,1.0,0.0,0.05716868875766599,0.11664888097169569,0.07100609250714598
3f1e9474,3f1e9474,108,515,1,single-session-user,HIGH48,2.0,1.0,1.0,0.0,,,,0.05716868875766599,0.11664888097169569,0.07100609250714598
3f1e9474,3f1e9474,108,515,1,single-session-user,HIGH48,4.0,1.0,1.0,0.0,1.0,1.0,0.0,0.05716868875766599,0.11664888097169569,0.07100609250714598
3f1e9474,3f1e9474,108,515,1,single-session-user,FULL96,0.25,1.0,1.0,0.0,1.0,1.0,0.0,0.05716868875766599,0.09656300172706471,nan
3f1e9474,3f1e9474,108,515,1,single-session-user,FULL96,0.5,1.0,1.0,0.0,,,,0.05716868875766599,0.09656300172706471,nan
3f1e9474,3f1e9474,108,515,1,single-session-user,FULL96,1.0,1.0,1.0,0.0,1.0,1.0,0.0,0.05716868875766599,0.09656300172706471,nan
3f1e9474,3f1e9474,108,515,1,single-session-user,FULL96,2.0,1.0,1.0,0.0,,,,0.05716868875766599,0.09656300172706471,nan
3f1e9474,3f1e9474,108,515,1,single-session-user,FULL96,4.0,1.0,1.0,0.0,1.0,1.0,0.0,0.05716868875766599,0.09656300172706471,nan
3fdac837,3fdac837,109,453,2,multi-session,LOW48,0.25,0.0,0.0,0.0,0.0,0.0,0.0,0.07151216737935731,0.06681873602748487,0.11906559482751465
3fdac837,3fdac837,109,453,2,multi-session,LOW48,0.5,0.0,0.0,0.0,,,,0.07151216737935731,0.06681873602748487,0.11906559482751465
3fdac837,3fdac837,109,453,2,multi-session,LOW48,1.0,0.0,0.0,0.0,0.0,0.0,0.0,0.07151216737935731,0.06681873602748487,0.11906559482751465
3fdac837,3fdac837,109,453,2,multi-session,LOW48,2.0,0.0,0.0,0.0,,,,0.07151216737935731,0.06681873602748487,0.11906559482751465
3fdac837,3fdac837,109,453,2,multi-session,LOW48,4.0,0.0,0.0,0.0,0.0,0.0,0.0,0.07151216737935731,0.06681873602748487,0.11906559482751465
3fdac837,3fdac837,109,453,2,multi-session,HIGH48,0.25,0.0,0.0,0.0,0.0,0.0,0.0,0.07151216737935731,0.11906559482751465,0.06681873602748487
3fdac837,3fdac837,109,453,2,multi-session,HIGH48,0.5,0.0,0.0,0.0,,,,0.07151216737935731,0.11906559482751465,0.06681873602748487
3fdac837,3fdac837,109,453,2,multi-session,HIGH48,1.0,0.0,0.0,0.0,0.0,0.0,0.0,0.07151216737935731,0.11906559482751465,0.06681873602748487
3fdac837,3fdac837,109,453,2,multi-session,HIGH48,2.0,0.0,0.0,0.0,,,,0.07151216737935731,0.11906559482751465,0.06681873602748487
3fdac837,3fdac837,109,453,2,multi-session,HIGH48,4.0,0.0,0.0,0.0,0.0,0.0,0.0,0.07151216737935731,0.11906559482751465,0.06681873602748487
3fdac837,3fdac837,109,453,2,multi-session,FULL96,0.25,0.0,0.0,0.0,0.0,0.0,0.0,0.07151216737935731,0.09654366720800642,nan
3fdac837,3fdac837,109,453,2,multi-session,FULL96,0.5,0.0,0.0,0.0,,,,0.07151216737935731,0.09654366720800642,nan
3fdac837,3fdac837,109,453,2,multi-session,FULL96,1.0,0.0,0.0,0.0,0.0,0.0,0.0,0.07151216737935731,0.09654366720800642,nan
3fdac837,3fdac837,109,453,2,multi-session,FULL96,2.0,0.0,0.0,0.0,,,,0.07151216737935731,0.09654366720800642,nan
3fdac837,3fdac837,109,453,2,multi-session,FULL96,4.0,0.0,0.0,0.0,0.0,0.0,0.0,0.07151216737935731,0.09654366720800642,nan
3fe836c9,3fe836c9,110,449,2,multi-session,LOW48,0.25,0.5,0.5,0.0,0.5,0.5,0.0,0.08019218279369805,0.07531618745529736,0.11390477128991854
3fe836c9,3fe836c9,110,449,2,multi-session,LOW48,0.5,0.5,0.5,0.0,,,,0.08019218279369805,0.07531618745529736,0.11390477128991854
3fe836c9,3fe836c9,110,449,2,multi-session,LOW48,1.0,0.5,0.5,0.0,0.5,0.5,0.0,0.08019218279369805,0.07531618745529736,0.11390477128991854
3fe836c9,3fe836c9,110,449,2,multi-session,LOW48,2.0,0.5,0.5,0.0,,,,0.08019218279369805,0.07531618745529736,0.11390477128991854
3fe836c9,3fe836c9,110,449,2,multi-session,LOW48,4.0,0.5,0.5,0.0,0.5,0.5,0.0,0.08019218279369805,0.07531618745529736,0.11390477128991854
3fe836c9,3fe836c9,110,449,2,multi-session,HIGH48,0.25,0.5,0.5,0.0,0.5,0.5,0.0,0.08019218279369805,0.11390477128991854,0.07531618745529736
3fe836c9,3fe836c9,110,449,2,multi-session,HIGH48,0.5,0.5,0.5,0.0,,,,0.08019218279369805,0.11390477128991854,0.07531618745529736
3fe836c9,3fe836c9,110,449,2,multi-session,HIGH48,1.0,0.5,0.5,0.0,0.5,0.5,0.0,0.08019218279369805,0.11390477128991854,0.07531618745529736
3fe836c9,3fe836c9,110,449,2,multi-session,HIGH48,2.0,0.5,0.5,0.0,,,,0.08019218279369805,0.11390477128991854,0.07531618745529736
3fe836c9,3fe836c9,110,449,2,multi-session,HIGH48,4.0,0.5,0.5,0.0,0.5,0.5,0.0,0.08019218279369805,0.11390477128991854,0.07531618745529736
3fe836c9,3fe836c9,110,449,2,multi-session,FULL96,0.25,0.5,0.5,0.0,0.5,0.5,0.0,0.08019218279369805,0.09655781950575038,nan
3fe836c9,3fe836c9,110,449,2,multi-session,FULL96,0.5,0.5,0.5,0.0,,,,0.08019218279369805,0.09655781950575038,nan
3fe836c9,3fe836c9,110,449,2,multi-session,FULL96,1.0,0.5,0.5,0.0,0.5,0.5,0.0,0.08019218279369805,0.09655781950575038,nan
3fe836c9,3fe836c9,110,449,2,multi-session,FULL96,2.0,0.5,0.5,0.0,,,,0.08019218279369805,0.09655781950575038,nan
3fe836c9,3fe836c9,110,449,2,multi-session,FULL96,4.0,0.5,0.5,0.0,0.5,0.5,0.0,0.08019218279369805,0.09655781950575038,nan
4100d0a0,4100d0a0,111,523,1,single-session-user,LOW48,0.25,0.6666666666666666,1.0,-0.33333333333333337,0.7,1.0,-0.30000000000000004,0.10346464249212937,0.06522030035387365,0.12008830675633964
4100d0a0,4100d0a0,111,523,1,single-session-user,LOW48,0.5,0.6666666666666666,1.0,-0.33333333333333337,,,,0.10346464249212937,0.06522030035387365,0.12008830675633964
4100d0a0,4100d0a0,111,523,1,single-session-user,LOW48,1.0,0.6666666666666666,1.0,-0.33333333333333337,0.7,1.0,-0.30000000000000004,0.10346464249212937,0.06522030035387365,0.12008830675633964
4100d0a0,4100d0a0,111,523,1,single-session-user,LOW48,2.0,0.6666666666666666,1.0,-0.33333333333333337,,,,0.10346464249212937,0.06522030035387365,0.12008830675633964
4100d0a0,4100d0a0,111,523,1,single-session-user,LOW48,4.0,0.6666666666666666,1.0,-0.33333333333333337,0.7,1.0,-0.30000000000000004,0.10346464249212937,0.06522030035387365,0.12008830675633964
4100d0a0,4100d0a0,111,523,1,single-session-user,HIGH48,0.25,0.6666666666666666,1.0,-0.33333333333333337,0.7,1.0,-0.30000000000000004,0.10346464249212937,0.12008830675633965,0.06522030035387363
4100d0a0,4100d0a0,111,523,1,single-session-user,HIGH48,0.5,0.6666666666666666,1.0,-0.33333333333333337,,,,0.10346464249212937,0.12008830675633965,0.06522030035387363
4100d0a0,4100d0a0,111,523,1,single-session-user,HIGH48,1.0,0.6666666666666666,1.0,-0.33333333333333337,0.7,1.0,-0.30000000000000004,0.10346464249212937,0.12008830675633965,0.06522030035387363
4100d0a0,4100d0a0,111,523,1,single-session-user,HIGH48,2.0,0.6666666666666666,1.0,-0.33333333333333337,,,,0.10346464249212937,0.12008830675633965,0.06522030035387363
4100d0a0,4100d0a0,111,523,1,single-session-user,HIGH48,4.0,0.6666666666666666,1.0,-0.33333333333333337,0.7,1.0,-0.30000000000000004,0.10346464249212937,0.12008830675633965,0.06522030035387363
4100d0a0,4100d0a0,111,523,1,single-session-user,FULL96,0.25,0.6666666666666666,1.0,-0.33333333333333337,0.7,1.0,-0.30000000000000004,0.10346464249212937,0.0966304532687657,nan
4100d0a0,4100d0a0,111,523,1,single-session-user,FULL96,0.5,0.6666666666666666,1.0,-0.33333333333333337,,,,0.10346464249212937,0.0966304532687657,nan
4100d0a0,4100d0a0,111,523,1,single-session-user,FULL96,1.0,0.6666666666666666,1.0,-0.33333333333333337,0.7,1.0,-0.30000000000000004,0.10346464249212937,0.0966304532687657,nan
4100d0a0,4100d0a0,111,523,1,single-session-user,FULL96,2.0,0.6666666666666666,1.0,-0.33333333333333337,,,,0.10346464249212937,0.0966304532687657,nan
4100d0a0,4100d0a0,111,523,1,single-session-user,FULL96,4.0,0.6666666666666666,1.0,-0.33333333333333337,0.7,1.0,-0.30000000000000004,0.10346464249212937,0.0966304532687657,nan
41275add,41275add,112,531,1,single-session-assistant,LOW48,0.25,1.0,1.0,0.0,1.0,1.0,0.0,0.06442675150245615,0.07764890119068416,0.11196376836101532
41275add,41275add,112,531,1,single-session-assistant,LOW48,0.5,1.0,1.0,0.0,,,,0.06442675150245615,0.07764890119068416,0.11196376836101532
41275add,41275add,112,531,1,single-session-assistant,LOW48,1.0,1.0,1.0,0.0,1.0,1.0,0.0,0.06442675150245615,0.07764890119068416,0.11196376836101532
41275add,41275add,112,531,1,single-session-assistant,LOW48,2.0,1.0,1.0,0.0,,,,0.06442675150245615,0.07764890119068416,0.11196376836101532
41275add,41275add,112,531,1,single-session-assistant,LOW48,4.0,1.0,1.0,0.0,1.0,1.0,0.0,0.06442675150245615,0.07764890119068416,0.11196376836101532
41275add,41275add,112,531,1,single-session-assistant,HIGH48,0.25,1.0,1.0,0.0,1.0,1.0,0.0,0.06442675150245615,0.11196376836101532,0.07764890119068416
41275add,41275add,112,531,1,single-session-assistant,HIGH48,0.5,1.0,1.0,0.0,,,,0.06442675150245615,0.11196376836101532,0.07764890119068416
41275add,41275add,112,531,1,single-session-assistant,HIGH48,1.0,1.0,1.0,0.0,1.0,1.0,0.0,0.06442675150245615,0.11196376836101532,0.07764890119068416
41275add,41275add,112,531,1,single-session-assistant,HIGH48,2.0,1.0,1.0,0.0,,,,0.06442675150245615,0.11196376836101532,0.07764890119068416
41275add,41275add,112,531,1,single-session-assistant,HIGH48,4.0,1.0,1.0,0.0,1.0,1.0,0.0,0.06442675150245615,0.11196376836101532,0.07764890119068416
41275add,41275add,112,531,1,single-session-assistant,FULL96,0.25,1.0,1.0,0.0,1.0,1.0,0.0,0.06442675150245615,0.09634634731457059,nan
41275add,41275add,112,531,1,single-session-assistant,FULL96,0.5,1.0,1.0,0.0,,,,0.06442675150245615,0.09634634731457059,nan
41275add,41275add,112,531,1,single-session-assistant,FULL96,1.0,1.0,1.0,0.0,1.0,1.0,0.0,0.06442675150245615,0.09634634731457059,nan
41275add,41275add,112,531,1,single-session-assistant,FULL96,2.0,1.0,1.0,0.0,,,,0.06442675150245615,0.09634634731457059,nan
41275add,41275add,112,531,1,single-session-assistant,FULL96,4.0,1.0,1.0,0.0,1.0,1.0,0.0,0.06442675150245615,0.09634634731457059,nan
41698283,41698283,113,476,2,knowledge-update,LOW48,0.25,0.0,0.5,-0.5,0.0,0.5,-0.5,0.11523544631198233,0.07256385725031637,0.11630834276608051
41698283,41698283,113,476,2,knowledge-update,LOW48,0.5,0.0,0.5,-0.5,,,,0.11523544631198233,0.07256385725031637,0.11630834276608051
41698283,41698283,113,476,2,knowledge-update,LOW48,1.0,0.0,0.5,-0.5,0.0,0.5,-0.5,0.11523544631198233,0.07256385725031637,0.11630834276608051
41698283,41698283,113,476,2,knowledge-update,LOW48,2.0,0.0,0.5,-0.5,,,,0.11523544631198233,0.07256385725031637,0.11630834276608051
41698283,41698283,113,476,2,knowledge-update,LOW48,4.0,0.0,0.5,-0.5,0.0,0.5,-0.5,0.11523544631198233,0.07256385725031637,0.11630834276608051
41698283,41698283,113,476,2,knowledge-update,HIGH48,0.25,0.0,0.5,-0.5,0.0,0.5,-0.5,0.11523544631198233,0.11630834276608051,0.07256385725031637
41698283,41698283,113,476,2,knowledge-update,HIGH48,0.5,0.0,0.5,-0.5,,,,0.11523544631198233,0.11630834276608051,0.07256385725031637
41698283,41698283,113,476,2,knowledge-update,HIGH48,1.0,0.0,0.5,-0.5,0.0,0.5,-0.5,0.11523544631198233,0.11630834276608051,0.07256385725031637
41698283,41698283,113,476,2,knowledge-update,HIGH48,2.0,0.0,0.5,-0.5,,,,0.11523544631198233,0.11630834276608051,0.07256385725031637
41698283,41698283,113,476,2,knowledge-update,HIGH48,4.0,0.0,0.5,-0.5,0.0,0.5,-0.5,0.11523544631198233,0.11630834276608051,0.07256385725031637
41698283,41698283,113,476,2,knowledge-update,FULL96,0.25,0.0,0.5,-0.5,0.0,0.5,-0.5,0.11523544631198233,0.09693591691431087,nan
41698283,41698283,113,476,2,knowledge-update,FULL96,0.5,0.0,0.5,-0.5,,,,0.11523544631198233,0.09693591691431087,nan
41698283,41698283,113,476,2,knowledge-update,FULL96,1.0,0.0,0.5,-0.5,0.0,0.5,-0.5,0.11523544631198233,0.09693591691431087,nan
41698283,41698283,113,476,2,knowledge-update,FULL96,2.0,0.0,0.5,-0.5,,,,0.11523544631198233,0.09693591691431087,nan
41698283,41698283,113,476,2,knowledge-update,FULL96,4.0,0.0,0.5,-0.5,0.0,0.5,-0.5,0.11523544631198233,0.09693591691431087,nan
42ec0761,42ec0761,114,521,2,knowledge-update,LOW48,0.25,0.5,0.5,0.0,0.5,0.5,0.0,0.059065812904463784,0.07090067596323539,0.11700968187420412
42ec0761,42ec0761,114,521,2,knowledge-update,LOW48,0.5,0.5,0.5,0.0,,,,0.059065812904463784,0.07090067596323539,0.11700968187420412
42ec0761,42ec0761,114,521,2,knowledge-update,LOW48,1.0,0.5,0.5,0.0,0.5,0.5,0.0,0.059065812904463784,0.07090067596323539,0.11700968187420412
42ec0761,42ec0761,114,521,2,knowledge-update,LOW48,2.0,0.5,0.5,0.0,,,,0.059065812904463784,0.07090067596323539,0.11700968187420412
42ec0761,42ec0761,114,521,2,knowledge-update,LOW48,4.0,0.5,0.5,0.0,0.5,0.5,0.0,0.059065812904463784,0.07090067596323539,0.11700968187420412
42ec0761,42ec0761,114,521,2,knowledge-update,HIGH48,0.25,0.5,0.5,0.0,0.5,0.5,0.0,0.059065812904463784,0.11700968187420413,0.07090067596323539
42ec0761,42ec0761,114,521,2,knowledge-update,HIGH48,0.5,0.5,0.5,0.0,,,,0.059065812904463784,0.11700968187420413,0.07090067596323539
42ec0761,42ec0761,114,521,2,knowledge-update,HIGH48,1.0,0.5,0.5,0.0,0.5,0.5,0.0,0.059065812904463784,0.11700968187420413,0.07090067596323539
42ec0761,42ec0761,114,521,2,knowledge-update,HIGH48,2.0,0.5,0.5,0.0,,,,0.059065812904463784,0.11700968187420413,0.07090067596323539
42ec0761,42ec0761,114,521,2,knowledge-update,HIGH48,4.0,0.5,0.5,0.0,0.5,0.5,0.0,0.059065812904463784,0.11700968187420413,0.07090067596323539
42ec0761,42ec0761,114,521,2,knowledge-update,FULL96,0.25,0.5,0.5,0.0,0.5,0.5,0.0,0.059065812904463784,0.09674236792725863,nan
42ec0761,42ec0761,114,521,2,knowledge-update,FULL96,0.5,0.5,0.5,0.0,,,,0.059065812904463784,0.09674236792725863,nan
42ec0761,42ec0761,114,521,2,knowledge-update,FULL96,1.0,0.5,0.5,0.0,0.5,0.5,0.0,0.059065812904463784,0.09674236792725863,nan
42ec0761,42ec0761,114,521,2,knowledge-update,FULL96,2.0,0.5,0.5,0.0,,,,0.059065812904463784,0.09674236792725863,nan
42ec0761,42ec0761,114,521,2,knowledge-update,FULL96,4.0,0.5,0.5,0.0,0.5,0.5,0.0,0.059065812904463784,0.09674236792725863,nan
4388e9dd,4388e9dd,115,477,1,single-session-assistant,LOW48,0.25,0.5,1.0,-0.5,0.55,1.0,-0.44999999999999996,0.09699310679031982,0.07174457935809818,0.11666903301161351
4388e9dd,4388e9dd,115,477,1,single-session-assistant,LOW48,0.5,0.5,1.0,-0.5,,,,0.09699310679031982,0.07174457935809818,0.11666903301161351
4388e9dd,4388e9dd,115,477,1,single-session-assistant,LOW48,1.0,0.5,1.0,-0.5,0.55,1.0,-0.44999999999999996,0.09699310679031982,0.07174457935809818,0.11666903301161351
4388e9dd,4388e9dd,115,477,1,single-session-assistant,LOW48,2.0,0.5,1.0,-0.5,,,,0.09699310679031982,0.07174457935809818,0.11666903301161351
4388e9dd,4388e9dd,115,477,1,single-session-assistant,LOW48,4.0,0.5,1.0,-0.5,0.55,1.0,-0.44999999999999996,0.09699310679031982,0.07174457935809818,0.11666903301161351
4388e9dd,4388e9dd,115,477,1,single-session-assistant,HIGH48,0.25,0.5,1.0,-0.5,0.55,1.0,-0.44999999999999996,0.09699310679031982,0.11666903301161352,0.07174457935809818
4388e9dd,4388e9dd,115,477,1,single-session-assistant,HIGH48,0.5,0.5,1.0,-0.5,,,,0.09699310679031982,0.11666903301161352,0.07174457935809818
4388e9dd,4388e9dd,115,477,1,single-session-assistant,HIGH48,1.0,0.5,1.0,-0.5,0.55,1.0,-0.44999999999999996,0.09699310679031982,0.11666903301161352,0.07174457935809818
4388e9dd,4388e9dd,115,477,1,single-session-assistant,HIGH48,2.0,0.5,1.0,-0.5,,,,0.09699310679031982,0.11666903301161352,0.07174457935809818
4388e9dd,4388e9dd,115,477,1,single-session-assistant,HIGH48,4.0,0.5,1.0,-0.5,0.55,1.0,-0.44999999999999996,0.09699310679031982,0.11666903301161352,0.07174457935809818
4388e9dd,4388e9dd,115,477,1,single-session-assistant,FULL96,0.25,0.5,1.0,-0.5,0.55,1.0,-0.44999999999999996,0.09699310679031982,0.09684768435831445,nan
4388e9dd,4388e9dd,115,477,1,single-session-assistant,FULL96,0.5,0.5,1.0,-0.5,,,,0.09699310679031982,0.09684768435831445,nan
4388e9dd,4388e9dd,115,477,1,single-session-assistant,FULL96,1.0,0.5,1.0,-0.5,0.55,1.0,-0.44999999999999996,0.09699310679031982,0.09684768435831445,nan
4388e9dd,4388e9dd,115,477,1,single-session-assistant,FULL96,2.0,0.5,1.0,-0.5,,,,0.09699310679031982,0.09684768435831445,nan
4388e9dd,4388e9dd,115,477,1,single-session-assistant,FULL96,4.0,0.5,1.0,-0.5,0.55,1.0,-0.44999999999999996,0.09699310679031982,0.09684768435831445,nan
45dc21b6,45dc21b6,116,485,2,knowledge-update,LOW48,0.25,1.0,1.0,0.0,1.0,1.0,0.0,0.07230158008636832,0.08012386053733841,0.11049734456141465
45dc21b6,45dc21b6,116,485,2,knowledge-update,LOW48,0.5,1.0,1.0,0.0,,,,0.07230158008636832,0.08012386053733841,0.11049734456141465
45dc21b6,45dc21b6,116,485,2,knowledge-update,LOW48,1.0,1.0,1.0,0.0,1.0,1.0,0.0,0.07230158008636832,0.08012386053733841,0.11049734456141465
45dc21b6,45dc21b6,116,485,2,knowledge-update,LOW48,2.0,1.0,1.0,0.0,,,,0.07230158008636832,0.08012386053733841,0.11049734456141465
45dc21b6,45dc21b6,116,485,2,knowledge-update,LOW48,4.0,1.0,1.0,0.0,1.0,1.0,0.0,0.07230158008636832,0.08012386053733841,0.11049734456141465
45dc21b6,45dc21b6,116,485,2,knowledge-update,HIGH48,0.25,1.0,1.0,0.0,1.0,1.0,0.0,0.07230158008636832,0.11049734456141465,0.08012386053733841
45dc21b6,45dc21b6,116,485,2,knowledge-update,HIGH48,0.5,1.0,1.0,0.0,,,,0.07230158008636832,0.11049734456141465,0.08012386053733841
45dc21b6,45dc21b6,116,485,2,knowledge-update,HIGH48,1.0,1.0,1.0,0.0,1.0,1.0,0.0,0.07230158008636832,0.11049734456141465,0.08012386053733841
45dc21b6,45dc21b6,116,485,2,knowledge-update,HIGH48,2.0,1.0,1.0,0.0,,,,0.07230158008636832,0.11049734456141465,0.08012386053733841
45dc21b6,45dc21b6,116,485,2,knowledge-update,HIGH48,4.0,1.0,1.0,0.0,1.0,1.0,0.0,0.07230158008636832,0.11049734456141465,0.08012386053733841
45dc21b6,45dc21b6,116,485,2,knowledge-update,FULL96,0.25,1.0,1.0,0.0,1.0,1.0,0.0,0.07230158008636832,0.09651294261012575,nan
45dc21b6,45dc21b6,116,485,2,knowledge-update,FULL96,0.5,1.0,1.0,0.0,,,,0.07230158008636832,0.09651294261012575,nan
45dc21b6,45dc21b6,116,485,2,knowledge-update,FULL96,1.0,1.0,1.0,0.0,1.0,1.0,0.0,0.07230158008636832,0.09651294261012575,nan
45dc21b6,45dc21b6,116,485,2,knowledge-update,FULL96,2.0,1.0,1.0,0.0,,,,0.07230158008636832,0.09651294261012575,nan
45dc21b6,45dc21b6,116,485,2,knowledge-update,FULL96,4.0,1.0,1.0,0.0,1.0,1.0,0.0,0.07230158008636832,0.09651294261012575,nan
46a3abf7,46a3abf7,117,503,3,multi-session,LOW48,0.25,0.1111111111111111,0.0,0.1111111111111111,0.11666666666666665,0.0,0.11666666666666665,0.09132135294411999,0.06656417324722022,0.11904789983290005
46a3abf7,46a3abf7,117,503,3,multi-session,LOW48,0.5,0.1111111111111111,0.0,0.1111111111111111,,,,0.09132135294411999,0.06656417324722022,0.11904789983290005
46a3abf7,46a3abf7,117,503,3,multi-session,LOW48,1.0,0.1111111111111111,0.0,0.1111111111111111,0.11666666666666665,0.0,0.11666666666666665,0.09132135294411999,0.06656417324722022,0.11904789983290005
46a3abf7,46a3abf7,117,503,3,multi-session,LOW48,2.0,0.1111111111111111,0.0,0.1111111111111111,,,,0.09132135294411999,0.06656417324722022,0.11904789983290005
46a3abf7,46a3abf7,117,503,3,multi-session,LOW48,4.0,0.1111111111111111,0.3333333333333333,-0.2222222222222222,0.11666666666666665,0.3333333333333332,-0.21666666666666656,0.09132135294411999,0.06656417324722022,0.11904789983290005
46a3abf7,46a3abf7,117,503,3,multi-session,HIGH48,0.25,0.1111111111111111,0.3333333333333333,-0.2222222222222222,0.11666666666666665,0.3333333333333332,-0.21666666666666656,0.09132135294411999,0.11904789983290005,0.06656417324722022
46a3abf7,46a3abf7,117,503,3,multi-session,HIGH48,0.5,0.1111111111111111,0.0,0.1111111111111111,,,,0.09132135294411999,0.11904789983290005,0.06656417324722022
46a3abf7,46a3abf7,117,503,3,multi-session,HIGH48,1.0,0.1111111111111111,0.0,0.1111111111111111,0.11666666666666665,0.0,0.11666666666666665,0.09132135294411999,0.11904789983290005,0.06656417324722022
46a3abf7,46a3abf7,117,503,3,multi-session,HIGH48,2.0,0.1111111111111111,0.0,0.1111111111111111,,,,0.09132135294411999,0.11904789983290005,0.06656417324722022
46a3abf7,46a3abf7,117,503,3,multi-session,HIGH48,4.0,0.1111111111111111,0.0,0.1111111111111111,0.11666666666666665,0.0,0.11666666666666665,0.09132135294411999,0.11904789983290005,0.06656417324722022
46a3abf7,46a3abf7,117,503,3,multi-session,FULL96,0.25,0.1111111111111111,0.0,0.1111111111111111,0.11666666666666665,0.0,0.11666666666666665,0.09132135294411999,0.09644478113073343,nan
46a3abf7,46a3abf7,117,503,3,multi-session,FULL96,0.5,0.1111111111111111,0.0,0.1111111111111111,,,,0.09132135294411999,0.09644478113073343,nan
46a3abf7,46a3abf7,117,503,3,multi-session,FULL96,1.0,0.1111111111111111,0.0,0.1111111111111111,0.11666666666666665,0.0,0.11666666666666665,0.09132135294411999,0.09644478113073343,nan
46a3abf7,46a3abf7,117,503,3,multi-session,FULL96,2.0,0.1111111111111111,0.0,0.1111111111111111,,,,0.09132135294411999,0.09644478113073343,nan
46a3abf7,46a3abf7,117,503,3,multi-session,FULL96,4.0,0.1111111111111111,0.0,0.1111111111111111,0.11666666666666665,0.0,0.11666666666666665,0.09132135294411999,0.09644478113073343,nan
488d3006,488d3006,118,509,1,single-session-assistant,LOW48,0.25,1.0,1.0,0.0,1.0,1.0,0.0,0.05329693594421847,0.07909993097946404,0.11130430569782462
488d3006,488d3006,118,509,1,single-session-assistant,LOW48,0.5,1.0,1.0,0.0,,,,0.05329693594421847,0.07909993097946404,0.11130430569782462
488d3006,488d3006,118,509,1,single-session-assistant,LOW48,1.0,1.0,1.0,0.0,1.0,1.0,0.0,0.05329693594421847,0.07909993097946404,0.11130430569782462
488d3006,488d3006,118,509,1,single-session-assistant,LOW48,2.0,1.0,1.0,0.0,,,,0.05329693594421847,0.07909993097946404,0.11130430569782462
488d3006,488d3006,118,509,1,single-session-assistant,LOW48,4.0,1.0,1.0,0.0,1.0,1.0,0.0,0.05329693594421847,0.07909993097946404,0.11130430569782462
488d3006,488d3006,118,509,1,single-session-assistant,HIGH48,0.25,1.0,1.0,0.0,1.0,1.0,0.0,0.05329693594421847,0.11130430569782461,0.07909993097946404
488d3006,488d3006,118,509,1,single-session-assistant,HIGH48,0.5,1.0,1.0,0.0,,,,0.05329693594421847,0.11130430569782461,0.07909993097946404
488d3006,488d3006,118,509,1,single-session-assistant,HIGH48,1.0,1.0,1.0,0.0,1.0,1.0,0.0,0.05329693594421847,0.11130430569782461,0.07909993097946404
488d3006,488d3006,118,509,1,single-session-assistant,HIGH48,2.0,1.0,1.0,0.0,,,,0.05329693594421847,0.11130430569782461,0.07909993097946404
488d3006,488d3006,118,509,1,single-session-assistant,HIGH48,4.0,1.0,1.0,0.0,1.0,1.0,0.0,0.05329693594421847,0.11130430569782461,0.07909993097946404
488d3006,488d3006,118,509,1,single-session-assistant,FULL96,0.25,1.0,1.0,0.0,1.0,1.0,0.0,0.05329693594421847,0.09655425300790942,nan
488d3006,488d3006,118,509,1,single-session-assistant,FULL96,0.5,1.0,1.0,0.0,,,,0.05329693594421847,0.09655425300790942,nan
488d3006,488d3006,118,509,1,single-session-assistant,FULL96,1.0,1.0,1.0,0.0,1.0,1.0,0.0,0.05329693594421847,0.09655425300790942,nan
488d3006,488d3006,118,509,1,single-session-assistant,FULL96,2.0,1.0,1.0,0.0,,,,0.05329693594421847,0.09655425300790942,nan
488d3006,488d3006,118,509,1,single-session-assistant,FULL96,4.0,1.0,1.0,0.0,1.0,1.0,0.0,0.05329693594421847,0.09655425300790942,nan
4adc0475,4adc0475,119,490,2,multi-session,LOW48,0.25,1.0,1.0,0.0,1.0,1.0,0.0,0.09838795669110102,0.08598878940922822,0.10622660412272895
4adc0475,4adc0475,119,490,2,multi-session,LOW48,0.5,1.0,1.0,0.0,,,,0.09838795669110102,0.08598878940922822,0.10622660412272895
4adc0475,4adc0475,119,490,2,multi-session,LOW48,1.0,1.0,1.0,0.0,1.0,1.0,0.0,0.09838795669110102,0.08598878940922822,0.10622660412272895
4adc0475,4adc0475,119,490,2,multi-session,LOW48,2.0,1.0,1.0,0.0,,,,0.09838795669110102,0.08598878940922822,0.10622660412272895
4adc0475,4adc0475,119,490,2,multi-session,LOW48,4.0,1.0,1.0,0.0,1.0,1.0,0.0,0.09838795669110102,0.08598878940922822,0.10622660412272895
4adc0475,4adc0475,119,490,2,multi-session,HIGH48,0.25,1.0,1.0,0.0,1.0,1.0,0.0,0.09838795669110102,0.10622660412272895,0.08598878940922822
4adc0475,4adc0475,119,490,2,multi-session,HIGH48,0.5,1.0,1.0,0.0,,,,0.09838795669110102,0.10622660412272895,0.08598878940922822
4adc0475,4adc0475,119,490,2,multi-session,HIGH48,1.0,1.0,1.0,0.0,1.0,1.0,0.0,0.09838795669110102,0.10622660412272895,0.08598878940922822
4adc0475,4adc0475,119,490,2,multi-session,HIGH48,2.0,1.0,1.0,0.0,,,,0.09838795669110102,0.10622660412272895,0.08598878940922822
4adc0475,4adc0475,119,490,2,multi-session,HIGH48,4.0,1.0,1.0,0.0,1.0,1.0,0.0,0.09838795669110102,0.10622660412272895,0.08598878940922822
4adc0475,4adc0475,119,490,2,multi-session,FULL96,0.25,1.0,1.0,0.0,1.0,1.0,0.0,0.09838795669110102,0.0966389241649336,nan
4adc0475,4adc0475,119,490,2,multi-session,FULL96,0.5,1.0,1.0,0.0,,,,0.09838795669110102,0.0966389241649336,nan
4adc0475,4adc0475,119,490,2,multi-session,FULL96,1.0,1.0,1.0,0.0,1.0,1.0,0.0,0.09838795669110102,0.0966389241649336,nan
4adc0475,4adc0475,119,490,2,multi-session,FULL96,2.0,1.0,1.0,0.0,,,,0.09838795669110102,0.0966389241649336,nan
4adc0475,4adc0475,119,490,2,multi-session,FULL96,4.0,1.0,1.0,0.0,1.0,1.0,0.0,0.09838795669110102,0.0966389241649336,nan
4b24c848,4b24c848,120,514,2,knowledge-update,LOW48,0.25,0.75,0.5,0.25,0.7,0.5,0.19999999999999996,0.0905659201984162,0.0745101701770382,0.11451559357563162
4b24c848,4b24c848,120,514,2,knowledge-update,LOW48,0.5,0.75,0.5,0.25,,,,0.0905659201984162,0.0745101701770382,0.11451559357563162
4b24c848,4b24c848,120,514,2,knowledge-update,LOW48,1.0,0.75,0.5,0.25,0.7,0.5,0.19999999999999996,0.0905659201984162,0.0745101701770382,0.11451559357563162
4b24c848,4b24c848,120,514,2,knowledge-update,LOW48,2.0,0.75,0.5,0.25,,,,0.0905659201984162,0.0745101701770382,0.11451559357563162
4b24c848,4b24c848,120,514,2,knowledge-update,LOW48,4.0,0.75,0.5,0.25,0.7,0.5,0.19999999999999996,0.0905659201984162,0.0745101701770382,0.11451559357563162
4b24c848,4b24c848,120,514,2,knowledge-update,HIGH48,0.25,0.75,0.5,0.25,0.7,0.5,0.19999999999999996,0.0905659201984162,0.11451559357563161,0.07451017017703819
4b24c848,4b24c848,120,514,2,knowledge-update,HIGH48,0.5,0.75,0.5,0.25,,,,0.0905659201984162,0.11451559357563161,0.07451017017703819
4b24c848,4b24c848,120,514,2,knowledge-update,HIGH48,1.0,0.75,0.5,0.25,0.7,0.5,0.19999999999999996,0.0905659201984162,0.11451559357563161,0.07451017017703819
4b24c848,4b24c848,120,514,2,knowledge-update,HIGH48,2.0,0.75,0.5,0.25,,,,0.0905659201984162,0.11451559357563161,0.07451017017703819
4b24c848,4b24c848,120,514,2,knowledge-update,HIGH48,4.0,0.75,0.5,0.25,0.7,0.5,0.19999999999999996,0.0905659201984162,0.11451559357563161,0.07451017017703819
4b24c848,4b24c848,120,514,2,knowledge-update,FULL96,0.25,0.75,0.5,0.25,0.7,0.5,0.19999999999999996,0.0905659201984162,0.09660638341173536,nan
4b24c848,4b24c848,120,514,2,knowledge-update,FULL96,0.5,0.75,0.5,0.25,,,,0.0905659201984162,0.09660638341173536,nan
4b24c848,4b24c848,120,514,2,knowledge-update,FULL96,1.0,0.75,0.5,0.25,0.7,0.5,0.19999999999999996,0.0905659201984162,0.09660638341173536,nan
4b24c848,4b24c848,120,514,2,knowledge-update,FULL96,2.0,0.75,0.5,0.25,,,,0.0905659201984162,0.09660638341173536,nan
4b24c848,4b24c848,120,514,2,knowledge-update,FULL96,4.0,0.75,0.5,0.25,0.7,0.5,0.19999999999999996,0.0905659201984162,0.09660638341173536,nan
4baee567,4baee567,121,514,1,single-session-assistant,LOW48,0.25,1.0,1.0,0.0,1.0,1.0,0.0,0.060999419975160105,0.06858711996567864,0.1179264103756244
4baee567,4baee567,121,514,1,single-session-assistant,LOW48,0.5,1.0,1.0,0.0,,,,0.060999419975160105,0.06858711996567864,0.1179264103756244
4baee567,4baee567,121,514,1,single-session-assistant,LOW48,1.0,1.0,1.0,0.0,1.0,1.0,0.0,0.060999419975160105,0.06858711996567864,0.1179264103756244
4baee567,4baee567,121,514,1,single-session-assistant,LOW48,2.0,1.0,1.0,0.0,,,,0.060999419975160105,0.06858711996567864,0.1179264103756244
4baee567,4baee567,121,514,1,single-session-assistant,LOW48,4.0,1.0,1.0,0.0,1.0,1.0,0.0,0.060999419975160105,0.06858711996567864,0.1179264103756244
4baee567,4baee567,121,514,1,single-session-assistant,HIGH48,0.25,1.0,1.0,0.0,1.0,1.0,0.0,0.060999419975160105,0.1179264103756244,0.06858711996567864
4baee567,4baee567,121,514,1,single-session-assistant,HIGH48,0.5,1.0,1.0,0.0,,,,0.060999419975160105,0.1179264103756244,0.06858711996567864
4baee567,4baee567,121,514,1,single-session-assistant,HIGH48,1.0,1.0,1.0,0.0,1.0,1.0,0.0,0.060999419975160105,0.1179264103756244,0.06858711996567864
4baee567,4baee567,121,514,1,single-session-assistant,HIGH48,2.0,1.0,1.0,0.0,,,,0.060999419975160105,0.1179264103756244,0.06858711996567864
4baee567,4baee567,121,514,1,single-session-assistant,HIGH48,4.0,1.0,1.0,0.0,1.0,1.0,0.0,0.060999419975160105,0.1179264103756244,0.06858711996567864
4baee567,4baee567,121,514,1,single-session-assistant,FULL96,0.25,1.0,1.0,0.0,1.0,1.0,0.0,0.060999419975160105,0.09646458233275716,nan
4baee567,4baee567,121,514,1,single-session-assistant,FULL96,0.5,1.0,1.0,0.0,,,,0.060999419975160105,0.09646458233275716,nan
4baee567,4baee567,121,514,1,single-session-assistant,FULL96,1.0,1.0,1.0,0.0,1.0,1.0,0.0,0.060999419975160105,0.09646458233275716,nan
4baee567,4baee567,121,514,1,single-session-assistant,FULL96,2.0,1.0,1.0,0.0,,,,0.060999419975160105,0.09646458233275716,nan
4baee567,4baee567,121,514,1,single-session-assistant,FULL96,4.0,1.0,1.0,0.0,1.0,1.0,0.0,0.060999419975160105,0.09646458233275716,nan
4bc144e2,4bc144e2,122,530,2,multi-session,LOW48,0.25,0.0,0.0,0.0,0.0,0.0,0.0,0.10865083858537011,0.06703664377980185,0.11930646619595472
4bc144e2,4bc144e2,122,530,2,multi-session,LOW48,0.5,0.0,0.0,0.0,,,,0.10865083858537011,0.06703664377980185,0.11930646619595472
4bc144e2,4bc144e2,122,530,2,multi-session,LOW48,1.0,0.0,0.0,0.0,0.0,0.0,0.0,0.10865083858537011,0.06703664377980185,0.11930646619595472
4bc144e2,4bc144e2,122,530,2,multi-session,LOW48,2.0,0.0,0.5,-0.5,,,,0.10865083858537011,0.06703664377980185,0.11930646619595472
4bc144e2,4bc144e2,122,530,2,multi-session,LOW48,4.0,0.0,0.5,-0.5,0.0,0.5,-0.5,0.10865083858537011,0.06703664377980185,0.11930646619595472
4bc144e2,4bc144e2,122,530,2,multi-session,HIGH48,0.25,0.0,0.5,-0.5,0.0,0.5,-0.5,0.10865083858537011,0.11930646619595472,0.06703664377980184
4bc144e2,4bc144e2,122,530,2,multi-session,HIGH48,0.5,0.0,0.5,-0.5,,,,0.10865083858537011,0.11930646619595472,0.06703664377980184
4bc144e2,4bc144e2,122,530,2,multi-session,HIGH48,1.0,0.0,0.0,0.0,0.0,0.0,0.0,0.10865083858537011,0.11930646619595472,0.06703664377980184
4bc144e2,4bc144e2,122,530,2,multi-session,HIGH48,2.0,0.0,0.0,0.0,,,,0.10865083858537011,0.11930646619595472,0.06703664377980184
4bc144e2,4bc144e2,122,530,2,multi-session,HIGH48,4.0,0.0,0.0,0.0,0.0,0.0,0.0,0.10865083858537011,0.11930646619595472,0.06703664377980184
4bc144e2,4bc144e2,122,530,2,multi-session,FULL96,0.25,0.0,0.0,0.0,0.0,0.0,0.0,0.10865083858537011,0.09676761980493924,nan
4bc144e2,4bc144e2,122,530,2,multi-session,FULL96,0.5,0.0,0.0,0.0,,,,0.10865083858537011,0.09676761980493924,nan
4bc144e2,4bc144e2,122,530,2,multi-session,FULL96,1.0,0.0,0.0,0.0,0.0,0.0,0.0,0.10865083858537011,0.09676761980493924,nan
4bc144e2,4bc144e2,122,530,2,multi-session,FULL96,2.0,0.0,0.0,0.0,,,,0.10865083858537011,0.09676761980493924,nan
4bc144e2,4bc144e2,122,530,2,multi-session,FULL96,4.0,0.0,0.0,0.0,0.0,0.0,0.0,0.10865083858537011,0.09676761980493924,nan
4c36ccef,4c36ccef,123,521,1,single-session-assistant,LOW48,0.25,0.0,1.0,-1.0,0.0,1.0,-1.0,0.14856084109069212,0.07288407322458754,0.115393406063544
4c36ccef,4c36ccef,123,521,1,single-session-assistant,LOW48,0.5,0.0,1.0,-1.0,,,,0.14856084109069212,0.07288407322458754,0.115393406063544
4c36ccef,4c36ccef,123,521,1,single-session-assistant,LOW48,1.0,0.0,1.0,-1.0,0.0,1.0,-1.0,0.14856084109069212,0.07288407322458754,0.115393406063544
4c36ccef,4c36ccef,123,521,1,single-session-assistant,LOW48,2.0,0.0,1.0,-1.0,,,,0.14856084109069212,0.07288407322458754,0.115393406063544
4c36ccef,4c36ccef,123,521,1,single-session-assistant,LOW48,4.0,0.0,1.0,-1.0,0.0,1.0,-1.0,0.14856084109069212,0.07288407322458754,0.115393406063544
4c36ccef,4c36ccef,123,521,1,single-session-assistant,HIGH48,0.25,0.0,1.0,-1.0,0.0,1.0,-1.0,0.14856084109069212,0.115393406063544,0.07288407322458755
4c36ccef,4c36ccef,123,521,1,single-session-assistant,HIGH48,0.5,0.0,1.0,-1.0,,,,0.14856084109069212,0.115393406063544,0.07288407322458755
4c36ccef,4c36ccef,123,521,1,single-session-assistant,HIGH48,1.0,0.0,1.0,-1.0,0.0,1.0,-1.0,0.14856084109069212,0.115393406063544,0.07288407322458755
4c36ccef,4c36ccef,123,521,1,single-session-assistant,HIGH48,2.0,0.0,1.0,-1.0,,,,0.14856084109069212,0.115393406063544,0.07288407322458755
4c36ccef,4c36ccef,123,521,1,single-session-assistant,HIGH48,4.0,0.0,1.0,-1.0,0.0,1.0,-1.0,0.14856084109069212,0.115393406063544,0.07288407322458755
4c36ccef,4c36ccef,123,521,1,single-session-assistant,FULL96,0.25,0.0,1.0,-1.0,0.0,1.0,-1.0,0.14856084109069212,0.09650835790943961,nan
4c36ccef,4c36ccef,123,521,1,single-session-assistant,FULL96,0.5,0.0,1.0,-1.0,,,,0.14856084109069212,0.09650835790943961,nan
4c36ccef,4c36ccef,123,521,1,single-session-assistant,FULL96,1.0,0.0,1.0,-1.0,0.0,1.0,-1.0,0.14856084109069212,0.09650835790943961,nan
4c36ccef,4c36ccef,123,521,1,single-session-assistant,FULL96,2.0,0.0,1.0,-1.0,,,,0.14856084109069212,0.09650835790943961,nan
4c36ccef,4c36ccef,123,521,1,single-session-assistant,FULL96,4.0,0.0,1.0,-1.0,0.0,1.0,-1.0,0.14856084109069212,0.09650835790943961,nan
4d6b87c8,4d6b87c8,124,516,2,knowledge-update,LOW48,0.25,0.5,0.5,0.0,0.5,0.5,0.0,0.1148178985968053,0.08563666749762897,0.10600958596125654
4d6b87c8,4d6b87c8,124,516,2,knowledge-update,LOW48,0.5,0.5,0.5,0.0,,,,0.1148178985968053,0.08563666749762897,0.10600958596125654
4d6b87c8,4d6b87c8,124,516,2,knowledge-update,LOW48,1.0,0.5,0.5,0.0,0.5,0.5,0.0,0.1148178985968053,0.08563666749762897,0.10600958596125654
4d6b87c8,4d6b87c8,124,516,2,knowledge-update,LOW48,2.0,0.5,0.5,0.0,,,,0.1148178985968053,0.08563666749762897,0.10600958596125654
4d6b87c8,4d6b87c8,124,516,2,knowledge-update,LOW48,4.0,0.5,0.5,0.0,0.5,0.5,0.0,0.1148178985968053,0.08563666749762897,0.10600958596125654
4d6b87c8,4d6b87c8,124,516,2,knowledge-update,HIGH48,0.25,0.5,0.5,0.0,0.5,0.5,0.0,0.1148178985968053,0.10600958596125654,0.08563666749762898
4d6b87c8,4d6b87c8,124,516,2,knowledge-update,HIGH48,0.5,0.5,0.5,0.0,,,,0.1148178985968053,0.10600958596125654,0.08563666749762898
4d6b87c8,4d6b87c8,124,516,2,knowledge-update,HIGH48,1.0,0.5,0.5,0.0,0.5,0.5,0.0,0.1148178985968053,0.10600958596125654,0.08563666749762898
4d6b87c8,4d6b87c8,124,516,2,knowledge-update,HIGH48,2.0,0.5,0.5,0.0,,,,0.1148178985968053,0.10600958596125654,0.08563666749762898
4d6b87c8,4d6b87c8,124,516,2,knowledge-update,HIGH48,4.0,0.5,0.5,0.0,0.5,0.5,0.0,0.1148178985968053,0.10600958596125654,0.08563666749762898
4d6b87c8,4d6b87c8,124,516,2,knowledge-update,FULL96,0.25,0.5,0.5,0.0,0.5,0.5,0.0,0.1148178985968053,0.09636304046618833,nan
4d6b87c8,4d6b87c8,124,516,2,knowledge-update,FULL96,0.5,0.5,0.5,0.0,,,,0.1148178985968053,0.09636304046618833,nan
4d6b87c8,4d6b87c8,124,516,2,knowledge-update,FULL96,1.0,0.5,0.5,0.0,0.5,0.5,0.0,0.1148178985968053,0.09636304046618833,nan
4d6b87c8,4d6b87c8,124,516,2,knowledge-update,FULL96,2.0,0.5,0.5,0.0,,,,0.1148178985968053,0.09636304046618833,nan
4d6b87c8,4d6b87c8,124,516,2,knowledge-update,FULL96,4.0,0.5,0.5,0.0,0.5,0.5,0.0,0.1148178985968053,0.09636304046618833,nan
4dfccbf7,4dfccbf7,125,521,2,temporal-reasoning,LOW48,0.25,0.5,0.5,0.0,0.5,0.5,0.0,0.09675461302286156,0.07819158390926555,0.11190851021424181
4dfccbf7,4dfccbf7,125,521,2,temporal-reasoning,LOW48,0.5,0.5,0.5,0.0,,,,0.09675461302286156,0.07819158390926555,0.11190851021424181
4dfccbf7,4dfccbf7,125,521,2,temporal-reasoning,LOW48,1.0,0.5,0.5,0.0,0.5,0.5,0.0,0.09675461302286156,0.07819158390926555,0.11190851021424181
4dfccbf7,4dfccbf7,125,521,2,temporal-reasoning,LOW48,2.0,0.5,0.5,0.0,,,,0.09675461302286156,0.07819158390926555,0.11190851021424181
4dfccbf7,4dfccbf7,125,521,2,temporal-reasoning,LOW48,4.0,0.5,0.5,0.0,0.5,0.5,0.0,0.09675461302286156,0.07819158390926555,0.11190851021424181
4dfccbf7,4dfccbf7,125,521,2,temporal-reasoning,HIGH48,0.25,0.5,0.5,0.0,0.5,0.5,0.0,0.09675461302286156,0.11190851021424181,0.07819158390926555
4dfccbf7,4dfccbf7,125,521,2,temporal-reasoning,HIGH48,0.5,0.5,0.5,0.0,,,,0.09675461302286156,0.11190851021424181,0.07819158390926555
4dfccbf7,4dfccbf7,125,521,2,temporal-reasoning,HIGH48,1.0,0.5,0.5,0.0,0.5,0.5,0.0,0.09675461302286156,0.11190851021424181,0.07819158390926555
4dfccbf7,4dfccbf7,125,521,2,temporal-reasoning,HIGH48,2.0,0.5,0.5,0.0,,,,0.09675461302286156,0.11190851021424181,0.07819158390926555
4dfccbf7,4dfccbf7,125,521,2,temporal-reasoning,HIGH48,4.0,0.5,0.5,0.0,0.5,0.5,0.0,0.09675461302286156,0.11190851021424181,0.07819158390926555
4dfccbf7,4dfccbf7,125,521,2,temporal-reasoning,FULL96,0.25,0.5,0.5,0.0,0.5,0.5,0.0,0.09675461302286156,0.09653351348783172,nan
4dfccbf7,4dfccbf7,125,521,2,temporal-reasoning,FULL96,0.5,0.5,0.5,0.0,,,,0.09675461302286156,0.09653351348783172,nan
4dfccbf7,4dfccbf7,125,521,2,temporal-reasoning,FULL96,1.0,0.5,0.5,0.0,0.5,0.5,0.0,0.09675461302286156,0.09653351348783172,nan
4dfccbf7,4dfccbf7,125,521,2,temporal-reasoning,FULL96,2.0,0.5,0.5,0.0,,,,0.09675461302286156,0.09653351348783172,nan
4dfccbf7,4dfccbf7,125,521,2,temporal-reasoning,FULL96,4.0,0.5,0.5,0.0,0.5,0.5,0.0,0.09675461302286156,0.09653351348783172,nan
4dfccbf8,4dfccbf8,126,455,1,temporal-reasoning,LOW48,0.25,0.0,0.0,0.0,0.0,0.0,0.0,0.08870987885174697,0.06524645585274738,0.12018566725904557
4dfccbf8,4dfccbf8,126,455,1,temporal-reasoning,LOW48,0.5,0.0,0.0,0.0,,,,0.08870987885174697,0.06524645585274738,0.12018566725904557
4dfccbf8,4dfccbf8,126,455,1,temporal-reasoning,LOW48,1.0,0.0,0.0,0.0,0.0,0.0,0.0,0.08870987885174697,0.06524645585274738,0.12018566725904557
4dfccbf8,4dfccbf8,126,455,1,temporal-reasoning,LOW48,2.0,0.0,0.0,0.0,,,,0.08870987885174697,0.06524645585274738,0.12018566725904557
4dfccbf8,4dfccbf8,126,455,1,temporal-reasoning,LOW48,4.0,0.0,0.0,0.0,0.0,0.0,0.0,0.08870987885174697,0.06524645585274738,0.12018566725904557
4dfccbf8,4dfccbf8,126,455,1,temporal-reasoning,HIGH48,0.25,0.0,0.0,0.0,0.0,0.0,0.0,0.08870987885174697,0.12018566725904559,0.06524645585274737
4dfccbf8,4dfccbf8,126,455,1,temporal-reasoning,HIGH48,0.5,0.0,0.0,0.0,,,,0.08870987885174697,0.12018566725904559,0.06524645585274737
4dfccbf8,4dfccbf8,126,455,1,temporal-reasoning,HIGH48,1.0,0.0,0.0,0.0,0.0,0.0,0.0,0.08870987885174697,0.12018566725904559,0.06524645585274737
4dfccbf8,4dfccbf8,126,455,1,temporal-reasoning,HIGH48,2.0,0.0,0.0,0.0,,,,0.08870987885174697,0.12018566725904559,0.06524645585274737
4dfccbf8,4dfccbf8,126,455,1,temporal-reasoning,HIGH48,4.0,0.0,0.0,0.0,0.0,0.0,0.0,0.08870987885174697,0.12018566725904559,0.06524645585274737
4dfccbf8,4dfccbf8,126,455,1,temporal-reasoning,FULL96,0.25,0.0,0.0,0.0,0.0,0.0,0.0,0.08870987885174697,0.09669977925478045,nan
4dfccbf8,4dfccbf8,126,455,1,temporal-reasoning,FULL96,0.5,0.0,0.0,0.0,,,,0.08870987885174697,0.09669977925478045,nan
4dfccbf8,4dfccbf8,126,455,1,temporal-reasoning,FULL96,1.0,0.0,0.0,0.0,0.0,0.0,0.0,0.08870987885174697,0.09669977925478045,nan
4dfccbf8,4dfccbf8,126,455,1,temporal-reasoning,FULL96,2.0,0.0,0.0,0.0,,,,0.08870987885174697,0.09669977925478045,nan
4dfccbf8,4dfccbf8,126,455,1,temporal-reasoning,FULL96,4.0,0.0,0.0,0.0,0.0,0.0,0.0,0.08870987885174697,0.09669977925478045,nan
4f54b7c9,4f54b7c9,127,491,2,multi-session,LOW48,0.25,0.5,0.0,0.5,0.5,0.0,0.5,0.07225575433018774,0.07378253005851436,0.11524463528090606
4f54b7c9,4f54b7c9,127,491,2,multi-session,LOW48,0.5,0.5,0.0,0.5,,,,0.07225575433018774,0.07378253005851436,0.11524463528090606
4f54b7c9,4f54b7c9,127,491,2,multi-session,LOW48,1.0,0.5,0.5,0.0,0.5,0.5,0.0,0.07225575433018774,0.07378253005851436,0.11524463528090606
4f54b7c9,4f54b7c9,127,491,2,multi-session,LOW48,2.0,0.5,0.5,0.0,,,,0.07225575433018774,0.07378253005851436,0.11524463528090606
4f54b7c9,4f54b7c9,127,491,2,multi-session,LOW48,4.0,0.5,0.5,0.0,0.5,0.5,0.0,0.07225575433018774,0.07378253005851436,0.11524463528090606
4f54b7c9,4f54b7c9,127,491,2,multi-session,HIGH48,0.25,0.5,0.5,0.0,0.5,0.5,0.0,0.07225575433018774,0.11524463528090607,0.07378253005851436
4f54b7c9,4f54b7c9,127,491,2,multi-session,HIGH48,0.5,0.5,0.5,0.0,,,,0.07225575433018774,0.11524463528090607,0.07378253005851436
4f54b7c9,4f54b7c9,127,491,2,multi-session,HIGH48,1.0,0.5,0.5,0.0,0.5,0.5,0.0,0.07225575433018774,0.11524463528090607,0.07378253005851436
4f54b7c9,4f54b7c9,127,491,2,multi-session,HIGH48,2.0,0.5,0.0,0.5,,,,0.07225575433018774,0.11524463528090607,0.07378253005851436
4f54b7c9,4f54b7c9,127,491,2,multi-session,HIGH48,4.0,0.5,0.0,0.5,0.5,0.0,0.5,0.07225575433018774,0.11524463528090607,0.07378253005851436
4f54b7c9,4f54b7c9,127,491,2,multi-session,FULL96,0.25,0.5,0.5,0.0,0.5,0.5,0.0,0.07225575433018774,0.09676049737073655,nan
4f54b7c9,4f54b7c9,127,491,2,multi-session,FULL96,0.5,0.5,0.5,0.0,,,,0.07225575433018774,0.09676049737073655,nan
4f54b7c9,4f54b7c9,127,491,2,multi-session,FULL96,1.0,0.5,0.5,0.0,0.5,0.5,0.0,0.07225575433018774,0.09676049737073655,nan
4f54b7c9,4f54b7c9,127,491,2,multi-session,FULL96,2.0,0.5,0.5,0.0,,,,0.07225575433018774,0.09676049737073655,nan
4f54b7c9,4f54b7c9,127,491,2,multi-session,FULL96,4.0,0.5,0.5,0.0,0.5,0.5,0.0,0.07225575433018774,0.09676049737073655,nan
4fd1909e,4fd1909e,128,554,1,single-session-user,LOW48,0.25,1.0,1.0,0.0,1.0,1.0,0.0,0.08655551735616927,0.0735055060749541,0.11493596212449782
4fd1909e,4fd1909e,128,554,1,single-session-user,LOW48,0.5,1.0,1.0,0.0,,,,0.08655551735616927,0.0735055060749541,0.11493596212449782
4fd1909e,4fd1909e,128,554,1,single-session-user,LOW48,1.0,1.0,1.0,0.0,1.0,1.0,0.0,0.08655551735616927,0.0735055060749541,0.11493596212449782
4fd1909e,4fd1909e,128,554,1,single-session-user,LOW48,2.0,1.0,1.0,0.0,,,,0.08655551735616927,0.0735055060749541,0.11493596212449782
4fd1909e,4fd1909e,128,554,1,single-session-user,LOW48,4.0,1.0,1.0,0.0,1.0,1.0,0.0,0.08655551735616927,0.0735055060749541,0.11493596212449782
4fd1909e,4fd1909e,128,554,1,single-session-user,HIGH48,0.25,1.0,1.0,0.0,1.0,1.0,0.0,0.08655551735616927,0.11493596212449782,0.07350550607495411
4fd1909e,4fd1909e,128,554,1,single-session-user,HIGH48,0.5,1.0,1.0,0.0,,,,0.08655551735616927,0.11493596212449782,0.07350550607495411
4fd1909e,4fd1909e,128,554,1,single-session-user,HIGH48,1.0,1.0,1.0,0.0,1.0,1.0,0.0,0.08655551735616927,0.11493596212449782,0.07350550607495411
4fd1909e,4fd1909e,128,554,1,single-session-user,HIGH48,2.0,1.0,1.0,0.0,,,,0.08655551735616927,0.11493596212449782,0.07350550607495411
4fd1909e,4fd1909e,128,554,1,single-session-user,HIGH48,4.0,1.0,1.0,0.0,1.0,1.0,0.0,0.08655551735616927,0.11493596212449782,0.07350550607495411
4fd1909e,4fd1909e,128,554,1,single-session-user,FULL96,0.25,1.0,1.0,0.0,1.0,1.0,0.0,0.08655551735616927,0.09647107030819943,nan
4fd1909e,4fd1909e,128,554,1,single-session-user,FULL96,0.5,1.0,1.0,0.0,,,,0.08655551735616927,0.09647107030819943,nan
4fd1909e,4fd1909e,128,554,1,single-session-user,FULL96,1.0,1.0,1.0,0.0,1.0,1.0,0.0,0.08655551735616927,0.09647107030819943,nan
4fd1909e,4fd1909e,128,554,1,single-session-user,FULL96,2.0,1.0,1.0,0.0,,,,0.08655551735616927,0.09647107030819943,nan
4fd1909e,4fd1909e,128,554,1,single-session-user,FULL96,4.0,1.0,1.0,0.0,1.0,1.0,0.0,0.08655551735616927,0.09647107030819943,nan
5025383b,5025383b,129,446,2,multi-session,LOW48,0.25,0.0,0.5,-0.5,0.0,0.5,-0.5,0.06901464886881187,0.07261146174781284,0.11614911433673943
5025383b,5025383b,129,446,2,multi-session,LOW48,0.5,0.0,0.5,-0.5,,,,0.06901464886881187,0.07261146174781284,0.11614911433673943
5025383b,5025383b,129,446,2,multi-session,LOW48,1.0,0.0,0.5,-0.5,0.0,0.5,-0.5,0.06901464886881187,0.07261146174781284,0.11614911433673943
5025383b,5025383b,129,446,2,multi-session,LOW48,2.0,0.0,0.5,-0.5,,,,0.06901464886881187,0.07261146174781284,0.11614911433673943
5025383b,5025383b,129,446,2,multi-session,LOW48,4.0,0.0,0.5,-0.5,0.0,0.5,-0.5,0.06901464886881187,0.07261146174781284,0.11614911433673943
5025383b,5025383b,129,446,2,multi-session,HIGH48,0.25,0.0,0.5,-0.5,0.0,0.5,-0.5,0.06901464886881187,0.11614911433673943,0.07261146174781284
5025383b,5025383b,129,446,2,multi-session,HIGH48,0.5,0.0,0.5,-0.5,,,,0.06901464886881187,0.11614911433673943,0.07261146174781284
5025383b,5025383b,129,446,2,multi-session,HIGH48,1.0,0.0,0.5,-0.5,0.0,0.5,-0.5,0.06901464886881187,0.11614911433673943,0.07261146174781284
5025383b,5025383b,129,446,2,multi-session,HIGH48,2.0,0.0,0.5,-0.5,,,,0.06901464886881187,0.11614911433673943,0.07261146174781284
5025383b,5025383b,129,446,2,multi-session,HIGH48,4.0,0.0,0.5,-0.5,0.0,0.5,-0.5,0.06901464886881187,0.11614911433673943,0.07261146174781284
5025383b,5025383b,129,446,2,multi-session,FULL96,0.25,0.0,0.5,-0.5,0.0,0.5,-0.5,0.06901464886881187,0.09685824987672206,nan
5025383b,5025383b,129,446,2,multi-session,FULL96,0.5,0.0,0.5,-0.5,,,,0.06901464886881187,0.09685824987672206,nan
5025383b,5025383b,129,446,2,multi-session,FULL96,1.0,0.0,0.5,-0.5,0.0,0.5,-0.5,0.06901464886881187,0.09685824987672206,nan
5025383b,5025383b,129,446,2,multi-session,FULL96,2.0,0.0,0.5,-0.5,,,,0.06901464886881187,0.09685824987672206,nan
5025383b,5025383b,129,446,2,multi-session,FULL96,4.0,0.0,0.5,-0.5,0.0,0.5,-0.5,0.06901464886881187,0.09685824987672206,nan
505af2f5,505af2f5,130,501,1,single-session-preference,LOW48,0.25,0.0,0.0,0.0,0.0,0.0,0.0,0.06859356752527103,0.08001530129485218,0.11125780684650048
505af2f5,505af2f5,130,501,1,single-session-preference,LOW48,0.5,0.0,0.0,0.0,,,,0.06859356752527103,0.08001530129485218,0.11125780684650048
505af2f5,505af2f5,130,501,1,single-session-preference,LOW48,1.0,0.0,0.0,0.0,0.0,0.0,0.0,0.06859356752527103,0.08001530129485218,0.11125780684650048
505af2f5,505af2f5,130,501,1,single-session-preference,LOW48,2.0,0.0,0.0,0.0,,,,0.06859356752527103,0.08001530129485218,0.11125780684650048
505af2f5,505af2f5,130,501,1,single-session-preference,LOW48,4.0,0.0,0.0,0.0,0.0,0.0,0.0,0.06859356752527103,0.08001530129485218,0.11125780684650048
505af2f5,505af2f5,130,501,1,single-session-preference,HIGH48,0.25,0.0,0.0,0.0,0.0,0.0,0.0,0.06859356752527103,0.11125780684650048,0.08001530129485217
505af2f5,505af2f5,130,501,1,single-session-preference,HIGH48,0.5,0.0,0.0,0.0,,,,0.06859356752527103,0.11125780684650048,0.08001530129485217
505af2f5,505af2f5,130,501,1,single-session-preference,HIGH48,1.0,0.0,0.0,0.0,0.0,0.0,0.0,0.06859356752527103,0.11125780684650048,0.08001530129485217
505af2f5,505af2f5,130,501,1,single-session-preference,HIGH48,2.0,0.0,0.0,0.0,,,,0.06859356752527103,0.11125780684650048,0.08001530129485217
505af2f5,505af2f5,130,501,1,single-session-preference,HIGH48,4.0,0.0,0.0,0.0,0.0,0.0,0.0,0.06859356752527103,0.11125780684650048,0.08001530129485217
505af2f5,505af2f5,130,501,1,single-session-preference,FULL96,0.25,0.0,0.0,0.0,0.0,0.0,0.0,0.06859356752527103,0.0969039421943173,nan
505af2f5,505af2f5,130,501,1,single-session-preference,FULL96,0.5,0.0,0.0,0.0,,,,0.06859356752527103,0.0969039421943173,nan
505af2f5,505af2f5,130,501,1,single-session-preference,FULL96,1.0,0.0,0.0,0.0,0.0,0.0,0.0,0.06859356752527103,0.0969039421943173,nan
505af2f5,505af2f5,130,501,1,single-session-preference,FULL96,2.0,0.0,0.0,0.0,,,,0.06859356752527103,0.0969039421943173,nan
505af2f5,505af2f5,130,501,1,single-session-preference,FULL96,4.0,0.0,0.0,0.0,0.0,0.0,0.0,0.06859356752527103,0.0969039421943173,nan
50635ada,50635ada,131,531,2,knowledge-update,LOW48,0.25,0.0,0.5,-0.5,0.0,0.5,-0.5,0.1616771606066911,0.08200212021974179,0.10962328254626261
50635ada,50635ada,131,531,2,knowledge-update,LOW48,0.5,0.0,0.5,-0.5,,,,0.1616771606066911,0.08200212021974179,0.10962328254626261
50635ada,50635ada,131,531,2,knowledge-update,LOW48,1.0,0.0,0.0,0.0,0.0,0.0,0.0,0.1616771606066911,0.08200212021974179,0.10962328254626261
50635ada,50635ada,131,531,2,knowledge-update,LOW48,2.0,0.0,0.0,0.0,,,,0.1616771606066911,0.08200212021974179,0.10962328254626261
50635ada,50635ada,131,531,2,knowledge-update,LOW48,4.0,0.0,0.0,0.0,0.0,0.0,0.0,0.1616771606066911,0.08200212021974179,0.10962328254626261
50635ada,50635ada,131,531,2,knowledge-update,HIGH48,0.25,0.0,0.0,0.0,0.0,0.0,0.0,0.1616771606066911,0.10962328254626261,0.08200212021974179
50635ada,50635ada,131,531,2,knowledge-update,HIGH48,0.5,0.0,0.0,0.0,,,,0.1616771606066911,0.10962328254626261,0.08200212021974179
50635ada,50635ada,131,531,2,knowledge-update,HIGH48,1.0,0.0,0.0,0.0,0.0,0.0,0.0,0.1616771606066911,0.10962328254626261,0.08200212021974179
50635ada,50635ada,131,531,2,knowledge-update,HIGH48,2.0,0.0,0.5,-0.5,,,,0.1616771606066911,0.10962328254626261,0.08200212021974179
50635ada,50635ada,131,531,2,knowledge-update,HIGH48,4.0,0.0,0.5,-0.5,0.0,0.5,-0.5,0.1616771606066911,0.10962328254626261,0.08200212021974179
50635ada,50635ada,131,531,2,knowledge-update,FULL96,0.25,0.0,0.0,0.0,0.0,0.0,0.0,0.1616771606066911,0.09680292298466692,nan
50635ada,50635ada,131,531,2,knowledge-update,FULL96,0.5,0.0,0.0,0.0,,,,0.1616771606066911,0.09680292298466692,nan
50635ada,50635ada,131,531,2,knowledge-update,FULL96,1.0,0.0,0.0,0.0,0.0,0.0,0.0,0.1616771606066911,0.09680292298466692,nan
50635ada,50635ada,131,531,2,knowledge-update,FULL96,2.0,0.0,0.0,0.0,,,,0.1616771606066911,0.09680292298466692,nan
50635ada,50635ada,131,531,2,knowledge-update,FULL96,4.0,0.0,0.0,0.0,0.0,0.0,0.0,0.1616771606066911,0.09680292298466692,nan
51a45a95,51a45a95,132,529,1,single-session-user,LOW48,0.25,1.0,1.0,0.0,1.0,1.0,0.0,0.06565894286624467,0.0767329959592762,0.11267861817040774
51a45a95,51a45a95,132,529,1,single-session-user,LOW48,0.5,1.0,1.0,0.0,,,,0.06565894286624467,0.0767329959592762,0.11267861817040774
51a45a95,51a45a95,132,529,1,single-session-user,LOW48,1.0,1.0,1.0,0.0,1.0,1.0,0.0,0.06565894286624467,0.0767329959592762,0.11267861817040774
51a45a95,51a45a95,132,529,1,single-session-user,LOW48,2.0,1.0,1.0,0.0,,,,0.06565894286624467,0.0767329959592762,0.11267861817040774
51a45a95,51a45a95,132,529,1,single-session-user,LOW48,4.0,1.0,1.0,0.0,1.0,1.0,0.0,0.06565894286624467,0.0767329959592762,0.11267861817040774
51a45a95,51a45a95,132,529,1,single-session-user,HIGH48,0.25,1.0,1.0,0.0,1.0,1.0,0.0,0.06565894286624467,0.11267861817040774,0.0767329959592762
51a45a95,51a45a95,132,529,1,single-session-user,HIGH48,0.5,1.0,1.0,0.0,,,,0.06565894286624467,0.11267861817040774,0.0767329959592762
51a45a95,51a45a95,132,529,1,single-session-user,HIGH48,1.0,1.0,1.0,0.0,1.0,1.0,0.0,0.06565894286624467,0.11267861817040774,0.0767329959592762
51a45a95,51a45a95,132,529,1,single-session-user,HIGH48,2.0,1.0,1.0,0.0,,,,0.06565894286624467,0.11267861817040774,0.0767329959592762
51a45a95,51a45a95,132,529,1,single-session-user,HIGH48,4.0,1.0,1.0,0.0,1.0,1.0,0.0,0.06565894286624467,0.11267861817040774,0.0767329959592762
51a45a95,51a45a95,132,529,1,single-session-user,FULL96,0.25,1.0,1.0,0.0,1.0,1.0,0.0,0.06565894286624467,0.0963961193764532,nan
51a45a95,51a45a95,132,529,1,single-session-user,FULL96,0.5,1.0,1.0,0.0,,,,0.06565894286624467,0.0963961193764532,nan
51a45a95,51a45a95,132,529,1,single-session-user,FULL96,1.0,1.0,1.0,0.0,1.0,1.0,0.0,0.06565894286624467,0.0963961193764532,nan
51a45a95,51a45a95,132,529,1,single-session-user,FULL96,2.0,1.0,1.0,0.0,,,,0.06565894286624467,0.0963961193764532,nan
51a45a95,51a45a95,132,529,1,single-session-user,FULL96,4.0,1.0,1.0,0.0,1.0,1.0,0.0,0.06565894286624467,0.0963961193764532,nan
51b23612,51b23612,133,481,1,single-session-assistant,LOW48,0.25,1.0,1.0,0.0,1.0,1.0,0.0,0.08645154407206196,0.07628715875636324,0.11363115949753079
51b23612,51b23612,133,481,1,single-session-assistant,LOW48,0.5,1.0,1.0,0.0,,,,0.08645154407206196,0.07628715875636324,0.11363115949753079
51b23612,51b23612,133,481,1,single-session-assistant,LOW48,1.0,1.0,1.0,0.0,1.0,1.0,0.0,0.08645154407206196,0.07628715875636324,0.11363115949753079
51b23612,51b23612,133,481,1,single-session-assistant,LOW48,2.0,1.0,1.0,0.0,,,,0.08645154407206196,0.07628715875636324,0.11363115949753079
51b23612,51b23612,133,481,1,single-session-assistant,LOW48,4.0,1.0,1.0,0.0,1.0,1.0,0.0,0.08645154407206196,0.07628715875636324,0.11363115949753079
51b23612,51b23612,133,481,1,single-session-assistant,HIGH48,0.25,1.0,1.0,0.0,1.0,1.0,0.0,0.08645154407206196,0.11363115949753079,0.07628715875636324
51b23612,51b23612,133,481,1,single-session-assistant,HIGH48,0.5,1.0,1.0,0.0,,,,0.08645154407206196,0.11363115949753079,0.07628715875636324
51b23612,51b23612,133,481,1,single-session-assistant,HIGH48,1.0,1.0,1.0,0.0,1.0,1.0,0.0,0.08645154407206196,0.11363115949753079,0.07628715875636324
51b23612,51b23612,133,481,1,single-session-assistant,HIGH48,2.0,1.0,1.0,0.0,,,,0.08645154407206196,0.11363115949753079,0.07628715875636324
51b23612,51b23612,133,481,1,single-session-assistant,HIGH48,4.0,1.0,1.0,0.0,1.0,1.0,0.0,0.08645154407206196,0.11363115949753079,0.07628715875636324
51b23612,51b23612,133,481,1,single-session-assistant,FULL96,0.25,1.0,1.0,0.0,1.0,1.0,0.0,0.08645154407206196,0.0967775051338684,nan
51b23612,51b23612,133,481,1,single-session-assistant,FULL96,0.5,1.0,1.0,0.0,,,,0.08645154407206196,0.0967775051338684,nan
51b23612,51b23612,133,481,1,single-session-assistant,FULL96,1.0,1.0,1.0,0.0,1.0,1.0,0.0,0.08645154407206196,0.0967775051338684,nan
51b23612,51b23612,133,481,1,single-session-assistant,FULL96,2.0,1.0,1.0,0.0,,,,0.08645154407206196,0.0967775051338684,nan
51b23612,51b23612,133,481,1,single-session-assistant,FULL96,4.0,1.0,1.0,0.0,1.0,1.0,0.0,0.08645154407206196,0.0967775051338684,nan
51c32626,51c32626,134,490,2,multi-session,LOW48,0.25,0.5,0.5,0.0,0.5,0.5,0.0,0.13113836135529158,0.074914697037969,0.11433199121329846
51c32626,51c32626,134,490,2,multi-session,LOW48,0.5,0.5,0.5,0.0,,,,0.13113836135529158,0.074914697037969,0.11433199121329846
51c32626,51c32626,134,490,2,multi-session,LOW48,1.0,0.5,0.5,0.0,0.5,0.5,0.0,0.13113836135529158,0.074914697037969,0.11433199121329846
51c32626,51c32626,134,490,2,multi-session,LOW48,2.0,0.5,0.5,0.0,,,,0.13113836135529158,0.074914697037969,0.11433199121329846
51c32626,51c32626,134,490,2,multi-session,LOW48,4.0,0.5,0.5,0.0,0.5,0.5,0.0,0.13113836135529158,0.074914697037969,0.11433199121329846
51c32626,51c32626,134,490,2,multi-session,HIGH48,0.25,0.5,0.5,0.0,0.5,0.5,0.0,0.13113836135529158,0.11433199121329848,0.074914697037969
51c32626,51c32626,134,490,2,multi-session,HIGH48,0.5,0.5,0.5,0.0,,,,0.13113836135529158,0.11433199121329848,0.074914697037969
51c32626,51c32626,134,490,2,multi-session,HIGH48,1.0,0.5,0.5,0.0,0.5,0.5,0.0,0.13113836135529158,0.11433199121329848,0.074914697037969
51c32626,51c32626,134,490,2,multi-session,HIGH48,2.0,0.5,0.5,0.0,,,,0.13113836135529158,0.11433199121329848,0.074914697037969
51c32626,51c32626,134,490,2,multi-session,HIGH48,4.0,0.5,0.5,0.0,0.5,0.5,0.0,0.13113836135529158,0.11433199121329848,0.074914697037969
51c32626,51c32626,134,490,2,multi-session,FULL96,0.25,0.5,0.5,0.0,0.5,0.5,0.0,0.13113836135529158,0.09665406366803322,nan
51c32626,51c32626,134,490,2,multi-session,FULL96,0.5,0.5,0.5,0.0,,,,0.13113836135529158,0.09665406366803322,nan
51c32626,51c32626,134,490,2,multi-session,FULL96,1.0,0.5,0.5,0.0,0.5,0.5,0.0,0.13113836135529158,0.09665406366803322,nan
51c32626,51c32626,134,490,2,multi-session,FULL96,2.0,0.5,0.5,0.0,,,,0.13113836135529158,0.09665406366803322,nan
51c32626,51c32626,134,490,2,multi-session,FULL96,4.0,0.5,0.5,0.0,0.5,0.5,0.0,0.13113836135529158,0.09665406366803322,nan
54026fce,54026fce,135,472,1,single-session-preference,LOW48,0.25,1.0,0.0,1.0,1.0,0.0,1.0,0.09427603980351146,0.08127452847972737,0.10958174447644654
54026fce,54026fce,135,472,1,single-session-preference,LOW48,0.5,1.0,0.0,1.0,,,,0.09427603980351146,0.08127452847972737,0.10958174447644654
54026fce,54026fce,135,472,1,single-session-preference,LOW48,1.0,1.0,0.0,1.0,1.0,0.0,1.0,0.09427603980351146,0.08127452847972737,0.10958174447644654
54026fce,54026fce,135,472,1,single-session-preference,LOW48,2.0,1.0,0.0,1.0,,,,0.09427603980351146,0.08127452847972737,0.10958174447644654
54026fce,54026fce,135,472,1,single-session-preference,LOW48,4.0,1.0,0.0,1.0,1.0,0.0,1.0,0.09427603980351146,0.08127452847972737,0.10958174447644654
54026fce,54026fce,135,472,1,single-session-preference,HIGH48,0.25,1.0,0.0,1.0,1.0,0.0,1.0,0.09427603980351146,0.10958174447644654,0.08127452847972735
54026fce,54026fce,135,472,1,single-session-preference,HIGH48,0.5,1.0,0.0,1.0,,,,0.09427603980351146,0.10958174447644654,0.08127452847972735
54026fce,54026fce,135,472,1,single-session-preference,HIGH48,1.0,1.0,0.0,1.0,1.0,0.0,1.0,0.09427603980351146,0.10958174447644654,0.08127452847972735
54026fce,54026fce,135,472,1,single-session-preference,HIGH48,2.0,1.0,0.0,1.0,,,,0.09427603980351146,0.10958174447644654,0.08127452847972735
54026fce,54026fce,135,472,1,single-session-preference,HIGH48,4.0,1.0,0.0,1.0,1.0,0.0,1.0,0.09427603980351146,0.10958174447644654,0.08127452847972735
54026fce,54026fce,135,472,1,single-session-preference,FULL96,0.25,1.0,0.0,1.0,1.0,0.0,1.0,0.09427603980351146,0.09647203662746848,nan
54026fce,54026fce,135,472,1,single-session-preference,FULL96,0.5,1.0,0.0,1.0,,,,0.09427603980351146,0.09647203662746848,nan
54026fce,54026fce,135,472,1,single-session-preference,FULL96,1.0,1.0,0.0,1.0,1.0,0.0,1.0,0.09427603980351146,0.09647203662746848,nan
54026fce,54026fce,135,472,1,single-session-preference,FULL96,2.0,1.0,0.0,1.0,,,,0.09427603980351146,0.09647203662746848,nan
54026fce,54026fce,135,472,1,single-session-preference,FULL96,4.0,1.0,0.0,1.0,1.0,0.0,1.0,0.09427603980351146,0.09647203662746848,nan
545bd2b5,545bd2b5,136,461,1,single-session-user,LOW48,0.25,1.0,0.0,1.0,1.0,0.0,1.0,0.0735873605109315,0.07935747551554913,0.11126857503049019
545bd2b5,545bd2b5,136,461,1,single-session-user,LOW48,0.5,1.0,1.0,0.0,,,,0.0735873605109315,0.07935747551554913,0.11126857503049019
545bd2b5,545bd2b5,136,461,1,single-session-user,LOW48,1.0,1.0,1.0,0.0,1.0,1.0,0.0,0.0735873605109315,0.07935747551554913,0.11126857503049019
545bd2b5,545bd2b5,136,461,1,single-session-user,LOW48,2.0,1.0,1.0,0.0,,,,0.0735873605109315,0.07935747551554913,0.11126857503049019
545bd2b5,545bd2b5,136,461,1,single-session-user,LOW48,4.0,1.0,1.0,0.0,1.0,1.0,0.0,0.0735873605109315,0.07935747551554913,0.11126857503049019
545bd2b5,545bd2b5,136,461,1,single-session-user,HIGH48,0.25,1.0,1.0,0.0,1.0,1.0,0.0,0.0735873605109315,0.11126857503049019,0.07935747551554914
545bd2b5,545bd2b5,136,461,1,single-session-user,HIGH48,0.5,1.0,1.0,0.0,,,,0.0735873605109315,0.11126857503049019,0.07935747551554914
545bd2b5,545bd2b5,136,461,1,single-session-user,HIGH48,1.0,1.0,1.0,0.0,1.0,1.0,0.0,0.0735873605109315,0.11126857503049019,0.07935747551554914
545bd2b5,545bd2b5,136,461,1,single-session-user,HIGH48,2.0,1.0,1.0,0.0,,,,0.0735873605109315,0.11126857503049019,0.07935747551554914
545bd2b5,545bd2b5,136,461,1,single-session-user,HIGH48,4.0,1.0,0.0,1.0,1.0,0.0,1.0,0.0735873605109315,0.11126857503049019,0.07935747551554914
545bd2b5,545bd2b5,136,461,1,single-session-user,FULL96,0.25,1.0,1.0,0.0,1.0,1.0,0.0,0.0735873605109315,0.09663928991232501,nan
545bd2b5,545bd2b5,136,461,1,single-session-user,FULL96,0.5,1.0,1.0,0.0,,,,0.0735873605109315,0.09663928991232501,nan
545bd2b5,545bd2b5,136,461,1,single-session-user,FULL96,1.0,1.0,1.0,0.0,1.0,1.0,0.0,0.0735873605109315,0.09663928991232501,nan
545bd2b5,545bd2b5,136,461,1,single-session-user,FULL96,2.0,1.0,1.0,0.0,,,,0.0735873605109315,0.09663928991232501,nan
545bd2b5,545bd2b5,136,461,1,single-session-user,FULL96,4.0,1.0,1.0,0.0,1.0,1.0,0.0,0.0735873605109315,0.09663928991232501,nan
55241a1f,55241a1f,137,514,2,multi-session,LOW48,0.25,0.5,0.5,0.0,0.5,0.5,0.0,0.10168166515864749,0.06844706331297028,0.11849393441638693
55241a1f,55241a1f,137,514,2,multi-session,LOW48,0.5,0.5,0.5,0.0,,,,0.10168166515864749,0.06844706331297028,0.11849393441638693
55241a1f,55241a1f,137,514,2,multi-session,LOW48,1.0,0.5,0.5,0.0,0.5,0.5,0.0,0.10168166515864749,0.06844706331297028,0.11849393441638693
55241a1f,55241a1f,137,514,2,multi-session,LOW48,2.0,0.5,0.5,0.0,,,,0.10168166515864749,0.06844706331297028,0.11849393441638693
55241a1f,55241a1f,137,514,2,multi-session,LOW48,4.0,0.5,0.5,0.0,0.5,0.5,0.0,0.10168166515864749,0.06844706331297028,0.11849393441638693
55241a1f,55241a1f,137,514,2,multi-session,HIGH48,0.25,0.5,0.5,0.0,0.5,0.5,0.0,0.10168166515864749,0.11849393441638693,0.06844706331297028
55241a1f,55241a1f,137,514,2,multi-session,HIGH48,0.5,0.5,0.5,0.0,,,,0.10168166515864749,0.11849393441638693,0.06844706331297028
55241a1f,55241a1f,137,514,2,multi-session,HIGH48,1.0,0.5,0.5,0.0,0.5,0.5,0.0,0.10168166515864749,0.11849393441638693,0.06844706331297028
55241a1f,55241a1f,137,514,2,multi-session,HIGH48,2.0,0.5,0.5,0.0,,,,0.10168166515864749,0.11849393441638693,0.06844706331297028
55241a1f,55241a1f,137,514,2,multi-session,HIGH48,4.0,0.5,0.5,0.0,0.5,0.5,0.0,0.10168166515864749,0.11849393441638693,0.06844706331297028
55241a1f,55241a1f,137,514,2,multi-session,FULL96,0.25,0.5,0.5,0.0,0.5,0.5,0.0,0.10168166515864749,0.09676211285840335,nan
55241a1f,55241a1f,137,514,2,multi-session,FULL96,0.5,0.5,0.5,0.0,,,,0.10168166515864749,0.09676211285840335,nan
55241a1f,55241a1f,137,514,2,multi-session,FULL96,1.0,0.5,0.5,0.0,0.5,0.5,0.0,0.10168166515864749,0.09676211285840335,nan
55241a1f,55241a1f,137,514,2,multi-session,FULL96,2.0,0.5,0.5,0.0,,,,0.10168166515864749,0.09676211285840335,nan
55241a1f,55241a1f,137,514,2,multi-session,FULL96,4.0,0.5,0.5,0.0,0.5,0.5,0.0,0.10168166515864749,0.09676211285840335,nan
561fabcd,561fabcd,138,495,1,single-session-assistant,LOW48,0.25,0.0,0.0,0.0,0.0,0.0,0.0,0.08965061661013397,0.07250864876519131,0.11578249593810527
561fabcd,561fabcd,138,495,1,single-session-assistant,LOW48,0.5,0.0,0.0,0.0,,,,0.08965061661013397,0.07250864876519131,0.11578249593810527
561fabcd,561fabcd,138,495,1,single-session-assistant,LOW48,1.0,0.0,0.0,0.0,0.0,0.0,0.0,0.08965061661013397,0.07250864876519131,0.11578249593810527
561fabcd,561fabcd,138,495,1,single-session-assistant,LOW48,2.0,0.0,0.0,0.0,,,,0.08965061661013397,0.07250864876519131,0.11578249593810527
561fabcd,561fabcd,138,495,1,single-session-assistant,LOW48,4.0,0.0,0.0,0.0,0.0,0.0,0.0,0.08965061661013397,0.07250864876519131,0.11578249593810527
561fabcd,561fabcd,138,495,1,single-session-assistant,HIGH48,0.25,0.0,0.0,0.0,0.0,0.0,0.0,0.08965061661013397,0.11578249593810527,0.07250864876519131
561fabcd,561fabcd,138,495,1,single-session-assistant,HIGH48,0.5,0.0,0.0,0.0,,,,0.08965061661013397,0.11578249593810527,0.07250864876519131
561fabcd,561fabcd,138,495,1,single-session-assistant,HIGH48,1.0,0.0,0.0,0.0,0.0,0.0,0.0,0.08965061661013397,0.11578249593810527,0.07250864876519131
561fabcd,561fabcd,138,495,1,single-session-assistant,HIGH48,2.0,0.0,0.0,0.0,,,,0.08965061661013397,0.11578249593810527,0.07250864876519131
561fabcd,561fabcd,138,495,1,single-session-assistant,HIGH48,4.0,0.0,0.0,0.0,0.0,0.0,0.0,0.08965061661013397,0.11578249593810527,0.07250864876519131
561fabcd,561fabcd,138,495,1,single-session-assistant,FULL96,0.25,0.0,0.0,0.0,0.0,0.0,0.0,0.08965061661013397,0.09659992368374637,nan
561fabcd,561fabcd,138,495,1,single-session-assistant,FULL96,0.5,0.0,0.0,0.0,,,,0.08965061661013397,0.09659992368374637,nan
561fabcd,561fabcd,138,495,1,single-session-assistant,FULL96,1.0,0.0,0.0,0.0,0.0,0.0,0.0,0.08965061661013397,0.09659992368374637,nan
561fabcd,561fabcd,138,495,1,single-session-assistant,FULL96,2.0,0.0,0.0,0.0,,,,0.08965061661013397,0.09659992368374637,nan
561fabcd,561fabcd,138,495,1,single-session-assistant,FULL96,4.0,0.0,0.0,0.0,0.0,0.0,0.0,0.08965061661013397,0.09659992368374637,nan
577d4d32,577d4d32,139,487,1,single-session-user,LOW48,0.25,1.0,1.0,0.0,1.0,1.0,0.0,0.0791781822742782,0.07443320917729454,0.11437604268136416
577d4d32,577d4d32,139,487,1,single-session-user,LOW48,0.5,1.0,1.0,0.0,,,,0.0791781822742782,0.07443320917729454,0.11437604268136416
577d4d32,577d4d32,139,487,1,single-session-user,LOW48,1.0,1.0,1.0,0.0,1.0,1.0,0.0,0.0791781822742782,0.07443320917729454,0.11437604268136416
577d4d32,577d4d32,139,487,1,single-session-user,LOW48,2.0,1.0,1.0,0.0,,,,0.0791781822742782,0.07443320917729454,0.11437604268136416
577d4d32,577d4d32,139,487,1,single-session-user,LOW48,4.0,1.0,1.0,0.0,1.0,1.0,0.0,0.0791781822742782,0.07443320917729454,0.11437604268136416
577d4d32,577d4d32,139,487,1,single-session-user,HIGH48,0.25,1.0,1.0,0.0,1.0,1.0,0.0,0.0791781822742782,0.11437604268136416,0.07443320917729453
577d4d32,577d4d32,139,487,1,single-session-user,HIGH48,0.5,1.0,1.0,0.0,,,,0.0791781822742782,0.11437604268136416,0.07443320917729453
577d4d32,577d4d32,139,487,1,single-session-user,HIGH48,1.0,1.0,1.0,0.0,1.0,1.0,0.0,0.0791781822742782,0.11437604268136416,0.07443320917729453
577d4d32,577d4d32,139,487,1,single-session-user,HIGH48,2.0,1.0,1.0,0.0,,,,0.0791781822742782,0.11437604268136416,0.07443320917729453
577d4d32,577d4d32,139,487,1,single-session-user,HIGH48,4.0,1.0,1.0,0.0,1.0,1.0,0.0,0.0791781822742782,0.11437604268136416,0.07443320917729453
577d4d32,577d4d32,139,487,1,single-session-user,FULL96,0.25,1.0,1.0,0.0,1.0,1.0,0.0,0.0791781822742782,0.09649399403040615,nan
577d4d32,577d4d32,139,487,1,single-session-user,FULL96,0.5,1.0,1.0,0.0,,,,0.0791781822742782,0.09649399403040615,nan
577d4d32,577d4d32,139,487,1,single-session-user,FULL96,1.0,1.0,1.0,0.0,1.0,1.0,0.0,0.0791781822742782,0.09649399403040615,nan
577d4d32,577d4d32,139,487,1,single-session-user,FULL96,2.0,1.0,1.0,0.0,,,,0.0791781822742782,0.09649399403040615,nan
577d4d32,577d4d32,139,487,1,single-session-user,FULL96,4.0,1.0,1.0,0.0,1.0,1.0,0.0,0.0791781822742782,0.09649399403040615,nan
57f827a0,57f827a0,140,495,1,single-session-preference,LOW48,0.25,0.0,0.0,0.0,0.0,0.0,0.0,0.06873822205275383,0.07144703400824927,0.11621418247238849
57f827a0,57f827a0,140,495,1,single-session-preference,LOW48,0.5,0.0,0.0,0.0,,,,0.06873822205275383,0.07144703400824927,0.11621418247238849
57f827a0,57f827a0,140,495,1,single-session-preference,LOW48,1.0,0.0,0.0,0.0,0.0,0.0,0.0,0.06873822205275383,0.07144703400824927,0.11621418247238849
57f827a0,57f827a0,140,495,1,single-session-preference,LOW48,2.0,0.0,0.0,0.0,,,,0.06873822205275383,0.07144703400824927,0.11621418247238849
57f827a0,57f827a0,140,495,1,single-session-preference,LOW48,4.0,0.0,0.0,0.0,0.0,0.0,0.0,0.06873822205275383,0.07144703400824927,0.11621418247238849
57f827a0,57f827a0,140,495,1,single-session-preference,HIGH48,0.25,0.0,0.0,0.0,0.0,0.0,0.0,0.06873822205275383,0.11621418247238849,0.07144703400824927
57f827a0,57f827a0,140,495,1,single-session-preference,HIGH48,0.5,0.0,0.0,0.0,,,,0.06873822205275383,0.11621418247238849,0.07144703400824927
57f827a0,57f827a0,140,495,1,single-session-preference,HIGH48,1.0,0.0,0.0,0.0,0.0,0.0,0.0,0.06873822205275383,0.11621418247238849,0.07144703400824927
57f827a0,57f827a0,140,495,1,single-session-preference,HIGH48,2.0,0.0,0.0,0.0,,,,0.06873822205275383,0.11621418247238849,0.07144703400824927
57f827a0,57f827a0,140,495,1,single-session-preference,HIGH48,4.0,0.0,0.0,0.0,0.0,0.0,0.0,0.06873822205275383,0.11621418247238849,0.07144703400824927
57f827a0,57f827a0,140,495,1,single-session-preference,FULL96,0.25,0.0,0.0,0.0,0.0,0.0,0.0,0.06873822205275383,0.09646350314057005,nan
57f827a0,57f827a0,140,495,1,single-session-preference,FULL96,0.5,0.0,0.0,0.0,,,,0.06873822205275383,0.09646350314057005,nan
57f827a0,57f827a0,140,495,1,single-session-preference,FULL96,1.0,0.0,0.0,0.0,0.0,0.0,0.0,0.06873822205275383,0.09646350314057005,nan
57f827a0,57f827a0,140,495,1,single-session-preference,FULL96,2.0,0.0,0.0,0.0,,,,0.06873822205275383,0.09646350314057005,nan
57f827a0,57f827a0,140,495,1,single-session-preference,FULL96,4.0,0.0,0.0,0.0,0.0,0.0,0.0,0.06873822205275383,0.09646350314057005,nan
5809eb10,5809eb10,141,606,1,single-session-assistant,LOW48,0.25,0.0,0.0,0.0,0.0,0.0,0.0,0.26116739687801643,0.08664192228813121,0.10537227026221026
5809eb10,5809eb10,141,606,1,single-session-assistant,LOW48,0.5,0.0,0.0,0.0,,,,0.26116739687801643,0.08664192228813121,0.10537227026221026
5809eb10,5809eb10,141,606,1,single-session-assistant,LOW48,1.0,0.0,0.0,0.0,0.0,0.0,0.0,0.26116739687801643,0.08664192228813121,0.10537227026221026
5809eb10,5809eb10,141,606,1,single-session-assistant,LOW48,2.0,0.0,0.0,0.0,,,,0.26116739687801643,0.08664192228813121,0.10537227026221026
5809eb10,5809eb10,141,606,1,single-session-assistant,LOW48,4.0,0.0,0.0,0.0,0.0,0.0,0.0,0.26116739687801643,0.08664192228813121,0.10537227026221026
5809eb10,5809eb10,141,606,1,single-session-assistant,HIGH48,0.25,0.0,0.0,0.0,0.0,0.0,0.0,0.26116739687801643,0.10537227026221026,0.08664192228813121
5809eb10,5809eb10,141,606,1,single-session-assistant,HIGH48,0.5,0.0,0.0,0.0,,,,0.26116739687801643,0.10537227026221026,0.08664192228813121
5809eb10,5809eb10,141,606,1,single-session-assistant,HIGH48,1.0,0.0,0.0,0.0,0.0,0.0,0.0,0.26116739687801643,0.10537227026221026,0.08664192228813121
5809eb10,5809eb10,141,606,1,single-session-assistant,HIGH48,2.0,0.0,0.0,0.0,,,,0.26116739687801643,0.10537227026221026,0.08664192228813121
5809eb10,5809eb10,141,606,1,single-session-assistant,HIGH48,4.0,0.0,0.0,0.0,0.0,0.0,0.0,0.26116739687801643,0.10537227026221026,0.08664192228813121
5809eb10,5809eb10,141,606,1,single-session-assistant,FULL96,0.25,0.0,0.0,0.0,0.0,0.0,0.0,0.26116739687801643,0.09646278566886521,nan
5809eb10,5809eb10,141,606,1,single-session-assistant,FULL96,0.5,0.0,0.0,0.0,,,,0.26116739687801643,0.09646278566886521,nan
5809eb10,5809eb10,141,606,1,single-session-assistant,FULL96,1.0,0.0,0.0,0.0,0.0,0.0,0.0,0.26116739687801643,0.09646278566886521,nan
5809eb10,5809eb10,141,606,1,single-session-assistant,FULL96,2.0,0.0,0.0,0.0,,,,0.26116739687801643,0.09646278566886521,nan
5809eb10,5809eb10,141,606,1,single-session-assistant,FULL96,4.0,0.0,0.0,0.0,0.0,0.0,0.0,0.26116739687801643,0.09646278566886521,nan
5831f84d,5831f84d,142,422,2,knowledge-update,LOW48,0.25,1.0,0.5,0.5,1.0,0.5,0.5,0.06964003436192609,0.07537745773739009,0.11421090953055603
5831f84d,5831f84d,142,422,2,knowledge-update,LOW48,0.5,1.0,1.0,0.0,,,,0.06964003436192609,0.07537745773739009,0.11421090953055603
5831f84d,5831f84d,142,422,2,knowledge-update,LOW48,1.0,1.0,1.0,0.0,1.0,1.0,0.0,0.06964003436192609,0.07537745773739009,0.11421090953055603
5831f84d,5831f84d,142,422,2,knowledge-update,LOW48,2.0,1.0,1.0,0.0,,,,0.06964003436192609,0.07537745773739009,0.11421090953055603
5831f84d,5831f84d,142,422,2,knowledge-update,LOW48,4.0,1.0,1.0,0.0,1.0,1.0,0.0,0.06964003436192609,0.07537745773739009,0.11421090953055603
5831f84d,5831f84d,142,422,2,knowledge-update,HIGH48,0.25,1.0,1.0,0.0,1.0,1.0,0.0,0.06964003436192609,0.11421090953055603,0.07537745773739007
5831f84d,5831f84d,142,422,2,knowledge-update,HIGH48,0.5,1.0,1.0,0.0,,,,0.06964003436192609,0.11421090953055603,0.07537745773739007
5831f84d,5831f84d,142,422,2,knowledge-update,HIGH48,1.0,1.0,1.0,0.0,1.0,1.0,0.0,0.06964003436192609,0.11421090953055603,0.07537745773739007
5831f84d,5831f84d,142,422,2,knowledge-update,HIGH48,2.0,1.0,1.0,0.0,,,,0.06964003436192609,0.11421090953055603,0.07537745773739007
5831f84d,5831f84d,142,422,2,knowledge-update,HIGH48,4.0,1.0,0.5,0.5,1.0,0.5,0.5,0.06964003436192609,0.11421090953055603,0.07537745773739007
5831f84d,5831f84d,142,422,2,knowledge-update,FULL96,0.25,1.0,1.0,0.0,1.0,1.0,0.0,0.06964003436192609,0.0967623196051771,nan
5831f84d,5831f84d,142,422,2,knowledge-update,FULL96,0.5,1.0,1.0,0.0,,,,0.06964003436192609,0.0967623196051771,nan
5831f84d,5831f84d,142,422,2,knowledge-update,FULL96,1.0,1.0,1.0,0.0,1.0,1.0,0.0,0.06964003436192609,0.0967623196051771,nan
5831f84d,5831f84d,142,422,2,knowledge-update,FULL96,2.0,1.0,1.0,0.0,,,,0.06964003436192609,0.0967623196051771,nan
5831f84d,5831f84d,142,422,2,knowledge-update,FULL96,4.0,1.0,1.0,0.0,1.0,1.0,0.0,0.06964003436192609,0.0967623196051771,nan
58470ed2,58470ed2,143,471,1,single-session-assistant,LOW48,0.25,1.0,1.0,0.0,1.0,1.0,0.0,0.04040849154004492,0.07404154391445018,0.11495514911829252
58470ed2,58470ed2,143,471,1,single-session-assistant,LOW48,0.5,1.0,1.0,0.0,,,,0.04040849154004492,0.07404154391445018,0.11495514911829252
58470ed2,58470ed2,143,471,1,single-session-assistant,LOW48,1.0,1.0,1.0,0.0,1.0,1.0,0.0,0.04040849154004492,0.07404154391445018,0.11495514911829252
58470ed2,58470ed2,143,471,1,single-session-assistant,LOW48,2.0,1.0,1.0,0.0,,,,0.04040849154004492,0.07404154391445018,0.11495514911829252
58470ed2,58470ed2,143,471,1,single-session-assistant,LOW48,4.0,1.0,1.0,0.0,1.0,1.0,0.0,0.04040849154004492,0.07404154391445018,0.11495514911829252
58470ed2,58470ed2,143,471,1,single-session-assistant,HIGH48,0.25,1.0,1.0,0.0,1.0,1.0,0.0,0.04040849154004492,0.11495514911829252,0.07404154391445018
58470ed2,58470ed2,143,471,1,single-session-assistant,HIGH48,0.5,1.0,1.0,0.0,,,,0.04040849154004492,0.11495514911829252,0.07404154391445018
58470ed2,58470ed2,143,471,1,single-session-assistant,HIGH48,1.0,1.0,1.0,0.0,1.0,1.0,0.0,0.04040849154004492,0.11495514911829252,0.07404154391445018
58470ed2,58470ed2,143,471,1,single-session-assistant,HIGH48,2.0,1.0,1.0,0.0,,,,0.04040849154004492,0.11495514911829252,0.07404154391445018
58470ed2,58470ed2,143,471,1,single-session-assistant,HIGH48,4.0,1.0,1.0,0.0,1.0,1.0,0.0,0.04040849154004492,0.11495514911829252,0.07404154391445018
58470ed2,58470ed2,143,471,1,single-session-assistant,FULL96,0.25,1.0,1.0,0.0,1.0,1.0,0.0,0.04040849154004492,0.09668721873661566,nan
58470ed2,58470ed2,143,471,1,single-session-assistant,FULL96,0.5,1.0,1.0,0.0,,,,0.04040849154004492,0.09668721873661566,nan
58470ed2,58470ed2,143,471,1,single-session-assistant,FULL96,1.0,1.0,1.0,0.0,1.0,1.0,0.0,0.04040849154004492,0.09668721873661566,nan
58470ed2,58470ed2,143,471,1,single-session-assistant,FULL96,2.0,1.0,1.0,0.0,,,,0.04040849154004492,0.09668721873661566,nan
58470ed2,58470ed2,143,471,1,single-session-assistant,FULL96,4.0,1.0,1.0,0.0,1.0,1.0,0.0,0.04040849154004492,0.09668721873661566,nan
58bf7951,58bf7951,144,616,1,single-session-user,LOW48,0.25,0.0,0.0,0.0,0.0,0.0,0.0,0.17586956795062383,0.0798209573431187,0.11073679337224107
58bf7951,58bf7951,144,616,1,single-session-user,LOW48,0.5,0.0,0.0,0.0,,,,0.17586956795062383,0.0798209573431187,0.11073679337224107
58bf7951,58bf7951,144,616,1,single-session-user,LOW48,1.0,0.0,1.0,-1.0,0.0,1.0,-1.0,0.17586956795062383,0.0798209573431187,0.11073679337224107
58bf7951,58bf7951,144,616,1,single-session-user,LOW48,2.0,0.0,1.0,-1.0,,,,0.17586956795062383,0.0798209573431187,0.11073679337224107
58bf7951,58bf7951,144,616,1,single-session-user,LOW48,4.0,0.0,1.0,-1.0,0.0,1.0,-1.0,0.17586956795062383,0.0798209573431187,0.11073679337224107
58bf7951,58bf7951,144,616,1,single-session-user,HIGH48,0.25,0.0,1.0,-1.0,0.0,1.0,-1.0,0.17586956795062383,0.11073679337224107,0.0798209573431187
58bf7951,58bf7951,144,616,1,single-session-user,HIGH48,0.5,0.0,1.0,-1.0,,,,0.17586956795062383,0.11073679337224107,0.0798209573431187
58bf7951,58bf7951,144,616,1,single-session-user,HIGH48,1.0,0.0,1.0,-1.0,0.0,1.0,-1.0,0.17586956795062383,0.11073679337224107,0.0798209573431187
58bf7951,58bf7951,144,616,1,single-session-user,HIGH48,2.0,0.0,0.0,0.0,,,,0.17586956795062383,0.11073679337224107,0.0798209573431187
58bf7951,58bf7951,144,616,1,single-session-user,HIGH48,4.0,0.0,0.0,0.0,0.0,0.0,0.0,0.17586956795062383,0.11073679337224107,0.0798209573431187
58bf7951,58bf7951,144,616,1,single-session-user,FULL96,0.25,0.0,1.0,-1.0,0.0,1.0,-1.0,0.17586956795062383,0.09652466689281654,nan
58bf7951,58bf7951,144,616,1,single-session-user,FULL96,0.5,0.0,1.0,-1.0,,,,0.17586956795062383,0.09652466689281654,nan
58bf7951,58bf7951,144,616,1,single-session-user,FULL96,1.0,0.0,1.0,-1.0,0.0,1.0,-1.0,0.17586956795062383,0.09652466689281654,nan
58bf7951,58bf7951,144,616,1,single-session-user,FULL96,2.0,0.0,1.0,-1.0,,,,0.17586956795062383,0.09652466689281654,nan
58bf7951,58bf7951,144,616,1,single-session-user,FULL96,4.0,0.0,1.0,-1.0,0.0,1.0,-1.0,0.17586956795062383,0.09652466689281654,nan
58ef2f1c,58ef2f1c,145,518,1,single-session-user,LOW48,0.25,0.0,0.0,0.0,0.0,0.0,0.0,0.12329917363593969,0.06345385137210038,0.11977134093664654
58ef2f1c,58ef2f1c,145,518,1,single-session-user,LOW48,0.5,0.0,0.0,0.0,,,,0.12329917363593969,0.06345385137210038,0.11977134093664654
58ef2f1c,58ef2f1c,145,518,1,single-session-user,LOW48,1.0,0.0,0.0,0.0,0.0,0.0,0.0,0.12329917363593969,0.06345385137210038,0.11977134093664654
58ef2f1c,58ef2f1c,145,518,1,single-session-user,LOW48,2.0,0.0,0.0,0.0,,,,0.12329917363593969,0.06345385137210038,0.11977134093664654
58ef2f1c,58ef2f1c,145,518,1,single-session-user,LOW48,4.0,0.0,0.0,0.0,0.0,0.0,0.0,0.12329917363593969,0.06345385137210038,0.11977134093664654
58ef2f1c,58ef2f1c,145,518,1,single-session-user,HIGH48,0.25,0.0,0.0,0.0,0.0,0.0,0.0,0.12329917363593969,0.11977134093664654,0.06345385137210038
58ef2f1c,58ef2f1c,145,518,1,single-session-user,HIGH48,0.5,0.0,0.0,0.0,,,,0.12329917363593969,0.11977134093664654,0.06345385137210038
58ef2f1c,58ef2f1c,145,518,1,single-session-user,HIGH48,1.0,0.0,0.0,0.0,0.0,0.0,0.0,0.12329917363593969,0.11977134093664654,0.06345385137210038
58ef2f1c,58ef2f1c,145,518,1,single-session-user,HIGH48,2.0,0.0,0.0,0.0,,,,0.12329917363593969,0.11977134093664654,0.06345385137210038
58ef2f1c,58ef2f1c,145,518,1,single-session-user,HIGH48,4.0,0.0,0.0,0.0,0.0,0.0,0.0,0.12329917363593969,0.11977134093664654,0.06345385137210038
58ef2f1c,58ef2f1c,145,518,1,single-session-user,FULL96,0.25,0.0,0.0,0.0,0.0,0.0,0.0,0.12329917363593969,0.09584248891727257,nan
58ef2f1c,58ef2f1c,145,518,1,single-session-user,FULL96,0.5,0.0,0.0,0.0,,,,0.12329917363593969,0.09584248891727257,nan
58ef2f1c,58ef2f1c,145,518,1,single-session-user,FULL96,1.0,0.0,0.0,0.0,0.0,0.0,0.0,0.12329917363593969,0.09584248891727257,nan
58ef2f1c,58ef2f1c,145,518,1,single-session-user,FULL96,2.0,0.0,0.0,0.0,,,,0.12329917363593969,0.09584248891727257,nan
58ef2f1c,58ef2f1c,145,518,1,single-session-user,FULL96,4.0,0.0,0.0,0.0,0.0,0.0,0.0,0.12329917363593969,0.09584248891727257,nan
59524333,59524333,146,528,2,knowledge-update,LOW48,0.25,0.5,0.0,0.5,0.5,0.0,0.5,0.16864516242734778,0.06617849225067461,0.1201914601825483
59524333,59524333,146,528,2,knowledge-update,LOW48,0.5,0.5,0.0,0.5,,,,0.16864516242734778,0.06617849225067461,0.1201914601825483
59524333,59524333,146,528,2,knowledge-update,LOW48,1.0,0.5,0.0,0.5,0.5,0.0,0.5,0.16864516242734778,0.06617849225067461,0.1201914601825483
59524333,59524333,146,528,2,knowledge-update,LOW48,2.0,0.5,0.5,0.0,,,,0.16864516242734778,0.06617849225067461,0.1201914601825483
59524333,59524333,146,528,2,knowledge-update,LOW48,4.0,0.5,0.5,0.0,0.5,0.5,0.0,0.16864516242734778,0.06617849225067461,0.1201914601825483
59524333,59524333,146,528,2,knowledge-update,HIGH48,0.25,0.5,0.5,0.0,0.5,0.5,0.0,0.16864516242734778,0.1201914601825483,0.06617849225067461
59524333,59524333,146,528,2,knowledge-update,HIGH48,0.5,0.5,0.5,0.0,,,,0.16864516242734778,0.1201914601825483,0.06617849225067461
59524333,59524333,146,528,2,knowledge-update,HIGH48,1.0,0.5,0.0,0.5,0.5,0.0,0.5,0.16864516242734778,0.1201914601825483,0.06617849225067461
59524333,59524333,146,528,2,knowledge-update,HIGH48,2.0,0.5,0.0,0.5,,,,0.16864516242734778,0.1201914601825483,0.06617849225067461
59524333,59524333,146,528,2,knowledge-update,HIGH48,4.0,0.5,0.0,0.5,0.5,0.0,0.5,0.16864516242734778,0.1201914601825483,0.06617849225067461
59524333,59524333,146,528,2,knowledge-update,FULL96,0.25,0.5,0.0,0.5,0.5,0.0,0.5,0.16864516242734778,0.0970195339542138,nan
59524333,59524333,146,528,2,knowledge-update,FULL96,0.5,0.5,0.0,0.5,,,,0.16864516242734778,0.0970195339542138,nan
59524333,59524333,146,528,2,knowledge-update,FULL96,1.0,0.5,0.0,0.5,0.5,0.0,0.5,0.16864516242734778,0.0970195339542138,nan
59524333,59524333,146,528,2,knowledge-update,FULL96,2.0,0.5,0.0,0.5,,,,0.16864516242734778,0.0970195339542138,nan
59524333,59524333,146,528,2,knowledge-update,FULL96,4.0,0.5,0.0,0.5,0.5,0.0,0.5,0.16864516242734778,0.0970195339542138,nan
5a4f22c0,5a4f22c0,147,487,2,knowledge-update,LOW48,0.25,1.0,1.0,0.0,1.0,1.0,0.0,0.04957781362274212,0.07484882789336969,0.11387722678237246
5a4f22c0,5a4f22c0,147,487,2,knowledge-update,LOW48,0.5,1.0,1.0,0.0,,,,0.04957781362274212,0.07484882789336969,0.11387722678237246
5a4f22c0,5a4f22c0,147,487,2,knowledge-update,LOW48,1.0,1.0,1.0,0.0,1.0,1.0,0.0,0.04957781362274212,0.07484882789336969,0.11387722678237246
5a4f22c0,5a4f22c0,147,487,2,knowledge-update,LOW48,2.0,1.0,1.0,0.0,,,,0.04957781362274212,0.07484882789336969,0.11387722678237246
5a4f22c0,5a4f22c0,147,487,2,knowledge-update,LOW48,4.0,1.0,1.0,0.0,1.0,1.0,0.0,0.04957781362274212,0.07484882789336969,0.11387722678237246
5a4f22c0,5a4f22c0,147,487,2,knowledge-update,HIGH48,0.25,1.0,1.0,0.0,1.0,1.0,0.0,0.04957781362274212,0.11387722678237246,0.07484882789336969
5a4f22c0,5a4f22c0,147,487,2,knowledge-update,HIGH48,0.5,1.0,1.0,0.0,,,,0.04957781362274212,0.11387722678237246,0.07484882789336969
5a4f22c0,5a4f22c0,147,487,2,knowledge-update,HIGH48,1.0,1.0,1.0,0.0,1.0,1.0,0.0,0.04957781362274212,0.11387722678237246,0.07484882789336969
5a4f22c0,5a4f22c0,147,487,2,knowledge-update,HIGH48,2.0,1.0,1.0,0.0,,,,0.04957781362274212,0.11387722678237246,0.07484882789336969
5a4f22c0,5a4f22c0,147,487,2,knowledge-update,HIGH48,4.0,1.0,1.0,0.0,1.0,1.0,0.0,0.04957781362274212,0.11387722678237246,0.07484882789336969
5a4f22c0,5a4f22c0,147,487,2,knowledge-update,FULL96,0.25,1.0,1.0,0.0,1.0,1.0,0.0,0.04957781362274212,0.09635966432241024,nan
5a4f22c0,5a4f22c0,147,487,2,knowledge-update,FULL96,0.5,1.0,1.0,0.0,,,,0.04957781362274212,0.09635966432241024,nan
5a4f22c0,5a4f22c0,147,487,2,knowledge-update,FULL96,1.0,1.0,1.0,0.0,1.0,1.0,0.0,0.04957781362274212,0.09635966432241024,nan
5a4f22c0,5a4f22c0,147,487,2,knowledge-update,FULL96,2.0,1.0,1.0,0.0,,,,0.04957781362274212,0.09635966432241024,nan
5a4f22c0,5a4f22c0,147,487,2,knowledge-update,FULL96,4.0,1.0,1.0,0.0,1.0,1.0,0.0,0.04957781362274212,0.09635966432241024,nan
5a7937c8,5a7937c8,148,419,3,multi-session,LOW48,0.25,0.6666666666666666,0.3333333333333333,0.3333333333333333,0.6666666666666664,0.3333333333333332,0.3333333333333332,0.1420374150332689,0.08405224076710581,0.10728546358214931
5a7937c8,5a7937c8,148,419,3,multi-session,LOW48,0.5,0.6666666666666666,0.3333333333333333,0.3333333333333333,,,,0.1420374150332689,0.08405224076710581,0.10728546358214931
5a7937c8,5a7937c8,148,419,3,multi-session,LOW48,1.0,0.6666666666666666,0.3333333333333333,0.3333333333333333,0.6666666666666664,0.3333333333333332,0.3333333333333332,0.1420374150332689,0.08405224076710581,0.10728546358214931
5a7937c8,5a7937c8,148,419,3,multi-session,LOW48,2.0,0.6666666666666666,0.3333333333333333,0.3333333333333333,,,,0.1420374150332689,0.08405224076710581,0.10728546358214931
5a7937c8,5a7937c8,148,419,3,multi-session,LOW48,4.0,0.6666666666666666,0.6666666666666666,0.0,0.6666666666666664,0.6666666666666664,0.0,0.1420374150332689,0.08405224076710581,0.10728546358214931
5a7937c8,5a7937c8,148,419,3,multi-session,HIGH48,0.25,0.6666666666666666,0.6666666666666666,0.0,0.6666666666666664,0.6666666666666664,0.0,0.1420374150332689,0.1072854635821493,0.08405224076710581
5a7937c8,5a7937c8,148,419,3,multi-session,HIGH48,0.5,0.6666666666666666,0.3333333333333333,0.3333333333333333,,,,0.1420374150332689,0.1072854635821493,0.08405224076710581
5a7937c8,5a7937c8,148,419,3,multi-session,HIGH48,1.0,0.6666666666666666,0.3333333333333333,0.3333333333333333,0.6666666666666664,0.3333333333333332,0.3333333333333332,0.1420374150332689,0.1072854635821493,0.08405224076710581
5a7937c8,5a7937c8,148,419,3,multi-session,HIGH48,2.0,0.6666666666666666,0.3333333333333333,0.3333333333333333,,,,0.1420374150332689,0.1072854635821493,0.08405224076710581
5a7937c8,5a7937c8,148,419,3,multi-session,HIGH48,4.0,0.6666666666666666,0.3333333333333333,0.3333333333333333,0.6666666666666664,0.3333333333333332,0.3333333333333332,0.1420374150332689,0.1072854635821493,0.08405224076710581
5a7937c8,5a7937c8,148,419,3,multi-session,FULL96,0.25,0.6666666666666666,0.3333333333333333,0.3333333333333333,0.6666666666666664,0.3333333333333332,0.3333333333333332,0.1420374150332689,0.09637154630389669,nan
5a7937c8,5a7937c8,148,419,3,multi-session,FULL96,0.5,0.6666666666666666,0.3333333333333333,0.3333333333333333,,,,0.1420374150332689,0.09637154630389669,nan
5a7937c8,5a7937c8,148,419,3,multi-session,FULL96,1.0,0.6666666666666666,0.3333333333333333,0.3333333333333333,0.6666666666666664,0.3333333333333332,0.3333333333333332,0.1420374150332689,0.09637154630389669,nan
5a7937c8,5a7937c8,148,419,3,multi-session,FULL96,2.0,0.6666666666666666,0.3333333333333333,0.3333333333333333,,,,0.1420374150332689,0.09637154630389669,nan
5a7937c8,5a7937c8,148,419,3,multi-session,FULL96,4.0,0.6666666666666666,0.3333333333333333,0.3333333333333333,0.6666666666666664,0.3333333333333332,0.3333333333333332,0.1420374150332689,0.09637154630389669,nan
5c40ec5b,5c40ec5b,149,479,2,knowledge-update,LOW48,0.25,0.5,0.5,0.0,0.5,0.5,0.0,0.10305269494871437,0.07125921877906866,0.11668929048326462
5c40ec5b,5c40ec5b,149,479,2,knowledge-update,LOW48,0.5,0.5,0.5,0.0,,,,0.10305269494871437,0.07125921877906866,0.11668929048326462
5c40ec5b,5c40ec5b,149,479,2,knowledge-update,LOW48,1.0,0.5,0.5,0.0,0.5,0.5,0.0,0.10305269494871437,0.07125921877906866,0.11668929048326462
5c40ec5b,5c40ec5b,149,479,2,knowledge-update,LOW48,2.0,0.5,0.5,0.0,,,,0.10305269494871437,0.07125921877906866,0.11668929048326462
5c40ec5b,5c40ec5b,149,479,2,knowledge-update,LOW48,4.0,0.5,0.5,0.0,0.5,0.5,0.0,0.10305269494871437,0.07125921877906866,0.11668929048326462
5c40ec5b,5c40ec5b,149,479,2,knowledge-update,HIGH48,0.25,0.5,0.5,0.0,0.5,0.5,0.0,0.10305269494871437,0.11668929048326462,0.07125921877906866
5c40ec5b,5c40ec5b,149,479,2,knowledge-update,HIGH48,0.5,0.5,0.5,0.0,,,,0.10305269494871437,0.11668929048326462,0.07125921877906866
5c40ec5b,5c40ec5b,149,479,2,knowledge-update,HIGH48,1.0,0.5,0.5,0.0,0.5,0.5,0.0,0.10305269494871437,0.11668929048326462,0.07125921877906866
5c40ec5b,5c40ec5b,149,479,2,knowledge-update,HIGH48,2.0,0.5,0.5,0.0,,,,0.10305269494871437,0.11668929048326462,0.07125921877906866
5c40ec5b,5c40ec5b,149,479,2,knowledge-update,HIGH48,4.0,0.5,0.5,0.0,0.5,0.5,0.0,0.10305269494871437,0.11668929048326462,0.07125921877906866
5c40ec5b,5c40ec5b,149,479,2,knowledge-update,FULL96,0.25,0.5,0.5,0.0,0.5,0.5,0.0,0.10305269494871437,0.09668057399108386,nan
5c40ec5b,5c40ec5b,149,479,2,knowledge-update,FULL96,0.5,0.5,0.5,0.0,,,,0.10305269494871437,0.09668057399108386,nan
5c40ec5b,5c40ec5b,149,479,2,knowledge-update,FULL96,1.0,0.5,0.5,0.0,0.5,0.5,0.0,0.10305269494871437,0.09668057399108386,nan
5c40ec5b,5c40ec5b,149,479,2,knowledge-update,FULL96,2.0,0.5,0.5,0.0,,,,0.10305269494871437,0.09668057399108386,nan
5c40ec5b,5c40ec5b,149,479,2,knowledge-update,FULL96,4.0,0.5,0.5,0.0,0.5,0.5,0.0,0.10305269494871437,0.09668057399108386,nan
5d3d2817,5d3d2817,150,510,1,single-session-user,LOW48,0.25,1.0,0.0,1.0,1.0,0.0,1.0,0.08538436299725549,0.07382536539403725,0.11533629508265845
5d3d2817,5d3d2817,150,510,1,single-session-user,LOW48,0.5,1.0,0.0,1.0,,,,0.08538436299725549,0.07382536539403725,0.11533629508265845
5d3d2817,5d3d2817,150,510,1,single-session-user,LOW48,1.0,1.0,0.0,1.0,1.0,0.0,1.0,0.08538436299725549,0.07382536539403725,0.11533629508265845
5d3d2817,5d3d2817,150,510,1,single-session-user,LOW48,2.0,1.0,0.0,1.0,,,,0.08538436299725549,0.07382536539403725,0.11533629508265845
5d3d2817,5d3d2817,150,510,1,single-session-user,LOW48,4.0,1.0,0.0,1.0,1.0,0.0,1.0,0.08538436299725549,0.07382536539403725,0.11533629508265845
5d3d2817,5d3d2817,150,510,1,single-session-user,HIGH48,0.25,1.0,0.0,1.0,1.0,0.0,1.0,0.08538436299725549,0.11533629508265845,0.07382536539403727
5d3d2817,5d3d2817,150,510,1,single-session-user,HIGH48,0.5,1.0,0.0,1.0,,,,0.08538436299725549,0.11533629508265845,0.07382536539403727
5d3d2817,5d3d2817,150,510,1,single-session-user,HIGH48,1.0,1.0,0.0,1.0,1.0,0.0,1.0,0.08538436299725549,0.11533629508265845,0.07382536539403727
5d3d2817,5d3d2817,150,510,1,single-session-user,HIGH48,2.0,1.0,0.0,1.0,,,,0.08538436299725549,0.11533629508265845,0.07382536539403727
5d3d2817,5d3d2817,150,510,1,single-session-user,HIGH48,4.0,1.0,0.0,1.0,1.0,0.0,1.0,0.08538436299725549,0.11533629508265845,0.07382536539403727
5d3d2817,5d3d2817,150,510,1,single-session-user,FULL96,0.25,1.0,0.0,1.0,1.0,0.0,1.0,0.08538436299725549,0.09683141416647074,nan
5d3d2817,5d3d2817,150,510,1,single-session-user,FULL96,0.5,1.0,0.0,1.0,,,,0.08538436299725549,0.09683141416647074,nan
5d3d2817,5d3d2817,150,510,1,single-session-user,FULL96,1.0,1.0,0.0,1.0,1.0,0.0,1.0,0.08538436299725549,0.09683141416647074,nan
5d3d2817,5d3d2817,150,510,1,single-session-user,FULL96,2.0,1.0,0.0,1.0,,,,0.08538436299725549,0.09683141416647074,nan
5d3d2817,5d3d2817,150,510,1,single-session-user,FULL96,4.0,1.0,0.0,1.0,1.0,0.0,1.0,0.08538436299725549,0.09683141416647074,nan
5e1b23de,5e1b23de,151,445,1,temporal-reasoning,LOW48,0.25,0.0,0.0,0.0,0.0,0.0,0.0,0.16701824477489052,0.0783338052808471,0.1113549660013513
5e1b23de,5e1b23de,151,445,1,temporal-reasoning,LOW48,0.5,0.0,0.0,0.0,,,,0.16701824477489052,0.0783338052808471,0.1113549660013513
5e1b23de,5e1b23de,151,445,1,temporal-reasoning,LOW48,1.0,0.0,0.0,0.0,0.0,0.0,0.0,0.16701824477489052,0.0783338052808471,0.1113549660013513
5e1b23de,5e1b23de,151,445,1,temporal-reasoning,LOW48,2.0,0.0,1.0,-1.0,,,,0.16701824477489052,0.0783338052808471,0.1113549660013513
5e1b23de,5e1b23de,151,445,1,temporal-reasoning,LOW48,4.0,0.0,1.0,-1.0,0.0,1.0,-1.0,0.16701824477489052,0.0783338052808471,0.1113549660013513
5e1b23de,5e1b23de,151,445,1,temporal-reasoning,HIGH48,0.25,0.0,1.0,-1.0,0.0,1.0,-1.0,0.16701824477489052,0.1113549660013513,0.07833380528084712
5e1b23de,5e1b23de,151,445,1,temporal-reasoning,HIGH48,0.5,0.0,1.0,-1.0,,,,0.16701824477489052,0.1113549660013513,0.07833380528084712
5e1b23de,5e1b23de,151,445,1,temporal-reasoning,HIGH48,1.0,0.0,0.0,0.0,0.0,0.0,0.0,0.16701824477489052,0.1113549660013513,0.07833380528084712
5e1b23de,5e1b23de,151,445,1,temporal-reasoning,HIGH48,2.0,0.0,0.0,0.0,,,,0.16701824477489052,0.1113549660013513,0.07833380528084712
5e1b23de,5e1b23de,151,445,1,temporal-reasoning,HIGH48,4.0,0.0,0.0,0.0,0.0,0.0,0.0,0.16701824477489052,0.1113549660013513,0.07833380528084712
5e1b23de,5e1b23de,151,445,1,temporal-reasoning,FULL96,0.25,0.0,0.0,0.0,0.0,0.0,0.0,0.16701824477489052,0.09627074712221717,nan
5e1b23de,5e1b23de,151,445,1,temporal-reasoning,FULL96,0.5,0.0,0.0,0.0,,,,0.16701824477489052,0.09627074712221717,nan
5e1b23de,5e1b23de,151,445,1,temporal-reasoning,FULL96,1.0,0.0,0.0,0.0,0.0,0.0,0.0,0.16701824477489052,0.09627074712221717,nan
5e1b23de,5e1b23de,151,445,1,temporal-reasoning,FULL96,2.0,0.0,0.0,0.0,,,,0.16701824477489052,0.09627074712221717,nan
5e1b23de,5e1b23de,151,445,1,temporal-reasoning,FULL96,4.0,0.0,0.0,0.0,0.0,0.0,0.0,0.16701824477489052,0.09627074712221717,nan
60036106,60036106,152,483,2,multi-session,LOW48,0.25,0.5,0.0,0.5,0.5,0.0,0.5,0.08125698082625414,0.0737640410087529,0.11487399748363143
60036106,60036106,152,483,2,multi-session,LOW48,0.5,0.5,0.5,0.0,,,,0.08125698082625414,0.0737640410087529,0.11487399748363143
60036106,60036106,152,483,2,multi-session,LOW48,1.0,0.5,0.5,0.0,0.5,0.5,0.0,0.08125698082625414,0.0737640410087529,0.11487399748363143
60036106,60036106,152,483,2,multi-session,LOW48,2.0,0.5,0.5,0.0,,,,0.08125698082625414,0.0737640410087529,0.11487399748363143
60036106,60036106,152,483,2,multi-session,LOW48,4.0,0.5,0.5,0.0,0.5,0.5,0.0,0.08125698082625414,0.0737640410087529,0.11487399748363143
60036106,60036106,152,483,2,multi-session,HIGH48,0.25,0.5,0.5,0.0,0.5,0.5,0.0,0.08125698082625414,0.11487399748363143,0.0737640410087529
60036106,60036106,152,483,2,multi-session,HIGH48,0.5,0.5,0.5,0.0,,,,0.08125698082625414,0.11487399748363143,0.0737640410087529
60036106,60036106,152,483,2,multi-session,HIGH48,1.0,0.5,0.5,0.0,0.5,0.5,0.0,0.08125698082625414,0.11487399748363143,0.0737640410087529
60036106,60036106,152,483,2,multi-session,HIGH48,2.0,0.5,0.5,0.0,,,,0.08125698082625414,0.11487399748363143,0.0737640410087529
60036106,60036106,152,483,2,multi-session,HIGH48,4.0,0.5,0.0,0.5,0.5,0.0,0.5,0.08125698082625414,0.11487399748363143,0.0737640410087529
60036106,60036106,152,483,2,multi-session,FULL96,0.25,0.5,0.5,0.0,0.5,0.5,0.0,0.08125698082625414,0.09653281577735713,nan
60036106,60036106,152,483,2,multi-session,FULL96,0.5,0.5,0.5,0.0,,,,0.08125698082625414,0.09653281577735713,nan
60036106,60036106,152,483,2,multi-session,FULL96,1.0,0.5,0.5,0.0,0.5,0.5,0.0,0.08125698082625414,0.09653281577735713,nan
60036106,60036106,152,483,2,multi-session,FULL96,2.0,0.5,0.5,0.0,,,,0.08125698082625414,0.09653281577735713,nan
60036106,60036106,152,483,2,multi-session,FULL96,4.0,0.5,0.5,0.0,0.5,0.5,0.0,0.08125698082625414,0.09653281577735713,nan
60159905,60159905,153,448,2,multi-session,LOW48,0.25,0.5,0.5,0.0,0.5,0.5,0.0,0.08479964745074489,0.07780665436852999,0.11216052528664312
60159905,60159905,153,448,2,multi-session,LOW48,0.5,0.5,0.5,0.0,,,,0.08479964745074489,0.07780665436852999,0.11216052528664312
60159905,60159905,153,448,2,multi-session,LOW48,1.0,0.5,0.5,0.0,0.5,0.5,0.0,0.08479964745074489,0.07780665436852999,0.11216052528664312
60159905,60159905,153,448,2,multi-session,LOW48,2.0,0.5,0.5,0.0,,,,0.08479964745074489,0.07780665436852999,0.11216052528664312
60159905,60159905,153,448,2,multi-session,LOW48,4.0,0.5,0.5,0.0,0.5,0.5,0.0,0.08479964745074489,0.07780665436852999,0.11216052528664312
60159905,60159905,153,448,2,multi-session,HIGH48,0.25,0.5,0.5,0.0,0.5,0.5,0.0,0.08479964745074489,0.11216052528664311,0.07780665436852999
60159905,60159905,153,448,2,multi-session,HIGH48,0.5,0.5,0.5,0.0,,,,0.08479964745074489,0.11216052528664311,0.07780665436852999
60159905,60159905,153,448,2,multi-session,HIGH48,1.0,0.5,0.5,0.0,0.5,0.5,0.0,0.08479964745074489,0.11216052528664311,0.07780665436852999
60159905,60159905,153,448,2,multi-session,HIGH48,2.0,0.5,0.5,0.0,,,,0.08479964745074489,0.11216052528664311,0.07780665436852999
60159905,60159905,153,448,2,multi-session,HIGH48,4.0,0.5,0.5,0.0,0.5,0.5,0.0,0.08479964745074489,0.11216052528664311,0.07780665436852999
60159905,60159905,153,448,2,multi-session,FULL96,0.25,0.5,0.5,0.0,0.5,0.5,0.0,0.08479964745074489,0.0965242428009658,nan
60159905,60159905,153,448,2,multi-session,FULL96,0.5,0.5,0.5,0.0,,,,0.08479964745074489,0.0965242428009658,nan
60159905,60159905,153,448,2,multi-session,FULL96,1.0,0.5,0.5,0.0,0.5,0.5,0.0,0.08479964745074489,0.0965242428009658,nan
60159905,60159905,153,448,2,multi-session,FULL96,2.0,0.5,0.5,0.0,,,,0.08479964745074489,0.0965242428009658,nan
60159905,60159905,153,448,2,multi-session,FULL96,4.0,0.5,0.5,0.0,0.5,0.5,0.0,0.08479964745074489,0.0965242428009658,nan
603deb26,603deb26,154,472,2,knowledge-update,LOW48,0.25,0.5,0.5,0.0,0.5,0.5,0.0,0.07074436135134898,0.07358337708792541,0.11555043150195086
603deb26,603deb26,154,472,2,knowledge-update,LOW48,0.5,0.5,0.5,0.0,,,,0.07074436135134898,0.07358337708792541,0.11555043150195086
603deb26,603deb26,154,472,2,knowledge-update,LOW48,1.0,0.5,0.5,0.0,0.5,0.5,0.0,0.07074436135134898,0.07358337708792541,0.11555043150195086
603deb26,603deb26,154,472,2,knowledge-update,LOW48,2.0,0.5,0.5,0.0,,,,0.07074436135134898,0.07358337708792541,0.11555043150195086
603deb26,603deb26,154,472,2,knowledge-update,LOW48,4.0,0.5,0.5,0.0,0.5,0.5,0.0,0.07074436135134898,0.07358337708792541,0.11555043150195086
603deb26,603deb26,154,472,2,knowledge-update,HIGH48,0.25,0.5,0.5,0.0,0.5,0.5,0.0,0.07074436135134898,0.11555043150195086,0.07358337708792541
603deb26,603deb26,154,472,2,knowledge-update,HIGH48,0.5,0.5,0.5,0.0,,,,0.07074436135134898,0.11555043150195086,0.07358337708792541
603deb26,603deb26,154,472,2,knowledge-update,HIGH48,1.0,0.5,0.5,0.0,0.5,0.5,0.0,0.07074436135134898,0.11555043150195086,0.07358337708792541
603deb26,603deb26,154,472,2,knowledge-update,HIGH48,2.0,0.5,0.5,0.0,,,,0.07074436135134898,0.11555043150195086,0.07358337708792541
603deb26,603deb26,154,472,2,knowledge-update,HIGH48,4.0,0.5,0.5,0.0,0.5,0.5,0.0,0.07074436135134898,0.11555043150195086,0.07358337708792541
603deb26,603deb26,154,472,2,knowledge-update,FULL96,0.25,0.5,0.5,0.0,0.5,0.5,0.0,0.07074436135134898,0.09686695928940596,nan
603deb26,603deb26,154,472,2,knowledge-update,FULL96,0.5,0.5,0.5,0.0,,,,0.07074436135134898,0.09686695928940596,nan
603deb26,603deb26,154,472,2,knowledge-update,FULL96,1.0,0.5,0.5,0.0,0.5,0.5,0.0,0.07074436135134898,0.09686695928940596,nan
603deb26,603deb26,154,472,2,knowledge-update,FULL96,2.0,0.5,0.5,0.0,,,,0.07074436135134898,0.09686695928940596,nan
603deb26,603deb26,154,472,2,knowledge-update,FULL96,4.0,0.5,0.5,0.0,0.5,0.5,0.0,0.07074436135134898,0.09686695928940596,nan
60472f9c,60472f9c,155,454,2,multi-session,LOW48,0.25,0.0,0.0,0.0,0.0,0.0,0.0,0.10656106621440276,0.06710279924432712,0.11945817154062004
60472f9c,60472f9c,155,454,2,multi-session,LOW48,0.5,0.0,0.0,0.0,,,,0.10656106621440276,0.06710279924432712,0.11945817154062004
60472f9c,60472f9c,155,454,2,multi-session,LOW48,1.0,0.0,0.0,0.0,0.0,0.0,0.0,0.10656106621440276,0.06710279924432712,0.11945817154062004
60472f9c,60472f9c,155,454,2,multi-session,LOW48,2.0,0.0,0.0,0.0,,,,0.10656106621440276,0.06710279924432712,0.11945817154062004
60472f9c,60472f9c,155,454,2,multi-session,LOW48,4.0,0.0,0.0,0.0,0.0,0.0,0.0,0.10656106621440276,0.06710279924432712,0.11945817154062004
60472f9c,60472f9c,155,454,2,multi-session,HIGH48,0.25,0.0,0.0,0.0,0.0,0.0,0.0,0.10656106621440276,0.11945817154062004,0.0671027992443271
60472f9c,60472f9c,155,454,2,multi-session,HIGH48,0.5,0.0,0.0,0.0,,,,0.10656106621440276,0.11945817154062004,0.0671027992443271
60472f9c,60472f9c,155,454,2,multi-session,HIGH48,1.0,0.0,0.0,0.0,0.0,0.0,0.0,0.10656106621440276,0.11945817154062004,0.0671027992443271
60472f9c,60472f9c,155,454,2,multi-session,HIGH48,2.0,0.0,0.0,0.0,,,,0.10656106621440276,0.11945817154062004,0.0671027992443271
60472f9c,60472f9c,155,454,2,multi-session,HIGH48,4.0,0.0,0.0,0.0,0.0,0.0,0.0,0.10656106621440276,0.11945817154062004,0.0671027992443271
60472f9c,60472f9c,155,454,2,multi-session,FULL96,0.25,0.0,0.0,0.0,0.0,0.0,0.0,0.10656106621440276,0.09688405548451373,nan
60472f9c,60472f9c,155,454,2,multi-session,FULL96,0.5,0.0,0.0,0.0,,,,0.10656106621440276,0.09688405548451373,nan
60472f9c,60472f9c,155,454,2,multi-session,FULL96,1.0,0.0,0.0,0.0,0.0,0.0,0.0,0.10656106621440276,0.09688405548451373,nan
60472f9c,60472f9c,155,454,2,multi-session,FULL96,2.0,0.0,0.0,0.0,,,,0.10656106621440276,0.09688405548451373,nan
60472f9c,60472f9c,155,454,2,multi-session,FULL96,4.0,0.0,0.0,0.0,0.0,0.0,0.0,0.10656106621440276,0.09688405548451373,nan
6071bd76,6071bd76,156,482,2,knowledge-update,LOW48,0.25,0.5,0.5,0.0,0.5,0.5,0.0,0.0882595097256452,0.07438682213411724,0.11487628800089006
6071bd76,6071bd76,156,482,2,knowledge-update,LOW48,0.5,0.5,0.5,0.0,,,,0.0882595097256452,0.07438682213411724,0.11487628800089006
6071bd76,6071bd76,156,482,2,knowledge-update,LOW48,1.0,0.5,0.5,0.0,0.5,0.5,0.0,0.0882595097256452,0.07438682213411724,0.11487628800089006
6071bd76,6071bd76,156,482,2,knowledge-update,LOW48,2.0,0.5,0.5,0.0,,,,0.0882595097256452,0.07438682213411724,0.11487628800089006
6071bd76,6071bd76,156,482,2,knowledge-update,LOW48,4.0,0.5,0.5,0.0,0.5,0.5,0.0,0.0882595097256452,0.07438682213411724,0.11487628800089006
6071bd76,6071bd76,156,482,2,knowledge-update,HIGH48,0.25,0.5,0.5,0.0,0.5,0.5,0.0,0.0882595097256452,0.11487628800089006,0.07438682213411724
6071bd76,6071bd76,156,482,2,knowledge-update,HIGH48,0.5,0.5,0.5,0.0,,,,0.0882595097256452,0.11487628800089006,0.07438682213411724
6071bd76,6071bd76,156,482,2,knowledge-update,HIGH48,1.0,0.5,0.5,0.0,0.5,0.5,0.0,0.0882595097256452,0.11487628800089006,0.07438682213411724
6071bd76,6071bd76,156,482,2,knowledge-update,HIGH48,2.0,0.5,0.5,0.0,,,,0.0882595097256452,0.11487628800089006,0.07438682213411724
6071bd76,6071bd76,156,482,2,knowledge-update,HIGH48,4.0,0.5,0.5,0.0,0.5,0.5,0.0,0.0882595097256452,0.11487628800089006,0.07438682213411724
6071bd76,6071bd76,156,482,2,knowledge-update,FULL96,0.25,0.5,0.5,0.0,0.5,0.5,0.0,0.0882595097256452,0.09677282896576969,nan
6071bd76,6071bd76,156,482,2,knowledge-update,FULL96,0.5,0.5,0.5,0.0,,,,0.0882595097256452,0.09677282896576969,nan
6071bd76,6071bd76,156,482,2,knowledge-update,FULL96,1.0,0.5,0.5,0.0,0.5,0.5,0.0,0.0882595097256452,0.09677282896576969,nan
6071bd76,6071bd76,156,482,2,knowledge-update,FULL96,2.0,0.5,0.5,0.0,,,,0.0882595097256452,0.09677282896576969,nan
6071bd76,6071bd76,156,482,2,knowledge-update,FULL96,4.0,0.5,0.5,0.0,0.5,0.5,0.0,0.0882595097256452,0.09677282896576969,nan
60bf93ed,60bf93ed,157,494,2,multi-session,LOW48,0.25,1.0,1.0,0.0,1.0,1.0,0.0,0.07231853410784737,0.06657146284760276,0.11847866041498839
60bf93ed,60bf93ed,157,494,2,multi-session,LOW48,0.5,1.0,1.0,0.0,,,,0.07231853410784737,0.06657146284760276,0.11847866041498839
60bf93ed,60bf93ed,157,494,2,multi-session,LOW48,1.0,1.0,1.0,0.0,1.0,1.0,0.0,0.07231853410784737,0.06657146284760276,0.11847866041498839
60bf93ed,60bf93ed,157,494,2,multi-session,LOW48,2.0,1.0,1.0,0.0,,,,0.07231853410784737,0.06657146284760276,0.11847866041498839
60bf93ed,60bf93ed,157,494,2,multi-session,LOW48,4.0,1.0,1.0,0.0,1.0,1.0,0.0,0.07231853410784737,0.06657146284760276,0.11847866041498839
60bf93ed,60bf93ed,157,494,2,multi-session,HIGH48,0.25,1.0,1.0,0.0,1.0,1.0,0.0,0.07231853410784737,0.11847866041498839,0.06657146284760278
60bf93ed,60bf93ed,157,494,2,multi-session,HIGH48,0.5,1.0,1.0,0.0,,,,0.07231853410784737,0.11847866041498839,0.06657146284760278
60bf93ed,60bf93ed,157,494,2,multi-session,HIGH48,1.0,1.0,1.0,0.0,1.0,1.0,0.0,0.07231853410784737,0.11847866041498839,0.06657146284760278
60bf93ed,60bf93ed,157,494,2,multi-session,HIGH48,2.0,1.0,1.0,0.0,,,,0.07231853410784737,0.11847866041498839,0.06657146284760278
60bf93ed,60bf93ed,157,494,2,multi-session,HIGH48,4.0,1.0,1.0,0.0,1.0,1.0,0.0,0.07231853410784737,0.11847866041498839,0.06657146284760278
60bf93ed,60bf93ed,157,494,2,multi-session,FULL96,0.25,1.0,1.0,0.0,1.0,1.0,0.0,0.07231853410784737,0.09609618264894786,nan
60bf93ed,60bf93ed,157,494,2,multi-session,FULL96,0.5,1.0,1.0,0.0,,,,0.07231853410784737,0.09609618264894786,nan
60bf93ed,60bf93ed,157,494,2,multi-session,FULL96,1.0,1.0,1.0,0.0,1.0,1.0,0.0,0.07231853410784737,0.09609618264894786,nan
60bf93ed,60bf93ed,157,494,2,multi-session,FULL96,2.0,1.0,1.0,0.0,,,,0.07231853410784737,0.09609618264894786,nan
60bf93ed,60bf93ed,157,494,2,multi-session,FULL96,4.0,1.0,1.0,0.0,1.0,1.0,0.0,0.07231853410784737,0.09609618264894786,nan
60d45044,60d45044,159,541,1,single-session-user,LOW48,0.25,0.25,1.0,-0.75,0.2,1.0,-0.8,0.12340158809820585,0.061650581138014096,0.12203010368321186
60d45044,60d45044,159,541,1,single-session-user,LOW48,0.5,0.25,1.0,-0.75,,,,0.12340158809820585,0.061650581138014096,0.12203010368321186
60d45044,60d45044,159,541,1,single-session-user,LOW48,1.0,0.25,1.0,-0.75,0.2,1.0,-0.8,0.12340158809820585,0.061650581138014096,0.12203010368321186
60d45044,60d45044,159,541,1,single-session-user,LOW48,2.0,0.25,1.0,-0.75,,,,0.12340158809820585,0.061650581138014096,0.12203010368321186
60d45044,60d45044,159,541,1,single-session-user,LOW48,4.0,0.25,1.0,-0.75,0.2,1.0,-0.8,0.12340158809820585,0.061650581138014096,0.12203010368321186
60d45044,60d45044,159,541,1,single-session-user,HIGH48,0.25,0.25,1.0,-0.75,0.2,1.0,-0.8,0.12340158809820585,0.12203010368321186,0.061650581138014096
60d45044,60d45044,159,541,1,single-session-user,HIGH48,0.5,0.25,1.0,-0.75,,,,0.12340158809820585,0.12203010368321186,0.061650581138014096
60d45044,60d45044,159,541,1,single-session-user,HIGH48,1.0,0.25,1.0,-0.75,0.2,1.0,-0.8,0.12340158809820585,0.12203010368321186,0.061650581138014096
60d45044,60d45044,159,541,1,single-session-user,HIGH48,2.0,0.25,1.0,-0.75,,,,0.12340158809820585,0.12203010368321186,0.061650581138014096
60d45044,60d45044,159,541,1,single-session-user,HIGH48,4.0,0.25,1.0,-0.75,0.2,1.0,-0.8,0.12340158809820585,0.12203010368321186,0.061650581138014096
60d45044,60d45044,159,541,1,single-session-user,FULL96,0.25,0.25,1.0,-0.75,0.2,1.0,-0.8,0.12340158809820585,0.09667507527690448,nan
60d45044,60d45044,159,541,1,single-session-user,FULL96,0.5,0.25,1.0,-0.75,,,,0.12340158809820585,0.09667507527690448,nan
60d45044,60d45044,159,541,1,single-session-user,FULL96,1.0,0.25,1.0,-0.75,0.2,1.0,-0.8,0.12340158809820585,0.09667507527690448,nan
60d45044,60d45044,159,541,1,single-session-user,FULL96,2.0,0.25,1.0,-0.75,,,,0.12340158809820585,0.09667507527690448,nan
60d45044,60d45044,159,541,1,single-session-user,FULL96,4.0,0.25,1.0,-0.75,0.2,1.0,-0.8,0.12340158809820585,0.09667507527690448,nan
618f13b2,618f13b2,160,506,2,knowledge-update,LOW48,0.25,0.5,0.5,0.0,0.5,0.5,0.0,0.05407452952440275,0.07461122131879126,0.11431604073896832
618f13b2,618f13b2,160,506,2,knowledge-update,LOW48,0.5,0.5,0.5,0.0,,,,0.05407452952440275,0.07461122131879126,0.11431604073896832
618f13b2,618f13b2,160,506,2,knowledge-update,LOW48,1.0,0.5,0.5,0.0,0.5,0.5,0.0,0.05407452952440275,0.07461122131879126,0.11431604073896832
618f13b2,618f13b2,160,506,2,knowledge-update,LOW48,2.0,0.5,0.5,0.0,,,,0.05407452952440275,0.07461122131879126,0.11431604073896832
618f13b2,618f13b2,160,506,2,knowledge-update,LOW48,4.0,0.5,0.5,0.0,0.5,0.5,0.0,0.05407452952440275,0.07461122131879126,0.11431604073896832
618f13b2,618f13b2,160,506,2,knowledge-update,HIGH48,0.25,0.5,0.5,0.0,0.5,0.5,0.0,0.05407452952440275,0.11431604073896832,0.07461122131879126
618f13b2,618f13b2,160,506,2,knowledge-update,HIGH48,0.5,0.5,0.5,0.0,,,,0.05407452952440275,0.11431604073896832,0.07461122131879126
618f13b2,618f13b2,160,506,2,knowledge-update,HIGH48,1.0,0.5,0.5,0.0,0.5,0.5,0.0,0.05407452952440275,0.11431604073896832,0.07461122131879126
618f13b2,618f13b2,160,506,2,knowledge-update,HIGH48,2.0,0.5,0.5,0.0,,,,0.05407452952440275,0.11431604073896832,0.07461122131879126
618f13b2,618f13b2,160,506,2,knowledge-update,HIGH48,4.0,0.5,0.5,0.0,0.5,0.5,0.0,0.05407452952440275,0.11431604073896832,0.07461122131879126
618f13b2,618f13b2,160,506,2,knowledge-update,FULL96,0.25,0.5,0.5,0.0,0.5,0.5,0.0,0.05407452952440275,0.09652717626895317,nan
618f13b2,618f13b2,160,506,2,knowledge-update,FULL96,0.5,0.5,0.5,0.0,,,,0.05407452952440275,0.09652717626895317,nan
618f13b2,618f13b2,160,506,2,knowledge-update,FULL96,1.0,0.5,0.5,0.0,0.5,0.5,0.0,0.05407452952440275,0.09652717626895317,nan
618f13b2,618f13b2,160,506,2,knowledge-update,FULL96,2.0,0.5,0.5,0.0,,,,0.05407452952440275,0.09652717626895317,nan
618f13b2,618f13b2,160,506,2,knowledge-update,FULL96,4.0,0.5,0.5,0.0,0.5,0.5,0.0,0.05407452952440275,0.09652717626895317,nan
61f8c8f8,61f8c8f8,161,459,2,multi-session,LOW48,0.25,0.5,0.5,0.0,0.5,0.5,0.0,0.09046268738187944,0.08155501583701757,0.10904042777158152
61f8c8f8,61f8c8f8,161,459,2,multi-session,LOW48,0.5,0.5,0.5,0.0,,,,0.09046268738187944,0.08155501583701757,0.10904042777158152
61f8c8f8,61f8c8f8,161,459,2,multi-session,LOW48,1.0,0.5,0.5,0.0,0.5,0.5,0.0,0.09046268738187944,0.08155501583701757,0.10904042777158152
61f8c8f8,61f8c8f8,161,459,2,multi-session,LOW48,2.0,0.5,0.5,0.0,,,,0.09046268738187944,0.08155501583701757,0.10904042777158152
61f8c8f8,61f8c8f8,161,459,2,multi-session,LOW48,4.0,0.5,0.0,0.5,0.5,0.0,0.5,0.09046268738187944,0.08155501583701757,0.10904042777158152
61f8c8f8,61f8c8f8,161,459,2,multi-session,HIGH48,0.25,0.5,0.0,0.5,0.5,0.0,0.5,0.09046268738187944,0.10904042777158152,0.08155501583701757
61f8c8f8,61f8c8f8,161,459,2,multi-session,HIGH48,0.5,0.5,0.5,0.0,,,,0.09046268738187944,0.10904042777158152,0.08155501583701757
61f8c8f8,61f8c8f8,161,459,2,multi-session,HIGH48,1.0,0.5,0.5,0.0,0.5,0.5,0.0,0.09046268738187944,0.10904042777158152,0.08155501583701757
61f8c8f8,61f8c8f8,161,459,2,multi-session,HIGH48,2.0,0.5,0.5,0.0,,,,0.09046268738187944,0.10904042777158152,0.08155501583701757
61f8c8f8,61f8c8f8,161,459,2,multi-session,HIGH48,4.0,0.5,0.5,0.0,0.5,0.5,0.0,0.09046268738187944,0.10904042777158152,0.08155501583701757
61f8c8f8,61f8c8f8,161,459,2,multi-session,FULL96,0.25,0.5,0.5,0.0,0.5,0.5,0.0,0.09046268738187944,0.09628352791829367,nan
61f8c8f8,61f8c8f8,161,459,2,multi-session,FULL96,0.5,0.5,0.5,0.0,,,,0.09046268738187944,0.09628352791829367,nan
61f8c8f8,61f8c8f8,161,459,2,multi-session,FULL96,1.0,0.5,0.5,0.0,0.5,0.5,0.0,0.09046268738187944,0.09628352791829367,nan
61f8c8f8,61f8c8f8,161,459,2,multi-session,FULL96,2.0,0.5,0.5,0.0,,,,0.09046268738187944,0.09628352791829367,nan
61f8c8f8,61f8c8f8,161,459,2,multi-session,FULL96,4.0,0.5,0.5,0.0,0.5,0.5,0.0,0.09046268738187944,0.09628352791829367,nan
6222b6eb,6222b6eb,162,497,1,single-session-assistant,LOW48,0.25,1.0,1.0,0.0,1.0,1.0,0.0,0.05029439799003464,0.08250658210969218,0.10855799272316967
6222b6eb,6222b6eb,162,497,1,single-session-assistant,LOW48,0.5,1.0,1.0,0.0,,,,0.05029439799003464,0.08250658210969218,0.10855799272316967
6222b6eb,6222b6eb,162,497,1,single-session-assistant,LOW48,1.0,1.0,1.0,0.0,1.0,1.0,0.0,0.05029439799003464,0.08250658210969218,0.10855799272316967
6222b6eb,6222b6eb,162,497,1,single-session-assistant,LOW48,2.0,1.0,1.0,0.0,,,,0.05029439799003464,0.08250658210969218,0.10855799272316967
6222b6eb,6222b6eb,162,497,1,single-session-assistant,LOW48,4.0,1.0,1.0,0.0,1.0,1.0,0.0,0.05029439799003464,0.08250658210969218,0.10855799272316967
6222b6eb,6222b6eb,162,497,1,single-session-assistant,HIGH48,0.25,1.0,1.0,0.0,1.0,1.0,0.0,0.05029439799003464,0.10855799272316967,0.08250658210969218
6222b6eb,6222b6eb,162,497,1,single-session-assistant,HIGH48,0.5,1.0,1.0,0.0,,,,0.05029439799003464,0.10855799272316967,0.08250658210969218
6222b6eb,6222b6eb,162,497,1,single-session-assistant,HIGH48,1.0,1.0,1.0,0.0,1.0,1.0,0.0,0.05029439799003464,0.10855799272316967,0.08250658210969218
6222b6eb,6222b6eb,162,497,1,single-session-assistant,HIGH48,2.0,1.0,1.0,0.0,,,,0.05029439799003464,0.10855799272316967,0.08250658210969218
6222b6eb,6222b6eb,162,497,1,single-session-assistant,HIGH48,4.0,1.0,1.0,0.0,1.0,1.0,0.0,0.05029439799003464,0.10855799272316967,0.08250658210969218
6222b6eb,6222b6eb,162,497,1,single-session-assistant,FULL96,0.25,1.0,1.0,0.0,1.0,1.0,0.0,0.05029439799003464,0.09641621719271902,nan
6222b6eb,6222b6eb,162,497,1,single-session-assistant,FULL96,0.5,1.0,1.0,0.0,,,,0.05029439799003464,0.09641621719271902,nan
6222b6eb,6222b6eb,162,497,1,single-session-assistant,FULL96,1.0,1.0,1.0,0.0,1.0,1.0,0.0,0.05029439799003464,0.09641621719271902,nan
6222b6eb,6222b6eb,162,497,1,single-session-assistant,FULL96,2.0,1.0,1.0,0.0,,,,0.05029439799003464,0.09641621719271902,nan
6222b6eb,6222b6eb,162,497,1,single-session-assistant,FULL96,4.0,1.0,1.0,0.0,1.0,1.0,0.0,0.05029439799003464,0.09641621719271902,nan
6456829e,6456829e,163,488,2,multi-session,LOW48,0.25,0.5,0.5,0.0,0.5,0.5,0.0,0.1556904990392246,0.08687300494036643,0.10553398056159903
6456829e,6456829e,163,488,2,multi-session,LOW48,0.5,0.5,0.5,0.0,,,,0.1556904990392246,0.08687300494036643,0.10553398056159903
6456829e,6456829e,163,488,2,multi-session,LOW48,1.0,0.5,0.5,0.0,0.5,0.5,0.0,0.1556904990392246,0.08687300494036643,0.10553398056159903
6456829e,6456829e,163,488,2,multi-session,LOW48,2.0,0.5,0.5,0.0,,,,0.1556904990392246,0.08687300494036643,0.10553398056159903
6456829e,6456829e,163,488,2,multi-session,LOW48,4.0,0.5,0.5,0.0,0.5,0.5,0.0,0.1556904990392246,0.08687300494036643,0.10553398056159903
6456829e,6456829e,163,488,2,multi-session,HIGH48,0.25,0.5,0.5,0.0,0.5,0.5,0.0,0.1556904990392246,0.10553398056159903,0.08687300494036643
6456829e,6456829e,163,488,2,multi-session,HIGH48,0.5,0.5,0.5,0.0,,,,0.1556904990392246,0.10553398056159903,0.08687300494036643
6456829e,6456829e,163,488,2,multi-session,HIGH48,1.0,0.5,0.5,0.0,0.5,0.5,0.0,0.1556904990392246,0.10553398056159903,0.08687300494036643
6456829e,6456829e,163,488,2,multi-session,HIGH48,2.0,0.5,0.5,0.0,,,,0.1556904990392246,0.10553398056159903,0.08687300494036643
6456829e,6456829e,163,488,2,multi-session,HIGH48,4.0,0.5,0.5,0.0,0.5,0.5,0.0,0.1556904990392246,0.10553398056159903,0.08687300494036643
6456829e,6456829e,163,488,2,multi-session,FULL96,0.25,0.5,0.5,0.0,0.5,0.5,0.0,0.1556904990392246,0.09665490168776981,nan
6456829e,6456829e,163,488,2,multi-session,FULL96,0.5,0.5,0.5,0.0,,,,0.1556904990392246,0.09665490168776981,nan
6456829e,6456829e,163,488,2,multi-session,FULL96,1.0,0.5,0.5,0.0,0.5,0.5,0.0,0.1556904990392246,0.09665490168776981,nan
6456829e,6456829e,163,488,2,multi-session,FULL96,2.0,0.5,0.5,0.0,,,,0.1556904990392246,0.09665490168776981,nan
6456829e,6456829e,163,488,2,multi-session,FULL96,4.0,0.5,0.5,0.0,0.5,0.5,0.0,0.1556904990392246,0.09665490168776981,nan
65240037,65240037,165,489,1,single-session-assistant,LOW48,0.25,0.0,0.0,0.0,0.0,0.0,0.0,0.11150677285160489,0.06621368831968284,0.1194911743842579
65240037,65240037,165,489,1,single-session-assistant,LOW48,0.5,0.0,0.0,0.0,,,,0.11150677285160489,0.06621368831968284,0.1194911743842579
65240037,65240037,165,489,1,single-session-assistant,LOW48,1.0,0.0,0.0,0.0,0.0,0.0,0.0,0.11150677285160489,0.06621368831968284,0.1194911743842579
65240037,65240037,165,489,1,single-session-assistant,LOW48,2.0,0.0,0.0,0.0,,,,0.11150677285160489,0.06621368831968284,0.1194911743842579
65240037,65240037,165,489,1,single-session-assistant,LOW48,4.0,0.0,0.0,0.0,0.0,0.0,0.0,0.11150677285160489,0.06621368831968284,0.1194911743842579
65240037,65240037,165,489,1,single-session-assistant,HIGH48,0.25,0.0,0.0,0.0,0.0,0.0,0.0,0.11150677285160489,0.1194911743842579,0.06621368831968284
65240037,65240037,165,489,1,single-session-assistant,HIGH48,0.5,0.0,0.0,0.0,,,,0.11150677285160489,0.1194911743842579,0.06621368831968284
65240037,65240037,165,489,1,single-session-assistant,HIGH48,1.0,0.0,0.0,0.0,0.0,0.0,0.0,0.11150677285160489,0.1194911743842579,0.06621368831968284
65240037,65240037,165,489,1,single-session-assistant,HIGH48,2.0,0.0,0.0,0.0,,,,0.11150677285160489,0.1194911743842579,0.06621368831968284
65240037,65240037,165,489,1,single-session-assistant,HIGH48,4.0,0.0,0.0,0.0,0.0,0.0,0.0,0.11150677285160489,0.1194911743842579,0.06621368831968284
65240037,65240037,165,489,1,single-session-assistant,FULL96,0.25,0.0,0.0,0.0,0.0,0.0,0.0,0.11150677285160489,0.09659811922761549,nan
65240037,65240037,165,489,1,single-session-assistant,FULL96,0.5,0.0,0.0,0.0,,,,0.11150677285160489,0.09659811922761549,nan
65240037,65240037,165,489,1,single-session-assistant,FULL96,1.0,0.0,0.0,0.0,0.0,0.0,0.0,0.11150677285160489,0.09659811922761549,nan
65240037,65240037,165,489,1,single-session-assistant,FULL96,2.0,0.0,0.0,0.0,,,,0.11150677285160489,0.09659811922761549,nan
65240037,65240037,165,489,1,single-session-assistant,FULL96,4.0,0.0,0.0,0.0,0.0,0.0,0.0,0.11150677285160489,0.09659811922761549,nan
6613b389,6613b389,166,452,2,temporal-reasoning,LOW48,0.25,0.25,0.0,0.25,0.2,0.0,0.2,0.08018094399901322,0.0700228450325672,0.11688863499283181
6613b389,6613b389,166,452,2,temporal-reasoning,LOW48,0.5,0.25,0.0,0.25,,,,0.08018094399901322,0.0700228450325672,0.11688863499283181
6613b389,6613b389,166,452,2,temporal-reasoning,LOW48,1.0,0.25,0.0,0.25,0.2,0.0,0.2,0.08018094399901322,0.0700228450325672,0.11688863499283181
6613b389,6613b389,166,452,2,temporal-reasoning,LOW48,2.0,0.25,0.0,0.25,,,,0.08018094399901322,0.0700228450325672,0.11688863499283181
6613b389,6613b389,166,452,2,temporal-reasoning,LOW48,4.0,0.25,0.0,0.25,0.2,0.0,0.2,0.08018094399901322,0.0700228450325672,0.11688863499283181
6613b389,6613b389,166,452,2,temporal-reasoning,HIGH48,0.25,0.25,0.0,0.25,0.2,0.0,0.2,0.08018094399901322,0.11688863499283181,0.0700228450325672
6613b389,6613b389,166,452,2,temporal-reasoning,HIGH48,0.5,0.25,0.0,0.25,,,,0.08018094399901322,0.11688863499283181,0.0700228450325672
6613b389,6613b389,166,452,2,temporal-reasoning,HIGH48,1.0,0.25,0.0,0.25,0.2,0.0,0.2,0.08018094399901322,0.11688863499283181,0.0700228450325672
6613b389,6613b389,166,452,2,temporal-reasoning,HIGH48,2.0,0.25,0.0,0.25,,,,0.08018094399901322,0.11688863499283181,0.0700228450325672
6613b389,6613b389,166,452,2,temporal-reasoning,HIGH48,4.0,0.25,0.0,0.25,0.2,0.0,0.2,0.08018094399901322,0.11688863499283181,0.0700228450325672
6613b389,6613b389,166,452,2,temporal-reasoning,FULL96,0.25,0.25,0.0,0.25,0.2,0.0,0.2,0.08018094399901322,0.0963487203260697,nan
6613b389,6613b389,166,452,2,temporal-reasoning,FULL96,0.5,0.25,0.0,0.25,,,,0.08018094399901322,0.0963487203260697,nan
6613b389,6613b389,166,452,2,temporal-reasoning,FULL96,1.0,0.25,0.0,0.25,0.2,0.0,0.2,0.08018094399901322,0.0963487203260697,nan
6613b389,6613b389,166,452,2,temporal-reasoning,FULL96,2.0,0.25,0.0,0.25,,,,0.08018094399901322,0.0963487203260697,nan
6613b389,6613b389,166,452,2,temporal-reasoning,FULL96,4.0,0.25,0.0,0.25,0.2,0.0,0.2,0.08018094399901322,0.0963487203260697,nan
66f24dbb,66f24dbb,167,507,1,single-session-user,LOW48,0.25,0.0,0.0,0.0,0.0,0.0,0.0,0.08321850186271978,0.07698202471824106,0.11290844684921653
66f24dbb,66f24dbb,167,507,1,single-session-user,LOW48,0.5,0.0,0.0,0.0,,,,0.08321850186271978,0.07698202471824106,0.11290844684921653
66f24dbb,66f24dbb,167,507,1,single-session-user,LOW48,1.0,0.0,0.0,0.0,0.0,0.0,0.0,0.08321850186271978,0.07698202471824106,0.11290844684921653
66f24dbb,66f24dbb,167,507,1,single-session-user,LOW48,2.0,0.0,0.0,0.0,,,,0.08321850186271978,0.07698202471824106,0.11290844684921653
66f24dbb,66f24dbb,167,507,1,single-session-user,LOW48,4.0,0.0,0.0,0.0,0.0,0.0,0.0,0.08321850186271978,0.07698202471824106,0.11290844684921653
66f24dbb,66f24dbb,167,507,1,single-session-user,HIGH48,0.25,0.0,0.0,0.0,0.0,0.0,0.0,0.08321850186271978,0.11290844684921653,0.07698202471824106
66f24dbb,66f24dbb,167,507,1,single-session-user,HIGH48,0.5,0.0,0.0,0.0,,,,0.08321850186271978,0.11290844684921653,0.07698202471824106
66f24dbb,66f24dbb,167,507,1,single-session-user,HIGH48,1.0,0.0,0.0,0.0,0.0,0.0,0.0,0.08321850186271978,0.11290844684921653,0.07698202471824106
66f24dbb,66f24dbb,167,507,1,single-session-user,HIGH48,2.0,0.0,0.0,0.0,,,,0.08321850186271978,0.11290844684921653,0.07698202471824106
66f24dbb,66f24dbb,167,507,1,single-session-user,HIGH48,4.0,0.0,0.0,0.0,0.0,0.0,0.0,0.08321850186271978,0.11290844684921653,0.07698202471824106
66f24dbb,66f24dbb,167,507,1,single-session-user,FULL96,0.25,0.0,0.0,0.0,0.0,0.0,0.0,0.08321850186271978,0.09662957492305921,nan
66f24dbb,66f24dbb,167,507,1,single-session-user,FULL96,0.5,0.0,0.0,0.0,,,,0.08321850186271978,0.09662957492305921,nan
66f24dbb,66f24dbb,167,507,1,single-session-user,FULL96,1.0,0.0,0.0,0.0,0.0,0.0,0.0,0.08321850186271978,0.09662957492305921,nan
66f24dbb,66f24dbb,167,507,1,single-session-user,FULL96,2.0,0.0,0.0,0.0,,,,0.08321850186271978,0.09662957492305921,nan
66f24dbb,66f24dbb,167,507,1,single-session-user,FULL96,4.0,0.0,0.0,0.0,0.0,0.0,0.0,0.08321850186271978,0.09662957492305921,nan
67e0d0f2,67e0d0f2,168,510,2,multi-session,LOW48,0.25,0.5,0.5,0.0,0.5,0.5,0.0,0.08029703648688628,0.07828490628076662,0.11164052056239711
67e0d0f2,67e0d0f2,168,510,2,multi-session,LOW48,0.5,0.5,0.5,0.0,,,,0.08029703648688628,0.07828490628076662,0.11164052056239711
67e0d0f2,67e0d0f2,168,510,2,multi-session,LOW48,1.0,0.5,0.5,0.0,0.5,0.5,0.0,0.08029703648688628,0.07828490628076662,0.11164052056239711
67e0d0f2,67e0d0f2,168,510,2,multi-session,LOW48,2.0,0.5,0.5,0.0,,,,0.08029703648688628,0.07828490628076662,0.11164052056239711
67e0d0f2,67e0d0f2,168,510,2,multi-session,LOW48,4.0,0.5,0.5,0.0,0.5,0.5,0.0,0.08029703648688628,0.07828490628076662,0.11164052056239711
67e0d0f2,67e0d0f2,168,510,2,multi-session,HIGH48,0.25,0.5,0.5,0.0,0.5,0.5,0.0,0.08029703648688628,0.11164052056239711,0.07828490628076662
67e0d0f2,67e0d0f2,168,510,2,multi-session,HIGH48,0.5,0.5,0.5,0.0,,,,0.08029703648688628,0.11164052056239711,0.07828490628076662
67e0d0f2,67e0d0f2,168,510,2,multi-session,HIGH48,1.0,0.5,0.5,0.0,0.5,0.5,0.0,0.08029703648688628,0.11164052056239711,0.07828490628076662
67e0d0f2,67e0d0f2,168,510,2,multi-session,HIGH48,2.0,0.5,0.5,0.0,,,,0.08029703648688628,0.11164052056239711,0.07828490628076662
67e0d0f2,67e0d0f2,168,510,2,multi-session,HIGH48,4.0,0.5,0.5,0.0,0.5,0.5,0.0,0.08029703648688628,0.11164052056239711,0.07828490628076662
67e0d0f2,67e0d0f2,168,510,2,multi-session,FULL96,0.25,0.5,0.5,0.0,0.5,0.5,0.0,0.08029703648688628,0.09641610960527142,nan
67e0d0f2,67e0d0f2,168,510,2,multi-session,FULL96,0.5,0.5,0.5,0.0,,,,0.08029703648688628,0.09641610960527142,nan
67e0d0f2,67e0d0f2,168,510,2,multi-session,FULL96,1.0,0.5,0.5,0.0,0.5,0.5,0.0,0.08029703648688628,0.09641610960527142,nan
67e0d0f2,67e0d0f2,168,510,2,multi-session,FULL96,2.0,0.5,0.5,0.0,,,,0.08029703648688628,0.09641610960527142,nan
67e0d0f2,67e0d0f2,168,510,2,multi-session,FULL96,4.0,0.5,0.5,0.0,0.5,0.5,0.0,0.08029703648688628,0.09641610960527142,nan
681a1674,681a1674,169,476,2,multi-session,LOW48,0.25,0.5,0.5,0.0,0.5,0.5,0.0,0.07284776930204853,0.06736227037283632,0.11891474784500676
681a1674,681a1674,169,476,2,multi-session,LOW48,0.5,0.5,0.5,0.0,,,,0.07284776930204853,0.06736227037283632,0.11891474784500676
681a1674,681a1674,169,476,2,multi-session,LOW48,1.0,0.5,0.0,0.5,0.5,0.0,0.5,0.07284776930204853,0.06736227037283632,0.11891474784500676
681a1674,681a1674,169,476,2,multi-session,LOW48,2.0,0.5,0.0,0.5,,,,0.07284776930204853,0.06736227037283632,0.11891474784500676
681a1674,681a1674,169,476,2,multi-session,LOW48,4.0,0.5,0.5,0.0,0.5,0.5,0.0,0.07284776930204853,0.06736227037283632,0.11891474784500676
681a1674,681a1674,169,476,2,multi-session,HIGH48,0.25,0.5,0.5,0.0,0.5,0.5,0.0,0.07284776930204853,0.11891474784500676,0.06736227037283633
681a1674,681a1674,169,476,2,multi-session,HIGH48,0.5,0.5,0.0,0.5,,,,0.07284776930204853,0.11891474784500676,0.06736227037283633
681a1674,681a1674,169,476,2,multi-session,HIGH48,1.0,0.5,0.0,0.5,0.5,0.0,0.5,0.07284776930204853,0.11891474784500676,0.06736227037283633
681a1674,681a1674,169,476,2,multi-session,HIGH48,2.0,0.5,0.5,0.0,,,,0.07284776930204853,0.11891474784500676,0.06736227037283633
681a1674,681a1674,169,476,2,multi-session,HIGH48,4.0,0.5,0.5,0.0,0.5,0.5,0.0,0.07284776930204853,0.11891474784500676,0.06736227037283633
681a1674,681a1674,169,476,2,multi-session,FULL96,0.25,0.5,0.0,0.5,0.5,0.0,0.5,0.07284776930204853,0.09663951760233658,nan
681a1674,681a1674,169,476,2,multi-session,FULL96,0.5,0.5,0.0,0.5,,,,0.07284776930204853,0.09663951760233658,nan
681a1674,681a1674,169,476,2,multi-session,FULL96,1.0,0.5,0.0,0.5,0.5,0.0,0.5,0.07284776930204853,0.09663951760233658,nan
681a1674,681a1674,169,476,2,multi-session,FULL96,2.0,0.5,0.0,0.5,,,,0.07284776930204853,0.09663951760233658,nan
681a1674,681a1674,169,476,2,multi-session,FULL96,4.0,0.5,0.0,0.5,0.5,0.0,0.5,0.07284776930204853,0.09663951760233658,nan
69fee5aa,69fee5aa,170,483,2,knowledge-update,LOW48,0.25,0.6666666666666666,1.0,-0.33333333333333337,0.6,1.0,-0.4,0.0854211427045663,0.07621538487889278,0.1134557096489319
69fee5aa,69fee5aa,170,483,2,knowledge-update,LOW48,0.5,0.6666666666666666,1.0,-0.33333333333333337,,,,0.0854211427045663,0.07621538487889278,0.1134557096489319
69fee5aa,69fee5aa,170,483,2,knowledge-update,LOW48,1.0,0.6666666666666666,1.0,-0.33333333333333337,0.6,1.0,-0.4,0.0854211427045663,0.07621538487889278,0.1134557096489319
69fee5aa,69fee5aa,170,483,2,knowledge-update,LOW48,2.0,0.6666666666666666,1.0,-0.33333333333333337,,,,0.0854211427045663,0.07621538487889278,0.1134557096489319
69fee5aa,69fee5aa,170,483,2,knowledge-update,LOW48,4.0,0.6666666666666666,0.5,0.16666666666666663,0.6,0.5,0.09999999999999998,0.0854211427045663,0.07621538487889278,0.1134557096489319
69fee5aa,69fee5aa,170,483,2,knowledge-update,HIGH48,0.25,0.6666666666666666,0.5,0.16666666666666663,0.6,0.5,0.09999999999999998,0.0854211427045663,0.1134557096489319,0.07621538487889278
69fee5aa,69fee5aa,170,483,2,knowledge-update,HIGH48,0.5,0.6666666666666666,1.0,-0.33333333333333337,,,,0.0854211427045663,0.1134557096489319,0.07621538487889278
69fee5aa,69fee5aa,170,483,2,knowledge-update,HIGH48,1.0,0.6666666666666666,1.0,-0.33333333333333337,0.6,1.0,-0.4,0.0854211427045663,0.1134557096489319,0.07621538487889278
69fee5aa,69fee5aa,170,483,2,knowledge-update,HIGH48,2.0,0.6666666666666666,1.0,-0.33333333333333337,,,,0.0854211427045663,0.1134557096489319,0.07621538487889278
69fee5aa,69fee5aa,170,483,2,knowledge-update,HIGH48,4.0,0.6666666666666666,1.0,-0.33333333333333337,0.6,1.0,-0.4,0.0854211427045663,0.1134557096489319,0.07621538487889278
69fee5aa,69fee5aa,170,483,2,knowledge-update,FULL96,0.25,0.6666666666666666,1.0,-0.33333333333333337,0.6,1.0,-0.4,0.0854211427045663,0.09664621809512386,nan
69fee5aa,69fee5aa,170,483,2,knowledge-update,FULL96,0.5,0.6666666666666666,1.0,-0.33333333333333337,,,,0.0854211427045663,0.09664621809512386,nan
69fee5aa,69fee5aa,170,483,2,knowledge-update,FULL96,1.0,0.6666666666666666,1.0,-0.33333333333333337,0.6,1.0,-0.4,0.0854211427045663,0.09664621809512386,nan
69fee5aa,69fee5aa,170,483,2,knowledge-update,FULL96,2.0,0.6666666666666666,1.0,-0.33333333333333337,,,,0.0854211427045663,0.09664621809512386,nan
69fee5aa,69fee5aa,170,483,2,knowledge-update,FULL96,4.0,0.6666666666666666,1.0,-0.33333333333333337,0.6,1.0,-0.4,0.0854211427045663,0.09664621809512386,nan
6a1eabeb,6a1eabeb,171,413,2,knowledge-update,LOW48,0.25,1.0,1.0,0.0,1.0,1.0,0.0,0.06936564402983601,0.07907797710464598,0.11167494000403183
6a1eabeb,6a1eabeb,171,413,2,knowledge-update,LOW48,0.5,1.0,1.0,0.0,,,,0.06936564402983601,0.07907797710464598,0.11167494000403183
6a1eabeb,6a1eabeb,171,413,2,knowledge-update,LOW48,1.0,1.0,1.0,0.0,1.0,1.0,0.0,0.06936564402983601,0.07907797710464598,0.11167494000403183
6a1eabeb,6a1eabeb,171,413,2,knowledge-update,LOW48,2.0,1.0,1.0,0.0,,,,0.06936564402983601,0.07907797710464598,0.11167494000403183
6a1eabeb,6a1eabeb,171,413,2,knowledge-update,LOW48,4.0,1.0,1.0,0.0,1.0,1.0,0.0,0.06936564402983601,0.07907797710464598,0.11167494000403183
6a1eabeb,6a1eabeb,171,413,2,knowledge-update,HIGH48,0.25,1.0,1.0,0.0,1.0,1.0,0.0,0.06936564402983601,0.11167494000403183,0.07907797710464598
6a1eabeb,6a1eabeb,171,413,2,knowledge-update,HIGH48,0.5,1.0,1.0,0.0,,,,0.06936564402983601,0.11167494000403183,0.07907797710464598
6a1eabeb,6a1eabeb,171,413,2,knowledge-update,HIGH48,1.0,1.0,1.0,0.0,1.0,1.0,0.0,0.06936564402983601,0.11167494000403183,0.07907797710464598
6a1eabeb,6a1eabeb,171,413,2,knowledge-update,HIGH48,2.0,1.0,1.0,0.0,,,,0.06936564402983601,0.11167494000403183,0.07907797710464598
6a1eabeb,6a1eabeb,171,413,2,knowledge-update,HIGH48,4.0,1.0,1.0,0.0,1.0,1.0,0.0,0.06936564402983601,0.11167494000403183,0.07907797710464598
6a1eabeb,6a1eabeb,171,413,2,knowledge-update,FULL96,0.25,1.0,1.0,0.0,1.0,1.0,0.0,0.06936564402983601,0.0967590271960891,nan
6a1eabeb,6a1eabeb,171,413,2,knowledge-update,FULL96,0.5,1.0,1.0,0.0,,,,0.06936564402983601,0.0967590271960891,nan
6a1eabeb,6a1eabeb,171,413,2,knowledge-update,FULL96,1.0,1.0,1.0,0.0,1.0,1.0,0.0,0.06936564402983601,0.0967590271960891,nan
6a1eabeb,6a1eabeb,171,413,2,knowledge-update,FULL96,2.0,1.0,1.0,0.0,,,,0.06936564402983601,0.0967590271960891,nan
6a1eabeb,6a1eabeb,171,413,2,knowledge-update,FULL96,4.0,1.0,1.0,0.0,1.0,1.0,0.0,0.06936564402983601,0.0967590271960891,nan
6a27ffc2,6a27ffc2,172,493,2,knowledge-update,LOW48,0.25,1.0,0.5,0.5,1.0,0.5,0.5,0.1599672586840074,0.09011065472978566,0.10258866643031182
6a27ffc2,6a27ffc2,172,493,2,knowledge-update,LOW48,0.5,1.0,0.5,0.5,,,,0.1599672586840074,0.09011065472978566,0.10258866643031182
6a27ffc2,6a27ffc2,172,493,2,knowledge-update,LOW48,1.0,1.0,0.5,0.5,1.0,0.5,0.5,0.1599672586840074,0.09011065472978566,0.10258866643031182
6a27ffc2,6a27ffc2,172,493,2,knowledge-update,LOW48,2.0,1.0,0.5,0.5,,,,0.1599672586840074,0.09011065472978566,0.10258866643031182
6a27ffc2,6a27ffc2,172,493,2,knowledge-update,LOW48,4.0,1.0,0.5,0.5,1.0,0.5,0.5,0.1599672586840074,0.09011065472978566,0.10258866643031182
6a27ffc2,6a27ffc2,172,493,2,knowledge-update,HIGH48,0.25,1.0,0.5,0.5,1.0,0.5,0.5,0.1599672586840074,0.10258866643031181,0.09011065472978566
6a27ffc2,6a27ffc2,172,493,2,knowledge-update,HIGH48,0.5,1.0,0.5,0.5,,,,0.1599672586840074,0.10258866643031181,0.09011065472978566
6a27ffc2,6a27ffc2,172,493,2,knowledge-update,HIGH48,1.0,1.0,0.5,0.5,1.0,0.5,0.5,0.1599672586840074,0.10258866643031181,0.09011065472978566
6a27ffc2,6a27ffc2,172,493,2,knowledge-update,HIGH48,2.0,1.0,0.5,0.5,,,,0.1599672586840074,0.10258866643031181,0.09011065472978566
6a27ffc2,6a27ffc2,172,493,2,knowledge-update,HIGH48,4.0,1.0,0.5,0.5,1.0,0.5,0.5,0.1599672586840074,0.10258866643031181,0.09011065472978566
6a27ffc2,6a27ffc2,172,493,2,knowledge-update,FULL96,0.25,1.0,0.5,0.5,1.0,0.5,0.5,0.1599672586840074,0.09655144891657616,nan
6a27ffc2,6a27ffc2,172,493,2,knowledge-update,FULL96,0.5,1.0,0.5,0.5,,,,0.1599672586840074,0.09655144891657616,nan
6a27ffc2,6a27ffc2,172,493,2,knowledge-update,FULL96,1.0,1.0,0.5,0.5,1.0,0.5,0.5,0.1599672586840074,0.09655144891657616,nan
6a27ffc2,6a27ffc2,172,493,2,knowledge-update,FULL96,2.0,1.0,0.5,0.5,,,,0.1599672586840074,0.09655144891657616,nan
6a27ffc2,6a27ffc2,172,493,2,knowledge-update,FULL96,4.0,1.0,0.5,0.5,1.0,0.5,0.5,0.1599672586840074,0.09655144891657616,nan
6ade9755,6ade9755,173,513,1,single-session-user,LOW48,0.25,0.0,0.0,0.0,0.0,0.0,0.0,0.15433675132812624,0.07430595680142453,0.11452622984649094
6ade9755,6ade9755,173,513,1,single-session-user,LOW48,0.5,0.0,0.0,0.0,,,,0.15433675132812624,0.07430595680142453,0.11452622984649094
6ade9755,6ade9755,173,513,1,single-session-user,LOW48,1.0,0.0,0.0,0.0,0.0,0.0,0.0,0.15433675132812624,0.07430595680142453,0.11452622984649094
6ade9755,6ade9755,173,513,1,single-session-user,LOW48,2.0,0.0,0.0,0.0,,,,0.15433675132812624,0.07430595680142453,0.11452622984649094
6ade9755,6ade9755,173,513,1,single-session-user,LOW48,4.0,0.0,0.0,0.0,0.0,0.0,0.0,0.15433675132812624,0.07430595680142453,0.11452622984649094
6ade9755,6ade9755,173,513,1,single-session-user,HIGH48,0.25,0.0,0.0,0.0,0.0,0.0,0.0,0.15433675132812624,0.11452622984649094,0.07430595680142453
6ade9755,6ade9755,173,513,1,single-session-user,HIGH48,0.5,0.0,0.0,0.0,,,,0.15433675132812624,0.11452622984649094,0.07430595680142453
6ade9755,6ade9755,173,513,1,single-session-user,HIGH48,1.0,0.0,0.0,0.0,0.0,0.0,0.0,0.15433675132812624,0.11452622984649094,0.07430595680142453
6ade9755,6ade9755,173,513,1,single-session-user,HIGH48,2.0,0.0,0.0,0.0,,,,0.15433675132812624,0.11452622984649094,0.07430595680142453
6ade9755,6ade9755,173,513,1,single-session-user,HIGH48,4.0,0.0,0.0,0.0,0.0,0.0,0.0,0.15433675132812624,0.11452622984649094,0.07430595680142453
6ade9755,6ade9755,173,513,1,single-session-user,FULL96,0.25,0.0,0.0,0.0,0.0,0.0,0.0,0.15433675132812624,0.09653401612650962,nan
6ade9755,6ade9755,173,513,1,single-session-user,FULL96,0.5,0.0,0.0,0.0,,,,0.15433675132812624,0.09653401612650962,nan
6ade9755,6ade9755,173,513,1,single-session-user,FULL96,1.0,0.0,0.0,0.0,0.0,0.0,0.0,0.15433675132812624,0.09653401612650962,nan
6ade9755,6ade9755,173,513,1,single-session-user,FULL96,2.0,0.0,0.0,0.0,,,,0.15433675132812624,0.09653401612650962,nan
6ade9755,6ade9755,173,513,1,single-session-user,FULL96,4.0,0.0,0.0,0.0,0.0,0.0,0.0,0.15433675132812624,0.09653401612650962,nan
6ae235be,6ae235be,174,454,1,single-session-assistant,LOW48,0.25,1.0,1.0,0.0,1.0,1.0,0.0,0.1994531058025378,0.07729490164456135,0.11272603762812872
6ae235be,6ae235be,174,454,1,single-session-assistant,LOW48,0.5,1.0,1.0,0.0,,,,0.1994531058025378,0.07729490164456135,0.11272603762812872
6ae235be,6ae235be,174,454,1,single-session-assistant,LOW48,1.0,1.0,1.0,0.0,1.0,1.0,0.0,0.1994531058025378,0.07729490164456135,0.11272603762812872
6ae235be,6ae235be,174,454,1,single-session-assistant,LOW48,2.0,1.0,1.0,0.0,,,,0.1994531058025378,0.07729490164456135,0.11272603762812872
6ae235be,6ae235be,174,454,1,single-session-assistant,LOW48,4.0,1.0,1.0,0.0,1.0,1.0,0.0,0.1994531058025378,0.07729490164456135,0.11272603762812872
6ae235be,6ae235be,174,454,1,single-session-assistant,HIGH48,0.25,1.0,1.0,0.0,1.0,1.0,0.0,0.1994531058025378,0.11272603762812869,0.07729490164456135
6ae235be,6ae235be,174,454,1,single-session-assistant,HIGH48,0.5,1.0,1.0,0.0,,,,0.1994531058025378,0.11272603762812869,0.07729490164456135
6ae235be,6ae235be,174,454,1,single-session-assistant,HIGH48,1.0,1.0,1.0,0.0,1.0,1.0,0.0,0.1994531058025378,0.11272603762812869,0.07729490164456135
6ae235be,6ae235be,174,454,1,single-session-assistant,HIGH48,2.0,1.0,1.0,0.0,,,,0.1994531058025378,0.11272603762812869,0.07729490164456135
6ae235be,6ae235be,174,454,1,single-session-assistant,HIGH48,4.0,1.0,1.0,0.0,1.0,1.0,0.0,0.1994531058025378,0.11272603762812869,0.07729490164456135
6ae235be,6ae235be,174,454,1,single-session-assistant,FULL96,0.25,1.0,1.0,0.0,1.0,1.0,0.0,0.1994531058025378,0.09664797302473731,nan
6ae235be,6ae235be,174,454,1,single-session-assistant,FULL96,0.5,1.0,1.0,0.0,,,,0.1994531058025378,0.09664797302473731,nan
6ae235be,6ae235be,174,454,1,single-session-assistant,FULL96,1.0,1.0,1.0,0.0,1.0,1.0,0.0,0.1994531058025378,0.09664797302473731,nan
6ae235be,6ae235be,174,454,1,single-session-assistant,FULL96,2.0,1.0,1.0,0.0,,,,0.1994531058025378,0.09664797302473731,nan
6ae235be,6ae235be,174,454,1,single-session-assistant,FULL96,4.0,1.0,1.0,0.0,1.0,1.0,0.0,0.1994531058025378,0.09664797302473731,nan
6aeb4375,6aeb4375,175,468,2,knowledge-update,LOW48,0.25,1.0,1.0,0.0,1.0,1.0,0.0,0.060208878898751934,0.07362895956478802,0.11529693027611927
6aeb4375,6aeb4375,175,468,2,knowledge-update,LOW48,0.5,1.0,1.0,0.0,,,,0.060208878898751934,0.07362895956478802,0.11529693027611927
6aeb4375,6aeb4375,175,468,2,knowledge-update,LOW48,1.0,1.0,1.0,0.0,1.0,1.0,0.0,0.060208878898751934,0.07362895956478802,0.11529693027611927
6aeb4375,6aeb4375,175,468,2,knowledge-update,LOW48,2.0,1.0,1.0,0.0,,,,0.060208878898751934,0.07362895956478802,0.11529693027611927
6aeb4375,6aeb4375,175,468,2,knowledge-update,LOW48,4.0,1.0,1.0,0.0,1.0,1.0,0.0,0.060208878898751934,0.07362895956478802,0.11529693027611927
6aeb4375,6aeb4375,175,468,2,knowledge-update,HIGH48,0.25,1.0,1.0,0.0,1.0,1.0,0.0,0.060208878898751934,0.11529693027611927,0.07362895956478803
6aeb4375,6aeb4375,175,468,2,knowledge-update,HIGH48,0.5,1.0,1.0,0.0,,,,0.060208878898751934,0.11529693027611927,0.07362895956478803
6aeb4375,6aeb4375,175,468,2,knowledge-update,HIGH48,1.0,1.0,1.0,0.0,1.0,1.0,0.0,0.060208878898751934,0.11529693027611927,0.07362895956478803
6aeb4375,6aeb4375,175,468,2,knowledge-update,HIGH48,2.0,1.0,1.0,0.0,,,,0.060208878898751934,0.11529693027611927,0.07362895956478803
6aeb4375,6aeb4375,175,468,2,knowledge-update,HIGH48,4.0,1.0,1.0,0.0,1.0,1.0,0.0,0.060208878898751934,0.11529693027611927,0.07362895956478803
6aeb4375,6aeb4375,175,468,2,knowledge-update,FULL96,0.25,1.0,1.0,0.0,1.0,1.0,0.0,0.060208878898751934,0.09673315310091339,nan
6aeb4375,6aeb4375,175,468,2,knowledge-update,FULL96,0.5,1.0,1.0,0.0,,,,0.060208878898751934,0.09673315310091339,nan
6aeb4375,6aeb4375,175,468,2,knowledge-update,FULL96,1.0,1.0,1.0,0.0,1.0,1.0,0.0,0.060208878898751934,0.09673315310091339,nan
6aeb4375,6aeb4375,175,468,2,knowledge-update,FULL96,2.0,1.0,1.0,0.0,,,,0.060208878898751934,0.09673315310091339,nan
6aeb4375,6aeb4375,175,468,2,knowledge-update,FULL96,4.0,1.0,1.0,0.0,1.0,1.0,0.0,0.060208878898751934,0.09673315310091339,nan
6b168ec8,6b168ec8,177,482,1,single-session-user,LOW48,0.25,1.0,0.0,1.0,1.0,0.0,1.0,0.06473424472336116,0.0730129812909833,0.11545659699292735
6b168ec8,6b168ec8,177,482,1,single-session-user,LOW48,0.5,1.0,0.0,1.0,,,,0.06473424472336116,0.0730129812909833,0.11545659699292735
6b168ec8,6b168ec8,177,482,1,single-session-user,LOW48,1.0,1.0,0.0,1.0,1.0,0.0,1.0,0.06473424472336116,0.0730129812909833,0.11545659699292735
6b168ec8,6b168ec8,177,482,1,single-session-user,LOW48,2.0,1.0,0.0,1.0,,,,0.06473424472336116,0.0730129812909833,0.11545659699292735
6b168ec8,6b168ec8,177,482,1,single-session-user,LOW48,4.0,1.0,1.0,0.0,1.0,1.0,0.0,0.06473424472336116,0.0730129812909833,0.11545659699292735
6b168ec8,6b168ec8,177,482,1,single-session-user,HIGH48,0.25,1.0,1.0,0.0,1.0,1.0,0.0,0.06473424472336116,0.11545659699292735,0.0730129812909833
6b168ec8,6b168ec8,177,482,1,single-session-user,HIGH48,0.5,1.0,0.0,1.0,,,,0.06473424472336116,0.11545659699292735,0.0730129812909833
6b168ec8,6b168ec8,177,482,1,single-session-user,HIGH48,1.0,1.0,0.0,1.0,1.0,0.0,1.0,0.06473424472336116,0.11545659699292735,0.0730129812909833
6b168ec8,6b168ec8,177,482,1,single-session-user,HIGH48,2.0,1.0,0.0,1.0,,,,0.06473424472336116,0.11545659699292735,0.0730129812909833
6b168ec8,6b168ec8,177,482,1,single-session-user,HIGH48,4.0,1.0,0.0,1.0,1.0,0.0,1.0,0.06473424472336116,0.11545659699292735,0.0730129812909833
6b168ec8,6b168ec8,177,482,1,single-session-user,FULL96,0.25,1.0,0.0,1.0,1.0,0.0,1.0,0.06473424472336116,0.09659482705141285,nan
6b168ec8,6b168ec8,177,482,1,single-session-user,FULL96,0.5,1.0,0.0,1.0,,,,0.06473424472336116,0.09659482705141285,nan
6b168ec8,6b168ec8,177,482,1,single-session-user,FULL96,1.0,1.0,0.0,1.0,1.0,0.0,1.0,0.06473424472336116,0.09659482705141285,nan
6b168ec8,6b168ec8,177,482,1,single-session-user,FULL96,2.0,1.0,0.0,1.0,,,,0.06473424472336116,0.09659482705141285,nan
6b168ec8,6b168ec8,177,482,1,single-session-user,FULL96,4.0,1.0,0.0,1.0,1.0,0.0,1.0,0.06473424472336116,0.09659482705141285,nan
6b7dfb22,6b7dfb22,178,471,1,single-session-preference,LOW48,0.25,0.0,0.0,0.0,0.0,0.0,0.0,0.059701245858103075,0.07963483407408288,0.11091305456158246
6b7dfb22,6b7dfb22,178,471,1,single-session-preference,LOW48,0.5,0.0,0.0,0.0,,,,0.059701245858103075,0.07963483407408288,0.11091305456158246
6b7dfb22,6b7dfb22,178,471,1,single-session-preference,LOW48,1.0,0.0,0.0,0.0,0.0,0.0,0.0,0.059701245858103075,0.07963483407408288,0.11091305456158246
6b7dfb22,6b7dfb22,178,471,1,single-session-preference,LOW48,2.0,0.0,0.0,0.0,,,,0.059701245858103075,0.07963483407408288,0.11091305456158246
6b7dfb22,6b7dfb22,178,471,1,single-session-preference,LOW48,4.0,0.0,0.0,0.0,0.0,0.0,0.0,0.059701245858103075,0.07963483407408288,0.11091305456158246
6b7dfb22,6b7dfb22,178,471,1,single-session-preference,HIGH48,0.25,0.0,0.0,0.0,0.0,0.0,0.0,0.059701245858103075,0.11091305456158246,0.07963483407408288
6b7dfb22,6b7dfb22,178,471,1,single-session-preference,HIGH48,0.5,0.0,0.0,0.0,,,,0.059701245858103075,0.11091305456158246,0.07963483407408288
6b7dfb22,6b7dfb22,178,471,1,single-session-preference,HIGH48,1.0,0.0,0.0,0.0,0.0,0.0,0.0,0.059701245858103075,0.11091305456158246,0.07963483407408288
6b7dfb22,6b7dfb22,178,471,1,single-session-preference,HIGH48,2.0,0.0,0.0,0.0,,,,0.059701245858103075,0.11091305456158246,0.07963483407408288
6b7dfb22,6b7dfb22,178,471,1,single-session-preference,HIGH48,4.0,0.0,0.0,0.0,0.0,0.0,0.0,0.059701245858103075,0.11091305456158246,0.07963483407408288
6b7dfb22,6b7dfb22,178,471,1,single-session-preference,FULL96,0.25,0.0,0.0,0.0,0.0,0.0,0.0,0.059701245858103075,0.09654898360466378,nan
6b7dfb22,6b7dfb22,178,471,1,single-session-preference,FULL96,0.5,0.0,0.0,0.0,,,,0.059701245858103075,0.09654898360466378,nan
6b7dfb22,6b7dfb22,178,471,1,single-session-preference,FULL96,1.0,0.0,0.0,0.0,0.0,0.0,0.0,0.059701245858103075,0.09654898360466378,nan
6b7dfb22,6b7dfb22,178,471,1,single-session-preference,FULL96,2.0,0.0,0.0,0.0,,,,0.059701245858103075,0.09654898360466378,nan
6b7dfb22,6b7dfb22,178,471,1,single-session-preference,FULL96,4.0,0.0,0.0,0.0,0.0,0.0,0.0,0.059701245858103075,0.09654898360466378,nan
6c49646a,6c49646a,179,429,2,multi-session,LOW48,0.25,1.0,0.5,0.5,1.0,0.5,0.5,0.10563700490142425,0.06625053450228889,0.11976967184311903
6c49646a,6c49646a,179,429,2,multi-session,LOW48,0.5,1.0,0.5,0.5,,,,0.10563700490142425,0.06625053450228889,0.11976967184311903
6c49646a,6c49646a,179,429,2,multi-session,LOW48,1.0,1.0,0.5,0.5,1.0,0.5,0.5,0.10563700490142425,0.06625053450228889,0.11976967184311903
6c49646a,6c49646a,179,429,2,multi-session,LOW48,2.0,1.0,1.0,0.0,,,,0.10563700490142425,0.06625053450228889,0.11976967184311903
6c49646a,6c49646a,179,429,2,multi-session,LOW48,4.0,1.0,1.0,0.0,1.0,1.0,0.0,0.10563700490142425,0.06625053450228889,0.11976967184311903
6c49646a,6c49646a,179,429,2,multi-session,HIGH48,0.25,1.0,1.0,0.0,1.0,1.0,0.0,0.10563700490142425,0.11976967184311903,0.06625053450228889
6c49646a,6c49646a,179,429,2,multi-session,HIGH48,0.5,1.0,1.0,0.0,,,,0.10563700490142425,0.11976967184311903,0.06625053450228889
6c49646a,6c49646a,179,429,2,multi-session,HIGH48,1.0,1.0,0.5,0.5,1.0,0.5,0.5,0.10563700490142425,0.11976967184311903,0.06625053450228889
6c49646a,6c49646a,179,429,2,multi-session,HIGH48,2.0,1.0,0.5,0.5,,,,0.10563700490142425,0.11976967184311903,0.06625053450228889
6c49646a,6c49646a,179,429,2,multi-session,HIGH48,4.0,1.0,0.5,0.5,1.0,0.5,0.5,0.10563700490142425,0.11976967184311903,0.06625053450228889
6c49646a,6c49646a,179,429,2,multi-session,FULL96,0.25,1.0,0.5,0.5,1.0,0.5,0.5,0.10563700490142425,0.09678302437733435,nan
6c49646a,6c49646a,179,429,2,multi-session,FULL96,0.5,1.0,0.5,0.5,,,,0.10563700490142425,0.09678302437733435,nan
6c49646a,6c49646a,179,429,2,multi-session,FULL96,1.0,1.0,0.5,0.5,1.0,0.5,0.5,0.10563700490142425,0.09678302437733435,nan
6c49646a,6c49646a,179,429,2,multi-session,FULL96,2.0,1.0,0.5,0.5,,,,0.10563700490142425,0.09678302437733435,nan
6c49646a,6c49646a,179,429,2,multi-session,FULL96,4.0,1.0,0.5,0.5,1.0,0.5,0.5,0.10563700490142425,0.09678302437733435,nan
6cb6f249,6cb6f249,180,470,2,multi-session,LOW48,0.25,0.5,0.0,0.5,0.5,0.0,0.5,0.07785208810066943,0.06933461555618023,0.1178069882323551
6cb6f249,6cb6f249,180,470,2,multi-session,LOW48,0.5,0.5,0.0,0.5,,,,0.07785208810066943,0.06933461555618023,0.1178069882323551
6cb6f249,6cb6f249,180,470,2,multi-session,LOW48,1.0,0.5,0.0,0.5,0.5,0.0,0.5,0.07785208810066943,0.06933461555618023,0.1178069882323551
6cb6f249,6cb6f249,180,470,2,multi-session,LOW48,2.0,0.5,0.0,0.5,,,,0.07785208810066943,0.06933461555618023,0.1178069882323551
6cb6f249,6cb6f249,180,470,2,multi-session,LOW48,4.0,0.5,0.0,0.5,0.5,0.0,0.5,0.07785208810066943,0.06933461555618023,0.1178069882323551
6cb6f249,6cb6f249,180,470,2,multi-session,HIGH48,0.25,0.5,0.0,0.5,0.5,0.0,0.5,0.07785208810066943,0.1178069882323551,0.06933461555618023
6cb6f249,6cb6f249,180,470,2,multi-session,HIGH48,0.5,0.5,0.0,0.5,,,,0.07785208810066943,0.1178069882323551,0.06933461555618023
6cb6f249,6cb6f249,180,470,2,multi-session,HIGH48,1.0,0.5,0.0,0.5,0.5,0.0,0.5,0.07785208810066943,0.1178069882323551,0.06933461555618023
6cb6f249,6cb6f249,180,470,2,multi-session,HIGH48,2.0,0.5,0.0,0.5,,,,0.07785208810066943,0.1178069882323551,0.06933461555618023
6cb6f249,6cb6f249,180,470,2,multi-session,HIGH48,4.0,0.5,0.0,0.5,0.5,0.0,0.5,0.07785208810066943,0.1178069882323551,0.06933461555618023
6cb6f249,6cb6f249,180,470,2,multi-session,FULL96,0.25,0.5,0.0,0.5,0.5,0.0,0.5,0.07785208810066943,0.0966586141807898,nan
6cb6f249,6cb6f249,180,470,2,multi-session,FULL96,0.5,0.5,0.0,0.5,,,,0.07785208810066943,0.0966586141807898,nan
6cb6f249,6cb6f249,180,470,2,multi-session,FULL96,1.0,0.5,0.0,0.5,0.5,0.0,0.5,0.07785208810066943,0.0966586141807898,nan
6cb6f249,6cb6f249,180,470,2,multi-session,FULL96,2.0,0.5,0.0,0.5,,,,0.07785208810066943,0.0966586141807898,nan
6cb6f249,6cb6f249,180,470,2,multi-session,FULL96,4.0,0.5,0.0,0.5,0.5,0.0,0.5,0.07785208810066943,0.0966586141807898,nan
6d550036,6d550036,181,505,4,multi-session,LOW48,0.25,0.0,0.0,0.0,0.0,0.0,0.0,0.0910141910814679,0.0716816112390491,0.11612797027754546
6d550036,6d550036,181,505,4,multi-session,LOW48,0.5,0.0,0.0,0.0,,,,0.0910141910814679,0.0716816112390491,0.11612797027754546
6d550036,6d550036,181,505,4,multi-session,LOW48,1.0,0.0,0.0,0.0,0.0,0.0,0.0,0.0910141910814679,0.0716816112390491,0.11612797027754546
6d550036,6d550036,181,505,4,multi-session,LOW48,2.0,0.0,0.0,0.0,,,,0.0910141910814679,0.0716816112390491,0.11612797027754546
6d550036,6d550036,181,505,4,multi-session,LOW48,4.0,0.0,0.0,0.0,0.0,0.0,0.0,0.0910141910814679,0.0716816112390491,0.11612797027754546
6d550036,6d550036,181,505,4,multi-session,HIGH48,0.25,0.0,0.0,0.0,0.0,0.0,0.0,0.0910141910814679,0.11612797027754546,0.0716816112390491
6d550036,6d550036,181,505,4,multi-session,HIGH48,0.5,0.0,0.0,0.0,,,,0.0910141910814679,0.11612797027754546,0.0716816112390491
6d550036,6d550036,181,505,4,multi-session,HIGH48,1.0,0.0,0.0,0.0,0.0,0.0,0.0,0.0910141910814679,0.11612797027754546,0.0716816112390491
6d550036,6d550036,181,505,4,multi-session,HIGH48,2.0,0.0,0.0,0.0,,,,0.0910141910814679,0.11612797027754546,0.0716816112390491
6d550036,6d550036,181,505,4,multi-session,HIGH48,4.0,0.0,0.0,0.0,0.0,0.0,0.0,0.0910141910814679,0.11612797027754546,0.0716816112390491
6d550036,6d550036,181,505,4,multi-session,FULL96,0.25,0.0,0.0,0.0,0.0,0.0,0.0,0.0910141910814679,0.09649859810020209,nan
6d550036,6d550036,181,505,4,multi-session,FULL96,0.5,0.0,0.0,0.0,,,,0.0910141910814679,0.09649859810020209,nan
6d550036,6d550036,181,505,4,multi-session,FULL96,1.0,0.0,0.0,0.0,0.0,0.0,0.0,0.0910141910814679,0.09649859810020209,nan
6d550036,6d550036,181,505,4,multi-session,FULL96,2.0,0.0,0.0,0.0,,,,0.0910141910814679,0.09649859810020209,nan
6d550036,6d550036,181,505,4,multi-session,FULL96,4.0,0.0,0.0,0.0,0.0,0.0,0.0,0.0910141910814679,0.09649859810020209,nan
6e984301,6e984301,182,513,2,temporal-reasoning,LOW48,0.25,1.0,0.5,0.5,1.0,0.5,0.5,0.07710290616216403,0.07675216248197753,0.11313195281673771
6e984301,6e984301,182,513,2,temporal-reasoning,LOW48,0.5,1.0,0.5,0.5,,,,0.07710290616216403,0.07675216248197753,0.11313195281673771
6e984301,6e984301,182,513,2,temporal-reasoning,LOW48,1.0,1.0,0.5,0.5,1.0,0.5,0.5,0.07710290616216403,0.07675216248197753,0.11313195281673771
6e984301,6e984301,182,513,2,temporal-reasoning,LOW48,2.0,1.0,0.5,0.5,,,,0.07710290616216403,0.07675216248197753,0.11313195281673771
6e984301,6e984301,182,513,2,temporal-reasoning,LOW48,4.0,1.0,0.5,0.5,1.0,0.5,0.5,0.07710290616216403,0.07675216248197753,0.11313195281673771
6e984301,6e984301,182,513,2,temporal-reasoning,HIGH48,0.25,1.0,0.5,0.5,1.0,0.5,0.5,0.07710290616216403,0.11313195281673773,0.07675216248197753
6e984301,6e984301,182,513,2,temporal-reasoning,HIGH48,0.5,1.0,0.5,0.5,,,,0.07710290616216403,0.11313195281673773,0.07675216248197753
6e984301,6e984301,182,513,2,temporal-reasoning,HIGH48,1.0,1.0,0.5,0.5,1.0,0.5,0.5,0.07710290616216403,0.11313195281673773,0.07675216248197753
6e984301,6e984301,182,513,2,temporal-reasoning,HIGH48,2.0,1.0,0.5,0.5,,,,0.07710290616216403,0.11313195281673773,0.07675216248197753
6e984301,6e984301,182,513,2,temporal-reasoning,HIGH48,4.0,1.0,0.5,0.5,1.0,0.5,0.5,0.07710290616216403,0.11313195281673773,0.07675216248197753
6e984301,6e984301,182,513,2,temporal-reasoning,FULL96,0.25,1.0,0.5,0.5,1.0,0.5,0.5,0.07710290616216403,0.09666885018915983,nan
6e984301,6e984301,182,513,2,temporal-reasoning,FULL96,0.5,1.0,0.5,0.5,,,,0.07710290616216403,0.09666885018915983,nan
6e984301,6e984301,182,513,2,temporal-reasoning,FULL96,1.0,1.0,0.5,0.5,1.0,0.5,0.5,0.07710290616216403,0.09666885018915983,nan
6e984301,6e984301,182,513,2,temporal-reasoning,FULL96,2.0,1.0,0.5,0.5,,,,0.07710290616216403,0.09666885018915983,nan
6e984301,6e984301,182,513,2,temporal-reasoning,FULL96,4.0,1.0,0.5,0.5,1.0,0.5,0.5,0.07710290616216403,0.09666885018915983,nan
6e984302,6e984302,183,460,1,temporal-reasoning,LOW48,0.25,1.0,0.0,1.0,1.0,0.0,1.0,0.08944720190309015,0.07158867359875759,0.11662443150945241
6e984302,6e984302,183,460,1,temporal-reasoning,LOW48,0.5,1.0,0.0,1.0,,,,0.08944720190309015,0.07158867359875759,0.11662443150945241
6e984302,6e984302,183,460,1,temporal-reasoning,LOW48,1.0,1.0,0.0,1.0,1.0,0.0,1.0,0.08944720190309015,0.07158867359875759,0.11662443150945241
6e984302,6e984302,183,460,1,temporal-reasoning,LOW48,2.0,1.0,0.0,1.0,,,,0.08944720190309015,0.07158867359875759,0.11662443150945241
6e984302,6e984302,183,460,1,temporal-reasoning,LOW48,4.0,1.0,0.0,1.0,1.0,0.0,1.0,0.08944720190309015,0.07158867359875759,0.11662443150945241
6e984302,6e984302,183,460,1,temporal-reasoning,HIGH48,0.25,1.0,0.0,1.0,1.0,0.0,1.0,0.08944720190309015,0.11662443150945241,0.07158867359875759
6e984302,6e984302,183,460,1,temporal-reasoning,HIGH48,0.5,1.0,0.0,1.0,,,,0.08944720190309015,0.11662443150945241,0.07158867359875759
6e984302,6e984302,183,460,1,temporal-reasoning,HIGH48,1.0,1.0,0.0,1.0,1.0,0.0,1.0,0.08944720190309015,0.11662443150945241,0.07158867359875759
6e984302,6e984302,183,460,1,temporal-reasoning,HIGH48,2.0,1.0,0.0,1.0,,,,0.08944720190309015,0.11662443150945241,0.07158867359875759
6e984302,6e984302,183,460,1,temporal-reasoning,HIGH48,4.0,1.0,0.0,1.0,1.0,0.0,1.0,0.08944720190309015,0.11662443150945241,0.07158867359875759
6e984302,6e984302,183,460,1,temporal-reasoning,FULL96,0.25,1.0,0.0,1.0,1.0,0.0,1.0,0.08944720190309015,0.09676310302107,nan
6e984302,6e984302,183,460,1,temporal-reasoning,FULL96,0.5,1.0,0.0,1.0,,,,0.08944720190309015,0.09676310302107,nan
6e984302,6e984302,183,460,1,temporal-reasoning,FULL96,1.0,1.0,0.0,1.0,1.0,0.0,1.0,0.08944720190309015,0.09676310302107,nan
6e984302,6e984302,183,460,1,temporal-reasoning,FULL96,2.0,1.0,0.0,1.0,,,,0.08944720190309015,0.09676310302107,nan
6e984302,6e984302,183,460,1,temporal-reasoning,FULL96,4.0,1.0,0.0,1.0,1.0,0.0,1.0,0.08944720190309015,0.09676310302107,nan
6f9b354f,6f9b354f,184,500,1,single-session-user,LOW48,0.25,1.0,0.0,1.0,1.0,0.0,1.0,0.05563478751842891,0.07766632561353091,0.11256057775730809
6f9b354f,6f9b354f,184,500,1,single-session-user,LOW48,0.5,1.0,0.0,1.0,,,,0.05563478751842891,0.07766632561353091,0.11256057775730809
6f9b354f,6f9b354f,184,500,1,single-session-user,LOW48,1.0,1.0,0.0,1.0,1.0,0.0,1.0,0.05563478751842891,0.07766632561353091,0.11256057775730809
6f9b354f,6f9b354f,184,500,1,single-session-user,LOW48,2.0,1.0,0.0,1.0,,,,0.05563478751842891,0.07766632561353091,0.11256057775730809
6f9b354f,6f9b354f,184,500,1,single-session-user,LOW48,4.0,1.0,1.0,0.0,1.0,1.0,0.0,0.05563478751842891,0.07766632561353091,0.11256057775730809
6f9b354f,6f9b354f,184,500,1,single-session-user,HIGH48,0.25,1.0,1.0,0.0,1.0,1.0,0.0,0.05563478751842891,0.11256057775730809,0.07766632561353091
6f9b354f,6f9b354f,184,500,1,single-session-user,HIGH48,0.5,1.0,0.0,1.0,,,,0.05563478751842891,0.11256057775730809,0.07766632561353091
6f9b354f,6f9b354f,184,500,1,single-session-user,HIGH48,1.0,1.0,0.0,1.0,1.0,0.0,1.0,0.05563478751842891,0.11256057775730809,0.07766632561353091
6f9b354f,6f9b354f,184,500,1,single-session-user,HIGH48,2.0,1.0,0.0,1.0,,,,0.05563478751842891,0.11256057775730809,0.07766632561353091
6f9b354f,6f9b354f,184,500,1,single-session-user,HIGH48,4.0,1.0,0.0,1.0,1.0,0.0,1.0,0.05563478751842891,0.11256057775730809,0.07766632561353091
6f9b354f,6f9b354f,184,500,1,single-session-user,FULL96,0.25,1.0,0.0,1.0,1.0,0.0,1.0,0.05563478751842891,0.09670041830148929,nan
6f9b354f,6f9b354f,184,500,1,single-session-user,FULL96,0.5,1.0,0.0,1.0,,,,0.05563478751842891,0.09670041830148929,nan
6f9b354f,6f9b354f,184,500,1,single-session-user,FULL96,1.0,1.0,0.0,1.0,1.0,0.0,1.0,0.05563478751842891,0.09670041830148929,nan
6f9b354f,6f9b354f,184,500,1,single-session-user,FULL96,2.0,1.0,0.0,1.0,,,,0.05563478751842891,0.09670041830148929,nan
6f9b354f,6f9b354f,184,500,1,single-session-user,FULL96,4.0,1.0,0.0,1.0,1.0,0.0,1.0,0.05563478751842891,0.09670041830148929,nan
7024f17c,7024f17c,185,483,2,multi-session,LOW48,0.25,0.0,0.0,0.0,0.0,0.0,0.0,0.10872414657049914,0.07142775455895839,0.11648924893175842
7024f17c,7024f17c,185,483,2,multi-session,LOW48,0.5,0.0,0.0,0.0,,,,0.10872414657049914,0.07142775455895839,0.11648924893175842
7024f17c,7024f17c,185,483,2,multi-session,LOW48,1.0,0.0,0.0,0.0,0.0,0.0,0.0,0.10872414657049914,0.07142775455895839,0.11648924893175842
7024f17c,7024f17c,185,483,2,multi-session,LOW48,2.0,0.0,0.0,0.0,,,,0.10872414657049914,0.07142775455895839,0.11648924893175842
7024f17c,7024f17c,185,483,2,multi-session,LOW48,4.0,0.0,0.0,0.0,0.0,0.0,0.0,0.10872414657049914,0.07142775455895839,0.11648924893175842
7024f17c,7024f17c,185,483,2,multi-session,HIGH48,0.25,0.0,0.0,0.0,0.0,0.0,0.0,0.10872414657049914,0.11648924893175841,0.07142775455895839
7024f17c,7024f17c,185,483,2,multi-session,HIGH48,0.5,0.0,0.0,0.0,,,,0.10872414657049914,0.11648924893175841,0.07142775455895839
7024f17c,7024f17c,185,483,2,multi-session,HIGH48,1.0,0.0,0.0,0.0,0.0,0.0,0.0,0.10872414657049914,0.11648924893175841,0.07142775455895839
7024f17c,7024f17c,185,483,2,multi-session,HIGH48,2.0,0.0,0.0,0.0,,,,0.10872414657049914,0.11648924893175841,0.07142775455895839
7024f17c,7024f17c,185,483,2,multi-session,HIGH48,4.0,0.0,0.0,0.0,0.0,0.0,0.0,0.10872414657049914,0.11648924893175841,0.07142775455895839
7024f17c,7024f17c,185,483,2,multi-session,FULL96,0.25,0.0,0.0,0.0,0.0,0.0,0.0,0.10872414657049914,0.09662212282396816,nan
7024f17c,7024f17c,185,483,2,multi-session,FULL96,0.5,0.0,0.0,0.0,,,,0.10872414657049914,0.09662212282396816,nan
7024f17c,7024f17c,185,483,2,multi-session,FULL96,1.0,0.0,0.0,0.0,0.0,0.0,0.0,0.10872414657049914,0.09662212282396816,nan
7024f17c,7024f17c,185,483,2,multi-session,FULL96,2.0,0.0,0.0,0.0,,,,0.10872414657049914,0.09662212282396816,nan
7024f17c,7024f17c,185,483,2,multi-session,FULL96,4.0,0.0,0.0,0.0,0.0,0.0,0.0,0.10872414657049914,0.09662212282396816,nan
70b3e69b,70b3e69b,186,495,1,single-session-assistant,LOW48,0.25,1.0,1.0,0.0,1.0,1.0,0.0,0.12205727248959225,0.07652242594550018,0.11324352381588915
70b3e69b,70b3e69b,186,495,1,single-session-assistant,LOW48,0.5,1.0,1.0,0.0,,,,0.12205727248959225,0.07652242594550018,0.11324352381588915
70b3e69b,70b3e69b,186,495,1,single-session-assistant,LOW48,1.0,1.0,1.0,0.0,1.0,1.0,0.0,0.12205727248959225,0.07652242594550018,0.11324352381588915
70b3e69b,70b3e69b,186,495,1,single-session-assistant,LOW48,2.0,1.0,1.0,0.0,,,,0.12205727248959225,0.07652242594550018,0.11324352381588915
70b3e69b,70b3e69b,186,495,1,single-session-assistant,LOW48,4.0,1.0,1.0,0.0,1.0,1.0,0.0,0.12205727248959225,0.07652242594550018,0.11324352381588915
70b3e69b,70b3e69b,186,495,1,single-session-assistant,HIGH48,0.25,1.0,1.0,0.0,1.0,1.0,0.0,0.12205727248959225,0.11324352381588913,0.07652242594550018
70b3e69b,70b3e69b,186,495,1,single-session-assistant,HIGH48,0.5,1.0,1.0,0.0,,,,0.12205727248959225,0.11324352381588913,0.07652242594550018
70b3e69b,70b3e69b,186,495,1,single-session-assistant,HIGH48,1.0,1.0,1.0,0.0,1.0,1.0,0.0,0.12205727248959225,0.11324352381588913,0.07652242594550018
70b3e69b,70b3e69b,186,495,1,single-session-assistant,HIGH48,2.0,1.0,1.0,0.0,,,,0.12205727248959225,0.11324352381588913,0.07652242594550018
70b3e69b,70b3e69b,186,495,1,single-session-assistant,HIGH48,4.0,1.0,1.0,0.0,1.0,1.0,0.0,0.12205727248959225,0.11324352381588913,0.07652242594550018
70b3e69b,70b3e69b,186,495,1,single-session-assistant,FULL96,0.25,1.0,1.0,0.0,1.0,1.0,0.0,0.12205727248959225,0.09664309949195651,nan
70b3e69b,70b3e69b,186,495,1,single-session-assistant,FULL96,0.5,1.0,1.0,0.0,,,,0.12205727248959225,0.09664309949195651,nan
70b3e69b,70b3e69b,186,495,1,single-session-assistant,FULL96,1.0,1.0,1.0,0.0,1.0,1.0,0.0,0.12205727248959225,0.09664309949195651,nan
70b3e69b,70b3e69b,186,495,1,single-session-assistant,FULL96,2.0,1.0,1.0,0.0,,,,0.12205727248959225,0.09664309949195651,nan
70b3e69b,70b3e69b,186,495,1,single-session-assistant,FULL96,4.0,1.0,1.0,0.0,1.0,1.0,0.0,0.12205727248959225,0.09664309949195651,nan
71017276,71017276,187,614,1,temporal-reasoning,LOW48,0.25,1.0,1.0,0.0,1.0,1.0,0.0,0.10577862535621947,0.07731370874931691,0.11245472945674156
71017276,71017276,187,614,1,temporal-reasoning,LOW48,0.5,1.0,1.0,0.0,,,,0.10577862535621947,0.07731370874931691,0.11245472945674156
71017276,71017276,187,614,1,temporal-reasoning,LOW48,1.0,1.0,1.0,0.0,1.0,1.0,0.0,0.10577862535621947,0.07731370874931691,0.11245472945674156
71017276,71017276,187,614,1,temporal-reasoning,LOW48,2.0,1.0,1.0,0.0,,,,0.10577862535621947,0.07731370874931691,0.11245472945674156
71017276,71017276,187,614,1,temporal-reasoning,LOW48,4.0,1.0,1.0,0.0,1.0,1.0,0.0,0.10577862535621947,0.07731370874931691,0.11245472945674156
71017276,71017276,187,614,1,temporal-reasoning,HIGH48,0.25,1.0,1.0,0.0,1.0,1.0,0.0,0.10577862535621947,0.11245472945674156,0.07731370874931691
71017276,71017276,187,614,1,temporal-reasoning,HIGH48,0.5,1.0,1.0,0.0,,,,0.10577862535621947,0.11245472945674156,0.07731370874931691
71017276,71017276,187,614,1,temporal-reasoning,HIGH48,1.0,1.0,1.0,0.0,1.0,1.0,0.0,0.10577862535621947,0.11245472945674156,0.07731370874931691
71017276,71017276,187,614,1,temporal-reasoning,HIGH48,2.0,1.0,1.0,0.0,,,,0.10577862535621947,0.11245472945674156,0.07731370874931691
71017276,71017276,187,614,1,temporal-reasoning,HIGH48,4.0,1.0,1.0,0.0,1.0,1.0,0.0,0.10577862535621947,0.11245472945674156,0.07731370874931691
71017276,71017276,187,614,1,temporal-reasoning,FULL96,0.25,1.0,1.0,0.0,1.0,1.0,0.0,0.10577862535621947,0.09649734643440497,nan
71017276,71017276,187,614,1,temporal-reasoning,FULL96,0.5,1.0,1.0,0.0,,,,0.10577862535621947,0.09649734643440497,nan
71017276,71017276,187,614,1,temporal-reasoning,FULL96,1.0,1.0,1.0,0.0,1.0,1.0,0.0,0.10577862535621947,0.09649734643440497,nan
71017276,71017276,187,614,1,temporal-reasoning,FULL96,2.0,1.0,1.0,0.0,,,,0.10577862535621947,0.09649734643440497,nan
71017276,71017276,187,614,1,temporal-reasoning,FULL96,4.0,1.0,1.0,0.0,1.0,1.0,0.0,0.10577862535621947,0.09649734643440497,nan
71017277,71017277,188,493,1,temporal-reasoning,LOW48,0.25,0.0,0.0,0.0,0.0,0.0,0.0,0.1001321732400344,0.07212473280317663,0.11607559218523039
71017277,71017277,188,493,1,temporal-reasoning,LOW48,0.5,0.0,0.0,0.0,,,,0.1001321732400344,0.07212473280317663,0.11607559218523039
71017277,71017277,188,493,1,temporal-reasoning,LOW48,1.0,0.0,0.0,0.0,0.0,0.0,0.0,0.1001321732400344,0.07212473280317663,0.11607559218523039
71017277,71017277,188,493,1,temporal-reasoning,LOW48,2.0,0.0,0.0,0.0,,,,0.1001321732400344,0.07212473280317663,0.11607559218523039
71017277,71017277,188,493,1,temporal-reasoning,LOW48,4.0,0.0,0.0,0.0,0.0,0.0,0.0,0.1001321732400344,0.07212473280317663,0.11607559218523039
71017277,71017277,188,493,1,temporal-reasoning,HIGH48,0.25,0.0,0.0,0.0,0.0,0.0,0.0,0.1001321732400344,0.1160755921852304,0.07212473280317663
71017277,71017277,188,493,1,temporal-reasoning,HIGH48,0.5,0.0,0.0,0.0,,,,0.1001321732400344,0.1160755921852304,0.07212473280317663
71017277,71017277,188,493,1,temporal-reasoning,HIGH48,1.0,0.0,0.0,0.0,0.0,0.0,0.0,0.1001321732400344,0.1160755921852304,0.07212473280317663
71017277,71017277,188,493,1,temporal-reasoning,HIGH48,2.0,0.0,0.0,0.0,,,,0.1001321732400344,0.1160755921852304,0.07212473280317663
71017277,71017277,188,493,1,temporal-reasoning,HIGH48,4.0,0.0,0.0,0.0,0.0,0.0,0.0,0.1001321732400344,0.1160755921852304,0.07212473280317663
71017277,71017277,188,493,1,temporal-reasoning,FULL96,0.25,0.0,0.0,0.0,0.0,0.0,0.0,0.1001321732400344,0.0966320862423076,nan
71017277,71017277,188,493,1,temporal-reasoning,FULL96,0.5,0.0,0.0,0.0,,,,0.1001321732400344,0.0966320862423076,nan
71017277,71017277,188,493,1,temporal-reasoning,FULL96,1.0,0.0,0.0,0.0,0.0,0.0,0.0,0.1001321732400344,0.0966320862423076,nan
71017277,71017277,188,493,1,temporal-reasoning,FULL96,2.0,0.0,0.0,0.0,,,,0.1001321732400344,0.0966320862423076,nan
71017277,71017277,188,493,1,temporal-reasoning,FULL96,4.0,0.0,0.0,0.0,0.0,0.0,0.0,0.1001321732400344,0.0966320862423076,nan
71315a70,71315a70,189,514,2,knowledge-update,LOW48,0.25,0.75,0.5,0.25,0.825,0.5,0.32499999999999996,0.09755818511395124,0.0764578147714668,0.11278246984795047
71315a70,71315a70,189,514,2,knowledge-update,LOW48,0.5,0.75,0.5,0.25,,,,0.09755818511395124,0.0764578147714668,0.11278246984795047
71315a70,71315a70,189,514,2,knowledge-update,LOW48,1.0,0.75,0.5,0.25,0.825,0.5,0.32499999999999996,0.09755818511395124,0.0764578147714668,0.11278246984795047
71315a70,71315a70,189,514,2,knowledge-update,LOW48,2.0,0.75,0.5,0.25,,,,0.09755818511395124,0.0764578147714668,0.11278246984795047
71315a70,71315a70,189,514,2,knowledge-update,LOW48,4.0,0.75,0.5,0.25,0.825,0.5,0.32499999999999996,0.09755818511395124,0.0764578147714668,0.11278246984795047
71315a70,71315a70,189,514,2,knowledge-update,HIGH48,0.25,0.75,0.5,0.25,0.825,0.5,0.32499999999999996,0.09755818511395124,0.11278246984795047,0.0764578147714668
71315a70,71315a70,189,514,2,knowledge-update,HIGH48,0.5,0.75,0.5,0.25,,,,0.09755818511395124,0.11278246984795047,0.0764578147714668
71315a70,71315a70,189,514,2,knowledge-update,HIGH48,1.0,0.75,0.5,0.25,0.825,0.5,0.32499999999999996,0.09755818511395124,0.11278246984795047,0.0764578147714668
71315a70,71315a70,189,514,2,knowledge-update,HIGH48,2.0,0.75,0.5,0.25,,,,0.09755818511395124,0.11278246984795047,0.0764578147714668
71315a70,71315a70,189,514,2,knowledge-update,HIGH48,4.0,0.75,0.5,0.25,0.825,0.5,0.32499999999999996,0.09755818511395124,0.11278246984795047,0.0764578147714668
71315a70,71315a70,189,514,2,knowledge-update,FULL96,0.25,0.75,0.5,0.25,0.825,0.5,0.32499999999999996,0.09755818511395124,0.09634750371605844,nan
71315a70,71315a70,189,514,2,knowledge-update,FULL96,0.5,0.75,0.5,0.25,,,,0.09755818511395124,0.09634750371605844,nan
71315a70,71315a70,189,514,2,knowledge-update,FULL96,1.0,0.75,0.5,0.25,0.825,0.5,0.32499999999999996,0.09755818511395124,0.09634750371605844,nan
71315a70,71315a70,189,514,2,knowledge-update,FULL96,2.0,0.75,0.5,0.25,,,,0.09755818511395124,0.09634750371605844,nan
71315a70,71315a70,189,514,2,knowledge-update,FULL96,4.0,0.75,0.5,0.25,0.825,0.5,0.32499999999999996,0.09755818511395124,0.09634750371605844,nan
7161e7e2,7161e7e2,190,550,1,single-session-assistant,LOW48,0.25,1.0,0.0,1.0,1.0,0.0,1.0,0.08934293375716057,0.07465555647661876,0.11459980411787059
7161e7e2,7161e7e2,190,550,1,single-session-assistant,LOW48,0.5,1.0,0.0,1.0,,,,0.08934293375716057,0.07465555647661876,0.11459980411787059
7161e7e2,7161e7e2,190,550,1,single-session-assistant,LOW48,1.0,1.0,0.0,1.0,1.0,0.0,1.0,0.08934293375716057,0.07465555647661876,0.11459980411787059
7161e7e2,7161e7e2,190,550,1,single-session-assistant,LOW48,2.0,1.0,0.0,1.0,,,,0.08934293375716057,0.07465555647661876,0.11459980411787059
7161e7e2,7161e7e2,190,550,1,single-session-assistant,LOW48,4.0,1.0,0.0,1.0,1.0,0.0,1.0,0.08934293375716057,0.07465555647661876,0.11459980411787059
7161e7e2,7161e7e2,190,550,1,single-session-assistant,HIGH48,0.25,1.0,0.0,1.0,1.0,0.0,1.0,0.08934293375716057,0.11459980411787059,0.07465555647661874
7161e7e2,7161e7e2,190,550,1,single-session-assistant,HIGH48,0.5,1.0,0.0,1.0,,,,0.08934293375716057,0.11459980411787059,0.07465555647661874
7161e7e2,7161e7e2,190,550,1,single-session-assistant,HIGH48,1.0,1.0,0.0,1.0,1.0,0.0,1.0,0.08934293375716057,0.11459980411787059,0.07465555647661874
7161e7e2,7161e7e2,190,550,1,single-session-assistant,HIGH48,2.0,1.0,0.0,1.0,,,,0.08934293375716057,0.11459980411787059,0.07465555647661874
7161e7e2,7161e7e2,190,550,1,single-session-assistant,HIGH48,4.0,1.0,0.0,1.0,1.0,0.0,1.0,0.08934293375716057,0.11459980411787059,0.07465555647661874
7161e7e2,7161e7e2,190,550,1,single-session-assistant,FULL96,0.25,1.0,0.0,1.0,1.0,0.0,1.0,0.08934293375716057,0.09671237567314724,nan
7161e7e2,7161e7e2,190,550,1,single-session-assistant,FULL96,0.5,1.0,0.0,1.0,,,,0.08934293375716057,0.09671237567314724,nan
7161e7e2,7161e7e2,190,550,1,single-session-assistant,FULL96,1.0,1.0,0.0,1.0,1.0,0.0,1.0,0.08934293375716057,0.09671237567314724,nan
7161e7e2,7161e7e2,190,550,1,single-session-assistant,FULL96,2.0,1.0,0.0,1.0,,,,0.08934293375716057,0.09671237567314724,nan
7161e7e2,7161e7e2,190,550,1,single-session-assistant,FULL96,4.0,1.0,0.0,1.0,1.0,0.0,1.0,0.08934293375716057,0.09671237567314724,nan
71a3fd6b,71a3fd6b,191,439,1,single-session-assistant,LOW48,0.25,1.0,1.0,0.0,1.0,1.0,0.0,0.31574353223628443,0.08049701881662452,0.11066740110296835
71a3fd6b,71a3fd6b,191,439,1,single-session-assistant,LOW48,0.5,1.0,1.0,0.0,,,,0.31574353223628443,0.08049701881662452,0.11066740110296835
71a3fd6b,71a3fd6b,191,439,1,single-session-assistant,LOW48,1.0,1.0,1.0,0.0,1.0,1.0,0.0,0.31574353223628443,0.08049701881662452,0.11066740110296835
71a3fd6b,71a3fd6b,191,439,1,single-session-assistant,LOW48,2.0,1.0,1.0,0.0,,,,0.31574353223628443,0.08049701881662452,0.11066740110296835
71a3fd6b,71a3fd6b,191,439,1,single-session-assistant,LOW48,4.0,1.0,1.0,0.0,1.0,1.0,0.0,0.31574353223628443,0.08049701881662452,0.11066740110296835
71a3fd6b,71a3fd6b,191,439,1,single-session-assistant,HIGH48,0.25,1.0,1.0,0.0,1.0,1.0,0.0,0.31574353223628443,0.11066740110296834,0.08049701881662452
71a3fd6b,71a3fd6b,191,439,1,single-session-assistant,HIGH48,0.5,1.0,1.0,0.0,,,,0.31574353223628443,0.11066740110296834,0.08049701881662452
71a3fd6b,71a3fd6b,191,439,1,single-session-assistant,HIGH48,1.0,1.0,1.0,0.0,1.0,1.0,0.0,0.31574353223628443,0.11066740110296834,0.08049701881662452
71a3fd6b,71a3fd6b,191,439,1,single-session-assistant,HIGH48,2.0,1.0,1.0,0.0,,,,0.31574353223628443,0.11066740110296834,0.08049701881662452
71a3fd6b,71a3fd6b,191,439,1,single-session-assistant,HIGH48,4.0,1.0,1.0,0.0,1.0,1.0,0.0,0.31574353223628443,0.11066740110296834,0.08049701881662452
71a3fd6b,71a3fd6b,191,439,1,single-session-assistant,FULL96,0.25,1.0,1.0,0.0,1.0,1.0,0.0,0.31574353223628443,0.09676529260341561,nan
71a3fd6b,71a3fd6b,191,439,1,single-session-assistant,FULL96,0.5,1.0,1.0,0.0,,,,0.31574353223628443,0.09676529260341561,nan
71a3fd6b,71a3fd6b,191,439,1,single-session-assistant,FULL96,1.0,1.0,1.0,0.0,1.0,1.0,0.0,0.31574353223628443,0.09676529260341561,nan
71a3fd6b,71a3fd6b,191,439,1,single-session-assistant,FULL96,2.0,1.0,1.0,0.0,,,,0.31574353223628443,0.09676529260341561,nan
71a3fd6b,71a3fd6b,191,439,1,single-session-assistant,FULL96,4.0,1.0,1.0,0.0,1.0,1.0,0.0,0.31574353223628443,0.09676529260341561,nan
720133ac,720133ac,192,466,2,multi-session,LOW48,0.25,0.5,0.0,0.5,0.5,0.0,0.5,0.10532534867932801,0.06372229531345684,0.12098362307963716
720133ac,720133ac,192,466,2,multi-session,LOW48,0.5,0.5,0.0,0.5,,,,0.10532534867932801,0.06372229531345684,0.12098362307963716
720133ac,720133ac,192,466,2,multi-session,LOW48,1.0,0.5,0.0,0.5,0.5,0.0,0.5,0.10532534867932801,0.06372229531345684,0.12098362307963716
720133ac,720133ac,192,466,2,multi-session,LOW48,2.0,0.5,0.0,0.5,,,,0.10532534867932801,0.06372229531345684,0.12098362307963716
720133ac,720133ac,192,466,2,multi-session,LOW48,4.0,0.5,0.0,0.5,0.5,0.0,0.5,0.10532534867932801,0.06372229531345684,0.12098362307963716
720133ac,720133ac,192,466,2,multi-session,HIGH48,0.25,0.5,0.0,0.5,0.5,0.0,0.5,0.10532534867932801,0.12098362307963717,0.06372229531345684
720133ac,720133ac,192,466,2,multi-session,HIGH48,0.5,0.5,0.0,0.5,,,,0.10532534867932801,0.12098362307963717,0.06372229531345684
720133ac,720133ac,192,466,2,multi-session,HIGH48,1.0,0.5,0.0,0.5,0.5,0.0,0.5,0.10532534867932801,0.12098362307963717,0.06372229531345684
720133ac,720133ac,192,466,2,multi-session,HIGH48,2.0,0.5,0.0,0.5,,,,0.10532534867932801,0.12098362307963717,0.06372229531345684
720133ac,720133ac,192,466,2,multi-session,HIGH48,4.0,0.5,0.0,0.5,0.5,0.0,0.5,0.10532534867932801,0.12098362307963717,0.06372229531345684
720133ac,720133ac,192,466,2,multi-session,FULL96,0.25,0.5,0.0,0.5,0.5,0.0,0.5,0.10532534867932801,0.09668910996976629,nan
720133ac,720133ac,192,466,2,multi-session,FULL96,0.5,0.5,0.0,0.5,,,,0.10532534867932801,0.09668910996976629,nan
720133ac,720133ac,192,466,2,multi-session,FULL96,1.0,0.5,0.0,0.5,0.5,0.0,0.5,0.10532534867932801,0.09668910996976629,nan
720133ac,720133ac,192,466,2,multi-session,FULL96,2.0,0.5,0.0,0.5,,,,0.10532534867932801,0.09668910996976629,nan
720133ac,720133ac,192,466,2,multi-session,FULL96,4.0,0.5,0.0,0.5,0.5,0.0,0.5,0.10532534867932801,0.09668910996976629,nan
726462e0,726462e0,193,501,1,single-session-user,LOW48,0.25,1.0,1.0,0.0,1.0,1.0,0.0,0.05408247606930512,0.07511668405018654,0.11379827220864121
726462e0,726462e0,193,501,1,single-session-user,LOW48,0.5,1.0,1.0,0.0,,,,0.05408247606930512,0.07511668405018654,0.11379827220864121
726462e0,726462e0,193,501,1,single-session-user,LOW48,1.0,1.0,1.0,0.0,1.0,1.0,0.0,0.05408247606930512,0.07511668405018654,0.11379827220864121
726462e0,726462e0,193,501,1,single-session-user,LOW48,2.0,1.0,1.0,0.0,,,,0.05408247606930512,0.07511668405018654,0.11379827220864121
726462e0,726462e0,193,501,1,single-session-user,LOW48,4.0,1.0,1.0,0.0,1.0,1.0,0.0,0.05408247606930512,0.07511668405018654,0.11379827220864121
726462e0,726462e0,193,501,1,single-session-user,HIGH48,0.25,1.0,1.0,0.0,1.0,1.0,0.0,0.05408247606930512,0.11379827220864121,0.07511668405018654
726462e0,726462e0,193,501,1,single-session-user,HIGH48,0.5,1.0,1.0,0.0,,,,0.05408247606930512,0.11379827220864121,0.07511668405018654
726462e0,726462e0,193,501,1,single-session-user,HIGH48,1.0,1.0,1.0,0.0,1.0,1.0,0.0,0.05408247606930512,0.11379827220864121,0.07511668405018654
726462e0,726462e0,193,501,1,single-session-user,HIGH48,2.0,1.0,1.0,0.0,,,,0.05408247606930512,0.11379827220864121,0.07511668405018654
726462e0,726462e0,193,501,1,single-session-user,HIGH48,4.0,1.0,1.0,0.0,1.0,1.0,0.0,0.05408247606930512,0.11379827220864121,0.07511668405018654
726462e0,726462e0,193,501,1,single-session-user,FULL96,0.25,1.0,1.0,0.0,1.0,1.0,0.0,0.05408247606930512,0.09641722610707992,nan
726462e0,726462e0,193,501,1,single-session-user,FULL96,0.5,1.0,1.0,0.0,,,,0.05408247606930512,0.09641722610707992,nan
726462e0,726462e0,193,501,1,single-session-user,FULL96,1.0,1.0,1.0,0.0,1.0,1.0,0.0,0.05408247606930512,0.09641722610707992,nan
726462e0,726462e0,193,501,1,single-session-user,FULL96,2.0,1.0,1.0,0.0,,,,0.05408247606930512,0.09641722610707992,nan
726462e0,726462e0,193,501,1,single-session-user,FULL96,4.0,1.0,1.0,0.0,1.0,1.0,0.0,0.05408247606930512,0.09641722610707992,nan
72e3ee87,72e3ee87,194,496,2,knowledge-update,LOW48,0.25,1.0,1.0,0.0,1.0,1.0,0.0,0.07516746721977989,0.07677482146955392,0.11318838679209382
72e3ee87,72e3ee87,194,496,2,knowledge-update,LOW48,0.5,1.0,1.0,0.0,,,,0.07516746721977989,0.07677482146955392,0.11318838679209382
72e3ee87,72e3ee87,194,496,2,knowledge-update,LOW48,1.0,1.0,1.0,0.0,1.0,1.0,0.0,0.07516746721977989,0.07677482146955392,0.11318838679209382
72e3ee87,72e3ee87,194,496,2,knowledge-update,LOW48,2.0,1.0,1.0,0.0,,,,0.07516746721977989,0.07677482146955392,0.11318838679209382
72e3ee87,72e3ee87,194,496,2,knowledge-update,LOW48,4.0,1.0,1.0,0.0,1.0,1.0,0.0,0.07516746721977989,0.07677482146955392,0.11318838679209382
72e3ee87,72e3ee87,194,496,2,knowledge-update,HIGH48,0.25,1.0,1.0,0.0,1.0,1.0,0.0,0.07516746721977989,0.11318838679209384,0.0767748214695539
72e3ee87,72e3ee87,194,496,2,knowledge-update,HIGH48,0.5,1.0,1.0,0.0,,,,0.07516746721977989,0.11318838679209384,0.0767748214695539
72e3ee87,72e3ee87,194,496,2,knowledge-update,HIGH48,1.0,1.0,1.0,0.0,1.0,1.0,0.0,0.07516746721977989,0.11318838679209384,0.0767748214695539
72e3ee87,72e3ee87,194,496,2,knowledge-update,HIGH48,2.0,1.0,1.0,0.0,,,,0.07516746721977989,0.11318838679209384,0.0767748214695539
72e3ee87,72e3ee87,194,496,2,knowledge-update,HIGH48,4.0,1.0,1.0,0.0,1.0,1.0,0.0,0.07516746721977989,0.11318838679209384,0.0767748214695539
72e3ee87,72e3ee87,194,496,2,knowledge-update,FULL96,0.25,1.0,1.0,0.0,1.0,1.0,0.0,0.07516746721977989,0.096710868355833,nan
72e3ee87,72e3ee87,194,496,2,knowledge-update,FULL96,0.5,1.0,1.0,0.0,,,,0.07516746721977989,0.096710868355833,nan
72e3ee87,72e3ee87,194,496,2,knowledge-update,FULL96,1.0,1.0,1.0,0.0,1.0,1.0,0.0,0.07516746721977989,0.096710868355833,nan
72e3ee87,72e3ee87,194,496,2,knowledge-update,FULL96,2.0,1.0,1.0,0.0,,,,0.07516746721977989,0.096710868355833,nan
72e3ee87,72e3ee87,194,496,2,knowledge-update,FULL96,4.0,1.0,1.0,0.0,1.0,1.0,0.0,0.07516746721977989,0.096710868355833,nan
73d42213,73d42213,195,516,2,multi-session,LOW48,0.25,0.5,0.0,0.5,0.5,0.0,0.5,0.08499287196050972,0.0773797618310102,0.11263783047101227
73d42213,73d42213,195,516,2,multi-session,LOW48,0.5,0.5,0.0,0.5,,,,0.08499287196050972,0.0773797618310102,0.11263783047101227
73d42213,73d42213,195,516,2,multi-session,LOW48,1.0,0.5,0.0,0.5,0.5,0.0,0.5,0.08499287196050972,0.0773797618310102,0.11263783047101227
73d42213,73d42213,195,516,2,multi-session,LOW48,2.0,0.5,0.0,0.5,,,,0.08499287196050972,0.0773797618310102,0.11263783047101227
73d42213,73d42213,195,516,2,multi-session,LOW48,4.0,0.5,0.0,0.5,0.5,0.0,0.5,0.08499287196050972,0.0773797618310102,0.11263783047101227
73d42213,73d42213,195,516,2,multi-session,HIGH48,0.25,0.5,0.0,0.5,0.5,0.0,0.5,0.08499287196050972,0.11263783047101227,0.0773797618310102
73d42213,73d42213,195,516,2,multi-session,HIGH48,0.5,0.5,0.0,0.5,,,,0.08499287196050972,0.11263783047101227,0.0773797618310102
73d42213,73d42213,195,516,2,multi-session,HIGH48,1.0,0.5,0.0,0.5,0.5,0.0,0.5,0.08499287196050972,0.11263783047101227,0.0773797618310102
73d42213,73d42213,195,516,2,multi-session,HIGH48,2.0,0.5,0.0,0.5,,,,0.08499287196050972,0.11263783047101227,0.0773797618310102
73d42213,73d42213,195,516,2,multi-session,HIGH48,4.0,0.5,0.0,0.5,0.5,0.0,0.5,0.08499287196050972,0.11263783047101227,0.0773797618310102
73d42213,73d42213,195,516,2,multi-session,FULL96,0.25,0.5,0.0,0.5,0.5,0.0,0.5,0.08499287196050972,0.09663050345061946,nan
73d42213,73d42213,195,516,2,multi-session,FULL96,0.5,0.5,0.0,0.5,,,,0.08499287196050972,0.09663050345061946,nan
73d42213,73d42213,195,516,2,multi-session,FULL96,1.0,0.5,0.0,0.5,0.5,0.0,0.5,0.08499287196050972,0.09663050345061946,nan
73d42213,73d42213,195,516,2,multi-session,FULL96,2.0,0.5,0.0,0.5,,,,0.08499287196050972,0.09663050345061946,nan
73d42213,73d42213,195,516,2,multi-session,FULL96,4.0,0.5,0.0,0.5,0.5,0.0,0.5,0.08499287196050972,0.09663050345061946,nan
7401057b,7401057b,196,446,2,knowledge-update,LOW48,0.25,0.5,0.5,0.0,0.5,0.5,0.0,0.13887329524010011,0.08182691107372413,0.10974850420724824
7401057b,7401057b,196,446,2,knowledge-update,LOW48,0.5,0.5,0.5,0.0,,,,0.13887329524010011,0.08182691107372413,0.10974850420724824
7401057b,7401057b,196,446,2,knowledge-update,LOW48,1.0,0.5,0.5,0.0,0.5,0.5,0.0,0.13887329524010011,0.08182691107372413,0.10974850420724824
7401057b,7401057b,196,446,2,knowledge-update,LOW48,2.0,0.5,0.5,0.0,,,,0.13887329524010011,0.08182691107372413,0.10974850420724824
7401057b,7401057b,196,446,2,knowledge-update,LOW48,4.0,0.5,0.5,0.0,0.5,0.5,0.0,0.13887329524010011,0.08182691107372413,0.10974850420724824
7401057b,7401057b,196,446,2,knowledge-update,HIGH48,0.25,0.5,0.5,0.0,0.5,0.5,0.0,0.13887329524010011,0.10974850420724823,0.08182691107372413
7401057b,7401057b,196,446,2,knowledge-update,HIGH48,0.5,0.5,0.5,0.0,,,,0.13887329524010011,0.10974850420724823,0.08182691107372413
7401057b,7401057b,196,446,2,knowledge-update,HIGH48,1.0,0.5,0.5,0.0,0.5,0.5,0.0,0.13887329524010011,0.10974850420724823,0.08182691107372413
7401057b,7401057b,196,446,2,knowledge-update,HIGH48,2.0,0.5,0.5,0.0,,,,0.13887329524010011,0.10974850420724823,0.08182691107372413
7401057b,7401057b,196,446,2,knowledge-update,HIGH48,4.0,0.5,0.5,0.0,0.5,0.5,0.0,0.13887329524010011,0.10974850420724823,0.08182691107372413
7401057b,7401057b,196,446,2,knowledge-update,FULL96,0.25,0.5,0.5,0.0,0.5,0.5,0.0,0.13887329524010011,0.09679973541181695,nan
7401057b,7401057b,196,446,2,knowledge-update,FULL96,0.5,0.5,0.5,0.0,,,,0.13887329524010011,0.09679973541181695,nan
7401057b,7401057b,196,446,2,knowledge-update,FULL96,1.0,0.5,0.5,0.0,0.5,0.5,0.0,0.13887329524010011,0.09679973541181695,nan
7401057b,7401057b,196,446,2,knowledge-update,FULL96,2.0,0.5,0.5,0.0,,,,0.13887329524010011,0.09679973541181695,nan
7401057b,7401057b,196,446,2,knowledge-update,FULL96,4.0,0.5,0.5,0.0,0.5,0.5,0.0,0.13887329524010011,0.09679973541181695,nan
7405e8b1,7405e8b1,197,469,2,multi-session,LOW48,0.25,0.5,0.0,0.5,0.5,0.0,0.5,0.11808502168962802,0.07331603966434627,0.11525443906798875
7405e8b1,7405e8b1,197,469,2,multi-session,LOW48,0.5,0.5,0.0,0.5,,,,0.11808502168962802,0.07331603966434627,0.11525443906798875
7405e8b1,7405e8b1,197,469,2,multi-session,LOW48,1.0,0.5,0.0,0.5,0.5,0.0,0.5,0.11808502168962802,0.07331603966434627,0.11525443906798875
7405e8b1,7405e8b1,197,469,2,multi-session,LOW48,2.0,0.5,0.0,0.5,,,,0.11808502168962802,0.07331603966434627,0.11525443906798875
7405e8b1,7405e8b1,197,469,2,multi-session,LOW48,4.0,0.5,0.0,0.5,0.5,0.0,0.5,0.11808502168962802,0.07331603966434627,0.11525443906798875
7405e8b1,7405e8b1,197,469,2,multi-session,HIGH48,0.25,0.5,0.0,0.5,0.5,0.0,0.5,0.11808502168962802,0.11525443906798877,0.07331603966434627
7405e8b1,7405e8b1,197,469,2,multi-session,HIGH48,0.5,0.5,0.0,0.5,,,,0.11808502168962802,0.11525443906798877,0.07331603966434627
7405e8b1,7405e8b1,197,469,2,multi-session,HIGH48,1.0,0.5,0.0,0.5,0.5,0.0,0.5,0.11808502168962802,0.11525443906798877,0.07331603966434627
7405e8b1,7405e8b1,197,469,2,multi-session,HIGH48,2.0,0.5,0.0,0.5,,,,0.11808502168962802,0.11525443906798877,0.07331603966434627
7405e8b1,7405e8b1,197,469,2,multi-session,HIGH48,4.0,0.5,0.0,0.5,0.5,0.0,0.5,0.11808502168962802,0.11525443906798877,0.07331603966434627
7405e8b1,7405e8b1,197,469,2,multi-session,FULL96,0.25,0.5,0.0,0.5,0.5,0.0,0.5,0.11808502168962802,0.0965888901399657,nan
7405e8b1,7405e8b1,197,469,2,multi-session,FULL96,0.5,0.5,0.0,0.5,,,,0.11808502168962802,0.0965888901399657,nan
7405e8b1,7405e8b1,197,469,2,multi-session,FULL96,1.0,0.5,0.0,0.5,0.5,0.0,0.5,0.11808502168962802,0.0965888901399657,nan
7405e8b1,7405e8b1,197,469,2,multi-session,FULL96,2.0,0.5,0.0,0.5,,,,0.11808502168962802,0.0965888901399657,nan
7405e8b1,7405e8b1,197,469,2,multi-session,FULL96,4.0,0.5,0.0,0.5,0.5,0.0,0.5,0.11808502168962802,0.0965888901399657,nan
7527f7e2,7527f7e2,198,490,1,single-session-user,LOW48,0.25,1.0,0.0,1.0,1.0,0.0,1.0,0.07608269981308474,0.069373564562531,0.11763988206309843
7527f7e2,7527f7e2,198,490,1,single-session-user,LOW48,0.5,1.0,0.0,1.0,,,,0.07608269981308474,0.069373564562531,0.11763988206309843
7527f7e2,7527f7e2,198,490,1,single-session-user,LOW48,1.0,1.0,0.0,1.0,1.0,0.0,1.0,0.07608269981308474,0.069373564562531,0.11763988206309843
7527f7e2,7527f7e2,198,490,1,single-session-user,LOW48,2.0,1.0,1.0,0.0,,,,0.07608269981308474,0.069373564562531,0.11763988206309843
7527f7e2,7527f7e2,198,490,1,single-session-user,LOW48,4.0,1.0,1.0,0.0,1.0,1.0,0.0,0.07608269981308474,0.069373564562531,0.11763988206309843
7527f7e2,7527f7e2,198,490,1,single-session-user,HIGH48,0.25,1.0,1.0,0.0,1.0,1.0,0.0,0.07608269981308474,0.11763988206309842,0.069373564562531
7527f7e2,7527f7e2,198,490,1,single-session-user,HIGH48,0.5,1.0,1.0,0.0,,,,0.07608269981308474,0.11763988206309842,0.069373564562531
7527f7e2,7527f7e2,198,490,1,single-session-user,HIGH48,1.0,1.0,0.0,1.0,1.0,0.0,1.0,0.07608269981308474,0.11763988206309842,0.069373564562531
7527f7e2,7527f7e2,198,490,1,single-session-user,HIGH48,2.0,1.0,0.0,1.0,,,,0.07608269981308474,0.11763988206309842,0.069373564562531
7527f7e2,7527f7e2,198,490,1,single-session-user,HIGH48,4.0,1.0,0.0,1.0,1.0,0.0,1.0,0.07608269981308474,0.11763988206309842,0.069373564562531
7527f7e2,7527f7e2,198,490,1,single-session-user,FULL96,0.25,1.0,0.0,1.0,1.0,0.0,1.0,0.07608269981308474,0.09657078572718399,nan
7527f7e2,7527f7e2,198,490,1,single-session-user,FULL96,0.5,1.0,0.0,1.0,,,,0.07608269981308474,0.09657078572718399,nan
7527f7e2,7527f7e2,198,490,1,single-session-user,FULL96,1.0,1.0,0.0,1.0,1.0,0.0,1.0,0.07608269981308474,0.09657078572718399,nan
7527f7e2,7527f7e2,198,490,1,single-session-user,FULL96,2.0,1.0,0.0,1.0,,,,0.07608269981308474,0.09657078572718399,nan
7527f7e2,7527f7e2,198,490,1,single-session-user,FULL96,4.0,1.0,0.0,1.0,1.0,0.0,1.0,0.07608269981308474,0.09657078572718399,nan
75499fd8,75499fd8,199,491,1,single-session-user,LOW48,0.25,0.0,1.0,-1.0,0.0,1.0,-1.0,0.1049294396252759,0.0695471812948944,0.1176204317757006
75499fd8,75499fd8,199,491,1,single-session-user,LOW48,0.5,0.0,1.0,-1.0,,,,0.1049294396252759,0.0695471812948944,0.1176204317757006
75499fd8,75499fd8,199,491,1,single-session-user,LOW48,1.0,0.0,1.0,-1.0,0.0,1.0,-1.0,0.1049294396252759,0.0695471812948944,0.1176204317757006
75499fd8,75499fd8,199,491,1,single-session-user,LOW48,2.0,0.0,0.0,0.0,,,,0.1049294396252759,0.0695471812948944,0.1176204317757006
75499fd8,75499fd8,199,491,1,single-session-user,LOW48,4.0,0.0,0.0,0.0,0.0,0.0,0.0,0.1049294396252759,0.0695471812948944,0.1176204317757006
75499fd8,75499fd8,199,491,1,single-session-user,HIGH48,0.25,0.0,0.0,0.0,0.0,0.0,0.0,0.1049294396252759,0.1176204317757006,0.0695471812948944
75499fd8,75499fd8,199,491,1,single-session-user,HIGH48,0.5,0.0,0.0,0.0,,,,0.1049294396252759,0.1176204317757006,0.0695471812948944
75499fd8,75499fd8,199,491,1,single-session-user,HIGH48,1.0,0.0,1.0,-1.0,0.0,1.0,-1.0,0.1049294396252759,0.1176204317757006,0.0695471812948944
75499fd8,75499fd8,199,491,1,single-session-user,HIGH48,2.0,0.0,1.0,-1.0,,,,0.1049294396252759,0.1176204317757006,0.0695471812948944
75499fd8,75499fd8,199,491,1,single-session-user,HIGH48,4.0,0.0,1.0,-1.0,0.0,1.0,-1.0,0.1049294396252759,0.1176204317757006,0.0695471812948944
75499fd8,75499fd8,199,491,1,single-session-user,FULL96,0.25,0.0,1.0,-1.0,0.0,1.0,-1.0,0.1049294396252759,0.09662136512481892,nan
75499fd8,75499fd8,199,491,1,single-session-user,FULL96,0.5,0.0,1.0,-1.0,,,,0.1049294396252759,0.09662136512481892,nan
75499fd8,75499fd8,199,491,1,single-session-user,FULL96,1.0,0.0,1.0,-1.0,0.0,1.0,-1.0,0.1049294396252759,0.09662136512481892,nan
75499fd8,75499fd8,199,491,1,single-session-user,FULL96,2.0,0.0,1.0,-1.0,,,,0.1049294396252759,0.09662136512481892,nan
75499fd8,75499fd8,199,491,1,single-session-user,FULL96,4.0,0.0,1.0,-1.0,0.0,1.0,-1.0,0.1049294396252759,0.09662136512481892,nan
75832dbd,75832dbd,200,474,1,single-session-preference,LOW48,0.25,0.0,0.0,0.0,0.0,0.0,0.0,0.08580482962470459,0.07814709550566827,0.11232222809340081
75832dbd,75832dbd,200,474,1,single-session-preference,LOW48,0.5,0.0,0.0,0.0,,,,0.08580482962470459,0.07814709550566827,0.11232222809340081
75832dbd,75832dbd,200,474,1,single-session-preference,LOW48,1.0,0.0,0.0,0.0,0.0,0.0,0.0,0.08580482962470459,0.07814709550566827,0.11232222809340081
75832dbd,75832dbd,200,474,1,single-session-preference,LOW48,2.0,0.0,0.0,0.0,,,,0.08580482962470459,0.07814709550566827,0.11232222809340081
75832dbd,75832dbd,200,474,1,single-session-preference,LOW48,4.0,0.0,0.0,0.0,0.0,0.0,0.0,0.08580482962470459,0.07814709550566827,0.11232222809340081
75832dbd,75832dbd,200,474,1,single-session-preference,HIGH48,0.25,0.0,0.0,0.0,0.0,0.0,0.0,0.08580482962470459,0.11232222809340081,0.07814709550566828
75832dbd,75832dbd,200,474,1,single-session-preference,HIGH48,0.5,0.0,0.0,0.0,,,,0.08580482962470459,0.11232222809340081,0.07814709550566828
75832dbd,75832dbd,200,474,1,single-session-preference,HIGH48,1.0,0.0,0.0,0.0,0.0,0.0,0.0,0.08580482962470459,0.11232222809340081,0.07814709550566828
75832dbd,75832dbd,200,474,1,single-session-preference,HIGH48,2.0,0.0,0.0,0.0,,,,0.08580482962470459,0.11232222809340081,0.07814709550566828
75832dbd,75832dbd,200,474,1,single-session-preference,HIGH48,4.0,0.0,0.0,0.0,0.0,0.0,0.0,0.08580482962470459,0.11232222809340081,0.07814709550566828
75832dbd,75832dbd,200,474,1,single-session-preference,FULL96,0.25,0.0,0.0,0.0,0.0,0.0,0.0,0.08580482962470459,0.09675549457224121,nan
75832dbd,75832dbd,200,474,1,single-session-preference,FULL96,0.5,0.0,0.0,0.0,,,,0.08580482962470459,0.09675549457224121,nan
75832dbd,75832dbd,200,474,1,single-session-preference,FULL96,1.0,0.0,0.0,0.0,0.0,0.0,0.0,0.08580482962470459,0.09675549457224121,nan
75832dbd,75832dbd,200,474,1,single-session-preference,FULL96,2.0,0.0,0.0,0.0,,,,0.08580482962470459,0.09675549457224121,nan
75832dbd,75832dbd,200,474,1,single-session-preference,FULL96,4.0,0.0,0.0,0.0,0.0,0.0,0.0,0.08580482962470459,0.09675549457224121,nan
75f70248,75f70248,201,466,1,single-session-preference,LOW48,0.25,0.0,0.0,0.0,0.0,0.0,0.0,0.07880944072946808,0.07849798358174295,0.11178892973193505
75f70248,75f70248,201,466,1,single-session-preference,LOW48,0.5,0.0,1.0,-1.0,,,,0.07880944072946808,0.07849798358174295,0.11178892973193505
75f70248,75f70248,201,466,1,single-session-preference,LOW48,1.0,0.0,1.0,-1.0,0.0,1.0,-1.0,0.07880944072946808,0.07849798358174295,0.11178892973193505
75f70248,75f70248,201,466,1,single-session-preference,LOW48,2.0,0.0,1.0,-1.0,,,,0.07880944072946808,0.07849798358174295,0.11178892973193505
75f70248,75f70248,201,466,1,single-session-preference,LOW48,4.0,0.0,1.0,-1.0,0.0,1.0,-1.0,0.07880944072946808,0.07849798358174295,0.11178892973193505
75f70248,75f70248,201,466,1,single-session-preference,HIGH48,0.25,0.0,1.0,-1.0,0.0,1.0,-1.0,0.07880944072946808,0.11178892973193505,0.07849798358174295
75f70248,75f70248,201,466,1,single-session-preference,HIGH48,0.5,0.0,1.0,-1.0,,,,0.07880944072946808,0.11178892973193505,0.07849798358174295
75f70248,75f70248,201,466,1,single-session-preference,HIGH48,1.0,0.0,1.0,-1.0,0.0,1.0,-1.0,0.07880944072946808,0.11178892973193505,0.07849798358174295
75f70248,75f70248,201,466,1,single-session-preference,HIGH48,2.0,0.0,1.0,-1.0,,,,0.07880944072946808,0.11178892973193505,0.07849798358174295
75f70248,75f70248,201,466,1,single-session-preference,HIGH48,4.0,0.0,0.0,0.0,0.0,0.0,0.0,0.07880944072946808,0.11178892973193505,0.07849798358174295
75f70248,75f70248,201,466,1,single-session-preference,FULL96,0.25,0.0,1.0,-1.0,0.0,1.0,-1.0,0.07880944072946808,0.09658855583611108,nan
75f70248,75f70248,201,466,1,single-session-preference,FULL96,0.5,0.0,1.0,-1.0,,,,0.07880944072946808,0.09658855583611108,nan
75f70248,75f70248,201,466,1,single-session-preference,FULL96,1.0,0.0,1.0,-1.0,0.0,1.0,-1.0,0.07880944072946808,0.09658855583611108,nan
75f70248,75f70248,201,466,1,single-session-preference,FULL96,2.0,0.0,1.0,-1.0,,,,0.07880944072946808,0.09658855583611108,nan
75f70248,75f70248,201,466,1,single-session-preference,FULL96,4.0,0.0,1.0,-1.0,0.0,1.0,-1.0,0.07880944072946808,0.09658855583611108,nan
76d63226,76d63226,202,489,1,single-session-user,LOW48,0.25,1.0,0.0,1.0,1.0,0.0,1.0,0.09059368240370848,0.0669379193447654,0.11879662741334962
76d63226,76d63226,202,489,1,single-session-user,LOW48,0.5,1.0,0.0,1.0,,,,0.09059368240370848,0.0669379193447654,0.11879662741334962
76d63226,76d63226,202,489,1,single-session-user,LOW48,1.0,1.0,0.0,1.0,1.0,0.0,1.0,0.09059368240370848,0.0669379193447654,0.11879662741334962
76d63226,76d63226,202,489,1,single-session-user,LOW48,2.0,1.0,1.0,0.0,,,,0.09059368240370848,0.0669379193447654,0.11879662741334962
76d63226,76d63226,202,489,1,single-session-user,LOW48,4.0,1.0,1.0,0.0,1.0,1.0,0.0,0.09059368240370848,0.0669379193447654,0.11879662741334962
76d63226,76d63226,202,489,1,single-session-user,HIGH48,0.25,1.0,1.0,0.0,1.0,1.0,0.0,0.09059368240370848,0.11879662741334962,0.06693791934476538
76d63226,76d63226,202,489,1,single-session-user,HIGH48,0.5,1.0,1.0,0.0,,,,0.09059368240370848,0.11879662741334962,0.06693791934476538
76d63226,76d63226,202,489,1,single-session-user,HIGH48,1.0,1.0,0.0,1.0,1.0,0.0,1.0,0.09059368240370848,0.11879662741334962,0.06693791934476538
76d63226,76d63226,202,489,1,single-session-user,HIGH48,2.0,1.0,0.0,1.0,,,,0.09059368240370848,0.11879662741334962,0.06693791934476538
76d63226,76d63226,202,489,1,single-session-user,HIGH48,4.0,1.0,0.0,1.0,1.0,0.0,1.0,0.09059368240370848,0.11879662741334962,0.06693791934476538
76d63226,76d63226,202,489,1,single-session-user,FULL96,0.25,1.0,0.0,1.0,1.0,0.0,1.0,0.09059368240370848,0.09641919863541837,nan
76d63226,76d63226,202,489,1,single-session-user,FULL96,0.5,1.0,0.0,1.0,,,,0.09059368240370848,0.09641919863541837,nan
76d63226,76d63226,202,489,1,single-session-user,FULL96,1.0,1.0,0.0,1.0,1.0,0.0,1.0,0.09059368240370848,0.09641919863541837,nan
76d63226,76d63226,202,489,1,single-session-user,FULL96,2.0,1.0,0.0,1.0,,,,0.09059368240370848,0.09641919863541837,nan
76d63226,76d63226,202,489,1,single-session-user,FULL96,4.0,1.0,0.0,1.0,1.0,0.0,1.0,0.09059368240370848,0.09641919863541837,nan
778164c6,778164c6,203,542,1,single-session-assistant,LOW48,0.25,1.0,1.0,0.0,1.0,1.0,0.0,0.0841628210026468,0.06748902597417088,0.11871222050123408
778164c6,778164c6,203,542,1,single-session-assistant,LOW48,0.5,1.0,1.0,0.0,,,,0.0841628210026468,0.06748902597417088,0.11871222050123408
778164c6,778164c6,203,542,1,single-session-assistant,LOW48,1.0,1.0,1.0,0.0,1.0,1.0,0.0,0.0841628210026468,0.06748902597417088,0.11871222050123408
778164c6,778164c6,203,542,1,single-session-assistant,LOW48,2.0,1.0,1.0,0.0,,,,0.0841628210026468,0.06748902597417088,0.11871222050123408
778164c6,778164c6,203,542,1,single-session-assistant,LOW48,4.0,1.0,1.0,0.0,1.0,1.0,0.0,0.0841628210026468,0.06748902597417088,0.11871222050123408
778164c6,778164c6,203,542,1,single-session-assistant,HIGH48,0.25,1.0,1.0,0.0,1.0,1.0,0.0,0.0841628210026468,0.11871222050123408,0.06748902597417088
778164c6,778164c6,203,542,1,single-session-assistant,HIGH48,0.5,1.0,1.0,0.0,,,,0.0841628210026468,0.11871222050123408,0.06748902597417088
778164c6,778164c6,203,542,1,single-session-assistant,HIGH48,1.0,1.0,1.0,0.0,1.0,1.0,0.0,0.0841628210026468,0.11871222050123408,0.06748902597417088
778164c6,778164c6,203,542,1,single-session-assistant,HIGH48,2.0,1.0,1.0,0.0,,,,0.0841628210026468,0.11871222050123408,0.06748902597417088
778164c6,778164c6,203,542,1,single-session-assistant,HIGH48,4.0,1.0,1.0,0.0,1.0,1.0,0.0,0.0841628210026468,0.11871222050123408,0.06748902597417088
778164c6,778164c6,203,542,1,single-session-assistant,FULL96,0.25,1.0,1.0,0.0,1.0,1.0,0.0,0.0841628210026468,0.09655920443768148,nan
778164c6,778164c6,203,542,1,single-session-assistant,FULL96,0.5,1.0,1.0,0.0,,,,0.0841628210026468,0.09655920443768148,nan
778164c6,778164c6,203,542,1,single-session-assistant,FULL96,1.0,1.0,1.0,0.0,1.0,1.0,0.0,0.0841628210026468,0.09655920443768148,nan
778164c6,778164c6,203,542,1,single-session-assistant,FULL96,2.0,1.0,1.0,0.0,,,,0.0841628210026468,0.09655920443768148,nan
778164c6,778164c6,203,542,1,single-session-assistant,FULL96,4.0,1.0,1.0,0.0,1.0,1.0,0.0,0.0841628210026468,0.09655920443768148,nan
77eafa52,77eafa52,204,527,2,multi-session,LOW48,0.25,0.5,0.5,0.0,0.5,0.5,0.0,0.12112904950933194,0.08154359800090108,0.10955925111539513
77eafa52,77eafa52,204,527,2,multi-session,LOW48,0.5,0.5,0.5,0.0,,,,0.12112904950933194,0.08154359800090108,0.10955925111539513
77eafa52,77eafa52,204,527,2,multi-session,LOW48,1.0,0.5,0.5,0.0,0.5,0.5,0.0,0.12112904950933194,0.08154359800090108,0.10955925111539513
77eafa52,77eafa52,204,527,2,multi-session,LOW48,2.0,0.5,0.5,0.0,,,,0.12112904950933194,0.08154359800090108,0.10955925111539513
77eafa52,77eafa52,204,527,2,multi-session,LOW48,4.0,0.5,0.5,0.0,0.5,0.5,0.0,0.12112904950933194,0.08154359800090108,0.10955925111539513
77eafa52,77eafa52,204,527,2,multi-session,HIGH48,0.25,0.5,0.5,0.0,0.5,0.5,0.0,0.12112904950933194,0.10955925111539512,0.08154359800090108
77eafa52,77eafa52,204,527,2,multi-session,HIGH48,0.5,0.5,0.5,0.0,,,,0.12112904950933194,0.10955925111539512,0.08154359800090108
77eafa52,77eafa52,204,527,2,multi-session,HIGH48,1.0,0.5,0.5,0.0,0.5,0.5,0.0,0.12112904950933194,0.10955925111539512,0.08154359800090108
77eafa52,77eafa52,204,527,2,multi-session,HIGH48,2.0,0.5,0.5,0.0,,,,0.12112904950933194,0.10955925111539512,0.08154359800090108
77eafa52,77eafa52,204,527,2,multi-session,HIGH48,4.0,0.5,0.5,0.0,0.5,0.5,0.0,0.12112904950933194,0.10955925111539512,0.08154359800090108
77eafa52,77eafa52,204,527,2,multi-session,FULL96,0.25,0.5,0.5,0.0,0.5,0.5,0.0,0.12112904950933194,0.09657273911383783,nan
77eafa52,77eafa52,204,527,2,multi-session,FULL96,0.5,0.5,0.5,0.0,,,,0.12112904950933194,0.09657273911383783,nan
77eafa52,77eafa52,204,527,2,multi-session,FULL96,1.0,0.5,0.5,0.0,0.5,0.5,0.0,0.12112904950933194,0.09657273911383783,nan
77eafa52,77eafa52,204,527,2,multi-session,FULL96,2.0,0.5,0.5,0.0,,,,0.12112904950933194,0.09657273911383783,nan
77eafa52,77eafa52,204,527,2,multi-session,FULL96,4.0,0.5,0.5,0.0,0.5,0.5,0.0,0.12112904950933194,0.09657273911383783,nan
7a87bd0c,7a87bd0c,205,506,2,knowledge-update,LOW48,0.25,1.0,1.0,0.0,1.0,1.0,0.0,0.07806705375118458,0.08408077694639358,0.10782046752130185
7a87bd0c,7a87bd0c,205,506,2,knowledge-update,LOW48,0.5,1.0,1.0,0.0,,,,0.07806705375118458,0.08408077694639358,0.10782046752130185
7a87bd0c,7a87bd0c,205,506,2,knowledge-update,LOW48,1.0,1.0,0.5,0.5,1.0,0.5,0.5,0.07806705375118458,0.08408077694639358,0.10782046752130185
7a87bd0c,7a87bd0c,205,506,2,knowledge-update,LOW48,2.0,1.0,0.5,0.5,,,,0.07806705375118458,0.08408077694639358,0.10782046752130185
7a87bd0c,7a87bd0c,205,506,2,knowledge-update,LOW48,4.0,1.0,0.5,0.5,1.0,0.5,0.5,0.07806705375118458,0.08408077694639358,0.10782046752130185
7a87bd0c,7a87bd0c,205,506,2,knowledge-update,HIGH48,0.25,1.0,0.5,0.5,1.0,0.5,0.5,0.07806705375118458,0.10782046752130185,0.08408077694639358
7a87bd0c,7a87bd0c,205,506,2,knowledge-update,HIGH48,0.5,1.0,0.5,0.5,,,,0.07806705375118458,0.10782046752130185,0.08408077694639358
7a87bd0c,7a87bd0c,205,506,2,knowledge-update,HIGH48,1.0,1.0,0.5,0.5,1.0,0.5,0.5,0.07806705375118458,0.10782046752130185,0.08408077694639358
7a87bd0c,7a87bd0c,205,506,2,knowledge-update,HIGH48,2.0,1.0,1.0,0.0,,,,0.07806705375118458,0.10782046752130185,0.08408077694639358
7a87bd0c,7a87bd0c,205,506,2,knowledge-update,HIGH48,4.0,1.0,1.0,0.0,1.0,1.0,0.0,0.07806705375118458,0.10782046752130185,0.08408077694639358
7a87bd0c,7a87bd0c,205,506,2,knowledge-update,FULL96,0.25,1.0,0.5,0.5,1.0,0.5,0.5,0.07806705375118458,0.09668203108236116,nan
7a87bd0c,7a87bd0c,205,506,2,knowledge-update,FULL96,0.5,1.0,0.5,0.5,,,,0.07806705375118458,0.09668203108236116,nan
7a87bd0c,7a87bd0c,205,506,2,knowledge-update,FULL96,1.0,1.0,0.5,0.5,1.0,0.5,0.5,0.07806705375118458,0.09668203108236116,nan
7a87bd0c,7a87bd0c,205,506,2,knowledge-update,FULL96,2.0,1.0,0.5,0.5,,,,0.07806705375118458,0.09668203108236116,nan
7a87bd0c,7a87bd0c,205,506,2,knowledge-update,FULL96,4.0,1.0,0.5,0.5,1.0,0.5,0.5,0.07806705375118458,0.09668203108236116,nan
7a8d0b71,7a8d0b71,206,489,1,single-session-assistant,LOW48,0.25,1.0,1.0,0.0,1.0,1.0,0.0,0.05985108425247963,0.07240166630245062,0.11588683832793881
7a8d0b71,7a8d0b71,206,489,1,single-session-assistant,LOW48,0.5,1.0,1.0,0.0,,,,0.05985108425247963,0.07240166630245062,0.11588683832793881
7a8d0b71,7a8d0b71,206,489,1,single-session-assistant,LOW48,1.0,1.0,1.0,0.0,1.0,1.0,0.0,0.05985108425247963,0.07240166630245062,0.11588683832793881
7a8d0b71,7a8d0b71,206,489,1,single-session-assistant,LOW48,2.0,1.0,1.0,0.0,,,,0.05985108425247963,0.07240166630245062,0.11588683832793881
7a8d0b71,7a8d0b71,206,489,1,single-session-assistant,LOW48,4.0,1.0,1.0,0.0,1.0,1.0,0.0,0.05985108425247963,0.07240166630245062,0.11588683832793881
7a8d0b71,7a8d0b71,206,489,1,single-session-assistant,HIGH48,0.25,1.0,1.0,0.0,1.0,1.0,0.0,0.05985108425247963,0.11588683832793881,0.07240166630245061
7a8d0b71,7a8d0b71,206,489,1,single-session-assistant,HIGH48,0.5,1.0,1.0,0.0,,,,0.05985108425247963,0.11588683832793881,0.07240166630245061
7a8d0b71,7a8d0b71,206,489,1,single-session-assistant,HIGH48,1.0,1.0,1.0,0.0,1.0,1.0,0.0,0.05985108425247963,0.11588683832793881,0.07240166630245061
7a8d0b71,7a8d0b71,206,489,1,single-session-assistant,HIGH48,2.0,1.0,1.0,0.0,,,,0.05985108425247963,0.11588683832793881,0.07240166630245061
7a8d0b71,7a8d0b71,206,489,1,single-session-assistant,HIGH48,4.0,1.0,1.0,0.0,1.0,1.0,0.0,0.05985108425247963,0.11588683832793881,0.07240166630245061
7a8d0b71,7a8d0b71,206,489,1,single-session-assistant,FULL96,0.25,1.0,1.0,0.0,1.0,1.0,0.0,0.05985108425247963,0.09662235916447405,nan
7a8d0b71,7a8d0b71,206,489,1,single-session-assistant,FULL96,0.5,1.0,1.0,0.0,,,,0.05985108425247963,0.09662235916447405,nan
7a8d0b71,7a8d0b71,206,489,1,single-session-assistant,FULL96,1.0,1.0,1.0,0.0,1.0,1.0,0.0,0.05985108425247963,0.09662235916447405,nan
7a8d0b71,7a8d0b71,206,489,1,single-session-assistant,FULL96,2.0,1.0,1.0,0.0,,,,0.05985108425247963,0.09662235916447405,nan
7a8d0b71,7a8d0b71,206,489,1,single-session-assistant,FULL96,4.0,1.0,1.0,0.0,1.0,1.0,0.0,0.05985108425247963,0.09662235916447405,nan
7e00a6cb,7e00a6cb,207,564,1,single-session-assistant,LOW48,0.25,1.0,1.0,0.0,1.0,1.0,0.0,0.09567057266759828,0.06606201016316121,0.11971414483623859
7e00a6cb,7e00a6cb,207,564,1,single-session-assistant,LOW48,0.5,1.0,1.0,0.0,,,,0.09567057266759828,0.06606201016316121,0.11971414483623859
7e00a6cb,7e00a6cb,207,564,1,single-session-assistant,LOW48,1.0,1.0,1.0,0.0,1.0,1.0,0.0,0.09567057266759828,0.06606201016316121,0.11971414483623859
7e00a6cb,7e00a6cb,207,564,1,single-session-assistant,LOW48,2.0,1.0,1.0,0.0,,,,0.09567057266759828,0.06606201016316121,0.11971414483623859
7e00a6cb,7e00a6cb,207,564,1,single-session-assistant,LOW48,4.0,1.0,1.0,0.0,1.0,1.0,0.0,0.09567057266759828,0.06606201016316121,0.11971414483623859
7e00a6cb,7e00a6cb,207,564,1,single-session-assistant,HIGH48,0.25,1.0,1.0,0.0,1.0,1.0,0.0,0.09567057266759828,0.11971414483623859,0.06606201016316121
7e00a6cb,7e00a6cb,207,564,1,single-session-assistant,HIGH48,0.5,1.0,1.0,0.0,,,,0.09567057266759828,0.11971414483623859,0.06606201016316121
7e00a6cb,7e00a6cb,207,564,1,single-session-assistant,HIGH48,1.0,1.0,1.0,0.0,1.0,1.0,0.0,0.09567057266759828,0.11971414483623859,0.06606201016316121
7e00a6cb,7e00a6cb,207,564,1,single-session-assistant,HIGH48,2.0,1.0,1.0,0.0,,,,0.09567057266759828,0.11971414483623859,0.06606201016316121
7e00a6cb,7e00a6cb,207,564,1,single-session-assistant,HIGH48,4.0,1.0,1.0,0.0,1.0,1.0,0.0,0.09567057266759828,0.11971414483623859,0.06606201016316121
7e00a6cb,7e00a6cb,207,564,1,single-session-assistant,FULL96,0.25,1.0,1.0,0.0,1.0,1.0,0.0,0.09567057266759828,0.0966841912120837,nan
7e00a6cb,7e00a6cb,207,564,1,single-session-assistant,FULL96,0.5,1.0,1.0,0.0,,,,0.09567057266759828,0.0966841912120837,nan
7e00a6cb,7e00a6cb,207,564,1,single-session-assistant,FULL96,1.0,1.0,1.0,0.0,1.0,1.0,0.0,0.09567057266759828,0.0966841912120837,nan
7e00a6cb,7e00a6cb,207,564,1,single-session-assistant,FULL96,2.0,1.0,1.0,0.0,,,,0.09567057266759828,0.0966841912120837,nan
7e00a6cb,7e00a6cb,207,564,1,single-session-assistant,FULL96,4.0,1.0,1.0,0.0,1.0,1.0,0.0,0.09567057266759828,0.0966841912120837,nan
7e974930,7e974930,208,502,2,knowledge-update,LOW48,0.25,1.0,0.5,0.5,1.0,0.5,0.5,0.0977649077237988,0.07960507518831403,0.11166226527054669
7e974930,7e974930,208,502,2,knowledge-update,LOW48,0.5,1.0,0.5,0.5,,,,0.0977649077237988,0.07960507518831403,0.11166226527054669
7e974930,7e974930,208,502,2,knowledge-update,LOW48,1.0,1.0,0.5,0.5,1.0,0.5,0.5,0.0977649077237988,0.07960507518831403,0.11166226527054669
7e974930,7e974930,208,502,2,knowledge-update,LOW48,2.0,1.0,1.0,0.0,,,,0.0977649077237988,0.07960507518831403,0.11166226527054669
7e974930,7e974930,208,502,2,knowledge-update,LOW48,4.0,1.0,1.0,0.0,1.0,1.0,0.0,0.0977649077237988,0.07960507518831403,0.11166226527054669
7e974930,7e974930,208,502,2,knowledge-update,HIGH48,0.25,1.0,1.0,0.0,1.0,1.0,0.0,0.0977649077237988,0.11166226527054669,0.07960507518831403
7e974930,7e974930,208,502,2,knowledge-update,HIGH48,0.5,1.0,1.0,0.0,,,,0.0977649077237988,0.11166226527054669,0.07960507518831403
7e974930,7e974930,208,502,2,knowledge-update,HIGH48,1.0,1.0,0.5,0.5,1.0,0.5,0.5,0.0977649077237988,0.11166226527054669,0.07960507518831403
7e974930,7e974930,208,502,2,knowledge-update,HIGH48,2.0,1.0,0.5,0.5,,,,0.0977649077237988,0.11166226527054669,0.07960507518831403
7e974930,7e974930,208,502,2,knowledge-update,HIGH48,4.0,1.0,0.5,0.5,1.0,0.5,0.5,0.0977649077237988,0.11166226527054669,0.07960507518831403
7e974930,7e974930,208,502,2,knowledge-update,FULL96,0.25,1.0,0.5,0.5,1.0,0.5,0.5,0.0977649077237988,0.09696759634302345,nan
7e974930,7e974930,208,502,2,knowledge-update,FULL96,0.5,1.0,0.5,0.5,,,,0.0977649077237988,0.09696759634302345,nan
7e974930,7e974930,208,502,2,knowledge-update,FULL96,1.0,1.0,0.5,0.5,1.0,0.5,0.5,0.0977649077237988,0.09696759634302345,nan
7e974930,7e974930,208,502,2,knowledge-update,FULL96,2.0,1.0,0.5,0.5,,,,0.0977649077237988,0.09696759634302345,nan
7e974930,7e974930,208,502,2,knowledge-update,FULL96,4.0,1.0,0.5,0.5,1.0,0.5,0.5,0.0977649077237988,0.09696759634302345,nan
8077ef71,8077ef71,209,554,1,temporal-reasoning,LOW48,0.25,0.0,0.0,0.0,0.0,0.0,0.0,0.11730755097386776,0.06609636158738169,0.11776281680155497
8077ef71,8077ef71,209,554,1,temporal-reasoning,LOW48,0.5,0.0,0.0,0.0,,,,0.11730755097386776,0.06609636158738169,0.11776281680155497
8077ef71,8077ef71,209,554,1,temporal-reasoning,LOW48,1.0,0.0,0.0,0.0,0.0,0.0,0.0,0.11730755097386776,0.06609636158738169,0.11776281680155497
8077ef71,8077ef71,209,554,1,temporal-reasoning,LOW48,2.0,0.0,0.0,0.0,,,,0.11730755097386776,0.06609636158738169,0.11776281680155497
8077ef71,8077ef71,209,554,1,temporal-reasoning,LOW48,4.0,0.0,0.0,0.0,0.0,0.0,0.0,0.11730755097386776,0.06609636158738169,0.11776281680155497
8077ef71,8077ef71,209,554,1,temporal-reasoning,HIGH48,0.25,0.0,0.0,0.0,0.0,0.0,0.0,0.11730755097386776,0.11776281680155497,0.06609636158738169
8077ef71,8077ef71,209,554,1,temporal-reasoning,HIGH48,0.5,0.0,0.0,0.0,,,,0.11730755097386776,0.11776281680155497,0.06609636158738169
8077ef71,8077ef71,209,554,1,temporal-reasoning,HIGH48,1.0,0.0,0.0,0.0,0.0,0.0,0.0,0.11730755097386776,0.11776281680155497,0.06609636158738169
8077ef71,8077ef71,209,554,1,temporal-reasoning,HIGH48,2.0,0.0,0.0,0.0,,,,0.11730755097386776,0.11776281680155497,0.06609636158738169
8077ef71,8077ef71,209,554,1,temporal-reasoning,HIGH48,4.0,0.0,0.0,0.0,0.0,0.0,0.0,0.11730755097386776,0.11776281680155497,0.06609636158738169
8077ef71,8077ef71,209,554,1,temporal-reasoning,FULL96,0.25,0.0,0.0,0.0,0.0,0.0,0.0,0.11730755097386776,0.09549033992013668,nan
8077ef71,8077ef71,209,554,1,temporal-reasoning,FULL96,0.5,0.0,0.0,0.0,,,,0.11730755097386776,0.09549033992013668,nan
8077ef71,8077ef71,209,554,1,temporal-reasoning,FULL96,1.0,0.0,0.0,0.0,0.0,0.0,0.0,0.11730755097386776,0.09549033992013668,nan
8077ef71,8077ef71,209,554,1,temporal-reasoning,FULL96,2.0,0.0,0.0,0.0,,,,0.11730755097386776,0.09549033992013668,nan
8077ef71,8077ef71,209,554,1,temporal-reasoning,FULL96,4.0,0.0,0.0,0.0,0.0,0.0,0.0,0.11730755097386776,0.09549033992013668,nan
80ec1f4f,80ec1f4f,210,487,2,multi-session,LOW48,0.25,0.0,0.0,0.0,0.0,0.0,0.0,0.15171079376135227,0.07107851390941694,0.11609965481168806
80ec1f4f,80ec1f4f,210,487,2,multi-session,LOW48,0.5,0.0,0.0,0.0,,,,0.15171079376135227,0.07107851390941694,0.11609965481168806
80ec1f4f,80ec1f4f,210,487,2,multi-session,LOW48,1.0,0.0,0.0,0.0,0.0,0.0,0.0,0.15171079376135227,0.07107851390941694,0.11609965481168806
80ec1f4f,80ec1f4f,210,487,2,multi-session,LOW48,2.0,0.0,0.0,0.0,,,,0.15171079376135227,0.07107851390941694,0.11609965481168806
80ec1f4f,80ec1f4f,210,487,2,multi-session,LOW48,4.0,0.0,0.0,0.0,0.0,0.0,0.0,0.15171079376135227,0.07107851390941694,0.11609965481168806
80ec1f4f,80ec1f4f,210,487,2,multi-session,HIGH48,0.25,0.0,0.0,0.0,0.0,0.0,0.0,0.15171079376135227,0.11609965481168806,0.07107851390941694
80ec1f4f,80ec1f4f,210,487,2,multi-session,HIGH48,0.5,0.0,0.0,0.0,,,,0.15171079376135227,0.11609965481168806,0.07107851390941694
80ec1f4f,80ec1f4f,210,487,2,multi-session,HIGH48,1.0,0.0,0.0,0.0,0.0,0.0,0.0,0.15171079376135227,0.11609965481168806,0.07107851390941694
80ec1f4f,80ec1f4f,210,487,2,multi-session,HIGH48,2.0,0.0,0.0,0.0,,,,0.15171079376135227,0.11609965481168806,0.07107851390941694
80ec1f4f,80ec1f4f,210,487,2,multi-session,HIGH48,4.0,0.0,0.0,0.0,0.0,0.0,0.0,0.15171079376135227,0.11609965481168806,0.07107851390941694
80ec1f4f,80ec1f4f,210,487,2,multi-session,FULL96,0.25,0.0,0.0,0.0,0.0,0.0,0.0,0.15171079376135227,0.09625820740841869,nan
80ec1f4f,80ec1f4f,210,487,2,multi-session,FULL96,0.5,0.0,0.0,0.0,,,,0.15171079376135227,0.09625820740841869,nan
80ec1f4f,80ec1f4f,210,487,2,multi-session,FULL96,1.0,0.0,0.0,0.0,0.0,0.0,0.0,0.15171079376135227,0.09625820740841869,nan
80ec1f4f,80ec1f4f,210,487,2,multi-session,FULL96,2.0,0.0,0.0,0.0,,,,0.15171079376135227,0.09625820740841869,nan
80ec1f4f,80ec1f4f,210,487,2,multi-session,FULL96,4.0,0.0,0.0,0.0,0.0,0.0,0.0,0.15171079376135227,0.09625820740841869,nan
81507db6,81507db6,212,510,3,multi-session,LOW48,0.25,0.6666666666666666,0.6666666666666666,0.0,0.6666666666666664,0.6666666666666664,0.0,0.07939387493246465,0.07933885187427374,0.11013952805437899
81507db6,81507db6,212,510,3,multi-session,LOW48,0.5,0.6666666666666666,0.6666666666666666,0.0,,,,0.07939387493246465,0.07933885187427374,0.11013952805437899
81507db6,81507db6,212,510,3,multi-session,LOW48,1.0,0.6666666666666666,0.6666666666666666,0.0,0.6666666666666664,0.6666666666666664,0.0,0.07939387493246465,0.07933885187427374,0.11013952805437899
81507db6,81507db6,212,510,3,multi-session,LOW48,2.0,0.6666666666666666,0.6666666666666666,0.0,,,,0.07939387493246465,0.07933885187427374,0.11013952805437899
81507db6,81507db6,212,510,3,multi-session,LOW48,4.0,0.6666666666666666,0.6666666666666666,0.0,0.6666666666666664,0.6666666666666664,0.0,0.07939387493246465,0.07933885187427374,0.11013952805437899
81507db6,81507db6,212,510,3,multi-session,HIGH48,0.25,0.6666666666666666,0.6666666666666666,0.0,0.6666666666666664,0.6666666666666664,0.0,0.07939387493246465,0.11013952805437897,0.07933885187427375
81507db6,81507db6,212,510,3,multi-session,HIGH48,0.5,0.6666666666666666,0.6666666666666666,0.0,,,,0.07939387493246465,0.11013952805437897,0.07933885187427375
81507db6,81507db6,212,510,3,multi-session,HIGH48,1.0,0.6666666666666666,0.6666666666666666,0.0,0.6666666666666664,0.6666666666666664,0.0,0.07939387493246465,0.11013952805437897,0.07933885187427375
81507db6,81507db6,212,510,3,multi-session,HIGH48,2.0,0.6666666666666666,0.6666666666666666,0.0,,,,0.07939387493246465,0.11013952805437897,0.07933885187427375
81507db6,81507db6,212,510,3,multi-session,HIGH48,4.0,0.6666666666666666,0.6666666666666666,0.0,0.6666666666666664,0.6666666666666664,0.0,0.07939387493246465,0.11013952805437897,0.07933885187427375
81507db6,81507db6,212,510,3,multi-session,FULL96,0.25,0.6666666666666666,0.6666666666666666,0.0,0.6666666666666664,0.6666666666666664,0.0,0.07939387493246465,0.09598273036533522,nan
81507db6,81507db6,212,510,3,multi-session,FULL96,0.5,0.6666666666666666,0.6666666666666666,0.0,,,,0.07939387493246465,0.09598273036533522,nan
81507db6,81507db6,212,510,3,multi-session,FULL96,1.0,0.6666666666666666,0.6666666666666666,0.0,0.6666666666666664,0.6666666666666664,0.0,0.07939387493246465,0.09598273036533522,nan
81507db6,81507db6,212,510,3,multi-session,FULL96,2.0,0.6666666666666666,0.6666666666666666,0.0,,,,0.07939387493246465,0.09598273036533522,nan
81507db6,81507db6,212,510,3,multi-session,FULL96,4.0,0.6666666666666666,0.6666666666666666,0.0,0.6666666666666664,0.6666666666666664,0.0,0.07939387493246465,0.09598273036533522,nan
830ce83f,830ce83f,213,511,3,knowledge-update,LOW48,0.25,0.3333333333333333,0.0,0.3333333333333333,0.3333333333333332,0.0,0.3333333333333332,0.08285959371623142,0.06505951084578505,0.12022699224480321
830ce83f,830ce83f,213,511,3,knowledge-update,LOW48,0.5,0.3333333333333333,0.0,0.3333333333333333,,,,0.08285959371623142,0.06505951084578505,0.12022699224480321
830ce83f,830ce83f,213,511,3,knowledge-update,LOW48,1.0,0.3333333333333333,0.0,0.3333333333333333,0.3333333333333332,0.0,0.3333333333333332,0.08285959371623142,0.06505951084578505,0.12022699224480321
830ce83f,830ce83f,213,511,3,knowledge-update,LOW48,2.0,0.3333333333333333,0.3333333333333333,0.0,,,,0.08285959371623142,0.06505951084578505,0.12022699224480321
830ce83f,830ce83f,213,511,3,knowledge-update,LOW48,4.0,0.3333333333333333,0.6666666666666666,-0.3333333333333333,0.3333333333333332,0.6666666666666664,-0.3333333333333332,0.08285959371623142,0.06505951084578505,0.12022699224480321
830ce83f,830ce83f,213,511,3,knowledge-update,HIGH48,0.25,0.3333333333333333,0.6666666666666666,-0.3333333333333333,0.3333333333333332,0.6666666666666664,-0.3333333333333332,0.08285959371623142,0.12022699224480321,0.06505951084578505
830ce83f,830ce83f,213,511,3,knowledge-update,HIGH48,0.5,0.3333333333333333,0.3333333333333333,0.0,,,,0.08285959371623142,0.12022699224480321,0.06505951084578505
830ce83f,830ce83f,213,511,3,knowledge-update,HIGH48,1.0,0.3333333333333333,0.0,0.3333333333333333,0.3333333333333332,0.0,0.3333333333333332,0.08285959371623142,0.12022699224480321,0.06505951084578505
830ce83f,830ce83f,213,511,3,knowledge-update,HIGH48,2.0,0.3333333333333333,0.0,0.3333333333333333,,,,0.08285959371623142,0.12022699224480321,0.06505951084578505
830ce83f,830ce83f,213,511,3,knowledge-update,HIGH48,4.0,0.3333333333333333,0.0,0.3333333333333333,0.3333333333333332,0.0,0.3333333333333332,0.08285959371623142,0.12022699224480321,0.06505951084578505
830ce83f,830ce83f,213,511,3,knowledge-update,FULL96,0.25,0.3333333333333333,0.0,0.3333333333333333,0.3333333333333332,0.0,0.3333333333333332,0.08285959371623142,0.09666247880052733,nan
830ce83f,830ce83f,213,511,3,knowledge-update,FULL96,0.5,0.3333333333333333,0.0,0.3333333333333333,,,,0.08285959371623142,0.09666247880052733,nan
830ce83f,830ce83f,213,511,3,knowledge-update,FULL96,1.0,0.3333333333333333,0.0,0.3333333333333333,0.3333333333333332,0.0,0.3333333333333332,0.08285959371623142,0.09666247880052733,nan
830ce83f,830ce83f,213,511,3,knowledge-update,FULL96,2.0,0.3333333333333333,0.0,0.3333333333333333,,,,0.08285959371623142,0.09666247880052733,nan
830ce83f,830ce83f,213,511,3,knowledge-update,FULL96,4.0,0.3333333333333333,0.0,0.3333333333333333,0.3333333333333332,0.0,0.3333333333333332,0.08285959371623142,0.09666247880052733,nan
8464fc84,8464fc84,214,484,1,single-session-assistant,LOW48,0.25,1.0,1.0,0.0,1.0,1.0,0.0,0.06463770094117614,0.07071008460251775,0.11718252633034333
8464fc84,8464fc84,214,484,1,single-session-assistant,LOW48,0.5,1.0,1.0,0.0,,,,0.06463770094117614,0.07071008460251775,0.11718252633034333
8464fc84,8464fc84,214,484,1,single-session-assistant,LOW48,1.0,1.0,1.0,0.0,1.0,1.0,0.0,0.06463770094117614,0.07071008460251775,0.11718252633034333
8464fc84,8464fc84,214,484,1,single-session-assistant,LOW48,2.0,1.0,1.0,0.0,,,,0.06463770094117614,0.07071008460251775,0.11718252633034333
8464fc84,8464fc84,214,484,1,single-session-assistant,LOW48,4.0,1.0,1.0,0.0,1.0,1.0,0.0,0.06463770094117614,0.07071008460251775,0.11718252633034333
8464fc84,8464fc84,214,484,1,single-session-assistant,HIGH48,0.25,1.0,1.0,0.0,1.0,1.0,0.0,0.06463770094117614,0.11718252633034333,0.07071008460251775
8464fc84,8464fc84,214,484,1,single-session-assistant,HIGH48,0.5,1.0,1.0,0.0,,,,0.06463770094117614,0.11718252633034333,0.07071008460251775
8464fc84,8464fc84,214,484,1,single-session-assistant,HIGH48,1.0,1.0,1.0,0.0,1.0,1.0,0.0,0.06463770094117614,0.11718252633034333,0.07071008460251775
8464fc84,8464fc84,214,484,1,single-session-assistant,HIGH48,2.0,1.0,1.0,0.0,,,,0.06463770094117614,0.11718252633034333,0.07071008460251775
8464fc84,8464fc84,214,484,1,single-session-assistant,HIGH48,4.0,1.0,1.0,0.0,1.0,1.0,0.0,0.06463770094117614,0.11718252633034333,0.07071008460251775
8464fc84,8464fc84,214,484,1,single-session-assistant,FULL96,0.25,1.0,1.0,0.0,1.0,1.0,0.0,0.06463770094117614,0.09677721979282321,nan
8464fc84,8464fc84,214,484,1,single-session-assistant,FULL96,0.5,1.0,1.0,0.0,,,,0.06463770094117614,0.09677721979282321,nan
8464fc84,8464fc84,214,484,1,single-session-assistant,FULL96,1.0,1.0,1.0,0.0,1.0,1.0,0.0,0.06463770094117614,0.09677721979282321,nan
8464fc84,8464fc84,214,484,1,single-session-assistant,FULL96,2.0,1.0,1.0,0.0,,,,0.06463770094117614,0.09677721979282321,nan
8464fc84,8464fc84,214,484,1,single-session-assistant,FULL96,4.0,1.0,1.0,0.0,1.0,1.0,0.0,0.06463770094117614,0.09677721979282321,nan
852ce960,852ce960,215,396,2,knowledge-update,LOW48,0.25,1.0,1.0,0.0,1.0,1.0,0.0,0.07368939705263926,0.07760909478334137,0.11311740121611745
852ce960,852ce960,215,396,2,knowledge-update,LOW48,0.5,1.0,1.0,0.0,,,,0.07368939705263926,0.07760909478334137,0.11311740121611745
852ce960,852ce960,215,396,2,knowledge-update,LOW48,1.0,1.0,1.0,0.0,1.0,1.0,0.0,0.07368939705263926,0.07760909478334137,0.11311740121611745
852ce960,852ce960,215,396,2,knowledge-update,LOW48,2.0,1.0,1.0,0.0,,,,0.07368939705263926,0.07760909478334137,0.11311740121611745
852ce960,852ce960,215,396,2,knowledge-update,LOW48,4.0,1.0,1.0,0.0,1.0,1.0,0.0,0.07368939705263926,0.07760909478334137,0.11311740121611745
852ce960,852ce960,215,396,2,knowledge-update,HIGH48,0.25,1.0,1.0,0.0,1.0,1.0,0.0,0.07368939705263926,0.11311740121611745,0.07760909478334138
852ce960,852ce960,215,396,2,knowledge-update,HIGH48,0.5,1.0,1.0,0.0,,,,0.07368939705263926,0.11311740121611745,0.07760909478334138
852ce960,852ce960,215,396,2,knowledge-update,HIGH48,1.0,1.0,1.0,0.0,1.0,1.0,0.0,0.07368939705263926,0.11311740121611745,0.07760909478334138
852ce960,852ce960,215,396,2,knowledge-update,HIGH48,2.0,1.0,1.0,0.0,,,,0.07368939705263926,0.11311740121611745,0.07760909478334138
852ce960,852ce960,215,396,2,knowledge-update,HIGH48,4.0,1.0,1.0,0.0,1.0,1.0,0.0,0.07368939705263926,0.11311740121611745,0.07760909478334138
852ce960,852ce960,215,396,2,knowledge-update,FULL96,0.25,1.0,1.0,0.0,1.0,1.0,0.0,0.07368939705263926,0.09700185062919613,nan
852ce960,852ce960,215,396,2,knowledge-update,FULL96,0.5,1.0,1.0,0.0,,,,0.07368939705263926,0.09700185062919613,nan
852ce960,852ce960,215,396,2,knowledge-update,FULL96,1.0,1.0,1.0,0.0,1.0,1.0,0.0,0.07368939705263926,0.09700185062919613,nan
852ce960,852ce960,215,396,2,knowledge-update,FULL96,2.0,1.0,1.0,0.0,,,,0.07368939705263926,0.09700185062919613,nan
852ce960,852ce960,215,396,2,knowledge-update,FULL96,4.0,1.0,1.0,0.0,1.0,1.0,0.0,0.07368939705263926,0.09700185062919613,nan
853b0a1d,853b0a1d,216,512,1,single-session-user,LOW48,0.25,1.0,1.0,0.0,1.0,1.0,0.0,0.16477520215253924,0.08377635006255688,0.1080294444489477
853b0a1d,853b0a1d,216,512,1,single-session-user,LOW48,0.5,1.0,1.0,0.0,,,,0.16477520215253924,0.08377635006255688,0.1080294444489477
853b0a1d,853b0a1d,216,512,1,single-session-user,LOW48,1.0,1.0,1.0,0.0,1.0,1.0,0.0,0.16477520215253924,0.08377635006255688,0.1080294444489477
853b0a1d,853b0a1d,216,512,1,single-session-user,LOW48,2.0,1.0,1.0,0.0,,,,0.16477520215253924,0.08377635006255688,0.1080294444489477
853b0a1d,853b0a1d,216,512,1,single-session-user,LOW48,4.0,1.0,1.0,0.0,1.0,1.0,0.0,0.16477520215253924,0.08377635006255688,0.1080294444489477
853b0a1d,853b0a1d,216,512,1,single-session-user,HIGH48,0.25,1.0,1.0,0.0,1.0,1.0,0.0,0.16477520215253924,0.1080294444489477,0.08377635006255688
853b0a1d,853b0a1d,216,512,1,single-session-user,HIGH48,0.5,1.0,1.0,0.0,,,,0.16477520215253924,0.1080294444489477,0.08377635006255688
853b0a1d,853b0a1d,216,512,1,single-session-user,HIGH48,1.0,1.0,1.0,0.0,1.0,1.0,0.0,0.16477520215253924,0.1080294444489477,0.08377635006255688
853b0a1d,853b0a1d,216,512,1,single-session-user,HIGH48,2.0,1.0,1.0,0.0,,,,0.16477520215253924,0.1080294444489477,0.08377635006255688
853b0a1d,853b0a1d,216,512,1,single-session-user,HIGH48,4.0,1.0,1.0,0.0,1.0,1.0,0.0,0.16477520215253924,0.1080294444489477,0.08377635006255688
853b0a1d,853b0a1d,216,512,1,single-session-user,FULL96,0.25,1.0,1.0,0.0,1.0,1.0,0.0,0.16477520215253924,0.09666653427570565,nan
853b0a1d,853b0a1d,216,512,1,single-session-user,FULL96,0.5,1.0,1.0,0.0,,,,0.16477520215253924,0.09666653427570565,nan
853b0a1d,853b0a1d,216,512,1,single-session-user,FULL96,1.0,1.0,1.0,0.0,1.0,1.0,0.0,0.16477520215253924,0.09666653427570565,nan
853b0a1d,853b0a1d,216,512,1,single-session-user,FULL96,2.0,1.0,1.0,0.0,,,,0.16477520215253924,0.09666653427570565,nan
853b0a1d,853b0a1d,216,512,1,single-session-user,FULL96,4.0,1.0,1.0,0.0,1.0,1.0,0.0,0.16477520215253924,0.09666653427570565,nan
8550ddae,8550ddae,217,453,1,single-session-user,LOW48,0.25,1.0,1.0,0.0,1.0,1.0,0.0,0.15745625457122392,0.07480887335035358,0.1147621215727168
8550ddae,8550ddae,217,453,1,single-session-user,LOW48,0.5,1.0,1.0,0.0,,,,0.15745625457122392,0.07480887335035358,0.1147621215727168
8550ddae,8550ddae,217,453,1,single-session-user,LOW48,1.0,1.0,1.0,0.0,1.0,1.0,0.0,0.15745625457122392,0.07480887335035358,0.1147621215727168
8550ddae,8550ddae,217,453,1,single-session-user,LOW48,2.0,1.0,1.0,0.0,,,,0.15745625457122392,0.07480887335035358,0.1147621215727168
8550ddae,8550ddae,217,453,1,single-session-user,LOW48,4.0,1.0,1.0,0.0,1.0,1.0,0.0,0.15745625457122392,0.07480887335035358,0.1147621215727168
8550ddae,8550ddae,217,453,1,single-session-user,HIGH48,0.25,1.0,1.0,0.0,1.0,1.0,0.0,0.15745625457122392,0.11476212157271679,0.07480887335035358
8550ddae,8550ddae,217,453,1,single-session-user,HIGH48,0.5,1.0,1.0,0.0,,,,0.15745625457122392,0.11476212157271679,0.07480887335035358
8550ddae,8550ddae,217,453,1,single-session-user,HIGH48,1.0,1.0,1.0,0.0,1.0,1.0,0.0,0.15745625457122392,0.11476212157271679,0.07480887335035358
8550ddae,8550ddae,217,453,1,single-session-user,HIGH48,2.0,1.0,1.0,0.0,,,,0.15745625457122392,0.11476212157271679,0.07480887335035358
8550ddae,8550ddae,217,453,1,single-session-user,HIGH48,4.0,1.0,1.0,0.0,1.0,1.0,0.0,0.15745625457122392,0.11476212157271679,0.07480887335035358
8550ddae,8550ddae,217,453,1,single-session-user,FULL96,0.25,1.0,1.0,0.0,1.0,1.0,0.0,0.15745625457122392,0.09686772444891094,nan
8550ddae,8550ddae,217,453,1,single-session-user,FULL96,0.5,1.0,1.0,0.0,,,,0.15745625457122392,0.09686772444891094,nan
8550ddae,8550ddae,217,453,1,single-session-user,FULL96,1.0,1.0,1.0,0.0,1.0,1.0,0.0,0.15745625457122392,0.09686772444891094,nan
8550ddae,8550ddae,217,453,1,single-session-user,FULL96,2.0,1.0,1.0,0.0,,,,0.15745625457122392,0.09686772444891094,nan
8550ddae,8550ddae,217,453,1,single-session-user,FULL96,4.0,1.0,1.0,0.0,1.0,1.0,0.0,0.15745625457122392,0.09686772444891094,nan
85fa3a3f,85fa3a3f,218,493,3,multi-session,LOW48,0.25,0.6666666666666666,0.6666666666666666,0.0,0.6666666666666664,0.6666666666666664,0.0,0.12890812467359364,0.06359192085436523,0.12104000298671039
85fa3a3f,85fa3a3f,218,493,3,multi-session,LOW48,0.5,0.6666666666666666,0.6666666666666666,0.0,,,,0.12890812467359364,0.06359192085436523,0.12104000298671039
85fa3a3f,85fa3a3f,218,493,3,multi-session,LOW48,1.0,0.6666666666666666,0.6666666666666666,0.0,0.6666666666666664,0.6666666666666664,0.0,0.12890812467359364,0.06359192085436523,0.12104000298671039
85fa3a3f,85fa3a3f,218,493,3,multi-session,LOW48,2.0,0.6666666666666666,0.3333333333333333,0.3333333333333333,,,,0.12890812467359364,0.06359192085436523,0.12104000298671039
85fa3a3f,85fa3a3f,218,493,3,multi-session,LOW48,4.0,0.6666666666666666,0.6666666666666666,0.0,0.6666666666666664,0.6666666666666664,0.0,0.12890812467359364,0.06359192085436523,0.12104000298671039
85fa3a3f,85fa3a3f,218,493,3,multi-session,HIGH48,0.25,0.6666666666666666,0.6666666666666666,0.0,0.6666666666666664,0.6666666666666664,0.0,0.12890812467359364,0.12104000298671039,0.06359192085436521
85fa3a3f,85fa3a3f,218,493,3,multi-session,HIGH48,0.5,0.6666666666666666,0.3333333333333333,0.3333333333333333,,,,0.12890812467359364,0.12104000298671039,0.06359192085436521
85fa3a3f,85fa3a3f,218,493,3,multi-session,HIGH48,1.0,0.6666666666666666,0.6666666666666666,0.0,0.6666666666666664,0.6666666666666664,0.0,0.12890812467359364,0.12104000298671039,0.06359192085436521
85fa3a3f,85fa3a3f,218,493,3,multi-session,HIGH48,2.0,0.6666666666666666,0.6666666666666666,0.0,,,,0.12890812467359364,0.12104000298671039,0.06359192085436521
85fa3a3f,85fa3a3f,218,493,3,multi-session,HIGH48,4.0,0.6666666666666666,0.6666666666666666,0.0,0.6666666666666664,0.6666666666666664,0.0,0.12890812467359364,0.12104000298671039,0.06359192085436521
85fa3a3f,85fa3a3f,218,493,3,multi-session,FULL96,0.25,0.6666666666666666,0.6666666666666666,0.0,0.6666666666666664,0.6666666666666664,0.0,0.12890812467359364,0.09668147371903965,nan
85fa3a3f,85fa3a3f,218,493,3,multi-session,FULL96,0.5,0.6666666666666666,0.6666666666666666,0.0,,,,0.12890812467359364,0.09668147371903965,nan
85fa3a3f,85fa3a3f,218,493,3,multi-session,FULL96,1.0,0.6666666666666666,0.6666666666666666,0.0,0.6666666666666664,0.6666666666666664,0.0,0.12890812467359364,0.09668147371903965,nan
85fa3a3f,85fa3a3f,218,493,3,multi-session,FULL96,2.0,0.6666666666666666,0.6666666666666666,0.0,,,,0.12890812467359364,0.09668147371903965,nan
85fa3a3f,85fa3a3f,218,493,3,multi-session,FULL96,4.0,0.6666666666666666,0.6666666666666666,0.0,0.6666666666666664,0.6666666666666664,0.0,0.12890812467359364,0.09668147371903965,nan
86b68151,86b68151,219,485,1,single-session-user,LOW48,0.25,1.0,0.0,1.0,1.0,0.0,1.0,0.09167748322047282,0.07123456483232553,0.1165886220579061
86b68151,86b68151,219,485,1,single-session-user,LOW48,0.5,1.0,1.0,0.0,,,,0.09167748322047282,0.07123456483232553,0.1165886220579061
86b68151,86b68151,219,485,1,single-session-user,LOW48,1.0,1.0,1.0,0.0,1.0,1.0,0.0,0.09167748322047282,0.07123456483232553,0.1165886220579061
86b68151,86b68151,219,485,1,single-session-user,LOW48,2.0,1.0,1.0,0.0,,,,0.09167748322047282,0.07123456483232553,0.1165886220579061
86b68151,86b68151,219,485,1,single-session-user,LOW48,4.0,1.0,1.0,0.0,1.0,1.0,0.0,0.09167748322047282,0.07123456483232553,0.1165886220579061
86b68151,86b68151,219,485,1,single-session-user,HIGH48,0.25,1.0,1.0,0.0,1.0,1.0,0.0,0.09167748322047282,0.1165886220579061,0.07123456483232553
86b68151,86b68151,219,485,1,single-session-user,HIGH48,0.5,1.0,1.0,0.0,,,,0.09167748322047282,0.1165886220579061,0.07123456483232553
86b68151,86b68151,219,485,1,single-session-user,HIGH48,1.0,1.0,1.0,0.0,1.0,1.0,0.0,0.09167748322047282,0.1165886220579061,0.07123456483232553
86b68151,86b68151,219,485,1,single-session-user,HIGH48,2.0,1.0,1.0,0.0,,,,0.09167748322047282,0.1165886220579061,0.07123456483232553
86b68151,86b68151,219,485,1,single-session-user,HIGH48,4.0,1.0,0.0,1.0,1.0,0.0,1.0,0.09167748322047282,0.1165886220579061,0.07123456483232553
86b68151,86b68151,219,485,1,single-session-user,FULL96,0.25,1.0,1.0,0.0,1.0,1.0,0.0,0.09167748322047282,0.09661073962094498,nan
86b68151,86b68151,219,485,1,single-session-user,FULL96,0.5,1.0,1.0,0.0,,,,0.09167748322047282,0.09661073962094498,nan
86b68151,86b68151,219,485,1,single-session-user,FULL96,1.0,1.0,1.0,0.0,1.0,1.0,0.0,0.09167748322047282,0.09661073962094498,nan
86b68151,86b68151,219,485,1,single-session-user,FULL96,2.0,1.0,1.0,0.0,,,,0.09167748322047282,0.09661073962094498,nan
86b68151,86b68151,219,485,1,single-session-user,FULL96,4.0,1.0,1.0,0.0,1.0,1.0,0.0,0.09167748322047282,0.09661073962094498,nan
86f00804,86f00804,220,503,1,single-session-user,LOW48,0.25,1.0,1.0,0.0,1.0,1.0,0.0,0.1225575734272606,0.07053526777575127,0.11723797942106007
86f00804,86f00804,220,503,1,single-session-user,LOW48,0.5,1.0,1.0,0.0,,,,0.1225575734272606,0.07053526777575127,0.11723797942106007
86f00804,86f00804,220,503,1,single-session-user,LOW48,1.0,1.0,1.0,0.0,1.0,1.0,0.0,0.1225575734272606,0.07053526777575127,0.11723797942106007
86f00804,86f00804,220,503,1,single-session-user,LOW48,2.0,1.0,1.0,0.0,,,,0.1225575734272606,0.07053526777575127,0.11723797942106007
86f00804,86f00804,220,503,1,single-session-user,LOW48,4.0,1.0,1.0,0.0,1.0,1.0,0.0,0.1225575734272606,0.07053526777575127,0.11723797942106007
86f00804,86f00804,220,503,1,single-session-user,HIGH48,0.25,1.0,1.0,0.0,1.0,1.0,0.0,0.1225575734272606,0.11723797942106004,0.07053526777575127
86f00804,86f00804,220,503,1,single-session-user,HIGH48,0.5,1.0,1.0,0.0,,,,0.1225575734272606,0.11723797942106004,0.07053526777575127
86f00804,86f00804,220,503,1,single-session-user,HIGH48,1.0,1.0,1.0,0.0,1.0,1.0,0.0,0.1225575734272606,0.11723797942106004,0.07053526777575127
86f00804,86f00804,220,503,1,single-session-user,HIGH48,2.0,1.0,1.0,0.0,,,,0.1225575734272606,0.11723797942106004,0.07053526777575127
86f00804,86f00804,220,503,1,single-session-user,HIGH48,4.0,1.0,1.0,0.0,1.0,1.0,0.0,0.1225575734272606,0.11723797942106004,0.07053526777575127
86f00804,86f00804,220,503,1,single-session-user,FULL96,0.25,1.0,1.0,0.0,1.0,1.0,0.0,0.1225575734272606,0.09674700982182818,nan
86f00804,86f00804,220,503,1,single-session-user,FULL96,0.5,1.0,1.0,0.0,,,,0.1225575734272606,0.09674700982182818,nan
86f00804,86f00804,220,503,1,single-session-user,FULL96,1.0,1.0,1.0,0.0,1.0,1.0,0.0,0.1225575734272606,0.09674700982182818,nan
86f00804,86f00804,220,503,1,single-session-user,FULL96,2.0,1.0,1.0,0.0,,,,0.1225575734272606,0.09674700982182818,nan
86f00804,86f00804,220,503,1,single-session-user,FULL96,4.0,1.0,1.0,0.0,1.0,1.0,0.0,0.1225575734272606,0.09674700982182818,nan
8752c811,8752c811,221,493,1,single-session-assistant,LOW48,0.25,1.0,1.0,0.0,1.0,1.0,0.0,0.06080144216324184,0.08251432980377943,0.10880731878925261
8752c811,8752c811,221,493,1,single-session-assistant,LOW48,0.5,1.0,1.0,0.0,,,,0.06080144216324184,0.08251432980377943,0.10880731878925261
8752c811,8752c811,221,493,1,single-session-assistant,LOW48,1.0,1.0,1.0,0.0,1.0,1.0,0.0,0.06080144216324184,0.08251432980377943,0.10880731878925261
8752c811,8752c811,221,493,1,single-session-assistant,LOW48,2.0,1.0,1.0,0.0,,,,0.06080144216324184,0.08251432980377943,0.10880731878925261
8752c811,8752c811,221,493,1,single-session-assistant,LOW48,4.0,1.0,1.0,0.0,1.0,1.0,0.0,0.06080144216324184,0.08251432980377943,0.10880731878925261
8752c811,8752c811,221,493,1,single-session-assistant,HIGH48,0.25,1.0,1.0,0.0,1.0,1.0,0.0,0.06080144216324184,0.10880731878925261,0.08251432980377943
8752c811,8752c811,221,493,1,single-session-assistant,HIGH48,0.5,1.0,1.0,0.0,,,,0.06080144216324184,0.10880731878925261,0.08251432980377943
8752c811,8752c811,221,493,1,single-session-assistant,HIGH48,1.0,1.0,1.0,0.0,1.0,1.0,0.0,0.06080144216324184,0.10880731878925261,0.08251432980377943
8752c811,8752c811,221,493,1,single-session-assistant,HIGH48,2.0,1.0,1.0,0.0,,,,0.06080144216324184,0.10880731878925261,0.08251432980377943
8752c811,8752c811,221,493,1,single-session-assistant,HIGH48,4.0,1.0,1.0,0.0,1.0,1.0,0.0,0.06080144216324184,0.10880731878925261,0.08251432980377943
8752c811,8752c811,221,493,1,single-session-assistant,FULL96,0.25,1.0,1.0,0.0,1.0,1.0,0.0,0.06080144216324184,0.09655994833540697,nan
8752c811,8752c811,221,493,1,single-session-assistant,FULL96,0.5,1.0,1.0,0.0,,,,0.06080144216324184,0.09655994833540697,nan
8752c811,8752c811,221,493,1,single-session-assistant,FULL96,1.0,1.0,1.0,0.0,1.0,1.0,0.0,0.06080144216324184,0.09655994833540697,nan
8752c811,8752c811,221,493,1,single-session-assistant,FULL96,2.0,1.0,1.0,0.0,,,,0.06080144216324184,0.09655994833540697,nan
8752c811,8752c811,221,493,1,single-session-assistant,FULL96,4.0,1.0,1.0,0.0,1.0,1.0,0.0,0.06080144216324184,0.09655994833540697,nan
87f22b4a,87f22b4a,222,474,2,multi-session,LOW48,0.25,0.6666666666666666,0.5,0.16666666666666663,0.725,0.5,0.22499999999999998,0.07017485185593321,0.06632950372107757,0.11938679565004219
87f22b4a,87f22b4a,222,474,2,multi-session,LOW48,0.5,0.6666666666666666,0.5,0.16666666666666663,,,,0.07017485185593321,0.06632950372107757,0.11938679565004219
87f22b4a,87f22b4a,222,474,2,multi-session,LOW48,1.0,0.6666666666666666,0.5,0.16666666666666663,0.725,0.5,0.22499999999999998,0.07017485185593321,0.06632950372107757,0.11938679565004219
87f22b4a,87f22b4a,222,474,2,multi-session,LOW48,2.0,0.6666666666666666,0.5,0.16666666666666663,,,,0.07017485185593321,0.06632950372107757,0.11938679565004219
87f22b4a,87f22b4a,222,474,2,multi-session,LOW48,4.0,0.6666666666666666,0.5,0.16666666666666663,0.725,0.5,0.22499999999999998,0.07017485185593321,0.06632950372107757,0.11938679565004219
87f22b4a,87f22b4a,222,474,2,multi-session,HIGH48,0.25,0.6666666666666666,0.5,0.16666666666666663,0.725,0.5,0.22499999999999998,0.07017485185593321,0.1193867956500422,0.06632950372107757
87f22b4a,87f22b4a,222,474,2,multi-session,HIGH48,0.5,0.6666666666666666,0.5,0.16666666666666663,,,,0.07017485185593321,0.1193867956500422,0.06632950372107757
87f22b4a,87f22b4a,222,474,2,multi-session,HIGH48,1.0,0.6666666666666666,0.5,0.16666666666666663,0.725,0.5,0.22499999999999998,0.07017485185593321,0.1193867956500422,0.06632950372107757
87f22b4a,87f22b4a,222,474,2,multi-session,HIGH48,2.0,0.6666666666666666,0.5,0.16666666666666663,,,,0.07017485185593321,0.1193867956500422,0.06632950372107757
87f22b4a,87f22b4a,222,474,2,multi-session,HIGH48,4.0,0.6666666666666666,0.5,0.16666666666666663,0.725,0.5,0.22499999999999998,0.07017485185593321,0.1193867956500422,0.06632950372107757
87f22b4a,87f22b4a,222,474,2,multi-session,FULL96,0.25,0.6666666666666666,0.5,0.16666666666666663,0.725,0.5,0.22499999999999998,0.07017485185593321,0.09657331422155237,nan
87f22b4a,87f22b4a,222,474,2,multi-session,FULL96,0.5,0.6666666666666666,0.5,0.16666666666666663,,,,0.07017485185593321,0.09657331422155237,nan
87f22b4a,87f22b4a,222,474,2,multi-session,FULL96,1.0,0.6666666666666666,0.5,0.16666666666666663,0.725,0.5,0.22499999999999998,0.07017485185593321,0.09657331422155237,nan
87f22b4a,87f22b4a,222,474,2,multi-session,FULL96,2.0,0.6666666666666666,0.5,0.16666666666666663,,,,0.07017485185593321,0.09657331422155237,nan
87f22b4a,87f22b4a,222,474,2,multi-session,FULL96,4.0,0.6666666666666666,0.5,0.16666666666666663,0.725,0.5,0.22499999999999998,0.07017485185593321,0.09657331422155237,nan
88432d0a,88432d0a,223,479,4,multi-session,LOW48,0.25,0.0,0.0,0.0,0.0,0.0,0.0,0.10991732059982907,0.07470812435201195,0.11460721213508338
88432d0a,88432d0a,223,479,4,multi-session,LOW48,0.5,0.0,0.0,0.0,,,,0.10991732059982907,0.07470812435201195,0.11460721213508338
88432d0a,88432d0a,223,479,4,multi-session,LOW48,1.0,0.0,0.0,0.0,0.0,0.0,0.0,0.10991732059982907,0.07470812435201195,0.11460721213508338
88432d0a,88432d0a,223,479,4,multi-session,LOW48,2.0,0.0,0.0,0.0,,,,0.10991732059982907,0.07470812435201195,0.11460721213508338
88432d0a,88432d0a,223,479,4,multi-session,LOW48,4.0,0.0,0.0,0.0,0.0,0.0,0.0,0.10991732059982907,0.07470812435201195,0.11460721213508338
88432d0a,88432d0a,223,479,4,multi-session,HIGH48,0.25,0.0,0.0,0.0,0.0,0.0,0.0,0.10991732059982907,0.11460721213508338,0.07470812435201195
88432d0a,88432d0a,223,479,4,multi-session,HIGH48,0.5,0.0,0.0,0.0,,,,0.10991732059982907,0.11460721213508338,0.07470812435201195
88432d0a,88432d0a,223,479,4,multi-session,HIGH48,1.0,0.0,0.0,0.0,0.0,0.0,0.0,0.10991732059982907,0.11460721213508338,0.07470812435201195
88432d0a,88432d0a,223,479,4,multi-session,HIGH48,2.0,0.0,0.0,0.0,,,,0.10991732059982907,0.11460721213508338,0.07470812435201195
88432d0a,88432d0a,223,479,4,multi-session,HIGH48,4.0,0.0,0.0,0.0,0.0,0.0,0.0,0.10991732059982907,0.11460721213508338,0.07470812435201195
88432d0a,88432d0a,223,479,4,multi-session,FULL96,0.25,0.0,0.0,0.0,0.0,0.0,0.0,0.10991732059982907,0.09673705835296957,nan
88432d0a,88432d0a,223,479,4,multi-session,FULL96,0.5,0.0,0.0,0.0,,,,0.10991732059982907,0.09673705835296957,nan
88432d0a,88432d0a,223,479,4,multi-session,FULL96,1.0,0.0,0.0,0.0,0.0,0.0,0.0,0.10991732059982907,0.09673705835296957,nan
88432d0a,88432d0a,223,479,4,multi-session,FULL96,2.0,0.0,0.0,0.0,,,,0.10991732059982907,0.09673705835296957,nan
88432d0a,88432d0a,223,479,4,multi-session,FULL96,4.0,0.0,0.0,0.0,0.0,0.0,0.0,0.10991732059982907,0.09673705835296957,nan
89527b6b,89527b6b,225,467,1,single-session-assistant,LOW48,0.25,1.0,1.0,0.0,1.0,1.0,0.0,0.05407301701594905,0.08186770253192216,0.10963785865370598
89527b6b,89527b6b,225,467,1,single-session-assistant,LOW48,0.5,1.0,1.0,0.0,,,,0.05407301701594905,0.08186770253192216,0.10963785865370598
89527b6b,89527b6b,225,467,1,single-session-assistant,LOW48,1.0,1.0,1.0,0.0,1.0,1.0,0.0,0.05407301701594905,0.08186770253192216,0.10963785865370598
89527b6b,89527b6b,225,467,1,single-session-assistant,LOW48,2.0,1.0,1.0,0.0,,,,0.05407301701594905,0.08186770253192216,0.10963785865370598
89527b6b,89527b6b,225,467,1,single-session-assistant,LOW48,4.0,1.0,1.0,0.0,1.0,1.0,0.0,0.05407301701594905,0.08186770253192216,0.10963785865370598
89527b6b,89527b6b,225,467,1,single-session-assistant,HIGH48,0.25,1.0,1.0,0.0,1.0,1.0,0.0,0.05407301701594905,0.10963785865370597,0.08186770253192216
89527b6b,89527b6b,225,467,1,single-session-assistant,HIGH48,0.5,1.0,1.0,0.0,,,,0.05407301701594905,0.10963785865370597,0.08186770253192216
89527b6b,89527b6b,225,467,1,single-session-assistant,HIGH48,1.0,1.0,1.0,0.0,1.0,1.0,0.0,0.05407301701594905,0.10963785865370597,0.08186770253192216
89527b6b,89527b6b,225,467,1,single-session-assistant,HIGH48,2.0,1.0,1.0,0.0,,,,0.05407301701594905,0.10963785865370597,0.08186770253192216
89527b6b,89527b6b,225,467,1,single-session-assistant,HIGH48,4.0,1.0,1.0,0.0,1.0,1.0,0.0,0.05407301701594905,0.10963785865370597,0.08186770253192216
89527b6b,89527b6b,225,467,1,single-session-assistant,FULL96,0.25,1.0,1.0,0.0,1.0,1.0,0.0,0.05407301701594905,0.09675427837575273,nan
89527b6b,89527b6b,225,467,1,single-session-assistant,FULL96,0.5,1.0,1.0,0.0,,,,0.05407301701594905,0.09675427837575273,nan
89527b6b,89527b6b,225,467,1,single-session-assistant,FULL96,1.0,1.0,1.0,0.0,1.0,1.0,0.0,0.05407301701594905,0.09675427837575273,nan
89527b6b,89527b6b,225,467,1,single-session-assistant,FULL96,2.0,1.0,1.0,0.0,,,,0.05407301701594905,0.09675427837575273,nan
89527b6b,89527b6b,225,467,1,single-session-assistant,FULL96,4.0,1.0,1.0,0.0,1.0,1.0,0.0,0.05407301701594905,0.09675427837575273,nan
8979f9ec,8979f9ec,226,469,2,multi-session,LOW48,0.25,0.75,0.5,0.25,0.775,0.5,0.275,0.192243885948943,0.07979094384747486,0.11101874564053582
8979f9ec,8979f9ec,226,469,2,multi-session,LOW48,0.5,0.75,0.5,0.25,,,,0.192243885948943,0.07979094384747486,0.11101874564053582
8979f9ec,8979f9ec,226,469,2,multi-session,LOW48,1.0,0.75,0.5,0.25,0.775,0.5,0.275,0.192243885948943,0.07979094384747486,0.11101874564053582
8979f9ec,8979f9ec,226,469,2,multi-session,LOW48,2.0,0.75,0.5,0.25,,,,0.192243885948943,0.07979094384747486,0.11101874564053582
8979f9ec,8979f9ec,226,469,2,multi-session,LOW48,4.0,0.75,0.5,0.25,0.775,0.5,0.275,0.192243885948943,0.07979094384747486,0.11101874564053582
8979f9ec,8979f9ec,226,469,2,multi-session,HIGH48,0.25,0.75,0.5,0.25,0.775,0.5,0.275,0.192243885948943,0.11101874564053582,0.07979094384747486
8979f9ec,8979f9ec,226,469,2,multi-session,HIGH48,0.5,0.75,0.5,0.25,,,,0.192243885948943,0.11101874564053582,0.07979094384747486
8979f9ec,8979f9ec,226,469,2,multi-session,HIGH48,1.0,0.75,0.5,0.25,0.775,0.5,0.275,0.192243885948943,0.11101874564053582,0.07979094384747486
8979f9ec,8979f9ec,226,469,2,multi-session,HIGH48,2.0,0.75,0.5,0.25,,,,0.192243885948943,0.11101874564053582,0.07979094384747486
8979f9ec,8979f9ec,226,469,2,multi-session,HIGH48,4.0,0.75,0.5,0.25,0.775,0.5,0.275,0.192243885948943,0.11101874564053582,0.07979094384747486
8979f9ec,8979f9ec,226,469,2,multi-session,FULL96,0.25,0.75,0.5,0.25,0.775,0.5,0.275,0.192243885948943,0.09667408288592368,nan
8979f9ec,8979f9ec,226,469,2,multi-session,FULL96,0.5,0.75,0.5,0.25,,,,0.192243885948943,0.09667408288592368,nan
8979f9ec,8979f9ec,226,469,2,multi-session,FULL96,1.0,0.75,0.5,0.25,0.775,0.5,0.275,0.192243885948943,0.09667408288592368,nan
8979f9ec,8979f9ec,226,469,2,multi-session,FULL96,2.0,0.75,0.5,0.25,,,,0.192243885948943,0.09667408288592368,nan
8979f9ec,8979f9ec,226,469,2,multi-session,FULL96,4.0,0.75,0.5,0.25,0.775,0.5,0.275,0.192243885948943,0.09667408288592368,nan
89941a93,89941a93,227,528,2,knowledge-update,LOW48,0.25,0.5,0.5,0.0,0.5,0.5,0.0,0.12709119333085522,0.07399341964132833,0.11528164971968302
89941a93,89941a93,227,528,2,knowledge-update,LOW48,0.5,0.5,0.5,0.0,,,,0.12709119333085522,0.07399341964132833,0.11528164971968302
89941a93,89941a93,227,528,2,knowledge-update,LOW48,1.0,0.5,0.5,0.0,0.5,0.5,0.0,0.12709119333085522,0.07399341964132833,0.11528164971968302
89941a93,89941a93,227,528,2,knowledge-update,LOW48,2.0,0.5,1.0,-0.5,,,,0.12709119333085522,0.07399341964132833,0.11528164971968302
89941a93,89941a93,227,528,2,knowledge-update,LOW48,4.0,0.5,0.5,0.0,0.5,0.5,0.0,0.12709119333085522,0.07399341964132833,0.11528164971968302
89941a93,89941a93,227,528,2,knowledge-update,HIGH48,0.25,0.5,0.5,0.0,0.5,0.5,0.0,0.12709119333085522,0.11528164971968302,0.07399341964132833
89941a93,89941a93,227,528,2,knowledge-update,HIGH48,0.5,0.5,1.0,-0.5,,,,0.12709119333085522,0.11528164971968302,0.07399341964132833
89941a93,89941a93,227,528,2,knowledge-update,HIGH48,1.0,0.5,0.5,0.0,0.5,0.5,0.0,0.12709119333085522,0.11528164971968302,0.07399341964132833
89941a93,89941a93,227,528,2,knowledge-update,HIGH48,2.0,0.5,0.5,0.0,,,,0.12709119333085522,0.11528164971968302,0.07399341964132833
89941a93,89941a93,227,528,2,knowledge-update,HIGH48,4.0,0.5,0.5,0.0,0.5,0.5,0.0,0.12709119333085522,0.11528164971968302,0.07399341964132833
89941a93,89941a93,227,528,2,knowledge-update,FULL96,0.25,0.5,0.5,0.0,0.5,0.5,0.0,0.12709119333085522,0.09686300870897364,nan
89941a93,89941a93,227,528,2,knowledge-update,FULL96,0.5,0.5,0.5,0.0,,,,0.12709119333085522,0.09686300870897364,nan
89941a93,89941a93,227,528,2,knowledge-update,FULL96,1.0,0.5,0.5,0.0,0.5,0.5,0.0,0.12709119333085522,0.09686300870897364,nan
89941a93,89941a93,227,528,2,knowledge-update,FULL96,2.0,0.5,0.5,0.0,,,,0.12709119333085522,0.09686300870897364,nan
89941a93,89941a93,227,528,2,knowledge-update,FULL96,4.0,0.5,0.5,0.0,0.5,0.5,0.0,0.12709119333085522,0.09686300870897364,nan
89941a94,89941a94,228,523,2,knowledge-update,LOW48,0.25,1.0,0.5,0.5,1.0,0.5,0.5,0.12532793944753778,0.07566863010719681,0.11396145692484583
89941a94,89941a94,228,523,2,knowledge-update,LOW48,0.5,1.0,0.5,0.5,,,,0.12532793944753778,0.07566863010719681,0.11396145692484583
89941a94,89941a94,228,523,2,knowledge-update,LOW48,1.0,1.0,1.0,0.0,1.0,1.0,0.0,0.12532793944753778,0.07566863010719681,0.11396145692484583
89941a94,89941a94,228,523,2,knowledge-update,LOW48,2.0,1.0,1.0,0.0,,,,0.12532793944753778,0.07566863010719681,0.11396145692484583
89941a94,89941a94,228,523,2,knowledge-update,LOW48,4.0,1.0,1.0,0.0,1.0,1.0,0.0,0.12532793944753778,0.07566863010719681,0.11396145692484583
89941a94,89941a94,228,523,2,knowledge-update,HIGH48,0.25,1.0,1.0,0.0,1.0,1.0,0.0,0.12532793944753778,0.11396145692484583,0.07566863010719681
89941a94,89941a94,228,523,2,knowledge-update,HIGH48,0.5,1.0,1.0,0.0,,,,0.12532793944753778,0.11396145692484583,0.07566863010719681
89941a94,89941a94,228,523,2,knowledge-update,HIGH48,1.0,1.0,1.0,0.0,1.0,1.0,0.0,0.12532793944753778,0.11396145692484583,0.07566863010719681
89941a94,89941a94,228,523,2,knowledge-update,HIGH48,2.0,1.0,0.5,0.5,,,,0.12532793944753778,0.11396145692484583,0.07566863010719681
89941a94,89941a94,228,523,2,knowledge-update,HIGH48,4.0,1.0,0.5,0.5,1.0,0.5,0.5,0.12532793944753778,0.11396145692484583,0.07566863010719681
89941a94,89941a94,228,523,2,knowledge-update,FULL96,0.25,1.0,1.0,0.0,1.0,1.0,0.0,0.12532793944753778,0.09672888722282827,nan
89941a94,89941a94,228,523,2,knowledge-update,FULL96,0.5,1.0,1.0,0.0,,,,0.12532793944753778,0.09672888722282827,nan
89941a94,89941a94,228,523,2,knowledge-update,FULL96,1.0,1.0,1.0,0.0,1.0,1.0,0.0,0.12532793944753778,0.09672888722282827,nan
89941a94,89941a94,228,523,2,knowledge-update,FULL96,2.0,1.0,1.0,0.0,,,,0.12532793944753778,0.09672888722282827,nan
89941a94,89941a94,228,523,2,knowledge-update,FULL96,4.0,1.0,1.0,0.0,1.0,1.0,0.0,0.12532793944753778,0.09672888722282827,nan
8a137a7f,8a137a7f,229,512,1,single-session-user,LOW48,0.25,1.0,1.0,0.0,1.0,1.0,0.0,0.22967645258120203,0.07510892739359878,0.11435065151092766
8a137a7f,8a137a7f,229,512,1,single-session-user,LOW48,0.5,1.0,1.0,0.0,,,,0.22967645258120203,0.07510892739359878,0.11435065151092766
8a137a7f,8a137a7f,229,512,1,single-session-user,LOW48,1.0,1.0,1.0,0.0,1.0,1.0,0.0,0.22967645258120203,0.07510892739359878,0.11435065151092766
8a137a7f,8a137a7f,229,512,1,single-session-user,LOW48,2.0,1.0,1.0,0.0,,,,0.22967645258120203,0.07510892739359878,0.11435065151092766
8a137a7f,8a137a7f,229,512,1,single-session-user,LOW48,4.0,1.0,1.0,0.0,1.0,1.0,0.0,0.22967645258120203,0.07510892739359878,0.11435065151092766
8a137a7f,8a137a7f,229,512,1,single-session-user,HIGH48,0.25,1.0,1.0,0.0,1.0,1.0,0.0,0.22967645258120203,0.11435065151092766,0.07510892739359878
8a137a7f,8a137a7f,229,512,1,single-session-user,HIGH48,0.5,1.0,1.0,0.0,,,,0.22967645258120203,0.11435065151092766,0.07510892739359878
8a137a7f,8a137a7f,229,512,1,single-session-user,HIGH48,1.0,1.0,1.0,0.0,1.0,1.0,0.0,0.22967645258120203,0.11435065151092766,0.07510892739359878
8a137a7f,8a137a7f,229,512,1,single-session-user,HIGH48,2.0,1.0,1.0,0.0,,,,0.22967645258120203,0.11435065151092766,0.07510892739359878
8a137a7f,8a137a7f,229,512,1,single-session-user,HIGH48,4.0,1.0,1.0,0.0,1.0,1.0,0.0,0.22967645258120203,0.11435065151092766,0.07510892739359878
8a137a7f,8a137a7f,229,512,1,single-session-user,FULL96,0.25,1.0,1.0,0.0,1.0,1.0,0.0,0.22967645258120203,0.09674043227934873,nan
8a137a7f,8a137a7f,229,512,1,single-session-user,FULL96,0.5,1.0,1.0,0.0,,,,0.22967645258120203,0.09674043227934873,nan
8a137a7f,8a137a7f,229,512,1,single-session-user,FULL96,1.0,1.0,1.0,0.0,1.0,1.0,0.0,0.22967645258120203,0.09674043227934873,nan
8a137a7f,8a137a7f,229,512,1,single-session-user,FULL96,2.0,1.0,1.0,0.0,,,,0.22967645258120203,0.09674043227934873,nan
8a137a7f,8a137a7f,229,512,1,single-session-user,FULL96,4.0,1.0,1.0,0.0,1.0,1.0,0.0,0.22967645258120203,0.09674043227934873,nan
8a2466db,8a2466db,230,508,1,single-session-preference,LOW48,0.25,0.0,0.0,0.0,0.0,0.0,0.0,0.05917596518349407,0.0780473146861701,0.11218760955947442
8a2466db,8a2466db,230,508,1,single-session-preference,LOW48,0.5,0.0,0.0,0.0,,,,0.05917596518349407,0.0780473146861701,0.11218760955947442
8a2466db,8a2466db,230,508,1,single-session-preference,LOW48,1.0,0.0,0.0,0.0,0.0,0.0,0.0,0.05917596518349407,0.0780473146861701,0.11218760955947442
8a2466db,8a2466db,230,508,1,single-session-preference,LOW48,2.0,0.0,1.0,-1.0,,,,0.05917596518349407,0.0780473146861701,0.11218760955947442
8a2466db,8a2466db,230,508,1,single-session-preference,LOW48,4.0,0.0,0.0,0.0,0.0,0.0,0.0,0.05917596518349407,0.0780473146861701,0.11218760955947442
8a2466db,8a2466db,230,508,1,single-session-preference,HIGH48,0.25,0.0,0.0,0.0,0.0,0.0,0.0,0.05917596518349407,0.11218760955947445,0.0780473146861701
8a2466db,8a2466db,230,508,1,single-session-preference,HIGH48,0.5,0.0,1.0,-1.0,,,,0.05917596518349407,0.11218760955947445,0.0780473146861701
8a2466db,8a2466db,230,508,1,single-session-preference,HIGH48,1.0,0.0,0.0,0.0,0.0,0.0,0.0,0.05917596518349407,0.11218760955947445,0.0780473146861701
8a2466db,8a2466db,230,508,1,single-session-preference,HIGH48,2.0,0.0,0.0,0.0,,,,0.05917596518349407,0.11218760955947445,0.0780473146861701
8a2466db,8a2466db,230,508,1,single-session-preference,HIGH48,4.0,0.0,0.0,0.0,0.0,0.0,0.0,0.05917596518349407,0.11218760955947445,0.0780473146861701
8a2466db,8a2466db,230,508,1,single-session-preference,FULL96,0.25,0.0,0.0,0.0,0.0,0.0,0.0,0.05917596518349407,0.09663706087312243,nan
8a2466db,8a2466db,230,508,1,single-session-preference,FULL96,0.5,0.0,0.0,0.0,,,,0.05917596518349407,0.09663706087312243,nan
8a2466db,8a2466db,230,508,1,single-session-preference,FULL96,1.0,0.0,0.0,0.0,0.0,0.0,0.0,0.05917596518349407,0.09663706087312243,nan
8a2466db,8a2466db,230,508,1,single-session-preference,FULL96,2.0,0.0,0.0,0.0,,,,0.05917596518349407,0.09663706087312243,nan
8a2466db,8a2466db,230,508,1,single-session-preference,FULL96,4.0,0.0,0.0,0.0,0.0,0.0,0.0,0.05917596518349407,0.09663706087312243,nan
8aef76bc,8aef76bc,231,492,1,single-session-assistant,LOW48,0.25,1.0,1.0,0.0,1.0,1.0,0.0,0.0778894407821666,0.0793907577040667,0.11116457978000059
8aef76bc,8aef76bc,231,492,1,single-session-assistant,LOW48,0.5,1.0,1.0,0.0,,,,0.0778894407821666,0.0793907577040667,0.11116457978000059
8aef76bc,8aef76bc,231,492,1,single-session-assistant,LOW48,1.0,1.0,1.0,0.0,1.0,1.0,0.0,0.0778894407821666,0.0793907577040667,0.11116457978000059
8aef76bc,8aef76bc,231,492,1,single-session-assistant,LOW48,2.0,1.0,1.0,0.0,,,,0.0778894407821666,0.0793907577040667,0.11116457978000059
8aef76bc,8aef76bc,231,492,1,single-session-assistant,LOW48,4.0,1.0,1.0,0.0,1.0,1.0,0.0,0.0778894407821666,0.0793907577040667,0.11116457978000059
8aef76bc,8aef76bc,231,492,1,single-session-assistant,HIGH48,0.25,1.0,1.0,0.0,1.0,1.0,0.0,0.0778894407821666,0.11116457978000059,0.0793907577040667
8aef76bc,8aef76bc,231,492,1,single-session-assistant,HIGH48,0.5,1.0,1.0,0.0,,,,0.0778894407821666,0.11116457978000059,0.0793907577040667
8aef76bc,8aef76bc,231,492,1,single-session-assistant,HIGH48,1.0,1.0,1.0,0.0,1.0,1.0,0.0,0.0778894407821666,0.11116457978000059,0.0793907577040667
8aef76bc,8aef76bc,231,492,1,single-session-assistant,HIGH48,2.0,1.0,1.0,0.0,,,,0.0778894407821666,0.11116457978000059,0.0793907577040667
8aef76bc,8aef76bc,231,492,1,single-session-assistant,HIGH48,4.0,1.0,1.0,0.0,1.0,1.0,0.0,0.0778894407821666,0.11116457978000059,0.0793907577040667
8aef76bc,8aef76bc,231,492,1,single-session-assistant,FULL96,0.25,1.0,1.0,0.0,1.0,1.0,0.0,0.0778894407821666,0.09659310587844751,nan
8aef76bc,8aef76bc,231,492,1,single-session-assistant,FULL96,0.5,1.0,1.0,0.0,,,,0.0778894407821666,0.09659310587844751,nan
8aef76bc,8aef76bc,231,492,1,single-session-assistant,FULL96,1.0,1.0,1.0,0.0,1.0,1.0,0.0,0.0778894407821666,0.09659310587844751,nan
8aef76bc,8aef76bc,231,492,1,single-session-assistant,FULL96,2.0,1.0,1.0,0.0,,,,0.0778894407821666,0.09659310587844751,nan
8aef76bc,8aef76bc,231,492,1,single-session-assistant,FULL96,4.0,1.0,1.0,0.0,1.0,1.0,0.0,0.0778894407821666,0.09659310587844751,nan
8b9d4367,8b9d4367,232,537,1,single-session-assistant,LOW48,0.25,1.0,1.0,0.0,1.0,1.0,0.0,0.06232210345207909,0.06472359480769971,0.12052261220522174
8b9d4367,8b9d4367,232,537,1,single-session-assistant,LOW48,0.5,1.0,1.0,0.0,,,,0.06232210345207909,0.06472359480769971,0.12052261220522174
8b9d4367,8b9d4367,232,537,1,single-session-assistant,LOW48,1.0,1.0,1.0,0.0,1.0,1.0,0.0,0.06232210345207909,0.06472359480769971,0.12052261220522174
8b9d4367,8b9d4367,232,537,1,single-session-assistant,LOW48,2.0,1.0,1.0,0.0,,,,0.06232210345207909,0.06472359480769971,0.12052261220522174
8b9d4367,8b9d4367,232,537,1,single-session-assistant,LOW48,4.0,1.0,1.0,0.0,1.0,1.0,0.0,0.06232210345207909,0.06472359480769971,0.12052261220522174
8b9d4367,8b9d4367,232,537,1,single-session-assistant,HIGH48,0.25,1.0,1.0,0.0,1.0,1.0,0.0,0.06232210345207909,0.12052261220522176,0.06472359480769971
8b9d4367,8b9d4367,232,537,1,single-session-assistant,HIGH48,0.5,1.0,1.0,0.0,,,,0.06232210345207909,0.12052261220522176,0.06472359480769971
8b9d4367,8b9d4367,232,537,1,single-session-assistant,HIGH48,1.0,1.0,1.0,0.0,1.0,1.0,0.0,0.06232210345207909,0.12052261220522176,0.06472359480769971
8b9d4367,8b9d4367,232,537,1,single-session-assistant,HIGH48,2.0,1.0,1.0,0.0,,,,0.06232210345207909,0.12052261220522176,0.06472359480769971
8b9d4367,8b9d4367,232,537,1,single-session-assistant,HIGH48,4.0,1.0,1.0,0.0,1.0,1.0,0.0,0.06232210345207909,0.12052261220522176,0.06472359480769971
8b9d4367,8b9d4367,232,537,1,single-session-assistant,FULL96,0.25,1.0,1.0,0.0,1.0,1.0,0.0,0.06232210345207909,0.09673376808953935,nan
8b9d4367,8b9d4367,232,537,1,single-session-assistant,FULL96,0.5,1.0,1.0,0.0,,,,0.06232210345207909,0.09673376808953935,nan
8b9d4367,8b9d4367,232,537,1,single-session-assistant,FULL96,1.0,1.0,1.0,0.0,1.0,1.0,0.0,0.06232210345207909,0.09673376808953935,nan
8b9d4367,8b9d4367,232,537,1,single-session-assistant,FULL96,2.0,1.0,1.0,0.0,,,,0.06232210345207909,0.09673376808953935,nan
8b9d4367,8b9d4367,232,537,1,single-session-assistant,FULL96,4.0,1.0,1.0,0.0,1.0,1.0,0.0,0.06232210345207909,0.09673376808953935,nan
8c18457d,8c18457d,233,434,3,temporal-reasoning,LOW48,0.25,0.6666666666666666,0.3333333333333333,0.3333333333333333,0.6666666666666664,0.3333333333333332,0.3333333333333332,0.07635343603573175,0.0739229355007117,0.11482137643634965
8c18457d,8c18457d,233,434,3,temporal-reasoning,LOW48,0.5,0.6666666666666666,0.6666666666666666,0.0,,,,0.07635343603573175,0.0739229355007117,0.11482137643634965
8c18457d,8c18457d,233,434,3,temporal-reasoning,LOW48,1.0,0.6666666666666666,0.6666666666666666,0.0,0.6666666666666664,0.6666666666666664,0.0,0.07635343603573175,0.0739229355007117,0.11482137643634965
8c18457d,8c18457d,233,434,3,temporal-reasoning,LOW48,2.0,0.6666666666666666,0.6666666666666666,0.0,,,,0.07635343603573175,0.0739229355007117,0.11482137643634965
8c18457d,8c18457d,233,434,3,temporal-reasoning,LOW48,4.0,0.6666666666666666,0.6666666666666666,0.0,0.6666666666666664,0.6666666666666664,0.0,0.07635343603573175,0.0739229355007117,0.11482137643634965
8c18457d,8c18457d,233,434,3,temporal-reasoning,HIGH48,0.25,0.6666666666666666,0.6666666666666666,0.0,0.6666666666666664,0.6666666666666664,0.0,0.07635343603573175,0.11482137643634967,0.0739229355007117
8c18457d,8c18457d,233,434,3,temporal-reasoning,HIGH48,0.5,0.6666666666666666,0.6666666666666666,0.0,,,,0.07635343603573175,0.11482137643634967,0.0739229355007117
8c18457d,8c18457d,233,434,3,temporal-reasoning,HIGH48,1.0,0.6666666666666666,0.6666666666666666,0.0,0.6666666666666664,0.6666666666666664,0.0,0.07635343603573175,0.11482137643634967,0.0739229355007117
8c18457d,8c18457d,233,434,3,temporal-reasoning,HIGH48,2.0,0.6666666666666666,0.6666666666666666,0.0,,,,0.07635343603573175,0.11482137643634967,0.0739229355007117
8c18457d,8c18457d,233,434,3,temporal-reasoning,HIGH48,4.0,0.6666666666666666,0.3333333333333333,0.3333333333333333,0.6666666666666664,0.3333333333333332,0.3333333333333332,0.07635343603573175,0.11482137643634967,0.0739229355007117
8c18457d,8c18457d,233,434,3,temporal-reasoning,FULL96,0.25,0.6666666666666666,0.6666666666666666,0.0,0.6666666666666664,0.6666666666666664,0.0,0.07635343603573175,0.0965622826982158,nan
8c18457d,8c18457d,233,434,3,temporal-reasoning,FULL96,0.5,0.6666666666666666,0.6666666666666666,0.0,,,,0.07635343603573175,0.0965622826982158,nan
8c18457d,8c18457d,233,434,3,temporal-reasoning,FULL96,1.0,0.6666666666666666,0.6666666666666666,0.0,0.6666666666666664,0.6666666666666664,0.0,0.07635343603573175,0.0965622826982158,nan
8c18457d,8c18457d,233,434,3,temporal-reasoning,FULL96,2.0,0.6666666666666666,0.6666666666666666,0.0,,,,0.07635343603573175,0.0965622826982158,nan
8c18457d,8c18457d,233,434,3,temporal-reasoning,FULL96,4.0,0.6666666666666666,0.6666666666666666,0.0,0.6666666666666664,0.6666666666666664,0.0,0.07635343603573175,0.0965622826982158,nan
8cf4d046,8cf4d046,234,468,2,multi-session,LOW48,0.25,0.5,0.5,0.0,0.5,0.5,0.0,0.0927018982716461,0.06770079352949102,0.11870950518113314
8cf4d046,8cf4d046,234,468,2,multi-session,LOW48,0.5,0.5,0.5,0.0,,,,0.0927018982716461,0.06770079352949102,0.11870950518113314
8cf4d046,8cf4d046,234,468,2,multi-session,LOW48,1.0,0.5,0.0,0.5,0.5,0.0,0.5,0.0927018982716461,0.06770079352949102,0.11870950518113314
8cf4d046,8cf4d046,234,468,2,multi-session,LOW48,2.0,0.5,0.0,0.5,,,,0.0927018982716461,0.06770079352949102,0.11870950518113314
8cf4d046,8cf4d046,234,468,2,multi-session,LOW48,4.0,0.5,0.5,0.0,0.5,0.5,0.0,0.0927018982716461,0.06770079352949102,0.11870950518113314
8cf4d046,8cf4d046,234,468,2,multi-session,HIGH48,0.25,0.5,0.5,0.0,0.5,0.5,0.0,0.0927018982716461,0.11870950518113314,0.06770079352949102
8cf4d046,8cf4d046,234,468,2,multi-session,HIGH48,0.5,0.5,0.0,0.5,,,,0.0927018982716461,0.11870950518113314,0.06770079352949102
8cf4d046,8cf4d046,234,468,2,multi-session,HIGH48,1.0,0.5,0.0,0.5,0.5,0.0,0.5,0.0927018982716461,0.11870950518113314,0.06770079352949102
8cf4d046,8cf4d046,234,468,2,multi-session,HIGH48,2.0,0.5,0.5,0.0,,,,0.0927018982716461,0.11870950518113314,0.06770079352949102
8cf4d046,8cf4d046,234,468,2,multi-session,HIGH48,4.0,0.5,0.5,0.0,0.5,0.5,0.0,0.0927018982716461,0.11870950518113314,0.06770079352949102
8cf4d046,8cf4d046,234,468,2,multi-session,FULL96,0.25,0.5,0.0,0.5,0.5,0.0,0.5,0.0927018982716461,0.09663163060011006,nan
8cf4d046,8cf4d046,234,468,2,multi-session,FULL96,0.5,0.5,0.0,0.5,,,,0.0927018982716461,0.09663163060011006,nan
8cf4d046,8cf4d046,234,468,2,multi-session,FULL96,1.0,0.5,0.0,0.5,0.5,0.0,0.5,0.0927018982716461,0.09663163060011006,nan
8cf4d046,8cf4d046,234,468,2,multi-session,FULL96,2.0,0.5,0.0,0.5,,,,0.0927018982716461,0.09663163060011006,nan
8cf4d046,8cf4d046,234,468,2,multi-session,FULL96,4.0,0.5,0.0,0.5,0.5,0.0,0.5,0.0927018982716461,0.09663163060011006,nan
8cf51dda,8cf51dda,235,454,1,single-session-assistant,LOW48,0.25,1.0,1.0,0.0,1.0,1.0,0.0,0.0483014737688249,0.0907499074794779,0.10201939271734521
8cf51dda,8cf51dda,235,454,1,single-session-assistant,LOW48,0.5,1.0,1.0,0.0,,,,0.0483014737688249,0.0907499074794779,0.10201939271734521
8cf51dda,8cf51dda,235,454,1,single-session-assistant,LOW48,1.0,1.0,1.0,0.0,1.0,1.0,0.0,0.0483014737688249,0.0907499074794779,0.10201939271734521
8cf51dda,8cf51dda,235,454,1,single-session-assistant,LOW48,2.0,1.0,1.0,0.0,,,,0.0483014737688249,0.0907499074794779,0.10201939271734521
8cf51dda,8cf51dda,235,454,1,single-session-assistant,LOW48,4.0,1.0,1.0,0.0,1.0,1.0,0.0,0.0483014737688249,0.0907499074794779,0.10201939271734521
8cf51dda,8cf51dda,235,454,1,single-session-assistant,HIGH48,0.25,1.0,1.0,0.0,1.0,1.0,0.0,0.0483014737688249,0.10201939271734521,0.0907499074794779
8cf51dda,8cf51dda,235,454,1,single-session-assistant,HIGH48,0.5,1.0,1.0,0.0,,,,0.0483014737688249,0.10201939271734521,0.0907499074794779
8cf51dda,8cf51dda,235,454,1,single-session-assistant,HIGH48,1.0,1.0,1.0,0.0,1.0,1.0,0.0,0.0483014737688249,0.10201939271734521,0.0907499074794779
8cf51dda,8cf51dda,235,454,1,single-session-assistant,HIGH48,2.0,1.0,1.0,0.0,,,,0.0483014737688249,0.10201939271734521,0.0907499074794779
8cf51dda,8cf51dda,235,454,1,single-session-assistant,HIGH48,4.0,1.0,1.0,0.0,1.0,1.0,0.0,0.0483014737688249,0.10201939271734521,0.0907499074794779
8cf51dda,8cf51dda,235,454,1,single-session-assistant,FULL96,0.25,1.0,1.0,0.0,1.0,1.0,0.0,0.0483014737688249,0.09654921594179236,nan
8cf51dda,8cf51dda,235,454,1,single-session-assistant,FULL96,0.5,1.0,1.0,0.0,,,,0.0483014737688249,0.09654921594179236,nan
8cf51dda,8cf51dda,235,454,1,single-session-assistant,FULL96,1.0,1.0,1.0,0.0,1.0,1.0,0.0,0.0483014737688249,0.09654921594179236,nan
8cf51dda,8cf51dda,235,454,1,single-session-assistant,FULL96,2.0,1.0,1.0,0.0,,,,0.0483014737688249,0.09654921594179236,nan
8cf51dda,8cf51dda,235,454,1,single-session-assistant,FULL96,4.0,1.0,1.0,0.0,1.0,1.0,0.0,0.0483014737688249,0.09654921594179236,nan
8e91e7d9,8e91e7d9,236,498,2,multi-session,LOW48,0.25,0.0,0.0,0.0,0.0,0.0,0.0,0.08370777276994522,0.07029099806518006,0.11727791824210208
8e91e7d9,8e91e7d9,236,498,2,multi-session,LOW48,0.5,0.0,0.0,0.0,,,,0.08370777276994522,0.07029099806518006,0.11727791824210208
8e91e7d9,8e91e7d9,236,498,2,multi-session,LOW48,1.0,0.0,0.0,0.0,0.0,0.0,0.0,0.08370777276994522,0.07029099806518006,0.11727791824210208
8e91e7d9,8e91e7d9,236,498,2,multi-session,LOW48,2.0,0.0,0.0,0.0,,,,0.08370777276994522,0.07029099806518006,0.11727791824210208
8e91e7d9,8e91e7d9,236,498,2,multi-session,LOW48,4.0,0.0,0.0,0.0,0.0,0.0,0.0,0.08370777276994522,0.07029099806518006,0.11727791824210208
8e91e7d9,8e91e7d9,236,498,2,multi-session,HIGH48,0.25,0.0,0.0,0.0,0.0,0.0,0.0,0.08370777276994522,0.11727791824210208,0.07029099806518006
8e91e7d9,8e91e7d9,236,498,2,multi-session,HIGH48,0.5,0.0,0.0,0.0,,,,0.08370777276994522,0.11727791824210208,0.07029099806518006
8e91e7d9,8e91e7d9,236,498,2,multi-session,HIGH48,1.0,0.0,0.0,0.0,0.0,0.0,0.0,0.08370777276994522,0.11727791824210208,0.07029099806518006
8e91e7d9,8e91e7d9,236,498,2,multi-session,HIGH48,2.0,0.0,0.0,0.0,,,,0.08370777276994522,0.11727791824210208,0.07029099806518006
8e91e7d9,8e91e7d9,236,498,2,multi-session,HIGH48,4.0,0.0,0.0,0.0,0.0,0.0,0.0,0.08370777276994522,0.11727791824210208,0.07029099806518006
8e91e7d9,8e91e7d9,236,498,2,multi-session,FULL96,0.25,0.0,0.0,0.0,0.0,0.0,0.0,0.08370777276994522,0.09668230064546543,nan
8e91e7d9,8e91e7d9,236,498,2,multi-session,FULL96,0.5,0.0,0.0,0.0,,,,0.08370777276994522,0.09668230064546543,nan
8e91e7d9,8e91e7d9,236,498,2,multi-session,FULL96,1.0,0.0,0.0,0.0,0.0,0.0,0.0,0.08370777276994522,0.09668230064546543,nan
8e91e7d9,8e91e7d9,236,498,2,multi-session,FULL96,2.0,0.0,0.0,0.0,,,,0.08370777276994522,0.09668230064546543,nan
8e91e7d9,8e91e7d9,236,498,2,multi-session,FULL96,4.0,0.0,0.0,0.0,0.0,0.0,0.0,0.08370777276994522,0.09668230064546543,nan
8e9d538c,8e9d538c,237,486,2,single-session-user,LOW48,0.25,1.0,0.5,0.5,1.0,0.5,0.5,0.07949393171193174,0.08200034963250312,0.10990842133343048
8e9d538c,8e9d538c,237,486,2,single-session-user,LOW48,0.5,1.0,0.5,0.5,,,,0.07949393171193174,0.08200034963250312,0.10990842133343048
8e9d538c,8e9d538c,237,486,2,single-session-user,LOW48,1.0,1.0,0.5,0.5,1.0,0.5,0.5,0.07949393171193174,0.08200034963250312,0.10990842133343048
8e9d538c,8e9d538c,237,486,2,single-session-user,LOW48,2.0,1.0,1.0,0.0,,,,0.07949393171193174,0.08200034963250312,0.10990842133343048
8e9d538c,8e9d538c,237,486,2,single-session-user,LOW48,4.0,1.0,1.0,0.0,1.0,1.0,0.0,0.07949393171193174,0.08200034963250312,0.10990842133343048
8e9d538c,8e9d538c,237,486,2,single-session-user,HIGH48,0.25,1.0,1.0,0.0,1.0,1.0,0.0,0.07949393171193174,0.10990842133343048,0.08200034963250312
8e9d538c,8e9d538c,237,486,2,single-session-user,HIGH48,0.5,1.0,1.0,0.0,,,,0.07949393171193174,0.10990842133343048,0.08200034963250312
8e9d538c,8e9d538c,237,486,2,single-session-user,HIGH48,1.0,1.0,0.5,0.5,1.0,0.5,0.5,0.07949393171193174,0.10990842133343048,0.08200034963250312
8e9d538c,8e9d538c,237,486,2,single-session-user,HIGH48,2.0,1.0,0.5,0.5,,,,0.07949393171193174,0.10990842133343048,0.08200034963250312
8e9d538c,8e9d538c,237,486,2,single-session-user,HIGH48,4.0,1.0,0.5,0.5,1.0,0.5,0.5,0.07949393171193174,0.10990842133343048,0.08200034963250312
8e9d538c,8e9d538c,237,486,2,single-session-user,FULL96,0.25,1.0,0.5,0.5,1.0,0.5,0.5,0.07949393171193174,0.09696370047564097,nan
8e9d538c,8e9d538c,237,486,2,single-session-user,FULL96,0.5,1.0,0.5,0.5,,,,0.07949393171193174,0.09696370047564097,nan
8e9d538c,8e9d538c,237,486,2,single-session-user,FULL96,1.0,1.0,0.5,0.5,1.0,0.5,0.5,0.07949393171193174,0.09696370047564097,nan
8e9d538c,8e9d538c,237,486,2,single-session-user,FULL96,2.0,1.0,0.5,0.5,,,,0.07949393171193174,0.09696370047564097,nan
8e9d538c,8e9d538c,237,486,2,single-session-user,FULL96,4.0,1.0,0.5,0.5,1.0,0.5,0.5,0.07949393171193174,0.09696370047564097,nan
8ebdbe50,8ebdbe50,238,487,1,single-session-user,LOW48,0.25,1.0,0.0,1.0,1.0,0.0,1.0,0.07590297014941678,0.07280784142467571,0.11563132771110964
8ebdbe50,8ebdbe50,238,487,1,single-session-user,LOW48,0.5,1.0,0.0,1.0,,,,0.07590297014941678,0.07280784142467571,0.11563132771110964
8ebdbe50,8ebdbe50,238,487,1,single-session-user,LOW48,1.0,1.0,0.0,1.0,1.0,0.0,1.0,0.07590297014941678,0.07280784142467571,0.11563132771110964
8ebdbe50,8ebdbe50,238,487,1,single-session-user,LOW48,2.0,1.0,1.0,0.0,,,,0.07590297014941678,0.07280784142467571,0.11563132771110964
8ebdbe50,8ebdbe50,238,487,1,single-session-user,LOW48,4.0,1.0,1.0,0.0,1.0,1.0,0.0,0.07590297014941678,0.07280784142467571,0.11563132771110964
8ebdbe50,8ebdbe50,238,487,1,single-session-user,HIGH48,0.25,1.0,1.0,0.0,1.0,1.0,0.0,0.07590297014941678,0.11563132771110964,0.07280784142467572
8ebdbe50,8ebdbe50,238,487,1,single-session-user,HIGH48,0.5,1.0,1.0,0.0,,,,0.07590297014941678,0.11563132771110964,0.07280784142467572
8ebdbe50,8ebdbe50,238,487,1,single-session-user,HIGH48,1.0,1.0,0.0,1.0,1.0,0.0,1.0,0.07590297014941678,0.11563132771110964,0.07280784142467572
8ebdbe50,8ebdbe50,238,487,1,single-session-user,HIGH48,2.0,1.0,0.0,1.0,,,,0.07590297014941678,0.11563132771110964,0.07280784142467572
8ebdbe50,8ebdbe50,238,487,1,single-session-user,HIGH48,4.0,1.0,0.0,1.0,1.0,0.0,1.0,0.07590297014941678,0.11563132771110964,0.07280784142467572
8ebdbe50,8ebdbe50,238,487,1,single-session-user,FULL96,0.25,1.0,0.0,1.0,1.0,0.0,1.0,0.07590297014941678,0.09662190673225911,nan
8ebdbe50,8ebdbe50,238,487,1,single-session-user,FULL96,0.5,1.0,0.0,1.0,,,,0.07590297014941678,0.09662190673225911,nan
8ebdbe50,8ebdbe50,238,487,1,single-session-user,FULL96,1.0,1.0,0.0,1.0,1.0,0.0,1.0,0.07590297014941678,0.09662190673225911,nan
8ebdbe50,8ebdbe50,238,487,1,single-session-user,FULL96,2.0,1.0,0.0,1.0,,,,0.07590297014941678,0.09662190673225911,nan
8ebdbe50,8ebdbe50,238,487,1,single-session-user,FULL96,4.0,1.0,0.0,1.0,1.0,0.0,1.0,0.07590297014941678,0.09662190673225911,nan
8fb83627,8fb83627,239,485,3,knowledge-update,LOW48,0.25,0.3333333333333333,0.3333333333333333,0.0,0.3333333333333332,0.3333333333333332,0.0,0.05012281253525683,0.07046763607768396,0.11716048195178866
8fb83627,8fb83627,239,485,3,knowledge-update,LOW48,0.5,0.3333333333333333,0.3333333333333333,0.0,,,,0.05012281253525683,0.07046763607768396,0.11716048195178866
8fb83627,8fb83627,239,485,3,knowledge-update,LOW48,1.0,0.3333333333333333,0.3333333333333333,0.0,0.3333333333333332,0.3333333333333332,0.0,0.05012281253525683,0.07046763607768396,0.11716048195178866
8fb83627,8fb83627,239,485,3,knowledge-update,LOW48,2.0,0.3333333333333333,0.3333333333333333,0.0,,,,0.05012281253525683,0.07046763607768396,0.11716048195178866
8fb83627,8fb83627,239,485,3,knowledge-update,LOW48,4.0,0.3333333333333333,0.0,0.3333333333333333,0.3333333333333332,0.0,0.3333333333333332,0.05012281253525683,0.07046763607768396,0.11716048195178866
8fb83627,8fb83627,239,485,3,knowledge-update,HIGH48,0.25,0.3333333333333333,0.0,0.3333333333333333,0.3333333333333332,0.0,0.3333333333333332,0.05012281253525683,0.11716048195178866,0.07046763607768396
8fb83627,8fb83627,239,485,3,knowledge-update,HIGH48,0.5,0.3333333333333333,0.3333333333333333,0.0,,,,0.05012281253525683,0.11716048195178866,0.07046763607768396
8fb83627,8fb83627,239,485,3,knowledge-update,HIGH48,1.0,0.3333333333333333,0.3333333333333333,0.0,0.3333333333333332,0.3333333333333332,0.0,0.05012281253525683,0.11716048195178866,0.07046763607768396
8fb83627,8fb83627,239,485,3,knowledge-update,HIGH48,2.0,0.3333333333333333,0.3333333333333333,0.0,,,,0.05012281253525683,0.11716048195178866,0.07046763607768396
8fb83627,8fb83627,239,485,3,knowledge-update,HIGH48,4.0,0.3333333333333333,0.3333333333333333,0.0,0.3333333333333332,0.3333333333333332,0.0,0.05012281253525683,0.11716048195178866,0.07046763607768396
8fb83627,8fb83627,239,485,3,knowledge-update,FULL96,0.25,0.3333333333333333,0.3333333333333333,0.0,0.3333333333333332,0.3333333333333332,0.0,0.05012281253525683,0.09667540086690175,nan
8fb83627,8fb83627,239,485,3,knowledge-update,FULL96,0.5,0.3333333333333333,0.3333333333333333,0.0,,,,0.05012281253525683,0.09667540086690175,nan
8fb83627,8fb83627,239,485,3,knowledge-update,FULL96,1.0,0.3333333333333333,0.3333333333333333,0.0,0.3333333333333332,0.3333333333333332,0.0,0.05012281253525683,0.09667540086690175,nan
8fb83627,8fb83627,239,485,3,knowledge-update,FULL96,2.0,0.3333333333333333,0.3333333333333333,0.0,,,,0.05012281253525683,0.09667540086690175,nan
8fb83627,8fb83627,239,485,3,knowledge-update,FULL96,4.0,0.3333333333333333,0.3333333333333333,0.0,0.3333333333333332,0.3333333333333332,0.0,0.05012281253525683,0.09667540086690175,nan
91b15a6e,91b15a6e,240,489,2,multi-session,LOW48,0.25,0.0,0.0,0.0,0.0,0.0,0.0,0.12242995354830283,0.07195339102388994,0.11652888964544994
91b15a6e,91b15a6e,240,489,2,multi-session,LOW48,0.5,0.0,0.0,0.0,,,,0.12242995354830283,0.07195339102388994,0.11652888964544994
91b15a6e,91b15a6e,240,489,2,multi-session,LOW48,1.0,0.0,0.0,0.0,0.0,0.0,0.0,0.12242995354830283,0.07195339102388994,0.11652888964544994
91b15a6e,91b15a6e,240,489,2,multi-session,LOW48,2.0,0.0,0.5,-0.5,,,,0.12242995354830283,0.07195339102388994,0.11652888964544994
91b15a6e,91b15a6e,240,489,2,multi-session,LOW48,4.0,0.0,0.0,0.0,0.0,0.0,0.0,0.12242995354830283,0.07195339102388994,0.11652888964544994
91b15a6e,91b15a6e,240,489,2,multi-session,HIGH48,0.25,0.0,0.0,0.0,0.0,0.0,0.0,0.12242995354830283,0.11652888964544993,0.07195339102388994
91b15a6e,91b15a6e,240,489,2,multi-session,HIGH48,0.5,0.0,0.5,-0.5,,,,0.12242995354830283,0.11652888964544993,0.07195339102388994
91b15a6e,91b15a6e,240,489,2,multi-session,HIGH48,1.0,0.0,0.0,0.0,0.0,0.0,0.0,0.12242995354830283,0.11652888964544993,0.07195339102388994
91b15a6e,91b15a6e,240,489,2,multi-session,HIGH48,2.0,0.0,0.0,0.0,,,,0.12242995354830283,0.11652888964544993,0.07195339102388994
91b15a6e,91b15a6e,240,489,2,multi-session,HIGH48,4.0,0.0,0.0,0.0,0.0,0.0,0.0,0.12242995354830283,0.11652888964544993,0.07195339102388994
91b15a6e,91b15a6e,240,489,2,multi-session,FULL96,0.25,0.0,0.0,0.0,0.0,0.0,0.0,0.12242995354830283,0.09684077808918683,nan
91b15a6e,91b15a6e,240,489,2,multi-session,FULL96,0.5,0.0,0.0,0.0,,,,0.12242995354830283,0.09684077808918683,nan
91b15a6e,91b15a6e,240,489,2,multi-session,FULL96,1.0,0.0,0.0,0.0,0.0,0.0,0.0,0.12242995354830283,0.09684077808918683,nan
91b15a6e,91b15a6e,240,489,2,multi-session,FULL96,2.0,0.0,0.0,0.0,,,,0.12242995354830283,0.09684077808918683,nan
91b15a6e,91b15a6e,240,489,2,multi-session,FULL96,4.0,0.0,0.0,0.0,0.0,0.0,0.0,0.12242995354830283,0.09684077808918683,nan
92a0aa75,92a0aa75,241,455,2,multi-session,LOW48,0.25,0.0,0.0,0.0,0.0,0.0,0.0,0.0728585482351783,0.06997544732795603,0.11740671863184031
92a0aa75,92a0aa75,241,455,2,multi-session,LOW48,0.5,0.0,0.0,0.0,,,,0.0728585482351783,0.06997544732795603,0.11740671863184031
92a0aa75,92a0aa75,241,455,2,multi-session,LOW48,1.0,0.0,0.0,0.0,0.0,0.0,0.0,0.0728585482351783,0.06997544732795603,0.11740671863184031
92a0aa75,92a0aa75,241,455,2,multi-session,LOW48,2.0,0.0,0.0,0.0,,,,0.0728585482351783,0.06997544732795603,0.11740671863184031
92a0aa75,92a0aa75,241,455,2,multi-session,LOW48,4.0,0.0,0.0,0.0,0.0,0.0,0.0,0.0728585482351783,0.06997544732795603,0.11740671863184031
92a0aa75,92a0aa75,241,455,2,multi-session,HIGH48,0.25,0.0,0.0,0.0,0.0,0.0,0.0,0.0728585482351783,0.11740671863184031,0.06997544732795603
92a0aa75,92a0aa75,241,455,2,multi-session,HIGH48,0.5,0.0,0.0,0.0,,,,0.0728585482351783,0.11740671863184031,0.06997544732795603
92a0aa75,92a0aa75,241,455,2,multi-session,HIGH48,1.0,0.0,0.0,0.0,0.0,0.0,0.0,0.0728585482351783,0.11740671863184031,0.06997544732795603
92a0aa75,92a0aa75,241,455,2,multi-session,HIGH48,2.0,0.0,0.0,0.0,,,,0.0728585482351783,0.11740671863184031,0.06997544732795603
92a0aa75,92a0aa75,241,455,2,multi-session,HIGH48,4.0,0.0,0.0,0.0,0.0,0.0,0.0,0.0728585482351783,0.11740671863184031,0.06997544732795603
92a0aa75,92a0aa75,241,455,2,multi-session,FULL96,0.25,0.0,0.0,0.0,0.0,0.0,0.0,0.0728585482351783,0.09664600563045445,nan
92a0aa75,92a0aa75,241,455,2,multi-session,FULL96,0.5,0.0,0.0,0.0,,,,0.0728585482351783,0.09664600563045445,nan
92a0aa75,92a0aa75,241,455,2,multi-session,FULL96,1.0,0.0,0.0,0.0,0.0,0.0,0.0,0.0728585482351783,0.09664600563045445,nan
92a0aa75,92a0aa75,241,455,2,multi-session,FULL96,2.0,0.0,0.0,0.0,,,,0.0728585482351783,0.09664600563045445,nan
92a0aa75,92a0aa75,241,455,2,multi-session,FULL96,4.0,0.0,0.0,0.0,0.0,0.0,0.0,0.0728585482351783,0.09664600563045445,nan
945e3d21,945e3d21,242,489,2,knowledge-update,LOW48,0.25,0.5,0.0,0.5,0.5,0.0,0.5,0.17276003736210224,0.07863222988160844,0.11150986047571579
945e3d21,945e3d21,242,489,2,knowledge-update,LOW48,0.5,0.5,0.0,0.5,,,,0.17276003736210224,0.07863222988160844,0.11150986047571579
945e3d21,945e3d21,242,489,2,knowledge-update,LOW48,1.0,0.5,0.0,0.5,0.5,0.0,0.5,0.17276003736210224,0.07863222988160844,0.11150986047571579
945e3d21,945e3d21,242,489,2,knowledge-update,LOW48,2.0,0.5,0.0,0.5,,,,0.17276003736210224,0.07863222988160844,0.11150986047571579
945e3d21,945e3d21,242,489,2,knowledge-update,LOW48,4.0,0.5,0.0,0.5,0.5,0.0,0.5,0.17276003736210224,0.07863222988160844,0.11150986047571579
945e3d21,945e3d21,242,489,2,knowledge-update,HIGH48,0.25,0.5,0.0,0.5,0.5,0.0,0.5,0.17276003736210224,0.11150986047571577,0.07863222988160842
945e3d21,945e3d21,242,489,2,knowledge-update,HIGH48,0.5,0.5,0.0,0.5,,,,0.17276003736210224,0.11150986047571577,0.07863222988160842
945e3d21,945e3d21,242,489,2,knowledge-update,HIGH48,1.0,0.5,0.0,0.5,0.5,0.0,0.5,0.17276003736210224,0.11150986047571577,0.07863222988160842
945e3d21,945e3d21,242,489,2,knowledge-update,HIGH48,2.0,0.5,0.0,0.5,,,,0.17276003736210224,0.11150986047571577,0.07863222988160842
945e3d21,945e3d21,242,489,2,knowledge-update,HIGH48,4.0,0.5,0.0,0.5,0.5,0.0,0.5,0.17276003736210224,0.11150986047571577,0.07863222988160842
945e3d21,945e3d21,242,489,2,knowledge-update,FULL96,0.25,0.5,0.0,0.5,0.5,0.0,0.5,0.17276003736210224,0.09648180284247312,nan
945e3d21,945e3d21,242,489,2,knowledge-update,FULL96,0.5,0.5,0.0,0.5,,,,0.17276003736210224,0.09648180284247312,nan
945e3d21,945e3d21,242,489,2,knowledge-update,FULL96,1.0,0.5,0.0,0.5,0.5,0.0,0.5,0.17276003736210224,0.09648180284247312,nan
945e3d21,945e3d21,242,489,2,knowledge-update,FULL96,2.0,0.5,0.0,0.5,,,,0.17276003736210224,0.09648180284247312,nan
945e3d21,945e3d21,242,489,2,knowledge-update,FULL96,4.0,0.5,0.0,0.5,0.5,0.0,0.5,0.17276003736210224,0.09648180284247312,nan
94f70d80,94f70d80,243,510,1,single-session-user,LOW48,0.25,1.0,1.0,0.0,1.0,1.0,0.0,0.08571952807595677,0.07655690071566887,0.11306130200609894
94f70d80,94f70d80,243,510,1,single-session-user,LOW48,0.5,1.0,1.0,0.0,,,,0.08571952807595677,0.07655690071566887,0.11306130200609894
94f70d80,94f70d80,243,510,1,single-session-user,LOW48,1.0,1.0,1.0,0.0,1.0,1.0,0.0,0.08571952807595677,0.07655690071566887,0.11306130200609894
94f70d80,94f70d80,243,510,1,single-session-user,LOW48,2.0,1.0,1.0,0.0,,,,0.08571952807595677,0.07655690071566887,0.11306130200609894
94f70d80,94f70d80,243,510,1,single-session-user,LOW48,4.0,1.0,1.0,0.0,1.0,1.0,0.0,0.08571952807595677,0.07655690071566887,0.11306130200609894
94f70d80,94f70d80,243,510,1,single-session-user,HIGH48,0.25,1.0,1.0,0.0,1.0,1.0,0.0,0.08571952807595677,0.11306130200609894,0.07655690071566887
94f70d80,94f70d80,243,510,1,single-session-user,HIGH48,0.5,1.0,1.0,0.0,,,,0.08571952807595677,0.11306130200609894,0.07655690071566887
94f70d80,94f70d80,243,510,1,single-session-user,HIGH48,1.0,1.0,1.0,0.0,1.0,1.0,0.0,0.08571952807595677,0.11306130200609894,0.07655690071566887
94f70d80,94f70d80,243,510,1,single-session-user,HIGH48,2.0,1.0,1.0,0.0,,,,0.08571952807595677,0.11306130200609894,0.07655690071566887
94f70d80,94f70d80,243,510,1,single-session-user,HIGH48,4.0,1.0,1.0,0.0,1.0,1.0,0.0,0.08571952807595677,0.11306130200609894,0.07655690071566887
94f70d80,94f70d80,243,510,1,single-session-user,FULL96,0.25,1.0,1.0,0.0,1.0,1.0,0.0,0.08571952807595677,0.0965500312234623,nan
94f70d80,94f70d80,243,510,1,single-session-user,FULL96,0.5,1.0,1.0,0.0,,,,0.08571952807595677,0.0965500312234623,nan
94f70d80,94f70d80,243,510,1,single-session-user,FULL96,1.0,1.0,1.0,0.0,1.0,1.0,0.0,0.08571952807595677,0.0965500312234623,nan
94f70d80,94f70d80,243,510,1,single-session-user,FULL96,2.0,1.0,1.0,0.0,,,,0.08571952807595677,0.0965500312234623,nan
94f70d80,94f70d80,243,510,1,single-session-user,FULL96,4.0,1.0,1.0,0.0,1.0,1.0,0.0,0.08571952807595677,0.0965500312234623,nan
95228167,95228167,244,507,1,single-session-preference,LOW48,0.25,0.0,0.0,0.0,0.0,0.0,0.0,0.0642380779451546,0.06675348646838745,0.11904100974800814
95228167,95228167,244,507,1,single-session-preference,LOW48,0.5,0.0,0.0,0.0,,,,0.0642380779451546,0.06675348646838745,0.11904100974800814
95228167,95228167,244,507,1,single-session-preference,LOW48,1.0,0.0,0.0,0.0,0.0,0.0,0.0,0.0642380779451546,0.06675348646838745,0.11904100974800814
95228167,95228167,244,507,1,single-session-preference,LOW48,2.0,0.0,0.0,0.0,,,,0.0642380779451546,0.06675348646838745,0.11904100974800814
95228167,95228167,244,507,1,single-session-preference,LOW48,4.0,0.0,0.0,0.0,0.0,0.0,0.0,0.0642380779451546,0.06675348646838745,0.11904100974800814
95228167,95228167,244,507,1,single-session-preference,HIGH48,0.25,0.0,0.0,0.0,0.0,0.0,0.0,0.0642380779451546,0.11904100974800814,0.06675348646838745
95228167,95228167,244,507,1,single-session-preference,HIGH48,0.5,0.0,0.0,0.0,,,,0.0642380779451546,0.11904100974800814,0.06675348646838745
95228167,95228167,244,507,1,single-session-preference,HIGH48,1.0,0.0,0.0,0.0,0.0,0.0,0.0,0.0642380779451546,0.11904100974800814,0.06675348646838745
95228167,95228167,244,507,1,single-session-preference,HIGH48,2.0,0.0,0.0,0.0,,,,0.0642380779451546,0.11904100974800814,0.06675348646838745
95228167,95228167,244,507,1,single-session-preference,HIGH48,4.0,0.0,0.0,0.0,0.0,0.0,0.0,0.0642380779451546,0.11904100974800814,0.06675348646838745
95228167,95228167,244,507,1,single-session-preference,FULL96,0.25,0.0,0.0,0.0,0.0,0.0,0.0,0.0642380779451546,0.09650593235006477,nan
95228167,95228167,244,507,1,single-session-preference,FULL96,0.5,0.0,0.0,0.0,,,,0.0642380779451546,0.09650593235006477,nan
95228167,95228167,244,507,1,single-session-preference,FULL96,1.0,0.0,0.0,0.0,0.0,0.0,0.0,0.0642380779451546,0.09650593235006477,nan
95228167,95228167,244,507,1,single-session-preference,FULL96,2.0,0.0,0.0,0.0,,,,0.0642380779451546,0.09650593235006477,nan
95228167,95228167,244,507,1,single-session-preference,FULL96,4.0,0.0,0.0,0.0,0.0,0.0,0.0,0.0642380779451546,0.09650593235006477,nan
95bcc1c8,95bcc1c8,245,487,1,single-session-user,LOW48,0.25,1.0,1.0,0.0,1.0,1.0,0.0,0.05613794423003816,0.06239663833217426,0.12134383813478049
95bcc1c8,95bcc1c8,245,487,1,single-session-user,LOW48,0.5,1.0,1.0,0.0,,,,0.05613794423003816,0.06239663833217426,0.12134383813478049
95bcc1c8,95bcc1c8,245,487,1,single-session-user,LOW48,1.0,1.0,1.0,0.0,1.0,1.0,0.0,0.05613794423003816,0.06239663833217426,0.12134383813478049
95bcc1c8,95bcc1c8,245,487,1,single-session-user,LOW48,2.0,1.0,1.0,0.0,,,,0.05613794423003816,0.06239663833217426,0.12134383813478049
95bcc1c8,95bcc1c8,245,487,1,single-session-user,LOW48,4.0,1.0,1.0,0.0,1.0,1.0,0.0,0.05613794423003816,0.06239663833217426,0.12134383813478049
95bcc1c8,95bcc1c8,245,487,1,single-session-user,HIGH48,0.25,1.0,1.0,0.0,1.0,1.0,0.0,0.05613794423003816,0.12134383813478047,0.062396638332174265
95bcc1c8,95bcc1c8,245,487,1,single-session-user,HIGH48,0.5,1.0,1.0,0.0,,,,0.05613794423003816,0.12134383813478047,0.062396638332174265
95bcc1c8,95bcc1c8,245,487,1,single-session-user,HIGH48,1.0,1.0,1.0,0.0,1.0,1.0,0.0,0.05613794423003816,0.12134383813478047,0.062396638332174265
95bcc1c8,95bcc1c8,245,487,1,single-session-user,HIGH48,2.0,1.0,1.0,0.0,,,,0.05613794423003816,0.12134383813478047,0.062396638332174265
95bcc1c8,95bcc1c8,245,487,1,single-session-user,HIGH48,4.0,1.0,1.0,0.0,1.0,1.0,0.0,0.05613794423003816,0.12134383813478047,0.062396638332174265
95bcc1c8,95bcc1c8,245,487,1,single-session-user,FULL96,0.25,1.0,1.0,0.0,1.0,1.0,0.0,0.05613794423003816,0.0964822976727751,nan
95bcc1c8,95bcc1c8,245,487,1,single-session-user,FULL96,0.5,1.0,1.0,0.0,,,,0.05613794423003816,0.0964822976727751,nan
95bcc1c8,95bcc1c8,245,487,1,single-session-user,FULL96,1.0,1.0,1.0,0.0,1.0,1.0,0.0,0.05613794423003816,0.0964822976727751,nan
95bcc1c8,95bcc1c8,245,487,1,single-session-user,FULL96,2.0,1.0,1.0,0.0,,,,0.05613794423003816,0.0964822976727751,nan
95bcc1c8,95bcc1c8,245,487,1,single-session-user,FULL96,4.0,1.0,1.0,0.0,1.0,1.0,0.0,0.05613794423003816,0.0964822976727751,nan
982b5123,982b5123,246,473,2,temporal-reasoning,LOW48,0.25,1.0,1.0,0.0,1.0,1.0,0.0,0.0856302787773392,0.07730247383129794,0.11185423600889358
982b5123,982b5123,246,473,2,temporal-reasoning,LOW48,0.5,1.0,1.0,0.0,,,,0.0856302787773392,0.07730247383129794,0.11185423600889358
982b5123,982b5123,246,473,2,temporal-reasoning,LOW48,1.0,1.0,1.0,0.0,1.0,1.0,0.0,0.0856302787773392,0.07730247383129794,0.11185423600889358
982b5123,982b5123,246,473,2,temporal-reasoning,LOW48,2.0,1.0,1.0,0.0,,,,0.0856302787773392,0.07730247383129794,0.11185423600889358
982b5123,982b5123,246,473,2,temporal-reasoning,LOW48,4.0,1.0,1.0,0.0,1.0,1.0,0.0,0.0856302787773392,0.07730247383129794,0.11185423600889358
982b5123,982b5123,246,473,2,temporal-reasoning,HIGH48,0.25,1.0,1.0,0.0,1.0,1.0,0.0,0.0856302787773392,0.11185423600889359,0.07730247383129796
982b5123,982b5123,246,473,2,temporal-reasoning,HIGH48,0.5,1.0,1.0,0.0,,,,0.0856302787773392,0.11185423600889359,0.07730247383129796
982b5123,982b5123,246,473,2,temporal-reasoning,HIGH48,1.0,1.0,1.0,0.0,1.0,1.0,0.0,0.0856302787773392,0.11185423600889359,0.07730247383129796
982b5123,982b5123,246,473,2,temporal-reasoning,HIGH48,2.0,1.0,1.0,0.0,,,,0.0856302787773392,0.11185423600889359,0.07730247383129796
982b5123,982b5123,246,473,2,temporal-reasoning,HIGH48,4.0,1.0,1.0,0.0,1.0,1.0,0.0,0.0856302787773392,0.11185423600889359,0.07730247383129796
982b5123,982b5123,246,473,2,temporal-reasoning,FULL96,0.25,1.0,1.0,0.0,1.0,1.0,0.0,0.0856302787773392,0.09614323318250685,nan
982b5123,982b5123,246,473,2,temporal-reasoning,FULL96,0.5,1.0,1.0,0.0,,,,0.0856302787773392,0.09614323318250685,nan
982b5123,982b5123,246,473,2,temporal-reasoning,FULL96,1.0,1.0,1.0,0.0,1.0,1.0,0.0,0.0856302787773392,0.09614323318250685,nan
982b5123,982b5123,246,473,2,temporal-reasoning,FULL96,2.0,1.0,1.0,0.0,,,,0.0856302787773392,0.09614323318250685,nan
982b5123,982b5123,246,473,2,temporal-reasoning,FULL96,4.0,1.0,1.0,0.0,1.0,1.0,0.0,0.0856302787773392,0.09614323318250685,nan
993da5e2,993da5e2,248,486,2,temporal-reasoning,LOW48,0.25,0.5,0.5,0.0,0.5,0.5,0.0,0.12312884659418366,0.07723953939453214,0.11196189034194466
993da5e2,993da5e2,248,486,2,temporal-reasoning,LOW48,0.5,0.5,0.5,0.0,,,,0.12312884659418366,0.07723953939453214,0.11196189034194466
993da5e2,993da5e2,248,486,2,temporal-reasoning,LOW48,1.0,0.5,0.5,0.0,0.5,0.5,0.0,0.12312884659418366,0.07723953939453214,0.11196189034194466
993da5e2,993da5e2,248,486,2,temporal-reasoning,LOW48,2.0,0.5,0.5,0.0,,,,0.12312884659418366,0.07723953939453214,0.11196189034194466
993da5e2,993da5e2,248,486,2,temporal-reasoning,LOW48,4.0,0.5,0.5,0.0,0.5,0.5,0.0,0.12312884659418366,0.07723953939453214,0.11196189034194466
993da5e2,993da5e2,248,486,2,temporal-reasoning,HIGH48,0.25,0.5,0.5,0.0,0.5,0.5,0.0,0.12312884659418366,0.11196189034194466,0.07723953939453214
993da5e2,993da5e2,248,486,2,temporal-reasoning,HIGH48,0.5,0.5,0.5,0.0,,,,0.12312884659418366,0.11196189034194466,0.07723953939453214
993da5e2,993da5e2,248,486,2,temporal-reasoning,HIGH48,1.0,0.5,0.5,0.0,0.5,0.5,0.0,0.12312884659418366,0.11196189034194466,0.07723953939453214
993da5e2,993da5e2,248,486,2,temporal-reasoning,HIGH48,2.0,0.5,0.5,0.0,,,,0.12312884659418366,0.11196189034194466,0.07723953939453214
993da5e2,993da5e2,248,486,2,temporal-reasoning,HIGH48,4.0,0.5,0.5,0.0,0.5,0.5,0.0,0.12312884659418366,0.11196189034194466,0.07723953939453214
993da5e2,993da5e2,248,486,2,temporal-reasoning,FULL96,0.25,0.5,0.5,0.0,0.5,0.5,0.0,0.12312884659418366,0.09618058882857061,nan
993da5e2,993da5e2,248,486,2,temporal-reasoning,FULL96,0.5,0.5,0.5,0.0,,,,0.12312884659418366,0.09618058882857061,nan
993da5e2,993da5e2,248,486,2,temporal-reasoning,FULL96,1.0,0.5,0.5,0.0,0.5,0.5,0.0,0.12312884659418366,0.09618058882857061,nan
993da5e2,993da5e2,248,486,2,temporal-reasoning,FULL96,2.0,0.5,0.5,0.0,,,,0.12312884659418366,0.09618058882857061,nan
993da5e2,993da5e2,248,486,2,temporal-reasoning,FULL96,4.0,0.5,0.5,0.0,0.5,0.5,0.0,0.12312884659418366,0.09618058882857061,nan
9a707b81,9a707b81,249,530,2,temporal-reasoning,LOW48,0.25,1.0,0.5,0.5,1.0,0.5,0.5,0.11638608916726097,0.07945489838543798,0.11069036043600401
9a707b81,9a707b81,249,530,2,temporal-reasoning,LOW48,0.5,1.0,0.5,0.5,,,,0.11638608916726097,0.07945489838543798,0.11069036043600401
9a707b81,9a707b81,249,530,2,temporal-reasoning,LOW48,1.0,1.0,0.5,0.5,1.0,0.5,0.5,0.11638608916726097,0.07945489838543798,0.11069036043600401
9a707b81,9a707b81,249,530,2,temporal-reasoning,LOW48,2.0,1.0,0.5,0.5,,,,0.11638608916726097,0.07945489838543798,0.11069036043600401
9a707b81,9a707b81,249,530,2,temporal-reasoning,LOW48,4.0,1.0,0.5,0.5,1.0,0.5,0.5,0.11638608916726097,0.07945489838543798,0.11069036043600401
9a707b81,9a707b81,249,530,2,temporal-reasoning,HIGH48,0.25,1.0,0.5,0.5,1.0,0.5,0.5,0.11638608916726097,0.11069036043600403,0.07945489838543798
9a707b81,9a707b81,249,530,2,temporal-reasoning,HIGH48,0.5,1.0,0.5,0.5,,,,0.11638608916726097,0.11069036043600403,0.07945489838543798
9a707b81,9a707b81,249,530,2,temporal-reasoning,HIGH48,1.0,1.0,0.5,0.5,1.0,0.5,0.5,0.11638608916726097,0.11069036043600403,0.07945489838543798
9a707b81,9a707b81,249,530,2,temporal-reasoning,HIGH48,2.0,1.0,0.5,0.5,,,,0.11638608916726097,0.11069036043600403,0.07945489838543798
9a707b81,9a707b81,249,530,2,temporal-reasoning,HIGH48,4.0,1.0,0.5,0.5,1.0,0.5,0.5,0.11638608916726097,0.11069036043600403,0.07945489838543798
9a707b81,9a707b81,249,530,2,temporal-reasoning,FULL96,0.25,1.0,0.5,0.5,1.0,0.5,0.5,0.11638608916726097,0.09634686494871735,nan
9a707b81,9a707b81,249,530,2,temporal-reasoning,FULL96,0.5,1.0,0.5,0.5,,,,0.11638608916726097,0.09634686494871735,nan
9a707b81,9a707b81,249,530,2,temporal-reasoning,FULL96,1.0,1.0,0.5,0.5,1.0,0.5,0.5,0.11638608916726097,0.09634686494871735,nan
9a707b81,9a707b81,249,530,2,temporal-reasoning,FULL96,2.0,1.0,0.5,0.5,,,,0.11638608916726097,0.09634686494871735,nan
9a707b81,9a707b81,249,530,2,temporal-reasoning,FULL96,4.0,1.0,0.5,0.5,1.0,0.5,0.5,0.11638608916726097,0.09634686494871735,nan
9a707b82,9a707b82,250,532,1,temporal-reasoning,LOW48,0.25,0.0,0.0,0.0,0.0,0.0,0.0,0.05367459331798963,0.06338064626985641,0.12016155578637037
9a707b82,9a707b82,250,532,1,temporal-reasoning,LOW48,0.5,0.0,0.0,0.0,,,,0.05367459331798963,0.06338064626985641,0.12016155578637037
9a707b82,9a707b82,250,532,1,temporal-reasoning,LOW48,1.0,0.0,0.0,0.0,0.0,0.0,0.0,0.05367459331798963,0.06338064626985641,0.12016155578637037
9a707b82,9a707b82,250,532,1,temporal-reasoning,LOW48,2.0,0.0,0.0,0.0,,,,0.05367459331798963,0.06338064626985641,0.12016155578637037
9a707b82,9a707b82,250,532,1,temporal-reasoning,LOW48,4.0,0.0,0.0,0.0,0.0,0.0,0.0,0.05367459331798963,0.06338064626985641,0.12016155578637037
9a707b82,9a707b82,250,532,1,temporal-reasoning,HIGH48,0.25,0.0,0.0,0.0,0.0,0.0,0.0,0.05367459331798963,0.12016155578637039,0.06338064626985641
9a707b82,9a707b82,250,532,1,temporal-reasoning,HIGH48,0.5,0.0,0.0,0.0,,,,0.05367459331798963,0.12016155578637039,0.06338064626985641
9a707b82,9a707b82,250,532,1,temporal-reasoning,HIGH48,1.0,0.0,0.0,0.0,0.0,0.0,0.0,0.05367459331798963,0.12016155578637039,0.06338064626985641
9a707b82,9a707b82,250,532,1,temporal-reasoning,HIGH48,2.0,0.0,0.0,0.0,,,,0.05367459331798963,0.12016155578637039,0.06338064626985641
9a707b82,9a707b82,250,532,1,temporal-reasoning,HIGH48,4.0,0.0,0.0,0.0,0.0,0.0,0.0,0.05367459331798963,0.12016155578637039,0.06338064626985641
9a707b82,9a707b82,250,532,1,temporal-reasoning,FULL96,0.25,0.0,0.0,0.0,0.0,0.0,0.0,0.05367459331798963,0.09606223454247163,nan
9a707b82,9a707b82,250,532,1,temporal-reasoning,FULL96,0.5,0.0,0.0,0.0,,,,0.05367459331798963,0.09606223454247163,nan
9a707b82,9a707b82,250,532,1,temporal-reasoning,FULL96,1.0,0.0,0.0,0.0,0.0,0.0,0.0,0.05367459331798963,0.09606223454247163,nan
9a707b82,9a707b82,250,532,1,temporal-reasoning,FULL96,2.0,0.0,0.0,0.0,,,,0.05367459331798963,0.09606223454247163,nan
9a707b82,9a707b82,250,532,1,temporal-reasoning,FULL96,4.0,0.0,0.0,0.0,0.0,0.0,0.0,0.05367459331798963,0.09606223454247163,nan
9aaed6a3,9aaed6a3,251,541,2,multi-session,LOW48,0.25,0.5,0.5,0.0,0.5,0.5,0.0,0.11342983535035042,0.07714718221644828,0.11246472985978237
9aaed6a3,9aaed6a3,251,541,2,multi-session,LOW48,0.5,0.5,0.5,0.0,,,,0.11342983535035042,0.07714718221644828,0.11246472985978237
9aaed6a3,9aaed6a3,251,541,2,multi-session,LOW48,1.0,0.5,0.5,0.0,0.5,0.5,0.0,0.11342983535035042,0.07714718221644828,0.11246472985978237
9aaed6a3,9aaed6a3,251,541,2,multi-session,LOW48,2.0,0.5,0.5,0.0,,,,0.11342983535035042,0.07714718221644828,0.11246472985978237
9aaed6a3,9aaed6a3,251,541,2,multi-session,LOW48,4.0,0.5,0.5,0.0,0.5,0.5,0.0,0.11342983535035042,0.07714718221644828,0.11246472985978237
9aaed6a3,9aaed6a3,251,541,2,multi-session,HIGH48,0.25,0.5,0.5,0.0,0.5,0.5,0.0,0.11342983535035042,0.11246472985978237,0.0771471822164483
9aaed6a3,9aaed6a3,251,541,2,multi-session,HIGH48,0.5,0.5,0.5,0.0,,,,0.11342983535035042,0.11246472985978237,0.0771471822164483
9aaed6a3,9aaed6a3,251,541,2,multi-session,HIGH48,1.0,0.5,0.5,0.0,0.5,0.5,0.0,0.11342983535035042,0.11246472985978237,0.0771471822164483
9aaed6a3,9aaed6a3,251,541,2,multi-session,HIGH48,2.0,0.5,0.5,0.0,,,,0.11342983535035042,0.11246472985978237,0.0771471822164483
9aaed6a3,9aaed6a3,251,541,2,multi-session,HIGH48,4.0,0.5,0.5,0.0,0.5,0.5,0.0,0.11342983535035042,0.11246472985978237,0.0771471822164483
9aaed6a3,9aaed6a3,251,541,2,multi-session,FULL96,0.25,0.5,0.5,0.0,0.5,0.5,0.0,0.11342983535035042,0.09643651587021303,nan
9aaed6a3,9aaed6a3,251,541,2,multi-session,FULL96,0.5,0.5,0.5,0.0,,,,0.11342983535035042,0.09643651587021303,nan
9aaed6a3,9aaed6a3,251,541,2,multi-session,FULL96,1.0,0.5,0.5,0.0,0.5,0.5,0.0,0.11342983535035042,0.09643651587021303,nan
9aaed6a3,9aaed6a3,251,541,2,multi-session,FULL96,2.0,0.5,0.5,0.0,,,,0.11342983535035042,0.09643651587021303,nan
9aaed6a3,9aaed6a3,251,541,2,multi-session,FULL96,4.0,0.5,0.5,0.0,0.5,0.5,0.0,0.11342983535035042,0.09643651587021303,nan
9bbe84a2,9bbe84a2,252,459,2,knowledge-update,LOW48,0.25,0.5,0.5,0.0,0.5,0.5,0.0,0.0886277770186292,0.06838977268049072,0.11813941636256153
9bbe84a2,9bbe84a2,252,459,2,knowledge-update,LOW48,0.5,0.5,0.5,0.0,,,,0.0886277770186292,0.06838977268049072,0.11813941636256153
9bbe84a2,9bbe84a2,252,459,2,knowledge-update,LOW48,1.0,0.5,0.5,0.0,0.5,0.5,0.0,0.0886277770186292,0.06838977268049072,0.11813941636256153
9bbe84a2,9bbe84a2,252,459,2,knowledge-update,LOW48,2.0,0.5,0.5,0.0,,,,0.0886277770186292,0.06838977268049072,0.11813941636256153
9bbe84a2,9bbe84a2,252,459,2,knowledge-update,LOW48,4.0,0.5,0.5,0.0,0.5,0.5,0.0,0.0886277770186292,0.06838977268049072,0.11813941636256153
9bbe84a2,9bbe84a2,252,459,2,knowledge-update,HIGH48,0.25,0.5,0.5,0.0,0.5,0.5,0.0,0.0886277770186292,0.11813941636256153,0.06838977268049072
9bbe84a2,9bbe84a2,252,459,2,knowledge-update,HIGH48,0.5,0.5,0.5,0.0,,,,0.0886277770186292,0.11813941636256153,0.06838977268049072
9bbe84a2,9bbe84a2,252,459,2,knowledge-update,HIGH48,1.0,0.5,0.5,0.0,0.5,0.5,0.0,0.0886277770186292,0.11813941636256153,0.06838977268049072
9bbe84a2,9bbe84a2,252,459,2,knowledge-update,HIGH48,2.0,0.5,0.5,0.0,,,,0.0886277770186292,0.11813941636256153,0.06838977268049072
9bbe84a2,9bbe84a2,252,459,2,knowledge-update,HIGH48,4.0,0.5,0.5,0.0,0.5,0.5,0.0,0.0886277770186292,0.11813941636256153,0.06838977268049072
9bbe84a2,9bbe84a2,252,459,2,knowledge-update,FULL96,0.25,0.5,0.5,0.0,0.5,0.5,0.0,0.0886277770186292,0.0965248224701187,nan
9bbe84a2,9bbe84a2,252,459,2,knowledge-update,FULL96,0.5,0.5,0.5,0.0,,,,0.0886277770186292,0.0965248224701187,nan
9bbe84a2,9bbe84a2,252,459,2,knowledge-update,FULL96,1.0,0.5,0.5,0.0,0.5,0.5,0.0,0.0886277770186292,0.0965248224701187,nan
9bbe84a2,9bbe84a2,252,459,2,knowledge-update,FULL96,2.0,0.5,0.5,0.0,,,,0.0886277770186292,0.0965248224701187,nan
9bbe84a2,9bbe84a2,252,459,2,knowledge-update,FULL96,4.0,0.5,0.5,0.0,0.5,0.5,0.0,0.0886277770186292,0.0965248224701187,nan
9d25d4e0,9d25d4e0,253,493,5,multi-session,LOW48,0.25,0.0,0.0,0.0,0.0,0.0,0.0,0.11929234895840878,0.06741394313697932,0.11841251004550271
9d25d4e0,9d25d4e0,253,493,5,multi-session,LOW48,0.5,0.0,0.0,0.0,,,,0.11929234895840878,0.06741394313697932,0.11841251004550271
9d25d4e0,9d25d4e0,253,493,5,multi-session,LOW48,1.0,0.0,0.0,0.0,0.0,0.0,0.0,0.11929234895840878,0.06741394313697932,0.11841251004550271
9d25d4e0,9d25d4e0,253,493,5,multi-session,LOW48,2.0,0.0,0.0,0.0,,,,0.11929234895840878,0.06741394313697932,0.11841251004550271
9d25d4e0,9d25d4e0,253,493,5,multi-session,LOW48,4.0,0.0,0.0,0.0,0.0,0.0,0.0,0.11929234895840878,0.06741394313697932,0.11841251004550271
9d25d4e0,9d25d4e0,253,493,5,multi-session,HIGH48,0.25,0.0,0.0,0.0,0.0,0.0,0.0,0.11929234895840878,0.11841251004550271,0.06741394313697933
9d25d4e0,9d25d4e0,253,493,5,multi-session,HIGH48,0.5,0.0,0.0,0.0,,,,0.11929234895840878,0.11841251004550271,0.06741394313697933
9d25d4e0,9d25d4e0,253,493,5,multi-session,HIGH48,1.0,0.0,0.0,0.0,0.0,0.0,0.0,0.11929234895840878,0.11841251004550271,0.06741394313697933
9d25d4e0,9d25d4e0,253,493,5,multi-session,HIGH48,2.0,0.0,0.0,0.0,,,,0.11929234895840878,0.11841251004550271,0.06741394313697933
9d25d4e0,9d25d4e0,253,493,5,multi-session,HIGH48,4.0,0.0,0.0,0.0,0.0,0.0,0.0,0.11929234895840878,0.11841251004550271,0.06741394313697933
9d25d4e0,9d25d4e0,253,493,5,multi-session,FULL96,0.25,0.0,0.0,0.0,0.0,0.0,0.0,0.11929234895840878,0.09634874743491002,nan
9d25d4e0,9d25d4e0,253,493,5,multi-session,FULL96,0.5,0.0,0.0,0.0,,,,0.11929234895840878,0.09634874743491002,nan
9d25d4e0,9d25d4e0,253,493,5,multi-session,FULL96,1.0,0.0,0.0,0.0,0.0,0.0,0.0,0.11929234895840878,0.09634874743491002,nan
9d25d4e0,9d25d4e0,253,493,5,multi-session,FULL96,2.0,0.0,0.0,0.0,,,,0.11929234895840878,0.09634874743491002,nan
9d25d4e0,9d25d4e0,253,493,5,multi-session,FULL96,4.0,0.0,0.0,0.0,0.0,0.0,0.0,0.11929234895840878,0.09634874743491002,nan
9ea5eabc,9ea5eabc,254,537,2,knowledge-update,LOW48,0.25,0.5,0.5,0.0,0.5,0.5,0.0,0.21237049297965685,0.0756775769380436,0.11291988851329289
9ea5eabc,9ea5eabc,254,537,2,knowledge-update,LOW48,0.5,0.5,0.5,0.0,,,,0.21237049297965685,0.0756775769380436,0.11291988851329289
9ea5eabc,9ea5eabc,254,537,2,knowledge-update,LOW48,1.0,0.5,0.5,0.0,0.5,0.5,0.0,0.21237049297965685,0.0756775769380436,0.11291988851329289
9ea5eabc,9ea5eabc,254,537,2,knowledge-update,LOW48,2.0,0.5,0.5,0.0,,,,0.21237049297965685,0.0756775769380436,0.11291988851329289
9ea5eabc,9ea5eabc,254,537,2,knowledge-update,LOW48,4.0,0.5,0.0,0.5,0.5,0.0,0.5,0.21237049297965685,0.0756775769380436,0.11291988851329289
9ea5eabc,9ea5eabc,254,537,2,knowledge-update,HIGH48,0.25,0.5,0.0,0.5,0.5,0.0,0.5,0.21237049297965685,0.11291988851329288,0.07567757693804358
9ea5eabc,9ea5eabc,254,537,2,knowledge-update,HIGH48,0.5,0.5,0.5,0.0,,,,0.21237049297965685,0.11291988851329288,0.07567757693804358
9ea5eabc,9ea5eabc,254,537,2,knowledge-update,HIGH48,1.0,0.5,0.5,0.0,0.5,0.5,0.0,0.21237049297965685,0.11291988851329288,0.07567757693804358
9ea5eabc,9ea5eabc,254,537,2,knowledge-update,HIGH48,2.0,0.5,0.5,0.0,,,,0.21237049297965685,0.11291988851329288,0.07567757693804358
9ea5eabc,9ea5eabc,254,537,2,knowledge-update,HIGH48,4.0,0.5,0.5,0.0,0.5,0.5,0.0,0.21237049297965685,0.11291988851329288,0.07567757693804358
9ea5eabc,9ea5eabc,254,537,2,knowledge-update,FULL96,0.25,0.5,0.5,0.0,0.5,0.5,0.0,0.21237049297965685,0.09611970888706436,nan
9ea5eabc,9ea5eabc,254,537,2,knowledge-update,FULL96,0.5,0.5,0.5,0.0,,,,0.21237049297965685,0.09611970888706436,nan
9ea5eabc,9ea5eabc,254,537,2,knowledge-update,FULL96,1.0,0.5,0.5,0.0,0.5,0.5,0.0,0.21237049297965685,0.09611970888706436,nan
9ea5eabc,9ea5eabc,254,537,2,knowledge-update,FULL96,2.0,0.5,0.5,0.0,,,,0.21237049297965685,0.09611970888706436,nan
9ea5eabc,9ea5eabc,254,537,2,knowledge-update,FULL96,4.0,0.5,0.5,0.0,0.5,0.5,0.0,0.21237049297965685,0.09611970888706436,nan
9ee3ecd6,9ee3ecd6,255,476,2,multi-session,LOW48,0.25,0.5,0.5,0.0,0.5,0.5,0.0,0.08386373016602815,0.07013621452091427,0.11725639640793555
9ee3ecd6,9ee3ecd6,255,476,2,multi-session,LOW48,0.5,0.5,0.5,0.0,,,,0.08386373016602815,0.07013621452091427,0.11725639640793555
9ee3ecd6,9ee3ecd6,255,476,2,multi-session,LOW48,1.0,0.5,0.5,0.0,0.5,0.5,0.0,0.08386373016602815,0.07013621452091427,0.11725639640793555
9ee3ecd6,9ee3ecd6,255,476,2,multi-session,LOW48,2.0,0.5,0.5,0.0,,,,0.08386373016602815,0.07013621452091427,0.11725639640793555
9ee3ecd6,9ee3ecd6,255,476,2,multi-session,LOW48,4.0,0.5,0.5,0.0,0.5,0.5,0.0,0.08386373016602815,0.07013621452091427,0.11725639640793555
9ee3ecd6,9ee3ecd6,255,476,2,multi-session,HIGH48,0.25,0.5,0.5,0.0,0.5,0.5,0.0,0.08386373016602815,0.11725639640793556,0.07013621452091427
9ee3ecd6,9ee3ecd6,255,476,2,multi-session,HIGH48,0.5,0.5,0.5,0.0,,,,0.08386373016602815,0.11725639640793556,0.07013621452091427
9ee3ecd6,9ee3ecd6,255,476,2,multi-session,HIGH48,1.0,0.5,0.5,0.0,0.5,0.5,0.0,0.08386373016602815,0.11725639640793556,0.07013621452091427
9ee3ecd6,9ee3ecd6,255,476,2,multi-session,HIGH48,2.0,0.5,0.5,0.0,,,,0.08386373016602815,0.11725639640793556,0.07013621452091427
9ee3ecd6,9ee3ecd6,255,476,2,multi-session,HIGH48,4.0,0.5,0.5,0.0,0.5,0.5,0.0,0.08386373016602815,0.11725639640793556,0.07013621452091427
9ee3ecd6,9ee3ecd6,255,476,2,multi-session,FULL96,0.25,0.5,0.5,0.0,0.5,0.5,0.0,0.08386373016602815,0.09661301953126873,nan
9ee3ecd6,9ee3ecd6,255,476,2,multi-session,FULL96,0.5,0.5,0.5,0.0,,,,0.08386373016602815,0.09661301953126873,nan
9ee3ecd6,9ee3ecd6,255,476,2,multi-session,FULL96,1.0,0.5,0.5,0.0,0.5,0.5,0.0,0.08386373016602815,0.09661301953126873,nan
9ee3ecd6,9ee3ecd6,255,476,2,multi-session,FULL96,2.0,0.5,0.5,0.0,,,,0.08386373016602815,0.09661301953126873,nan
9ee3ecd6,9ee3ecd6,255,476,2,multi-session,FULL96,4.0,0.5,0.5,0.0,0.5,0.5,0.0,0.08386373016602815,0.09661301953126873,nan
a06e4cfe,a06e4cfe,256,534,1,single-session-user,LOW48,0.25,0.5,1.0,-0.5,0.35,1.0,-0.65,0.10675790190724946,0.07379479640736664,0.11450305402006057
a06e4cfe,a06e4cfe,256,534,1,single-session-user,LOW48,0.5,0.5,1.0,-0.5,,,,0.10675790190724946,0.07379479640736664,0.11450305402006057
a06e4cfe,a06e4cfe,256,534,1,single-session-user,LOW48,1.0,0.5,1.0,-0.5,0.35,1.0,-0.65,0.10675790190724946,0.07379479640736664,0.11450305402006057
a06e4cfe,a06e4cfe,256,534,1,single-session-user,LOW48,2.0,0.5,1.0,-0.5,,,,0.10675790190724946,0.07379479640736664,0.11450305402006057
a06e4cfe,a06e4cfe,256,534,1,single-session-user,LOW48,4.0,0.5,1.0,-0.5,0.35,1.0,-0.65,0.10675790190724946,0.07379479640736664,0.11450305402006057
a06e4cfe,a06e4cfe,256,534,1,single-session-user,HIGH48,0.25,0.5,1.0,-0.5,0.35,1.0,-0.65,0.10675790190724946,0.11450305402006057,0.07379479640736664
a06e4cfe,a06e4cfe,256,534,1,single-session-user,HIGH48,0.5,0.5,1.0,-0.5,,,,0.10675790190724946,0.11450305402006057,0.07379479640736664
a06e4cfe,a06e4cfe,256,534,1,single-session-user,HIGH48,1.0,0.5,1.0,-0.5,0.35,1.0,-0.65,0.10675790190724946,0.11450305402006057,0.07379479640736664
a06e4cfe,a06e4cfe,256,534,1,single-session-user,HIGH48,2.0,0.5,1.0,-0.5,,,,0.10675790190724946,0.11450305402006057,0.07379479640736664
a06e4cfe,a06e4cfe,256,534,1,single-session-user,HIGH48,4.0,0.5,1.0,-0.5,0.35,1.0,-0.65,0.10675790190724946,0.11450305402006057,0.07379479640736664
a06e4cfe,a06e4cfe,256,534,1,single-session-user,FULL96,0.25,0.5,1.0,-0.5,0.35,1.0,-0.65,0.10675790190724946,0.09632398807339117,nan
a06e4cfe,a06e4cfe,256,534,1,single-session-user,FULL96,0.5,0.5,1.0,-0.5,,,,0.10675790190724946,0.09632398807339117,nan
a06e4cfe,a06e4cfe,256,534,1,single-session-user,FULL96,1.0,0.5,1.0,-0.5,0.35,1.0,-0.65,0.10675790190724946,0.09632398807339117,nan
a06e4cfe,a06e4cfe,256,534,1,single-session-user,FULL96,2.0,0.5,1.0,-0.5,,,,0.10675790190724946,0.09632398807339117,nan
a06e4cfe,a06e4cfe,256,534,1,single-session-user,FULL96,4.0,0.5,1.0,-0.5,0.35,1.0,-0.65,0.10675790190724946,0.09632398807339117,nan
a08a253f,a08a253f,257,560,2,multi-session,LOW48,0.25,0.5,0.5,0.0,0.5,0.5,0.0,0.0741387781776054,0.06634203161497809,0.11930668279932004
a08a253f,a08a253f,257,560,2,multi-session,LOW48,0.5,0.5,0.5,0.0,,,,0.0741387781776054,0.06634203161497809,0.11930668279932004
a08a253f,a08a253f,257,560,2,multi-session,LOW48,1.0,0.5,0.5,0.0,0.5,0.5,0.0,0.0741387781776054,0.06634203161497809,0.11930668279932004
a08a253f,a08a253f,257,560,2,multi-session,LOW48,2.0,0.5,0.5,0.0,,,,0.0741387781776054,0.06634203161497809,0.11930668279932004
a08a253f,a08a253f,257,560,2,multi-session,LOW48,4.0,0.5,0.5,0.0,0.5,0.5,0.0,0.0741387781776054,0.06634203161497809,0.11930668279932004
a08a253f,a08a253f,257,560,2,multi-session,HIGH48,0.25,0.5,0.5,0.0,0.5,0.5,0.0,0.0741387781776054,0.11930668279932004,0.06634203161497809
a08a253f,a08a253f,257,560,2,multi-session,HIGH48,0.5,0.5,0.5,0.0,,,,0.0741387781776054,0.11930668279932004,0.06634203161497809
a08a253f,a08a253f,257,560,2,multi-session,HIGH48,1.0,0.5,0.5,0.0,0.5,0.5,0.0,0.0741387781776054,0.11930668279932004,0.06634203161497809
a08a253f,a08a253f,257,560,2,multi-session,HIGH48,2.0,0.5,0.5,0.0,,,,0.0741387781776054,0.11930668279932004,0.06634203161497809
a08a253f,a08a253f,257,560,2,multi-session,HIGH48,4.0,0.5,0.5,0.0,0.5,0.5,0.0,0.0741387781776054,0.11930668279932004,0.06634203161497809
a08a253f,a08a253f,257,560,2,multi-session,FULL96,0.25,0.5,0.5,0.0,0.5,0.5,0.0,0.0741387781776054,0.09652810398889103,nan
a08a253f,a08a253f,257,560,2,multi-session,FULL96,0.5,0.5,0.5,0.0,,,,0.0741387781776054,0.09652810398889103,nan
a08a253f,a08a253f,257,560,2,multi-session,FULL96,1.0,0.5,0.5,0.0,0.5,0.5,0.0,0.0741387781776054,0.09652810398889103,nan
a08a253f,a08a253f,257,560,2,multi-session,FULL96,2.0,0.5,0.5,0.0,,,,0.0741387781776054,0.09652810398889103,nan
a08a253f,a08a253f,257,560,2,multi-session,FULL96,4.0,0.5,0.5,0.0,0.5,0.5,0.0,0.0741387781776054,0.09652810398889103,nan
a11281a2,a11281a2,258,457,2,multi-session,LOW48,0.25,1.0,0.0,1.0,1.0,0.0,1.0,0.1317538779333764,0.0748153268714926,0.11432360330277391
a11281a2,a11281a2,258,457,2,multi-session,LOW48,0.5,1.0,0.0,1.0,,,,0.1317538779333764,0.0748153268714926,0.11432360330277391
a11281a2,a11281a2,258,457,2,multi-session,LOW48,1.0,1.0,0.0,1.0,1.0,0.0,1.0,0.1317538779333764,0.0748153268714926,0.11432360330277391
a11281a2,a11281a2,258,457,2,multi-session,LOW48,2.0,1.0,0.0,1.0,,,,0.1317538779333764,0.0748153268714926,0.11432360330277391
a11281a2,a11281a2,258,457,2,multi-session,LOW48,4.0,1.0,1.0,0.0,1.0,1.0,0.0,0.1317538779333764,0.0748153268714926,0.11432360330277391
a11281a2,a11281a2,258,457,2,multi-session,HIGH48,0.25,1.0,1.0,0.0,1.0,1.0,0.0,0.1317538779333764,0.11432360330277391,0.0748153268714926
a11281a2,a11281a2,258,457,2,multi-session,HIGH48,0.5,1.0,0.0,1.0,,,,0.1317538779333764,0.11432360330277391,0.0748153268714926
a11281a2,a11281a2,258,457,2,multi-session,HIGH48,1.0,1.0,0.0,1.0,1.0,0.0,1.0,0.1317538779333764,0.11432360330277391,0.0748153268714926
a11281a2,a11281a2,258,457,2,multi-session,HIGH48,2.0,1.0,0.0,1.0,,,,0.1317538779333764,0.11432360330277391,0.0748153268714926
a11281a2,a11281a2,258,457,2,multi-session,HIGH48,4.0,1.0,0.0,1.0,1.0,0.0,1.0,0.1317538779333764,0.11432360330277391,0.0748153268714926
a11281a2,a11281a2,258,457,2,multi-session,FULL96,0.25,1.0,0.0,1.0,1.0,0.0,1.0,0.1317538779333764,0.09661060864889087,nan
a11281a2,a11281a2,258,457,2,multi-session,FULL96,0.5,1.0,0.0,1.0,,,,0.1317538779333764,0.09661060864889087,nan
a11281a2,a11281a2,258,457,2,multi-session,FULL96,1.0,1.0,0.0,1.0,1.0,0.0,1.0,0.1317538779333764,0.09661060864889087,nan
a11281a2,a11281a2,258,457,2,multi-session,FULL96,2.0,1.0,0.0,1.0,,,,0.1317538779333764,0.09661060864889087,nan
a11281a2,a11281a2,258,457,2,multi-session,FULL96,4.0,1.0,0.0,1.0,1.0,0.0,1.0,0.1317538779333764,0.09661060864889087,nan
a1cc6108,a1cc6108,259,492,2,multi-session,LOW48,0.25,0.0,0.5,-0.5,0.0,0.5,-0.5,0.07184811024060131,0.07536963475864064,0.11367000754353988
a1cc6108,a1cc6108,259,492,2,multi-session,LOW48,0.5,0.0,0.5,-0.5,,,,0.07184811024060131,0.07536963475864064,0.11367000754353988
a1cc6108,a1cc6108,259,492,2,multi-session,LOW48,1.0,0.0,0.5,-0.5,0.0,0.5,-0.5,0.07184811024060131,0.07536963475864064,0.11367000754353988
a1cc6108,a1cc6108,259,492,2,multi-session,LOW48,2.0,0.0,0.5,-0.5,,,,0.07184811024060131,0.07536963475864064,0.11367000754353988
a1cc6108,a1cc6108,259,492,2,multi-session,LOW48,4.0,0.0,0.5,-0.5,0.0,0.5,-0.5,0.07184811024060131,0.07536963475864064,0.11367000754353988
a1cc6108,a1cc6108,259,492,2,multi-session,HIGH48,0.25,0.0,0.5,-0.5,0.0,0.5,-0.5,0.07184811024060131,0.1136700075435399,0.07536963475864063
a1cc6108,a1cc6108,259,492,2,multi-session,HIGH48,0.5,0.0,0.5,-0.5,,,,0.07184811024060131,0.1136700075435399,0.07536963475864063
a1cc6108,a1cc6108,259,492,2,multi-session,HIGH48,1.0,0.0,0.5,-0.5,0.0,0.5,-0.5,0.07184811024060131,0.1136700075435399,0.07536963475864063
a1cc6108,a1cc6108,259,492,2,multi-session,HIGH48,2.0,0.0,0.5,-0.5,,,,0.07184811024060131,0.1136700075435399,0.07536963475864063
a1cc6108,a1cc6108,259,492,2,multi-session,HIGH48,4.0,0.0,0.5,-0.5,0.0,0.5,-0.5,0.07184811024060131,0.1136700075435399,0.07536963475864063
a1cc6108,a1cc6108,259,492,2,multi-session,FULL96,0.25,0.0,0.5,-0.5,0.0,0.5,-0.5,0.07184811024060131,0.09644027285993986,nan
a1cc6108,a1cc6108,259,492,2,multi-session,FULL96,0.5,0.0,0.5,-0.5,,,,0.07184811024060131,0.09644027285993986,nan
a1cc6108,a1cc6108,259,492,2,multi-session,FULL96,1.0,0.0,0.5,-0.5,0.0,0.5,-0.5,0.07184811024060131,0.09644027285993986,nan
a1cc6108,a1cc6108,259,492,2,multi-session,FULL96,2.0,0.0,0.5,-0.5,,,,0.07184811024060131,0.09644027285993986,nan
a1cc6108,a1cc6108,259,492,2,multi-session,FULL96,4.0,0.0,0.5,-0.5,0.0,0.5,-0.5,0.07184811024060131,0.09644027285993986,nan
a1eacc2a,a1eacc2a,260,474,2,knowledge-update,LOW48,0.25,1.0,0.5,0.5,1.0,0.5,0.5,0.2865396114407973,0.08423476346240384,0.10734394128693962
a1eacc2a,a1eacc2a,260,474,2,knowledge-update,LOW48,0.5,1.0,0.5,0.5,,,,0.2865396114407973,0.08423476346240384,0.10734394128693962
a1eacc2a,a1eacc2a,260,474,2,knowledge-update,LOW48,1.0,1.0,0.5,0.5,1.0,0.5,0.5,0.2865396114407973,0.08423476346240384,0.10734394128693962
a1eacc2a,a1eacc2a,260,474,2,knowledge-update,LOW48,2.0,1.0,1.0,0.0,,,,0.2865396114407973,0.08423476346240384,0.10734394128693962
a1eacc2a,a1eacc2a,260,474,2,knowledge-update,LOW48,4.0,1.0,0.5,0.5,1.0,0.5,0.5,0.2865396114407973,0.08423476346240384,0.10734394128693962
a1eacc2a,a1eacc2a,260,474,2,knowledge-update,HIGH48,0.25,1.0,0.5,0.5,1.0,0.5,0.5,0.2865396114407973,0.10734394128693961,0.08423476346240384
a1eacc2a,a1eacc2a,260,474,2,knowledge-update,HIGH48,0.5,1.0,1.0,0.0,,,,0.2865396114407973,0.10734394128693961,0.08423476346240384
a1eacc2a,a1eacc2a,260,474,2,knowledge-update,HIGH48,1.0,1.0,0.5,0.5,1.0,0.5,0.5,0.2865396114407973,0.10734394128693961,0.08423476346240384
a1eacc2a,a1eacc2a,260,474,2,knowledge-update,HIGH48,2.0,1.0,0.5,0.5,,,,0.2865396114407973,0.10734394128693961,0.08423476346240384
a1eacc2a,a1eacc2a,260,474,2,knowledge-update,HIGH48,4.0,1.0,0.5,0.5,1.0,0.5,0.5,0.2865396114407973,0.10734394128693961,0.08423476346240384
a1eacc2a,a1eacc2a,260,474,2,knowledge-update,FULL96,0.25,1.0,0.5,0.5,1.0,0.5,0.5,0.2865396114407973,0.09648372170107522,nan
a1eacc2a,a1eacc2a,260,474,2,knowledge-update,FULL96,0.5,1.0,0.5,0.5,,,,0.2865396114407973,0.09648372170107522,nan
a1eacc2a,a1eacc2a,260,474,2,knowledge-update,FULL96,1.0,1.0,0.5,0.5,1.0,0.5,0.5,0.2865396114407973,0.09648372170107522,nan
a1eacc2a,a1eacc2a,260,474,2,knowledge-update,FULL96,2.0,1.0,0.5,0.5,,,,0.2865396114407973,0.09648372170107522,nan
a1eacc2a,a1eacc2a,260,474,2,knowledge-update,FULL96,4.0,1.0,0.5,0.5,1.0,0.5,0.5,0.2865396114407973,0.09648372170107522,nan
a2f3aa27,a2f3aa27,261,448,2,knowledge-update,LOW48,0.25,0.5,0.0,0.5,0.5,0.0,0.5,0.2533856520736973,0.07513136734255632,0.11395040147709735
a2f3aa27,a2f3aa27,261,448,2,knowledge-update,LOW48,0.5,0.5,0.0,0.5,,,,0.2533856520736973,0.07513136734255632,0.11395040147709735
a2f3aa27,a2f3aa27,261,448,2,knowledge-update,LOW48,1.0,0.5,0.0,0.5,0.5,0.0,0.5,0.2533856520736973,0.07513136734255632,0.11395040147709735
a2f3aa27,a2f3aa27,261,448,2,knowledge-update,LOW48,2.0,0.5,0.0,0.5,,,,0.2533856520736973,0.07513136734255632,0.11395040147709735
a2f3aa27,a2f3aa27,261,448,2,knowledge-update,LOW48,4.0,0.5,0.5,0.0,0.5,0.5,0.0,0.2533856520736973,0.07513136734255632,0.11395040147709735
a2f3aa27,a2f3aa27,261,448,2,knowledge-update,HIGH48,0.25,0.5,0.5,0.0,0.5,0.5,0.0,0.2533856520736973,0.11395040147709735,0.07513136734255631
a2f3aa27,a2f3aa27,261,448,2,knowledge-update,HIGH48,0.5,0.5,0.0,0.5,,,,0.2533856520736973,0.11395040147709735,0.07513136734255631
a2f3aa27,a2f3aa27,261,448,2,knowledge-update,HIGH48,1.0,0.5,0.0,0.5,0.5,0.0,0.5,0.2533856520736973,0.11395040147709735,0.07513136734255631
a2f3aa27,a2f3aa27,261,448,2,knowledge-update,HIGH48,2.0,0.5,0.0,0.5,,,,0.2533856520736973,0.11395040147709735,0.07513136734255631
a2f3aa27,a2f3aa27,261,448,2,knowledge-update,HIGH48,4.0,0.5,0.0,0.5,0.5,0.0,0.5,0.2533856520736973,0.11395040147709735,0.07513136734255631
a2f3aa27,a2f3aa27,261,448,2,knowledge-update,FULL96,0.25,0.5,0.0,0.5,0.5,0.0,0.5,0.2533856520736973,0.09651273583199733,nan
a2f3aa27,a2f3aa27,261,448,2,knowledge-update,FULL96,0.5,0.5,0.0,0.5,,,,0.2533856520736973,0.09651273583199733,nan
a2f3aa27,a2f3aa27,261,448,2,knowledge-update,FULL96,1.0,0.5,0.0,0.5,0.5,0.0,0.5,0.2533856520736973,0.09651273583199733,nan
a2f3aa27,a2f3aa27,261,448,2,knowledge-update,FULL96,2.0,0.5,0.0,0.5,,,,0.2533856520736973,0.09651273583199733,nan
a2f3aa27,a2f3aa27,261,448,2,knowledge-update,FULL96,4.0,0.5,0.0,0.5,0.5,0.0,0.5,0.2533856520736973,0.09651273583199733,nan
a3045048,a3045048,262,584,2,temporal-reasoning,LOW48,0.25,0.75,1.0,-0.25,0.775,1.0,-0.22499999999999998,0.10217974497943098,0.0673750193283978,0.1174975191469788
a3045048,a3045048,262,584,2,temporal-reasoning,LOW48,0.5,0.75,1.0,-0.25,,,,0.10217974497943098,0.0673750193283978,0.1174975191469788
a3045048,a3045048,262,584,2,temporal-reasoning,LOW48,1.0,0.75,1.0,-0.25,0.775,1.0,-0.22499999999999998,0.10217974497943098,0.0673750193283978,0.1174975191469788
a3045048,a3045048,262,584,2,temporal-reasoning,LOW48,2.0,0.75,1.0,-0.25,,,,0.10217974497943098,0.0673750193283978,0.1174975191469788
a3045048,a3045048,262,584,2,temporal-reasoning,LOW48,4.0,0.75,1.0,-0.25,0.775,1.0,-0.22499999999999998,0.10217974497943098,0.0673750193283978,0.1174975191469788
a3045048,a3045048,262,584,2,temporal-reasoning,HIGH48,0.25,0.75,1.0,-0.25,0.775,1.0,-0.22499999999999998,0.10217974497943098,0.1174975191469788,0.0673750193283978
a3045048,a3045048,262,584,2,temporal-reasoning,HIGH48,0.5,0.75,1.0,-0.25,,,,0.10217974497943098,0.1174975191469788,0.0673750193283978
a3045048,a3045048,262,584,2,temporal-reasoning,HIGH48,1.0,0.75,1.0,-0.25,0.775,1.0,-0.22499999999999998,0.10217974497943098,0.1174975191469788,0.0673750193283978
a3045048,a3045048,262,584,2,temporal-reasoning,HIGH48,2.0,0.75,1.0,-0.25,,,,0.10217974497943098,0.1174975191469788,0.0673750193283978
a3045048,a3045048,262,584,2,temporal-reasoning,HIGH48,4.0,0.75,1.0,-0.25,0.775,1.0,-0.22499999999999998,0.10217974497943098,0.1174975191469788,0.0673750193283978
a3045048,a3045048,262,584,2,temporal-reasoning,FULL96,0.25,0.75,1.0,-0.25,0.775,1.0,-0.22499999999999998,0.10217974497943098,0.09577332675436473,nan
a3045048,a3045048,262,584,2,temporal-reasoning,FULL96,0.5,0.75,1.0,-0.25,,,,0.10217974497943098,0.09577332675436473,nan
a3045048,a3045048,262,584,2,temporal-reasoning,FULL96,1.0,0.75,1.0,-0.25,0.775,1.0,-0.22499999999999998,0.10217974497943098,0.09577332675436473,nan
a3045048,a3045048,262,584,2,temporal-reasoning,FULL96,2.0,0.75,1.0,-0.25,,,,0.10217974497943098,0.09577332675436473,nan
a3045048,a3045048,262,584,2,temporal-reasoning,FULL96,4.0,0.75,1.0,-0.25,0.775,1.0,-0.22499999999999998,0.10217974497943098,0.09577332675436473,nan
a3332713,a3332713,263,467,2,multi-session,LOW48,0.25,0.0,0.5,-0.5,0.0,0.5,-0.5,0.12463566574351691,0.06993246051340217,0.11720778715219249
a3332713,a3332713,263,467,2,multi-session,LOW48,0.5,0.0,0.0,0.0,,,,0.12463566574351691,0.06993246051340217,0.11720778715219249
a3332713,a3332713,263,467,2,multi-session,LOW48,1.0,0.0,0.0,0.0,0.0,0.0,0.0,0.12463566574351691,0.06993246051340217,0.11720778715219249
a3332713,a3332713,263,467,2,multi-session,LOW48,2.0,0.0,0.0,0.0,,,,0.12463566574351691,0.06993246051340217,0.11720778715219249
a3332713,a3332713,263,467,2,multi-session,LOW48,4.0,0.0,0.0,0.0,0.0,0.0,0.0,0.12463566574351691,0.06993246051340217,0.11720778715219249
a3332713,a3332713,263,467,2,multi-session,HIGH48,0.25,0.0,0.0,0.0,0.0,0.0,0.0,0.12463566574351691,0.11720778715219247,0.06993246051340217
a3332713,a3332713,263,467,2,multi-session,HIGH48,0.5,0.0,0.0,0.0,,,,0.12463566574351691,0.11720778715219247,0.06993246051340217
a3332713,a3332713,263,467,2,multi-session,HIGH48,1.0,0.0,0.0,0.0,0.0,0.0,0.0,0.12463566574351691,0.11720778715219247,0.06993246051340217
a3332713,a3332713,263,467,2,multi-session,HIGH48,2.0,0.0,0.0,0.0,,,,0.12463566574351691,0.11720778715219247,0.06993246051340217
a3332713,a3332713,263,467,2,multi-session,HIGH48,4.0,0.0,0.5,-0.5,0.0,0.5,-0.5,0.12463566574351691,0.11720778715219247,0.06993246051340217
a3332713,a3332713,263,467,2,multi-session,FULL96,0.25,0.0,0.0,0.0,0.0,0.0,0.0,0.12463566574351691,0.09650962232485476,nan
a3332713,a3332713,263,467,2,multi-session,FULL96,0.5,0.0,0.0,0.0,,,,0.12463566574351691,0.09650962232485476,nan
a3332713,a3332713,263,467,2,multi-session,FULL96,1.0,0.0,0.0,0.0,0.0,0.0,0.0,0.12463566574351691,0.09650962232485476,nan
a3332713,a3332713,263,467,2,multi-session,FULL96,2.0,0.0,0.0,0.0,,,,0.12463566574351691,0.09650962232485476,nan
a3332713,a3332713,263,467,2,multi-session,FULL96,4.0,0.0,0.0,0.0,0.0,0.0,0.0,0.12463566574351691,0.09650962232485476,nan
a346bb18,a346bb18,264,478,2,multi-session,LOW48,0.25,0.5,0.5,0.0,0.5,0.5,0.0,0.07340309599835843,0.0715519602166304,0.1162121827472786
a346bb18,a346bb18,264,478,2,multi-session,LOW48,0.5,0.5,0.5,0.0,,,,0.07340309599835843,0.0715519602166304,0.1162121827472786
a346bb18,a346bb18,264,478,2,multi-session,LOW48,1.0,0.5,0.5,0.0,0.5,0.5,0.0,0.07340309599835843,0.0715519602166304,0.1162121827472786
a346bb18,a346bb18,264,478,2,multi-session,LOW48,2.0,0.5,0.5,0.0,,,,0.07340309599835843,0.0715519602166304,0.1162121827472786
a346bb18,a346bb18,264,478,2,multi-session,LOW48,4.0,0.5,0.5,0.0,0.5,0.5,0.0,0.07340309599835843,0.0715519602166304,0.1162121827472786
a346bb18,a346bb18,264,478,2,multi-session,HIGH48,0.25,0.5,0.5,0.0,0.5,0.5,0.0,0.07340309599835843,0.1162121827472786,0.0715519602166304
a346bb18,a346bb18,264,478,2,multi-session,HIGH48,0.5,0.5,0.5,0.0,,,,0.07340309599835843,0.1162121827472786,0.0715519602166304
a346bb18,a346bb18,264,478,2,multi-session,HIGH48,1.0,0.5,0.5,0.0,0.5,0.5,0.0,0.07340309599835843,0.1162121827472786,0.0715519602166304
a346bb18,a346bb18,264,478,2,multi-session,HIGH48,2.0,0.5,0.5,0.0,,,,0.07340309599835843,0.1162121827472786,0.0715519602166304
a346bb18,a346bb18,264,478,2,multi-session,HIGH48,4.0,0.5,0.5,0.0,0.5,0.5,0.0,0.07340309599835843,0.1162121827472786,0.0715519602166304
a346bb18,a346bb18,264,478,2,multi-session,FULL96,0.25,0.5,0.5,0.0,0.5,0.5,0.0,0.07340309599835843,0.09650117727190984,nan
a346bb18,a346bb18,264,478,2,multi-session,FULL96,0.5,0.5,0.5,0.0,,,,0.07340309599835843,0.09650117727190984,nan
a346bb18,a346bb18,264,478,2,multi-session,FULL96,1.0,0.5,0.5,0.0,0.5,0.5,0.0,0.07340309599835843,0.09650117727190984,nan
a346bb18,a346bb18,264,478,2,multi-session,FULL96,2.0,0.5,0.5,0.0,,,,0.07340309599835843,0.09650117727190984,nan
a346bb18,a346bb18,264,478,2,multi-session,FULL96,4.0,0.5,0.5,0.0,0.5,0.5,0.0,0.07340309599835843,0.09650117727190984,nan
a3838d2b,a3838d2b,265,484,6,temporal-reasoning,LOW48,0.25,0.16666666666666666,0.16666666666666666,0.0,0.1666666666666666,0.1666666666666666,0.0,0.09458477078082371,0.06396399244741824,0.11970619718913567
a3838d2b,a3838d2b,265,484,6,temporal-reasoning,LOW48,0.5,0.16666666666666666,0.16666666666666666,0.0,,,,0.09458477078082371,0.06396399244741824,0.11970619718913567
a3838d2b,a3838d2b,265,484,6,temporal-reasoning,LOW48,1.0,0.16666666666666666,0.16666666666666666,0.0,0.1666666666666666,0.1666666666666666,0.0,0.09458477078082371,0.06396399244741824,0.11970619718913567
a3838d2b,a3838d2b,265,484,6,temporal-reasoning,LOW48,2.0,0.16666666666666666,0.16666666666666666,0.0,,,,0.09458477078082371,0.06396399244741824,0.11970619718913567
a3838d2b,a3838d2b,265,484,6,temporal-reasoning,LOW48,4.0,0.16666666666666666,0.0,0.16666666666666666,0.1666666666666666,0.0,0.1666666666666666,0.09458477078082371,0.06396399244741824,0.11970619718913567
a3838d2b,a3838d2b,265,484,6,temporal-reasoning,HIGH48,0.25,0.16666666666666666,0.0,0.16666666666666666,0.1666666666666666,0.0,0.1666666666666666,0.09458477078082371,0.11970619718913567,0.06396399244741824
a3838d2b,a3838d2b,265,484,6,temporal-reasoning,HIGH48,0.5,0.16666666666666666,0.16666666666666666,0.0,,,,0.09458477078082371,0.11970619718913567,0.06396399244741824
a3838d2b,a3838d2b,265,484,6,temporal-reasoning,HIGH48,1.0,0.16666666666666666,0.16666666666666666,0.0,0.1666666666666666,0.1666666666666666,0.0,0.09458477078082371,0.11970619718913567,0.06396399244741824
a3838d2b,a3838d2b,265,484,6,temporal-reasoning,HIGH48,2.0,0.16666666666666666,0.16666666666666666,0.0,,,,0.09458477078082371,0.11970619718913567,0.06396399244741824
a3838d2b,a3838d2b,265,484,6,temporal-reasoning,HIGH48,4.0,0.16666666666666666,0.16666666666666666,0.0,0.1666666666666666,0.1666666666666666,0.0,0.09458477078082371,0.11970619718913567,0.06396399244741824
a3838d2b,a3838d2b,265,484,6,temporal-reasoning,FULL96,0.25,0.16666666666666666,0.16666666666666666,0.0,0.1666666666666666,0.1666666666666666,0.0,0.09458477078082371,0.09597126125902902,nan
a3838d2b,a3838d2b,265,484,6,temporal-reasoning,FULL96,0.5,0.16666666666666666,0.16666666666666666,0.0,,,,0.09458477078082371,0.09597126125902902,nan
a3838d2b,a3838d2b,265,484,6,temporal-reasoning,FULL96,1.0,0.16666666666666666,0.16666666666666666,0.0,0.1666666666666666,0.1666666666666666,0.0,0.09458477078082371,0.09597126125902902,nan
a3838d2b,a3838d2b,265,484,6,temporal-reasoning,FULL96,2.0,0.16666666666666666,0.16666666666666666,0.0,,,,0.09458477078082371,0.09597126125902902,nan
a3838d2b,a3838d2b,265,484,6,temporal-reasoning,FULL96,4.0,0.16666666666666666,0.16666666666666666,0.0,0.1666666666666666,0.1666666666666666,0.0,0.09458477078082371,0.09597126125902902,nan
a40e080f,a40e080f,266,529,1,single-session-assistant,LOW48,0.25,0.3333333333333333,1.0,-0.6666666666666667,0.2,1.0,-0.8,0.044475774005195964,0.06807871283990492,0.11831412264385772
a40e080f,a40e080f,266,529,1,single-session-assistant,LOW48,0.5,0.3333333333333333,1.0,-0.6666666666666667,,,,0.044475774005195964,0.06807871283990492,0.11831412264385772
a40e080f,a40e080f,266,529,1,single-session-assistant,LOW48,1.0,0.3333333333333333,1.0,-0.6666666666666667,0.2,1.0,-0.8,0.044475774005195964,0.06807871283990492,0.11831412264385772
a40e080f,a40e080f,266,529,1,single-session-assistant,LOW48,2.0,0.3333333333333333,1.0,-0.6666666666666667,,,,0.044475774005195964,0.06807871283990492,0.11831412264385772
a40e080f,a40e080f,266,529,1,single-session-assistant,LOW48,4.0,0.3333333333333333,1.0,-0.6666666666666667,0.2,1.0,-0.8,0.044475774005195964,0.06807871283990492,0.11831412264385772
a40e080f,a40e080f,266,529,1,single-session-assistant,HIGH48,0.25,0.3333333333333333,1.0,-0.6666666666666667,0.2,1.0,-0.8,0.044475774005195964,0.11831412264385772,0.06807871283990492
a40e080f,a40e080f,266,529,1,single-session-assistant,HIGH48,0.5,0.3333333333333333,1.0,-0.6666666666666667,,,,0.044475774005195964,0.11831412264385772,0.06807871283990492
a40e080f,a40e080f,266,529,1,single-session-assistant,HIGH48,1.0,0.3333333333333333,1.0,-0.6666666666666667,0.2,1.0,-0.8,0.044475774005195964,0.11831412264385772,0.06807871283990492
a40e080f,a40e080f,266,529,1,single-session-assistant,HIGH48,2.0,0.3333333333333333,1.0,-0.6666666666666667,,,,0.044475774005195964,0.11831412264385772,0.06807871283990492
a40e080f,a40e080f,266,529,1,single-session-assistant,HIGH48,4.0,0.3333333333333333,1.0,-0.6666666666666667,0.2,1.0,-0.8,0.044475774005195964,0.11831412264385772,0.06807871283990492
a40e080f,a40e080f,266,529,1,single-session-assistant,FULL96,0.25,0.3333333333333333,1.0,-0.6666666666666667,0.2,1.0,-0.8,0.044475774005195964,0.0965218699542338,nan
a40e080f,a40e080f,266,529,1,single-session-assistant,FULL96,0.5,0.3333333333333333,1.0,-0.6666666666666667,,,,0.044475774005195964,0.0965218699542338,nan
a40e080f,a40e080f,266,529,1,single-session-assistant,FULL96,1.0,0.3333333333333333,1.0,-0.6666666666666667,0.2,1.0,-0.8,0.044475774005195964,0.0965218699542338,nan
a40e080f,a40e080f,266,529,1,single-session-assistant,FULL96,2.0,0.3333333333333333,1.0,-0.6666666666666667,,,,0.044475774005195964,0.0965218699542338,nan
a40e080f,a40e080f,266,529,1,single-session-assistant,FULL96,4.0,0.3333333333333333,1.0,-0.6666666666666667,0.2,1.0,-0.8,0.044475774005195964,0.0965218699542338,nan
a4996e51,a4996e51,267,512,2,multi-session,LOW48,0.25,0.5,0.5,0.0,0.5,0.5,0.0,0.06879855674636547,0.06518857255972368,0.11967073380419524
a4996e51,a4996e51,267,512,2,multi-session,LOW48,0.5,0.5,0.5,0.0,,,,0.06879855674636547,0.06518857255972368,0.11967073380419524
a4996e51,a4996e51,267,512,2,multi-session,LOW48,1.0,0.5,0.5,0.0,0.5,0.5,0.0,0.06879855674636547,0.06518857255972368,0.11967073380419524
a4996e51,a4996e51,267,512,2,multi-session,LOW48,2.0,0.5,0.5,0.0,,,,0.06879855674636547,0.06518857255972368,0.11967073380419524
a4996e51,a4996e51,267,512,2,multi-session,LOW48,4.0,0.5,0.0,0.5,0.5,0.0,0.5,0.06879855674636547,0.06518857255972368,0.11967073380419524
a4996e51,a4996e51,267,512,2,multi-session,HIGH48,0.25,0.5,0.0,0.5,0.5,0.0,0.5,0.06879855674636547,0.11967073380419524,0.06518857255972368
a4996e51,a4996e51,267,512,2,multi-session,HIGH48,0.5,0.5,0.5,0.0,,,,0.06879855674636547,0.11967073380419524,0.06518857255972368
a4996e51,a4996e51,267,512,2,multi-session,HIGH48,1.0,0.5,0.5,0.0,0.5,0.5,0.0,0.06879855674636547,0.11967073380419524,0.06518857255972368
a4996e51,a4996e51,267,512,2,multi-session,HIGH48,2.0,0.5,0.5,0.0,,,,0.06879855674636547,0.11967073380419524,0.06518857255972368
a4996e51,a4996e51,267,512,2,multi-session,HIGH48,4.0,0.5,0.5,0.0,0.5,0.5,0.0,0.06879855674636547,0.11967073380419524,0.06518857255972368
a4996e51,a4996e51,267,512,2,multi-session,FULL96,0.25,0.5,0.5,0.0,0.5,0.5,0.0,0.06879855674636547,0.09636035108282066,nan
a4996e51,a4996e51,267,512,2,multi-session,FULL96,0.5,0.5,0.5,0.0,,,,0.06879855674636547,0.09636035108282066,nan
a4996e51,a4996e51,267,512,2,multi-session,FULL96,1.0,0.5,0.5,0.0,0.5,0.5,0.0,0.06879855674636547,0.09636035108282066,nan
a4996e51,a4996e51,267,512,2,multi-session,FULL96,2.0,0.5,0.5,0.0,,,,0.06879855674636547,0.09636035108282066,nan
a4996e51,a4996e51,267,512,2,multi-session,FULL96,4.0,0.5,0.5,0.0,0.5,0.5,0.0,0.06879855674636547,0.09636035108282066,nan
a82c026e,a82c026e,268,476,1,single-session-user,LOW48,0.25,1.0,1.0,0.0,1.0,1.0,0.0,0.060059868374443985,0.07246368633056748,0.11615075971373127
a82c026e,a82c026e,268,476,1,single-session-user,LOW48,0.5,1.0,1.0,0.0,,,,0.060059868374443985,0.07246368633056748,0.11615075971373127
a82c026e,a82c026e,268,476,1,single-session-user,LOW48,1.0,1.0,1.0,0.0,1.0,1.0,0.0,0.060059868374443985,0.07246368633056748,0.11615075971373127
a82c026e,a82c026e,268,476,1,single-session-user,LOW48,2.0,1.0,1.0,0.0,,,,0.060059868374443985,0.07246368633056748,0.11615075971373127
a82c026e,a82c026e,268,476,1,single-session-user,LOW48,4.0,1.0,1.0,0.0,1.0,1.0,0.0,0.060059868374443985,0.07246368633056748,0.11615075971373127
a82c026e,a82c026e,268,476,1,single-session-user,HIGH48,0.25,1.0,1.0,0.0,1.0,1.0,0.0,0.060059868374443985,0.11615075971373127,0.07246368633056748
a82c026e,a82c026e,268,476,1,single-session-user,HIGH48,0.5,1.0,1.0,0.0,,,,0.060059868374443985,0.11615075971373127,0.07246368633056748
a82c026e,a82c026e,268,476,1,single-session-user,HIGH48,1.0,1.0,1.0,0.0,1.0,1.0,0.0,0.060059868374443985,0.11615075971373127,0.07246368633056748
a82c026e,a82c026e,268,476,1,single-session-user,HIGH48,2.0,1.0,1.0,0.0,,,,0.060059868374443985,0.11615075971373127,0.07246368633056748
a82c026e,a82c026e,268,476,1,single-session-user,HIGH48,4.0,1.0,1.0,0.0,1.0,1.0,0.0,0.060059868374443985,0.11615075971373127,0.07246368633056748
a82c026e,a82c026e,268,476,1,single-session-user,FULL96,0.25,1.0,1.0,0.0,1.0,1.0,0.0,0.060059868374443985,0.09680388633389625,nan
a82c026e,a82c026e,268,476,1,single-session-user,FULL96,0.5,1.0,1.0,0.0,,,,0.060059868374443985,0.09680388633389625,nan
a82c026e,a82c026e,268,476,1,single-session-user,FULL96,1.0,1.0,1.0,0.0,1.0,1.0,0.0,0.060059868374443985,0.09680388633389625,nan
a82c026e,a82c026e,268,476,1,single-session-user,FULL96,2.0,1.0,1.0,0.0,,,,0.060059868374443985,0.09680388633389625,nan
a82c026e,a82c026e,268,476,1,single-session-user,FULL96,4.0,1.0,1.0,0.0,1.0,1.0,0.0,0.060059868374443985,0.09680388633389625,nan
a89d7624,a89d7624,269,496,2,single-session-preference,LOW48,0.25,0.0,0.0,0.0,0.0,0.0,0.0,0.0705982598895968,0.07335692121813081,0.1151849918125449
a89d7624,a89d7624,269,496,2,single-session-preference,LOW48,0.5,0.0,0.0,0.0,,,,0.0705982598895968,0.07335692121813081,0.1151849918125449
a89d7624,a89d7624,269,496,2,single-session-preference,LOW48,1.0,0.0,0.0,0.0,0.0,0.0,0.0,0.0705982598895968,0.07335692121813081,0.1151849918125449
a89d7624,a89d7624,269,496,2,single-session-preference,LOW48,2.0,0.0,0.0,0.0,,,,0.0705982598895968,0.07335692121813081,0.1151849918125449
a89d7624,a89d7624,269,496,2,single-session-preference,LOW48,4.0,0.0,0.0,0.0,0.0,0.0,0.0,0.0705982598895968,0.07335692121813081,0.1151849918125449
a89d7624,a89d7624,269,496,2,single-session-preference,HIGH48,0.25,0.0,0.0,0.0,0.0,0.0,0.0,0.0705982598895968,0.1151849918125449,0.0733569212181308
a89d7624,a89d7624,269,496,2,single-session-preference,HIGH48,0.5,0.0,0.0,0.0,,,,0.0705982598895968,0.1151849918125449,0.0733569212181308
a89d7624,a89d7624,269,496,2,single-session-preference,HIGH48,1.0,0.0,0.0,0.0,0.0,0.0,0.0,0.0705982598895968,0.1151849918125449,0.0733569212181308
a89d7624,a89d7624,269,496,2,single-session-preference,HIGH48,2.0,0.0,0.0,0.0,,,,0.0705982598895968,0.1151849918125449,0.0733569212181308
a89d7624,a89d7624,269,496,2,single-session-preference,HIGH48,4.0,0.0,0.0,0.0,0.0,0.0,0.0,0.0705982598895968,0.1151849918125449,0.0733569212181308
a89d7624,a89d7624,269,496,2,single-session-preference,FULL96,0.25,0.0,0.0,0.0,0.0,0.0,0.0,0.0705982598895968,0.09656298522068145,nan
a89d7624,a89d7624,269,496,2,single-session-preference,FULL96,0.5,0.0,0.0,0.0,,,,0.0705982598895968,0.09656298522068145,nan
a89d7624,a89d7624,269,496,2,single-session-preference,FULL96,1.0,0.0,0.0,0.0,0.0,0.0,0.0,0.0705982598895968,0.09656298522068145,nan
a89d7624,a89d7624,269,496,2,single-session-preference,FULL96,2.0,0.0,0.0,0.0,,,,0.0705982598895968,0.09656298522068145,nan
a89d7624,a89d7624,269,496,2,single-session-preference,FULL96,4.0,0.0,0.0,0.0,0.0,0.0,0.0,0.0705982598895968,0.09656298522068145,nan
a96c20ee,a96c20ee,270,489,2,multi-session,LOW48,0.25,1.0,0.5,0.5,1.0,0.5,0.5,0.16186955123507443,0.08576238219676799,0.10648760951387157
a96c20ee,a96c20ee,270,489,2,multi-session,LOW48,0.5,1.0,1.0,0.0,,,,0.16186955123507443,0.08576238219676799,0.10648760951387157
a96c20ee,a96c20ee,270,489,2,multi-session,LOW48,1.0,1.0,1.0,0.0,1.0,1.0,0.0,0.16186955123507443,0.08576238219676799,0.10648760951387157
a96c20ee,a96c20ee,270,489,2,multi-session,LOW48,2.0,1.0,0.5,0.5,,,,0.16186955123507443,0.08576238219676799,0.10648760951387157
a96c20ee,a96c20ee,270,489,2,multi-session,LOW48,4.0,1.0,0.5,0.5,1.0,0.5,0.5,0.16186955123507443,0.08576238219676799,0.10648760951387157
a96c20ee,a96c20ee,270,489,2,multi-session,HIGH48,0.25,1.0,0.5,0.5,1.0,0.5,0.5,0.16186955123507443,0.10648760951387157,0.085762382196768
a96c20ee,a96c20ee,270,489,2,multi-session,HIGH48,0.5,1.0,0.5,0.5,,,,0.16186955123507443,0.10648760951387157,0.085762382196768
a96c20ee,a96c20ee,270,489,2,multi-session,HIGH48,1.0,1.0,1.0,0.0,1.0,1.0,0.0,0.16186955123507443,0.10648760951387157,0.085762382196768
a96c20ee,a96c20ee,270,489,2,multi-session,HIGH48,2.0,1.0,1.0,0.0,,,,0.16186955123507443,0.10648760951387157,0.085762382196768
a96c20ee,a96c20ee,270,489,2,multi-session,HIGH48,4.0,1.0,0.5,0.5,1.0,0.5,0.5,0.16186955123507443,0.10648760951387157,0.085762382196768
a96c20ee,a96c20ee,270,489,2,multi-session,FULL96,0.25,1.0,1.0,0.0,1.0,1.0,0.0,0.16186955123507443,0.09668194552253098,nan
a96c20ee,a96c20ee,270,489,2,multi-session,FULL96,0.5,1.0,1.0,0.0,,,,0.16186955123507443,0.09668194552253098,nan
a96c20ee,a96c20ee,270,489,2,multi-session,FULL96,1.0,1.0,1.0,0.0,1.0,1.0,0.0,0.16186955123507443,0.09668194552253098,nan
a96c20ee,a96c20ee,270,489,2,multi-session,FULL96,2.0,1.0,1.0,0.0,,,,0.16186955123507443,0.09668194552253098,nan
a96c20ee,a96c20ee,270,489,2,multi-session,FULL96,4.0,1.0,1.0,0.0,1.0,1.0,0.0,0.16186955123507443,0.09668194552253098,nan
a9f6b44c,a9f6b44c,272,476,4,multi-session,LOW48,0.25,0.25,0.0,0.25,0.25,0.0,0.25,0.06542210840021424,0.06935202450205688,0.11716769728953082
a9f6b44c,a9f6b44c,272,476,4,multi-session,LOW48,0.5,0.25,0.0,0.25,,,,0.06542210840021424,0.06935202450205688,0.11716769728953082
a9f6b44c,a9f6b44c,272,476,4,multi-session,LOW48,1.0,0.25,0.0,0.25,0.25,0.0,0.25,0.06542210840021424,0.06935202450205688,0.11716769728953082
a9f6b44c,a9f6b44c,272,476,4,multi-session,LOW48,2.0,0.25,0.25,0.0,,,,0.06542210840021424,0.06935202450205688,0.11716769728953082
a9f6b44c,a9f6b44c,272,476,4,multi-session,LOW48,4.0,0.25,0.5,-0.25,0.25,0.5,-0.25,0.06542210840021424,0.06935202450205688,0.11716769728953082
a9f6b44c,a9f6b44c,272,476,4,multi-session,HIGH48,0.25,0.25,0.5,-0.25,0.25,0.5,-0.25,0.06542210840021424,0.1171676972895308,0.06935202450205688
a9f6b44c,a9f6b44c,272,476,4,multi-session,HIGH48,0.5,0.25,0.25,0.0,,,,0.06542210840021424,0.1171676972895308,0.06935202450205688
a9f6b44c,a9f6b44c,272,476,4,multi-session,HIGH48,1.0,0.25,0.0,0.25,0.25,0.0,0.25,0.06542210840021424,0.1171676972895308,0.06935202450205688
a9f6b44c,a9f6b44c,272,476,4,multi-session,HIGH48,2.0,0.25,0.0,0.25,,,,0.06542210840021424,0.1171676972895308,0.06935202450205688
a9f6b44c,a9f6b44c,272,476,4,multi-session,HIGH48,4.0,0.25,0.0,0.25,0.25,0.0,0.25,0.06542210840021424,0.1171676972895308,0.06935202450205688
a9f6b44c,a9f6b44c,272,476,4,multi-session,FULL96,0.25,0.25,0.0,0.25,0.25,0.0,0.25,0.06542210840021424,0.09627557475981388,nan
a9f6b44c,a9f6b44c,272,476,4,multi-session,FULL96,0.5,0.25,0.0,0.25,,,,0.06542210840021424,0.09627557475981388,nan
a9f6b44c,a9f6b44c,272,476,4,multi-session,FULL96,1.0,0.25,0.0,0.25,0.25,0.0,0.25,0.06542210840021424,0.09627557475981388,nan
a9f6b44c,a9f6b44c,272,476,4,multi-session,FULL96,2.0,0.25,0.0,0.25,,,,0.06542210840021424,0.09627557475981388,nan
a9f6b44c,a9f6b44c,272,476,4,multi-session,FULL96,4.0,0.25,0.0,0.25,0.25,0.0,0.25,0.06542210840021424,0.09627557475981388,nan
aae3761f,aae3761f,273,485,3,multi-session,LOW48,0.25,0.6666666666666666,0.3333333333333333,0.3333333333333333,0.6666666666666664,0.3333333333333332,0.3333333333333332,0.09572186082369664,0.07217836514582494,0.1161909221677685
aae3761f,aae3761f,273,485,3,multi-session,LOW48,0.5,0.6666666666666666,0.3333333333333333,0.3333333333333333,,,,0.09572186082369664,0.07217836514582494,0.1161909221677685
aae3761f,aae3761f,273,485,3,multi-session,LOW48,1.0,0.6666666666666666,0.3333333333333333,0.3333333333333333,0.6666666666666664,0.3333333333333332,0.3333333333333332,0.09572186082369664,0.07217836514582494,0.1161909221677685
aae3761f,aae3761f,273,485,3,multi-session,LOW48,2.0,0.6666666666666666,0.6666666666666666,0.0,,,,0.09572186082369664,0.07217836514582494,0.1161909221677685
aae3761f,aae3761f,273,485,3,multi-session,LOW48,4.0,0.6666666666666666,1.0,-0.33333333333333337,0.6666666666666664,1.0,-0.3333333333333336,0.09572186082369664,0.07217836514582494,0.1161909221677685
aae3761f,aae3761f,273,485,3,multi-session,HIGH48,0.25,0.6666666666666666,1.0,-0.33333333333333337,0.6666666666666664,1.0,-0.3333333333333336,0.09572186082369664,0.1161909221677685,0.07217836514582494
aae3761f,aae3761f,273,485,3,multi-session,HIGH48,0.5,0.6666666666666666,0.6666666666666666,0.0,,,,0.09572186082369664,0.1161909221677685,0.07217836514582494
aae3761f,aae3761f,273,485,3,multi-session,HIGH48,1.0,0.6666666666666666,0.3333333333333333,0.3333333333333333,0.6666666666666664,0.3333333333333332,0.3333333333333332,0.09572186082369664,0.1161909221677685,0.07217836514582494
aae3761f,aae3761f,273,485,3,multi-session,HIGH48,2.0,0.6666666666666666,0.3333333333333333,0.3333333333333333,,,,0.09572186082369664,0.1161909221677685,0.07217836514582494
aae3761f,aae3761f,273,485,3,multi-session,HIGH48,4.0,0.6666666666666666,0.3333333333333333,0.3333333333333333,0.6666666666666664,0.3333333333333332,0.3333333333333332,0.09572186082369664,0.1161909221677685,0.07217836514582494
aae3761f,aae3761f,273,485,3,multi-session,FULL96,0.25,0.6666666666666666,0.3333333333333333,0.3333333333333333,0.6666666666666664,0.3333333333333332,0.3333333333333332,0.09572186082369664,0.09672136989652409,nan
aae3761f,aae3761f,273,485,3,multi-session,FULL96,0.5,0.6666666666666666,0.3333333333333333,0.3333333333333333,,,,0.09572186082369664,0.09672136989652409,nan
aae3761f,aae3761f,273,485,3,multi-session,FULL96,1.0,0.6666666666666666,0.3333333333333333,0.3333333333333333,0.6666666666666664,0.3333333333333332,0.3333333333333332,0.09572186082369664,0.09672136989652409,nan
aae3761f,aae3761f,273,485,3,multi-session,FULL96,2.0,0.6666666666666666,0.3333333333333333,0.3333333333333333,,,,0.09572186082369664,0.09672136989652409,nan
aae3761f,aae3761f,273,485,3,multi-session,FULL96,4.0,0.6666666666666666,0.3333333333333333,0.3333333333333333,0.6666666666666664,0.3333333333333332,0.3333333333333332,0.09572186082369664,0.09672136989652409,nan
ac031881,ac031881,274,529,1,single-session-assistant,LOW48,0.25,0.0,0.0,0.0,0.0,0.0,0.0,0.25874489475446444,0.08389085330088761,0.10760850339639132
ac031881,ac031881,274,529,1,single-session-assistant,LOW48,0.5,0.0,0.0,0.0,,,,0.25874489475446444,0.08389085330088761,0.10760850339639132
ac031881,ac031881,274,529,1,single-session-assistant,LOW48,1.0,0.0,0.0,0.0,0.0,0.0,0.0,0.25874489475446444,0.08389085330088761,0.10760850339639132
ac031881,ac031881,274,529,1,single-session-assistant,LOW48,2.0,0.0,0.0,0.0,,,,0.25874489475446444,0.08389085330088761,0.10760850339639132
ac031881,ac031881,274,529,1,single-session-assistant,LOW48,4.0,0.0,0.0,0.0,0.0,0.0,0.0,0.25874489475446444,0.08389085330088761,0.10760850339639132
ac031881,ac031881,274,529,1,single-session-assistant,HIGH48,0.25,0.0,0.0,0.0,0.0,0.0,0.0,0.25874489475446444,0.10760850339639132,0.08389085330088761
ac031881,ac031881,274,529,1,single-session-assistant,HIGH48,0.5,0.0,0.0,0.0,,,,0.25874489475446444,0.10760850339639132,0.08389085330088761
ac031881,ac031881,274,529,1,single-session-assistant,HIGH48,1.0,0.0,0.0,0.0,0.0,0.0,0.0,0.25874489475446444,0.10760850339639132,0.08389085330088761
ac031881,ac031881,274,529,1,single-session-assistant,HIGH48,2.0,0.0,0.0,0.0,,,,0.25874489475446444,0.10760850339639132,0.08389085330088761
ac031881,ac031881,274,529,1,single-session-assistant,HIGH48,4.0,0.0,0.0,0.0,0.0,0.0,0.0,0.25874489475446444,0.10760850339639132,0.08389085330088761
ac031881,ac031881,274,529,1,single-session-assistant,FULL96,0.25,0.0,0.0,0.0,0.0,0.0,0.0,0.25874489475446444,0.09648125535761391,nan
ac031881,ac031881,274,529,1,single-session-assistant,FULL96,0.5,0.0,0.0,0.0,,,,0.25874489475446444,0.09648125535761391,nan
ac031881,ac031881,274,529,1,single-session-assistant,FULL96,1.0,0.0,0.0,0.0,0.0,0.0,0.0,0.25874489475446444,0.09648125535761391,nan
ac031881,ac031881,274,529,1,single-session-assistant,FULL96,2.0,0.0,0.0,0.0,,,,0.25874489475446444,0.09648125535761391,nan
ac031881,ac031881,274,529,1,single-session-assistant,FULL96,4.0,0.0,0.0,0.0,0.0,0.0,0.0,0.25874489475446444,0.09648125535761391,nan
ad7109d1,ad7109d1,275,466,1,single-session-user,LOW48,0.25,0.0,0.0,0.0,0.0,0.0,0.0,0.06961723252956704,0.07060655563207041,0.11708611694800865
ad7109d1,ad7109d1,275,466,1,single-session-user,LOW48,0.5,0.0,0.0,0.0,,,,0.06961723252956704,0.07060655563207041,0.11708611694800865
ad7109d1,ad7109d1,275,466,1,single-session-user,LOW48,1.0,0.0,0.0,0.0,0.0,0.0,0.0,0.06961723252956704,0.07060655563207041,0.11708611694800865
ad7109d1,ad7109d1,275,466,1,single-session-user,LOW48,2.0,0.0,0.0,0.0,,,,0.06961723252956704,0.07060655563207041,0.11708611694800865
ad7109d1,ad7109d1,275,466,1,single-session-user,LOW48,4.0,0.0,0.0,0.0,0.0,0.0,0.0,0.06961723252956704,0.07060655563207041,0.11708611694800865
ad7109d1,ad7109d1,275,466,1,single-session-user,HIGH48,0.25,0.0,0.0,0.0,0.0,0.0,0.0,0.06961723252956704,0.11708611694800865,0.0706065556320704
ad7109d1,ad7109d1,275,466,1,single-session-user,HIGH48,0.5,0.0,0.0,0.0,,,,0.06961723252956704,0.11708611694800865,0.0706065556320704
ad7109d1,ad7109d1,275,466,1,single-session-user,HIGH48,1.0,0.0,0.0,0.0,0.0,0.0,0.0,0.06961723252956704,0.11708611694800865,0.0706065556320704
ad7109d1,ad7109d1,275,466,1,single-session-user,HIGH48,2.0,0.0,0.0,0.0,,,,0.06961723252956704,0.11708611694800865,0.0706065556320704
ad7109d1,ad7109d1,275,466,1,single-session-user,HIGH48,4.0,0.0,0.0,0.0,0.0,0.0,0.0,0.06961723252956704,0.11708611694800865,0.0706065556320704
ad7109d1,ad7109d1,275,466,1,single-session-user,FULL96,0.25,0.0,0.0,0.0,0.0,0.0,0.0,0.06961723252956704,0.09668103350757948,nan
ad7109d1,ad7109d1,275,466,1,single-session-user,FULL96,0.5,0.0,0.0,0.0,,,,0.06961723252956704,0.09668103350757948,nan
ad7109d1,ad7109d1,275,466,1,single-session-user,FULL96,1.0,0.0,0.0,0.0,0.0,0.0,0.0,0.06961723252956704,0.09668103350757948,nan
ad7109d1,ad7109d1,275,466,1,single-session-user,FULL96,2.0,0.0,0.0,0.0,,,,0.06961723252956704,0.09668103350757948,nan
ad7109d1,ad7109d1,275,466,1,single-session-user,FULL96,4.0,0.0,0.0,0.0,0.0,0.0,0.0,0.06961723252956704,0.09668103350757948,nan
af082822,af082822,276,495,1,temporal-reasoning,LOW48,0.25,1.0,0.0,1.0,1.0,0.0,1.0,0.0827510712206125,0.08052284007070011,0.10978910414465542
af082822,af082822,276,495,1,temporal-reasoning,LOW48,0.5,1.0,0.0,1.0,,,,0.0827510712206125,0.08052284007070011,0.10978910414465542
af082822,af082822,276,495,1,temporal-reasoning,LOW48,1.0,1.0,0.0,1.0,1.0,0.0,1.0,0.0827510712206125,0.08052284007070011,0.10978910414465542
af082822,af082822,276,495,1,temporal-reasoning,LOW48,2.0,1.0,0.0,1.0,,,,0.0827510712206125,0.08052284007070011,0.10978910414465542
af082822,af082822,276,495,1,temporal-reasoning,LOW48,4.0,1.0,0.0,1.0,1.0,0.0,1.0,0.0827510712206125,0.08052284007070011,0.10978910414465542
af082822,af082822,276,495,1,temporal-reasoning,HIGH48,0.25,1.0,0.0,1.0,1.0,0.0,1.0,0.0827510712206125,0.10978910414465542,0.08052284007070012
af082822,af082822,276,495,1,temporal-reasoning,HIGH48,0.5,1.0,0.0,1.0,,,,0.0827510712206125,0.10978910414465542,0.08052284007070012
af082822,af082822,276,495,1,temporal-reasoning,HIGH48,1.0,1.0,0.0,1.0,1.0,0.0,1.0,0.0827510712206125,0.10978910414465542,0.08052284007070012
af082822,af082822,276,495,1,temporal-reasoning,HIGH48,2.0,1.0,0.0,1.0,,,,0.0827510712206125,0.10978910414465542,0.08052284007070012
af082822,af082822,276,495,1,temporal-reasoning,HIGH48,4.0,1.0,0.0,1.0,1.0,0.0,1.0,0.0827510712206125,0.10978910414465542,0.08052284007070012
af082822,af082822,276,495,1,temporal-reasoning,FULL96,0.25,1.0,0.0,1.0,1.0,0.0,1.0,0.0827510712206125,0.0962745427460903,nan
af082822,af082822,276,495,1,temporal-reasoning,FULL96,0.5,1.0,0.0,1.0,,,,0.0827510712206125,0.0962745427460903,nan
af082822,af082822,276,495,1,temporal-reasoning,FULL96,1.0,1.0,0.0,1.0,1.0,0.0,1.0,0.0827510712206125,0.0962745427460903,nan
af082822,af082822,276,495,1,temporal-reasoning,FULL96,2.0,1.0,0.0,1.0,,,,0.0827510712206125,0.0962745427460903,nan
af082822,af082822,276,495,1,temporal-reasoning,FULL96,4.0,1.0,0.0,1.0,1.0,0.0,1.0,0.0827510712206125,0.0962745427460903,nan
af8d2e46,af8d2e46,277,495,1,single-session-user,LOW48,0.25,1.0,1.0,0.0,1.0,1.0,0.0,0.08525672548718269,0.07575786293711738,0.11360441704961999
af8d2e46,af8d2e46,277,495,1,single-session-user,LOW48,0.5,1.0,1.0,0.0,,,,0.08525672548718269,0.07575786293711738,0.11360441704961999
af8d2e46,af8d2e46,277,495,1,single-session-user,LOW48,1.0,1.0,1.0,0.0,1.0,1.0,0.0,0.08525672548718269,0.07575786293711738,0.11360441704961999
af8d2e46,af8d2e46,277,495,1,single-session-user,LOW48,2.0,1.0,1.0,0.0,,,,0.08525672548718269,0.07575786293711738,0.11360441704961999
af8d2e46,af8d2e46,277,495,1,single-session-user,LOW48,4.0,1.0,1.0,0.0,1.0,1.0,0.0,0.08525672548718269,0.07575786293711738,0.11360441704961999
af8d2e46,af8d2e46,277,495,1,single-session-user,HIGH48,0.25,1.0,1.0,0.0,1.0,1.0,0.0,0.08525672548718269,0.11360441704961999,0.07575786293711738
af8d2e46,af8d2e46,277,495,1,single-session-user,HIGH48,0.5,1.0,1.0,0.0,,,,0.08525672548718269,0.11360441704961999,0.07575786293711738
af8d2e46,af8d2e46,277,495,1,single-session-user,HIGH48,1.0,1.0,1.0,0.0,1.0,1.0,0.0,0.08525672548718269,0.11360441704961999,0.07575786293711738
af8d2e46,af8d2e46,277,495,1,single-session-user,HIGH48,2.0,1.0,1.0,0.0,,,,0.08525672548718269,0.11360441704961999,0.07575786293711738
af8d2e46,af8d2e46,277,495,1,single-session-user,HIGH48,4.0,1.0,1.0,0.0,1.0,1.0,0.0,0.08525672548718269,0.11360441704961999,0.07575786293711738
af8d2e46,af8d2e46,277,495,1,single-session-user,FULL96,0.25,1.0,1.0,0.0,1.0,1.0,0.0,0.08525672548718269,0.09655365702546707,nan
af8d2e46,af8d2e46,277,495,1,single-session-user,FULL96,0.5,1.0,1.0,0.0,,,,0.08525672548718269,0.09655365702546707,nan
af8d2e46,af8d2e46,277,495,1,single-session-user,FULL96,1.0,1.0,1.0,0.0,1.0,1.0,0.0,0.08525672548718269,0.09655365702546707,nan
af8d2e46,af8d2e46,277,495,1,single-session-user,FULL96,2.0,1.0,1.0,0.0,,,,0.08525672548718269,0.09655365702546707,nan
af8d2e46,af8d2e46,277,495,1,single-session-user,FULL96,4.0,1.0,1.0,0.0,1.0,1.0,0.0,0.08525672548718269,0.09655365702546707,nan
afdc33df,afdc33df,278,502,3,single-session-preference,LOW48,0.25,0.3333333333333333,0.6666666666666666,-0.3333333333333333,0.3333333333333332,0.6666666666666664,-0.3333333333333332,0.10463342911562717,0.07594684880484265,0.11368546231742245
afdc33df,afdc33df,278,502,3,single-session-preference,LOW48,0.5,0.3333333333333333,0.6666666666666666,-0.3333333333333333,,,,0.10463342911562717,0.07594684880484265,0.11368546231742245
afdc33df,afdc33df,278,502,3,single-session-preference,LOW48,1.0,0.3333333333333333,0.6666666666666666,-0.3333333333333333,0.3333333333333332,0.6666666666666664,-0.3333333333333332,0.10463342911562717,0.07594684880484265,0.11368546231742245
afdc33df,afdc33df,278,502,3,single-session-preference,LOW48,2.0,0.3333333333333333,0.3333333333333333,0.0,,,,0.10463342911562717,0.07594684880484265,0.11368546231742245
afdc33df,afdc33df,278,502,3,single-session-preference,LOW48,4.0,0.3333333333333333,0.3333333333333333,0.0,0.3333333333333332,0.3333333333333332,0.0,0.10463342911562717,0.07594684880484265,0.11368546231742245
afdc33df,afdc33df,278,502,3,single-session-preference,HIGH48,0.25,0.3333333333333333,0.3333333333333333,0.0,0.3333333333333332,0.3333333333333332,0.0,0.10463342911562717,0.11368546231742245,0.07594684880484265
afdc33df,afdc33df,278,502,3,single-session-preference,HIGH48,0.5,0.3333333333333333,0.3333333333333333,0.0,,,,0.10463342911562717,0.11368546231742245,0.07594684880484265
afdc33df,afdc33df,278,502,3,single-session-preference,HIGH48,1.0,0.3333333333333333,0.6666666666666666,-0.3333333333333333,0.3333333333333332,0.6666666666666664,-0.3333333333333332,0.10463342911562717,0.11368546231742245,0.07594684880484265
afdc33df,afdc33df,278,502,3,single-session-preference,HIGH48,2.0,0.3333333333333333,0.6666666666666666,-0.3333333333333333,,,,0.10463342911562717,0.11368546231742245,0.07594684880484265
afdc33df,afdc33df,278,502,3,single-session-preference,HIGH48,4.0,0.3333333333333333,0.6666666666666666,-0.3333333333333333,0.3333333333333332,0.6666666666666664,-0.3333333333333332,0.10463342911562717,0.11368546231742245,0.07594684880484265
afdc33df,afdc33df,278,502,3,single-session-preference,FULL96,0.25,0.3333333333333333,0.6666666666666666,-0.3333333333333333,0.3333333333333332,0.6666666666666664,-0.3333333333333332,0.10463342911562717,0.09667550927125158,nan
afdc33df,afdc33df,278,502,3,single-session-preference,FULL96,0.5,0.3333333333333333,0.6666666666666666,-0.3333333333333333,,,,0.10463342911562717,0.09667550927125158,nan
afdc33df,afdc33df,278,502,3,single-session-preference,FULL96,1.0,0.3333333333333333,0.6666666666666666,-0.3333333333333333,0.3333333333333332,0.6666666666666664,-0.3333333333333332,0.10463342911562717,0.09667550927125158,nan
afdc33df,afdc33df,278,502,3,single-session-preference,FULL96,2.0,0.3333333333333333,0.6666666666666666,-0.3333333333333333,,,,0.10463342911562717,0.09667550927125158,nan
afdc33df,afdc33df,278,502,3,single-session-preference,FULL96,4.0,0.3333333333333333,0.6666666666666666,-0.3333333333333333,0.3333333333333332,0.6666666666666664,-0.3333333333333332,0.10463342911562717,0.09667550927125158,nan
affe2881,affe2881,279,484,2,knowledge-update,LOW48,0.25,0.5,0.0,0.5,0.5,0.0,0.5,0.18024675655058464,0.07335202057850788,0.11529385558752021
affe2881,affe2881,279,484,2,knowledge-update,LOW48,0.5,0.5,0.0,0.5,,,,0.18024675655058464,0.07335202057850788,0.11529385558752021
affe2881,affe2881,279,484,2,knowledge-update,LOW48,1.0,0.5,0.5,0.0,0.5,0.5,0.0,0.18024675655058464,0.07335202057850788,0.11529385558752021
affe2881,affe2881,279,484,2,knowledge-update,LOW48,2.0,0.5,0.5,0.0,,,,0.18024675655058464,0.07335202057850788,0.11529385558752021
affe2881,affe2881,279,484,2,knowledge-update,LOW48,4.0,0.5,0.5,0.0,0.5,0.5,0.0,0.18024675655058464,0.07335202057850788,0.11529385558752021
affe2881,affe2881,279,484,2,knowledge-update,HIGH48,0.25,0.5,0.5,0.0,0.5,0.5,0.0,0.18024675655058464,0.11529385558752021,0.07335202057850787
affe2881,affe2881,279,484,2,knowledge-update,HIGH48,0.5,0.5,0.5,0.0,,,,0.18024675655058464,0.11529385558752021,0.07335202057850787
affe2881,affe2881,279,484,2,knowledge-update,HIGH48,1.0,0.5,0.5,0.0,0.5,0.5,0.0,0.18024675655058464,0.11529385558752021,0.07335202057850787
affe2881,affe2881,279,484,2,knowledge-update,HIGH48,2.0,0.5,0.0,0.5,,,,0.18024675655058464,0.11529385558752021,0.07335202057850787
affe2881,affe2881,279,484,2,knowledge-update,HIGH48,4.0,0.5,0.0,0.5,0.5,0.0,0.5,0.18024675655058464,0.11529385558752021,0.07335202057850787
affe2881,affe2881,279,484,2,knowledge-update,FULL96,0.25,0.5,0.5,0.0,0.5,0.5,0.0,0.18024675655058464,0.09662606288984821,nan
affe2881,affe2881,279,484,2,knowledge-update,FULL96,0.5,0.5,0.5,0.0,,,,0.18024675655058464,0.09662606288984821,nan
affe2881,affe2881,279,484,2,knowledge-update,FULL96,1.0,0.5,0.5,0.0,0.5,0.5,0.0,0.18024675655058464,0.09662606288984821,nan
affe2881,affe2881,279,484,2,knowledge-update,FULL96,2.0,0.5,0.5,0.0,,,,0.18024675655058464,0.09662606288984821,nan
affe2881,affe2881,279,484,2,knowledge-update,FULL96,4.0,0.5,0.5,0.0,0.5,0.5,0.0,0.18024675655058464,0.09662606288984821,nan
b01defab,b01defab,280,503,2,knowledge-update,LOW48,0.25,0.75,1.0,-0.25,0.8,1.0,-0.19999999999999996,0.0835962155305791,0.08048215121099188,0.11057242531617917
b01defab,b01defab,280,503,2,knowledge-update,LOW48,0.5,0.75,1.0,-0.25,,,,0.0835962155305791,0.08048215121099188,0.11057242531617917
b01defab,b01defab,280,503,2,knowledge-update,LOW48,1.0,0.75,1.0,-0.25,0.8,1.0,-0.19999999999999996,0.0835962155305791,0.08048215121099188,0.11057242531617917
b01defab,b01defab,280,503,2,knowledge-update,LOW48,2.0,0.75,0.5,0.25,,,,0.0835962155305791,0.08048215121099188,0.11057242531617917
b01defab,b01defab,280,503,2,knowledge-update,LOW48,4.0,0.75,0.5,0.25,0.8,0.5,0.30000000000000004,0.0835962155305791,0.08048215121099188,0.11057242531617917
b01defab,b01defab,280,503,2,knowledge-update,HIGH48,0.25,0.75,0.5,0.25,0.8,0.5,0.30000000000000004,0.0835962155305791,0.11057242531617917,0.08048215121099188
b01defab,b01defab,280,503,2,knowledge-update,HIGH48,0.5,0.75,0.5,0.25,,,,0.0835962155305791,0.11057242531617917,0.08048215121099188
b01defab,b01defab,280,503,2,knowledge-update,HIGH48,1.0,0.75,1.0,-0.25,0.8,1.0,-0.19999999999999996,0.0835962155305791,0.11057242531617917,0.08048215121099188
b01defab,b01defab,280,503,2,knowledge-update,HIGH48,2.0,0.75,1.0,-0.25,,,,0.0835962155305791,0.11057242531617917,0.08048215121099188
b01defab,b01defab,280,503,2,knowledge-update,HIGH48,4.0,0.75,1.0,-0.25,0.8,1.0,-0.19999999999999996,0.0835962155305791,0.11057242531617917,0.08048215121099188
b01defab,b01defab,280,503,2,knowledge-update,FULL96,0.25,0.75,1.0,-0.25,0.8,1.0,-0.19999999999999996,0.0835962155305791,0.09670480314816575,nan
b01defab,b01defab,280,503,2,knowledge-update,FULL96,0.5,0.75,1.0,-0.25,,,,0.0835962155305791,0.09670480314816575,nan
b01defab,b01defab,280,503,2,knowledge-update,FULL96,1.0,0.75,1.0,-0.25,0.8,1.0,-0.19999999999999996,0.0835962155305791,0.09670480314816575,nan
b01defab,b01defab,280,503,2,knowledge-update,FULL96,2.0,0.75,1.0,-0.25,,,,0.0835962155305791,0.09670480314816575,nan
b01defab,b01defab,280,503,2,knowledge-update,FULL96,4.0,0.75,1.0,-0.25,0.8,1.0,-0.19999999999999996,0.0835962155305791,0.09670480314816575,nan
b0479f84,b0479f84,281,502,1,single-session-preference,LOW48,0.25,1.0,1.0,0.0,1.0,1.0,0.0,0.06075251499398329,0.06819485993495454,0.11808909385660829
b0479f84,b0479f84,281,502,1,single-session-preference,LOW48,0.5,1.0,1.0,0.0,,,,0.06075251499398329,0.06819485993495454,0.11808909385660829
b0479f84,b0479f84,281,502,1,single-session-preference,LOW48,1.0,1.0,1.0,0.0,1.0,1.0,0.0,0.06075251499398329,0.06819485993495454,0.11808909385660829
b0479f84,b0479f84,281,502,1,single-session-preference,LOW48,2.0,1.0,1.0,0.0,,,,0.06075251499398329,0.06819485993495454,0.11808909385660829
b0479f84,b0479f84,281,502,1,single-session-preference,LOW48,4.0,1.0,1.0,0.0,1.0,1.0,0.0,0.06075251499398329,0.06819485993495454,0.11808909385660829
b0479f84,b0479f84,281,502,1,single-session-preference,HIGH48,0.25,1.0,1.0,0.0,1.0,1.0,0.0,0.06075251499398329,0.11808909385660829,0.06819485993495454
b0479f84,b0479f84,281,502,1,single-session-preference,HIGH48,0.5,1.0,1.0,0.0,,,,0.06075251499398329,0.11808909385660829,0.06819485993495454
b0479f84,b0479f84,281,502,1,single-session-preference,HIGH48,1.0,1.0,1.0,0.0,1.0,1.0,0.0,0.06075251499398329,0.11808909385660829,0.06819485993495454
b0479f84,b0479f84,281,502,1,single-session-preference,HIGH48,2.0,1.0,1.0,0.0,,,,0.06075251499398329,0.11808909385660829,0.06819485993495454
b0479f84,b0479f84,281,502,1,single-session-preference,HIGH48,4.0,1.0,1.0,0.0,1.0,1.0,0.0,0.06075251499398329,0.11808909385660829,0.06819485993495454
b0479f84,b0479f84,281,502,1,single-session-preference,FULL96,0.25,1.0,1.0,0.0,1.0,1.0,0.0,0.06075251499398329,0.09642503048851711,nan
b0479f84,b0479f84,281,502,1,single-session-preference,FULL96,0.5,1.0,1.0,0.0,,,,0.06075251499398329,0.09642503048851711,nan
b0479f84,b0479f84,281,502,1,single-session-preference,FULL96,1.0,1.0,1.0,0.0,1.0,1.0,0.0,0.06075251499398329,0.09642503048851711,nan
b0479f84,b0479f84,281,502,1,single-session-preference,FULL96,2.0,1.0,1.0,0.0,,,,0.06075251499398329,0.09642503048851711,nan
b0479f84,b0479f84,281,502,1,single-session-preference,FULL96,4.0,1.0,1.0,0.0,1.0,1.0,0.0,0.06075251499398329,0.09642503048851711,nan
b29f3365,b29f3365,282,494,2,temporal-reasoning,LOW48,0.25,0.5,0.0,0.5,0.5,0.0,0.5,0.13523309111382598,0.07347787434535,0.11437940326353506
b29f3365,b29f3365,282,494,2,temporal-reasoning,LOW48,0.5,0.5,0.0,0.5,,,,0.13523309111382598,0.07347787434535,0.11437940326353506
b29f3365,b29f3365,282,494,2,temporal-reasoning,LOW48,1.0,0.5,0.5,0.0,0.5,0.5,0.0,0.13523309111382598,0.07347787434535,0.11437940326353506
b29f3365,b29f3365,282,494,2,temporal-reasoning,LOW48,2.0,0.5,0.5,0.0,,,,0.13523309111382598,0.07347787434535,0.11437940326353506
b29f3365,b29f3365,282,494,2,temporal-reasoning,LOW48,4.0,0.5,0.5,0.0,0.5,0.5,0.0,0.13523309111382598,0.07347787434535,0.11437940326353506
b29f3365,b29f3365,282,494,2,temporal-reasoning,HIGH48,0.25,0.5,0.5,0.0,0.5,0.5,0.0,0.13523309111382598,0.11437940326353506,0.07347787434535
b29f3365,b29f3365,282,494,2,temporal-reasoning,HIGH48,0.5,0.5,0.5,0.0,,,,0.13523309111382598,0.11437940326353506,0.07347787434535
b29f3365,b29f3365,282,494,2,temporal-reasoning,HIGH48,1.0,0.5,0.5,0.0,0.5,0.5,0.0,0.13523309111382598,0.11437940326353506,0.07347787434535
b29f3365,b29f3365,282,494,2,temporal-reasoning,HIGH48,2.0,0.5,0.0,0.5,,,,0.13523309111382598,0.11437940326353506,0.07347787434535
b29f3365,b29f3365,282,494,2,temporal-reasoning,HIGH48,4.0,0.5,0.0,0.5,0.5,0.0,0.5,0.13523309111382598,0.11437940326353506,0.07347787434535
b29f3365,b29f3365,282,494,2,temporal-reasoning,FULL96,0.25,0.5,0.5,0.0,0.5,0.5,0.0,0.13523309111382598,0.09612919928209489,nan
b29f3365,b29f3365,282,494,2,temporal-reasoning,FULL96,0.5,0.5,0.5,0.0,,,,0.13523309111382598,0.09612919928209489,nan
b29f3365,b29f3365,282,494,2,temporal-reasoning,FULL96,1.0,0.5,0.5,0.0,0.5,0.5,0.0,0.13523309111382598,0.09612919928209489,nan
b29f3365,b29f3365,282,494,2,temporal-reasoning,FULL96,2.0,0.5,0.5,0.0,,,,0.13523309111382598,0.09612919928209489,nan
b29f3365,b29f3365,282,494,2,temporal-reasoning,FULL96,4.0,0.5,0.5,0.0,0.5,0.5,0.0,0.13523309111382598,0.09612919928209489,nan
b320f3f8,b320f3f8,283,463,1,single-session-user,LOW48,0.25,1.0,0.0,1.0,1.0,0.0,1.0,0.10061988154505155,0.06374574088319508,0.12097271112397655
b320f3f8,b320f3f8,283,463,1,single-session-user,LOW48,0.5,1.0,0.0,1.0,,,,0.10061988154505155,0.06374574088319508,0.12097271112397655
b320f3f8,b320f3f8,283,463,1,single-session-user,LOW48,1.0,1.0,0.0,1.0,1.0,0.0,1.0,0.10061988154505155,0.06374574088319508,0.12097271112397655
b320f3f8,b320f3f8,283,463,1,single-session-user,LOW48,2.0,1.0,1.0,0.0,,,,0.10061988154505155,0.06374574088319508,0.12097271112397655
b320f3f8,b320f3f8,283,463,1,single-session-user,LOW48,4.0,1.0,1.0,0.0,1.0,1.0,0.0,0.10061988154505155,0.06374574088319508,0.12097271112397655
b320f3f8,b320f3f8,283,463,1,single-session-user,HIGH48,0.25,1.0,1.0,0.0,1.0,1.0,0.0,0.10061988154505155,0.12097271112397655,0.06374574088319508
b320f3f8,b320f3f8,283,463,1,single-session-user,HIGH48,0.5,1.0,1.0,0.0,,,,0.10061988154505155,0.12097271112397655,0.06374574088319508
b320f3f8,b320f3f8,283,463,1,single-session-user,HIGH48,1.0,1.0,0.0,1.0,1.0,0.0,1.0,0.10061988154505155,0.12097271112397655,0.06374574088319508
b320f3f8,b320f3f8,283,463,1,single-session-user,HIGH48,2.0,1.0,0.0,1.0,,,,0.10061988154505155,0.12097271112397655,0.06374574088319508
b320f3f8,b320f3f8,283,463,1,single-session-user,HIGH48,4.0,1.0,0.0,1.0,1.0,0.0,1.0,0.10061988154505155,0.12097271112397655,0.06374574088319508
b320f3f8,b320f3f8,283,463,1,single-session-user,FULL96,0.25,1.0,0.0,1.0,1.0,0.0,1.0,0.10061988154505155,0.09669001064596211,nan
b320f3f8,b320f3f8,283,463,1,single-session-user,FULL96,0.5,1.0,0.0,1.0,,,,0.10061988154505155,0.09669001064596211,nan
b320f3f8,b320f3f8,283,463,1,single-session-user,FULL96,1.0,1.0,0.0,1.0,1.0,0.0,1.0,0.10061988154505155,0.09669001064596211,nan
b320f3f8,b320f3f8,283,463,1,single-session-user,FULL96,2.0,1.0,0.0,1.0,,,,0.10061988154505155,0.09669001064596211,nan
b320f3f8,b320f3f8,283,463,1,single-session-user,FULL96,4.0,1.0,0.0,1.0,1.0,0.0,1.0,0.10061988154505155,0.09669001064596211,nan
b3c15d39,b3c15d39,284,502,2,multi-session,LOW48,0.25,0.0,0.5,-0.5,0.0,0.5,-0.5,0.08415288503120953,0.07598129673235485,0.112822106022665
b3c15d39,b3c15d39,284,502,2,multi-session,LOW48,0.5,0.0,0.5,-0.5,,,,0.08415288503120953,0.07598129673235485,0.112822106022665
b3c15d39,b3c15d39,284,502,2,multi-session,LOW48,1.0,0.0,0.5,-0.5,0.0,0.5,-0.5,0.08415288503120953,0.07598129673235485,0.112822106022665
b3c15d39,b3c15d39,284,502,2,multi-session,LOW48,2.0,0.0,0.5,-0.5,,,,0.08415288503120953,0.07598129673235485,0.112822106022665
b3c15d39,b3c15d39,284,502,2,multi-session,LOW48,4.0,0.0,0.0,0.0,0.0,0.0,0.0,0.08415288503120953,0.07598129673235485,0.112822106022665
b3c15d39,b3c15d39,284,502,2,multi-session,HIGH48,0.25,0.0,0.0,0.0,0.0,0.0,0.0,0.08415288503120953,0.112822106022665,0.07598129673235485
b3c15d39,b3c15d39,284,502,2,multi-session,HIGH48,0.5,0.0,0.5,-0.5,,,,0.08415288503120953,0.112822106022665,0.07598129673235485
b3c15d39,b3c15d39,284,502,2,multi-session,HIGH48,1.0,0.0,0.5,-0.5,0.0,0.5,-0.5,0.08415288503120953,0.112822106022665,0.07598129673235485
b3c15d39,b3c15d39,284,502,2,multi-session,HIGH48,2.0,0.0,0.5,-0.5,,,,0.08415288503120953,0.112822106022665,0.07598129673235485
b3c15d39,b3c15d39,284,502,2,multi-session,HIGH48,4.0,0.0,0.5,-0.5,0.0,0.5,-0.5,0.08415288503120953,0.112822106022665,0.07598129673235485
b3c15d39,b3c15d39,284,502,2,multi-session,FULL96,0.25,0.0,0.5,-0.5,0.0,0.5,-0.5,0.08415288503120953,0.09618208008906758,nan
b3c15d39,b3c15d39,284,502,2,multi-session,FULL96,0.5,0.0,0.5,-0.5,,,,0.08415288503120953,0.09618208008906758,nan
b3c15d39,b3c15d39,284,502,2,multi-session,FULL96,1.0,0.0,0.5,-0.5,0.0,0.5,-0.5,0.08415288503120953,0.09618208008906758,nan
b3c15d39,b3c15d39,284,502,2,multi-session,FULL96,2.0,0.0,0.5,-0.5,,,,0.08415288503120953,0.09618208008906758,nan
b3c15d39,b3c15d39,284,502,2,multi-session,FULL96,4.0,0.0,0.5,-0.5,0.0,0.5,-0.5,0.08415288503120953,0.09618208008906758,nan
b46e15ed,b46e15ed,285,478,5,temporal-reasoning,LOW48,0.25,0.2,0.4,-0.2,0.20000000000000004,0.4000000000000001,-0.20000000000000004,0.07873013282860196,0.0738261815670794,0.1149315301793073
b46e15ed,b46e15ed,285,478,5,temporal-reasoning,LOW48,0.5,0.2,0.4,-0.2,,,,0.07873013282860196,0.0738261815670794,0.1149315301793073
b46e15ed,b46e15ed,285,478,5,temporal-reasoning,LOW48,1.0,0.2,0.4,-0.2,0.20000000000000004,0.4000000000000001,-0.20000000000000004,0.07873013282860196,0.0738261815670794,0.1149315301793073
b46e15ed,b46e15ed,285,478,5,temporal-reasoning,LOW48,2.0,0.2,0.4,-0.2,,,,0.07873013282860196,0.0738261815670794,0.1149315301793073
b46e15ed,b46e15ed,285,478,5,temporal-reasoning,LOW48,4.0,0.2,0.2,0.0,0.20000000000000004,0.20000000000000004,0.0,0.07873013282860196,0.0738261815670794,0.1149315301793073
b46e15ed,b46e15ed,285,478,5,temporal-reasoning,HIGH48,0.25,0.2,0.2,0.0,0.20000000000000004,0.20000000000000004,0.0,0.07873013282860196,0.11493153017930728,0.0738261815670794
b46e15ed,b46e15ed,285,478,5,temporal-reasoning,HIGH48,0.5,0.2,0.4,-0.2,,,,0.07873013282860196,0.11493153017930728,0.0738261815670794
b46e15ed,b46e15ed,285,478,5,temporal-reasoning,HIGH48,1.0,0.2,0.4,-0.2,0.20000000000000004,0.4000000000000001,-0.20000000000000004,0.07873013282860196,0.11493153017930728,0.0738261815670794
b46e15ed,b46e15ed,285,478,5,temporal-reasoning,HIGH48,2.0,0.2,0.4,-0.2,,,,0.07873013282860196,0.11493153017930728,0.0738261815670794
b46e15ed,b46e15ed,285,478,5,temporal-reasoning,HIGH48,4.0,0.2,0.4,-0.2,0.20000000000000004,0.4000000000000001,-0.20000000000000004,0.07873013282860196,0.11493153017930728,0.0738261815670794
b46e15ed,b46e15ed,285,478,5,temporal-reasoning,FULL96,0.25,0.2,0.4,-0.2,0.20000000000000004,0.4000000000000001,-0.20000000000000004,0.07873013282860196,0.0965907907466659,nan
b46e15ed,b46e15ed,285,478,5,temporal-reasoning,FULL96,0.5,0.2,0.4,-0.2,,,,0.07873013282860196,0.0965907907466659,nan
b46e15ed,b46e15ed,285,478,5,temporal-reasoning,FULL96,1.0,0.2,0.4,-0.2,0.20000000000000004,0.4000000000000001,-0.20000000000000004,0.07873013282860196,0.0965907907466659,nan
b46e15ed,b46e15ed,285,478,5,temporal-reasoning,FULL96,2.0,0.2,0.4,-0.2,,,,0.07873013282860196,0.0965907907466659,nan
b46e15ed,b46e15ed,285,478,5,temporal-reasoning,FULL96,4.0,0.2,0.4,-0.2,0.20000000000000004,0.4000000000000001,-0.20000000000000004,0.07873013282860196,0.0965907907466659,nan
b46e15ee,b46e15ee,286,457,1,temporal-reasoning,LOW48,0.25,1.0,1.0,0.0,1.0,1.0,0.0,0.08445094556692366,0.08163121227933622,0.10947029932086463
b46e15ee,b46e15ee,286,457,1,temporal-reasoning,LOW48,0.5,1.0,1.0,0.0,,,,0.08445094556692366,0.08163121227933622,0.10947029932086463
b46e15ee,b46e15ee,286,457,1,temporal-reasoning,LOW48,1.0,1.0,1.0,0.0,1.0,1.0,0.0,0.08445094556692366,0.08163121227933622,0.10947029932086463
b46e15ee,b46e15ee,286,457,1,temporal-reasoning,LOW48,2.0,1.0,1.0,0.0,,,,0.08445094556692366,0.08163121227933622,0.10947029932086463
b46e15ee,b46e15ee,286,457,1,temporal-reasoning,LOW48,4.0,1.0,1.0,0.0,1.0,1.0,0.0,0.08445094556692366,0.08163121227933622,0.10947029932086463
b46e15ee,b46e15ee,286,457,1,temporal-reasoning,HIGH48,0.25,1.0,1.0,0.0,1.0,1.0,0.0,0.08445094556692366,0.10947029932086463,0.08163121227933622
b46e15ee,b46e15ee,286,457,1,temporal-reasoning,HIGH48,0.5,1.0,1.0,0.0,,,,0.08445094556692366,0.10947029932086463,0.08163121227933622
b46e15ee,b46e15ee,286,457,1,temporal-reasoning,HIGH48,1.0,1.0,1.0,0.0,1.0,1.0,0.0,0.08445094556692366,0.10947029932086463,0.08163121227933622
b46e15ee,b46e15ee,286,457,1,temporal-reasoning,HIGH48,2.0,1.0,1.0,0.0,,,,0.08445094556692366,0.10947029932086463,0.08163121227933622
b46e15ee,b46e15ee,286,457,1,temporal-reasoning,HIGH48,4.0,1.0,1.0,0.0,1.0,1.0,0.0,0.08445094556692366,0.10947029932086463,0.08163121227933622
b46e15ee,b46e15ee,286,457,1,temporal-reasoning,FULL96,0.25,1.0,1.0,0.0,1.0,1.0,0.0,0.08445094556692366,0.09655931144015513,nan
b46e15ee,b46e15ee,286,457,1,temporal-reasoning,FULL96,0.5,1.0,1.0,0.0,,,,0.08445094556692366,0.09655931144015513,nan
b46e15ee,b46e15ee,286,457,1,temporal-reasoning,FULL96,1.0,1.0,1.0,0.0,1.0,1.0,0.0,0.08445094556692366,0.09655931144015513,nan
b46e15ee,b46e15ee,286,457,1,temporal-reasoning,FULL96,2.0,1.0,1.0,0.0,,,,0.08445094556692366,0.09655931144015513,nan
b46e15ee,b46e15ee,286,457,1,temporal-reasoning,FULL96,4.0,1.0,1.0,0.0,1.0,1.0,0.0,0.08445094556692366,0.09655931144015513,nan
b5ef892d,b5ef892d,287,516,2,multi-session,LOW48,0.25,0.5,0.5,0.0,0.5,0.5,0.0,0.11688053076772287,0.07458508858954804,0.1137767380707732
b5ef892d,b5ef892d,287,516,2,multi-session,LOW48,0.5,0.5,0.5,0.0,,,,0.11688053076772287,0.07458508858954804,0.1137767380707732
b5ef892d,b5ef892d,287,516,2,multi-session,LOW48,1.0,0.5,0.5,0.0,0.5,0.5,0.0,0.11688053076772287,0.07458508858954804,0.1137767380707732
b5ef892d,b5ef892d,287,516,2,multi-session,LOW48,2.0,0.5,0.5,0.0,,,,0.11688053076772287,0.07458508858954804,0.1137767380707732
b5ef892d,b5ef892d,287,516,2,multi-session,LOW48,4.0,0.5,0.0,0.5,0.5,0.0,0.5,0.11688053076772287,0.07458508858954804,0.1137767380707732
b5ef892d,b5ef892d,287,516,2,multi-session,HIGH48,0.25,0.5,0.0,0.5,0.5,0.0,0.5,0.11688053076772287,0.11377673807077321,0.07458508858954804
b5ef892d,b5ef892d,287,516,2,multi-session,HIGH48,0.5,0.5,0.5,0.0,,,,0.11688053076772287,0.11377673807077321,0.07458508858954804
b5ef892d,b5ef892d,287,516,2,multi-session,HIGH48,1.0,0.5,0.5,0.0,0.5,0.5,0.0,0.11688053076772287,0.11377673807077321,0.07458508858954804
b5ef892d,b5ef892d,287,516,2,multi-session,HIGH48,2.0,0.5,0.5,0.0,,,,0.11688053076772287,0.11377673807077321,0.07458508858954804
b5ef892d,b5ef892d,287,516,2,multi-session,HIGH48,4.0,0.5,0.5,0.0,0.5,0.5,0.0,0.11688053076772287,0.11377673807077321,0.07458508858954804
b5ef892d,b5ef892d,287,516,2,multi-session,FULL96,0.25,0.5,0.5,0.0,0.5,0.5,0.0,0.11688053076772287,0.09619792504502386,nan
b5ef892d,b5ef892d,287,516,2,multi-session,FULL96,0.5,0.5,0.5,0.0,,,,0.11688053076772287,0.09619792504502386,nan
b5ef892d,b5ef892d,287,516,2,multi-session,FULL96,1.0,0.5,0.5,0.0,0.5,0.5,0.0,0.11688053076772287,0.09619792504502386,nan
b5ef892d,b5ef892d,287,516,2,multi-session,FULL96,2.0,0.5,0.5,0.0,,,,0.11688053076772287,0.09619792504502386,nan
b5ef892d,b5ef892d,287,516,2,multi-session,FULL96,4.0,0.5,0.5,0.0,0.5,0.5,0.0,0.11688053076772287,0.09619792504502386,nan
b6019101,b6019101,288,510,2,knowledge-update,LOW48,0.25,0.5,0.5,0.0,0.5,0.5,0.0,0.09841410928157887,0.07732524834237743,0.11258998339202494
b6019101,b6019101,288,510,2,knowledge-update,LOW48,0.5,0.5,0.5,0.0,,,,0.09841410928157887,0.07732524834237743,0.11258998339202494
b6019101,b6019101,288,510,2,knowledge-update,LOW48,1.0,0.5,0.5,0.0,0.5,0.5,0.0,0.09841410928157887,0.07732524834237743,0.11258998339202494
b6019101,b6019101,288,510,2,knowledge-update,LOW48,2.0,0.5,0.0,0.5,,,,0.09841410928157887,0.07732524834237743,0.11258998339202494
b6019101,b6019101,288,510,2,knowledge-update,LOW48,4.0,0.5,0.5,0.0,0.5,0.5,0.0,0.09841410928157887,0.07732524834237743,0.11258998339202494
b6019101,b6019101,288,510,2,knowledge-update,HIGH48,0.25,0.5,0.5,0.0,0.5,0.5,0.0,0.09841410928157887,0.11258998339202494,0.07732524834237743
b6019101,b6019101,288,510,2,knowledge-update,HIGH48,0.5,0.5,0.0,0.5,,,,0.09841410928157887,0.11258998339202494,0.07732524834237743
b6019101,b6019101,288,510,2,knowledge-update,HIGH48,1.0,0.5,0.5,0.0,0.5,0.5,0.0,0.09841410928157887,0.11258998339202494,0.07732524834237743
b6019101,b6019101,288,510,2,knowledge-update,HIGH48,2.0,0.5,0.5,0.0,,,,0.09841410928157887,0.11258998339202494,0.07732524834237743
b6019101,b6019101,288,510,2,knowledge-update,HIGH48,4.0,0.5,0.5,0.0,0.5,0.5,0.0,0.09841410928157887,0.11258998339202494,0.07732524834237743
b6019101,b6019101,288,510,2,knowledge-update,FULL96,0.25,0.5,0.5,0.0,0.5,0.5,0.0,0.09841410928157887,0.09658079102861707,nan
b6019101,b6019101,288,510,2,knowledge-update,FULL96,0.5,0.5,0.5,0.0,,,,0.09841410928157887,0.09658079102861707,nan
b6019101,b6019101,288,510,2,knowledge-update,FULL96,1.0,0.5,0.5,0.0,0.5,0.5,0.0,0.09841410928157887,0.09658079102861707,nan
b6019101,b6019101,288,510,2,knowledge-update,FULL96,2.0,0.5,0.5,0.0,,,,0.09841410928157887,0.09658079102861707,nan
b6019101,b6019101,288,510,2,knowledge-update,FULL96,4.0,0.5,0.5,0.0,0.5,0.5,0.0,0.09841410928157887,0.09658079102861707,nan
b6025781,b6025781,289,460,1,single-session-preference,LOW48,0.25,1.0,1.0,0.0,1.0,1.0,0.0,0.1178394960952159,0.07423727339688474,0.11493728976819875
b6025781,b6025781,289,460,1,single-session-preference,LOW48,0.5,1.0,1.0,0.0,,,,0.1178394960952159,0.07423727339688474,0.11493728976819875
b6025781,b6025781,289,460,1,single-session-preference,LOW48,1.0,1.0,1.0,0.0,1.0,1.0,0.0,0.1178394960952159,0.07423727339688474,0.11493728976819875
b6025781,b6025781,289,460,1,single-session-preference,LOW48,2.0,1.0,1.0,0.0,,,,0.1178394960952159,0.07423727339688474,0.11493728976819875
b6025781,b6025781,289,460,1,single-session-preference,LOW48,4.0,1.0,1.0,0.0,1.0,1.0,0.0,0.1178394960952159,0.07423727339688474,0.11493728976819875
b6025781,b6025781,289,460,1,single-session-preference,HIGH48,0.25,1.0,1.0,0.0,1.0,1.0,0.0,0.1178394960952159,0.11493728976819875,0.07423727339688474
b6025781,b6025781,289,460,1,single-session-preference,HIGH48,0.5,1.0,1.0,0.0,,,,0.1178394960952159,0.11493728976819875,0.07423727339688474
b6025781,b6025781,289,460,1,single-session-preference,HIGH48,1.0,1.0,1.0,0.0,1.0,1.0,0.0,0.1178394960952159,0.11493728976819875,0.07423727339688474
b6025781,b6025781,289,460,1,single-session-preference,HIGH48,2.0,1.0,1.0,0.0,,,,0.1178394960952159,0.11493728976819875,0.07423727339688474
b6025781,b6025781,289,460,1,single-session-preference,HIGH48,4.0,1.0,1.0,0.0,1.0,1.0,0.0,0.1178394960952159,0.11493728976819875,0.07423727339688474
b6025781,b6025781,289,460,1,single-session-preference,FULL96,0.25,1.0,1.0,0.0,1.0,1.0,0.0,0.1178394960952159,0.09675162360566021,nan
b6025781,b6025781,289,460,1,single-session-preference,FULL96,0.5,1.0,1.0,0.0,,,,0.1178394960952159,0.09675162360566021,nan
b6025781,b6025781,289,460,1,single-session-preference,FULL96,1.0,1.0,1.0,0.0,1.0,1.0,0.0,0.1178394960952159,0.09675162360566021,nan
b6025781,b6025781,289,460,1,single-session-preference,FULL96,2.0,1.0,1.0,0.0,,,,0.1178394960952159,0.09675162360566021,nan
b6025781,b6025781,289,460,1,single-session-preference,FULL96,4.0,1.0,1.0,0.0,1.0,1.0,0.0,0.1178394960952159,0.09675162360566021,nan
b759caee,b759caee,290,516,1,single-session-assistant,LOW48,0.25,1.0,0.0,1.0,1.0,0.0,1.0,0.09980588438799455,0.08255452464483264,0.1088059773379186
b759caee,b759caee,290,516,1,single-session-assistant,LOW48,0.5,1.0,1.0,0.0,,,,0.09980588438799455,0.08255452464483264,0.1088059773379186
b759caee,b759caee,290,516,1,single-session-assistant,LOW48,1.0,1.0,1.0,0.0,1.0,1.0,0.0,0.09980588438799455,0.08255452464483264,0.1088059773379186
b759caee,b759caee,290,516,1,single-session-assistant,LOW48,2.0,1.0,1.0,0.0,,,,0.09980588438799455,0.08255452464483264,0.1088059773379186
b759caee,b759caee,290,516,1,single-session-assistant,LOW48,4.0,1.0,1.0,0.0,1.0,1.0,0.0,0.09980588438799455,0.08255452464483264,0.1088059773379186
b759caee,b759caee,290,516,1,single-session-assistant,HIGH48,0.25,1.0,1.0,0.0,1.0,1.0,0.0,0.09980588438799455,0.1088059773379186,0.08255452464483264
b759caee,b759caee,290,516,1,single-session-assistant,HIGH48,0.5,1.0,1.0,0.0,,,,0.09980588438799455,0.1088059773379186,0.08255452464483264
b759caee,b759caee,290,516,1,single-session-assistant,HIGH48,1.0,1.0,1.0,0.0,1.0,1.0,0.0,0.09980588438799455,0.1088059773379186,0.08255452464483264
b759caee,b759caee,290,516,1,single-session-assistant,HIGH48,2.0,1.0,1.0,0.0,,,,0.09980588438799455,0.1088059773379186,0.08255452464483264
b759caee,b759caee,290,516,1,single-session-assistant,HIGH48,4.0,1.0,0.0,1.0,1.0,0.0,1.0,0.09980588438799455,0.1088059773379186,0.08255452464483264
b759caee,b759caee,290,516,1,single-session-assistant,FULL96,0.25,1.0,1.0,0.0,1.0,1.0,0.0,0.09980588438799455,0.09657636937624528,nan
b759caee,b759caee,290,516,1,single-session-assistant,FULL96,0.5,1.0,1.0,0.0,,,,0.09980588438799455,0.09657636937624528,nan
b759caee,b759caee,290,516,1,single-session-assistant,FULL96,1.0,1.0,1.0,0.0,1.0,1.0,0.0,0.09980588438799455,0.09657636937624528,nan
b759caee,b759caee,290,516,1,single-session-assistant,FULL96,2.0,1.0,1.0,0.0,,,,0.09980588438799455,0.09657636937624528,nan
b759caee,b759caee,290,516,1,single-session-assistant,FULL96,4.0,1.0,1.0,0.0,1.0,1.0,0.0,0.09980588438799455,0.09657636937624528,nan
b86304ba,b86304ba,291,456,1,single-session-user,LOW48,0.25,1.0,0.0,1.0,1.0,0.0,1.0,0.08076964054437481,0.06152266998850019,0.12232910696285931
b86304ba,b86304ba,291,456,1,single-session-user,LOW48,0.5,1.0,0.0,1.0,,,,0.08076964054437481,0.06152266998850019,0.12232910696285931
b86304ba,b86304ba,291,456,1,single-session-user,LOW48,1.0,1.0,0.0,1.0,1.0,0.0,1.0,0.08076964054437481,0.06152266998850019,0.12232910696285931
b86304ba,b86304ba,291,456,1,single-session-user,LOW48,2.0,1.0,1.0,0.0,,,,0.08076964054437481,0.06152266998850019,0.12232910696285931
b86304ba,b86304ba,291,456,1,single-session-user,LOW48,4.0,1.0,1.0,0.0,1.0,1.0,0.0,0.08076964054437481,0.06152266998850019,0.12232910696285931
b86304ba,b86304ba,291,456,1,single-session-user,HIGH48,0.25,1.0,1.0,0.0,1.0,1.0,0.0,0.08076964054437481,0.12232910696285931,0.061522669988500193
b86304ba,b86304ba,291,456,1,single-session-user,HIGH48,0.5,1.0,1.0,0.0,,,,0.08076964054437481,0.12232910696285931,0.061522669988500193
b86304ba,b86304ba,291,456,1,single-session-user,HIGH48,1.0,1.0,0.0,1.0,1.0,0.0,1.0,0.08076964054437481,0.12232910696285931,0.061522669988500193
b86304ba,b86304ba,291,456,1,single-session-user,HIGH48,2.0,1.0,0.0,1.0,,,,0.08076964054437481,0.12232910696285931,0.061522669988500193
b86304ba,b86304ba,291,456,1,single-session-user,HIGH48,4.0,1.0,0.0,1.0,1.0,0.0,1.0,0.08076964054437481,0.12232910696285931,0.061522669988500193
b86304ba,b86304ba,291,456,1,single-session-user,FULL96,0.25,1.0,0.0,1.0,1.0,0.0,1.0,0.08076964054437481,0.09682316182826445,nan
b86304ba,b86304ba,291,456,1,single-session-user,FULL96,0.5,1.0,0.0,1.0,,,,0.08076964054437481,0.09682316182826445,nan
b86304ba,b86304ba,291,456,1,single-session-user,FULL96,1.0,1.0,0.0,1.0,1.0,0.0,1.0,0.08076964054437481,0.09682316182826445,nan
b86304ba,b86304ba,291,456,1,single-session-user,FULL96,2.0,1.0,0.0,1.0,,,,0.08076964054437481,0.09682316182826445,nan
b86304ba,b86304ba,291,456,1,single-session-user,FULL96,4.0,1.0,0.0,1.0,1.0,0.0,1.0,0.08076964054437481,0.09682316182826445,nan
b9cfe692,b9cfe692,292,492,2,temporal-reasoning,LOW48,0.25,0.5,0.5,0.0,0.5,0.5,0.0,0.25554844043492386,0.07826305156885578,0.11093574233137606
b9cfe692,b9cfe692,292,492,2,temporal-reasoning,LOW48,0.5,0.5,0.5,0.0,,,,0.25554844043492386,0.07826305156885578,0.11093574233137606
b9cfe692,b9cfe692,292,492,2,temporal-reasoning,LOW48,1.0,0.5,1.0,-0.5,0.5,1.0,-0.5,0.25554844043492386,0.07826305156885578,0.11093574233137606
b9cfe692,b9cfe692,292,492,2,temporal-reasoning,LOW48,2.0,0.5,1.0,-0.5,,,,0.25554844043492386,0.07826305156885578,0.11093574233137606
b9cfe692,b9cfe692,292,492,2,temporal-reasoning,LOW48,4.0,0.5,1.0,-0.5,0.5,1.0,-0.5,0.25554844043492386,0.07826305156885578,0.11093574233137606
b9cfe692,b9cfe692,292,492,2,temporal-reasoning,HIGH48,0.25,0.5,1.0,-0.5,0.5,1.0,-0.5,0.25554844043492386,0.11093574233137606,0.07826305156885578
b9cfe692,b9cfe692,292,492,2,temporal-reasoning,HIGH48,0.5,0.5,1.0,-0.5,,,,0.25554844043492386,0.11093574233137606,0.07826305156885578
b9cfe692,b9cfe692,292,492,2,temporal-reasoning,HIGH48,1.0,0.5,1.0,-0.5,0.5,1.0,-0.5,0.25554844043492386,0.11093574233137606,0.07826305156885578
b9cfe692,b9cfe692,292,492,2,temporal-reasoning,HIGH48,2.0,0.5,0.5,0.0,,,,0.25554844043492386,0.11093574233137606,0.07826305156885578
b9cfe692,b9cfe692,292,492,2,temporal-reasoning,HIGH48,4.0,0.5,0.5,0.0,0.5,0.5,0.0,0.25554844043492386,0.11093574233137606,0.07826305156885578
b9cfe692,b9cfe692,292,492,2,temporal-reasoning,FULL96,0.25,0.5,1.0,-0.5,0.5,1.0,-0.5,0.25554844043492386,0.0959995941852955,nan
b9cfe692,b9cfe692,292,492,2,temporal-reasoning,FULL96,0.5,0.5,1.0,-0.5,,,,0.25554844043492386,0.0959995941852955,nan
b9cfe692,b9cfe692,292,492,2,temporal-reasoning,FULL96,1.0,0.5,1.0,-0.5,0.5,1.0,-0.5,0.25554844043492386,0.0959995941852955,nan
b9cfe692,b9cfe692,292,492,2,temporal-reasoning,FULL96,2.0,0.5,1.0,-0.5,,,,0.25554844043492386,0.0959995941852955,nan
b9cfe692,b9cfe692,292,492,2,temporal-reasoning,FULL96,4.0,0.5,1.0,-0.5,0.5,1.0,-0.5,0.25554844043492386,0.0959995941852955,nan
ba358f49,ba358f49,293,409,2,multi-session,LOW48,0.25,0.5,1.0,-0.5,0.5,1.0,-0.5,0.1017638434814457,0.06551526527287255,0.11963918926466377
ba358f49,ba358f49,293,409,2,multi-session,LOW48,0.5,0.5,1.0,-0.5,,,,0.1017638434814457,0.06551526527287255,0.11963918926466377
ba358f49,ba358f49,293,409,2,multi-session,LOW48,1.0,0.5,1.0,-0.5,0.5,1.0,-0.5,0.1017638434814457,0.06551526527287255,0.11963918926466377
ba358f49,ba358f49,293,409,2,multi-session,LOW48,2.0,0.5,0.5,0.0,,,,0.1017638434814457,0.06551526527287255,0.11963918926466377
ba358f49,ba358f49,293,409,2,multi-session,LOW48,4.0,0.5,0.5,0.0,0.5,0.5,0.0,0.1017638434814457,0.06551526527287255,0.11963918926466377
ba358f49,ba358f49,293,409,2,multi-session,HIGH48,0.25,0.5,0.5,0.0,0.5,0.5,0.0,0.1017638434814457,0.11963918926466377,0.06551526527287255
ba358f49,ba358f49,293,409,2,multi-session,HIGH48,0.5,0.5,0.5,0.0,,,,0.1017638434814457,0.11963918926466377,0.06551526527287255
ba358f49,ba358f49,293,409,2,multi-session,HIGH48,1.0,0.5,1.0,-0.5,0.5,1.0,-0.5,0.1017638434814457,0.11963918926466377,0.06551526527287255
ba358f49,ba358f49,293,409,2,multi-session,HIGH48,2.0,0.5,1.0,-0.5,,,,0.1017638434814457,0.11963918926466377,0.06551526527287255
ba358f49,ba358f49,293,409,2,multi-session,HIGH48,4.0,0.5,1.0,-0.5,0.5,1.0,-0.5,0.1017638434814457,0.11963918926466377,0.06551526527287255
ba358f49,ba358f49,293,409,2,multi-session,FULL96,0.25,0.5,1.0,-0.5,0.5,1.0,-0.5,0.1017638434814457,0.096451504891528,nan
ba358f49,ba358f49,293,409,2,multi-session,FULL96,0.5,0.5,1.0,-0.5,,,,0.1017638434814457,0.096451504891528,nan
ba358f49,ba358f49,293,409,2,multi-session,FULL96,1.0,0.5,1.0,-0.5,0.5,1.0,-0.5,0.1017638434814457,0.096451504891528,nan
ba358f49,ba358f49,293,409,2,multi-session,FULL96,2.0,0.5,1.0,-0.5,,,,0.1017638434814457,0.096451504891528,nan
ba358f49,ba358f49,293,409,2,multi-session,FULL96,4.0,0.5,1.0,-0.5,0.5,1.0,-0.5,0.1017638434814457,0.096451504891528,nan
ba61f0b9,ba61f0b9,295,454,2,knowledge-update,LOW48,0.25,0.0,0.5,-0.5,0.0,0.5,-0.5,0.09266113858314286,0.08086824416157216,0.1104042246026056
ba61f0b9,ba61f0b9,295,454,2,knowledge-update,LOW48,0.5,0.0,0.5,-0.5,,,,0.09266113858314286,0.08086824416157216,0.1104042246026056
ba61f0b9,ba61f0b9,295,454,2,knowledge-update,LOW48,1.0,0.0,0.5,-0.5,0.0,0.5,-0.5,0.09266113858314286,0.08086824416157216,0.1104042246026056
ba61f0b9,ba61f0b9,295,454,2,knowledge-update,LOW48,2.0,0.0,0.0,0.0,,,,0.09266113858314286,0.08086824416157216,0.1104042246026056
ba61f0b9,ba61f0b9,295,454,2,knowledge-update,LOW48,4.0,0.0,0.0,0.0,0.0,0.0,0.0,0.09266113858314286,0.08086824416157216,0.1104042246026056
ba61f0b9,ba61f0b9,295,454,2,knowledge-update,HIGH48,0.25,0.0,0.0,0.0,0.0,0.0,0.0,0.09266113858314286,0.1104042246026056,0.08086824416157216
ba61f0b9,ba61f0b9,295,454,2,knowledge-update,HIGH48,0.5,0.0,0.0,0.0,,,,0.09266113858314286,0.1104042246026056,0.08086824416157216
ba61f0b9,ba61f0b9,295,454,2,knowledge-update,HIGH48,1.0,0.0,0.5,-0.5,0.0,0.5,-0.5,0.09266113858314286,0.1104042246026056,0.08086824416157216
ba61f0b9,ba61f0b9,295,454,2,knowledge-update,HIGH48,2.0,0.0,0.5,-0.5,,,,0.09266113858314286,0.1104042246026056,0.08086824416157216
ba61f0b9,ba61f0b9,295,454,2,knowledge-update,HIGH48,4.0,0.0,0.5,-0.5,0.0,0.5,-0.5,0.09266113858314286,0.1104042246026056,0.08086824416157216
ba61f0b9,ba61f0b9,295,454,2,knowledge-update,FULL96,0.25,0.0,0.5,-0.5,0.0,0.5,-0.5,0.09266113858314286,0.09676974145846995,nan
ba61f0b9,ba61f0b9,295,454,2,knowledge-update,FULL96,0.5,0.0,0.5,-0.5,,,,0.09266113858314286,0.09676974145846995,nan
ba61f0b9,ba61f0b9,295,454,2,knowledge-update,FULL96,1.0,0.0,0.5,-0.5,0.0,0.5,-0.5,0.09266113858314286,0.09676974145846995,nan
ba61f0b9,ba61f0b9,295,454,2,knowledge-update,FULL96,2.0,0.0,0.5,-0.5,,,,0.09266113858314286,0.09676974145846995,nan
ba61f0b9,ba61f0b9,295,454,2,knowledge-update,FULL96,4.0,0.0,0.5,-0.5,0.0,0.5,-0.5,0.09266113858314286,0.09676974145846995,nan
bb7c3b45,bb7c3b45,296,495,2,multi-session,LOW48,0.25,1.0,0.5,0.5,1.0,0.5,0.5,0.13060983542777255,0.0785399107413233,0.11170822697378457
bb7c3b45,bb7c3b45,296,495,2,multi-session,LOW48,0.5,1.0,0.5,0.5,,,,0.13060983542777255,0.0785399107413233,0.11170822697378457
bb7c3b45,bb7c3b45,296,495,2,multi-session,LOW48,1.0,1.0,0.0,1.0,1.0,0.0,1.0,0.13060983542777255,0.0785399107413233,0.11170822697378457
bb7c3b45,bb7c3b45,296,495,2,multi-session,LOW48,2.0,1.0,0.0,1.0,,,,0.13060983542777255,0.0785399107413233,0.11170822697378457
bb7c3b45,bb7c3b45,296,495,2,multi-session,LOW48,4.0,1.0,0.5,0.5,1.0,0.5,0.5,0.13060983542777255,0.0785399107413233,0.11170822697378457
bb7c3b45,bb7c3b45,296,495,2,multi-session,HIGH48,0.25,1.0,0.5,0.5,1.0,0.5,0.5,0.13060983542777255,0.11170822697378455,0.07853991074132331
bb7c3b45,bb7c3b45,296,495,2,multi-session,HIGH48,0.5,1.0,0.0,1.0,,,,0.13060983542777255,0.11170822697378455,0.07853991074132331
bb7c3b45,bb7c3b45,296,495,2,multi-session,HIGH48,1.0,1.0,0.0,1.0,1.0,0.0,1.0,0.13060983542777255,0.11170822697378455,0.07853991074132331
bb7c3b45,bb7c3b45,296,495,2,multi-session,HIGH48,2.0,1.0,0.5,0.5,,,,0.13060983542777255,0.11170822697378455,0.07853991074132331
bb7c3b45,bb7c3b45,296,495,2,multi-session,HIGH48,4.0,1.0,0.5,0.5,1.0,0.5,0.5,0.13060983542777255,0.11170822697378455,0.07853991074132331
bb7c3b45,bb7c3b45,296,495,2,multi-session,FULL96,0.25,1.0,0.0,1.0,1.0,0.0,1.0,0.13060983542777255,0.0965589083225406,nan
bb7c3b45,bb7c3b45,296,495,2,multi-session,FULL96,0.5,1.0,0.0,1.0,,,,0.13060983542777255,0.0965589083225406,nan
bb7c3b45,bb7c3b45,296,495,2,multi-session,FULL96,1.0,1.0,0.0,1.0,1.0,0.0,1.0,0.13060983542777255,0.0965589083225406,nan
bb7c3b45,bb7c3b45,296,495,2,multi-session,FULL96,2.0,1.0,0.0,1.0,,,,0.13060983542777255,0.0965589083225406,nan
bb7c3b45,bb7c3b45,296,495,2,multi-session,FULL96,4.0,1.0,0.0,1.0,1.0,0.0,1.0,0.13060983542777255,0.0965589083225406,nan
bbf86515,bbf86515,297,487,2,temporal-reasoning,LOW48,0.25,0.5,0.5,0.0,0.5,0.5,0.0,0.16982784806728374,0.06769859753540225,0.11793428455188135
bbf86515,bbf86515,297,487,2,temporal-reasoning,LOW48,0.5,0.5,0.5,0.0,,,,0.16982784806728374,0.06769859753540225,0.11793428455188135
bbf86515,bbf86515,297,487,2,temporal-reasoning,LOW48,1.0,0.5,0.5,0.0,0.5,0.5,0.0,0.16982784806728374,0.06769859753540225,0.11793428455188135
bbf86515,bbf86515,297,487,2,temporal-reasoning,LOW48,2.0,0.5,0.5,0.0,,,,0.16982784806728374,0.06769859753540225,0.11793428455188135
bbf86515,bbf86515,297,487,2,temporal-reasoning,LOW48,4.0,0.5,0.5,0.0,0.5,0.5,0.0,0.16982784806728374,0.06769859753540225,0.11793428455188135
bbf86515,bbf86515,297,487,2,temporal-reasoning,HIGH48,0.25,0.5,0.5,0.0,0.5,0.5,0.0,0.16982784806728374,0.11793428455188135,0.06769859753540225
bbf86515,bbf86515,297,487,2,temporal-reasoning,HIGH48,0.5,0.5,0.5,0.0,,,,0.16982784806728374,0.11793428455188135,0.06769859753540225
bbf86515,bbf86515,297,487,2,temporal-reasoning,HIGH48,1.0,0.5,0.5,0.0,0.5,0.5,0.0,0.16982784806728374,0.11793428455188135,0.06769859753540225
bbf86515,bbf86515,297,487,2,temporal-reasoning,HIGH48,2.0,0.5,0.5,0.0,,,,0.16982784806728374,0.11793428455188135,0.06769859753540225
bbf86515,bbf86515,297,487,2,temporal-reasoning,HIGH48,4.0,0.5,0.5,0.0,0.5,0.5,0.0,0.16982784806728374,0.11793428455188135,0.06769859753540225
bbf86515,bbf86515,297,487,2,temporal-reasoning,FULL96,0.25,0.5,0.5,0.0,0.5,0.5,0.0,0.16982784806728374,0.09615507157977807,nan
bbf86515,bbf86515,297,487,2,temporal-reasoning,FULL96,0.5,0.5,0.5,0.0,,,,0.16982784806728374,0.09615507157977807,nan
bbf86515,bbf86515,297,487,2,temporal-reasoning,FULL96,1.0,0.5,0.5,0.0,0.5,0.5,0.0,0.16982784806728374,0.09615507157977807,nan
bbf86515,bbf86515,297,487,2,temporal-reasoning,FULL96,2.0,0.5,0.5,0.0,,,,0.16982784806728374,0.09615507157977807,nan
bbf86515,bbf86515,297,487,2,temporal-reasoning,FULL96,4.0,0.5,0.5,0.0,0.5,0.5,0.0,0.16982784806728374,0.09615507157977807,nan
bc149d6b,bc149d6b,298,467,2,multi-session,LOW48,0.25,0.5,0.5,0.0,0.5,0.5,0.0,0.11709643835846507,0.07207975431127256,0.11612841506423273
bc149d6b,bc149d6b,298,467,2,multi-session,LOW48,0.5,0.5,0.5,0.0,,,,0.11709643835846507,0.07207975431127256,0.11612841506423273
bc149d6b,bc149d6b,298,467,2,multi-session,LOW48,1.0,0.5,0.5,0.0,0.5,0.5,0.0,0.11709643835846507,0.07207975431127256,0.11612841506423273
bc149d6b,bc149d6b,298,467,2,multi-session,LOW48,2.0,0.5,0.5,0.0,,,,0.11709643835846507,0.07207975431127256,0.11612841506423273
bc149d6b,bc149d6b,298,467,2,multi-session,LOW48,4.0,0.5,0.5,0.0,0.5,0.5,0.0,0.11709643835846507,0.07207975431127256,0.11612841506423273
bc149d6b,bc149d6b,298,467,2,multi-session,HIGH48,0.25,0.5,0.5,0.0,0.5,0.5,0.0,0.11709643835846507,0.11612841506423273,0.07207975431127256
bc149d6b,bc149d6b,298,467,2,multi-session,HIGH48,0.5,0.5,0.5,0.0,,,,0.11709643835846507,0.11612841506423273,0.07207975431127256
bc149d6b,bc149d6b,298,467,2,multi-session,HIGH48,1.0,0.5,0.5,0.0,0.5,0.5,0.0,0.11709643835846507,0.11612841506423273,0.07207975431127256
bc149d6b,bc149d6b,298,467,2,multi-session,HIGH48,2.0,0.5,0.5,0.0,,,,0.11709643835846507,0.11612841506423273,0.07207975431127256
bc149d6b,bc149d6b,298,467,2,multi-session,HIGH48,4.0,0.5,0.5,0.0,0.5,0.5,0.0,0.11709643835846507,0.11612841506423273,0.07207975431127256
bc149d6b,bc149d6b,298,467,2,multi-session,FULL96,0.25,0.5,0.5,0.0,0.5,0.5,0.0,0.11709643835846507,0.09664703763412547,nan
bc149d6b,bc149d6b,298,467,2,multi-session,FULL96,0.5,0.5,0.5,0.0,,,,0.11709643835846507,0.09664703763412547,nan
bc149d6b,bc149d6b,298,467,2,multi-session,FULL96,1.0,0.5,0.5,0.0,0.5,0.5,0.0,0.11709643835846507,0.09664703763412547,nan
bc149d6b,bc149d6b,298,467,2,multi-session,FULL96,2.0,0.5,0.5,0.0,,,,0.11709643835846507,0.09664703763412547,nan
bc149d6b,bc149d6b,298,467,2,multi-session,FULL96,4.0,0.5,0.5,0.0,0.5,0.5,0.0,0.11709643835846507,0.09664703763412547,nan
bc8a6e93,bc8a6e93,299,537,1,single-session-user,LOW48,0.25,1.0,1.0,0.0,1.0,1.0,0.0,0.05381436812306626,0.06612314832057059,0.11953282131389775
bc8a6e93,bc8a6e93,299,537,1,single-session-user,LOW48,0.5,1.0,1.0,0.0,,,,0.05381436812306626,0.06612314832057059,0.11953282131389775
bc8a6e93,bc8a6e93,299,537,1,single-session-user,LOW48,1.0,1.0,1.0,0.0,1.0,1.0,0.0,0.05381436812306626,0.06612314832057059,0.11953282131389775
bc8a6e93,bc8a6e93,299,537,1,single-session-user,LOW48,2.0,1.0,1.0,0.0,,,,0.05381436812306626,0.06612314832057059,0.11953282131389775
bc8a6e93,bc8a6e93,299,537,1,single-session-user,LOW48,4.0,1.0,1.0,0.0,1.0,1.0,0.0,0.05381436812306626,0.06612314832057059,0.11953282131389775
bc8a6e93,bc8a6e93,299,537,1,single-session-user,HIGH48,0.25,1.0,1.0,0.0,1.0,1.0,0.0,0.05381436812306626,0.11953282131389775,0.06612314832057059
bc8a6e93,bc8a6e93,299,537,1,single-session-user,HIGH48,0.5,1.0,1.0,0.0,,,,0.05381436812306626,0.11953282131389775,0.06612314832057059
bc8a6e93,bc8a6e93,299,537,1,single-session-user,HIGH48,1.0,1.0,1.0,0.0,1.0,1.0,0.0,0.05381436812306626,0.11953282131389775,0.06612314832057059
bc8a6e93,bc8a6e93,299,537,1,single-session-user,HIGH48,2.0,1.0,1.0,0.0,,,,0.05381436812306626,0.11953282131389775,0.06612314832057059
bc8a6e93,bc8a6e93,299,537,1,single-session-user,HIGH48,4.0,1.0,1.0,0.0,1.0,1.0,0.0,0.05381436812306626,0.11953282131389775,0.06612314832057059
bc8a6e93,bc8a6e93,299,537,1,single-session-user,FULL96,0.25,1.0,1.0,0.0,1.0,1.0,0.0,0.05381436812306626,0.09659287270571361,nan
bc8a6e93,bc8a6e93,299,537,1,single-session-user,FULL96,0.5,1.0,1.0,0.0,,,,0.05381436812306626,0.09659287270571361,nan
bc8a6e93,bc8a6e93,299,537,1,single-session-user,FULL96,1.0,1.0,1.0,0.0,1.0,1.0,0.0,0.05381436812306626,0.09659287270571361,nan
bc8a6e93,bc8a6e93,299,537,1,single-session-user,FULL96,2.0,1.0,1.0,0.0,,,,0.05381436812306626,0.09659287270571361,nan
bc8a6e93,bc8a6e93,299,537,1,single-session-user,FULL96,4.0,1.0,1.0,0.0,1.0,1.0,0.0,0.05381436812306626,0.09659287270571361,nan
bcbe585f,bcbe585f,301,453,1,temporal-reasoning,LOW48,0.25,1.0,1.0,0.0,1.0,1.0,0.0,0.10498239508109929,0.07054873910103415,0.11668065976729408
bcbe585f,bcbe585f,301,453,1,temporal-reasoning,LOW48,0.5,1.0,1.0,0.0,,,,0.10498239508109929,0.07054873910103415,0.11668065976729408
bcbe585f,bcbe585f,301,453,1,temporal-reasoning,LOW48,1.0,1.0,1.0,0.0,1.0,1.0,0.0,0.10498239508109929,0.07054873910103415,0.11668065976729408
bcbe585f,bcbe585f,301,453,1,temporal-reasoning,LOW48,2.0,1.0,1.0,0.0,,,,0.10498239508109929,0.07054873910103415,0.11668065976729408
bcbe585f,bcbe585f,301,453,1,temporal-reasoning,LOW48,4.0,1.0,1.0,0.0,1.0,1.0,0.0,0.10498239508109929,0.07054873910103415,0.11668065976729408
bcbe585f,bcbe585f,301,453,1,temporal-reasoning,HIGH48,0.25,1.0,1.0,0.0,1.0,1.0,0.0,0.10498239508109929,0.1166806597672941,0.07054873910103415
bcbe585f,bcbe585f,301,453,1,temporal-reasoning,HIGH48,0.5,1.0,1.0,0.0,,,,0.10498239508109929,0.1166806597672941,0.07054873910103415
bcbe585f,bcbe585f,301,453,1,temporal-reasoning,HIGH48,1.0,1.0,1.0,0.0,1.0,1.0,0.0,0.10498239508109929,0.1166806597672941,0.07054873910103415
bcbe585f,bcbe585f,301,453,1,temporal-reasoning,HIGH48,2.0,1.0,1.0,0.0,,,,0.10498239508109929,0.1166806597672941,0.07054873910103415
bcbe585f,bcbe585f,301,453,1,temporal-reasoning,HIGH48,4.0,1.0,1.0,0.0,1.0,1.0,0.0,0.10498239508109929,0.1166806597672941,0.07054873910103415
bcbe585f,bcbe585f,301,453,1,temporal-reasoning,FULL96,0.25,1.0,1.0,0.0,1.0,1.0,0.0,0.10498239508109929,0.09641447233812159,nan
bcbe585f,bcbe585f,301,453,1,temporal-reasoning,FULL96,0.5,1.0,1.0,0.0,,,,0.10498239508109929,0.09641447233812159,nan
bcbe585f,bcbe585f,301,453,1,temporal-reasoning,FULL96,1.0,1.0,1.0,0.0,1.0,1.0,0.0,0.10498239508109929,0.09641447233812159,nan
bcbe585f,bcbe585f,301,453,1,temporal-reasoning,FULL96,2.0,1.0,1.0,0.0,,,,0.10498239508109929,0.09641447233812159,nan
bcbe585f,bcbe585f,301,453,1,temporal-reasoning,FULL96,4.0,1.0,1.0,0.0,1.0,1.0,0.0,0.10498239508109929,0.09641447233812159,nan
bf659f65,bf659f65,302,516,3,multi-session,LOW48,0.25,0.3333333333333333,0.3333333333333333,0.0,0.3333333333333332,0.3333333333333332,0.0,0.19184849515109123,0.07180184292750444,0.11621565690183178
bf659f65,bf659f65,302,516,3,multi-session,LOW48,0.5,0.3333333333333333,0.3333333333333333,0.0,,,,0.19184849515109123,0.07180184292750444,0.11621565690183178
bf659f65,bf659f65,302,516,3,multi-session,LOW48,1.0,0.3333333333333333,0.3333333333333333,0.0,0.3333333333333332,0.3333333333333332,0.0,0.19184849515109123,0.07180184292750444,0.11621565690183178
bf659f65,bf659f65,302,516,3,multi-session,LOW48,2.0,0.3333333333333333,0.3333333333333333,0.0,,,,0.19184849515109123,0.07180184292750444,0.11621565690183178
bf659f65,bf659f65,302,516,3,multi-session,LOW48,4.0,0.3333333333333333,0.6666666666666666,-0.3333333333333333,0.3333333333333332,0.6666666666666664,-0.3333333333333332,0.19184849515109123,0.07180184292750444,0.11621565690183178
bf659f65,bf659f65,302,516,3,multi-session,HIGH48,0.25,0.3333333333333333,0.6666666666666666,-0.3333333333333333,0.3333333333333332,0.6666666666666664,-0.3333333333333332,0.19184849515109123,0.11621565690183178,0.07180184292750444
bf659f65,bf659f65,302,516,3,multi-session,HIGH48,0.5,0.3333333333333333,0.3333333333333333,0.0,,,,0.19184849515109123,0.11621565690183178,0.07180184292750444
bf659f65,bf659f65,302,516,3,multi-session,HIGH48,1.0,0.3333333333333333,0.3333333333333333,0.0,0.3333333333333332,0.3333333333333332,0.0,0.19184849515109123,0.11621565690183178,0.07180184292750444
bf659f65,bf659f65,302,516,3,multi-session,HIGH48,2.0,0.3333333333333333,0.3333333333333333,0.0,,,,0.19184849515109123,0.11621565690183178,0.07180184292750444
bf659f65,bf659f65,302,516,3,multi-session,HIGH48,4.0,0.3333333333333333,0.3333333333333333,0.0,0.3333333333333332,0.3333333333333332,0.0,0.19184849515109123,0.11621565690183178,0.07180184292750444
bf659f65,bf659f65,302,516,3,multi-session,FULL96,0.25,0.3333333333333333,0.3333333333333333,0.0,0.3333333333333332,0.3333333333333332,0.0,0.19184849515109123,0.09659602361616729,nan
bf659f65,bf659f65,302,516,3,multi-session,FULL96,0.5,0.3333333333333333,0.3333333333333333,0.0,,,,0.19184849515109123,0.09659602361616729,nan
bf659f65,bf659f65,302,516,3,multi-session,FULL96,1.0,0.3333333333333333,0.3333333333333333,0.0,0.3333333333333332,0.3333333333333332,0.0,0.19184849515109123,0.09659602361616729,nan
bf659f65,bf659f65,302,516,3,multi-session,FULL96,2.0,0.3333333333333333,0.3333333333333333,0.0,,,,0.19184849515109123,0.09659602361616729,nan
bf659f65,bf659f65,302,516,3,multi-session,FULL96,4.0,0.3333333333333333,0.3333333333333333,0.0,0.3333333333333332,0.3333333333333332,0.0,0.19184849515109123,0.09659602361616729,nan
c14c00dd,c14c00dd,303,492,1,single-session-user,LOW48,0.25,0.0,0.0,0.0,0.0,0.0,0.0,0.2003184012151347,0.06623630251574612,0.11930806368444145
c14c00dd,c14c00dd,303,492,1,single-session-user,LOW48,0.5,0.0,0.0,0.0,,,,0.2003184012151347,0.06623630251574612,0.11930806368444145
c14c00dd,c14c00dd,303,492,1,single-session-user,LOW48,1.0,0.0,0.0,0.0,0.0,0.0,0.0,0.2003184012151347,0.06623630251574612,0.11930806368444145
c14c00dd,c14c00dd,303,492,1,single-session-user,LOW48,2.0,0.0,0.0,0.0,,,,0.2003184012151347,0.06623630251574612,0.11930806368444145
c14c00dd,c14c00dd,303,492,1,single-session-user,LOW48,4.0,0.0,0.0,0.0,0.0,0.0,0.0,0.2003184012151347,0.06623630251574612,0.11930806368444145
c14c00dd,c14c00dd,303,492,1,single-session-user,HIGH48,0.25,0.0,0.0,0.0,0.0,0.0,0.0,0.2003184012151347,0.11930806368444145,0.06623630251574612
c14c00dd,c14c00dd,303,492,1,single-session-user,HIGH48,0.5,0.0,0.0,0.0,,,,0.2003184012151347,0.11930806368444145,0.06623630251574612
c14c00dd,c14c00dd,303,492,1,single-session-user,HIGH48,1.0,0.0,0.0,0.0,0.0,0.0,0.0,0.2003184012151347,0.11930806368444145,0.06623630251574612
c14c00dd,c14c00dd,303,492,1,single-session-user,HIGH48,2.0,0.0,0.0,0.0,,,,0.2003184012151347,0.11930806368444145,0.06623630251574612
c14c00dd,c14c00dd,303,492,1,single-session-user,HIGH48,4.0,0.0,0.0,0.0,0.0,0.0,0.0,0.2003184012151347,0.11930806368444145,0.06623630251574612
c14c00dd,c14c00dd,303,492,1,single-session-user,FULL96,0.25,0.0,0.0,0.0,0.0,0.0,0.0,0.2003184012151347,0.09649264695065675,nan
c14c00dd,c14c00dd,303,492,1,single-session-user,FULL96,0.5,0.0,0.0,0.0,,,,0.2003184012151347,0.09649264695065675,nan
c14c00dd,c14c00dd,303,492,1,single-session-user,FULL96,1.0,0.0,0.0,0.0,0.0,0.0,0.0,0.2003184012151347,0.09649264695065675,nan
c14c00dd,c14c00dd,303,492,1,single-session-user,FULL96,2.0,0.0,0.0,0.0,,,,0.2003184012151347,0.09649264695065675,nan
c14c00dd,c14c00dd,303,492,1,single-session-user,FULL96,4.0,0.0,0.0,0.0,0.0,0.0,0.0,0.2003184012151347,0.09649264695065675,nan
c18a7dc8,c18a7dc8,304,509,2,multi-session,LOW48,0.25,0.0,0.0,0.0,0.0,0.0,0.0,0.06689827977951367,0.06233771046069429,0.12133411857418172
c18a7dc8,c18a7dc8,304,509,2,multi-session,LOW48,0.5,0.0,0.0,0.0,,,,0.06689827977951367,0.06233771046069429,0.12133411857418172
c18a7dc8,c18a7dc8,304,509,2,multi-session,LOW48,1.0,0.0,0.0,0.0,0.0,0.0,0.0,0.06689827977951367,0.06233771046069429,0.12133411857418172
c18a7dc8,c18a7dc8,304,509,2,multi-session,LOW48,2.0,0.0,0.0,0.0,,,,0.06689827977951367,0.06233771046069429,0.12133411857418172
c18a7dc8,c18a7dc8,304,509,2,multi-session,LOW48,4.0,0.0,0.0,0.0,0.0,0.0,0.0,0.06689827977951367,0.06233771046069429,0.12133411857418172
c18a7dc8,c18a7dc8,304,509,2,multi-session,HIGH48,0.25,0.0,0.0,0.0,0.0,0.0,0.0,0.06689827977951367,0.12133411857418172,0.06233771046069429
c18a7dc8,c18a7dc8,304,509,2,multi-session,HIGH48,0.5,0.0,0.0,0.0,,,,0.06689827977951367,0.12133411857418172,0.06233771046069429
c18a7dc8,c18a7dc8,304,509,2,multi-session,HIGH48,1.0,0.0,0.0,0.0,0.0,0.0,0.0,0.06689827977951367,0.12133411857418172,0.06233771046069429
c18a7dc8,c18a7dc8,304,509,2,multi-session,HIGH48,2.0,0.0,0.0,0.0,,,,0.06689827977951367,0.12133411857418172,0.06233771046069429
c18a7dc8,c18a7dc8,304,509,2,multi-session,HIGH48,4.0,0.0,0.0,0.0,0.0,0.0,0.0,0.06689827977951367,0.12133411857418172,0.06233771046069429
c18a7dc8,c18a7dc8,304,509,2,multi-session,FULL96,0.25,0.0,0.0,0.0,0.0,0.0,0.0,0.06689827977951367,0.09645713679053237,nan
c18a7dc8,c18a7dc8,304,509,2,multi-session,FULL96,0.5,0.0,0.0,0.0,,,,0.06689827977951367,0.09645713679053237,nan
c18a7dc8,c18a7dc8,304,509,2,multi-session,FULL96,1.0,0.0,0.0,0.0,0.0,0.0,0.0,0.06689827977951367,0.09645713679053237,nan
c18a7dc8,c18a7dc8,304,509,2,multi-session,FULL96,2.0,0.0,0.0,0.0,,,,0.06689827977951367,0.09645713679053237,nan
c18a7dc8,c18a7dc8,304,509,2,multi-session,FULL96,4.0,0.0,0.0,0.0,0.0,0.0,0.0,0.06689827977951367,0.09645713679053237,nan
c19f7a0b,c19f7a0b,305,478,1,single-session-user,LOW48,0.25,1.0,0.0,1.0,1.0,0.0,1.0,0.0798295439614575,0.06419011370945336,0.12065665990573164
c19f7a0b,c19f7a0b,305,478,1,single-session-user,LOW48,0.5,1.0,0.0,1.0,,,,0.0798295439614575,0.06419011370945336,0.12065665990573164
c19f7a0b,c19f7a0b,305,478,1,single-session-user,LOW48,1.0,1.0,1.0,0.0,1.0,1.0,0.0,0.0798295439614575,0.06419011370945336,0.12065665990573164
c19f7a0b,c19f7a0b,305,478,1,single-session-user,LOW48,2.0,1.0,1.0,0.0,,,,0.0798295439614575,0.06419011370945336,0.12065665990573164
c19f7a0b,c19f7a0b,305,478,1,single-session-user,LOW48,4.0,1.0,1.0,0.0,1.0,1.0,0.0,0.0798295439614575,0.06419011370945336,0.12065665990573164
c19f7a0b,c19f7a0b,305,478,1,single-session-user,HIGH48,0.25,1.0,1.0,0.0,1.0,1.0,0.0,0.0798295439614575,0.12065665990573164,0.06419011370945336
c19f7a0b,c19f7a0b,305,478,1,single-session-user,HIGH48,0.5,1.0,1.0,0.0,,,,0.0798295439614575,0.12065665990573164,0.06419011370945336
c19f7a0b,c19f7a0b,305,478,1,single-session-user,HIGH48,1.0,1.0,1.0,0.0,1.0,1.0,0.0,0.0798295439614575,0.12065665990573164,0.06419011370945336
c19f7a0b,c19f7a0b,305,478,1,single-session-user,HIGH48,2.0,1.0,0.0,1.0,,,,0.0798295439614575,0.12065665990573164,0.06419011370945336
c19f7a0b,c19f7a0b,305,478,1,single-session-user,HIGH48,4.0,1.0,0.0,1.0,1.0,0.0,1.0,0.0798295439614575,0.12065665990573164,0.06419011370945336
c19f7a0b,c19f7a0b,305,478,1,single-session-user,FULL96,0.25,1.0,1.0,0.0,1.0,1.0,0.0,0.0798295439614575,0.0966395371409651,nan
c19f7a0b,c19f7a0b,305,478,1,single-session-user,FULL96,0.5,1.0,1.0,0.0,,,,0.0798295439614575,0.0966395371409651,nan
c19f7a0b,c19f7a0b,305,478,1,single-session-user,FULL96,1.0,1.0,1.0,0.0,1.0,1.0,0.0,0.0798295439614575,0.0966395371409651,nan
c19f7a0b,c19f7a0b,305,478,1,single-session-user,FULL96,2.0,1.0,1.0,0.0,,,,0.0798295439614575,0.0966395371409651,nan
c19f7a0b,c19f7a0b,305,478,1,single-session-user,FULL96,4.0,1.0,1.0,0.0,1.0,1.0,0.0,0.0798295439614575,0.0966395371409651,nan
c2ac3c61,c2ac3c61,306,528,2,multi-session,LOW48,0.25,0.5,0.0,0.5,0.5,0.0,0.5,0.12837440111983764,0.07351994260041986,0.11507953978918312
c2ac3c61,c2ac3c61,306,528,2,multi-session,LOW48,0.5,0.5,0.0,0.5,,,,0.12837440111983764,0.07351994260041986,0.11507953978918312
c2ac3c61,c2ac3c61,306,528,2,multi-session,LOW48,1.0,0.5,0.0,0.5,0.5,0.0,0.5,0.12837440111983764,0.07351994260041986,0.11507953978918312
c2ac3c61,c2ac3c61,306,528,2,multi-session,LOW48,2.0,0.5,0.0,0.5,,,,0.12837440111983764,0.07351994260041986,0.11507953978918312
c2ac3c61,c2ac3c61,306,528,2,multi-session,LOW48,4.0,0.5,0.5,0.0,0.5,0.5,0.0,0.12837440111983764,0.07351994260041986,0.11507953978918312
c2ac3c61,c2ac3c61,306,528,2,multi-session,HIGH48,0.25,0.5,0.5,0.0,0.5,0.5,0.0,0.12837440111983764,0.11507953978918312,0.07351994260041986
c2ac3c61,c2ac3c61,306,528,2,multi-session,HIGH48,0.5,0.5,0.0,0.5,,,,0.12837440111983764,0.11507953978918312,0.07351994260041986
c2ac3c61,c2ac3c61,306,528,2,multi-session,HIGH48,1.0,0.5,0.0,0.5,0.5,0.0,0.5,0.12837440111983764,0.11507953978918312,0.07351994260041986
c2ac3c61,c2ac3c61,306,528,2,multi-session,HIGH48,2.0,0.5,0.0,0.5,,,,0.12837440111983764,0.11507953978918312,0.07351994260041986
c2ac3c61,c2ac3c61,306,528,2,multi-session,HIGH48,4.0,0.5,0.0,0.5,0.5,0.0,0.5,0.12837440111983764,0.11507953978918312,0.07351994260041986
c2ac3c61,c2ac3c61,306,528,2,multi-session,FULL96,0.25,0.5,0.0,0.5,0.5,0.0,0.5,0.12837440111983764,0.09656211068027462,nan
c2ac3c61,c2ac3c61,306,528,2,multi-session,FULL96,0.5,0.5,0.0,0.5,,,,0.12837440111983764,0.09656211068027462,nan
c2ac3c61,c2ac3c61,306,528,2,multi-session,FULL96,1.0,0.5,0.0,0.5,0.5,0.0,0.5,0.12837440111983764,0.09656211068027462,nan
c2ac3c61,c2ac3c61,306,528,2,multi-session,FULL96,2.0,0.5,0.0,0.5,,,,0.12837440111983764,0.09656211068027462,nan
c2ac3c61,c2ac3c61,306,528,2,multi-session,FULL96,4.0,0.5,0.0,0.5,0.5,0.0,0.5,0.12837440111983764,0.09656211068027462,nan
c4a1ceb8,c4a1ceb8,307,488,4,multi-session,LOW48,0.25,0.25,0.0,0.25,0.25,0.0,0.25,0.16114511296912207,0.08057693320661576,0.11029623664924705
c4a1ceb8,c4a1ceb8,307,488,4,multi-session,LOW48,0.5,0.25,0.0,0.25,,,,0.16114511296912207,0.08057693320661576,0.11029623664924705
c4a1ceb8,c4a1ceb8,307,488,4,multi-session,LOW48,1.0,0.25,0.0,0.25,0.25,0.0,0.25,0.16114511296912207,0.08057693320661576,0.11029623664924705
c4a1ceb8,c4a1ceb8,307,488,4,multi-session,LOW48,2.0,0.25,0.25,0.0,,,,0.16114511296912207,0.08057693320661576,0.11029623664924705
c4a1ceb8,c4a1ceb8,307,488,4,multi-session,LOW48,4.0,0.25,0.25,0.0,0.25,0.25,0.0,0.16114511296912207,0.08057693320661576,0.11029623664924705
c4a1ceb8,c4a1ceb8,307,488,4,multi-session,HIGH48,0.25,0.25,0.25,0.0,0.25,0.25,0.0,0.16114511296912207,0.11029623664924705,0.08057693320661576
c4a1ceb8,c4a1ceb8,307,488,4,multi-session,HIGH48,0.5,0.25,0.25,0.0,,,,0.16114511296912207,0.11029623664924705,0.08057693320661576
c4a1ceb8,c4a1ceb8,307,488,4,multi-session,HIGH48,1.0,0.25,0.0,0.25,0.25,0.0,0.25,0.16114511296912207,0.11029623664924705,0.08057693320661576
c4a1ceb8,c4a1ceb8,307,488,4,multi-session,HIGH48,2.0,0.25,0.0,0.25,,,,0.16114511296912207,0.11029623664924705,0.08057693320661576
c4a1ceb8,c4a1ceb8,307,488,4,multi-session,HIGH48,4.0,0.25,0.0,0.25,0.25,0.0,0.25,0.16114511296912207,0.11029623664924705,0.08057693320661576
c4a1ceb8,c4a1ceb8,307,488,4,multi-session,FULL96,0.25,0.25,0.0,0.25,0.25,0.0,0.25,0.16114511296912207,0.09658649487368853,nan
c4a1ceb8,c4a1ceb8,307,488,4,multi-session,FULL96,0.5,0.25,0.0,0.25,,,,0.16114511296912207,0.09658649487368853,nan
c4a1ceb8,c4a1ceb8,307,488,4,multi-session,FULL96,1.0,0.25,0.0,0.25,0.25,0.0,0.25,0.16114511296912207,0.09658649487368853,nan
c4a1ceb8,c4a1ceb8,307,488,4,multi-session,FULL96,2.0,0.25,0.0,0.25,,,,0.16114511296912207,0.09658649487368853,nan
c4a1ceb8,c4a1ceb8,307,488,4,multi-session,FULL96,4.0,0.25,0.0,0.25,0.25,0.0,0.25,0.16114511296912207,0.09658649487368853,nan
c4ea545c,c4ea545c,308,490,2,knowledge-update,LOW48,0.25,0.0,0.5,-0.5,0.0,0.5,-0.5,0.0999721453670326,0.07815887171276165,0.11226993420617436
c4ea545c,c4ea545c,308,490,2,knowledge-update,LOW48,0.5,0.0,0.5,-0.5,,,,0.0999721453670326,0.07815887171276165,0.11226993420617436
c4ea545c,c4ea545c,308,490,2,knowledge-update,LOW48,1.0,0.0,1.0,-1.0,0.0,1.0,-1.0,0.0999721453670326,0.07815887171276165,0.11226993420617436
c4ea545c,c4ea545c,308,490,2,knowledge-update,LOW48,2.0,0.0,0.5,-0.5,,,,0.0999721453670326,0.07815887171276165,0.11226993420617436
c4ea545c,c4ea545c,308,490,2,knowledge-update,LOW48,4.0,0.0,0.0,0.0,0.0,0.0,0.0,0.0999721453670326,0.07815887171276165,0.11226993420617436
c4ea545c,c4ea545c,308,490,2,knowledge-update,HIGH48,0.25,0.0,0.0,0.0,0.0,0.0,0.0,0.0999721453670326,0.11226993420617434,0.07815887171276165
c4ea545c,c4ea545c,308,490,2,knowledge-update,HIGH48,0.5,0.0,0.5,-0.5,,,,0.0999721453670326,0.11226993420617434,0.07815887171276165
c4ea545c,c4ea545c,308,490,2,knowledge-update,HIGH48,1.0,0.0,1.0,-1.0,0.0,1.0,-1.0,0.0999721453670326,0.11226993420617434,0.07815887171276165
c4ea545c,c4ea545c,308,490,2,knowledge-update,HIGH48,2.0,0.0,0.5,-0.5,,,,0.0999721453670326,0.11226993420617434,0.07815887171276165
c4ea545c,c4ea545c,308,490,2,knowledge-update,HIGH48,4.0,0.0,0.5,-0.5,0.0,0.5,-0.5,0.0999721453670326,0.11226993420617434,0.07815887171276165
c4ea545c,c4ea545c,308,490,2,knowledge-update,FULL96,0.25,0.0,1.0,-1.0,0.0,1.0,-1.0,0.0999721453670326,0.0967299006359219,nan
c4ea545c,c4ea545c,308,490,2,knowledge-update,FULL96,0.5,0.0,1.0,-1.0,,,,0.0999721453670326,0.0967299006359219,nan
c4ea545c,c4ea545c,308,490,2,knowledge-update,FULL96,1.0,0.0,1.0,-1.0,0.0,1.0,-1.0,0.0999721453670326,0.0967299006359219,nan
c4ea545c,c4ea545c,308,490,2,knowledge-update,FULL96,2.0,0.0,1.0,-1.0,,,,0.0999721453670326,0.0967299006359219,nan
c4ea545c,c4ea545c,308,490,2,knowledge-update,FULL96,4.0,0.0,1.0,-1.0,0.0,1.0,-1.0,0.0999721453670326,0.0967299006359219,nan
c4f10528,c4f10528,309,485,1,single-session-assistant,LOW48,0.25,0.0,0.0,0.0,0.0,0.0,0.0,0.10692894071156273,0.07198177121578529,0.11622355396650338
c4f10528,c4f10528,309,485,1,single-session-assistant,LOW48,0.5,0.0,0.0,0.0,,,,0.10692894071156273,0.07198177121578529,0.11622355396650338
c4f10528,c4f10528,309,485,1,single-session-assistant,LOW48,1.0,0.0,0.0,0.0,0.0,0.0,0.0,0.10692894071156273,0.07198177121578529,0.11622355396650338
c4f10528,c4f10528,309,485,1,single-session-assistant,LOW48,2.0,0.0,0.0,0.0,,,,0.10692894071156273,0.07198177121578529,0.11622355396650338
c4f10528,c4f10528,309,485,1,single-session-assistant,LOW48,4.0,0.0,0.0,0.0,0.0,0.0,0.0,0.10692894071156273,0.07198177121578529,0.11622355396650338
c4f10528,c4f10528,309,485,1,single-session-assistant,HIGH48,0.25,0.0,0.0,0.0,0.0,0.0,0.0,0.10692894071156273,0.11622355396650338,0.07198177121578529
c4f10528,c4f10528,309,485,1,single-session-assistant,HIGH48,0.5,0.0,0.0,0.0,,,,0.10692894071156273,0.11622355396650338,0.07198177121578529
c4f10528,c4f10528,309,485,1,single-session-assistant,HIGH48,1.0,0.0,0.0,0.0,0.0,0.0,0.0,0.10692894071156273,0.11622355396650338,0.07198177121578529
c4f10528,c4f10528,309,485,1,single-session-assistant,HIGH48,2.0,0.0,0.0,0.0,,,,0.10692894071156273,0.11622355396650338,0.07198177121578529
c4f10528,c4f10528,309,485,1,single-session-assistant,HIGH48,4.0,0.0,0.0,0.0,0.0,0.0,0.0,0.10692894071156273,0.11622355396650338,0.07198177121578529
c4f10528,c4f10528,309,485,1,single-session-assistant,FULL96,0.25,0.0,0.0,0.0,0.0,0.0,0.0,0.10692894071156273,0.09666770371733875,nan
c4f10528,c4f10528,309,485,1,single-session-assistant,FULL96,0.5,0.0,0.0,0.0,,,,0.10692894071156273,0.09666770371733875,nan
c4f10528,c4f10528,309,485,1,single-session-assistant,FULL96,1.0,0.0,0.0,0.0,0.0,0.0,0.0,0.10692894071156273,0.09666770371733875,nan
c4f10528,c4f10528,309,485,1,single-session-assistant,FULL96,2.0,0.0,0.0,0.0,,,,0.10692894071156273,0.09666770371733875,nan
c4f10528,c4f10528,309,485,1,single-session-assistant,FULL96,4.0,0.0,0.0,0.0,0.0,0.0,0.0,0.10692894071156273,0.09666770371733875,nan
c5e8278d,c5e8278d,310,469,1,single-session-user,LOW48,0.25,1.0,1.0,0.0,1.0,1.0,0.0,0.09018582788268988,0.07517434218528157,0.1143186254440314
c5e8278d,c5e8278d,310,469,1,single-session-user,LOW48,0.5,1.0,1.0,0.0,,,,0.09018582788268988,0.07517434218528157,0.1143186254440314
c5e8278d,c5e8278d,310,469,1,single-session-user,LOW48,1.0,1.0,1.0,0.0,1.0,1.0,0.0,0.09018582788268988,0.07517434218528157,0.1143186254440314
c5e8278d,c5e8278d,310,469,1,single-session-user,LOW48,2.0,1.0,1.0,0.0,,,,0.09018582788268988,0.07517434218528157,0.1143186254440314
c5e8278d,c5e8278d,310,469,1,single-session-user,LOW48,4.0,1.0,1.0,0.0,1.0,1.0,0.0,0.09018582788268988,0.07517434218528157,0.1143186254440314
c5e8278d,c5e8278d,310,469,1,single-session-user,HIGH48,0.25,1.0,1.0,0.0,1.0,1.0,0.0,0.09018582788268988,0.1143186254440314,0.07517434218528157
c5e8278d,c5e8278d,310,469,1,single-session-user,HIGH48,0.5,1.0,1.0,0.0,,,,0.09018582788268988,0.1143186254440314,0.07517434218528157
c5e8278d,c5e8278d,310,469,1,single-session-user,HIGH48,1.0,1.0,1.0,0.0,1.0,1.0,0.0,0.09018582788268988,0.1143186254440314,0.07517434218528157
c5e8278d,c5e8278d,310,469,1,single-session-user,HIGH48,2.0,1.0,1.0,0.0,,,,0.09018582788268988,0.1143186254440314,0.07517434218528157
c5e8278d,c5e8278d,310,469,1,single-session-user,HIGH48,4.0,1.0,1.0,0.0,1.0,1.0,0.0,0.09018582788268988,0.1143186254440314,0.07517434218528157
c5e8278d,c5e8278d,310,469,1,single-session-user,FULL96,0.25,1.0,1.0,0.0,1.0,1.0,0.0,0.09018582788268988,0.09674691169852025,nan
c5e8278d,c5e8278d,310,469,1,single-session-user,FULL96,0.5,1.0,1.0,0.0,,,,0.09018582788268988,0.09674691169852025,nan
c5e8278d,c5e8278d,310,469,1,single-session-user,FULL96,1.0,1.0,1.0,0.0,1.0,1.0,0.0,0.09018582788268988,0.09674691169852025,nan
c5e8278d,c5e8278d,310,469,1,single-session-user,FULL96,2.0,1.0,1.0,0.0,,,,0.09018582788268988,0.09674691169852025,nan
c5e8278d,c5e8278d,310,469,1,single-session-user,FULL96,4.0,1.0,1.0,0.0,1.0,1.0,0.0,0.09018582788268988,0.09674691169852025,nan
c6853660,c6853660,311,477,2,knowledge-update,LOW48,0.25,0.5,0.0,0.5,0.5,0.0,0.5,0.08177912296020415,0.06757080831903121,0.11866491561711676
c6853660,c6853660,311,477,2,knowledge-update,LOW48,0.5,0.5,0.0,0.5,,,,0.08177912296020415,0.06757080831903121,0.11866491561711676
c6853660,c6853660,311,477,2,knowledge-update,LOW48,1.0,0.5,0.0,0.5,0.5,0.0,0.5,0.08177912296020415,0.06757080831903121,0.11866491561711676
c6853660,c6853660,311,477,2,knowledge-update,LOW48,2.0,0.5,0.5,0.0,,,,0.08177912296020415,0.06757080831903121,0.11866491561711676
c6853660,c6853660,311,477,2,knowledge-update,LOW48,4.0,0.5,0.5,0.0,0.5,0.5,0.0,0.08177912296020415,0.06757080831903121,0.11866491561711676
c6853660,c6853660,311,477,2,knowledge-update,HIGH48,0.25,0.5,0.5,0.0,0.5,0.5,0.0,0.08177912296020415,0.11866491561711677,0.06757080831903121
c6853660,c6853660,311,477,2,knowledge-update,HIGH48,0.5,0.5,0.5,0.0,,,,0.08177912296020415,0.11866491561711677,0.06757080831903121
c6853660,c6853660,311,477,2,knowledge-update,HIGH48,1.0,0.5,0.0,0.5,0.5,0.0,0.5,0.08177912296020415,0.11866491561711677,0.06757080831903121
c6853660,c6853660,311,477,2,knowledge-update,HIGH48,2.0,0.5,0.0,0.5,,,,0.08177912296020415,0.11866491561711677,0.06757080831903121
c6853660,c6853660,311,477,2,knowledge-update,HIGH48,4.0,0.5,0.0,0.5,0.5,0.0,0.5,0.08177912296020415,0.11866491561711677,0.06757080831903121
c6853660,c6853660,311,477,2,knowledge-update,FULL96,0.25,0.5,0.0,0.5,0.5,0.0,0.5,0.08177912296020415,0.0965587291116259,nan
c6853660,c6853660,311,477,2,knowledge-update,FULL96,0.5,0.5,0.0,0.5,,,,0.08177912296020415,0.0965587291116259,nan
c6853660,c6853660,311,477,2,knowledge-update,FULL96,1.0,0.5,0.0,0.5,0.5,0.0,0.5,0.08177912296020415,0.0965587291116259,nan
c6853660,c6853660,311,477,2,knowledge-update,FULL96,2.0,0.5,0.0,0.5,,,,0.08177912296020415,0.0965587291116259,nan
c6853660,c6853660,311,477,2,knowledge-update,FULL96,4.0,0.5,0.0,0.5,0.5,0.0,0.5,0.08177912296020415,0.0965587291116259,nan
c7cf7dfd,c7cf7dfd,312,520,1,single-session-assistant,LOW48,0.25,1.0,1.0,0.0,1.0,1.0,0.0,0.1380777989784278,0.06543584157328902,0.11983301179019615
c7cf7dfd,c7cf7dfd,312,520,1,single-session-assistant,LOW48,0.5,1.0,1.0,0.0,,,,0.1380777989784278,0.06543584157328902,0.11983301179019615
c7cf7dfd,c7cf7dfd,312,520,1,single-session-assistant,LOW48,1.0,1.0,1.0,0.0,1.0,1.0,0.0,0.1380777989784278,0.06543584157328902,0.11983301179019615
c7cf7dfd,c7cf7dfd,312,520,1,single-session-assistant,LOW48,2.0,1.0,1.0,0.0,,,,0.1380777989784278,0.06543584157328902,0.11983301179019615
c7cf7dfd,c7cf7dfd,312,520,1,single-session-assistant,LOW48,4.0,1.0,1.0,0.0,1.0,1.0,0.0,0.1380777989784278,0.06543584157328902,0.11983301179019615
c7cf7dfd,c7cf7dfd,312,520,1,single-session-assistant,HIGH48,0.25,1.0,1.0,0.0,1.0,1.0,0.0,0.1380777989784278,0.11983301179019615,0.06543584157328902
c7cf7dfd,c7cf7dfd,312,520,1,single-session-assistant,HIGH48,0.5,1.0,1.0,0.0,,,,0.1380777989784278,0.11983301179019615,0.06543584157328902
c7cf7dfd,c7cf7dfd,312,520,1,single-session-assistant,HIGH48,1.0,1.0,1.0,0.0,1.0,1.0,0.0,0.1380777989784278,0.11983301179019615,0.06543584157328902
c7cf7dfd,c7cf7dfd,312,520,1,single-session-assistant,HIGH48,2.0,1.0,1.0,0.0,,,,0.1380777989784278,0.11983301179019615,0.06543584157328902
c7cf7dfd,c7cf7dfd,312,520,1,single-session-assistant,HIGH48,4.0,1.0,1.0,0.0,1.0,1.0,0.0,0.1380777989784278,0.11983301179019615,0.06543584157328902
c7cf7dfd,c7cf7dfd,312,520,1,single-session-assistant,FULL96,0.25,1.0,1.0,0.0,1.0,1.0,0.0,0.1380777989784278,0.09654480844953257,nan
c7cf7dfd,c7cf7dfd,312,520,1,single-session-assistant,FULL96,0.5,1.0,1.0,0.0,,,,0.1380777989784278,0.09654480844953257,nan
c7cf7dfd,c7cf7dfd,312,520,1,single-session-assistant,FULL96,1.0,1.0,1.0,0.0,1.0,1.0,0.0,0.1380777989784278,0.09654480844953257,nan
c7cf7dfd,c7cf7dfd,312,520,1,single-session-assistant,FULL96,2.0,1.0,1.0,0.0,,,,0.1380777989784278,0.09654480844953257,nan
c7cf7dfd,c7cf7dfd,312,520,1,single-session-assistant,FULL96,4.0,1.0,1.0,0.0,1.0,1.0,0.0,0.1380777989784278,0.09654480844953257,nan
c7dc5443,c7dc5443,313,478,2,knowledge-update,LOW48,0.25,0.5,0.5,0.0,0.5,0.5,0.0,0.1222727349843612,0.07336482312804818,0.11523081903924956
c7dc5443,c7dc5443,313,478,2,knowledge-update,LOW48,0.5,0.5,0.5,0.0,,,,0.1222727349843612,0.07336482312804818,0.11523081903924956
c7dc5443,c7dc5443,313,478,2,knowledge-update,LOW48,1.0,0.5,1.0,-0.5,0.5,1.0,-0.5,0.1222727349843612,0.07336482312804818,0.11523081903924956
c7dc5443,c7dc5443,313,478,2,knowledge-update,LOW48,2.0,0.5,1.0,-0.5,,,,0.1222727349843612,0.07336482312804818,0.11523081903924956
c7dc5443,c7dc5443,313,478,2,knowledge-update,LOW48,4.0,0.5,0.5,0.0,0.5,0.5,0.0,0.1222727349843612,0.07336482312804818,0.11523081903924956
c7dc5443,c7dc5443,313,478,2,knowledge-update,HIGH48,0.25,0.5,0.5,0.0,0.5,0.5,0.0,0.1222727349843612,0.11523081903924956,0.07336482312804816
c7dc5443,c7dc5443,313,478,2,knowledge-update,HIGH48,0.5,0.5,1.0,-0.5,,,,0.1222727349843612,0.11523081903924956,0.07336482312804816
c7dc5443,c7dc5443,313,478,2,knowledge-update,HIGH48,1.0,0.5,1.0,-0.5,0.5,1.0,-0.5,0.1222727349843612,0.11523081903924956,0.07336482312804816
c7dc5443,c7dc5443,313,478,2,knowledge-update,HIGH48,2.0,0.5,0.5,0.0,,,,0.1222727349843612,0.11523081903924956,0.07336482312804816
c7dc5443,c7dc5443,313,478,2,knowledge-update,HIGH48,4.0,0.5,0.5,0.0,0.5,0.5,0.0,0.1222727349843612,0.11523081903924956,0.07336482312804816
c7dc5443,c7dc5443,313,478,2,knowledge-update,FULL96,0.25,0.5,1.0,-0.5,0.5,1.0,-0.5,0.1222727349843612,0.09659331997883204,nan
c7dc5443,c7dc5443,313,478,2,knowledge-update,FULL96,0.5,0.5,1.0,-0.5,,,,0.1222727349843612,0.09659331997883204,nan
c7dc5443,c7dc5443,313,478,2,knowledge-update,FULL96,1.0,0.5,1.0,-0.5,0.5,1.0,-0.5,0.1222727349843612,0.09659331997883204,nan
c7dc5443,c7dc5443,313,478,2,knowledge-update,FULL96,2.0,0.5,1.0,-0.5,,,,0.1222727349843612,0.09659331997883204,nan
c7dc5443,c7dc5443,313,478,2,knowledge-update,FULL96,4.0,0.5,1.0,-0.5,0.5,1.0,-0.5,0.1222727349843612,0.09659331997883204,nan
c8090214,c8090214,314,459,2,temporal-reasoning,LOW48,0.25,0.5,0.5,0.0,0.5,0.5,0.0,0.08045381247362371,0.06382277400664273,0.12054256151344682
c8090214,c8090214,314,459,2,temporal-reasoning,LOW48,0.5,0.5,0.5,0.0,,,,0.08045381247362371,0.06382277400664273,0.12054256151344682
c8090214,c8090214,314,459,2,temporal-reasoning,LOW48,1.0,0.5,1.0,-0.5,0.5,1.0,-0.5,0.08045381247362371,0.06382277400664273,0.12054256151344682
c8090214,c8090214,314,459,2,temporal-reasoning,LOW48,2.0,0.5,0.5,0.0,,,,0.08045381247362371,0.06382277400664273,0.12054256151344682
c8090214,c8090214,314,459,2,temporal-reasoning,LOW48,4.0,0.5,0.5,0.0,0.5,0.5,0.0,0.08045381247362371,0.06382277400664273,0.12054256151344682
c8090214,c8090214,314,459,2,temporal-reasoning,HIGH48,0.25,0.5,0.5,0.0,0.5,0.5,0.0,0.08045381247362371,0.12054256151344682,0.06382277400664273
c8090214,c8090214,314,459,2,temporal-reasoning,HIGH48,0.5,0.5,0.5,0.0,,,,0.08045381247362371,0.12054256151344682,0.06382277400664273
c8090214,c8090214,314,459,2,temporal-reasoning,HIGH48,1.0,0.5,1.0,-0.5,0.5,1.0,-0.5,0.08045381247362371,0.12054256151344682,0.06382277400664273
c8090214,c8090214,314,459,2,temporal-reasoning,HIGH48,2.0,0.5,0.5,0.0,,,,0.08045381247362371,0.12054256151344682,0.06382277400664273
c8090214,c8090214,314,459,2,temporal-reasoning,HIGH48,4.0,0.5,0.5,0.0,0.5,0.5,0.0,0.08045381247362371,0.12054256151344682,0.06382277400664273
c8090214,c8090214,314,459,2,temporal-reasoning,FULL96,0.25,0.5,1.0,-0.5,0.5,1.0,-0.5,0.08045381247362371,0.09644650231637772,nan
c8090214,c8090214,314,459,2,temporal-reasoning,FULL96,0.5,0.5,1.0,-0.5,,,,0.08045381247362371,0.09644650231637772,nan
c8090214,c8090214,314,459,2,temporal-reasoning,FULL96,1.0,0.5,1.0,-0.5,0.5,1.0,-0.5,0.08045381247362371,0.09644650231637772,nan
c8090214,c8090214,314,459,2,temporal-reasoning,FULL96,2.0,0.5,1.0,-0.5,,,,0.08045381247362371,0.09644650231637772,nan
c8090214,c8090214,314,459,2,temporal-reasoning,FULL96,4.0,0.5,1.0,-0.5,0.5,1.0,-0.5,0.08045381247362371,0.09644650231637772,nan
c8c3f81d,c8c3f81d,316,487,1,single-session-user,LOW48,0.25,1.0,1.0,0.0,1.0,1.0,0.0,0.11019508075769527,0.07670893744005172,0.11274852952381899
c8c3f81d,c8c3f81d,316,487,1,single-session-user,LOW48,0.5,1.0,1.0,0.0,,,,0.11019508075769527,0.07670893744005172,0.11274852952381899
c8c3f81d,c8c3f81d,316,487,1,single-session-user,LOW48,1.0,1.0,1.0,0.0,1.0,1.0,0.0,0.11019508075769527,0.07670893744005172,0.11274852952381899
c8c3f81d,c8c3f81d,316,487,1,single-session-user,LOW48,2.0,1.0,1.0,0.0,,,,0.11019508075769527,0.07670893744005172,0.11274852952381899
c8c3f81d,c8c3f81d,316,487,1,single-session-user,LOW48,4.0,1.0,1.0,0.0,1.0,1.0,0.0,0.11019508075769527,0.07670893744005172,0.11274852952381899
c8c3f81d,c8c3f81d,316,487,1,single-session-user,HIGH48,0.25,1.0,1.0,0.0,1.0,1.0,0.0,0.11019508075769527,0.112748529523819,0.07670893744005174
c8c3f81d,c8c3f81d,316,487,1,single-session-user,HIGH48,0.5,1.0,1.0,0.0,,,,0.11019508075769527,0.112748529523819,0.07670893744005174
c8c3f81d,c8c3f81d,316,487,1,single-session-user,HIGH48,1.0,1.0,1.0,0.0,1.0,1.0,0.0,0.11019508075769527,0.112748529523819,0.07670893744005174
c8c3f81d,c8c3f81d,316,487,1,single-session-user,HIGH48,2.0,1.0,1.0,0.0,,,,0.11019508075769527,0.112748529523819,0.07670893744005174
c8c3f81d,c8c3f81d,316,487,1,single-session-user,HIGH48,4.0,1.0,1.0,0.0,1.0,1.0,0.0,0.11019508075769527,0.112748529523819,0.07670893744005174
c8c3f81d,c8c3f81d,316,487,1,single-session-user,FULL96,0.25,1.0,1.0,0.0,1.0,1.0,0.0,0.11019508075769527,0.09642741309649776,nan
c8c3f81d,c8c3f81d,316,487,1,single-session-user,FULL96,0.5,1.0,1.0,0.0,,,,0.11019508075769527,0.09642741309649776,nan
c8c3f81d,c8c3f81d,316,487,1,single-session-user,FULL96,1.0,1.0,1.0,0.0,1.0,1.0,0.0,0.11019508075769527,0.09642741309649776,nan
c8c3f81d,c8c3f81d,316,487,1,single-session-user,FULL96,2.0,1.0,1.0,0.0,,,,0.11019508075769527,0.09642741309649776,nan
c8c3f81d,c8c3f81d,316,487,1,single-session-user,FULL96,4.0,1.0,1.0,0.0,1.0,1.0,0.0,0.11019508075769527,0.09642741309649776,nan
c8f1aeed,c8f1aeed,317,504,1,single-session-assistant,LOW48,0.25,1.0,1.0,0.0,1.0,1.0,0.0,0.11045558438697607,0.0756336063902301,0.1138840585498416
c8f1aeed,c8f1aeed,317,504,1,single-session-assistant,LOW48,0.5,1.0,1.0,0.0,,,,0.11045558438697607,0.0756336063902301,0.1138840585498416
c8f1aeed,c8f1aeed,317,504,1,single-session-assistant,LOW48,1.0,1.0,1.0,0.0,1.0,1.0,0.0,0.11045558438697607,0.0756336063902301,0.1138840585498416
c8f1aeed,c8f1aeed,317,504,1,single-session-assistant,LOW48,2.0,1.0,1.0,0.0,,,,0.11045558438697607,0.0756336063902301,0.1138840585498416
c8f1aeed,c8f1aeed,317,504,1,single-session-assistant,LOW48,4.0,1.0,1.0,0.0,1.0,1.0,0.0,0.11045558438697607,0.0756336063902301,0.1138840585498416
c8f1aeed,c8f1aeed,317,504,1,single-session-assistant,HIGH48,0.25,1.0,1.0,0.0,1.0,1.0,0.0,0.11045558438697607,0.11388405854984159,0.0756336063902301
c8f1aeed,c8f1aeed,317,504,1,single-session-assistant,HIGH48,0.5,1.0,1.0,0.0,,,,0.11045558438697607,0.11388405854984159,0.0756336063902301
c8f1aeed,c8f1aeed,317,504,1,single-session-assistant,HIGH48,1.0,1.0,1.0,0.0,1.0,1.0,0.0,0.11045558438697607,0.11388405854984159,0.0756336063902301
c8f1aeed,c8f1aeed,317,504,1,single-session-assistant,HIGH48,2.0,1.0,1.0,0.0,,,,0.11045558438697607,0.11388405854984159,0.0756336063902301
c8f1aeed,c8f1aeed,317,504,1,single-session-assistant,HIGH48,4.0,1.0,1.0,0.0,1.0,1.0,0.0,0.11045558438697607,0.11388405854984159,0.0756336063902301
c8f1aeed,c8f1aeed,317,504,1,single-session-assistant,FULL96,0.25,1.0,1.0,0.0,1.0,1.0,0.0,0.11045558438697607,0.09666959503219201,nan
c8f1aeed,c8f1aeed,317,504,1,single-session-assistant,FULL96,0.5,1.0,1.0,0.0,,,,0.11045558438697607,0.09666959503219201,nan
c8f1aeed,c8f1aeed,317,504,1,single-session-assistant,FULL96,1.0,1.0,1.0,0.0,1.0,1.0,0.0,0.11045558438697607,0.09666959503219201,nan
c8f1aeed,c8f1aeed,317,504,1,single-session-assistant,FULL96,2.0,1.0,1.0,0.0,,,,0.11045558438697607,0.09666959503219201,nan
c8f1aeed,c8f1aeed,317,504,1,single-session-assistant,FULL96,4.0,1.0,1.0,0.0,1.0,1.0,0.0,0.11045558438697607,0.09666959503219201,nan
c960da58,c960da58,318,504,1,single-session-user,LOW48,0.25,0.0,1.0,-1.0,0.0,1.0,-1.0,0.06232290491433605,0.07203585991055779,0.11608149082688968
c960da58,c960da58,318,504,1,single-session-user,LOW48,0.5,0.0,1.0,-1.0,,,,0.06232290491433605,0.07203585991055779,0.11608149082688968
c960da58,c960da58,318,504,1,single-session-user,LOW48,1.0,0.0,1.0,-1.0,0.0,1.0,-1.0,0.06232290491433605,0.07203585991055779,0.11608149082688968
c960da58,c960da58,318,504,1,single-session-user,LOW48,2.0,0.0,1.0,-1.0,,,,0.06232290491433605,0.07203585991055779,0.11608149082688968
c960da58,c960da58,318,504,1,single-session-user,LOW48,4.0,0.0,1.0,-1.0,0.0,1.0,-1.0,0.06232290491433605,0.07203585991055779,0.11608149082688968
c960da58,c960da58,318,504,1,single-session-user,HIGH48,0.25,0.0,1.0,-1.0,0.0,1.0,-1.0,0.06232290491433605,0.11608149082688968,0.07203585991055779
c960da58,c960da58,318,504,1,single-session-user,HIGH48,0.5,0.0,1.0,-1.0,,,,0.06232290491433605,0.11608149082688968,0.07203585991055779
c960da58,c960da58,318,504,1,single-session-user,HIGH48,1.0,0.0,1.0,-1.0,0.0,1.0,-1.0,0.06232290491433605,0.11608149082688968,0.07203585991055779
c960da58,c960da58,318,504,1,single-session-user,HIGH48,2.0,0.0,1.0,-1.0,,,,0.06232290491433605,0.11608149082688968,0.07203585991055779
c960da58,c960da58,318,504,1,single-session-user,HIGH48,4.0,0.0,1.0,-1.0,0.0,1.0,-1.0,0.06232290491433605,0.11608149082688968,0.07203585991055779
c960da58,c960da58,318,504,1,single-session-user,FULL96,0.25,0.0,1.0,-1.0,0.0,1.0,-1.0,0.06232290491433605,0.0966024782954526,nan
c960da58,c960da58,318,504,1,single-session-user,FULL96,0.5,0.0,1.0,-1.0,,,,0.06232290491433605,0.0966024782954526,nan
c960da58,c960da58,318,504,1,single-session-user,FULL96,1.0,0.0,1.0,-1.0,0.0,1.0,-1.0,0.06232290491433605,0.0966024782954526,nan
c960da58,c960da58,318,504,1,single-session-user,FULL96,2.0,0.0,1.0,-1.0,,,,0.06232290491433605,0.0966024782954526,nan
c960da58,c960da58,318,504,1,single-session-user,FULL96,4.0,0.0,1.0,-1.0,0.0,1.0,-1.0,0.06232290491433605,0.0966024782954526,nan
c9f37c46,c9f37c46,319,511,2,temporal-reasoning,LOW48,0.25,1.0,0.5,0.5,1.0,0.5,0.5,0.05443696218534182,0.07812439143511515,0.11115276704893862
c9f37c46,c9f37c46,319,511,2,temporal-reasoning,LOW48,0.5,1.0,0.5,0.5,,,,0.05443696218534182,0.07812439143511515,0.11115276704893862
c9f37c46,c9f37c46,319,511,2,temporal-reasoning,LOW48,1.0,1.0,0.5,0.5,1.0,0.5,0.5,0.05443696218534182,0.07812439143511515,0.11115276704893862
c9f37c46,c9f37c46,319,511,2,temporal-reasoning,LOW48,2.0,1.0,0.5,0.5,,,,0.05443696218534182,0.07812439143511515,0.11115276704893862
c9f37c46,c9f37c46,319,511,2,temporal-reasoning,LOW48,4.0,1.0,0.5,0.5,1.0,0.5,0.5,0.05443696218534182,0.07812439143511515,0.11115276704893862
c9f37c46,c9f37c46,319,511,2,temporal-reasoning,HIGH48,0.25,1.0,0.5,0.5,1.0,0.5,0.5,0.05443696218534182,0.1111527670489386,0.07812439143511515
c9f37c46,c9f37c46,319,511,2,temporal-reasoning,HIGH48,0.5,1.0,0.5,0.5,,,,0.05443696218534182,0.1111527670489386,0.07812439143511515
c9f37c46,c9f37c46,319,511,2,temporal-reasoning,HIGH48,1.0,1.0,0.5,0.5,1.0,0.5,0.5,0.05443696218534182,0.1111527670489386,0.07812439143511515
c9f37c46,c9f37c46,319,511,2,temporal-reasoning,HIGH48,2.0,1.0,0.5,0.5,,,,0.05443696218534182,0.1111527670489386,0.07812439143511515
c9f37c46,c9f37c46,319,511,2,temporal-reasoning,HIGH48,4.0,1.0,0.5,0.5,1.0,0.5,0.5,0.05443696218534182,0.1111527670489386,0.07812439143511515
c9f37c46,c9f37c46,319,511,2,temporal-reasoning,FULL96,0.25,1.0,0.5,0.5,1.0,0.5,0.5,0.05443696218534182,0.09606861651898269,nan
c9f37c46,c9f37c46,319,511,2,temporal-reasoning,FULL96,0.5,1.0,0.5,0.5,,,,0.05443696218534182,0.09606861651898269,nan
c9f37c46,c9f37c46,319,511,2,temporal-reasoning,FULL96,1.0,1.0,0.5,0.5,1.0,0.5,0.5,0.05443696218534182,0.09606861651898269,nan
c9f37c46,c9f37c46,319,511,2,temporal-reasoning,FULL96,2.0,1.0,0.5,0.5,,,,0.05443696218534182,0.09606861651898269,nan
c9f37c46,c9f37c46,319,511,2,temporal-reasoning,FULL96,4.0,1.0,0.5,0.5,1.0,0.5,0.5,0.05443696218534182,0.09606861651898269,nan
caf03d32,caf03d32,320,493,2,single-session-preference,LOW48,0.25,1.0,1.0,0.0,1.0,1.0,0.0,0.06322813608832599,0.0714540812749974,0.11653267411892361
caf03d32,caf03d32,320,493,2,single-session-preference,LOW48,0.5,1.0,1.0,0.0,,,,0.06322813608832599,0.0714540812749974,0.11653267411892361
caf03d32,caf03d32,320,493,2,single-session-preference,LOW48,1.0,1.0,1.0,0.0,1.0,1.0,0.0,0.06322813608832599,0.0714540812749974,0.11653267411892361
caf03d32,caf03d32,320,493,2,single-session-preference,LOW48,2.0,1.0,1.0,0.0,,,,0.06322813608832599,0.0714540812749974,0.11653267411892361
caf03d32,caf03d32,320,493,2,single-session-preference,LOW48,4.0,1.0,1.0,0.0,1.0,1.0,0.0,0.06322813608832599,0.0714540812749974,0.11653267411892361
caf03d32,caf03d32,320,493,2,single-session-preference,HIGH48,0.25,1.0,1.0,0.0,1.0,1.0,0.0,0.06322813608832599,0.11653267411892362,0.0714540812749974
caf03d32,caf03d32,320,493,2,single-session-preference,HIGH48,0.5,1.0,1.0,0.0,,,,0.06322813608832599,0.11653267411892362,0.0714540812749974
caf03d32,caf03d32,320,493,2,single-session-preference,HIGH48,1.0,1.0,1.0,0.0,1.0,1.0,0.0,0.06322813608832599,0.11653267411892362,0.0714540812749974
caf03d32,caf03d32,320,493,2,single-session-preference,HIGH48,2.0,1.0,1.0,0.0,,,,0.06322813608832599,0.11653267411892362,0.0714540812749974
caf03d32,caf03d32,320,493,2,single-session-preference,HIGH48,4.0,1.0,1.0,0.0,1.0,1.0,0.0,0.06322813608832599,0.11653267411892362,0.0714540812749974
caf03d32,caf03d32,320,493,2,single-session-preference,FULL96,0.25,1.0,1.0,0.0,1.0,1.0,0.0,0.06322813608832599,0.09665803088249104,nan
caf03d32,caf03d32,320,493,2,single-session-preference,FULL96,0.5,1.0,1.0,0.0,,,,0.06322813608832599,0.09665803088249104,nan
caf03d32,caf03d32,320,493,2,single-session-preference,FULL96,1.0,1.0,1.0,0.0,1.0,1.0,0.0,0.06322813608832599,0.09665803088249104,nan
caf03d32,caf03d32,320,493,2,single-session-preference,FULL96,2.0,1.0,1.0,0.0,,,,0.06322813608832599,0.09665803088249104,nan
caf03d32,caf03d32,320,493,2,single-session-preference,FULL96,4.0,1.0,1.0,0.0,1.0,1.0,0.0,0.06322813608832599,0.09665803088249104,nan
caf9ead2,caf9ead2,321,466,1,single-session-user,LOW48,0.25,1.0,1.0,0.0,1.0,1.0,0.0,0.12058314726647938,0.07445494278489119,0.11440954050112653
caf9ead2,caf9ead2,321,466,1,single-session-user,LOW48,0.5,1.0,0.0,1.0,,,,0.12058314726647938,0.07445494278489119,0.11440954050112653
caf9ead2,caf9ead2,321,466,1,single-session-user,LOW48,1.0,1.0,0.0,1.0,1.0,0.0,1.0,0.12058314726647938,0.07445494278489119,0.11440954050112653
caf9ead2,caf9ead2,321,466,1,single-session-user,LOW48,2.0,1.0,1.0,0.0,,,,0.12058314726647938,0.07445494278489119,0.11440954050112653
caf9ead2,caf9ead2,321,466,1,single-session-user,LOW48,4.0,1.0,1.0,0.0,1.0,1.0,0.0,0.12058314726647938,0.07445494278489119,0.11440954050112653
caf9ead2,caf9ead2,321,466,1,single-session-user,HIGH48,0.25,1.0,1.0,0.0,1.0,1.0,0.0,0.12058314726647938,0.11440954050112653,0.07445494278489119
caf9ead2,caf9ead2,321,466,1,single-session-user,HIGH48,0.5,1.0,1.0,0.0,,,,0.12058314726647938,0.11440954050112653,0.07445494278489119
caf9ead2,caf9ead2,321,466,1,single-session-user,HIGH48,1.0,1.0,0.0,1.0,1.0,0.0,1.0,0.12058314726647938,0.11440954050112653,0.07445494278489119
caf9ead2,caf9ead2,321,466,1,single-session-user,HIGH48,2.0,1.0,0.0,1.0,,,,0.12058314726647938,0.11440954050112653,0.07445494278489119
caf9ead2,caf9ead2,321,466,1,single-session-user,HIGH48,4.0,1.0,1.0,0.0,1.0,1.0,0.0,0.12058314726647938,0.11440954050112653,0.07445494278489119
caf9ead2,caf9ead2,321,466,1,single-session-user,FULL96,0.25,1.0,0.0,1.0,1.0,0.0,1.0,0.12058314726647938,0.09652222920856193,nan
caf9ead2,caf9ead2,321,466,1,single-session-user,FULL96,0.5,1.0,0.0,1.0,,,,0.12058314726647938,0.09652222920856193,nan
caf9ead2,caf9ead2,321,466,1,single-session-user,FULL96,1.0,1.0,0.0,1.0,1.0,0.0,1.0,0.12058314726647938,0.09652222920856193,nan
caf9ead2,caf9ead2,321,466,1,single-session-user,FULL96,2.0,1.0,0.0,1.0,,,,0.12058314726647938,0.09652222920856193,nan
caf9ead2,caf9ead2,321,466,1,single-session-user,FULL96,4.0,1.0,0.0,1.0,1.0,0.0,1.0,0.12058314726647938,0.09652222920856193,nan
cc06de0d,cc06de0d,322,462,2,multi-session,LOW48,0.25,0.5,0.5,0.0,0.5,0.5,0.0,0.11976267755535076,0.0708719575691865,0.1165820067238626
cc06de0d,cc06de0d,322,462,2,multi-session,LOW48,0.5,0.5,0.5,0.0,,,,0.11976267755535076,0.0708719575691865,0.1165820067238626
cc06de0d,cc06de0d,322,462,2,multi-session,LOW48,1.0,0.5,0.0,0.5,0.5,0.0,0.5,0.11976267755535076,0.0708719575691865,0.1165820067238626
cc06de0d,cc06de0d,322,462,2,multi-session,LOW48,2.0,0.5,0.0,0.5,,,,0.11976267755535076,0.0708719575691865,0.1165820067238626
cc06de0d,cc06de0d,322,462,2,multi-session,LOW48,4.0,0.5,0.0,0.5,0.5,0.0,0.5,0.11976267755535076,0.0708719575691865,0.1165820067238626
cc06de0d,cc06de0d,322,462,2,multi-session,HIGH48,0.25,0.5,0.0,0.5,0.5,0.0,0.5,0.11976267755535076,0.11658200672386258,0.0708719575691865
cc06de0d,cc06de0d,322,462,2,multi-session,HIGH48,0.5,0.5,0.0,0.5,,,,0.11976267755535076,0.11658200672386258,0.0708719575691865
cc06de0d,cc06de0d,322,462,2,multi-session,HIGH48,1.0,0.5,0.0,0.5,0.5,0.0,0.5,0.11976267755535076,0.11658200672386258,0.0708719575691865
cc06de0d,cc06de0d,322,462,2,multi-session,HIGH48,2.0,0.5,0.5,0.0,,,,0.11976267755535076,0.11658200672386258,0.0708719575691865
cc06de0d,cc06de0d,322,462,2,multi-session,HIGH48,4.0,0.5,0.5,0.0,0.5,0.5,0.0,0.11976267755535076,0.11658200672386258,0.0708719575691865
cc06de0d,cc06de0d,322,462,2,multi-session,FULL96,0.25,0.5,0.0,0.5,0.5,0.0,0.5,0.11976267755535076,0.09647330890316583,nan
cc06de0d,cc06de0d,322,462,2,multi-session,FULL96,0.5,0.5,0.0,0.5,,,,0.11976267755535076,0.09647330890316583,nan
cc06de0d,cc06de0d,322,462,2,multi-session,FULL96,1.0,0.5,0.0,0.5,0.5,0.0,0.5,0.11976267755535076,0.09647330890316583,nan
cc06de0d,cc06de0d,322,462,2,multi-session,FULL96,2.0,0.5,0.0,0.5,,,,0.11976267755535076,0.09647330890316583,nan
cc06de0d,cc06de0d,322,462,2,multi-session,FULL96,4.0,0.5,0.0,0.5,0.5,0.0,0.5,0.11976267755535076,0.09647330890316583,nan
cc539528,cc539528,323,496,1,single-session-assistant,LOW48,0.25,1.0,1.0,0.0,1.0,1.0,0.0,0.19231790176731742,0.06967936269227713,0.11746072123676823
cc539528,cc539528,323,496,1,single-session-assistant,LOW48,0.5,1.0,1.0,0.0,,,,0.19231790176731742,0.06967936269227713,0.11746072123676823
cc539528,cc539528,323,496,1,single-session-assistant,LOW48,1.0,1.0,1.0,0.0,1.0,1.0,0.0,0.19231790176731742,0.06967936269227713,0.11746072123676823
cc539528,cc539528,323,496,1,single-session-assistant,LOW48,2.0,1.0,0.0,1.0,,,,0.19231790176731742,0.06967936269227713,0.11746072123676823
cc539528,cc539528,323,496,1,single-session-assistant,LOW48,4.0,1.0,0.0,1.0,1.0,0.0,1.0,0.19231790176731742,0.06967936269227713,0.11746072123676823
cc539528,cc539528,323,496,1,single-session-assistant,HIGH48,0.25,1.0,0.0,1.0,1.0,0.0,1.0,0.19231790176731742,0.11746072123676823,0.06967936269227715
cc539528,cc539528,323,496,1,single-session-assistant,HIGH48,0.5,1.0,0.0,1.0,,,,0.19231790176731742,0.11746072123676823,0.06967936269227715
cc539528,cc539528,323,496,1,single-session-assistant,HIGH48,1.0,1.0,1.0,0.0,1.0,1.0,0.0,0.19231790176731742,0.11746072123676823,0.06967936269227715
cc539528,cc539528,323,496,1,single-session-assistant,HIGH48,2.0,1.0,1.0,0.0,,,,0.19231790176731742,0.11746072123676823,0.06967936269227715
cc539528,cc539528,323,496,1,single-session-assistant,HIGH48,4.0,1.0,1.0,0.0,1.0,1.0,0.0,0.19231790176731742,0.11746072123676823,0.06967936269227715
cc539528,cc539528,323,496,1,single-session-assistant,FULL96,0.25,1.0,1.0,0.0,1.0,1.0,0.0,0.19231790176731742,0.09657182461428301,nan
cc539528,cc539528,323,496,1,single-session-assistant,FULL96,0.5,1.0,1.0,0.0,,,,0.19231790176731742,0.09657182461428301,nan
cc539528,cc539528,323,496,1,single-session-assistant,FULL96,1.0,1.0,1.0,0.0,1.0,1.0,0.0,0.19231790176731742,0.09657182461428301,nan
cc539528,cc539528,323,496,1,single-session-assistant,FULL96,2.0,1.0,1.0,0.0,,,,0.19231790176731742,0.09657182461428301,nan
cc539528,cc539528,323,496,1,single-session-assistant,FULL96,4.0,1.0,1.0,0.0,1.0,1.0,0.0,0.19231790176731742,0.09657182461428301,nan
cc5ded98,cc5ded98,324,493,2,knowledge-update,LOW48,0.25,0.5,0.5,0.0,0.5,0.5,0.0,0.06901913768012069,0.06426682997880291,0.12076893091426105
cc5ded98,cc5ded98,324,493,2,knowledge-update,LOW48,0.5,0.5,0.5,0.0,,,,0.06901913768012069,0.06426682997880291,0.12076893091426105
cc5ded98,cc5ded98,324,493,2,knowledge-update,LOW48,1.0,0.5,0.5,0.0,0.5,0.5,0.0,0.06901913768012069,0.06426682997880291,0.12076893091426105
cc5ded98,cc5ded98,324,493,2,knowledge-update,LOW48,2.0,0.5,1.0,-0.5,,,,0.06901913768012069,0.06426682997880291,0.12076893091426105
cc5ded98,cc5ded98,324,493,2,knowledge-update,LOW48,4.0,0.5,0.5,0.0,0.5,0.5,0.0,0.06901913768012069,0.06426682997880291,0.12076893091426105
cc5ded98,cc5ded98,324,493,2,knowledge-update,HIGH48,0.25,0.5,0.5,0.0,0.5,0.5,0.0,0.06901913768012069,0.12076893091426105,0.06426682997880291
cc5ded98,cc5ded98,324,493,2,knowledge-update,HIGH48,0.5,0.5,1.0,-0.5,,,,0.06901913768012069,0.12076893091426105,0.06426682997880291
cc5ded98,cc5ded98,324,493,2,knowledge-update,HIGH48,1.0,0.5,0.5,0.0,0.5,0.5,0.0,0.06901913768012069,0.12076893091426105,0.06426682997880291
cc5ded98,cc5ded98,324,493,2,knowledge-update,HIGH48,2.0,0.5,0.5,0.0,,,,0.06901913768012069,0.12076893091426105,0.06426682997880291
cc5ded98,cc5ded98,324,493,2,knowledge-update,HIGH48,4.0,0.5,0.5,0.0,0.5,0.5,0.0,0.06901913768012069,0.12076893091426105,0.06426682997880291
cc5ded98,cc5ded98,324,493,2,knowledge-update,FULL96,0.25,0.5,0.5,0.0,0.5,0.5,0.0,0.06901913768012069,0.09673510249567611,nan
cc5ded98,cc5ded98,324,493,2,knowledge-update,FULL96,0.5,0.5,0.5,0.0,,,,0.06901913768012069,0.09673510249567611,nan
cc5ded98,cc5ded98,324,493,2,knowledge-update,FULL96,1.0,0.5,0.5,0.0,0.5,0.5,0.0,0.06901913768012069,0.09673510249567611,nan
cc5ded98,cc5ded98,324,493,2,knowledge-update,FULL96,2.0,0.5,0.5,0.0,,,,0.06901913768012069,0.09673510249567611,nan
cc5ded98,cc5ded98,324,493,2,knowledge-update,FULL96,4.0,0.5,0.5,0.0,0.5,0.5,0.0,0.06901913768012069,0.09673510249567611,nan
cc6d1ec1,cc6d1ec1,325,457,2,temporal-reasoning,LOW48,0.25,0.75,1.0,-0.25,0.775,1.0,-0.22499999999999998,0.19444776236311312,0.07496095105705125,0.11403383075018914
cc6d1ec1,cc6d1ec1,325,457,2,temporal-reasoning,LOW48,0.5,0.75,1.0,-0.25,,,,0.19444776236311312,0.07496095105705125,0.11403383075018914
cc6d1ec1,cc6d1ec1,325,457,2,temporal-reasoning,LOW48,1.0,0.75,1.0,-0.25,0.775,1.0,-0.22499999999999998,0.19444776236311312,0.07496095105705125,0.11403383075018914
cc6d1ec1,cc6d1ec1,325,457,2,temporal-reasoning,LOW48,2.0,0.75,1.0,-0.25,,,,0.19444776236311312,0.07496095105705125,0.11403383075018914
cc6d1ec1,cc6d1ec1,325,457,2,temporal-reasoning,LOW48,4.0,0.75,1.0,-0.25,0.775,1.0,-0.22499999999999998,0.19444776236311312,0.07496095105705125,0.11403383075018914
cc6d1ec1,cc6d1ec1,325,457,2,temporal-reasoning,HIGH48,0.25,0.75,1.0,-0.25,0.775,1.0,-0.22499999999999998,0.19444776236311312,0.11403383075018914,0.07496095105705125
cc6d1ec1,cc6d1ec1,325,457,2,temporal-reasoning,HIGH48,0.5,0.75,1.0,-0.25,,,,0.19444776236311312,0.11403383075018914,0.07496095105705125
cc6d1ec1,cc6d1ec1,325,457,2,temporal-reasoning,HIGH48,1.0,0.75,1.0,-0.25,0.775,1.0,-0.22499999999999998,0.19444776236311312,0.11403383075018914,0.07496095105705125
cc6d1ec1,cc6d1ec1,325,457,2,temporal-reasoning,HIGH48,2.0,0.75,1.0,-0.25,,,,0.19444776236311312,0.11403383075018914,0.07496095105705125
cc6d1ec1,cc6d1ec1,325,457,2,temporal-reasoning,HIGH48,4.0,0.75,1.0,-0.25,0.775,1.0,-0.22499999999999998,0.19444776236311312,0.11403383075018914,0.07496095105705125
cc6d1ec1,cc6d1ec1,325,457,2,temporal-reasoning,FULL96,0.25,0.75,1.0,-0.25,0.775,1.0,-0.22499999999999998,0.19444776236311312,0.09649574793466398,nan
cc6d1ec1,cc6d1ec1,325,457,2,temporal-reasoning,FULL96,0.5,0.75,1.0,-0.25,,,,0.19444776236311312,0.09649574793466398,nan
cc6d1ec1,cc6d1ec1,325,457,2,temporal-reasoning,FULL96,1.0,0.75,1.0,-0.25,0.775,1.0,-0.22499999999999998,0.19444776236311312,0.09649574793466398,nan
cc6d1ec1,cc6d1ec1,325,457,2,temporal-reasoning,FULL96,2.0,0.75,1.0,-0.25,,,,0.19444776236311312,0.09649574793466398,nan
cc6d1ec1,cc6d1ec1,325,457,2,temporal-reasoning,FULL96,4.0,0.75,1.0,-0.25,0.775,1.0,-0.22499999999999998,0.19444776236311312,0.09649574793466398,nan
ccb36322,ccb36322,326,471,1,single-session-user,LOW48,0.25,0.0,0.0,0.0,0.0,0.0,0.0,0.060161963514464865,0.07292112591126312,0.1157476875480722
ccb36322,ccb36322,326,471,1,single-session-user,LOW48,0.5,0.0,0.0,0.0,,,,0.060161963514464865,0.07292112591126312,0.1157476875480722
ccb36322,ccb36322,326,471,1,single-session-user,LOW48,1.0,0.0,0.0,0.0,0.0,0.0,0.0,0.060161963514464865,0.07292112591126312,0.1157476875480722
ccb36322,ccb36322,326,471,1,single-session-user,LOW48,2.0,0.0,0.0,0.0,,,,0.060161963514464865,0.07292112591126312,0.1157476875480722
ccb36322,ccb36322,326,471,1,single-session-user,LOW48,4.0,0.0,0.0,0.0,0.0,0.0,0.0,0.060161963514464865,0.07292112591126312,0.1157476875480722
ccb36322,ccb36322,326,471,1,single-session-user,HIGH48,0.25,0.0,0.0,0.0,0.0,0.0,0.0,0.060161963514464865,0.1157476875480722,0.07292112591126312
ccb36322,ccb36322,326,471,1,single-session-user,HIGH48,0.5,0.0,0.0,0.0,,,,0.060161963514464865,0.1157476875480722,0.07292112591126312
ccb36322,ccb36322,326,471,1,single-session-user,HIGH48,1.0,0.0,0.0,0.0,0.0,0.0,0.0,0.060161963514464865,0.1157476875480722,0.07292112591126312
ccb36322,ccb36322,326,471,1,single-session-user,HIGH48,2.0,0.0,0.0,0.0,,,,0.060161963514464865,0.1157476875480722,0.07292112591126312
ccb36322,ccb36322,326,471,1,single-session-user,HIGH48,4.0,0.0,0.0,0.0,0.0,0.0,0.0,0.060161963514464865,0.1157476875480722,0.07292112591126312
ccb36322,ccb36322,326,471,1,single-session-user,FULL96,0.25,0.0,0.0,0.0,0.0,0.0,0.0,0.060161963514464865,0.09673421777450945,nan
ccb36322,ccb36322,326,471,1,single-session-user,FULL96,0.5,0.0,0.0,0.0,,,,0.060161963514464865,0.09673421777450945,nan
ccb36322,ccb36322,326,471,1,single-session-user,FULL96,1.0,0.0,0.0,0.0,0.0,0.0,0.0,0.060161963514464865,0.09673421777450945,nan
ccb36322,ccb36322,326,471,1,single-session-user,FULL96,2.0,0.0,0.0,0.0,,,,0.060161963514464865,0.09673421777450945,nan
ccb36322,ccb36322,326,471,1,single-session-user,FULL96,4.0,0.0,0.0,0.0,0.0,0.0,0.0,0.060161963514464865,0.09673421777450945,nan
ce6d2d27,ce6d2d27,327,521,2,knowledge-update,LOW48,0.25,0.5,0.5,0.0,0.5,0.5,0.0,0.1407914109766435,0.08954549537287572,0.10333031633293341
ce6d2d27,ce6d2d27,327,521,2,knowledge-update,LOW48,0.5,0.5,0.5,0.0,,,,0.1407914109766435,0.08954549537287572,0.10333031633293341
ce6d2d27,ce6d2d27,327,521,2,knowledge-update,LOW48,1.0,0.5,0.5,0.0,0.5,0.5,0.0,0.1407914109766435,0.08954549537287572,0.10333031633293341
ce6d2d27,ce6d2d27,327,521,2,knowledge-update,LOW48,2.0,0.5,0.5,0.0,,,,0.1407914109766435,0.08954549537287572,0.10333031633293341
ce6d2d27,ce6d2d27,327,521,2,knowledge-update,LOW48,4.0,0.5,0.5,0.0,0.5,0.5,0.0,0.1407914109766435,0.08954549537287572,0.10333031633293341
ce6d2d27,ce6d2d27,327,521,2,knowledge-update,HIGH48,0.25,0.5,0.5,0.0,0.5,0.5,0.0,0.1407914109766435,0.10333031633293341,0.08954549537287572
ce6d2d27,ce6d2d27,327,521,2,knowledge-update,HIGH48,0.5,0.5,0.5,0.0,,,,0.1407914109766435,0.10333031633293341,0.08954549537287572
ce6d2d27,ce6d2d27,327,521,2,knowledge-update,HIGH48,1.0,0.5,0.5,0.0,0.5,0.5,0.0,0.1407914109766435,0.10333031633293341,0.08954549537287572
ce6d2d27,ce6d2d27,327,521,2,knowledge-update,HIGH48,2.0,0.5,0.5,0.0,,,,0.1407914109766435,0.10333031633293341,0.08954549537287572
ce6d2d27,ce6d2d27,327,521,2,knowledge-update,HIGH48,4.0,0.5,0.5,0.0,0.5,0.5,0.0,0.1407914109766435,0.10333031633293341,0.08954549537287572
ce6d2d27,ce6d2d27,327,521,2,knowledge-update,FULL96,0.25,0.5,0.5,0.0,0.5,0.5,0.0,0.1407914109766435,0.09668389218230147,nan
ce6d2d27,ce6d2d27,327,521,2,knowledge-update,FULL96,0.5,0.5,0.5,0.0,,,,0.1407914109766435,0.09668389218230147,nan
ce6d2d27,ce6d2d27,327,521,2,knowledge-update,FULL96,1.0,0.5,0.5,0.0,0.5,0.5,0.0,0.1407914109766435,0.09668389218230147,nan
ce6d2d27,ce6d2d27,327,521,2,knowledge-update,FULL96,2.0,0.5,0.5,0.0,,,,0.1407914109766435,0.09668389218230147,nan
ce6d2d27,ce6d2d27,327,521,2,knowledge-update,FULL96,4.0,0.5,0.5,0.0,0.5,0.5,0.0,0.1407914109766435,0.09668389218230147,nan
ceb54acb,ceb54acb,328,493,1,single-session-assistant,LOW48,0.25,1.0,1.0,0.0,1.0,1.0,0.0,0.04101981875675247,0.08066773024233916,0.11035605680607889
ceb54acb,ceb54acb,328,493,1,single-session-assistant,LOW48,0.5,1.0,1.0,0.0,,,,0.04101981875675247,0.08066773024233916,0.11035605680607889
ceb54acb,ceb54acb,328,493,1,single-session-assistant,LOW48,1.0,1.0,1.0,0.0,1.0,1.0,0.0,0.04101981875675247,0.08066773024233916,0.11035605680607889
ceb54acb,ceb54acb,328,493,1,single-session-assistant,LOW48,2.0,1.0,1.0,0.0,,,,0.04101981875675247,0.08066773024233916,0.11035605680607889
ceb54acb,ceb54acb,328,493,1,single-session-assistant,LOW48,4.0,1.0,1.0,0.0,1.0,1.0,0.0,0.04101981875675247,0.08066773024233916,0.11035605680607889
ceb54acb,ceb54acb,328,493,1,single-session-assistant,HIGH48,0.25,1.0,1.0,0.0,1.0,1.0,0.0,0.04101981875675247,0.1103560568060789,0.08066773024233916
ceb54acb,ceb54acb,328,493,1,single-session-assistant,HIGH48,0.5,1.0,1.0,0.0,,,,0.04101981875675247,0.1103560568060789,0.08066773024233916
ceb54acb,ceb54acb,328,493,1,single-session-assistant,HIGH48,1.0,1.0,1.0,0.0,1.0,1.0,0.0,0.04101981875675247,0.1103560568060789,0.08066773024233916
ceb54acb,ceb54acb,328,493,1,single-session-assistant,HIGH48,2.0,1.0,1.0,0.0,,,,0.04101981875675247,0.1103560568060789,0.08066773024233916
ceb54acb,ceb54acb,328,493,1,single-session-assistant,HIGH48,4.0,1.0,1.0,0.0,1.0,1.0,0.0,0.04101981875675247,0.1103560568060789,0.08066773024233916
ceb54acb,ceb54acb,328,493,1,single-session-assistant,FULL96,0.25,1.0,1.0,0.0,1.0,1.0,0.0,0.04101981875675247,0.09665852775683403,nan
ceb54acb,ceb54acb,328,493,1,single-session-assistant,FULL96,0.5,1.0,1.0,0.0,,,,0.04101981875675247,0.09665852775683403,nan
ceb54acb,ceb54acb,328,493,1,single-session-assistant,FULL96,1.0,1.0,1.0,0.0,1.0,1.0,0.0,0.04101981875675247,0.09665852775683403,nan
ceb54acb,ceb54acb,328,493,1,single-session-assistant,FULL96,2.0,1.0,1.0,0.0,,,,0.04101981875675247,0.09665852775683403,nan
ceb54acb,ceb54acb,328,493,1,single-session-assistant,FULL96,4.0,1.0,1.0,0.0,1.0,1.0,0.0,0.04101981875675247,0.09665852775683403,nan
cf22b7bf,cf22b7bf,329,550,2,knowledge-update,LOW48,0.25,0.5,0.0,0.5,0.5,0.0,0.5,0.07876507258164661,0.06926110072179498,0.11767265407654404
cf22b7bf,cf22b7bf,329,550,2,knowledge-update,LOW48,0.5,0.5,0.0,0.5,,,,0.07876507258164661,0.06926110072179498,0.11767265407654404
cf22b7bf,cf22b7bf,329,550,2,knowledge-update,LOW48,1.0,0.5,0.0,0.5,0.5,0.0,0.5,0.07876507258164661,0.06926110072179498,0.11767265407654404
cf22b7bf,cf22b7bf,329,550,2,knowledge-update,LOW48,2.0,0.5,0.0,0.5,,,,0.07876507258164661,0.06926110072179498,0.11767265407654404
cf22b7bf,cf22b7bf,329,550,2,knowledge-update,LOW48,4.0,0.5,0.0,0.5,0.5,0.0,0.5,0.07876507258164661,0.06926110072179498,0.11767265407654404
cf22b7bf,cf22b7bf,329,550,2,knowledge-update,HIGH48,0.25,0.5,0.0,0.5,0.5,0.0,0.5,0.07876507258164661,0.11767265407654404,0.06926110072179498
cf22b7bf,cf22b7bf,329,550,2,knowledge-update,HIGH48,0.5,0.5,0.0,0.5,,,,0.07876507258164661,0.11767265407654404,0.06926110072179498
cf22b7bf,cf22b7bf,329,550,2,knowledge-update,HIGH48,1.0,0.5,0.0,0.5,0.5,0.0,0.5,0.07876507258164661,0.11767265407654404,0.06926110072179498
cf22b7bf,cf22b7bf,329,550,2,knowledge-update,HIGH48,2.0,0.5,0.0,0.5,,,,0.07876507258164661,0.11767265407654404,0.06926110072179498
cf22b7bf,cf22b7bf,329,550,2,knowledge-update,HIGH48,4.0,0.5,0.0,0.5,0.5,0.0,0.5,0.07876507258164661,0.11767265407654404,0.06926110072179498
cf22b7bf,cf22b7bf,329,550,2,knowledge-update,FULL96,0.25,0.5,0.0,0.5,0.5,0.0,0.5,0.07876507258164661,0.09655038474965448,nan
cf22b7bf,cf22b7bf,329,550,2,knowledge-update,FULL96,0.5,0.5,0.0,0.5,,,,0.07876507258164661,0.09655038474965448,nan
cf22b7bf,cf22b7bf,329,550,2,knowledge-update,FULL96,1.0,0.5,0.0,0.5,0.5,0.0,0.5,0.07876507258164661,0.09655038474965448,nan
cf22b7bf,cf22b7bf,329,550,2,knowledge-update,FULL96,2.0,0.5,0.0,0.5,,,,0.07876507258164661,0.09655038474965448,nan
cf22b7bf,cf22b7bf,329,550,2,knowledge-update,FULL96,4.0,0.5,0.0,0.5,0.5,0.0,0.5,0.07876507258164661,0.09655038474965448,nan
d01c6aa8,d01c6aa8,330,429,2,temporal-reasoning,LOW48,0.25,0.0,0.0,0.0,0.0,0.0,0.0,0.17455122969048853,0.09473471234938421,0.09812571817634946
d01c6aa8,d01c6aa8,330,429,2,temporal-reasoning,LOW48,0.5,0.0,0.0,0.0,,,,0.17455122969048853,0.09473471234938421,0.09812571817634946
d01c6aa8,d01c6aa8,330,429,2,temporal-reasoning,LOW48,1.0,0.0,0.0,0.0,0.0,0.0,0.0,0.17455122969048853,0.09473471234938421,0.09812571817634946
d01c6aa8,d01c6aa8,330,429,2,temporal-reasoning,LOW48,2.0,0.0,0.5,-0.5,,,,0.17455122969048853,0.09473471234938421,0.09812571817634946
d01c6aa8,d01c6aa8,330,429,2,temporal-reasoning,LOW48,4.0,0.0,0.0,0.0,0.0,0.0,0.0,0.17455122969048853,0.09473471234938421,0.09812571817634946
d01c6aa8,d01c6aa8,330,429,2,temporal-reasoning,HIGH48,0.25,0.0,0.0,0.0,0.0,0.0,0.0,0.17455122969048853,0.09812571817634946,0.09473471234938421
d01c6aa8,d01c6aa8,330,429,2,temporal-reasoning,HIGH48,0.5,0.0,0.5,-0.5,,,,0.17455122969048853,0.09812571817634946,0.09473471234938421
d01c6aa8,d01c6aa8,330,429,2,temporal-reasoning,HIGH48,1.0,0.0,0.0,0.0,0.0,0.0,0.0,0.17455122969048853,0.09812571817634946,0.09473471234938421
d01c6aa8,d01c6aa8,330,429,2,temporal-reasoning,HIGH48,2.0,0.0,0.0,0.0,,,,0.17455122969048853,0.09812571817634946,0.09473471234938421
d01c6aa8,d01c6aa8,330,429,2,temporal-reasoning,HIGH48,4.0,0.0,0.0,0.0,0.0,0.0,0.0,0.17455122969048853,0.09812571817634946,0.09473471234938421
d01c6aa8,d01c6aa8,330,429,2,temporal-reasoning,FULL96,0.25,0.0,0.0,0.0,0.0,0.0,0.0,0.17455122969048853,0.09644511986499091,nan
d01c6aa8,d01c6aa8,330,429,2,temporal-reasoning,FULL96,0.5,0.0,0.0,0.0,,,,0.17455122969048853,0.09644511986499091,nan
d01c6aa8,d01c6aa8,330,429,2,temporal-reasoning,FULL96,1.0,0.0,0.0,0.0,0.0,0.0,0.0,0.17455122969048853,0.09644511986499091,nan
d01c6aa8,d01c6aa8,330,429,2,temporal-reasoning,FULL96,2.0,0.0,0.0,0.0,,,,0.17455122969048853,0.09644511986499091,nan
d01c6aa8,d01c6aa8,330,429,2,temporal-reasoning,FULL96,4.0,0.0,0.0,0.0,0.0,0.0,0.0,0.17455122969048853,0.09644511986499091,nan
d23cf73b,d23cf73b,331,512,4,multi-session,LOW48,0.25,0.0,0.0,0.0,0.0,0.0,0.0,0.07551550201896012,0.05852228108500245,0.12350729122969471
d23cf73b,d23cf73b,331,512,4,multi-session,LOW48,0.5,0.0,0.0,0.0,,,,0.07551550201896012,0.05852228108500245,0.12350729122969471
d23cf73b,d23cf73b,331,512,4,multi-session,LOW48,1.0,0.0,0.0,0.0,0.0,0.0,0.0,0.07551550201896012,0.05852228108500245,0.12350729122969471
d23cf73b,d23cf73b,331,512,4,multi-session,LOW48,2.0,0.0,0.0,0.0,,,,0.07551550201896012,0.05852228108500245,0.12350729122969471
d23cf73b,d23cf73b,331,512,4,multi-session,LOW48,4.0,0.0,0.0,0.0,0.0,0.0,0.0,0.07551550201896012,0.05852228108500245,0.12350729122969471
d23cf73b,d23cf73b,331,512,4,multi-session,HIGH48,0.25,0.0,0.0,0.0,0.0,0.0,0.0,0.07551550201896012,0.1235072912296947,0.05852228108500245
d23cf73b,d23cf73b,331,512,4,multi-session,HIGH48,0.5,0.0,0.0,0.0,,,,0.07551550201896012,0.1235072912296947,0.05852228108500245
d23cf73b,d23cf73b,331,512,4,multi-session,HIGH48,1.0,0.0,0.0,0.0,0.0,0.0,0.0,0.07551550201896012,0.1235072912296947,0.05852228108500245
d23cf73b,d23cf73b,331,512,4,multi-session,HIGH48,2.0,0.0,0.0,0.0,,,,0.07551550201896012,0.1235072912296947,0.05852228108500245
d23cf73b,d23cf73b,331,512,4,multi-session,HIGH48,4.0,0.0,0.0,0.0,0.0,0.0,0.0,0.07551550201896012,0.1235072912296947,0.05852228108500245
d23cf73b,d23cf73b,331,512,4,multi-session,FULL96,0.25,0.0,0.0,0.0,0.0,0.0,0.0,0.07551550201896012,0.09664085153362593,nan
d23cf73b,d23cf73b,331,512,4,multi-session,FULL96,0.5,0.0,0.0,0.0,,,,0.07551550201896012,0.09664085153362593,nan
d23cf73b,d23cf73b,331,512,4,multi-session,FULL96,1.0,0.0,0.0,0.0,0.0,0.0,0.0,0.07551550201896012,0.09664085153362593,nan
d23cf73b,d23cf73b,331,512,4,multi-session,FULL96,2.0,0.0,0.0,0.0,,,,0.07551550201896012,0.09664085153362593,nan
d23cf73b,d23cf73b,331,512,4,multi-session,FULL96,4.0,0.0,0.0,0.0,0.0,0.0,0.0,0.07551550201896012,0.09664085153362593,nan
d24813b1,d24813b1,332,485,1,single-session-preference,LOW48,0.25,1.0,0.0,1.0,1.0,0.0,1.0,0.06542497196300891,0.0814148672183797,0.10980627269281279
d24813b1,d24813b1,332,485,1,single-session-preference,LOW48,0.5,1.0,0.0,1.0,,,,0.06542497196300891,0.0814148672183797,0.10980627269281279
d24813b1,d24813b1,332,485,1,single-session-preference,LOW48,1.0,1.0,0.0,1.0,1.0,0.0,1.0,0.06542497196300891,0.0814148672183797,0.10980627269281279
d24813b1,d24813b1,332,485,1,single-session-preference,LOW48,2.0,1.0,0.0,1.0,,,,0.06542497196300891,0.0814148672183797,0.10980627269281279
d24813b1,d24813b1,332,485,1,single-session-preference,LOW48,4.0,1.0,0.0,1.0,1.0,0.0,1.0,0.06542497196300891,0.0814148672183797,0.10980627269281279
d24813b1,d24813b1,332,485,1,single-session-preference,HIGH48,0.25,1.0,0.0,1.0,1.0,0.0,1.0,0.06542497196300891,0.10980627269281279,0.0814148672183797
d24813b1,d24813b1,332,485,1,single-session-preference,HIGH48,0.5,1.0,0.0,1.0,,,,0.06542497196300891,0.10980627269281279,0.0814148672183797
d24813b1,d24813b1,332,485,1,single-session-preference,HIGH48,1.0,1.0,0.0,1.0,1.0,0.0,1.0,0.06542497196300891,0.10980627269281279,0.0814148672183797
d24813b1,d24813b1,332,485,1,single-session-preference,HIGH48,2.0,1.0,0.0,1.0,,,,0.06542497196300891,0.10980627269281279,0.0814148672183797
d24813b1,d24813b1,332,485,1,single-session-preference,HIGH48,4.0,1.0,0.0,1.0,1.0,0.0,1.0,0.06542497196300891,0.10980627269281279,0.0814148672183797
d24813b1,d24813b1,332,485,1,single-session-preference,FULL96,0.25,1.0,0.0,1.0,1.0,0.0,1.0,0.06542497196300891,0.09665867298611844,nan
d24813b1,d24813b1,332,485,1,single-session-preference,FULL96,0.5,1.0,0.0,1.0,,,,0.06542497196300891,0.09665867298611844,nan
d24813b1,d24813b1,332,485,1,single-session-preference,FULL96,1.0,1.0,0.0,1.0,1.0,0.0,1.0,0.06542497196300891,0.09665867298611844,nan
d24813b1,d24813b1,332,485,1,single-session-preference,FULL96,2.0,1.0,0.0,1.0,,,,0.06542497196300891,0.09665867298611844,nan
d24813b1,d24813b1,332,485,1,single-session-preference,FULL96,4.0,1.0,0.0,1.0,1.0,0.0,1.0,0.06542497196300891,0.09665867298611844,nan
d3ab962e,d3ab962e,333,530,2,multi-session,LOW48,0.25,0.5,0.5,0.0,0.5,0.5,0.0,0.09826478248486469,0.06145175081409914,0.12148438102681912
d3ab962e,d3ab962e,333,530,2,multi-session,LOW48,0.5,0.5,0.5,0.0,,,,0.09826478248486469,0.06145175081409914,0.12148438102681912
d3ab962e,d3ab962e,333,530,2,multi-session,LOW48,1.0,0.5,0.5,0.0,0.5,0.5,0.0,0.09826478248486469,0.06145175081409914,0.12148438102681912
d3ab962e,d3ab962e,333,530,2,multi-session,LOW48,2.0,0.5,0.5,0.0,,,,0.09826478248486469,0.06145175081409914,0.12148438102681912
d3ab962e,d3ab962e,333,530,2,multi-session,LOW48,4.0,0.5,0.5,0.0,0.5,0.5,0.0,0.09826478248486469,0.06145175081409914,0.12148438102681912
d3ab962e,d3ab962e,333,530,2,multi-session,HIGH48,0.25,0.5,0.5,0.0,0.5,0.5,0.0,0.09826478248486469,0.12148438102681912,0.06145175081409914
d3ab962e,d3ab962e,333,530,2,multi-session,HIGH48,0.5,0.5,0.5,0.0,,,,0.09826478248486469,0.12148438102681912,0.06145175081409914
d3ab962e,d3ab962e,333,530,2,multi-session,HIGH48,1.0,0.5,0.5,0.0,0.5,0.5,0.0,0.09826478248486469,0.12148438102681912,0.06145175081409914
d3ab962e,d3ab962e,333,530,2,multi-session,HIGH48,2.0,0.5,0.5,0.0,,,,0.09826478248486469,0.12148438102681912,0.06145175081409914
d3ab962e,d3ab962e,333,530,2,multi-session,HIGH48,4.0,0.5,0.5,0.0,0.5,0.5,0.0,0.09826478248486469,0.12148438102681912,0.06145175081409914
d3ab962e,d3ab962e,333,530,2,multi-session,FULL96,0.25,0.5,0.5,0.0,0.5,0.5,0.0,0.09826478248486469,0.09626726471544599,nan
d3ab962e,d3ab962e,333,530,2,multi-session,FULL96,0.5,0.5,0.5,0.0,,,,0.09826478248486469,0.09626726471544599,nan
d3ab962e,d3ab962e,333,530,2,multi-session,FULL96,1.0,0.5,0.5,0.0,0.5,0.5,0.0,0.09826478248486469,0.09626726471544599,nan
d3ab962e,d3ab962e,333,530,2,multi-session,FULL96,2.0,0.5,0.5,0.0,,,,0.09826478248486469,0.09626726471544599,nan
d3ab962e,d3ab962e,333,530,2,multi-session,FULL96,4.0,0.5,0.5,0.0,0.5,0.5,0.0,0.09826478248486469,0.09626726471544599,nan
d52b4f67,d52b4f67,334,479,1,single-session-user,LOW48,0.25,1.0,1.0,0.0,1.0,1.0,0.0,0.10722340274674724,0.06678024206956501,0.11926411443500408
d52b4f67,d52b4f67,334,479,1,single-session-user,LOW48,0.5,1.0,1.0,0.0,,,,0.10722340274674724,0.06678024206956501,0.11926411443500408
d52b4f67,d52b4f67,334,479,1,single-session-user,LOW48,1.0,1.0,1.0,0.0,1.0,1.0,0.0,0.10722340274674724,0.06678024206956501,0.11926411443500408
d52b4f67,d52b4f67,334,479,1,single-session-user,LOW48,2.0,1.0,1.0,0.0,,,,0.10722340274674724,0.06678024206956501,0.11926411443500408
d52b4f67,d52b4f67,334,479,1,single-session-user,LOW48,4.0,1.0,1.0,0.0,1.0,1.0,0.0,0.10722340274674724,0.06678024206956501,0.11926411443500408
d52b4f67,d52b4f67,334,479,1,single-session-user,HIGH48,0.25,1.0,1.0,0.0,1.0,1.0,0.0,0.10722340274674724,0.11926411443500408,0.06678024206956501
d52b4f67,d52b4f67,334,479,1,single-session-user,HIGH48,0.5,1.0,1.0,0.0,,,,0.10722340274674724,0.11926411443500408,0.06678024206956501
d52b4f67,d52b4f67,334,479,1,single-session-user,HIGH48,1.0,1.0,1.0,0.0,1.0,1.0,0.0,0.10722340274674724,0.11926411443500408,0.06678024206956501
d52b4f67,d52b4f67,334,479,1,single-session-user,HIGH48,2.0,1.0,1.0,0.0,,,,0.10722340274674724,0.11926411443500408,0.06678024206956501
d52b4f67,d52b4f67,334,479,1,single-session-user,HIGH48,4.0,1.0,1.0,0.0,1.0,1.0,0.0,0.10722340274674724,0.11926411443500408,0.06678024206956501
d52b4f67,d52b4f67,334,479,1,single-session-user,FULL96,0.25,1.0,1.0,0.0,1.0,1.0,0.0,0.10722340274674724,0.09665280576071097,nan
d52b4f67,d52b4f67,334,479,1,single-session-user,FULL96,0.5,1.0,1.0,0.0,,,,0.10722340274674724,0.09665280576071097,nan
d52b4f67,d52b4f67,334,479,1,single-session-user,FULL96,1.0,1.0,1.0,0.0,1.0,1.0,0.0,0.10722340274674724,0.09665280576071097,nan
d52b4f67,d52b4f67,334,479,1,single-session-user,FULL96,2.0,1.0,1.0,0.0,,,,0.10722340274674724,0.09665280576071097,nan
d52b4f67,d52b4f67,334,479,1,single-session-user,FULL96,4.0,1.0,1.0,0.0,1.0,1.0,0.0,0.10722340274674724,0.09665280576071097,nan
d596882b,d596882b,335,474,1,single-session-assistant,LOW48,0.25,1.0,0.0,1.0,1.0,0.0,1.0,0.06234765388694407,0.07301574133828832,0.1157076895558703
d596882b,d596882b,335,474,1,single-session-assistant,LOW48,0.5,1.0,0.0,1.0,,,,0.06234765388694407,0.07301574133828832,0.1157076895558703
d596882b,d596882b,335,474,1,single-session-assistant,LOW48,1.0,1.0,1.0,0.0,1.0,1.0,0.0,0.06234765388694407,0.07301574133828832,0.1157076895558703
d596882b,d596882b,335,474,1,single-session-assistant,LOW48,2.0,1.0,1.0,0.0,,,,0.06234765388694407,0.07301574133828832,0.1157076895558703
d596882b,d596882b,335,474,1,single-session-assistant,LOW48,4.0,1.0,1.0,0.0,1.0,1.0,0.0,0.06234765388694407,0.07301574133828832,0.1157076895558703
d596882b,d596882b,335,474,1,single-session-assistant,HIGH48,0.25,1.0,1.0,0.0,1.0,1.0,0.0,0.06234765388694407,0.11570768955587028,0.07301574133828831
d596882b,d596882b,335,474,1,single-session-assistant,HIGH48,0.5,1.0,1.0,0.0,,,,0.06234765388694407,0.11570768955587028,0.07301574133828831
d596882b,d596882b,335,474,1,single-session-assistant,HIGH48,1.0,1.0,1.0,0.0,1.0,1.0,0.0,0.06234765388694407,0.11570768955587028,0.07301574133828831
d596882b,d596882b,335,474,1,single-session-assistant,HIGH48,2.0,1.0,0.0,1.0,,,,0.06234765388694407,0.11570768955587028,0.07301574133828831
d596882b,d596882b,335,474,1,single-session-assistant,HIGH48,4.0,1.0,0.0,1.0,1.0,0.0,1.0,0.06234765388694407,0.11570768955587028,0.07301574133828831
d596882b,d596882b,335,474,1,single-session-assistant,FULL96,0.25,1.0,1.0,0.0,1.0,1.0,0.0,0.06234765388694407,0.0967459764164316,nan
d596882b,d596882b,335,474,1,single-session-assistant,FULL96,0.5,1.0,1.0,0.0,,,,0.06234765388694407,0.0967459764164316,nan
d596882b,d596882b,335,474,1,single-session-assistant,FULL96,1.0,1.0,1.0,0.0,1.0,1.0,0.0,0.06234765388694407,0.0967459764164316,nan
d596882b,d596882b,335,474,1,single-session-assistant,FULL96,2.0,1.0,1.0,0.0,,,,0.06234765388694407,0.0967459764164316,nan
d596882b,d596882b,335,474,1,single-session-assistant,FULL96,4.0,1.0,1.0,0.0,1.0,1.0,0.0,0.06234765388694407,0.0967459764164316,nan
d6062bb9,d6062bb9,336,532,2,multi-session,LOW48,0.25,0.5,0.0,0.5,0.5,0.0,0.5,0.08298155957745156,0.07845352294298964,0.11176920115201573
d6062bb9,d6062bb9,336,532,2,multi-session,LOW48,0.5,0.5,0.0,0.5,,,,0.08298155957745156,0.07845352294298964,0.11176920115201573
d6062bb9,d6062bb9,336,532,2,multi-session,LOW48,1.0,0.5,0.0,0.5,0.5,0.0,0.5,0.08298155957745156,0.07845352294298964,0.11176920115201573
d6062bb9,d6062bb9,336,532,2,multi-session,LOW48,2.0,0.5,0.5,0.0,,,,0.08298155957745156,0.07845352294298964,0.11176920115201573
d6062bb9,d6062bb9,336,532,2,multi-session,LOW48,4.0,0.5,0.5,0.0,0.5,0.5,0.0,0.08298155957745156,0.07845352294298964,0.11176920115201573
d6062bb9,d6062bb9,336,532,2,multi-session,HIGH48,0.25,0.5,0.5,0.0,0.5,0.5,0.0,0.08298155957745156,0.11176920115201573,0.07845352294298964
d6062bb9,d6062bb9,336,532,2,multi-session,HIGH48,0.5,0.5,0.5,0.0,,,,0.08298155957745156,0.11176920115201573,0.07845352294298964
d6062bb9,d6062bb9,336,532,2,multi-session,HIGH48,1.0,0.5,0.0,0.5,0.5,0.0,0.5,0.08298155957745156,0.11176920115201573,0.07845352294298964
d6062bb9,d6062bb9,336,532,2,multi-session,HIGH48,2.0,0.5,0.0,0.5,,,,0.08298155957745156,0.11176920115201573,0.07845352294298964
d6062bb9,d6062bb9,336,532,2,multi-session,HIGH48,4.0,0.5,0.0,0.5,0.5,0.0,0.5,0.08298155957745156,0.11176920115201573,0.07845352294298964
d6062bb9,d6062bb9,336,532,2,multi-session,FULL96,0.25,0.5,0.0,0.5,0.5,0.0,0.5,0.08298155957745156,0.09655907411612323,nan
d6062bb9,d6062bb9,336,532,2,multi-session,FULL96,0.5,0.5,0.0,0.5,,,,0.08298155957745156,0.09655907411612323,nan
d6062bb9,d6062bb9,336,532,2,multi-session,FULL96,1.0,0.5,0.0,0.5,0.5,0.0,0.5,0.08298155957745156,0.09655907411612323,nan
d6062bb9,d6062bb9,336,532,2,multi-session,FULL96,2.0,0.5,0.0,0.5,,,,0.08298155957745156,0.09655907411612323,nan
d6062bb9,d6062bb9,336,532,2,multi-session,FULL96,4.0,0.5,0.0,0.5,0.5,0.0,0.5,0.08298155957745156,0.09655907411612323,nan
d6233ab6,d6233ab6,337,437,2,single-session-preference,LOW48,0.25,0.0,0.0,0.0,0.0,0.0,0.0,0.07831994434100552,0.07103070443843071,0.11719224988678574
d6233ab6,d6233ab6,337,437,2,single-session-preference,LOW48,0.5,0.0,0.0,0.0,,,,0.07831994434100552,0.07103070443843071,0.11719224988678574
d6233ab6,d6233ab6,337,437,2,single-session-preference,LOW48,1.0,0.0,0.0,0.0,0.0,0.0,0.0,0.07831994434100552,0.07103070443843071,0.11719224988678574
d6233ab6,d6233ab6,337,437,2,single-session-preference,LOW48,2.0,0.0,0.0,0.0,,,,0.07831994434100552,0.07103070443843071,0.11719224988678574
d6233ab6,d6233ab6,337,437,2,single-session-preference,LOW48,4.0,0.0,0.0,0.0,0.0,0.0,0.0,0.07831994434100552,0.07103070443843071,0.11719224988678574
d6233ab6,d6233ab6,337,437,2,single-session-preference,HIGH48,0.25,0.0,0.0,0.0,0.0,0.0,0.0,0.07831994434100552,0.11719224988678573,0.07103070443843071
d6233ab6,d6233ab6,337,437,2,single-session-preference,HIGH48,0.5,0.0,0.0,0.0,,,,0.07831994434100552,0.11719224988678573,0.07103070443843071
d6233ab6,d6233ab6,337,437,2,single-session-preference,HIGH48,1.0,0.0,0.0,0.0,0.0,0.0,0.0,0.07831994434100552,0.11719224988678573,0.07103070443843071
d6233ab6,d6233ab6,337,437,2,single-session-preference,HIGH48,2.0,0.0,0.0,0.0,,,,0.07831994434100552,0.11719224988678573,0.07103070443843071
d6233ab6,d6233ab6,337,437,2,single-session-preference,HIGH48,4.0,0.0,0.0,0.0,0.0,0.0,0.0,0.07831994434100552,0.11719224988678573,0.07103070443843071
d6233ab6,d6233ab6,337,437,2,single-session-preference,FULL96,0.25,0.0,0.0,0.0,0.0,0.0,0.0,0.07831994434100552,0.09690042416456837,nan
d6233ab6,d6233ab6,337,437,2,single-session-preference,FULL96,0.5,0.0,0.0,0.0,,,,0.07831994434100552,0.09690042416456837,nan
d6233ab6,d6233ab6,337,437,2,single-session-preference,FULL96,1.0,0.0,0.0,0.0,0.0,0.0,0.0,0.07831994434100552,0.09690042416456837,nan
d6233ab6,d6233ab6,337,437,2,single-session-preference,FULL96,2.0,0.0,0.0,0.0,,,,0.07831994434100552,0.09690042416456837,nan
d6233ab6,d6233ab6,337,437,2,single-session-preference,FULL96,4.0,0.0,0.0,0.0,0.0,0.0,0.0,0.07831994434100552,0.09690042416456837,nan
d682f1a2,d682f1a2,338,469,3,multi-session,LOW48,0.25,0.3333333333333333,0.6666666666666666,-0.3333333333333333,0.3333333333333332,0.6666666666666664,-0.3333333333333332,0.0939736422388804,0.07848543543987907,0.11188813131194163
d682f1a2,d682f1a2,338,469,3,multi-session,LOW48,0.5,0.3333333333333333,0.6666666666666666,-0.3333333333333333,,,,0.0939736422388804,0.07848543543987907,0.11188813131194163
d682f1a2,d682f1a2,338,469,3,multi-session,LOW48,1.0,0.3333333333333333,0.6666666666666666,-0.3333333333333333,0.3333333333333332,0.6666666666666664,-0.3333333333333332,0.0939736422388804,0.07848543543987907,0.11188813131194163
d682f1a2,d682f1a2,338,469,3,multi-session,LOW48,2.0,0.3333333333333333,0.3333333333333333,0.0,,,,0.0939736422388804,0.07848543543987907,0.11188813131194163
d682f1a2,d682f1a2,338,469,3,multi-session,LOW48,4.0,0.3333333333333333,0.3333333333333333,0.0,0.3333333333333332,0.3333333333333332,0.0,0.0939736422388804,0.07848543543987907,0.11188813131194163
d682f1a2,d682f1a2,338,469,3,multi-session,HIGH48,0.25,0.3333333333333333,0.3333333333333333,0.0,0.3333333333333332,0.3333333333333332,0.0,0.0939736422388804,0.11188813131194163,0.07848543543987907
d682f1a2,d682f1a2,338,469,3,multi-session,HIGH48,0.5,0.3333333333333333,0.3333333333333333,0.0,,,,0.0939736422388804,0.11188813131194163,0.07848543543987907
d682f1a2,d682f1a2,338,469,3,multi-session,HIGH48,1.0,0.3333333333333333,0.6666666666666666,-0.3333333333333333,0.3333333333333332,0.6666666666666664,-0.3333333333333332,0.0939736422388804,0.11188813131194163,0.07848543543987907
d682f1a2,d682f1a2,338,469,3,multi-session,HIGH48,2.0,0.3333333333333333,0.6666666666666666,-0.3333333333333333,,,,0.0939736422388804,0.11188813131194163,0.07848543543987907
d682f1a2,d682f1a2,338,469,3,multi-session,HIGH48,4.0,0.3333333333333333,0.6666666666666666,-0.3333333333333333,0.3333333333333332,0.6666666666666664,-0.3333333333333332,0.0939736422388804,0.11188813131194163,0.07848543543987907
d682f1a2,d682f1a2,338,469,3,multi-session,FULL96,0.25,0.3333333333333333,0.6666666666666666,-0.3333333333333333,0.3333333333333332,0.6666666666666664,-0.3333333333333332,0.0939736422388804,0.09664087516332237,nan
d682f1a2,d682f1a2,338,469,3,multi-session,FULL96,0.5,0.3333333333333333,0.6666666666666666,-0.3333333333333333,,,,0.0939736422388804,0.09664087516332237,nan
d682f1a2,d682f1a2,338,469,3,multi-session,FULL96,1.0,0.3333333333333333,0.6666666666666666,-0.3333333333333333,0.3333333333333332,0.6666666666666664,-0.3333333333333332,0.0939736422388804,0.09664087516332237,nan
d682f1a2,d682f1a2,338,469,3,multi-session,FULL96,2.0,0.3333333333333333,0.6666666666666666,-0.3333333333333333,,,,0.0939736422388804,0.09664087516332237,nan
d682f1a2,d682f1a2,338,469,3,multi-session,FULL96,4.0,0.3333333333333333,0.6666666666666666,-0.3333333333333333,0.3333333333333332,0.6666666666666664,-0.3333333333333332,0.0939736422388804,0.09664087516332237,nan
d7c942c3,d7c942c3,339,520,2,knowledge-update,LOW48,0.25,0.5,0.5,0.0,0.5,0.5,0.0,0.08204312935843062,0.07435450681655623,0.11486992472306357
d7c942c3,d7c942c3,339,520,2,knowledge-update,LOW48,0.5,0.5,0.5,0.0,,,,0.08204312935843062,0.07435450681655623,0.11486992472306357
d7c942c3,d7c942c3,339,520,2,knowledge-update,LOW48,1.0,0.5,0.5,0.0,0.5,0.5,0.0,0.08204312935843062,0.07435450681655623,0.11486992472306357
d7c942c3,d7c942c3,339,520,2,knowledge-update,LOW48,2.0,0.5,1.0,-0.5,,,,0.08204312935843062,0.07435450681655623,0.11486992472306357
d7c942c3,d7c942c3,339,520,2,knowledge-update,LOW48,4.0,0.5,1.0,-0.5,0.5,1.0,-0.5,0.08204312935843062,0.07435450681655623,0.11486992472306357
d7c942c3,d7c942c3,339,520,2,knowledge-update,HIGH48,0.25,0.5,1.0,-0.5,0.5,1.0,-0.5,0.08204312935843062,0.11486992472306357,0.07435450681655623
d7c942c3,d7c942c3,339,520,2,knowledge-update,HIGH48,0.5,0.5,1.0,-0.5,,,,0.08204312935843062,0.11486992472306357,0.07435450681655623
d7c942c3,d7c942c3,339,520,2,knowledge-update,HIGH48,1.0,0.5,0.5,0.0,0.5,0.5,0.0,0.08204312935843062,0.11486992472306357,0.07435450681655623
d7c942c3,d7c942c3,339,520,2,knowledge-update,HIGH48,2.0,0.5,0.5,0.0,,,,0.08204312935843062,0.11486992472306357,0.07435450681655623
d7c942c3,d7c942c3,339,520,2,knowledge-update,HIGH48,4.0,0.5,0.5,0.0,0.5,0.5,0.0,0.08204312935843062,0.11486992472306357,0.07435450681655623
d7c942c3,d7c942c3,339,520,2,knowledge-update,FULL96,0.25,0.5,0.5,0.0,0.5,0.5,0.0,0.08204312935843062,0.09675663359639895,nan
d7c942c3,d7c942c3,339,520,2,knowledge-update,FULL96,0.5,0.5,0.5,0.0,,,,0.08204312935843062,0.09675663359639895,nan
d7c942c3,d7c942c3,339,520,2,knowledge-update,FULL96,1.0,0.5,0.5,0.0,0.5,0.5,0.0,0.08204312935843062,0.09675663359639895,nan
d7c942c3,d7c942c3,339,520,2,knowledge-update,FULL96,2.0,0.5,0.5,0.0,,,,0.08204312935843062,0.09675663359639895,nan
d7c942c3,d7c942c3,339,520,2,knowledge-update,FULL96,4.0,0.5,0.5,0.0,0.5,0.5,0.0,0.08204312935843062,0.09675663359639895,nan
d851d5ba,d851d5ba,340,533,4,multi-session,LOW48,0.25,0.0,0.25,-0.25,0.0,0.25,-0.25,0.28231594057178017,0.0653896376140914,0.11880339130378867
d851d5ba,d851d5ba,340,533,4,multi-session,LOW48,0.5,0.0,0.25,-0.25,,,,0.28231594057178017,0.0653896376140914,0.11880339130378867
d851d5ba,d851d5ba,340,533,4,multi-session,LOW48,1.0,0.0,0.25,-0.25,0.0,0.25,-0.25,0.28231594057178017,0.0653896376140914,0.11880339130378867
d851d5ba,d851d5ba,340,533,4,multi-session,LOW48,2.0,0.0,0.25,-0.25,,,,0.28231594057178017,0.0653896376140914,0.11880339130378867
d851d5ba,d851d5ba,340,533,4,multi-session,LOW48,4.0,0.0,0.0,0.0,0.0,0.0,0.0,0.28231594057178017,0.0653896376140914,0.11880339130378867
d851d5ba,d851d5ba,340,533,4,multi-session,HIGH48,0.25,0.0,0.0,0.0,0.0,0.0,0.0,0.28231594057178017,0.11880339130378868,0.0653896376140914
d851d5ba,d851d5ba,340,533,4,multi-session,HIGH48,0.5,0.0,0.25,-0.25,,,,0.28231594057178017,0.11880339130378868,0.0653896376140914
d851d5ba,d851d5ba,340,533,4,multi-session,HIGH48,1.0,0.0,0.25,-0.25,0.0,0.25,-0.25,0.28231594057178017,0.11880339130378868,0.0653896376140914
d851d5ba,d851d5ba,340,533,4,multi-session,HIGH48,2.0,0.0,0.25,-0.25,,,,0.28231594057178017,0.11880339130378868,0.0653896376140914
d851d5ba,d851d5ba,340,533,4,multi-session,HIGH48,4.0,0.0,0.25,-0.25,0.0,0.25,-0.25,0.28231594057178017,0.11880339130378868,0.0653896376140914
d851d5ba,d851d5ba,340,533,4,multi-session,FULL96,0.25,0.0,0.25,-0.25,0.0,0.25,-0.25,0.28231594057178017,0.09589069426326866,nan
d851d5ba,d851d5ba,340,533,4,multi-session,FULL96,0.5,0.0,0.25,-0.25,,,,0.28231594057178017,0.09589069426326866,nan
d851d5ba,d851d5ba,340,533,4,multi-session,FULL96,1.0,0.0,0.25,-0.25,0.0,0.25,-0.25,0.28231594057178017,0.09589069426326866,nan
d851d5ba,d851d5ba,340,533,4,multi-session,FULL96,2.0,0.0,0.25,-0.25,,,,0.28231594057178017,0.09589069426326866,nan
d851d5ba,d851d5ba,340,533,4,multi-session,FULL96,4.0,0.0,0.25,-0.25,0.0,0.25,-0.25,0.28231594057178017,0.09589069426326866,nan
d905b33f,d905b33f,341,504,2,multi-session,LOW48,0.25,0.5,0.0,0.5,0.5,0.0,0.5,0.07228747343389486,0.0831426498534296,0.10817850640432834
d905b33f,d905b33f,341,504,2,multi-session,LOW48,0.5,0.5,0.0,0.5,,,,0.07228747343389486,0.0831426498534296,0.10817850640432834
d905b33f,d905b33f,341,504,2,multi-session,LOW48,1.0,0.5,0.5,0.0,0.5,0.5,0.0,0.07228747343389486,0.0831426498534296,0.10817850640432834
d905b33f,d905b33f,341,504,2,multi-session,LOW48,2.0,0.5,0.5,0.0,,,,0.07228747343389486,0.0831426498534296,0.10817850640432834
d905b33f,d905b33f,341,504,2,multi-session,LOW48,4.0,0.5,0.5,0.0,0.5,0.5,0.0,0.07228747343389486,0.0831426498534296,0.10817850640432834
d905b33f,d905b33f,341,504,2,multi-session,HIGH48,0.25,0.5,0.5,0.0,0.5,0.5,0.0,0.07228747343389486,0.10817850640432834,0.0831426498534296
d905b33f,d905b33f,341,504,2,multi-session,HIGH48,0.5,0.5,0.5,0.0,,,,0.07228747343389486,0.10817850640432834,0.0831426498534296
d905b33f,d905b33f,341,504,2,multi-session,HIGH48,1.0,0.5,0.5,0.0,0.5,0.5,0.0,0.07228747343389486,0.10817850640432834,0.0831426498534296
d905b33f,d905b33f,341,504,2,multi-session,HIGH48,2.0,0.5,0.0,0.5,,,,0.07228747343389486,0.10817850640432834,0.0831426498534296
d905b33f,d905b33f,341,504,2,multi-session,HIGH48,4.0,0.5,0.0,0.5,0.5,0.0,0.5,0.07228747343389486,0.10817850640432834,0.0831426498534296
d905b33f,d905b33f,341,504,2,multi-session,FULL96,0.25,0.5,0.5,0.0,0.5,0.5,0.0,0.07228747343389486,0.09647613557901588,nan
d905b33f,d905b33f,341,504,2,multi-session,FULL96,0.5,0.5,0.5,0.0,,,,0.07228747343389486,0.09647613557901588,nan
d905b33f,d905b33f,341,504,2,multi-session,FULL96,1.0,0.5,0.5,0.0,0.5,0.5,0.0,0.07228747343389486,0.09647613557901588,nan
d905b33f,d905b33f,341,504,2,multi-session,FULL96,2.0,0.5,0.5,0.0,,,,0.07228747343389486,0.09647613557901588,nan
d905b33f,d905b33f,341,504,2,multi-session,FULL96,4.0,0.5,0.5,0.0,0.5,0.5,0.0,0.07228747343389486,0.09647613557901588,nan
dad224aa,dad224aa,342,521,2,knowledge-update,LOW48,0.25,0.0,0.0,0.0,0.0,0.0,0.0,0.12333305101081855,0.07466826752262455,0.11379042062577273
dad224aa,dad224aa,342,521,2,knowledge-update,LOW48,0.5,0.0,0.0,0.0,,,,0.12333305101081855,0.07466826752262455,0.11379042062577273
dad224aa,dad224aa,342,521,2,knowledge-update,LOW48,1.0,0.0,0.0,0.0,0.0,0.0,0.0,0.12333305101081855,0.07466826752262455,0.11379042062577273
dad224aa,dad224aa,342,521,2,knowledge-update,LOW48,2.0,0.0,0.0,0.0,,,,0.12333305101081855,0.07466826752262455,0.11379042062577273
dad224aa,dad224aa,342,521,2,knowledge-update,LOW48,4.0,0.0,0.0,0.0,0.0,0.0,0.0,0.12333305101081855,0.07466826752262455,0.11379042062577273
dad224aa,dad224aa,342,521,2,knowledge-update,HIGH48,0.25,0.0,0.0,0.0,0.0,0.0,0.0,0.12333305101081855,0.11379042062577273,0.07466826752262455
dad224aa,dad224aa,342,521,2,knowledge-update,HIGH48,0.5,0.0,0.0,0.0,,,,0.12333305101081855,0.11379042062577273,0.07466826752262455
dad224aa,dad224aa,342,521,2,knowledge-update,HIGH48,1.0,0.0,0.0,0.0,0.0,0.0,0.0,0.12333305101081855,0.11379042062577273,0.07466826752262455
dad224aa,dad224aa,342,521,2,knowledge-update,HIGH48,2.0,0.0,0.0,0.0,,,,0.12333305101081855,0.11379042062577273,0.07466826752262455
dad224aa,dad224aa,342,521,2,knowledge-update,HIGH48,4.0,0.0,0.0,0.0,0.0,0.0,0.0,0.12333305101081855,0.11379042062577273,0.07466826752262455
dad224aa,dad224aa,342,521,2,knowledge-update,FULL96,0.25,0.0,0.0,0.0,0.0,0.0,0.0,0.12333305101081855,0.0962382720154007,nan
dad224aa,dad224aa,342,521,2,knowledge-update,FULL96,0.5,0.0,0.0,0.0,,,,0.12333305101081855,0.0962382720154007,nan
dad224aa,dad224aa,342,521,2,knowledge-update,FULL96,1.0,0.0,0.0,0.0,0.0,0.0,0.0,0.12333305101081855,0.0962382720154007,nan
dad224aa,dad224aa,342,521,2,knowledge-update,FULL96,2.0,0.0,0.0,0.0,,,,0.12333305101081855,0.0962382720154007,nan
dad224aa,dad224aa,342,521,2,knowledge-update,FULL96,4.0,0.0,0.0,0.0,0.0,0.0,0.0,0.12333305101081855,0.0962382720154007,nan
db467c8c,db467c8c,343,475,2,knowledge-update,LOW48,0.25,0.5,0.0,0.5,0.5,0.0,0.5,0.08019687537744162,0.07179085222557074,0.11665086902879403
db467c8c,db467c8c,343,475,2,knowledge-update,LOW48,0.5,0.5,0.0,0.5,,,,0.08019687537744162,0.07179085222557074,0.11665086902879403
db467c8c,db467c8c,343,475,2,knowledge-update,LOW48,1.0,0.5,0.0,0.5,0.5,0.0,0.5,0.08019687537744162,0.07179085222557074,0.11665086902879403
db467c8c,db467c8c,343,475,2,knowledge-update,LOW48,2.0,0.5,0.0,0.5,,,,0.08019687537744162,0.07179085222557074,0.11665086902879403
db467c8c,db467c8c,343,475,2,knowledge-update,LOW48,4.0,0.5,0.5,0.0,0.5,0.5,0.0,0.08019687537744162,0.07179085222557074,0.11665086902879403
db467c8c,db467c8c,343,475,2,knowledge-update,HIGH48,0.25,0.5,0.5,0.0,0.5,0.5,0.0,0.08019687537744162,0.11665086902879403,0.07179085222557074
db467c8c,db467c8c,343,475,2,knowledge-update,HIGH48,0.5,0.5,0.0,0.5,,,,0.08019687537744162,0.11665086902879403,0.07179085222557074
db467c8c,db467c8c,343,475,2,knowledge-update,HIGH48,1.0,0.5,0.0,0.5,0.5,0.0,0.5,0.08019687537744162,0.11665086902879403,0.07179085222557074
db467c8c,db467c8c,343,475,2,knowledge-update,HIGH48,2.0,0.5,0.0,0.5,,,,0.08019687537744162,0.11665086902879403,0.07179085222557074
db467c8c,db467c8c,343,475,2,knowledge-update,HIGH48,4.0,0.5,0.0,0.5,0.5,0.0,0.5,0.08019687537744162,0.11665086902879403,0.07179085222557074
db467c8c,db467c8c,343,475,2,knowledge-update,FULL96,0.25,0.5,0.0,0.5,0.5,0.0,0.5,0.08019687537744162,0.09685388920545883,nan
db467c8c,db467c8c,343,475,2,knowledge-update,FULL96,0.5,0.5,0.0,0.5,,,,0.08019687537744162,0.09685388920545883,nan
db467c8c,db467c8c,343,475,2,knowledge-update,FULL96,1.0,0.5,0.0,0.5,0.5,0.0,0.5,0.08019687537744162,0.09685388920545883,nan
db467c8c,db467c8c,343,475,2,knowledge-update,FULL96,2.0,0.5,0.0,0.5,,,,0.08019687537744162,0.09685388920545883,nan
db467c8c,db467c8c,343,475,2,knowledge-update,FULL96,4.0,0.5,0.0,0.5,0.5,0.0,0.5,0.08019687537744162,0.09685388920545883,nan
dc439ea3,dc439ea3,344,476,1,single-session-assistant,LOW48,0.25,0.0,0.0,0.0,0.0,0.0,0.0,0.05966276281155321,0.07311665777067058,0.11576399406867932
dc439ea3,dc439ea3,344,476,1,single-session-assistant,LOW48,0.5,0.0,0.0,0.0,,,,0.05966276281155321,0.07311665777067058,0.11576399406867932
dc439ea3,dc439ea3,344,476,1,single-session-assistant,LOW48,1.0,0.0,0.0,0.0,0.0,0.0,0.0,0.05966276281155321,0.07311665777067058,0.11576399406867932
dc439ea3,dc439ea3,344,476,1,single-session-assistant,LOW48,2.0,0.0,0.0,0.0,,,,0.05966276281155321,0.07311665777067058,0.11576399406867932
dc439ea3,dc439ea3,344,476,1,single-session-assistant,LOW48,4.0,0.0,0.0,0.0,0.0,0.0,0.0,0.05966276281155321,0.07311665777067058,0.11576399406867932
dc439ea3,dc439ea3,344,476,1,single-session-assistant,HIGH48,0.25,0.0,0.0,0.0,0.0,0.0,0.0,0.05966276281155321,0.11576399406867932,0.07311665777067058
dc439ea3,dc439ea3,344,476,1,single-session-assistant,HIGH48,0.5,0.0,0.0,0.0,,,,0.05966276281155321,0.11576399406867932,0.07311665777067058
dc439ea3,dc439ea3,344,476,1,single-session-assistant,HIGH48,1.0,0.0,0.0,0.0,0.0,0.0,0.0,0.05966276281155321,0.11576399406867932,0.07311665777067058
dc439ea3,dc439ea3,344,476,1,single-session-assistant,HIGH48,2.0,0.0,0.0,0.0,,,,0.05966276281155321,0.11576399406867932,0.07311665777067058
dc439ea3,dc439ea3,344,476,1,single-session-assistant,HIGH48,4.0,0.0,0.0,0.0,0.0,0.0,0.0,0.05966276281155321,0.11576399406867932,0.07311665777067058
dc439ea3,dc439ea3,344,476,1,single-session-assistant,FULL96,0.25,0.0,0.0,0.0,0.0,0.0,0.0,0.05966276281155321,0.0968177358914331,nan
dc439ea3,dc439ea3,344,476,1,single-session-assistant,FULL96,0.5,0.0,0.0,0.0,,,,0.05966276281155321,0.0968177358914331,nan
dc439ea3,dc439ea3,344,476,1,single-session-assistant,FULL96,1.0,0.0,0.0,0.0,0.0,0.0,0.0,0.05966276281155321,0.0968177358914331,nan
dc439ea3,dc439ea3,344,476,1,single-session-assistant,FULL96,2.0,0.0,0.0,0.0,,,,0.05966276281155321,0.0968177358914331,nan
dc439ea3,dc439ea3,344,476,1,single-session-assistant,FULL96,4.0,0.0,0.0,0.0,0.0,0.0,0.0,0.05966276281155321,0.0968177358914331,nan
dccbc061,dccbc061,345,505,1,single-session-user,LOW48,0.25,1.0,1.0,0.0,1.0,1.0,0.0,0.05849804555226038,0.07119839632781658,0.11653427708333064
dccbc061,dccbc061,345,505,1,single-session-user,LOW48,0.5,1.0,1.0,0.0,,,,0.05849804555226038,0.07119839632781658,0.11653427708333064
dccbc061,dccbc061,345,505,1,single-session-user,LOW48,1.0,1.0,1.0,0.0,1.0,1.0,0.0,0.05849804555226038,0.07119839632781658,0.11653427708333064
dccbc061,dccbc061,345,505,1,single-session-user,LOW48,2.0,1.0,1.0,0.0,,,,0.05849804555226038,0.07119839632781658,0.11653427708333064
dccbc061,dccbc061,345,505,1,single-session-user,LOW48,4.0,1.0,1.0,0.0,1.0,1.0,0.0,0.05849804555226038,0.07119839632781658,0.11653427708333064
dccbc061,dccbc061,345,505,1,single-session-user,HIGH48,0.25,1.0,1.0,0.0,1.0,1.0,0.0,0.05849804555226038,0.11653427708333064,0.07119839632781656
dccbc061,dccbc061,345,505,1,single-session-user,HIGH48,0.5,1.0,1.0,0.0,,,,0.05849804555226038,0.11653427708333064,0.07119839632781656
dccbc061,dccbc061,345,505,1,single-session-user,HIGH48,1.0,1.0,1.0,0.0,1.0,1.0,0.0,0.05849804555226038,0.11653427708333064,0.07119839632781656
dccbc061,dccbc061,345,505,1,single-session-user,HIGH48,2.0,1.0,1.0,0.0,,,,0.05849804555226038,0.11653427708333064,0.07119839632781656
dccbc061,dccbc061,345,505,1,single-session-user,HIGH48,4.0,1.0,1.0,0.0,1.0,1.0,0.0,0.05849804555226038,0.11653427708333064,0.07119839632781656
dccbc061,dccbc061,345,505,1,single-session-user,FULL96,0.25,1.0,1.0,0.0,1.0,1.0,0.0,0.05849804555226038,0.09656461405449546,nan
dccbc061,dccbc061,345,505,1,single-session-user,FULL96,0.5,1.0,1.0,0.0,,,,0.05849804555226038,0.09656461405449546,nan
dccbc061,dccbc061,345,505,1,single-session-user,FULL96,1.0,1.0,1.0,0.0,1.0,1.0,0.0,0.05849804555226038,0.09656461405449546,nan
dccbc061,dccbc061,345,505,1,single-session-user,FULL96,2.0,1.0,1.0,0.0,,,,0.05849804555226038,0.09656461405449546,nan
dccbc061,dccbc061,345,505,1,single-session-user,FULL96,4.0,1.0,1.0,0.0,1.0,1.0,0.0,0.05849804555226038,0.09656461405449546,nan
dcfa8644,dcfa8644,346,470,2,temporal-reasoning,LOW48,0.25,1.0,0.5,0.5,1.0,0.5,0.5,0.11866191200535724,0.07412748881936843,0.11454950426680703
dcfa8644,dcfa8644,346,470,2,temporal-reasoning,LOW48,0.5,1.0,0.5,0.5,,,,0.11866191200535724,0.07412748881936843,0.11454950426680703
dcfa8644,dcfa8644,346,470,2,temporal-reasoning,LOW48,1.0,1.0,0.5,0.5,1.0,0.5,0.5,0.11866191200535724,0.07412748881936843,0.11454950426680703
dcfa8644,dcfa8644,346,470,2,temporal-reasoning,LOW48,2.0,1.0,1.0,0.0,,,,0.11866191200535724,0.07412748881936843,0.11454950426680703
dcfa8644,dcfa8644,346,470,2,temporal-reasoning,LOW48,4.0,1.0,1.0,0.0,1.0,1.0,0.0,0.11866191200535724,0.07412748881936843,0.11454950426680703
dcfa8644,dcfa8644,346,470,2,temporal-reasoning,HIGH48,0.25,1.0,1.0,0.0,1.0,1.0,0.0,0.11866191200535724,0.11454950426680702,0.07412748881936843
dcfa8644,dcfa8644,346,470,2,temporal-reasoning,HIGH48,0.5,1.0,1.0,0.0,,,,0.11866191200535724,0.11454950426680702,0.07412748881936843
dcfa8644,dcfa8644,346,470,2,temporal-reasoning,HIGH48,1.0,1.0,0.5,0.5,1.0,0.5,0.5,0.11866191200535724,0.11454950426680702,0.07412748881936843
dcfa8644,dcfa8644,346,470,2,temporal-reasoning,HIGH48,2.0,1.0,0.5,0.5,,,,0.11866191200535724,0.11454950426680702,0.07412748881936843
dcfa8644,dcfa8644,346,470,2,temporal-reasoning,HIGH48,4.0,1.0,0.5,0.5,1.0,0.5,0.5,0.11866191200535724,0.11454950426680702,0.07412748881936843
dcfa8644,dcfa8644,346,470,2,temporal-reasoning,FULL96,0.25,1.0,0.5,0.5,1.0,0.5,0.5,0.11866191200535724,0.0964792037861964,nan
dcfa8644,dcfa8644,346,470,2,temporal-reasoning,FULL96,0.5,1.0,0.5,0.5,,,,0.11866191200535724,0.0964792037861964,nan
dcfa8644,dcfa8644,346,470,2,temporal-reasoning,FULL96,1.0,1.0,0.5,0.5,1.0,0.5,0.5,0.11866191200535724,0.0964792037861964,nan
dcfa8644,dcfa8644,346,470,2,temporal-reasoning,FULL96,2.0,1.0,0.5,0.5,,,,0.11866191200535724,0.0964792037861964,nan
dcfa8644,dcfa8644,346,470,2,temporal-reasoning,FULL96,4.0,1.0,0.5,0.5,1.0,0.5,0.5,0.11866191200535724,0.0964792037861964,nan
dd2973ad,dd2973ad,347,516,2,multi-session,LOW48,0.25,0.0,0.0,0.0,0.0,0.0,0.0,0.09187702181533423,0.06851231372818586,0.11769915491539724
dd2973ad,dd2973ad,347,516,2,multi-session,LOW48,0.5,0.0,0.0,0.0,,,,0.09187702181533423,0.06851231372818586,0.11769915491539724
dd2973ad,dd2973ad,347,516,2,multi-session,LOW48,1.0,0.0,0.0,0.0,0.0,0.0,0.0,0.09187702181533423,0.06851231372818586,0.11769915491539724
dd2973ad,dd2973ad,347,516,2,multi-session,LOW48,2.0,0.0,0.0,0.0,,,,0.09187702181533423,0.06851231372818586,0.11769915491539724
dd2973ad,dd2973ad,347,516,2,multi-session,LOW48,4.0,0.0,0.5,-0.5,0.0,0.5,-0.5,0.09187702181533423,0.06851231372818586,0.11769915491539724
dd2973ad,dd2973ad,347,516,2,multi-session,HIGH48,0.25,0.0,0.5,-0.5,0.0,0.5,-0.5,0.09187702181533423,0.11769915491539724,0.06851231372818586
dd2973ad,dd2973ad,347,516,2,multi-session,HIGH48,0.5,0.0,0.0,0.0,,,,0.09187702181533423,0.11769915491539724,0.06851231372818586
dd2973ad,dd2973ad,347,516,2,multi-session,HIGH48,1.0,0.0,0.0,0.0,0.0,0.0,0.0,0.09187702181533423,0.11769915491539724,0.06851231372818586
dd2973ad,dd2973ad,347,516,2,multi-session,HIGH48,2.0,0.0,0.0,0.0,,,,0.09187702181533423,0.11769915491539724,0.06851231372818586
dd2973ad,dd2973ad,347,516,2,multi-session,HIGH48,4.0,0.0,0.0,0.0,0.0,0.0,0.0,0.09187702181533423,0.11769915491539724,0.06851231372818586
dd2973ad,dd2973ad,347,516,2,multi-session,FULL96,0.25,0.0,0.0,0.0,0.0,0.0,0.0,0.09187702181533423,0.09629908670436092,nan
dd2973ad,dd2973ad,347,516,2,multi-session,FULL96,0.5,0.0,0.0,0.0,,,,0.09187702181533423,0.09629908670436092,nan
dd2973ad,dd2973ad,347,516,2,multi-session,FULL96,1.0,0.0,0.0,0.0,0.0,0.0,0.0,0.09187702181533423,0.09629908670436092,nan
dd2973ad,dd2973ad,347,516,2,multi-session,FULL96,2.0,0.0,0.0,0.0,,,,0.09187702181533423,0.09629908670436092,nan
dd2973ad,dd2973ad,347,516,2,multi-session,FULL96,4.0,0.0,0.0,0.0,0.0,0.0,0.0,0.09187702181533423,0.09629908670436092,nan
dfde3500,dfde3500,348,480,2,knowledge-update,LOW48,0.25,0.5,0.5,0.0,0.5,0.5,0.0,0.11952418112668997,0.07834092130274227,0.1118760861237726
dfde3500,dfde3500,348,480,2,knowledge-update,LOW48,0.5,0.5,0.5,0.0,,,,0.11952418112668997,0.07834092130274227,0.1118760861237726
dfde3500,dfde3500,348,480,2,knowledge-update,LOW48,1.0,0.5,0.5,0.0,0.5,0.5,0.0,0.11952418112668997,0.07834092130274227,0.1118760861237726
dfde3500,dfde3500,348,480,2,knowledge-update,LOW48,2.0,0.5,0.5,0.0,,,,0.11952418112668997,0.07834092130274227,0.1118760861237726
dfde3500,dfde3500,348,480,2,knowledge-update,LOW48,4.0,0.5,0.5,0.0,0.5,0.5,0.0,0.11952418112668997,0.07834092130274227,0.1118760861237726
dfde3500,dfde3500,348,480,2,knowledge-update,HIGH48,0.25,0.5,0.5,0.0,0.5,0.5,0.0,0.11952418112668997,0.11187608612377259,0.07834092130274226
dfde3500,dfde3500,348,480,2,knowledge-update,HIGH48,0.5,0.5,0.5,0.0,,,,0.11952418112668997,0.11187608612377259,0.07834092130274226
dfde3500,dfde3500,348,480,2,knowledge-update,HIGH48,1.0,0.5,0.5,0.0,0.5,0.5,0.0,0.11952418112668997,0.11187608612377259,0.07834092130274226
dfde3500,dfde3500,348,480,2,knowledge-update,HIGH48,2.0,0.5,0.5,0.0,,,,0.11952418112668997,0.11187608612377259,0.07834092130274226
dfde3500,dfde3500,348,480,2,knowledge-update,HIGH48,4.0,0.5,0.5,0.0,0.5,0.5,0.0,0.11952418112668997,0.11187608612377259,0.07834092130274226
dfde3500,dfde3500,348,480,2,knowledge-update,FULL96,0.25,0.5,0.5,0.0,0.5,0.5,0.0,0.11952418112668997,0.09657525199795297,nan
dfde3500,dfde3500,348,480,2,knowledge-update,FULL96,0.5,0.5,0.5,0.0,,,,0.11952418112668997,0.09657525199795297,nan
dfde3500,dfde3500,348,480,2,knowledge-update,FULL96,1.0,0.5,0.5,0.0,0.5,0.5,0.0,0.11952418112668997,0.09657525199795297,nan
dfde3500,dfde3500,348,480,2,knowledge-update,FULL96,2.0,0.5,0.5,0.0,,,,0.11952418112668997,0.09657525199795297,nan
dfde3500,dfde3500,348,480,2,knowledge-update,FULL96,4.0,0.5,0.5,0.0,0.5,0.5,0.0,0.11952418112668997,0.09657525199795297,nan
e01b8e2f,e01b8e2f,349,523,1,single-session-user,LOW48,0.25,0.0,0.0,0.0,0.0,0.0,0.0,0.05137201030900431,0.07111315178847408,0.11660870789981376
e01b8e2f,e01b8e2f,349,523,1,single-session-user,LOW48,0.5,0.0,0.0,0.0,,,,0.05137201030900431,0.07111315178847408,0.11660870789981376
e01b8e2f,e01b8e2f,349,523,1,single-session-user,LOW48,1.0,0.0,0.0,0.0,0.0,0.0,0.0,0.05137201030900431,0.07111315178847408,0.11660870789981376
e01b8e2f,e01b8e2f,349,523,1,single-session-user,LOW48,2.0,0.0,0.0,0.0,,,,0.05137201030900431,0.07111315178847408,0.11660870789981376
e01b8e2f,e01b8e2f,349,523,1,single-session-user,LOW48,4.0,0.0,0.0,0.0,0.0,0.0,0.0,0.05137201030900431,0.07111315178847408,0.11660870789981376
e01b8e2f,e01b8e2f,349,523,1,single-session-user,HIGH48,0.25,0.0,0.0,0.0,0.0,0.0,0.0,0.05137201030900431,0.11660870789981376,0.07111315178847406
e01b8e2f,e01b8e2f,349,523,1,single-session-user,HIGH48,0.5,0.0,0.0,0.0,,,,0.05137201030900431,0.11660870789981376,0.07111315178847406
e01b8e2f,e01b8e2f,349,523,1,single-session-user,HIGH48,1.0,0.0,0.0,0.0,0.0,0.0,0.0,0.05137201030900431,0.11660870789981376,0.07111315178847406
e01b8e2f,e01b8e2f,349,523,1,single-session-user,HIGH48,2.0,0.0,0.0,0.0,,,,0.05137201030900431,0.11660870789981376,0.07111315178847406
e01b8e2f,e01b8e2f,349,523,1,single-session-user,HIGH48,4.0,0.0,0.0,0.0,0.0,0.0,0.0,0.05137201030900431,0.11660870789981376,0.07111315178847406
e01b8e2f,e01b8e2f,349,523,1,single-session-user,FULL96,0.25,0.0,0.0,0.0,0.0,0.0,0.0,0.05137201030900431,0.09657813188127694,nan
e01b8e2f,e01b8e2f,349,523,1,single-session-user,FULL96,0.5,0.0,0.0,0.0,,,,0.05137201030900431,0.09657813188127694,nan
e01b8e2f,e01b8e2f,349,523,1,single-session-user,FULL96,1.0,0.0,0.0,0.0,0.0,0.0,0.0,0.05137201030900431,0.09657813188127694,nan
e01b8e2f,e01b8e2f,349,523,1,single-session-user,FULL96,2.0,0.0,0.0,0.0,,,,0.05137201030900431,0.09657813188127694,nan
e01b8e2f,e01b8e2f,349,523,1,single-session-user,FULL96,4.0,0.0,0.0,0.0,0.0,0.0,0.0,0.05137201030900431,0.09657813188127694,nan
e25c3b8d,e25c3b8d,350,530,2,multi-session,LOW48,0.25,0.5,0.5,0.0,0.5,0.5,0.0,0.16920481971193405,0.06025588594732396,0.12224877202343658
e25c3b8d,e25c3b8d,350,530,2,multi-session,LOW48,0.5,0.5,0.5,0.0,,,,0.16920481971193405,0.06025588594732396,0.12224877202343658
e25c3b8d,e25c3b8d,350,530,2,multi-session,LOW48,1.0,0.5,0.5,0.0,0.5,0.5,0.0,0.16920481971193405,0.06025588594732396,0.12224877202343658
e25c3b8d,e25c3b8d,350,530,2,multi-session,LOW48,2.0,0.5,0.5,0.0,,,,0.16920481971193405,0.06025588594732396,0.12224877202343658
e25c3b8d,e25c3b8d,350,530,2,multi-session,LOW48,4.0,0.5,0.5,0.0,0.5,0.5,0.0,0.16920481971193405,0.06025588594732396,0.12224877202343658
e25c3b8d,e25c3b8d,350,530,2,multi-session,HIGH48,0.25,0.5,0.5,0.0,0.5,0.5,0.0,0.16920481971193405,0.12224877202343659,0.06025588594732396
e25c3b8d,e25c3b8d,350,530,2,multi-session,HIGH48,0.5,0.5,0.5,0.0,,,,0.16920481971193405,0.12224877202343659,0.06025588594732396
e25c3b8d,e25c3b8d,350,530,2,multi-session,HIGH48,1.0,0.5,0.5,0.0,0.5,0.5,0.0,0.16920481971193405,0.12224877202343659,0.06025588594732396
e25c3b8d,e25c3b8d,350,530,2,multi-session,HIGH48,2.0,0.5,0.5,0.0,,,,0.16920481971193405,0.12224877202343659,0.06025588594732396
e25c3b8d,e25c3b8d,350,530,2,multi-session,HIGH48,4.0,0.5,0.5,0.0,0.5,0.5,0.0,0.16920481971193405,0.12224877202343659,0.06025588594732396
e25c3b8d,e25c3b8d,350,530,2,multi-session,FULL96,0.25,0.5,0.5,0.0,0.5,0.5,0.0,0.16920481971193405,0.09637306172508758,nan
e25c3b8d,e25c3b8d,350,530,2,multi-session,FULL96,0.5,0.5,0.5,0.0,,,,0.16920481971193405,0.09637306172508758,nan
e25c3b8d,e25c3b8d,350,530,2,multi-session,FULL96,1.0,0.5,0.5,0.0,0.5,0.5,0.0,0.16920481971193405,0.09637306172508758,nan
e25c3b8d,e25c3b8d,350,530,2,multi-session,FULL96,2.0,0.5,0.5,0.0,,,,0.16920481971193405,0.09637306172508758,nan
e25c3b8d,e25c3b8d,350,530,2,multi-session,FULL96,4.0,0.5,0.5,0.0,0.5,0.5,0.0,0.16920481971193405,0.09637306172508758,nan
e3038f8c,e3038f8c,351,458,4,multi-session,LOW48,0.25,0.0,0.0,0.0,0.0,0.0,0.0,0.20513838434693413,0.07805820828645388,0.11192004394718587
e3038f8c,e3038f8c,351,458,4,multi-session,LOW48,0.5,0.0,0.0,0.0,,,,0.20513838434693413,0.07805820828645388,0.11192004394718587
e3038f8c,e3038f8c,351,458,4,multi-session,LOW48,1.0,0.0,0.0,0.0,0.0,0.0,0.0,0.20513838434693413,0.07805820828645388,0.11192004394718587
e3038f8c,e3038f8c,351,458,4,multi-session,LOW48,2.0,0.0,0.0,0.0,,,,0.20513838434693413,0.07805820828645388,0.11192004394718587
e3038f8c,e3038f8c,351,458,4,multi-session,LOW48,4.0,0.0,0.0,0.0,0.0,0.0,0.0,0.20513838434693413,0.07805820828645388,0.11192004394718587
e3038f8c,e3038f8c,351,458,4,multi-session,HIGH48,0.25,0.0,0.0,0.0,0.0,0.0,0.0,0.20513838434693413,0.11192004394718585,0.07805820828645388
e3038f8c,e3038f8c,351,458,4,multi-session,HIGH48,0.5,0.0,0.0,0.0,,,,0.20513838434693413,0.11192004394718585,0.07805820828645388
e3038f8c,e3038f8c,351,458,4,multi-session,HIGH48,1.0,0.0,0.0,0.0,0.0,0.0,0.0,0.20513838434693413,0.11192004394718585,0.07805820828645388
e3038f8c,e3038f8c,351,458,4,multi-session,HIGH48,2.0,0.0,0.0,0.0,,,,0.20513838434693413,0.11192004394718585,0.07805820828645388
e3038f8c,e3038f8c,351,458,4,multi-session,HIGH48,4.0,0.0,0.0,0.0,0.0,0.0,0.0,0.20513838434693413,0.11192004394718585,0.07805820828645388
e3038f8c,e3038f8c,351,458,4,multi-session,FULL96,0.25,0.0,0.0,0.0,0.0,0.0,0.0,0.20513838434693413,0.09648621693804621,nan
e3038f8c,e3038f8c,351,458,4,multi-session,FULL96,0.5,0.0,0.0,0.0,,,,0.20513838434693413,0.09648621693804621,nan
e3038f8c,e3038f8c,351,458,4,multi-session,FULL96,1.0,0.0,0.0,0.0,0.0,0.0,0.0,0.20513838434693413,0.09648621693804621,nan
e3038f8c,e3038f8c,351,458,4,multi-session,FULL96,2.0,0.0,0.0,0.0,,,,0.20513838434693413,0.09648621693804621,nan
e3038f8c,e3038f8c,351,458,4,multi-session,FULL96,4.0,0.0,0.0,0.0,0.0,0.0,0.0,0.20513838434693413,0.09648621693804621,nan
e3fc4d6e,e3fc4d6e,352,519,1,single-session-assistant,LOW48,0.25,1.0,1.0,0.0,1.0,1.0,0.0,0.053770555722903936,0.07841040215871489,0.11210546794135536
e3fc4d6e,e3fc4d6e,352,519,1,single-session-assistant,LOW48,0.5,1.0,1.0,0.0,,,,0.053770555722903936,0.07841040215871489,0.11210546794135536
e3fc4d6e,e3fc4d6e,352,519,1,single-session-assistant,LOW48,1.0,1.0,1.0,0.0,1.0,1.0,0.0,0.053770555722903936,0.07841040215871489,0.11210546794135536
e3fc4d6e,e3fc4d6e,352,519,1,single-session-assistant,LOW48,2.0,1.0,1.0,0.0,,,,0.053770555722903936,0.07841040215871489,0.11210546794135536
e3fc4d6e,e3fc4d6e,352,519,1,single-session-assistant,LOW48,4.0,1.0,1.0,0.0,1.0,1.0,0.0,0.053770555722903936,0.07841040215871489,0.11210546794135536
e3fc4d6e,e3fc4d6e,352,519,1,single-session-assistant,HIGH48,0.25,1.0,1.0,0.0,1.0,1.0,0.0,0.053770555722903936,0.11210546794135536,0.07841040215871489
e3fc4d6e,e3fc4d6e,352,519,1,single-session-assistant,HIGH48,0.5,1.0,1.0,0.0,,,,0.053770555722903936,0.11210546794135536,0.07841040215871489
e3fc4d6e,e3fc4d6e,352,519,1,single-session-assistant,HIGH48,1.0,1.0,1.0,0.0,1.0,1.0,0.0,0.053770555722903936,0.11210546794135536,0.07841040215871489
e3fc4d6e,e3fc4d6e,352,519,1,single-session-assistant,HIGH48,2.0,1.0,1.0,0.0,,,,0.053770555722903936,0.11210546794135536,0.07841040215871489
e3fc4d6e,e3fc4d6e,352,519,1,single-session-assistant,HIGH48,4.0,1.0,1.0,0.0,1.0,1.0,0.0,0.053770555722903936,0.11210546794135536,0.07841040215871489
e3fc4d6e,e3fc4d6e,352,519,1,single-session-assistant,FULL96,0.25,1.0,1.0,0.0,1.0,1.0,0.0,0.053770555722903936,0.09673630939063588,nan
e3fc4d6e,e3fc4d6e,352,519,1,single-session-assistant,FULL96,0.5,1.0,1.0,0.0,,,,0.053770555722903936,0.09673630939063588,nan
e3fc4d6e,e3fc4d6e,352,519,1,single-session-assistant,FULL96,1.0,1.0,1.0,0.0,1.0,1.0,0.0,0.053770555722903936,0.09673630939063588,nan
e3fc4d6e,e3fc4d6e,352,519,1,single-session-assistant,FULL96,2.0,1.0,1.0,0.0,,,,0.053770555722903936,0.09673630939063588,nan
e3fc4d6e,e3fc4d6e,352,519,1,single-session-assistant,FULL96,4.0,1.0,1.0,0.0,1.0,1.0,0.0,0.053770555722903936,0.09673630939063588,nan
e47becba,e47becba,353,550,2,single-session-user,LOW48,0.25,0.25,0.0,0.25,0.175,0.0,0.175,0.09384521924607599,0.0818643790522702,0.10878689464583889
e47becba,e47becba,353,550,2,single-session-user,LOW48,0.5,0.25,0.0,0.25,,,,0.09384521924607599,0.0818643790522702,0.10878689464583889
e47becba,e47becba,353,550,2,single-session-user,LOW48,1.0,0.25,0.0,0.25,0.175,0.0,0.175,0.09384521924607599,0.0818643790522702,0.10878689464583889
e47becba,e47becba,353,550,2,single-session-user,LOW48,2.0,0.25,0.0,0.25,,,,0.09384521924607599,0.0818643790522702,0.10878689464583889
e47becba,e47becba,353,550,2,single-session-user,LOW48,4.0,0.25,0.0,0.25,0.175,0.0,0.175,0.09384521924607599,0.0818643790522702,0.10878689464583889
e47becba,e47becba,353,550,2,single-session-user,HIGH48,0.25,0.25,0.0,0.25,0.175,0.0,0.175,0.09384521924607599,0.10878689464583888,0.0818643790522702
e47becba,e47becba,353,550,2,single-session-user,HIGH48,0.5,0.25,0.0,0.25,,,,0.09384521924607599,0.10878689464583888,0.0818643790522702
e47becba,e47becba,353,550,2,single-session-user,HIGH48,1.0,0.25,0.0,0.25,0.175,0.0,0.175,0.09384521924607599,0.10878689464583888,0.0818643790522702
e47becba,e47becba,353,550,2,single-session-user,HIGH48,2.0,0.25,0.0,0.25,,,,0.09384521924607599,0.10878689464583888,0.0818643790522702
e47becba,e47becba,353,550,2,single-session-user,HIGH48,4.0,0.25,0.0,0.25,0.175,0.0,0.175,0.09384521924607599,0.10878689464583888,0.0818643790522702
e47becba,e47becba,353,550,2,single-session-user,FULL96,0.25,0.25,0.0,0.25,0.175,0.0,0.175,0.09384521924607599,0.09627140022950384,nan
e47becba,e47becba,353,550,2,single-session-user,FULL96,0.5,0.25,0.0,0.25,,,,0.09384521924607599,0.09627140022950384,nan
e47becba,e47becba,353,550,2,single-session-user,FULL96,1.0,0.25,0.0,0.25,0.175,0.0,0.175,0.09384521924607599,0.09627140022950384,nan
e47becba,e47becba,353,550,2,single-session-user,FULL96,2.0,0.25,0.0,0.25,,,,0.09384521924607599,0.09627140022950384,nan
e47becba,e47becba,353,550,2,single-session-user,FULL96,4.0,0.25,0.0,0.25,0.175,0.0,0.175,0.09384521924607599,0.09627140022950384,nan
e48988bc,e48988bc,354,530,1,single-session-assistant,LOW48,0.25,1.0,1.0,0.0,1.0,1.0,0.0,0.14330470371811022,0.07519978820267575,0.11370680695875086
e48988bc,e48988bc,354,530,1,single-session-assistant,LOW48,0.5,1.0,1.0,0.0,,,,0.14330470371811022,0.07519978820267575,0.11370680695875086
e48988bc,e48988bc,354,530,1,single-session-assistant,LOW48,1.0,1.0,1.0,0.0,1.0,1.0,0.0,0.14330470371811022,0.07519978820267575,0.11370680695875086
e48988bc,e48988bc,354,530,1,single-session-assistant,LOW48,2.0,1.0,1.0,0.0,,,,0.14330470371811022,0.07519978820267575,0.11370680695875086
e48988bc,e48988bc,354,530,1,single-session-assistant,LOW48,4.0,1.0,0.0,1.0,1.0,0.0,1.0,0.14330470371811022,0.07519978820267575,0.11370680695875086
e48988bc,e48988bc,354,530,1,single-session-assistant,HIGH48,0.25,1.0,0.0,1.0,1.0,0.0,1.0,0.14330470371811022,0.11370680695875086,0.07519978820267575
e48988bc,e48988bc,354,530,1,single-session-assistant,HIGH48,0.5,1.0,1.0,0.0,,,,0.14330470371811022,0.11370680695875086,0.07519978820267575
e48988bc,e48988bc,354,530,1,single-session-assistant,HIGH48,1.0,1.0,1.0,0.0,1.0,1.0,0.0,0.14330470371811022,0.11370680695875086,0.07519978820267575
e48988bc,e48988bc,354,530,1,single-session-assistant,HIGH48,2.0,1.0,1.0,0.0,,,,0.14330470371811022,0.11370680695875086,0.07519978820267575
e48988bc,e48988bc,354,530,1,single-session-assistant,HIGH48,4.0,1.0,1.0,0.0,1.0,1.0,0.0,0.14330470371811022,0.11370680695875086,0.07519978820267575
e48988bc,e48988bc,354,530,1,single-session-assistant,FULL96,0.25,1.0,1.0,0.0,1.0,1.0,0.0,0.14330470371811022,0.09639565886097239,nan
e48988bc,e48988bc,354,530,1,single-session-assistant,FULL96,0.5,1.0,1.0,0.0,,,,0.14330470371811022,0.09639565886097239,nan
e48988bc,e48988bc,354,530,1,single-session-assistant,FULL96,1.0,1.0,1.0,0.0,1.0,1.0,0.0,0.14330470371811022,0.09639565886097239,nan
e48988bc,e48988bc,354,530,1,single-session-assistant,FULL96,2.0,1.0,1.0,0.0,,,,0.14330470371811022,0.09639565886097239,nan
e48988bc,e48988bc,354,530,1,single-session-assistant,FULL96,4.0,1.0,1.0,0.0,1.0,1.0,0.0,0.14330470371811022,0.09639565886097239,nan
e493bb7c,e493bb7c,355,506,2,knowledge-update,LOW48,0.25,0.5,0.5,0.0,0.5,0.5,0.0,0.1405707640221682,0.08217757275045282,0.10939834058424604
e493bb7c,e493bb7c,355,506,2,knowledge-update,LOW48,0.5,0.5,0.5,0.0,,,,0.1405707640221682,0.08217757275045282,0.10939834058424604
e493bb7c,e493bb7c,355,506,2,knowledge-update,LOW48,1.0,0.5,0.5,0.0,0.5,0.5,0.0,0.1405707640221682,0.08217757275045282,0.10939834058424604
e493bb7c,e493bb7c,355,506,2,knowledge-update,LOW48,2.0,0.5,0.5,0.0,,,,0.1405707640221682,0.08217757275045282,0.10939834058424604
e493bb7c,e493bb7c,355,506,2,knowledge-update,LOW48,4.0,0.5,0.5,0.0,0.5,0.5,0.0,0.1405707640221682,0.08217757275045282,0.10939834058424604
e493bb7c,e493bb7c,355,506,2,knowledge-update,HIGH48,0.25,0.5,0.5,0.0,0.5,0.5,0.0,0.1405707640221682,0.10939834058424604,0.08217757275045282
e493bb7c,e493bb7c,355,506,2,knowledge-update,HIGH48,0.5,0.5,0.5,0.0,,,,0.1405707640221682,0.10939834058424604,0.08217757275045282
e493bb7c,e493bb7c,355,506,2,knowledge-update,HIGH48,1.0,0.5,0.5,0.0,0.5,0.5,0.0,0.1405707640221682,0.10939834058424604,0.08217757275045282
e493bb7c,e493bb7c,355,506,2,knowledge-update,HIGH48,2.0,0.5,0.5,0.0,,,,0.1405707640221682,0.10939834058424604,0.08217757275045282
e493bb7c,e493bb7c,355,506,2,knowledge-update,HIGH48,4.0,0.5,0.5,0.0,0.5,0.5,0.0,0.1405707640221682,0.10939834058424604,0.08217757275045282
e493bb7c,e493bb7c,355,506,2,knowledge-update,FULL96,0.25,0.5,0.5,0.0,0.5,0.5,0.0,0.1405707640221682,0.09675006559621202,nan
e493bb7c,e493bb7c,355,506,2,knowledge-update,FULL96,0.5,0.5,0.5,0.0,,,,0.1405707640221682,0.09675006559621202,nan
e493bb7c,e493bb7c,355,506,2,knowledge-update,FULL96,1.0,0.5,0.5,0.0,0.5,0.5,0.0,0.1405707640221682,0.09675006559621202,nan
e493bb7c,e493bb7c,355,506,2,knowledge-update,FULL96,2.0,0.5,0.5,0.0,,,,0.1405707640221682,0.09675006559621202,nan
e493bb7c,e493bb7c,355,506,2,knowledge-update,FULL96,4.0,0.5,0.5,0.0,0.5,0.5,0.0,0.1405707640221682,0.09675006559621202,nan
e4e14d04,e4e14d04,356,461,2,temporal-reasoning,LOW48,0.25,1.0,1.0,0.0,1.0,1.0,0.0,0.12842780148515792,0.08135662301058631,0.10924989255804539
e4e14d04,e4e14d04,356,461,2,temporal-reasoning,LOW48,0.5,1.0,1.0,0.0,,,,0.12842780148515792,0.08135662301058631,0.10924989255804539
e4e14d04,e4e14d04,356,461,2,temporal-reasoning,LOW48,1.0,1.0,1.0,0.0,1.0,1.0,0.0,0.12842780148515792,0.08135662301058631,0.10924989255804539
e4e14d04,e4e14d04,356,461,2,temporal-reasoning,LOW48,2.0,1.0,1.0,0.0,,,,0.12842780148515792,0.08135662301058631,0.10924989255804539
e4e14d04,e4e14d04,356,461,2,temporal-reasoning,LOW48,4.0,1.0,1.0,0.0,1.0,1.0,0.0,0.12842780148515792,0.08135662301058631,0.10924989255804539
e4e14d04,e4e14d04,356,461,2,temporal-reasoning,HIGH48,0.25,1.0,1.0,0.0,1.0,1.0,0.0,0.12842780148515792,0.1092498925580454,0.08135662301058631
e4e14d04,e4e14d04,356,461,2,temporal-reasoning,HIGH48,0.5,1.0,1.0,0.0,,,,0.12842780148515792,0.1092498925580454,0.08135662301058631
e4e14d04,e4e14d04,356,461,2,temporal-reasoning,HIGH48,1.0,1.0,1.0,0.0,1.0,1.0,0.0,0.12842780148515792,0.1092498925580454,0.08135662301058631
e4e14d04,e4e14d04,356,461,2,temporal-reasoning,HIGH48,2.0,1.0,1.0,0.0,,,,0.12842780148515792,0.1092498925580454,0.08135662301058631
e4e14d04,e4e14d04,356,461,2,temporal-reasoning,HIGH48,4.0,1.0,1.0,0.0,1.0,1.0,0.0,0.12842780148515792,0.1092498925580454,0.08135662301058631
e4e14d04,e4e14d04,356,461,2,temporal-reasoning,FULL96,0.25,1.0,1.0,0.0,1.0,1.0,0.0,0.12842780148515792,0.09631832414351675,nan
e4e14d04,e4e14d04,356,461,2,temporal-reasoning,FULL96,0.5,1.0,1.0,0.0,,,,0.12842780148515792,0.09631832414351675,nan
e4e14d04,e4e14d04,356,461,2,temporal-reasoning,FULL96,1.0,1.0,1.0,0.0,1.0,1.0,0.0,0.12842780148515792,0.09631832414351675,nan
e4e14d04,e4e14d04,356,461,2,temporal-reasoning,FULL96,2.0,1.0,1.0,0.0,,,,0.12842780148515792,0.09631832414351675,nan
e4e14d04,e4e14d04,356,461,2,temporal-reasoning,FULL96,4.0,1.0,1.0,0.0,1.0,1.0,0.0,0.12842780148515792,0.09631832414351675,nan
e56a43b9,e56a43b9,357,448,2,multi-session,LOW48,0.25,0.5,0.5,0.0,0.5,0.5,0.0,0.09193949663188287,0.07288030079823395,0.11596934269253487
e56a43b9,e56a43b9,357,448,2,multi-session,LOW48,0.5,0.5,0.5,0.0,,,,0.09193949663188287,0.07288030079823395,0.11596934269253487
e56a43b9,e56a43b9,357,448,2,multi-session,LOW48,1.0,0.5,0.5,0.0,0.5,0.5,0.0,0.09193949663188287,0.07288030079823395,0.11596934269253487
e56a43b9,e56a43b9,357,448,2,multi-session,LOW48,2.0,0.5,0.5,0.0,,,,0.09193949663188287,0.07288030079823395,0.11596934269253487
e56a43b9,e56a43b9,357,448,2,multi-session,LOW48,4.0,0.5,0.5,0.0,0.5,0.5,0.0,0.09193949663188287,0.07288030079823395,0.11596934269253487
e56a43b9,e56a43b9,357,448,2,multi-session,HIGH48,0.25,0.5,0.5,0.0,0.5,0.5,0.0,0.09193949663188287,0.11596934269253485,0.07288030079823396
e56a43b9,e56a43b9,357,448,2,multi-session,HIGH48,0.5,0.5,0.5,0.0,,,,0.09193949663188287,0.11596934269253485,0.07288030079823396
e56a43b9,e56a43b9,357,448,2,multi-session,HIGH48,1.0,0.5,0.5,0.0,0.5,0.5,0.0,0.09193949663188287,0.11596934269253485,0.07288030079823396
e56a43b9,e56a43b9,357,448,2,multi-session,HIGH48,2.0,0.5,0.5,0.0,,,,0.09193949663188287,0.11596934269253485,0.07288030079823396
e56a43b9,e56a43b9,357,448,2,multi-session,HIGH48,4.0,0.5,0.5,0.0,0.5,0.5,0.0,0.09193949663188287,0.11596934269253485,0.07288030079823396
e56a43b9,e56a43b9,357,448,2,multi-session,FULL96,0.25,0.5,0.5,0.0,0.5,0.5,0.0,0.09193949663188287,0.09685150150870055,nan
e56a43b9,e56a43b9,357,448,2,multi-session,FULL96,0.5,0.5,0.5,0.0,,,,0.09193949663188287,0.09685150150870055,nan
e56a43b9,e56a43b9,357,448,2,multi-session,FULL96,1.0,0.5,0.5,0.0,0.5,0.5,0.0,0.09193949663188287,0.09685150150870055,nan
e56a43b9,e56a43b9,357,448,2,multi-session,FULL96,2.0,0.5,0.5,0.0,,,,0.09193949663188287,0.09685150150870055,nan
e56a43b9,e56a43b9,357,448,2,multi-session,FULL96,4.0,0.5,0.5,0.0,0.5,0.5,0.0,0.09193949663188287,0.09685150150870055,nan
e6041065,e6041065,359,493,2,multi-session,LOW48,0.25,1.0,0.5,0.5,1.0,0.5,0.5,0.14119788052515003,0.06913144573982943,0.11789727527997675
e6041065,e6041065,359,493,2,multi-session,LOW48,0.5,1.0,0.5,0.5,,,,0.14119788052515003,0.06913144573982943,0.11789727527997675
e6041065,e6041065,359,493,2,multi-session,LOW48,1.0,1.0,0.5,0.5,1.0,0.5,0.5,0.14119788052515003,0.06913144573982943,0.11789727527997675
e6041065,e6041065,359,493,2,multi-session,LOW48,2.0,1.0,1.0,0.0,,,,0.14119788052515003,0.06913144573982943,0.11789727527997675
e6041065,e6041065,359,493,2,multi-session,LOW48,4.0,1.0,1.0,0.0,1.0,1.0,0.0,0.14119788052515003,0.06913144573982943,0.11789727527997675
e6041065,e6041065,359,493,2,multi-session,HIGH48,0.25,1.0,1.0,0.0,1.0,1.0,0.0,0.14119788052515003,0.11789727527997675,0.06913144573982943
e6041065,e6041065,359,493,2,multi-session,HIGH48,0.5,1.0,1.0,0.0,,,,0.14119788052515003,0.11789727527997675,0.06913144573982943
e6041065,e6041065,359,493,2,multi-session,HIGH48,1.0,1.0,0.5,0.5,1.0,0.5,0.5,0.14119788052515003,0.11789727527997675,0.06913144573982943
e6041065,e6041065,359,493,2,multi-session,HIGH48,2.0,1.0,0.5,0.5,,,,0.14119788052515003,0.11789727527997675,0.06913144573982943
e6041065,e6041065,359,493,2,multi-session,HIGH48,4.0,1.0,0.5,0.5,1.0,0.5,0.5,0.14119788052515003,0.11789727527997675,0.06913144573982943
e6041065,e6041065,359,493,2,multi-session,FULL96,0.25,1.0,0.5,0.5,1.0,0.5,0.5,0.14119788052515003,0.09664089276419584,nan
e6041065,e6041065,359,493,2,multi-session,FULL96,0.5,1.0,0.5,0.5,,,,0.14119788052515003,0.09664089276419584,nan
e6041065,e6041065,359,493,2,multi-session,FULL96,1.0,1.0,0.5,0.5,1.0,0.5,0.5,0.14119788052515003,0.09664089276419584,nan
e6041065,e6041065,359,493,2,multi-session,FULL96,2.0,1.0,0.5,0.5,,,,0.14119788052515003,0.09664089276419584,nan
e6041065,e6041065,359,493,2,multi-session,FULL96,4.0,1.0,0.5,0.5,1.0,0.5,0.5,0.14119788052515003,0.09664089276419584,nan
e61a7584,e61a7584,360,496,2,knowledge-update,LOW48,0.25,0.5,0.5,0.0,0.5,0.5,0.0,0.18878806067063011,0.0815743993222925,0.1091628396476305
e61a7584,e61a7584,360,496,2,knowledge-update,LOW48,0.5,0.5,0.5,0.0,,,,0.18878806067063011,0.0815743993222925,0.1091628396476305
e61a7584,e61a7584,360,496,2,knowledge-update,LOW48,1.0,0.5,0.0,0.5,0.5,0.0,0.5,0.18878806067063011,0.0815743993222925,0.1091628396476305
e61a7584,e61a7584,360,496,2,knowledge-update,LOW48,2.0,0.5,0.0,0.5,,,,0.18878806067063011,0.0815743993222925,0.1091628396476305
e61a7584,e61a7584,360,496,2,knowledge-update,LOW48,4.0,0.5,0.0,0.5,0.5,0.0,0.5,0.18878806067063011,0.0815743993222925,0.1091628396476305
e61a7584,e61a7584,360,496,2,knowledge-update,HIGH48,0.25,0.5,0.0,0.5,0.5,0.0,0.5,0.18878806067063011,0.1091628396476305,0.0815743993222925
e61a7584,e61a7584,360,496,2,knowledge-update,HIGH48,0.5,0.5,0.0,0.5,,,,0.18878806067063011,0.1091628396476305,0.0815743993222925
e61a7584,e61a7584,360,496,2,knowledge-update,HIGH48,1.0,0.5,0.0,0.5,0.5,0.0,0.5,0.18878806067063011,0.1091628396476305,0.0815743993222925
e61a7584,e61a7584,360,496,2,knowledge-update,HIGH48,2.0,0.5,0.5,0.0,,,,0.18878806067063011,0.1091628396476305,0.0815743993222925
e61a7584,e61a7584,360,496,2,knowledge-update,HIGH48,4.0,0.5,0.5,0.0,0.5,0.5,0.0,0.18878806067063011,0.1091628396476305,0.0815743993222925
e61a7584,e61a7584,360,496,2,knowledge-update,FULL96,0.25,0.5,0.0,0.5,0.5,0.0,0.5,0.18878806067063011,0.0963610610794815,nan
e61a7584,e61a7584,360,496,2,knowledge-update,FULL96,0.5,0.5,0.0,0.5,,,,0.18878806067063011,0.0963610610794815,nan
e61a7584,e61a7584,360,496,2,knowledge-update,FULL96,1.0,0.5,0.0,0.5,0.5,0.0,0.5,0.18878806067063011,0.0963610610794815,nan
e61a7584,e61a7584,360,496,2,knowledge-update,FULL96,2.0,0.5,0.0,0.5,,,,0.18878806067063011,0.0963610610794815,nan
e61a7584,e61a7584,360,496,2,knowledge-update,FULL96,4.0,0.5,0.0,0.5,0.5,0.0,0.5,0.18878806067063011,0.0963610610794815,nan
e66b632c,e66b632c,361,506,2,knowledge-update,LOW48,0.25,0.5,0.5,0.0,0.5,0.5,0.0,0.21218503154857032,0.08185966239320532,0.10949206625473522
e66b632c,e66b632c,361,506,2,knowledge-update,LOW48,0.5,0.5,0.5,0.0,,,,0.21218503154857032,0.08185966239320532,0.10949206625473522
e66b632c,e66b632c,361,506,2,knowledge-update,LOW48,1.0,0.5,0.5,0.0,0.5,0.5,0.0,0.21218503154857032,0.08185966239320532,0.10949206625473522
e66b632c,e66b632c,361,506,2,knowledge-update,LOW48,2.0,0.5,0.5,0.0,,,,0.21218503154857032,0.08185966239320532,0.10949206625473522
e66b632c,e66b632c,361,506,2,knowledge-update,LOW48,4.0,0.5,0.5,0.0,0.5,0.5,0.0,0.21218503154857032,0.08185966239320532,0.10949206625473522
e66b632c,e66b632c,361,506,2,knowledge-update,HIGH48,0.25,0.5,0.5,0.0,0.5,0.5,0.0,0.21218503154857032,0.10949206625473522,0.08185966239320532
e66b632c,e66b632c,361,506,2,knowledge-update,HIGH48,0.5,0.5,0.5,0.0,,,,0.21218503154857032,0.10949206625473522,0.08185966239320532
e66b632c,e66b632c,361,506,2,knowledge-update,HIGH48,1.0,0.5,0.5,0.0,0.5,0.5,0.0,0.21218503154857032,0.10949206625473522,0.08185966239320532
e66b632c,e66b632c,361,506,2,knowledge-update,HIGH48,2.0,0.5,0.5,0.0,,,,0.21218503154857032,0.10949206625473522,0.08185966239320532
e66b632c,e66b632c,361,506,2,knowledge-update,HIGH48,4.0,0.5,0.5,0.0,0.5,0.5,0.0,0.21218503154857032,0.10949206625473522,0.08185966239320532
e66b632c,e66b632c,361,506,2,knowledge-update,FULL96,0.25,0.5,0.5,0.0,0.5,0.5,0.0,0.21218503154857032,0.09666829081932939,nan
e66b632c,e66b632c,361,506,2,knowledge-update,FULL96,0.5,0.5,0.5,0.0,,,,0.21218503154857032,0.09666829081932939,nan
e66b632c,e66b632c,361,506,2,knowledge-update,FULL96,1.0,0.5,0.5,0.0,0.5,0.5,0.0,0.21218503154857032,0.09666829081932939,nan
e66b632c,e66b632c,361,506,2,knowledge-update,FULL96,2.0,0.5,0.5,0.0,,,,0.21218503154857032,0.09666829081932939,nan
e66b632c,e66b632c,361,506,2,knowledge-update,FULL96,4.0,0.5,0.5,0.0,0.5,0.5,0.0,0.21218503154857032,0.09666829081932939,nan
e831120c,e831120c,362,481,2,multi-session,LOW48,0.25,0.5,0.5,0.0,0.5,0.5,0.0,0.13074727004611203,0.07646439200348118,0.11340506868678987
e831120c,e831120c,362,481,2,multi-session,LOW48,0.5,0.5,0.5,0.0,,,,0.13074727004611203,0.07646439200348118,0.11340506868678987
e831120c,e831120c,362,481,2,multi-session,LOW48,1.0,0.5,0.5,0.0,0.5,0.5,0.0,0.13074727004611203,0.07646439200348118,0.11340506868678987
e831120c,e831120c,362,481,2,multi-session,LOW48,2.0,0.5,0.0,0.5,,,,0.13074727004611203,0.07646439200348118,0.11340506868678987
e831120c,e831120c,362,481,2,multi-session,LOW48,4.0,0.5,0.5,0.0,0.5,0.5,0.0,0.13074727004611203,0.07646439200348118,0.11340506868678987
e831120c,e831120c,362,481,2,multi-session,HIGH48,0.25,0.5,0.5,0.0,0.5,0.5,0.0,0.13074727004611203,0.11340506868678987,0.07646439200348118
e831120c,e831120c,362,481,2,multi-session,HIGH48,0.5,0.5,0.0,0.5,,,,0.13074727004611203,0.11340506868678987,0.07646439200348118
e831120c,e831120c,362,481,2,multi-session,HIGH48,1.0,0.5,0.5,0.0,0.5,0.5,0.0,0.13074727004611203,0.11340506868678987,0.07646439200348118
e831120c,e831120c,362,481,2,multi-session,HIGH48,2.0,0.5,0.5,0.0,,,,0.13074727004611203,0.11340506868678987,0.07646439200348118
e831120c,e831120c,362,481,2,multi-session,HIGH48,4.0,0.5,0.5,0.0,0.5,0.5,0.0,0.13074727004611203,0.11340506868678987,0.07646439200348118
e831120c,e831120c,362,481,2,multi-session,FULL96,0.25,0.5,0.5,0.0,0.5,0.5,0.0,0.13074727004611203,0.09671482008543873,nan
e831120c,e831120c,362,481,2,multi-session,FULL96,0.5,0.5,0.5,0.0,,,,0.13074727004611203,0.09671482008543873,nan
e831120c,e831120c,362,481,2,multi-session,FULL96,1.0,0.5,0.5,0.0,0.5,0.5,0.0,0.13074727004611203,0.09671482008543873,nan
e831120c,e831120c,362,481,2,multi-session,FULL96,2.0,0.5,0.5,0.0,,,,0.13074727004611203,0.09671482008543873,nan
e831120c,e831120c,362,481,2,multi-session,FULL96,4.0,0.5,0.5,0.0,0.5,0.5,0.0,0.13074727004611203,0.09671482008543873,nan
e8a79c70,e8a79c70,363,483,1,single-session-assistant,LOW48,0.25,0.0,0.0,0.0,0.0,0.0,0.0,0.06119674981172913,0.0714052813558365,0.11666425569684338
e8a79c70,e8a79c70,363,483,1,single-session-assistant,LOW48,0.5,0.0,0.0,0.0,,,,0.06119674981172913,0.0714052813558365,0.11666425569684338
e8a79c70,e8a79c70,363,483,1,single-session-assistant,LOW48,1.0,0.0,0.0,0.0,0.0,0.0,0.0,0.06119674981172913,0.0714052813558365,0.11666425569684338
e8a79c70,e8a79c70,363,483,1,single-session-assistant,LOW48,2.0,0.0,0.0,0.0,,,,0.06119674981172913,0.0714052813558365,0.11666425569684338
e8a79c70,e8a79c70,363,483,1,single-session-assistant,LOW48,4.0,0.0,0.0,0.0,0.0,0.0,0.0,0.06119674981172913,0.0714052813558365,0.11666425569684338
e8a79c70,e8a79c70,363,483,1,single-session-assistant,HIGH48,0.25,0.0,0.0,0.0,0.0,0.0,0.0,0.06119674981172913,0.11666425569684338,0.07140528135583651
e8a79c70,e8a79c70,363,483,1,single-session-assistant,HIGH48,0.5,0.0,0.0,0.0,,,,0.06119674981172913,0.11666425569684338,0.07140528135583651
e8a79c70,e8a79c70,363,483,1,single-session-assistant,HIGH48,1.0,0.0,0.0,0.0,0.0,0.0,0.0,0.06119674981172913,0.11666425569684338,0.07140528135583651
e8a79c70,e8a79c70,363,483,1,single-session-assistant,HIGH48,2.0,0.0,0.0,0.0,,,,0.06119674981172913,0.11666425569684338,0.07140528135583651
e8a79c70,e8a79c70,363,483,1,single-session-assistant,HIGH48,4.0,0.0,0.0,0.0,0.0,0.0,0.0,0.06119674981172913,0.11666425569684338,0.07140528135583651
e8a79c70,e8a79c70,363,483,1,single-session-assistant,FULL96,0.25,0.0,0.0,0.0,0.0,0.0,0.0,0.06119674981172913,0.09671934336730328,nan
e8a79c70,e8a79c70,363,483,1,single-session-assistant,FULL96,0.5,0.0,0.0,0.0,,,,0.06119674981172913,0.09671934336730328,nan
e8a79c70,e8a79c70,363,483,1,single-session-assistant,FULL96,1.0,0.0,0.0,0.0,0.0,0.0,0.0,0.06119674981172913,0.09671934336730328,nan
e8a79c70,e8a79c70,363,483,1,single-session-assistant,FULL96,2.0,0.0,0.0,0.0,,,,0.06119674981172913,0.09671934336730328,nan
e8a79c70,e8a79c70,363,483,1,single-session-assistant,FULL96,4.0,0.0,0.0,0.0,0.0,0.0,0.0,0.06119674981172913,0.09671934336730328,nan
e9327a54,e9327a54,364,533,1,single-session-assistant,LOW48,0.25,1.0,1.0,0.0,1.0,1.0,0.0,0.0758379370987582,0.059694192608106406,0.12317508764583768
e9327a54,e9327a54,364,533,1,single-session-assistant,LOW48,0.5,1.0,1.0,0.0,,,,0.0758379370987582,0.059694192608106406,0.12317508764583768
e9327a54,e9327a54,364,533,1,single-session-assistant,LOW48,1.0,1.0,1.0,0.0,1.0,1.0,0.0,0.0758379370987582,0.059694192608106406,0.12317508764583768
e9327a54,e9327a54,364,533,1,single-session-assistant,LOW48,2.0,1.0,1.0,0.0,,,,0.0758379370987582,0.059694192608106406,0.12317508764583768
e9327a54,e9327a54,364,533,1,single-session-assistant,LOW48,4.0,1.0,1.0,0.0,1.0,1.0,0.0,0.0758379370987582,0.059694192608106406,0.12317508764583768
e9327a54,e9327a54,364,533,1,single-session-assistant,HIGH48,0.25,1.0,1.0,0.0,1.0,1.0,0.0,0.0758379370987582,0.12317508764583769,0.059694192608106406
e9327a54,e9327a54,364,533,1,single-session-assistant,HIGH48,0.5,1.0,1.0,0.0,,,,0.0758379370987582,0.12317508764583769,0.059694192608106406
e9327a54,e9327a54,364,533,1,single-session-assistant,HIGH48,1.0,1.0,1.0,0.0,1.0,1.0,0.0,0.0758379370987582,0.12317508764583769,0.059694192608106406
e9327a54,e9327a54,364,533,1,single-session-assistant,HIGH48,2.0,1.0,1.0,0.0,,,,0.0758379370987582,0.12317508764583769,0.059694192608106406
e9327a54,e9327a54,364,533,1,single-session-assistant,HIGH48,4.0,1.0,1.0,0.0,1.0,1.0,0.0,0.0758379370987582,0.12317508764583769,0.059694192608106406
e9327a54,e9327a54,364,533,1,single-session-assistant,FULL96,0.25,1.0,1.0,0.0,1.0,1.0,0.0,0.0758379370987582,0.0967871345988027,nan
e9327a54,e9327a54,364,533,1,single-session-assistant,FULL96,0.5,1.0,1.0,0.0,,,,0.0758379370987582,0.0967871345988027,nan
e9327a54,e9327a54,364,533,1,single-session-assistant,FULL96,1.0,1.0,1.0,0.0,1.0,1.0,0.0,0.0758379370987582,0.0967871345988027,nan
e9327a54,e9327a54,364,533,1,single-session-assistant,FULL96,2.0,1.0,1.0,0.0,,,,0.0758379370987582,0.0967871345988027,nan
e9327a54,e9327a54,364,533,1,single-session-assistant,FULL96,4.0,1.0,1.0,0.0,1.0,1.0,0.0,0.0758379370987582,0.0967871345988027,nan
e982271f,e982271f,365,589,1,single-session-assistant,LOW48,0.25,1.0,1.0,0.0,1.0,1.0,0.0,0.0679742043355061,0.07463505912366548,0.11337512406632101
e982271f,e982271f,365,589,1,single-session-assistant,LOW48,0.5,1.0,1.0,0.0,,,,0.0679742043355061,0.07463505912366548,0.11337512406632101
e982271f,e982271f,365,589,1,single-session-assistant,LOW48,1.0,1.0,1.0,0.0,1.0,1.0,0.0,0.0679742043355061,0.07463505912366548,0.11337512406632101
e982271f,e982271f,365,589,1,single-session-assistant,LOW48,2.0,1.0,1.0,0.0,,,,0.0679742043355061,0.07463505912366548,0.11337512406632101
e982271f,e982271f,365,589,1,single-session-assistant,LOW48,4.0,1.0,1.0,0.0,1.0,1.0,0.0,0.0679742043355061,0.07463505912366548,0.11337512406632101
e982271f,e982271f,365,589,1,single-session-assistant,HIGH48,0.25,1.0,1.0,0.0,1.0,1.0,0.0,0.0679742043355061,0.11337512406632101,0.07463505912366548
e982271f,e982271f,365,589,1,single-session-assistant,HIGH48,0.5,1.0,1.0,0.0,,,,0.0679742043355061,0.11337512406632101,0.07463505912366548
e982271f,e982271f,365,589,1,single-session-assistant,HIGH48,1.0,1.0,1.0,0.0,1.0,1.0,0.0,0.0679742043355061,0.11337512406632101,0.07463505912366548
e982271f,e982271f,365,589,1,single-session-assistant,HIGH48,2.0,1.0,1.0,0.0,,,,0.0679742043355061,0.11337512406632101,0.07463505912366548
e982271f,e982271f,365,589,1,single-session-assistant,HIGH48,4.0,1.0,1.0,0.0,1.0,1.0,0.0,0.0679742043355061,0.11337512406632101,0.07463505912366548
e982271f,e982271f,365,589,1,single-session-assistant,FULL96,0.25,1.0,1.0,0.0,1.0,1.0,0.0,0.0679742043355061,0.09597997397229989,nan
e982271f,e982271f,365,589,1,single-session-assistant,FULL96,0.5,1.0,1.0,0.0,,,,0.0679742043355061,0.09597997397229989,nan
e982271f,e982271f,365,589,1,single-session-assistant,FULL96,1.0,1.0,1.0,0.0,1.0,1.0,0.0,0.0679742043355061,0.09597997397229989,nan
e982271f,e982271f,365,589,1,single-session-assistant,FULL96,2.0,1.0,1.0,0.0,,,,0.0679742043355061,0.09597997397229989,nan
e982271f,e982271f,365,589,1,single-session-assistant,FULL96,4.0,1.0,1.0,0.0,1.0,1.0,0.0,0.0679742043355061,0.09597997397229989,nan
eac54adc,eac54adc,366,464,2,temporal-reasoning,LOW48,0.25,0.5,0.5,0.0,0.5,0.5,0.0,0.05515328418268053,0.07714230785238743,0.11201124754252723
eac54adc,eac54adc,366,464,2,temporal-reasoning,LOW48,0.5,0.5,0.5,0.0,,,,0.05515328418268053,0.07714230785238743,0.11201124754252723
eac54adc,eac54adc,366,464,2,temporal-reasoning,LOW48,1.0,0.5,0.5,0.0,0.5,0.5,0.0,0.05515328418268053,0.07714230785238743,0.11201124754252723
eac54adc,eac54adc,366,464,2,temporal-reasoning,LOW48,2.0,0.5,0.5,0.0,,,,0.05515328418268053,0.07714230785238743,0.11201124754252723
eac54adc,eac54adc,366,464,2,temporal-reasoning,LOW48,4.0,0.5,0.5,0.0,0.5,0.5,0.0,0.05515328418268053,0.07714230785238743,0.11201124754252723
eac54adc,eac54adc,366,464,2,temporal-reasoning,HIGH48,0.25,0.5,0.5,0.0,0.5,0.5,0.0,0.05515328418268053,0.11201124754252723,0.07714230785238745
eac54adc,eac54adc,366,464,2,temporal-reasoning,HIGH48,0.5,0.5,0.5,0.0,,,,0.05515328418268053,0.11201124754252723,0.07714230785238745
eac54adc,eac54adc,366,464,2,temporal-reasoning,HIGH48,1.0,0.5,0.5,0.0,0.5,0.5,0.0,0.05515328418268053,0.11201124754252723,0.07714230785238745
eac54adc,eac54adc,366,464,2,temporal-reasoning,HIGH48,2.0,0.5,0.5,0.0,,,,0.05515328418268053,0.11201124754252723,0.07714230785238745
eac54adc,eac54adc,366,464,2,temporal-reasoning,HIGH48,4.0,0.5,0.5,0.0,0.5,0.5,0.0,0.05515328418268053,0.11201124754252723,0.07714230785238745
eac54adc,eac54adc,366,464,2,temporal-reasoning,FULL96,0.25,0.5,0.5,0.0,0.5,0.5,0.0,0.05515328418268053,0.09617030528397481,nan
eac54adc,eac54adc,366,464,2,temporal-reasoning,FULL96,0.5,0.5,0.5,0.0,,,,0.05515328418268053,0.09617030528397481,nan
eac54adc,eac54adc,366,464,2,temporal-reasoning,FULL96,1.0,0.5,0.5,0.0,0.5,0.5,0.0,0.05515328418268053,0.09617030528397481,nan
eac54adc,eac54adc,366,464,2,temporal-reasoning,FULL96,2.0,0.5,0.5,0.0,,,,0.05515328418268053,0.09617030528397481,nan
eac54adc,eac54adc,366,464,2,temporal-reasoning,FULL96,4.0,0.5,0.5,0.0,0.5,0.5,0.0,0.05515328418268053,0.09617030528397481,nan
eac54add,eac54add,367,476,1,temporal-reasoning,LOW48,0.25,0.0,0.0,0.0,0.0,0.0,0.0,0.0716305455661227,0.07286878067805233,0.11554308216056747
eac54add,eac54add,367,476,1,temporal-reasoning,LOW48,0.5,0.0,0.0,0.0,,,,0.0716305455661227,0.07286878067805233,0.11554308216056747
eac54add,eac54add,367,476,1,temporal-reasoning,LOW48,1.0,0.0,0.0,0.0,0.0,0.0,0.0,0.0716305455661227,0.07286878067805233,0.11554308216056747
eac54add,eac54add,367,476,1,temporal-reasoning,LOW48,2.0,0.0,0.0,0.0,,,,0.0716305455661227,0.07286878067805233,0.11554308216056747
eac54add,eac54add,367,476,1,temporal-reasoning,LOW48,4.0,0.0,0.0,0.0,0.0,0.0,0.0,0.0716305455661227,0.07286878067805233,0.11554308216056747
eac54add,eac54add,367,476,1,temporal-reasoning,HIGH48,0.25,0.0,0.0,0.0,0.0,0.0,0.0,0.0716305455661227,0.11554308216056745,0.07286878067805232
eac54add,eac54add,367,476,1,temporal-reasoning,HIGH48,0.5,0.0,0.0,0.0,,,,0.0716305455661227,0.11554308216056745,0.07286878067805232
eac54add,eac54add,367,476,1,temporal-reasoning,HIGH48,1.0,0.0,0.0,0.0,0.0,0.0,0.0,0.0716305455661227,0.11554308216056745,0.07286878067805232
eac54add,eac54add,367,476,1,temporal-reasoning,HIGH48,2.0,0.0,0.0,0.0,,,,0.0716305455661227,0.11554308216056745,0.07286878067805232
eac54add,eac54add,367,476,1,temporal-reasoning,HIGH48,4.0,0.0,0.0,0.0,0.0,0.0,0.0,0.0716305455661227,0.11554308216056745,0.07286878067805232
eac54add,eac54add,367,476,1,temporal-reasoning,FULL96,0.25,0.0,0.0,0.0,0.0,0.0,0.0,0.0716305455661227,0.09659208826987263,nan
eac54add,eac54add,367,476,1,temporal-reasoning,FULL96,0.5,0.0,0.0,0.0,,,,0.0716305455661227,0.09659208826987263,nan
eac54add,eac54add,367,476,1,temporal-reasoning,FULL96,1.0,0.0,0.0,0.0,0.0,0.0,0.0,0.0716305455661227,0.09659208826987263,nan
eac54add,eac54add,367,476,1,temporal-reasoning,FULL96,2.0,0.0,0.0,0.0,,,,0.0716305455661227,0.09659208826987263,nan
eac54add,eac54add,367,476,1,temporal-reasoning,FULL96,4.0,0.0,0.0,0.0,0.0,0.0,0.0,0.0716305455661227,0.09659208826987263,nan
eaca4986,eaca4986,368,513,1,single-session-assistant,LOW48,0.25,1.0,0.0,1.0,1.0,0.0,1.0,0.08222464573125353,0.07100330411845845,0.11654834843025595
eaca4986,eaca4986,368,513,1,single-session-assistant,LOW48,0.5,1.0,0.0,1.0,,,,0.08222464573125353,0.07100330411845845,0.11654834843025595
eaca4986,eaca4986,368,513,1,single-session-assistant,LOW48,1.0,1.0,0.0,1.0,1.0,0.0,1.0,0.08222464573125353,0.07100330411845845,0.11654834843025595
eaca4986,eaca4986,368,513,1,single-session-assistant,LOW48,2.0,1.0,0.0,1.0,,,,0.08222464573125353,0.07100330411845845,0.11654834843025595
eaca4986,eaca4986,368,513,1,single-session-assistant,LOW48,4.0,1.0,0.0,1.0,1.0,0.0,1.0,0.08222464573125353,0.07100330411845845,0.11654834843025595
eaca4986,eaca4986,368,513,1,single-session-assistant,HIGH48,0.25,1.0,0.0,1.0,1.0,0.0,1.0,0.08222464573125353,0.11654834843025595,0.07100330411845845
eaca4986,eaca4986,368,513,1,single-session-assistant,HIGH48,0.5,1.0,0.0,1.0,,,,0.08222464573125353,0.11654834843025595,0.07100330411845845
eaca4986,eaca4986,368,513,1,single-session-assistant,HIGH48,1.0,1.0,0.0,1.0,1.0,0.0,1.0,0.08222464573125353,0.11654834843025595,0.07100330411845845
eaca4986,eaca4986,368,513,1,single-session-assistant,HIGH48,2.0,1.0,0.0,1.0,,,,0.08222464573125353,0.11654834843025595,0.07100330411845845
eaca4986,eaca4986,368,513,1,single-session-assistant,HIGH48,4.0,1.0,0.0,1.0,1.0,0.0,1.0,0.08222464573125353,0.11654834843025595,0.07100330411845845
eaca4986,eaca4986,368,513,1,single-session-assistant,FULL96,0.25,1.0,0.0,1.0,1.0,0.0,1.0,0.08222464573125353,0.09650126091807983,nan
eaca4986,eaca4986,368,513,1,single-session-assistant,FULL96,0.5,1.0,0.0,1.0,,,,0.08222464573125353,0.09650126091807983,nan
eaca4986,eaca4986,368,513,1,single-session-assistant,FULL96,1.0,1.0,0.0,1.0,1.0,0.0,1.0,0.08222464573125353,0.09650126091807983,nan
eaca4986,eaca4986,368,513,1,single-session-assistant,FULL96,2.0,1.0,0.0,1.0,,,,0.08222464573125353,0.09650126091807983,nan
eaca4986,eaca4986,368,513,1,single-session-assistant,FULL96,4.0,1.0,0.0,1.0,1.0,0.0,1.0,0.08222464573125353,0.09650126091807983,nan
eace081b,eace081b,369,489,1,knowledge-update,LOW48,0.25,0.0,0.0,0.0,0.0,0.0,0.0,0.06742471767989923,0.06851575898678301,0.11791336921732366
eace081b,eace081b,369,489,1,knowledge-update,LOW48,0.5,0.0,0.0,0.0,,,,0.06742471767989923,0.06851575898678301,0.11791336921732366
eace081b,eace081b,369,489,1,knowledge-update,LOW48,1.0,0.0,0.0,0.0,0.0,0.0,0.0,0.06742471767989923,0.06851575898678301,0.11791336921732366
eace081b,eace081b,369,489,1,knowledge-update,LOW48,2.0,0.0,0.0,0.0,,,,0.06742471767989923,0.06851575898678301,0.11791336921732366
eace081b,eace081b,369,489,1,knowledge-update,LOW48,4.0,0.0,0.0,0.0,0.0,0.0,0.0,0.06742471767989923,0.06851575898678301,0.11791336921732366
eace081b,eace081b,369,489,1,knowledge-update,HIGH48,0.25,0.0,0.0,0.0,0.0,0.0,0.0,0.06742471767989923,0.11791336921732366,0.06851575898678301
eace081b,eace081b,369,489,1,knowledge-update,HIGH48,0.5,0.0,0.0,0.0,,,,0.06742471767989923,0.11791336921732366,0.06851575898678301
eace081b,eace081b,369,489,1,knowledge-update,HIGH48,1.0,0.0,0.0,0.0,0.0,0.0,0.0,0.06742471767989923,0.11791336921732366,0.06851575898678301
eace081b,eace081b,369,489,1,knowledge-update,HIGH48,2.0,0.0,0.0,0.0,,,,0.06742471767989923,0.11791336921732366,0.06851575898678301
eace081b,eace081b,369,489,1,knowledge-update,HIGH48,4.0,0.0,0.0,0.0,0.0,0.0,0.0,0.06742471767989923,0.11791336921732366,0.06851575898678301
eace081b,eace081b,369,489,1,knowledge-update,FULL96,0.25,0.0,0.0,0.0,0.0,0.0,0.0,0.06742471767989923,0.09643124978376001,nan
eace081b,eace081b,369,489,1,knowledge-update,FULL96,0.5,0.0,0.0,0.0,,,,0.06742471767989923,0.09643124978376001,nan
eace081b,eace081b,369,489,1,knowledge-update,FULL96,1.0,0.0,0.0,0.0,0.0,0.0,0.0,0.06742471767989923,0.09643124978376001,nan
eace081b,eace081b,369,489,1,knowledge-update,FULL96,2.0,0.0,0.0,0.0,,,,0.06742471767989923,0.09643124978376001,nan
eace081b,eace081b,369,489,1,knowledge-update,FULL96,4.0,0.0,0.0,0.0,0.0,0.0,0.0,0.06742471767989923,0.09643124978376001,nan
ec81a493,ec81a493,370,495,1,single-session-user,LOW48,0.25,1.0,1.0,0.0,1.0,1.0,0.0,0.24887963442826921,0.0863593619011043,0.10561703966440185
ec81a493,ec81a493,370,495,1,single-session-user,LOW48,0.5,1.0,1.0,0.0,,,,0.24887963442826921,0.0863593619011043,0.10561703966440185
ec81a493,ec81a493,370,495,1,single-session-user,LOW48,1.0,1.0,1.0,0.0,1.0,1.0,0.0,0.24887963442826921,0.0863593619011043,0.10561703966440185
ec81a493,ec81a493,370,495,1,single-session-user,LOW48,2.0,1.0,1.0,0.0,,,,0.24887963442826921,0.0863593619011043,0.10561703966440185
ec81a493,ec81a493,370,495,1,single-session-user,LOW48,4.0,1.0,1.0,0.0,1.0,1.0,0.0,0.24887963442826921,0.0863593619011043,0.10561703966440185
ec81a493,ec81a493,370,495,1,single-session-user,HIGH48,0.25,1.0,1.0,0.0,1.0,1.0,0.0,0.24887963442826921,0.10561703966440186,0.0863593619011043
ec81a493,ec81a493,370,495,1,single-session-user,HIGH48,0.5,1.0,1.0,0.0,,,,0.24887963442826921,0.10561703966440186,0.0863593619011043
ec81a493,ec81a493,370,495,1,single-session-user,HIGH48,1.0,1.0,1.0,0.0,1.0,1.0,0.0,0.24887963442826921,0.10561703966440186,0.0863593619011043
ec81a493,ec81a493,370,495,1,single-session-user,HIGH48,2.0,1.0,1.0,0.0,,,,0.24887963442826921,0.10561703966440186,0.0863593619011043
ec81a493,ec81a493,370,495,1,single-session-user,HIGH48,4.0,1.0,1.0,0.0,1.0,1.0,0.0,0.24887963442826921,0.10561703966440186,0.0863593619011043
ec81a493,ec81a493,370,495,1,single-session-user,FULL96,0.25,1.0,1.0,0.0,1.0,1.0,0.0,0.24887963442826921,0.09646993950303312,nan
ec81a493,ec81a493,370,495,1,single-session-user,FULL96,0.5,1.0,1.0,0.0,,,,0.24887963442826921,0.09646993950303312,nan
ec81a493,ec81a493,370,495,1,single-session-user,FULL96,1.0,1.0,1.0,0.0,1.0,1.0,0.0,0.24887963442826921,0.09646993950303312,nan
ec81a493,ec81a493,370,495,1,single-session-user,FULL96,2.0,1.0,1.0,0.0,,,,0.24887963442826921,0.09646993950303312,nan
ec81a493,ec81a493,370,495,1,single-session-user,FULL96,4.0,1.0,1.0,0.0,1.0,1.0,0.0,0.24887963442826921,0.09646993950303312,nan
ed4ddc30,ed4ddc30,371,543,2,knowledge-update,LOW48,0.25,0.5,0.5,0.0,0.5,0.5,0.0,0.07384556086177962,0.06587999967974344,0.11955865209492528
ed4ddc30,ed4ddc30,371,543,2,knowledge-update,LOW48,0.5,0.5,0.5,0.0,,,,0.07384556086177962,0.06587999967974344,0.11955865209492528
ed4ddc30,ed4ddc30,371,543,2,knowledge-update,LOW48,1.0,0.5,0.5,0.0,0.5,0.5,0.0,0.07384556086177962,0.06587999967974344,0.11955865209492528
ed4ddc30,ed4ddc30,371,543,2,knowledge-update,LOW48,2.0,0.5,0.5,0.0,,,,0.07384556086177962,0.06587999967974344,0.11955865209492528
ed4ddc30,ed4ddc30,371,543,2,knowledge-update,LOW48,4.0,0.5,1.0,-0.5,0.5,1.0,-0.5,0.07384556086177962,0.06587999967974344,0.11955865209492528
ed4ddc30,ed4ddc30,371,543,2,knowledge-update,HIGH48,0.25,0.5,1.0,-0.5,0.5,1.0,-0.5,0.07384556086177962,0.11955865209492529,0.06587999967974342
ed4ddc30,ed4ddc30,371,543,2,knowledge-update,HIGH48,0.5,0.5,0.5,0.0,,,,0.07384556086177962,0.11955865209492529,0.06587999967974342
ed4ddc30,ed4ddc30,371,543,2,knowledge-update,HIGH48,1.0,0.5,0.5,0.0,0.5,0.5,0.0,0.07384556086177962,0.11955865209492529,0.06587999967974342
ed4ddc30,ed4ddc30,371,543,2,knowledge-update,HIGH48,2.0,0.5,0.5,0.0,,,,0.07384556086177962,0.11955865209492529,0.06587999967974342
ed4ddc30,ed4ddc30,371,543,2,knowledge-update,HIGH48,4.0,0.5,0.5,0.0,0.5,0.5,0.0,0.07384556086177962,0.11955865209492529,0.06587999967974342
ed4ddc30,ed4ddc30,371,543,2,knowledge-update,FULL96,0.25,0.5,0.5,0.0,0.5,0.5,0.0,0.07384556086177962,0.09652576249001708,nan
ed4ddc30,ed4ddc30,371,543,2,knowledge-update,FULL96,0.5,0.5,0.5,0.0,,,,0.07384556086177962,0.09652576249001708,nan
ed4ddc30,ed4ddc30,371,543,2,knowledge-update,FULL96,1.0,0.5,0.5,0.0,0.5,0.5,0.0,0.07384556086177962,0.09652576249001708,nan
ed4ddc30,ed4ddc30,371,543,2,knowledge-update,FULL96,2.0,0.5,0.5,0.0,,,,0.07384556086177962,0.09652576249001708,nan
ed4ddc30,ed4ddc30,371,543,2,knowledge-update,FULL96,4.0,0.5,0.5,0.0,0.5,0.5,0.0,0.07384556086177962,0.09652576249001708,nan
edced276,edced276,372,482,3,multi-session,LOW48,0.25,0.5,0.0,0.5,0.4666666666666666,0.0,0.4666666666666666,0.15146483723615156,0.07150201769695558,0.11623562845898233
edced276,edced276,372,482,3,multi-session,LOW48,0.5,0.5,0.0,0.5,,,,0.15146483723615156,0.07150201769695558,0.11623562845898233
edced276,edced276,372,482,3,multi-session,LOW48,1.0,0.5,0.0,0.5,0.4666666666666666,0.0,0.4666666666666666,0.15146483723615156,0.07150201769695558,0.11623562845898233
edced276,edced276,372,482,3,multi-session,LOW48,2.0,0.5,0.0,0.5,,,,0.15146483723615156,0.07150201769695558,0.11623562845898233
edced276,edced276,372,482,3,multi-session,LOW48,4.0,0.5,0.3333333333333333,0.16666666666666669,0.4666666666666666,0.3333333333333332,0.13333333333333341,0.15146483723615156,0.07150201769695558,0.11623562845898233
edced276,edced276,372,482,3,multi-session,HIGH48,0.25,0.5,0.3333333333333333,0.16666666666666669,0.4666666666666666,0.3333333333333332,0.13333333333333341,0.15146483723615156,0.11623562845898233,0.07150201769695558
edced276,edced276,372,482,3,multi-session,HIGH48,0.5,0.5,0.0,0.5,,,,0.15146483723615156,0.11623562845898233,0.07150201769695558
edced276,edced276,372,482,3,multi-session,HIGH48,1.0,0.5,0.0,0.5,0.4666666666666666,0.0,0.4666666666666666,0.15146483723615156,0.11623562845898233,0.07150201769695558
edced276,edced276,372,482,3,multi-session,HIGH48,2.0,0.5,0.0,0.5,,,,0.15146483723615156,0.11623562845898233,0.07150201769695558
edced276,edced276,372,482,3,multi-session,HIGH48,4.0,0.5,0.0,0.5,0.4666666666666666,0.0,0.4666666666666666,0.15146483723615156,0.11623562845898233,0.07150201769695558
edced276,edced276,372,482,3,multi-session,FULL96,0.25,0.5,0.0,0.5,0.4666666666666666,0.0,0.4666666666666666,0.15146483723615156,0.09649678714338196,nan
edced276,edced276,372,482,3,multi-session,FULL96,0.5,0.5,0.0,0.5,,,,0.15146483723615156,0.09649678714338196,nan
edced276,edced276,372,482,3,multi-session,FULL96,1.0,0.5,0.0,0.5,0.4666666666666666,0.0,0.4666666666666666,0.15146483723615156,0.09649678714338196,nan
edced276,edced276,372,482,3,multi-session,FULL96,2.0,0.5,0.0,0.5,,,,0.15146483723615156,0.09649678714338196,nan
edced276,edced276,372,482,3,multi-session,FULL96,4.0,0.5,0.0,0.5,0.4666666666666666,0.0,0.4666666666666666,0.15146483723615156,0.09649678714338196,nan
eeda8a6d,eeda8a6d,374,513,2,multi-session,LOW48,0.25,0.0,0.0,0.0,0.0,0.0,0.0,0.10951940765970626,0.07075870987184428,0.11661973389026954
eeda8a6d,eeda8a6d,374,513,2,multi-session,LOW48,0.5,0.0,0.0,0.0,,,,0.10951940765970626,0.07075870987184428,0.11661973389026954
eeda8a6d,eeda8a6d,374,513,2,multi-session,LOW48,1.0,0.0,0.5,-0.5,0.0,0.5,-0.5,0.10951940765970626,0.07075870987184428,0.11661973389026954
eeda8a6d,eeda8a6d,374,513,2,multi-session,LOW48,2.0,0.0,0.0,0.0,,,,0.10951940765970626,0.07075870987184428,0.11661973389026954
eeda8a6d,eeda8a6d,374,513,2,multi-session,LOW48,4.0,0.0,0.5,-0.5,0.0,0.5,-0.5,0.10951940765970626,0.07075870987184428,0.11661973389026954
eeda8a6d,eeda8a6d,374,513,2,multi-session,HIGH48,0.25,0.0,0.5,-0.5,0.0,0.5,-0.5,0.10951940765970626,0.11661973389026954,0.07075870987184428
eeda8a6d,eeda8a6d,374,513,2,multi-session,HIGH48,0.5,0.0,0.0,0.0,,,,0.10951940765970626,0.11661973389026954,0.07075870987184428
eeda8a6d,eeda8a6d,374,513,2,multi-session,HIGH48,1.0,0.0,0.5,-0.5,0.0,0.5,-0.5,0.10951940765970626,0.11661973389026954,0.07075870987184428
eeda8a6d,eeda8a6d,374,513,2,multi-session,HIGH48,2.0,0.0,0.0,0.0,,,,0.10951940765970626,0.11661973389026954,0.07075870987184428
eeda8a6d,eeda8a6d,374,513,2,multi-session,HIGH48,4.0,0.0,0.0,0.0,0.0,0.0,0.0,0.10951940765970626,0.11661973389026954,0.07075870987184428
eeda8a6d,eeda8a6d,374,513,2,multi-session,FULL96,0.25,0.0,0.5,-0.5,0.0,0.5,-0.5,0.10951940765970626,0.09645454202722938,nan
eeda8a6d,eeda8a6d,374,513,2,multi-session,FULL96,0.5,0.0,0.5,-0.5,,,,0.10951940765970626,0.09645454202722938,nan
eeda8a6d,eeda8a6d,374,513,2,multi-session,FULL96,1.0,0.0,0.5,-0.5,0.0,0.5,-0.5,0.10951940765970626,0.09645454202722938,nan
eeda8a6d,eeda8a6d,374,513,2,multi-session,FULL96,2.0,0.0,0.5,-0.5,,,,0.10951940765970626,0.09645454202722938,nan
eeda8a6d,eeda8a6d,374,513,2,multi-session,FULL96,4.0,0.0,0.5,-0.5,0.0,0.5,-0.5,0.10951940765970626,0.09645454202722938,nan
ef66a6e5,ef66a6e5,376,445,2,multi-session,LOW48,0.25,0.5,0.5,0.0,0.5,0.5,0.0,0.07545659782482186,0.08071232649845625,0.1102671760549059
ef66a6e5,ef66a6e5,376,445,2,multi-session,LOW48,0.5,0.5,0.5,0.0,,,,0.07545659782482186,0.08071232649845625,0.1102671760549059
ef66a6e5,ef66a6e5,376,445,2,multi-session,LOW48,1.0,0.5,0.5,0.0,0.5,0.5,0.0,0.07545659782482186,0.08071232649845625,0.1102671760549059
ef66a6e5,ef66a6e5,376,445,2,multi-session,LOW48,2.0,0.5,0.5,0.0,,,,0.07545659782482186,0.08071232649845625,0.1102671760549059
ef66a6e5,ef66a6e5,376,445,2,multi-session,LOW48,4.0,0.5,0.5,0.0,0.5,0.5,0.0,0.07545659782482186,0.08071232649845625,0.1102671760549059
ef66a6e5,ef66a6e5,376,445,2,multi-session,HIGH48,0.25,0.5,0.5,0.0,0.5,0.5,0.0,0.07545659782482186,0.11026717605490588,0.08071232649845625
ef66a6e5,ef66a6e5,376,445,2,multi-session,HIGH48,0.5,0.5,0.5,0.0,,,,0.07545659782482186,0.11026717605490588,0.08071232649845625
ef66a6e5,ef66a6e5,376,445,2,multi-session,HIGH48,1.0,0.5,0.5,0.0,0.5,0.5,0.0,0.07545659782482186,0.11026717605490588,0.08071232649845625
ef66a6e5,ef66a6e5,376,445,2,multi-session,HIGH48,2.0,0.5,0.5,0.0,,,,0.07545659782482186,0.11026717605490588,0.08071232649845625
ef66a6e5,ef66a6e5,376,445,2,multi-session,HIGH48,4.0,0.5,0.5,0.0,0.5,0.5,0.0,0.07545659782482186,0.11026717605490588,0.08071232649845625
ef66a6e5,ef66a6e5,376,445,2,multi-session,FULL96,0.25,0.5,0.5,0.0,0.5,0.5,0.0,0.07545659782482186,0.0966264191717695,nan
ef66a6e5,ef66a6e5,376,445,2,multi-session,FULL96,0.5,0.5,0.5,0.0,,,,0.07545659782482186,0.0966264191717695,nan
ef66a6e5,ef66a6e5,376,445,2,multi-session,FULL96,1.0,0.5,0.5,0.0,0.5,0.5,0.0,0.07545659782482186,0.0966264191717695,nan
ef66a6e5,ef66a6e5,376,445,2,multi-session,FULL96,2.0,0.5,0.5,0.0,,,,0.07545659782482186,0.0966264191717695,nan
ef66a6e5,ef66a6e5,376,445,2,multi-session,FULL96,4.0,0.5,0.5,0.0,0.5,0.5,0.0,0.07545659782482186,0.0966264191717695,nan
ef9cf60a,ef9cf60a,377,522,2,multi-session,LOW48,0.25,0.5,0.0,0.5,0.5,0.0,0.5,0.07940210667309172,0.06244614007247621,0.1215947413662098
ef9cf60a,ef9cf60a,377,522,2,multi-session,LOW48,0.5,0.5,0.0,0.5,,,,0.07940210667309172,0.06244614007247621,0.1215947413662098
ef9cf60a,ef9cf60a,377,522,2,multi-session,LOW48,1.0,0.5,0.5,0.0,0.5,0.5,0.0,0.07940210667309172,0.06244614007247621,0.1215947413662098
ef9cf60a,ef9cf60a,377,522,2,multi-session,LOW48,2.0,0.5,0.5,0.0,,,,0.07940210667309172,0.06244614007247621,0.1215947413662098
ef9cf60a,ef9cf60a,377,522,2,multi-session,LOW48,4.0,0.5,0.5,0.0,0.5,0.5,0.0,0.07940210667309172,0.06244614007247621,0.1215947413662098
ef9cf60a,ef9cf60a,377,522,2,multi-session,HIGH48,0.25,0.5,0.5,0.0,0.5,0.5,0.0,0.07940210667309172,0.12159474136620979,0.06244614007247621
ef9cf60a,ef9cf60a,377,522,2,multi-session,HIGH48,0.5,0.5,0.5,0.0,,,,0.07940210667309172,0.12159474136620979,0.06244614007247621
ef9cf60a,ef9cf60a,377,522,2,multi-session,HIGH48,1.0,0.5,0.5,0.0,0.5,0.5,0.0,0.07940210667309172,0.12159474136620979,0.06244614007247621
ef9cf60a,ef9cf60a,377,522,2,multi-session,HIGH48,2.0,0.5,0.0,0.5,,,,0.07940210667309172,0.12159474136620979,0.06244614007247621
ef9cf60a,ef9cf60a,377,522,2,multi-session,HIGH48,4.0,0.5,0.0,0.5,0.5,0.0,0.5,0.07940210667309172,0.12159474136620979,0.06244614007247621
ef9cf60a,ef9cf60a,377,522,2,multi-session,FULL96,0.25,0.5,0.5,0.0,0.5,0.5,0.0,0.07940210667309172,0.0966560953532336,nan
ef9cf60a,ef9cf60a,377,522,2,multi-session,FULL96,0.5,0.5,0.5,0.0,,,,0.07940210667309172,0.0966560953532336,nan
ef9cf60a,ef9cf60a,377,522,2,multi-session,FULL96,1.0,0.5,0.5,0.0,0.5,0.5,0.0,0.07940210667309172,0.0966560953532336,nan
ef9cf60a,ef9cf60a,377,522,2,multi-session,FULL96,2.0,0.5,0.5,0.0,,,,0.07940210667309172,0.0966560953532336,nan
ef9cf60a,ef9cf60a,377,522,2,multi-session,FULL96,4.0,0.5,0.5,0.0,0.5,0.5,0.0,0.07940210667309172,0.0966560953532336,nan
efc3f7c2,efc3f7c2,378,497,2,multi-session,LOW48,0.25,0.0,0.0,0.0,0.0,0.0,0.0,0.07812313986931134,0.07155460910549831,0.11653865852041939
efc3f7c2,efc3f7c2,378,497,2,multi-session,LOW48,0.5,0.0,0.0,0.0,,,,0.07812313986931134,0.07155460910549831,0.11653865852041939
efc3f7c2,efc3f7c2,378,497,2,multi-session,LOW48,1.0,0.0,0.0,0.0,0.0,0.0,0.0,0.07812313986931134,0.07155460910549831,0.11653865852041939
efc3f7c2,efc3f7c2,378,497,2,multi-session,LOW48,2.0,0.0,0.0,0.0,,,,0.07812313986931134,0.07155460910549831,0.11653865852041939
efc3f7c2,efc3f7c2,378,497,2,multi-session,LOW48,4.0,0.0,0.0,0.0,0.0,0.0,0.0,0.07812313986931134,0.07155460910549831,0.11653865852041939
efc3f7c2,efc3f7c2,378,497,2,multi-session,HIGH48,0.25,0.0,0.0,0.0,0.0,0.0,0.0,0.07812313986931134,0.11653865852041939,0.07155460910549831
efc3f7c2,efc3f7c2,378,497,2,multi-session,HIGH48,0.5,0.0,0.0,0.0,,,,0.07812313986931134,0.11653865852041939,0.07155460910549831
efc3f7c2,efc3f7c2,378,497,2,multi-session,HIGH48,1.0,0.0,0.0,0.0,0.0,0.0,0.0,0.07812313986931134,0.11653865852041939,0.07155460910549831
efc3f7c2,efc3f7c2,378,497,2,multi-session,HIGH48,2.0,0.0,0.0,0.0,,,,0.07812313986931134,0.11653865852041939,0.07155460910549831
efc3f7c2,efc3f7c2,378,497,2,multi-session,HIGH48,4.0,0.0,0.0,0.0,0.0,0.0,0.0,0.07812313986931134,0.11653865852041939,0.07155460910549831
efc3f7c2,efc3f7c2,378,497,2,multi-session,FULL96,0.25,0.0,0.0,0.0,0.0,0.0,0.0,0.07812313986931134,0.09669881336908841,nan
efc3f7c2,efc3f7c2,378,497,2,multi-session,FULL96,0.5,0.0,0.0,0.0,,,,0.07812313986931134,0.09669881336908841,nan
efc3f7c2,efc3f7c2,378,497,2,multi-session,FULL96,1.0,0.0,0.0,0.0,0.0,0.0,0.0,0.07812313986931134,0.09669881336908841,nan
efc3f7c2,efc3f7c2,378,497,2,multi-session,FULL96,2.0,0.0,0.0,0.0,,,,0.07812313986931134,0.09669881336908841,nan
efc3f7c2,efc3f7c2,378,497,2,multi-session,FULL96,4.0,0.0,0.0,0.0,0.0,0.0,0.0,0.07812313986931134,0.09669881336908841,nan
f0853d11,f0853d11,379,500,2,temporal-reasoning,LOW48,0.25,0.5,0.0,0.5,0.5,0.0,0.5,0.09846956806521798,0.07908664033404962,0.11060573460530819
f0853d11,f0853d11,379,500,2,temporal-reasoning,LOW48,0.5,0.5,0.0,0.5,,,,0.09846956806521798,0.07908664033404962,0.11060573460530819
f0853d11,f0853d11,379,500,2,temporal-reasoning,LOW48,1.0,0.5,0.0,0.5,0.5,0.0,0.5,0.09846956806521798,0.07908664033404962,0.11060573460530819
f0853d11,f0853d11,379,500,2,temporal-reasoning,LOW48,2.0,0.5,0.5,0.0,,,,0.09846956806521798,0.07908664033404962,0.11060573460530819
f0853d11,f0853d11,379,500,2,temporal-reasoning,LOW48,4.0,0.5,0.5,0.0,0.5,0.5,0.0,0.09846956806521798,0.07908664033404962,0.11060573460530819
f0853d11,f0853d11,379,500,2,temporal-reasoning,HIGH48,0.25,0.5,0.5,0.0,0.5,0.5,0.0,0.09846956806521798,0.11060573460530819,0.07908664033404962
f0853d11,f0853d11,379,500,2,temporal-reasoning,HIGH48,0.5,0.5,0.5,0.0,,,,0.09846956806521798,0.11060573460530819,0.07908664033404962
f0853d11,f0853d11,379,500,2,temporal-reasoning,HIGH48,1.0,0.5,0.0,0.5,0.5,0.0,0.5,0.09846956806521798,0.11060573460530819,0.07908664033404962
f0853d11,f0853d11,379,500,2,temporal-reasoning,HIGH48,2.0,0.5,0.0,0.5,,,,0.09846956806521798,0.11060573460530819,0.07908664033404962
f0853d11,f0853d11,379,500,2,temporal-reasoning,HIGH48,4.0,0.5,0.0,0.5,0.5,0.0,0.5,0.09846956806521798,0.11060573460530819,0.07908664033404962
f0853d11,f0853d11,379,500,2,temporal-reasoning,FULL96,0.25,0.5,0.0,0.5,0.5,0.0,0.5,0.09846956806521798,0.09614656833945556,nan
f0853d11,f0853d11,379,500,2,temporal-reasoning,FULL96,0.5,0.5,0.0,0.5,,,,0.09846956806521798,0.09614656833945556,nan
f0853d11,f0853d11,379,500,2,temporal-reasoning,FULL96,1.0,0.5,0.0,0.5,0.5,0.0,0.5,0.09846956806521798,0.09614656833945556,nan
f0853d11,f0853d11,379,500,2,temporal-reasoning,FULL96,2.0,0.5,0.0,0.5,,,,0.09846956806521798,0.09614656833945556,nan
f0853d11,f0853d11,379,500,2,temporal-reasoning,FULL96,4.0,0.5,0.0,0.5,0.5,0.0,0.5,0.09846956806521798,0.09614656833945556,nan
f0e564bc,f0e564bc,380,508,2,multi-session,LOW48,0.25,0.5,0.0,0.5,0.5,0.0,0.5,0.08495144005762131,0.06702786187101989,0.11889096612906068
f0e564bc,f0e564bc,380,508,2,multi-session,LOW48,0.5,0.5,0.0,0.5,,,,0.08495144005762131,0.06702786187101989,0.11889096612906068
f0e564bc,f0e564bc,380,508,2,multi-session,LOW48,1.0,0.5,0.0,0.5,0.5,0.0,0.5,0.08495144005762131,0.06702786187101989,0.11889096612906068
f0e564bc,f0e564bc,380,508,2,multi-session,LOW48,2.0,0.5,0.0,0.5,,,,0.08495144005762131,0.06702786187101989,0.11889096612906068
f0e564bc,f0e564bc,380,508,2,multi-session,LOW48,4.0,0.5,0.5,0.0,0.5,0.5,0.0,0.08495144005762131,0.06702786187101989,0.11889096612906068
f0e564bc,f0e564bc,380,508,2,multi-session,HIGH48,0.25,0.5,0.5,0.0,0.5,0.5,0.0,0.08495144005762131,0.11889096612906068,0.06702786187101989
f0e564bc,f0e564bc,380,508,2,multi-session,HIGH48,0.5,0.5,0.0,0.5,,,,0.08495144005762131,0.11889096612906068,0.06702786187101989
f0e564bc,f0e564bc,380,508,2,multi-session,HIGH48,1.0,0.5,0.0,0.5,0.5,0.0,0.5,0.08495144005762131,0.11889096612906068,0.06702786187101989
f0e564bc,f0e564bc,380,508,2,multi-session,HIGH48,2.0,0.5,0.0,0.5,,,,0.08495144005762131,0.11889096612906068,0.06702786187101989
f0e564bc,f0e564bc,380,508,2,multi-session,HIGH48,4.0,0.5,0.0,0.5,0.5,0.0,0.5,0.08495144005762131,0.11889096612906068,0.06702786187101989
f0e564bc,f0e564bc,380,508,2,multi-session,FULL96,0.25,0.5,0.0,0.5,0.5,0.0,0.5,0.08495144005762131,0.09650853872611992,nan
f0e564bc,f0e564bc,380,508,2,multi-session,FULL96,0.5,0.5,0.0,0.5,,,,0.08495144005762131,0.09650853872611992,nan
f0e564bc,f0e564bc,380,508,2,multi-session,FULL96,1.0,0.5,0.0,0.5,0.5,0.0,0.5,0.08495144005762131,0.09650853872611992,nan
f0e564bc,f0e564bc,380,508,2,multi-session,FULL96,2.0,0.5,0.0,0.5,,,,0.08495144005762131,0.09650853872611992,nan
f0e564bc,f0e564bc,380,508,2,multi-session,FULL96,4.0,0.5,0.0,0.5,0.5,0.0,0.5,0.08495144005762131,0.09650853872611992,nan
f35224e0,f35224e0,381,515,2,multi-session,LOW48,0.25,0.0,1.0,-1.0,0.0,1.0,-1.0,0.19277284773521675,0.06974567459596061,0.11705476999266601
f35224e0,f35224e0,381,515,2,multi-session,LOW48,0.5,0.0,1.0,-1.0,,,,0.19277284773521675,0.06974567459596061,0.11705476999266601
f35224e0,f35224e0,381,515,2,multi-session,LOW48,1.0,0.0,1.0,-1.0,0.0,1.0,-1.0,0.19277284773521675,0.06974567459596061,0.11705476999266601
f35224e0,f35224e0,381,515,2,multi-session,LOW48,2.0,0.0,0.5,-0.5,,,,0.19277284773521675,0.06974567459596061,0.11705476999266601
f35224e0,f35224e0,381,515,2,multi-session,LOW48,4.0,0.0,0.5,-0.5,0.0,0.5,-0.5,0.19277284773521675,0.06974567459596061,0.11705476999266601
f35224e0,f35224e0,381,515,2,multi-session,HIGH48,0.25,0.0,0.5,-0.5,0.0,0.5,-0.5,0.19277284773521675,0.11705476999266602,0.06974567459596061
f35224e0,f35224e0,381,515,2,multi-session,HIGH48,0.5,0.0,0.5,-0.5,,,,0.19277284773521675,0.11705476999266602,0.06974567459596061
f35224e0,f35224e0,381,515,2,multi-session,HIGH48,1.0,0.0,1.0,-1.0,0.0,1.0,-1.0,0.19277284773521675,0.11705476999266602,0.06974567459596061
f35224e0,f35224e0,381,515,2,multi-session,HIGH48,2.0,0.0,1.0,-1.0,,,,0.19277284773521675,0.11705476999266602,0.06974567459596061
f35224e0,f35224e0,381,515,2,multi-session,HIGH48,4.0,0.0,1.0,-1.0,0.0,1.0,-1.0,0.19277284773521675,0.11705476999266602,0.06974567459596061
f35224e0,f35224e0,381,515,2,multi-session,FULL96,0.25,0.0,1.0,-1.0,0.0,1.0,-1.0,0.19277284773521675,0.09634904852379593,nan
f35224e0,f35224e0,381,515,2,multi-session,FULL96,0.5,0.0,1.0,-1.0,,,,0.19277284773521675,0.09634904852379593,nan
f35224e0,f35224e0,381,515,2,multi-session,FULL96,1.0,0.0,1.0,-1.0,0.0,1.0,-1.0,0.19277284773521675,0.09634904852379593,nan
f35224e0,f35224e0,381,515,2,multi-session,FULL96,2.0,0.0,1.0,-1.0,,,,0.19277284773521675,0.09634904852379593,nan
f35224e0,f35224e0,381,515,2,multi-session,FULL96,4.0,0.0,1.0,-1.0,0.0,1.0,-1.0,0.19277284773521675,0.09634904852379593,nan
f4f1d8a4,f4f1d8a4,382,585,1,single-session-user,LOW48,0.25,1.0,1.0,0.0,1.0,1.0,0.0,0.1065187942147161,0.07194783703073061,0.11580809745777255
f4f1d8a4,f4f1d8a4,382,585,1,single-session-user,LOW48,0.5,1.0,1.0,0.0,,,,0.1065187942147161,0.07194783703073061,0.11580809745777255
f4f1d8a4,f4f1d8a4,382,585,1,single-session-user,LOW48,1.0,1.0,1.0,0.0,1.0,1.0,0.0,0.1065187942147161,0.07194783703073061,0.11580809745777255
f4f1d8a4,f4f1d8a4,382,585,1,single-session-user,LOW48,2.0,1.0,1.0,0.0,,,,0.1065187942147161,0.07194783703073061,0.11580809745777255
f4f1d8a4,f4f1d8a4,382,585,1,single-session-user,LOW48,4.0,1.0,1.0,0.0,1.0,1.0,0.0,0.1065187942147161,0.07194783703073061,0.11580809745777255
f4f1d8a4,f4f1d8a4,382,585,1,single-session-user,HIGH48,0.25,1.0,1.0,0.0,1.0,1.0,0.0,0.1065187942147161,0.11580809745777254,0.07194783703073061
f4f1d8a4,f4f1d8a4,382,585,1,single-session-user,HIGH48,0.5,1.0,1.0,0.0,,,,0.1065187942147161,0.11580809745777254,0.07194783703073061
f4f1d8a4,f4f1d8a4,382,585,1,single-session-user,HIGH48,1.0,1.0,1.0,0.0,1.0,1.0,0.0,0.1065187942147161,0.11580809745777254,0.07194783703073061
f4f1d8a4,f4f1d8a4,382,585,1,single-session-user,HIGH48,2.0,1.0,1.0,0.0,,,,0.1065187942147161,0.11580809745777254,0.07194783703073061
f4f1d8a4,f4f1d8a4,382,585,1,single-session-user,HIGH48,4.0,1.0,1.0,0.0,1.0,1.0,0.0,0.1065187942147161,0.11580809745777254,0.07194783703073061
f4f1d8a4,f4f1d8a4,382,585,1,single-session-user,FULL96,0.25,1.0,1.0,0.0,1.0,1.0,0.0,0.1065187942147161,0.09640541138906446,nan
f4f1d8a4,f4f1d8a4,382,585,1,single-session-user,FULL96,0.5,1.0,1.0,0.0,,,,0.1065187942147161,0.09640541138906446,nan
f4f1d8a4,f4f1d8a4,382,585,1,single-session-user,FULL96,1.0,1.0,1.0,0.0,1.0,1.0,0.0,0.1065187942147161,0.09640541138906446,nan
f4f1d8a4,f4f1d8a4,382,585,1,single-session-user,FULL96,2.0,1.0,1.0,0.0,,,,0.1065187942147161,0.09640541138906446,nan
f4f1d8a4,f4f1d8a4,382,585,1,single-session-user,FULL96,4.0,1.0,1.0,0.0,1.0,1.0,0.0,0.1065187942147161,0.09640541138906446,nan
f523d9fe,f523d9fe,384,484,1,single-session-assistant,LOW48,0.25,1.0,1.0,0.0,1.0,1.0,0.0,0.11425987881187155,0.07732268629745141,0.11258265718729614
f523d9fe,f523d9fe,384,484,1,single-session-assistant,LOW48,0.5,1.0,1.0,0.0,,,,0.11425987881187155,0.07732268629745141,0.11258265718729614
f523d9fe,f523d9fe,384,484,1,single-session-assistant,LOW48,1.0,1.0,1.0,0.0,1.0,1.0,0.0,0.11425987881187155,0.07732268629745141,0.11258265718729614
f523d9fe,f523d9fe,384,484,1,single-session-assistant,LOW48,2.0,1.0,1.0,0.0,,,,0.11425987881187155,0.07732268629745141,0.11258265718729614
f523d9fe,f523d9fe,384,484,1,single-session-assistant,LOW48,4.0,1.0,0.0,1.0,1.0,0.0,1.0,0.11425987881187155,0.07732268629745141,0.11258265718729614
f523d9fe,f523d9fe,384,484,1,single-session-assistant,HIGH48,0.25,1.0,0.0,1.0,1.0,0.0,1.0,0.11425987881187155,0.11258265718729614,0.07732268629745141
f523d9fe,f523d9fe,384,484,1,single-session-assistant,HIGH48,0.5,1.0,1.0,0.0,,,,0.11425987881187155,0.11258265718729614,0.07732268629745141
f523d9fe,f523d9fe,384,484,1,single-session-assistant,HIGH48,1.0,1.0,1.0,0.0,1.0,1.0,0.0,0.11425987881187155,0.11258265718729614,0.07732268629745141
f523d9fe,f523d9fe,384,484,1,single-session-assistant,HIGH48,2.0,1.0,1.0,0.0,,,,0.11425987881187155,0.11258265718729614,0.07732268629745141
f523d9fe,f523d9fe,384,484,1,single-session-assistant,HIGH48,4.0,1.0,1.0,0.0,1.0,1.0,0.0,0.11425987881187155,0.11258265718729614,0.07732268629745141
f523d9fe,f523d9fe,384,484,1,single-session-assistant,FULL96,0.25,1.0,1.0,0.0,1.0,1.0,0.0,0.11425987881187155,0.09657549512067314,nan
f523d9fe,f523d9fe,384,484,1,single-session-assistant,FULL96,0.5,1.0,1.0,0.0,,,,0.11425987881187155,0.09657549512067314,nan
f523d9fe,f523d9fe,384,484,1,single-session-assistant,FULL96,1.0,1.0,1.0,0.0,1.0,1.0,0.0,0.11425987881187155,0.09657549512067314,nan
f523d9fe,f523d9fe,384,484,1,single-session-assistant,FULL96,2.0,1.0,1.0,0.0,,,,0.11425987881187155,0.09657549512067314,nan
f523d9fe,f523d9fe,384,484,1,single-session-assistant,FULL96,4.0,1.0,1.0,0.0,1.0,1.0,0.0,0.11425987881187155,0.09657549512067314,nan
f685340e,f685340e,385,424,2,knowledge-update,LOW48,0.25,1.0,0.5,0.5,1.0,0.5,0.5,0.10328112313715128,0.07592862538952988,0.11395735655992598
f685340e,f685340e,385,424,2,knowledge-update,LOW48,0.5,1.0,0.5,0.5,,,,0.10328112313715128,0.07592862538952988,0.11395735655992598
f685340e,f685340e,385,424,2,knowledge-update,LOW48,1.0,1.0,0.5,0.5,1.0,0.5,0.5,0.10328112313715128,0.07592862538952988,0.11395735655992598
f685340e,f685340e,385,424,2,knowledge-update,LOW48,2.0,1.0,0.5,0.5,,,,0.10328112313715128,0.07592862538952988,0.11395735655992598
f685340e,f685340e,385,424,2,knowledge-update,LOW48,4.0,1.0,0.5,0.5,1.0,0.5,0.5,0.10328112313715128,0.07592862538952988,0.11395735655992598
f685340e,f685340e,385,424,2,knowledge-update,HIGH48,0.25,1.0,0.5,0.5,1.0,0.5,0.5,0.10328112313715128,0.11395735655992598,0.07592862538952988
f685340e,f685340e,385,424,2,knowledge-update,HIGH48,0.5,1.0,0.5,0.5,,,,0.10328112313715128,0.11395735655992598,0.07592862538952988
f685340e,f685340e,385,424,2,knowledge-update,HIGH48,1.0,1.0,0.5,0.5,1.0,0.5,0.5,0.10328112313715128,0.11395735655992598,0.07592862538952988
f685340e,f685340e,385,424,2,knowledge-update,HIGH48,2.0,1.0,0.5,0.5,,,,0.10328112313715128,0.11395735655992598,0.07592862538952988
f685340e,f685340e,385,424,2,knowledge-update,HIGH48,4.0,1.0,0.5,0.5,1.0,0.5,0.5,0.10328112313715128,0.11395735655992598,0.07592862538952988
f685340e,f685340e,385,424,2,knowledge-update,FULL96,0.25,1.0,0.5,0.5,1.0,0.5,0.5,0.10328112313715128,0.0968282894294577,nan
f685340e,f685340e,385,424,2,knowledge-update,FULL96,0.5,1.0,0.5,0.5,,,,0.10328112313715128,0.0968282894294577,nan
f685340e,f685340e,385,424,2,knowledge-update,FULL96,1.0,1.0,0.5,0.5,1.0,0.5,0.5,0.10328112313715128,0.0968282894294577,nan
f685340e,f685340e,385,424,2,knowledge-update,FULL96,2.0,1.0,0.5,0.5,,,,0.10328112313715128,0.0968282894294577,nan
f685340e,f685340e,385,424,2,knowledge-update,FULL96,4.0,1.0,0.5,0.5,1.0,0.5,0.5,0.10328112313715128,0.0968282894294577,nan
f8c5f88b,f8c5f88b,387,487,1,single-session-user,LOW48,0.25,1.0,0.0,1.0,1.0,0.0,1.0,0.11913724029786643,0.07186139912686522,0.11604287338216054
f8c5f88b,f8c5f88b,387,487,1,single-session-user,LOW48,0.5,1.0,0.0,1.0,,,,0.11913724029786643,0.07186139912686522,0.11604287338216054
f8c5f88b,f8c5f88b,387,487,1,single-session-user,LOW48,1.0,1.0,0.0,1.0,1.0,0.0,1.0,0.11913724029786643,0.07186139912686522,0.11604287338216054
f8c5f88b,f8c5f88b,387,487,1,single-session-user,LOW48,2.0,1.0,0.0,1.0,,,,0.11913724029786643,0.07186139912686522,0.11604287338216054
f8c5f88b,f8c5f88b,387,487,1,single-session-user,LOW48,4.0,1.0,0.0,1.0,1.0,0.0,1.0,0.11913724029786643,0.07186139912686522,0.11604287338216054
f8c5f88b,f8c5f88b,387,487,1,single-session-user,HIGH48,0.25,1.0,0.0,1.0,1.0,0.0,1.0,0.11913724029786643,0.11604287338216056,0.07186139912686522
f8c5f88b,f8c5f88b,387,487,1,single-session-user,HIGH48,0.5,1.0,0.0,1.0,,,,0.11913724029786643,0.11604287338216056,0.07186139912686522
f8c5f88b,f8c5f88b,387,487,1,single-session-user,HIGH48,1.0,1.0,0.0,1.0,1.0,0.0,1.0,0.11913724029786643,0.11604287338216056,0.07186139912686522
f8c5f88b,f8c5f88b,387,487,1,single-session-user,HIGH48,2.0,1.0,0.0,1.0,,,,0.11913724029786643,0.11604287338216056,0.07186139912686522
f8c5f88b,f8c5f88b,387,487,1,single-session-user,HIGH48,4.0,1.0,0.0,1.0,1.0,0.0,1.0,0.11913724029786643,0.11604287338216056,0.07186139912686522
f8c5f88b,f8c5f88b,387,487,1,single-session-user,FULL96,0.25,1.0,0.0,1.0,1.0,0.0,1.0,0.11913724029786643,0.09651427134693286,nan
f8c5f88b,f8c5f88b,387,487,1,single-session-user,FULL96,0.5,1.0,0.0,1.0,,,,0.11913724029786643,0.09651427134693286,nan
f8c5f88b,f8c5f88b,387,487,1,single-session-user,FULL96,1.0,1.0,0.0,1.0,1.0,0.0,1.0,0.11913724029786643,0.09651427134693286,nan
f8c5f88b,f8c5f88b,387,487,1,single-session-user,FULL96,2.0,1.0,0.0,1.0,,,,0.11913724029786643,0.09651427134693286,nan
f8c5f88b,f8c5f88b,387,487,1,single-session-user,FULL96,4.0,1.0,0.0,1.0,1.0,0.0,1.0,0.11913724029786643,0.09651427134693286,nan
f9e8c073,f9e8c073,388,504,2,knowledge-update,LOW48,0.25,0.5,0.5,0.0,0.5,0.5,0.0,0.06452574974654561,0.07528539983879061,0.11404972117721407
f9e8c073,f9e8c073,388,504,2,knowledge-update,LOW48,0.5,0.5,0.5,0.0,,,,0.06452574974654561,0.07528539983879061,0.11404972117721407
f9e8c073,f9e8c073,388,504,2,knowledge-update,LOW48,1.0,0.5,0.5,0.0,0.5,0.5,0.0,0.06452574974654561,0.07528539983879061,0.11404972117721407
f9e8c073,f9e8c073,388,504,2,knowledge-update,LOW48,2.0,0.5,0.5,0.0,,,,0.06452574974654561,0.07528539983879061,0.11404972117721407
f9e8c073,f9e8c073,388,504,2,knowledge-update,LOW48,4.0,0.5,0.5,0.0,0.5,0.5,0.0,0.06452574974654561,0.07528539983879061,0.11404972117721407
f9e8c073,f9e8c073,388,504,2,knowledge-update,HIGH48,0.25,0.5,0.5,0.0,0.5,0.5,0.0,0.06452574974654561,0.11404972117721407,0.07528539983879062
f9e8c073,f9e8c073,388,504,2,knowledge-update,HIGH48,0.5,0.5,0.5,0.0,,,,0.06452574974654561,0.11404972117721407,0.07528539983879062
f9e8c073,f9e8c073,388,504,2,knowledge-update,HIGH48,1.0,0.5,0.5,0.0,0.5,0.5,0.0,0.06452574974654561,0.11404972117721407,0.07528539983879062
f9e8c073,f9e8c073,388,504,2,knowledge-update,HIGH48,2.0,0.5,0.5,0.0,,,,0.06452574974654561,0.11404972117721407,0.07528539983879062
f9e8c073,f9e8c073,388,504,2,knowledge-update,HIGH48,4.0,0.5,0.5,0.0,0.5,0.5,0.0,0.06452574974654561,0.11404972117721407,0.07528539983879062
f9e8c073,f9e8c073,388,504,2,knowledge-update,FULL96,0.25,0.5,0.5,0.0,0.5,0.5,0.0,0.06452574974654561,0.09663133634977539,nan
f9e8c073,f9e8c073,388,504,2,knowledge-update,FULL96,0.5,0.5,0.5,0.0,,,,0.06452574974654561,0.09663133634977539,nan
f9e8c073,f9e8c073,388,504,2,knowledge-update,FULL96,1.0,0.5,0.5,0.0,0.5,0.5,0.0,0.06452574974654561,0.09663133634977539,nan
f9e8c073,f9e8c073,388,504,2,knowledge-update,FULL96,2.0,0.5,0.5,0.0,,,,0.06452574974654561,0.09663133634977539,nan
f9e8c073,f9e8c073,388,504,2,knowledge-update,FULL96,4.0,0.5,0.5,0.0,0.5,0.5,0.0,0.06452574974654561,0.09663133634977539,nan
faba32e5,faba32e5,389,473,1,single-session-user,LOW48,0.25,1.0,1.0,0.0,1.0,1.0,0.0,0.10791950046631146,0.07560404860713657,0.11370108584469898
faba32e5,faba32e5,389,473,1,single-session-user,LOW48,0.5,1.0,1.0,0.0,,,,0.10791950046631146,0.07560404860713657,0.11370108584469898
faba32e5,faba32e5,389,473,1,single-session-user,LOW48,1.0,1.0,1.0,0.0,1.0,1.0,0.0,0.10791950046631146,0.07560404860713657,0.11370108584469898
faba32e5,faba32e5,389,473,1,single-session-user,LOW48,2.0,1.0,1.0,0.0,,,,0.10791950046631146,0.07560404860713657,0.11370108584469898
faba32e5,faba32e5,389,473,1,single-session-user,LOW48,4.0,1.0,1.0,0.0,1.0,1.0,0.0,0.10791950046631146,0.07560404860713657,0.11370108584469898
faba32e5,faba32e5,389,473,1,single-session-user,HIGH48,0.25,1.0,1.0,0.0,1.0,1.0,0.0,0.10791950046631146,0.11370108584469897,0.07560404860713657
faba32e5,faba32e5,389,473,1,single-session-user,HIGH48,0.5,1.0,1.0,0.0,,,,0.10791950046631146,0.11370108584469897,0.07560404860713657
faba32e5,faba32e5,389,473,1,single-session-user,HIGH48,1.0,1.0,1.0,0.0,1.0,1.0,0.0,0.10791950046631146,0.11370108584469897,0.07560404860713657
faba32e5,faba32e5,389,473,1,single-session-user,HIGH48,2.0,1.0,1.0,0.0,,,,0.10791950046631146,0.11370108584469897,0.07560404860713657
faba32e5,faba32e5,389,473,1,single-session-user,HIGH48,4.0,1.0,1.0,0.0,1.0,1.0,0.0,0.10791950046631146,0.11370108584469897,0.07560404860713657
faba32e5,faba32e5,389,473,1,single-session-user,FULL96,0.25,1.0,1.0,0.0,1.0,1.0,0.0,0.10791950046631146,0.09655026951814759,nan
faba32e5,faba32e5,389,473,1,single-session-user,FULL96,0.5,1.0,1.0,0.0,,,,0.10791950046631146,0.09655026951814759,nan
faba32e5,faba32e5,389,473,1,single-session-user,FULL96,1.0,1.0,1.0,0.0,1.0,1.0,0.0,0.10791950046631146,0.09655026951814759,nan
faba32e5,faba32e5,389,473,1,single-session-user,FULL96,2.0,1.0,1.0,0.0,,,,0.10791950046631146,0.09655026951814759,nan
faba32e5,faba32e5,389,473,1,single-session-user,FULL96,4.0,1.0,1.0,0.0,1.0,1.0,0.0,0.10791950046631146,0.09655026951814759,nan
fca70973,fca70973,390,442,1,single-session-preference,LOW48,0.25,0.0,0.0,0.0,0.0,0.0,0.0,0.08774826433652454,0.07707855623180151,0.11281925189362392
fca70973,fca70973,390,442,1,single-session-preference,LOW48,0.5,0.0,0.0,0.0,,,,0.08774826433652454,0.07707855623180151,0.11281925189362392
fca70973,fca70973,390,442,1,single-session-preference,LOW48,1.0,0.0,0.0,0.0,0.0,0.0,0.0,0.08774826433652454,0.07707855623180151,0.11281925189362392
fca70973,fca70973,390,442,1,single-session-preference,LOW48,2.0,0.0,0.0,0.0,,,,0.08774826433652454,0.07707855623180151,0.11281925189362392
fca70973,fca70973,390,442,1,single-session-preference,LOW48,4.0,0.0,0.0,0.0,0.0,0.0,0.0,0.08774826433652454,0.07707855623180151,0.11281925189362392
fca70973,fca70973,390,442,1,single-session-preference,HIGH48,0.25,0.0,0.0,0.0,0.0,0.0,0.0,0.08774826433652454,0.11281925189362392,0.07707855623180151
fca70973,fca70973,390,442,1,single-session-preference,HIGH48,0.5,0.0,0.0,0.0,,,,0.08774826433652454,0.11281925189362392,0.07707855623180151
fca70973,fca70973,390,442,1,single-session-preference,HIGH48,1.0,0.0,0.0,0.0,0.0,0.0,0.0,0.08774826433652454,0.11281925189362392,0.07707855623180151
fca70973,fca70973,390,442,1,single-session-preference,HIGH48,2.0,0.0,0.0,0.0,,,,0.08774826433652454,0.11281925189362392,0.07707855623180151
fca70973,fca70973,390,442,1,single-session-preference,HIGH48,4.0,0.0,0.0,0.0,0.0,0.0,0.0,0.08774826433652454,0.11281925189362392,0.07707855623180151
fca70973,fca70973,390,442,1,single-session-preference,FULL96,0.25,0.0,0.0,0.0,0.0,0.0,0.0,0.08774826433652454,0.0966159599357579,nan
fca70973,fca70973,390,442,1,single-session-preference,FULL96,0.5,0.0,0.0,0.0,,,,0.08774826433652454,0.0966159599357579,nan
fca70973,fca70973,390,442,1,single-session-preference,FULL96,1.0,0.0,0.0,0.0,0.0,0.0,0.0,0.08774826433652454,0.0966159599357579,nan
fca70973,fca70973,390,442,1,single-session-preference,FULL96,2.0,0.0,0.0,0.0,,,,0.08774826433652454,0.0966159599357579,nan
fca70973,fca70973,390,442,1,single-session-preference,FULL96,4.0,0.0,0.0,0.0,0.0,0.0,0.0,0.08774826433652454,0.0966159599357579,nan
fca762bc,fca762bc,391,459,1,single-session-assistant,LOW48,0.25,1.0,1.0,0.0,1.0,1.0,0.0,0.17540813340294456,0.07248568697863492,0.11610308839342026
fca762bc,fca762bc,391,459,1,single-session-assistant,LOW48,0.5,1.0,1.0,0.0,,,,0.17540813340294456,0.07248568697863492,0.11610308839342026
fca762bc,fca762bc,391,459,1,single-session-assistant,LOW48,1.0,1.0,1.0,0.0,1.0,1.0,0.0,0.17540813340294456,0.07248568697863492,0.11610308839342026
fca762bc,fca762bc,391,459,1,single-session-assistant,LOW48,2.0,1.0,1.0,0.0,,,,0.17540813340294456,0.07248568697863492,0.11610308839342026
fca762bc,fca762bc,391,459,1,single-session-assistant,LOW48,4.0,1.0,1.0,0.0,1.0,1.0,0.0,0.17540813340294456,0.07248568697863492,0.11610308839342026
fca762bc,fca762bc,391,459,1,single-session-assistant,HIGH48,0.25,1.0,1.0,0.0,1.0,1.0,0.0,0.17540813340294456,0.11610308839342026,0.07248568697863492
fca762bc,fca762bc,391,459,1,single-session-assistant,HIGH48,0.5,1.0,1.0,0.0,,,,0.17540813340294456,0.11610308839342026,0.07248568697863492
fca762bc,fca762bc,391,459,1,single-session-assistant,HIGH48,1.0,1.0,1.0,0.0,1.0,1.0,0.0,0.17540813340294456,0.11610308839342026,0.07248568697863492
fca762bc,fca762bc,391,459,1,single-session-assistant,HIGH48,2.0,1.0,1.0,0.0,,,,0.17540813340294456,0.11610308839342026,0.07248568697863492
fca762bc,fca762bc,391,459,1,single-session-assistant,HIGH48,4.0,1.0,1.0,0.0,1.0,1.0,0.0,0.17540813340294456,0.11610308839342026,0.07248568697863492
fca762bc,fca762bc,391,459,1,single-session-assistant,FULL96,0.25,1.0,1.0,0.0,1.0,1.0,0.0,0.17540813340294456,0.0967835263649114,nan
fca762bc,fca762bc,391,459,1,single-session-assistant,FULL96,0.5,1.0,1.0,0.0,,,,0.17540813340294456,0.0967835263649114,nan
fca762bc,fca762bc,391,459,1,single-session-assistant,FULL96,1.0,1.0,1.0,0.0,1.0,1.0,0.0,0.17540813340294456,0.0967835263649114,nan
fca762bc,fca762bc,391,459,1,single-session-assistant,FULL96,2.0,1.0,1.0,0.0,,,,0.17540813340294456,0.0967835263649114,nan
fca762bc,fca762bc,391,459,1,single-session-assistant,FULL96,4.0,1.0,1.0,0.0,1.0,1.0,0.0,0.17540813340294456,0.0967835263649114,nan
fea54f57,fea54f57,392,527,1,single-session-assistant,LOW48,0.25,1.0,1.0,0.0,1.0,1.0,0.0,0.07063484162553323,0.07563587122220253,0.11373338891220308
fea54f57,fea54f57,392,527,1,single-session-assistant,LOW48,0.5,1.0,1.0,0.0,,,,0.07063484162553323,0.07563587122220253,0.11373338891220308
fea54f57,fea54f57,392,527,1,single-session-assistant,LOW48,1.0,1.0,1.0,0.0,1.0,1.0,0.0,0.07063484162553323,0.07563587122220253,0.11373338891220308
fea54f57,fea54f57,392,527,1,single-session-assistant,LOW48,2.0,1.0,1.0,0.0,,,,0.07063484162553323,0.07563587122220253,0.11373338891220308
fea54f57,fea54f57,392,527,1,single-session-assistant,LOW48,4.0,1.0,1.0,0.0,1.0,1.0,0.0,0.07063484162553323,0.07563587122220253,0.11373338891220308
fea54f57,fea54f57,392,527,1,single-session-assistant,HIGH48,0.25,1.0,1.0,0.0,1.0,1.0,0.0,0.07063484162553323,0.11373338891220308,0.07563587122220253
fea54f57,fea54f57,392,527,1,single-session-assistant,HIGH48,0.5,1.0,1.0,0.0,,,,0.07063484162553323,0.11373338891220308,0.07563587122220253
fea54f57,fea54f57,392,527,1,single-session-assistant,HIGH48,1.0,1.0,1.0,0.0,1.0,1.0,0.0,0.07063484162553323,0.11373338891220308,0.07563587122220253
fea54f57,fea54f57,392,527,1,single-session-assistant,HIGH48,2.0,1.0,1.0,0.0,,,,0.07063484162553323,0.11373338891220308,0.07563587122220253
fea54f57,fea54f57,392,527,1,single-session-assistant,HIGH48,4.0,1.0,1.0,0.0,1.0,1.0,0.0,0.07063484162553323,0.11373338891220308,0.07563587122220253
fea54f57,fea54f57,392,527,1,single-session-assistant,FULL96,0.25,1.0,1.0,0.0,1.0,1.0,0.0,0.07063484162553323,0.09658174974858356,nan
fea54f57,fea54f57,392,527,1,single-session-assistant,FULL96,0.5,1.0,1.0,0.0,,,,0.07063484162553323,0.09658174974858356,nan
fea54f57,fea54f57,392,527,1,single-session-assistant,FULL96,1.0,1.0,1.0,0.0,1.0,1.0,0.0,0.07063484162553323,0.09658174974858356,nan
fea54f57,fea54f57,392,527,1,single-session-assistant,FULL96,2.0,1.0,1.0,0.0,,,,0.07063484162553323,0.09658174974858356,nan
fea54f57,fea54f57,392,527,1,single-session-assistant,FULL96,4.0,1.0,1.0,0.0,1.0,1.0,0.0,0.07063484162553323,0.09658174974858356,nan
gpt4_0a05b494,gpt4_0a05b494,393,506,2,temporal-reasoning,LOW48,0.25,0.0,0.5,-0.5,0.0,0.5,-0.5,0.08798998714388624,0.07031689051104018,0.11661671526971831
gpt4_0a05b494,gpt4_0a05b494,393,506,2,temporal-reasoning,LOW48,0.5,0.0,0.5,-0.5,,,,0.08798998714388624,0.07031689051104018,0.11661671526971831
gpt4_0a05b494,gpt4_0a05b494,393,506,2,temporal-reasoning,LOW48,1.0,0.0,0.0,0.0,0.0,0.0,0.0,0.08798998714388624,0.07031689051104018,0.11661671526971831
gpt4_0a05b494,gpt4_0a05b494,393,506,2,temporal-reasoning,LOW48,2.0,0.0,0.5,-0.5,,,,0.08798998714388624,0.07031689051104018,0.11661671526971831
gpt4_0a05b494,gpt4_0a05b494,393,506,2,temporal-reasoning,LOW48,4.0,0.0,0.5,-0.5,0.0,0.5,-0.5,0.08798998714388624,0.07031689051104018,0.11661671526971831
gpt4_0a05b494,gpt4_0a05b494,393,506,2,temporal-reasoning,HIGH48,0.25,0.0,0.5,-0.5,0.0,0.5,-0.5,0.08798998714388624,0.11661671526971833,0.07031689051104018
gpt4_0a05b494,gpt4_0a05b494,393,506,2,temporal-reasoning,HIGH48,0.5,0.0,0.5,-0.5,,,,0.08798998714388624,0.11661671526971833,0.07031689051104018
gpt4_0a05b494,gpt4_0a05b494,393,506,2,temporal-reasoning,HIGH48,1.0,0.0,0.0,0.0,0.0,0.0,0.0,0.08798998714388624,0.11661671526971833,0.07031689051104018
gpt4_0a05b494,gpt4_0a05b494,393,506,2,temporal-reasoning,HIGH48,2.0,0.0,0.5,-0.5,,,,0.08798998714388624,0.11661671526971833,0.07031689051104018
gpt4_0a05b494,gpt4_0a05b494,393,506,2,temporal-reasoning,HIGH48,4.0,0.0,0.5,-0.5,0.0,0.5,-0.5,0.08798998714388624,0.11661671526971833,0.07031689051104018
gpt4_0a05b494,gpt4_0a05b494,393,506,2,temporal-reasoning,FULL96,0.25,0.0,0.0,0.0,0.0,0.0,0.0,0.08798998714388624,0.0962910259874724,nan
gpt4_0a05b494,gpt4_0a05b494,393,506,2,temporal-reasoning,FULL96,0.5,0.0,0.0,0.0,,,,0.08798998714388624,0.0962910259874724,nan
gpt4_0a05b494,gpt4_0a05b494,393,506,2,temporal-reasoning,FULL96,1.0,0.0,0.0,0.0,0.0,0.0,0.0,0.08798998714388624,0.0962910259874724,nan
gpt4_0a05b494,gpt4_0a05b494,393,506,2,temporal-reasoning,FULL96,2.0,0.0,0.0,0.0,,,,0.08798998714388624,0.0962910259874724,nan
gpt4_0a05b494,gpt4_0a05b494,393,506,2,temporal-reasoning,FULL96,4.0,0.0,0.0,0.0,0.0,0.0,0.0,0.08798998714388624,0.0962910259874724,nan
gpt4_0b2f1d21,gpt4_0b2f1d21,394,497,2,temporal-reasoning,LOW48,0.25,0.0,0.0,0.0,0.0,0.0,0.0,0.1030649752503049,0.06119025336547834,0.1213617262714988
gpt4_0b2f1d21,gpt4_0b2f1d21,394,497,2,temporal-reasoning,LOW48,0.5,0.0,0.0,0.0,,,,0.1030649752503049,0.06119025336547834,0.1213617262714988
gpt4_0b2f1d21,gpt4_0b2f1d21,394,497,2,temporal-reasoning,LOW48,1.0,0.0,0.0,0.0,0.0,0.0,0.0,0.1030649752503049,0.06119025336547834,0.1213617262714988
gpt4_0b2f1d21,gpt4_0b2f1d21,394,497,2,temporal-reasoning,LOW48,2.0,0.0,0.0,0.0,,,,0.1030649752503049,0.06119025336547834,0.1213617262714988
gpt4_0b2f1d21,gpt4_0b2f1d21,394,497,2,temporal-reasoning,LOW48,4.0,0.0,0.0,0.0,0.0,0.0,0.0,0.1030649752503049,0.06119025336547834,0.1213617262714988
gpt4_0b2f1d21,gpt4_0b2f1d21,394,497,2,temporal-reasoning,HIGH48,0.25,0.0,0.0,0.0,0.0,0.0,0.0,0.1030649752503049,0.1213617262714988,0.06119025336547834
gpt4_0b2f1d21,gpt4_0b2f1d21,394,497,2,temporal-reasoning,HIGH48,0.5,0.0,0.0,0.0,,,,0.1030649752503049,0.1213617262714988,0.06119025336547834
gpt4_0b2f1d21,gpt4_0b2f1d21,394,497,2,temporal-reasoning,HIGH48,1.0,0.0,0.0,0.0,0.0,0.0,0.0,0.1030649752503049,0.1213617262714988,0.06119025336547834
gpt4_0b2f1d21,gpt4_0b2f1d21,394,497,2,temporal-reasoning,HIGH48,2.0,0.0,0.0,0.0,,,,0.1030649752503049,0.1213617262714988,0.06119025336547834
gpt4_0b2f1d21,gpt4_0b2f1d21,394,497,2,temporal-reasoning,HIGH48,4.0,0.0,0.0,0.0,0.0,0.0,0.0,0.1030649752503049,0.1213617262714988,0.06119025336547834
gpt4_0b2f1d21,gpt4_0b2f1d21,394,497,2,temporal-reasoning,FULL96,0.25,0.0,0.0,0.0,0.0,0.0,0.0,0.1030649752503049,0.09610649226386747,nan
gpt4_0b2f1d21,gpt4_0b2f1d21,394,497,2,temporal-reasoning,FULL96,0.5,0.0,0.0,0.0,,,,0.1030649752503049,0.09610649226386747,nan
gpt4_0b2f1d21,gpt4_0b2f1d21,394,497,2,temporal-reasoning,FULL96,1.0,0.0,0.0,0.0,0.0,0.0,0.0,0.1030649752503049,0.09610649226386747,nan
gpt4_0b2f1d21,gpt4_0b2f1d21,394,497,2,temporal-reasoning,FULL96,2.0,0.0,0.0,0.0,,,,0.1030649752503049,0.09610649226386747,nan
gpt4_0b2f1d21,gpt4_0b2f1d21,394,497,2,temporal-reasoning,FULL96,4.0,0.0,0.0,0.0,0.0,0.0,0.0,0.1030649752503049,0.09610649226386747,nan
gpt4_15e38248,gpt4_15e38248,395,470,5,multi-session,LOW48,0.25,0.0,0.0,0.0,0.0,0.0,0.0,0.07536322668899957,0.07968494910162302,0.11126642018052282
gpt4_15e38248,gpt4_15e38248,395,470,5,multi-session,LOW48,0.5,0.0,0.0,0.0,,,,0.07536322668899957,0.07968494910162302,0.11126642018052282
gpt4_15e38248,gpt4_15e38248,395,470,5,multi-session,LOW48,1.0,0.0,0.0,0.0,0.0,0.0,0.0,0.07536322668899957,0.07968494910162302,0.11126642018052282
gpt4_15e38248,gpt4_15e38248,395,470,5,multi-session,LOW48,2.0,0.0,0.0,0.0,,,,0.07536322668899957,0.07968494910162302,0.11126642018052282
gpt4_15e38248,gpt4_15e38248,395,470,5,multi-session,LOW48,4.0,0.0,0.0,0.0,0.0,0.0,0.0,0.07536322668899957,0.07968494910162302,0.11126642018052282
gpt4_15e38248,gpt4_15e38248,395,470,5,multi-session,HIGH48,0.25,0.0,0.0,0.0,0.0,0.0,0.0,0.07536322668899957,0.11126642018052282,0.07968494910162302
gpt4_15e38248,gpt4_15e38248,395,470,5,multi-session,HIGH48,0.5,0.0,0.0,0.0,,,,0.07536322668899957,0.11126642018052282,0.07968494910162302
gpt4_15e38248,gpt4_15e38248,395,470,5,multi-session,HIGH48,1.0,0.0,0.0,0.0,0.0,0.0,0.0,0.07536322668899957,0.11126642018052282,0.07968494910162302
gpt4_15e38248,gpt4_15e38248,395,470,5,multi-session,HIGH48,2.0,0.0,0.0,0.0,,,,0.07536322668899957,0.11126642018052282,0.07968494910162302
gpt4_15e38248,gpt4_15e38248,395,470,5,multi-session,HIGH48,4.0,0.0,0.0,0.0,0.0,0.0,0.0,0.07536322668899957,0.11126642018052282,0.07968494910162302
gpt4_15e38248,gpt4_15e38248,395,470,5,multi-session,FULL96,0.25,0.0,0.0,0.0,0.0,0.0,0.0,0.07536322668899957,0.09677269080974474,nan
gpt4_15e38248,gpt4_15e38248,395,470,5,multi-session,FULL96,0.5,0.0,0.0,0.0,,,,0.07536322668899957,0.09677269080974474,nan
gpt4_15e38248,gpt4_15e38248,395,470,5,multi-session,FULL96,1.0,0.0,0.0,0.0,0.0,0.0,0.0,0.07536322668899957,0.09677269080974474,nan
gpt4_15e38248,gpt4_15e38248,395,470,5,multi-session,FULL96,2.0,0.0,0.0,0.0,,,,0.07536322668899957,0.09677269080974474,nan
gpt4_15e38248,gpt4_15e38248,395,470,5,multi-session,FULL96,4.0,0.0,0.0,0.0,0.0,0.0,0.0,0.07536322668899957,0.09677269080974474,nan
gpt4_18c2b244,gpt4_18c2b244,396,495,3,temporal-reasoning,LOW48,0.25,0.6666666666666666,0.0,0.6666666666666666,0.6666666666666664,0.0,0.6666666666666664,0.241276213952749,0.08147524739765655,0.10937696079109929
gpt4_18c2b244,gpt4_18c2b244,396,495,3,temporal-reasoning,LOW48,0.5,0.6666666666666666,0.0,0.6666666666666666,,,,0.241276213952749,0.08147524739765655,0.10937696079109929
gpt4_18c2b244,gpt4_18c2b244,396,495,3,temporal-reasoning,LOW48,1.0,0.6666666666666666,0.0,0.6666666666666666,0.6666666666666664,0.0,0.6666666666666664,0.241276213952749,0.08147524739765655,0.10937696079109929
gpt4_18c2b244,gpt4_18c2b244,396,495,3,temporal-reasoning,LOW48,2.0,0.6666666666666666,0.0,0.6666666666666666,,,,0.241276213952749,0.08147524739765655,0.10937696079109929
gpt4_18c2b244,gpt4_18c2b244,396,495,3,temporal-reasoning,LOW48,4.0,0.6666666666666666,0.3333333333333333,0.3333333333333333,0.6666666666666664,0.3333333333333332,0.3333333333333332,0.241276213952749,0.08147524739765655,0.10937696079109929
gpt4_18c2b244,gpt4_18c2b244,396,495,3,temporal-reasoning,HIGH48,0.25,0.6666666666666666,0.3333333333333333,0.3333333333333333,0.6666666666666664,0.3333333333333332,0.3333333333333332,0.241276213952749,0.10937696079109929,0.08147524739765655
gpt4_18c2b244,gpt4_18c2b244,396,495,3,temporal-reasoning,HIGH48,0.5,0.6666666666666666,0.0,0.6666666666666666,,,,0.241276213952749,0.10937696079109929,0.08147524739765655
gpt4_18c2b244,gpt4_18c2b244,396,495,3,temporal-reasoning,HIGH48,1.0,0.6666666666666666,0.0,0.6666666666666666,0.6666666666666664,0.0,0.6666666666666664,0.241276213952749,0.10937696079109929,0.08147524739765655
gpt4_18c2b244,gpt4_18c2b244,396,495,3,temporal-reasoning,HIGH48,2.0,0.6666666666666666,0.0,0.6666666666666666,,,,0.241276213952749,0.10937696079109929,0.08147524739765655
gpt4_18c2b244,gpt4_18c2b244,396,495,3,temporal-reasoning,HIGH48,4.0,0.6666666666666666,0.0,0.6666666666666666,0.6666666666666664,0.0,0.6666666666666664,0.241276213952749,0.10937696079109929,0.08147524739765655
gpt4_18c2b244,gpt4_18c2b244,396,495,3,temporal-reasoning,FULL96,0.25,0.6666666666666666,0.0,0.6666666666666666,0.6666666666666664,0.0,0.6666666666666664,0.241276213952749,0.09644048810123011,nan
gpt4_18c2b244,gpt4_18c2b244,396,495,3,temporal-reasoning,FULL96,0.5,0.6666666666666666,0.0,0.6666666666666666,,,,0.241276213952749,0.09644048810123011,nan
gpt4_18c2b244,gpt4_18c2b244,396,495,3,temporal-reasoning,FULL96,1.0,0.6666666666666666,0.0,0.6666666666666666,0.6666666666666664,0.0,0.6666666666666664,0.241276213952749,0.09644048810123011,nan
gpt4_18c2b244,gpt4_18c2b244,396,495,3,temporal-reasoning,FULL96,2.0,0.6666666666666666,0.0,0.6666666666666666,,,,0.241276213952749,0.09644048810123011,nan
gpt4_18c2b244,gpt4_18c2b244,396,495,3,temporal-reasoning,FULL96,4.0,0.6666666666666666,0.0,0.6666666666666666,0.6666666666666664,0.0,0.6666666666666664,0.241276213952749,0.09644048810123011,nan
gpt4_1916e0ea,gpt4_1916e0ea,397,533,2,temporal-reasoning,LOW48,0.25,0.25,0.0,0.25,0.225,0.0,0.225,0.09007624321031771,0.06840106033885232,0.1174577049039554
gpt4_1916e0ea,gpt4_1916e0ea,397,533,2,temporal-reasoning,LOW48,0.5,0.25,0.0,0.25,,,,0.09007624321031771,0.06840106033885232,0.1174577049039554
gpt4_1916e0ea,gpt4_1916e0ea,397,533,2,temporal-reasoning,LOW48,1.0,0.25,0.0,0.25,0.225,0.0,0.225,0.09007624321031771,0.06840106033885232,0.1174577049039554
gpt4_1916e0ea,gpt4_1916e0ea,397,533,2,temporal-reasoning,LOW48,2.0,0.25,0.5,-0.25,,,,0.09007624321031771,0.06840106033885232,0.1174577049039554
gpt4_1916e0ea,gpt4_1916e0ea,397,533,2,temporal-reasoning,LOW48,4.0,0.25,0.0,0.25,0.225,0.0,0.225,0.09007624321031771,0.06840106033885232,0.1174577049039554
gpt4_1916e0ea,gpt4_1916e0ea,397,533,2,temporal-reasoning,HIGH48,0.25,0.25,0.0,0.25,0.225,0.0,0.225,0.09007624321031771,0.1174577049039554,0.06840106033885232
gpt4_1916e0ea,gpt4_1916e0ea,397,533,2,temporal-reasoning,HIGH48,0.5,0.25,0.5,-0.25,,,,0.09007624321031771,0.1174577049039554,0.06840106033885232
gpt4_1916e0ea,gpt4_1916e0ea,397,533,2,temporal-reasoning,HIGH48,1.0,0.25,0.0,0.25,0.225,0.0,0.225,0.09007624321031771,0.1174577049039554,0.06840106033885232
gpt4_1916e0ea,gpt4_1916e0ea,397,533,2,temporal-reasoning,HIGH48,2.0,0.25,0.0,0.25,,,,0.09007624321031771,0.1174577049039554,0.06840106033885232
gpt4_1916e0ea,gpt4_1916e0ea,397,533,2,temporal-reasoning,HIGH48,4.0,0.25,0.0,0.25,0.225,0.0,0.225,0.09007624321031771,0.1174577049039554,0.06840106033885232
gpt4_1916e0ea,gpt4_1916e0ea,397,533,2,temporal-reasoning,FULL96,0.25,0.25,0.0,0.25,0.225,0.0,0.225,0.09007624321031771,0.09611195944518036,nan
gpt4_1916e0ea,gpt4_1916e0ea,397,533,2,temporal-reasoning,FULL96,0.5,0.25,0.0,0.25,,,,0.09007624321031771,0.09611195944518036,nan
gpt4_1916e0ea,gpt4_1916e0ea,397,533,2,temporal-reasoning,FULL96,1.0,0.25,0.0,0.25,0.225,0.0,0.225,0.09007624321031771,0.09611195944518036,nan
gpt4_1916e0ea,gpt4_1916e0ea,397,533,2,temporal-reasoning,FULL96,2.0,0.25,0.0,0.25,,,,0.09007624321031771,0.09611195944518036,nan
gpt4_1916e0ea,gpt4_1916e0ea,397,533,2,temporal-reasoning,FULL96,4.0,0.25,0.0,0.25,0.225,0.0,0.225,0.09007624321031771,0.09611195944518036,nan
gpt4_194be4b3,gpt4_194be4b3,398,474,4,multi-session,LOW48,0.25,0.0,0.0,0.0,0.0,0.0,0.0,0.07993172994447935,0.07258145320387106,0.11556597787408913
gpt4_194be4b3,gpt4_194be4b3,398,474,4,multi-session,LOW48,0.5,0.0,0.0,0.0,,,,0.07993172994447935,0.07258145320387106,0.11556597787408913
gpt4_194be4b3,gpt4_194be4b3,398,474,4,multi-session,LOW48,1.0,0.0,0.0,0.0,0.0,0.0,0.0,0.07993172994447935,0.07258145320387106,0.11556597787408913
gpt4_194be4b3,gpt4_194be4b3,398,474,4,multi-session,LOW48,2.0,0.0,0.0,0.0,,,,0.07993172994447935,0.07258145320387106,0.11556597787408913
gpt4_194be4b3,gpt4_194be4b3,398,474,4,multi-session,LOW48,4.0,0.0,0.0,0.0,0.0,0.0,0.0,0.07993172994447935,0.07258145320387106,0.11556597787408913
gpt4_194be4b3,gpt4_194be4b3,398,474,4,multi-session,HIGH48,0.25,0.0,0.0,0.0,0.0,0.0,0.0,0.07993172994447935,0.11556597787408913,0.07258145320387106
gpt4_194be4b3,gpt4_194be4b3,398,474,4,multi-session,HIGH48,0.5,0.0,0.0,0.0,,,,0.07993172994447935,0.11556597787408913,0.07258145320387106
gpt4_194be4b3,gpt4_194be4b3,398,474,4,multi-session,HIGH48,1.0,0.0,0.0,0.0,0.0,0.0,0.0,0.07993172994447935,0.11556597787408913,0.07258145320387106
gpt4_194be4b3,gpt4_194be4b3,398,474,4,multi-session,HIGH48,2.0,0.0,0.0,0.0,,,,0.07993172994447935,0.11556597787408913,0.07258145320387106
gpt4_194be4b3,gpt4_194be4b3,398,474,4,multi-session,HIGH48,4.0,0.0,0.0,0.0,0.0,0.0,0.0,0.07993172994447935,0.11556597787408913,0.07258145320387106
gpt4_194be4b3,gpt4_194be4b3,398,474,4,multi-session,FULL96,0.25,0.0,0.0,0.0,0.0,0.0,0.0,0.07993172994447935,0.09649757144918254,nan
gpt4_194be4b3,gpt4_194be4b3,398,474,4,multi-session,FULL96,0.5,0.0,0.0,0.0,,,,0.07993172994447935,0.09649757144918254,nan
gpt4_194be4b3,gpt4_194be4b3,398,474,4,multi-session,FULL96,1.0,0.0,0.0,0.0,0.0,0.0,0.0,0.07993172994447935,0.09649757144918254,nan
gpt4_194be4b3,gpt4_194be4b3,398,474,4,multi-session,FULL96,2.0,0.0,0.0,0.0,,,,0.07993172994447935,0.09649757144918254,nan
gpt4_194be4b3,gpt4_194be4b3,398,474,4,multi-session,FULL96,4.0,0.0,0.0,0.0,0.0,0.0,0.0,0.07993172994447935,0.09649757144918254,nan
gpt4_1a1dc16d,gpt4_1a1dc16d,399,453,2,temporal-reasoning,LOW48,0.25,0.0,0.0,0.0,0.0,0.0,0.0,0.08042985006342636,0.0705004426357249,0.11671393553541978
gpt4_1a1dc16d,gpt4_1a1dc16d,399,453,2,temporal-reasoning,LOW48,0.5,0.0,0.0,0.0,,,,0.08042985006342636,0.0705004426357249,0.11671393553541978
gpt4_1a1dc16d,gpt4_1a1dc16d,399,453,2,temporal-reasoning,LOW48,1.0,0.0,0.5,-0.5,0.0,0.5,-0.5,0.08042985006342636,0.0705004426357249,0.11671393553541978
gpt4_1a1dc16d,gpt4_1a1dc16d,399,453,2,temporal-reasoning,LOW48,2.0,0.0,0.5,-0.5,,,,0.08042985006342636,0.0705004426357249,0.11671393553541978
gpt4_1a1dc16d,gpt4_1a1dc16d,399,453,2,temporal-reasoning,LOW48,4.0,0.0,0.5,-0.5,0.0,0.5,-0.5,0.08042985006342636,0.0705004426357249,0.11671393553541978
gpt4_1a1dc16d,gpt4_1a1dc16d,399,453,2,temporal-reasoning,HIGH48,0.25,0.0,0.5,-0.5,0.0,0.5,-0.5,0.08042985006342636,0.11671393553541978,0.0705004426357249
gpt4_1a1dc16d,gpt4_1a1dc16d,399,453,2,temporal-reasoning,HIGH48,0.5,0.0,0.5,-0.5,,,,0.08042985006342636,0.11671393553541978,0.0705004426357249
gpt4_1a1dc16d,gpt4_1a1dc16d,399,453,2,temporal-reasoning,HIGH48,1.0,0.0,0.5,-0.5,0.0,0.5,-0.5,0.08042985006342636,0.11671393553541978,0.0705004426357249
gpt4_1a1dc16d,gpt4_1a1dc16d,399,453,2,temporal-reasoning,HIGH48,2.0,0.0,0.0,0.0,,,,0.08042985006342636,0.11671393553541978,0.0705004426357249
gpt4_1a1dc16d,gpt4_1a1dc16d,399,453,2,temporal-reasoning,HIGH48,4.0,0.0,0.0,0.0,0.0,0.0,0.0,0.08042985006342636,0.11671393553541978,0.0705004426357249
gpt4_1a1dc16d,gpt4_1a1dc16d,399,453,2,temporal-reasoning,FULL96,0.25,0.0,0.5,-0.5,0.0,0.5,-0.5,0.08042985006342636,0.09641694653949394,nan
gpt4_1a1dc16d,gpt4_1a1dc16d,399,453,2,temporal-reasoning,FULL96,0.5,0.0,0.5,-0.5,,,,0.08042985006342636,0.09641694653949394,nan
gpt4_1a1dc16d,gpt4_1a1dc16d,399,453,2,temporal-reasoning,FULL96,1.0,0.0,0.5,-0.5,0.0,0.5,-0.5,0.08042985006342636,0.09641694653949394,nan
gpt4_1a1dc16d,gpt4_1a1dc16d,399,453,2,temporal-reasoning,FULL96,2.0,0.0,0.5,-0.5,,,,0.08042985006342636,0.09641694653949394,nan
gpt4_1a1dc16d,gpt4_1a1dc16d,399,453,2,temporal-reasoning,FULL96,4.0,0.0,0.5,-0.5,0.0,0.5,-0.5,0.08042985006342636,0.09641694653949394,nan
gpt4_1d4ab0c9,gpt4_1d4ab0c9,400,483,2,temporal-reasoning,LOW48,0.25,1.0,1.0,0.0,1.0,1.0,0.0,0.13929375293232388,0.08188710557986052,0.10919253759349165
gpt4_1d4ab0c9,gpt4_1d4ab0c9,400,483,2,temporal-reasoning,LOW48,0.5,1.0,1.0,0.0,,,,0.13929375293232388,0.08188710557986052,0.10919253759349165
gpt4_1d4ab0c9,gpt4_1d4ab0c9,400,483,2,temporal-reasoning,LOW48,1.0,1.0,1.0,0.0,1.0,1.0,0.0,0.13929375293232388,0.08188710557986052,0.10919253759349165
gpt4_1d4ab0c9,gpt4_1d4ab0c9,400,483,2,temporal-reasoning,LOW48,2.0,1.0,1.0,0.0,,,,0.13929375293232388,0.08188710557986052,0.10919253759349165
gpt4_1d4ab0c9,gpt4_1d4ab0c9,400,483,2,temporal-reasoning,LOW48,4.0,1.0,1.0,0.0,1.0,1.0,0.0,0.13929375293232388,0.08188710557986052,0.10919253759349165
gpt4_1d4ab0c9,gpt4_1d4ab0c9,400,483,2,temporal-reasoning,HIGH48,0.25,1.0,1.0,0.0,1.0,1.0,0.0,0.13929375293232388,0.10919253759349165,0.08188710557986051
gpt4_1d4ab0c9,gpt4_1d4ab0c9,400,483,2,temporal-reasoning,HIGH48,0.5,1.0,1.0,0.0,,,,0.13929375293232388,0.10919253759349165,0.08188710557986051
gpt4_1d4ab0c9,gpt4_1d4ab0c9,400,483,2,temporal-reasoning,HIGH48,1.0,1.0,1.0,0.0,1.0,1.0,0.0,0.13929375293232388,0.10919253759349165,0.08188710557986051
gpt4_1d4ab0c9,gpt4_1d4ab0c9,400,483,2,temporal-reasoning,HIGH48,2.0,1.0,1.0,0.0,,,,0.13929375293232388,0.10919253759349165,0.08188710557986051
gpt4_1d4ab0c9,gpt4_1d4ab0c9,400,483,2,temporal-reasoning,HIGH48,4.0,1.0,1.0,0.0,1.0,1.0,0.0,0.13929375293232388,0.10919253759349165,0.08188710557986051
gpt4_1d4ab0c9,gpt4_1d4ab0c9,400,483,2,temporal-reasoning,FULL96,0.25,1.0,1.0,0.0,1.0,1.0,0.0,0.13929375293232388,0.09651038370650411,nan
gpt4_1d4ab0c9,gpt4_1d4ab0c9,400,483,2,temporal-reasoning,FULL96,0.5,1.0,1.0,0.0,,,,0.13929375293232388,0.09651038370650411,nan
gpt4_1d4ab0c9,gpt4_1d4ab0c9,400,483,2,temporal-reasoning,FULL96,1.0,1.0,1.0,0.0,1.0,1.0,0.0,0.13929375293232388,0.09651038370650411,nan
gpt4_1d4ab0c9,gpt4_1d4ab0c9,400,483,2,temporal-reasoning,FULL96,2.0,1.0,1.0,0.0,,,,0.13929375293232388,0.09651038370650411,nan
gpt4_1d4ab0c9,gpt4_1d4ab0c9,400,483,2,temporal-reasoning,FULL96,4.0,1.0,1.0,0.0,1.0,1.0,0.0,0.13929375293232388,0.09651038370650411,nan
gpt4_1d80365e,gpt4_1d80365e,401,517,2,temporal-reasoning,LOW48,0.25,1.0,1.0,0.0,1.0,1.0,0.0,0.07091529492779329,0.07913684893734896,0.1111034113406597
gpt4_1d80365e,gpt4_1d80365e,401,517,2,temporal-reasoning,LOW48,0.5,1.0,1.0,0.0,,,,0.07091529492779329,0.07913684893734896,0.1111034113406597
gpt4_1d80365e,gpt4_1d80365e,401,517,2,temporal-reasoning,LOW48,1.0,1.0,1.0,0.0,1.0,1.0,0.0,0.07091529492779329,0.07913684893734896,0.1111034113406597
gpt4_1d80365e,gpt4_1d80365e,401,517,2,temporal-reasoning,LOW48,2.0,1.0,1.0,0.0,,,,0.07091529492779329,0.07913684893734896,0.1111034113406597
gpt4_1d80365e,gpt4_1d80365e,401,517,2,temporal-reasoning,LOW48,4.0,1.0,1.0,0.0,1.0,1.0,0.0,0.07091529492779329,0.07913684893734896,0.1111034113406597
gpt4_1d80365e,gpt4_1d80365e,401,517,2,temporal-reasoning,HIGH48,0.25,1.0,1.0,0.0,1.0,1.0,0.0,0.07091529492779329,0.11110341134065971,0.07913684893734896
gpt4_1d80365e,gpt4_1d80365e,401,517,2,temporal-reasoning,HIGH48,0.5,1.0,1.0,0.0,,,,0.07091529492779329,0.11110341134065971,0.07913684893734896
gpt4_1d80365e,gpt4_1d80365e,401,517,2,temporal-reasoning,HIGH48,1.0,1.0,1.0,0.0,1.0,1.0,0.0,0.07091529492779329,0.11110341134065971,0.07913684893734896
gpt4_1d80365e,gpt4_1d80365e,401,517,2,temporal-reasoning,HIGH48,2.0,1.0,1.0,0.0,,,,0.07091529492779329,0.11110341134065971,0.07913684893734896
gpt4_1d80365e,gpt4_1d80365e,401,517,2,temporal-reasoning,HIGH48,4.0,1.0,1.0,0.0,1.0,1.0,0.0,0.07091529492779329,0.11110341134065971,0.07913684893734896
gpt4_1d80365e,gpt4_1d80365e,401,517,2,temporal-reasoning,FULL96,0.25,1.0,1.0,0.0,1.0,1.0,0.0,0.07091529492779329,0.09645363878896591,nan
gpt4_1d80365e,gpt4_1d80365e,401,517,2,temporal-reasoning,FULL96,0.5,1.0,1.0,0.0,,,,0.07091529492779329,0.09645363878896591,nan
gpt4_1d80365e,gpt4_1d80365e,401,517,2,temporal-reasoning,FULL96,1.0,1.0,1.0,0.0,1.0,1.0,0.0,0.07091529492779329,0.09645363878896591,nan
gpt4_1d80365e,gpt4_1d80365e,401,517,2,temporal-reasoning,FULL96,2.0,1.0,1.0,0.0,,,,0.07091529492779329,0.09645363878896591,nan
gpt4_1d80365e,gpt4_1d80365e,401,517,2,temporal-reasoning,FULL96,4.0,1.0,1.0,0.0,1.0,1.0,0.0,0.07091529492779329,0.09645363878896591,nan
gpt4_1e4a8aeb,gpt4_1e4a8aeb,402,479,2,temporal-reasoning,LOW48,0.25,0.5,0.0,0.5,0.5,0.0,0.5,0.0833760546291688,0.06987568087200843,0.1171919406187685
gpt4_1e4a8aeb,gpt4_1e4a8aeb,402,479,2,temporal-reasoning,LOW48,0.5,0.5,0.0,0.5,,,,0.0833760546291688,0.06987568087200843,0.1171919406187685
gpt4_1e4a8aeb,gpt4_1e4a8aeb,402,479,2,temporal-reasoning,LOW48,1.0,0.5,0.0,0.5,0.5,0.0,0.5,0.0833760546291688,0.06987568087200843,0.1171919406187685
gpt4_1e4a8aeb,gpt4_1e4a8aeb,402,479,2,temporal-reasoning,LOW48,2.0,0.5,0.0,0.5,,,,0.0833760546291688,0.06987568087200843,0.1171919406187685
gpt4_1e4a8aeb,gpt4_1e4a8aeb,402,479,2,temporal-reasoning,LOW48,4.0,0.5,0.0,0.5,0.5,0.0,0.5,0.0833760546291688,0.06987568087200843,0.1171919406187685
gpt4_1e4a8aeb,gpt4_1e4a8aeb,402,479,2,temporal-reasoning,HIGH48,0.25,0.5,0.0,0.5,0.5,0.0,0.5,0.0833760546291688,0.11719194061876849,0.06987568087200843
gpt4_1e4a8aeb,gpt4_1e4a8aeb,402,479,2,temporal-reasoning,HIGH48,0.5,0.5,0.0,0.5,,,,0.0833760546291688,0.11719194061876849,0.06987568087200843
gpt4_1e4a8aeb,gpt4_1e4a8aeb,402,479,2,temporal-reasoning,HIGH48,1.0,0.5,0.0,0.5,0.5,0.0,0.5,0.0833760546291688,0.11719194061876849,0.06987568087200843
gpt4_1e4a8aeb,gpt4_1e4a8aeb,402,479,2,temporal-reasoning,HIGH48,2.0,0.5,0.0,0.5,,,,0.0833760546291688,0.11719194061876849,0.06987568087200843
gpt4_1e4a8aeb,gpt4_1e4a8aeb,402,479,2,temporal-reasoning,HIGH48,4.0,0.5,0.0,0.5,0.5,0.0,0.5,0.0833760546291688,0.11719194061876849,0.06987568087200843
gpt4_1e4a8aeb,gpt4_1e4a8aeb,402,479,2,temporal-reasoning,FULL96,0.25,0.5,0.0,0.5,0.5,0.0,0.5,0.0833760546291688,0.09647943232451081,nan
gpt4_1e4a8aeb,gpt4_1e4a8aeb,402,479,2,temporal-reasoning,FULL96,0.5,0.5,0.0,0.5,,,,0.0833760546291688,0.09647943232451081,nan
gpt4_1e4a8aeb,gpt4_1e4a8aeb,402,479,2,temporal-reasoning,FULL96,1.0,0.5,0.0,0.5,0.5,0.0,0.5,0.0833760546291688,0.09647943232451081,nan
gpt4_1e4a8aeb,gpt4_1e4a8aeb,402,479,2,temporal-reasoning,FULL96,2.0,0.5,0.0,0.5,,,,0.0833760546291688,0.09647943232451081,nan
gpt4_1e4a8aeb,gpt4_1e4a8aeb,402,479,2,temporal-reasoning,FULL96,4.0,0.5,0.0,0.5,0.5,0.0,0.5,0.0833760546291688,0.09647943232451081,nan
gpt4_1e4a8aec,gpt4_1e4a8aec,403,498,1,temporal-reasoning,LOW48,0.25,0.0,0.0,0.0,0.0,0.0,0.0,0.09908389323686544,0.07066241346974936,0.1167884147496607
gpt4_1e4a8aec,gpt4_1e4a8aec,403,498,1,temporal-reasoning,LOW48,0.5,0.0,0.0,0.0,,,,0.09908389323686544,0.07066241346974936,0.1167884147496607
gpt4_1e4a8aec,gpt4_1e4a8aec,403,498,1,temporal-reasoning,LOW48,1.0,0.0,0.0,0.0,0.0,0.0,0.0,0.09908389323686544,0.07066241346974936,0.1167884147496607
gpt4_1e4a8aec,gpt4_1e4a8aec,403,498,1,temporal-reasoning,LOW48,2.0,0.0,0.0,0.0,,,,0.09908389323686544,0.07066241346974936,0.1167884147496607
gpt4_1e4a8aec,gpt4_1e4a8aec,403,498,1,temporal-reasoning,LOW48,4.0,0.0,0.0,0.0,0.0,0.0,0.0,0.09908389323686544,0.07066241346974936,0.1167884147496607
gpt4_1e4a8aec,gpt4_1e4a8aec,403,498,1,temporal-reasoning,HIGH48,0.25,0.0,0.0,0.0,0.0,0.0,0.0,0.09908389323686544,0.11678841474966073,0.07066241346974936
gpt4_1e4a8aec,gpt4_1e4a8aec,403,498,1,temporal-reasoning,HIGH48,0.5,0.0,0.0,0.0,,,,0.09908389323686544,0.11678841474966073,0.07066241346974936
gpt4_1e4a8aec,gpt4_1e4a8aec,403,498,1,temporal-reasoning,HIGH48,1.0,0.0,0.0,0.0,0.0,0.0,0.0,0.09908389323686544,0.11678841474966073,0.07066241346974936
gpt4_1e4a8aec,gpt4_1e4a8aec,403,498,1,temporal-reasoning,HIGH48,2.0,0.0,0.0,0.0,,,,0.09908389323686544,0.11678841474966073,0.07066241346974936
gpt4_1e4a8aec,gpt4_1e4a8aec,403,498,1,temporal-reasoning,HIGH48,4.0,0.0,0.0,0.0,0.0,0.0,0.0,0.09908389323686544,0.11678841474966073,0.07066241346974936
gpt4_1e4a8aec,gpt4_1e4a8aec,403,498,1,temporal-reasoning,FULL96,0.25,0.0,0.0,0.0,0.0,0.0,0.0,0.09908389323686544,0.09652126837414793,nan
gpt4_1e4a8aec,gpt4_1e4a8aec,403,498,1,temporal-reasoning,FULL96,0.5,0.0,0.0,0.0,,,,0.09908389323686544,0.09652126837414793,nan
gpt4_1e4a8aec,gpt4_1e4a8aec,403,498,1,temporal-reasoning,FULL96,1.0,0.0,0.0,0.0,0.0,0.0,0.0,0.09908389323686544,0.09652126837414793,nan
gpt4_1e4a8aec,gpt4_1e4a8aec,403,498,1,temporal-reasoning,FULL96,2.0,0.0,0.0,0.0,,,,0.09908389323686544,0.09652126837414793,nan
gpt4_1e4a8aec,gpt4_1e4a8aec,403,498,1,temporal-reasoning,FULL96,4.0,0.0,0.0,0.0,0.0,0.0,0.0,0.09908389323686544,0.09652126837414793,nan
gpt4_213fd887,gpt4_213fd887,404,446,2,temporal-reasoning,LOW48,0.25,0.5,0.5,0.0,0.5,0.5,0.0,0.07603948151232806,0.07671199001886654,0.11296341549755418
gpt4_213fd887,gpt4_213fd887,404,446,2,temporal-reasoning,LOW48,0.5,0.5,0.5,0.0,,,,0.07603948151232806,0.07671199001886654,0.11296341549755418
gpt4_213fd887,gpt4_213fd887,404,446,2,temporal-reasoning,LOW48,1.0,0.5,0.5,0.0,0.5,0.5,0.0,0.07603948151232806,0.07671199001886654,0.11296341549755418
gpt4_213fd887,gpt4_213fd887,404,446,2,temporal-reasoning,LOW48,2.0,0.5,0.5,0.0,,,,0.07603948151232806,0.07671199001886654,0.11296341549755418
gpt4_213fd887,gpt4_213fd887,404,446,2,temporal-reasoning,LOW48,4.0,0.5,0.5,0.0,0.5,0.5,0.0,0.07603948151232806,0.07671199001886654,0.11296341549755418
gpt4_213fd887,gpt4_213fd887,404,446,2,temporal-reasoning,HIGH48,0.25,0.5,0.5,0.0,0.5,0.5,0.0,0.07603948151232806,0.1129634154975542,0.07671199001886654
gpt4_213fd887,gpt4_213fd887,404,446,2,temporal-reasoning,HIGH48,0.5,0.5,0.5,0.0,,,,0.07603948151232806,0.1129634154975542,0.07671199001886654
gpt4_213fd887,gpt4_213fd887,404,446,2,temporal-reasoning,HIGH48,1.0,0.5,0.5,0.0,0.5,0.5,0.0,0.07603948151232806,0.1129634154975542,0.07671199001886654
gpt4_213fd887,gpt4_213fd887,404,446,2,temporal-reasoning,HIGH48,2.0,0.5,0.5,0.0,,,,0.07603948151232806,0.1129634154975542,0.07671199001886654
gpt4_213fd887,gpt4_213fd887,404,446,2,temporal-reasoning,HIGH48,4.0,0.5,0.5,0.0,0.5,0.5,0.0,0.07603948151232806,0.1129634154975542,0.07671199001886654
gpt4_213fd887,gpt4_213fd887,404,446,2,temporal-reasoning,FULL96,0.25,0.5,0.5,0.0,0.5,0.5,0.0,0.07603948151232806,0.09655429211984247,nan
gpt4_213fd887,gpt4_213fd887,404,446,2,temporal-reasoning,FULL96,0.5,0.5,0.5,0.0,,,,0.07603948151232806,0.09655429211984247,nan
gpt4_213fd887,gpt4_213fd887,404,446,2,temporal-reasoning,FULL96,1.0,0.5,0.5,0.0,0.5,0.5,0.0,0.07603948151232806,0.09655429211984247,nan
gpt4_213fd887,gpt4_213fd887,404,446,2,temporal-reasoning,FULL96,2.0,0.5,0.5,0.0,,,,0.07603948151232806,0.09655429211984247,nan
gpt4_213fd887,gpt4_213fd887,404,446,2,temporal-reasoning,FULL96,4.0,0.5,0.5,0.0,0.5,0.5,0.0,0.07603948151232806,0.09655429211984247,nan
gpt4_21adecb5,gpt4_21adecb5,405,511,2,temporal-reasoning,LOW48,0.25,1.0,0.0,1.0,1.0,0.0,1.0,0.061850003176788584,0.07354691646299798,0.1148791186734242
gpt4_21adecb5,gpt4_21adecb5,405,511,2,temporal-reasoning,LOW48,0.5,1.0,0.0,1.0,,,,0.061850003176788584,0.07354691646299798,0.1148791186734242
gpt4_21adecb5,gpt4_21adecb5,405,511,2,temporal-reasoning,LOW48,1.0,1.0,0.0,1.0,1.0,0.0,1.0,0.061850003176788584,0.07354691646299798,0.1148791186734242
gpt4_21adecb5,gpt4_21adecb5,405,511,2,temporal-reasoning,LOW48,2.0,1.0,0.0,1.0,,,,0.061850003176788584,0.07354691646299798,0.1148791186734242
gpt4_21adecb5,gpt4_21adecb5,405,511,2,temporal-reasoning,LOW48,4.0,1.0,0.5,0.5,1.0,0.5,0.5,0.061850003176788584,0.07354691646299798,0.1148791186734242
gpt4_21adecb5,gpt4_21adecb5,405,511,2,temporal-reasoning,HIGH48,0.25,1.0,0.5,0.5,1.0,0.5,0.5,0.061850003176788584,0.1148791186734242,0.07354691646299798
gpt4_21adecb5,gpt4_21adecb5,405,511,2,temporal-reasoning,HIGH48,0.5,1.0,0.0,1.0,,,,0.061850003176788584,0.1148791186734242,0.07354691646299798
gpt4_21adecb5,gpt4_21adecb5,405,511,2,temporal-reasoning,HIGH48,1.0,1.0,0.0,1.0,1.0,0.0,1.0,0.061850003176788584,0.1148791186734242,0.07354691646299798
gpt4_21adecb5,gpt4_21adecb5,405,511,2,temporal-reasoning,HIGH48,2.0,1.0,0.0,1.0,,,,0.061850003176788584,0.1148791186734242,0.07354691646299798
gpt4_21adecb5,gpt4_21adecb5,405,511,2,temporal-reasoning,HIGH48,4.0,1.0,0.0,1.0,1.0,0.0,1.0,0.061850003176788584,0.1148791186734242,0.07354691646299798
gpt4_21adecb5,gpt4_21adecb5,405,511,2,temporal-reasoning,FULL96,0.25,1.0,0.0,1.0,1.0,0.0,1.0,0.061850003176788584,0.09645299587985301,nan
gpt4_21adecb5,gpt4_21adecb5,405,511,2,temporal-reasoning,FULL96,0.5,1.0,0.0,1.0,,,,0.061850003176788584,0.09645299587985301,nan
gpt4_21adecb5,gpt4_21adecb5,405,511,2,temporal-reasoning,FULL96,1.0,1.0,0.0,1.0,1.0,0.0,1.0,0.061850003176788584,0.09645299587985301,nan
gpt4_21adecb5,gpt4_21adecb5,405,511,2,temporal-reasoning,FULL96,2.0,1.0,0.0,1.0,,,,0.061850003176788584,0.09645299587985301,nan
gpt4_21adecb5,gpt4_21adecb5,405,511,2,temporal-reasoning,FULL96,4.0,1.0,0.0,1.0,1.0,0.0,1.0,0.061850003176788584,0.09645299587985301,nan
gpt4_2312f94c,gpt4_2312f94c,406,467,2,temporal-reasoning,LOW48,0.25,1.0,0.5,0.5,1.0,0.5,0.5,0.14053676268173218,0.07847848659851056,0.11115780737033301
gpt4_2312f94c,gpt4_2312f94c,406,467,2,temporal-reasoning,LOW48,0.5,1.0,0.5,0.5,,,,0.14053676268173218,0.07847848659851056,0.11115780737033301
gpt4_2312f94c,gpt4_2312f94c,406,467,2,temporal-reasoning,LOW48,1.0,1.0,0.5,0.5,1.0,0.5,0.5,0.14053676268173218,0.07847848659851056,0.11115780737033301
gpt4_2312f94c,gpt4_2312f94c,406,467,2,temporal-reasoning,LOW48,2.0,1.0,0.5,0.5,,,,0.14053676268173218,0.07847848659851056,0.11115780737033301
gpt4_2312f94c,gpt4_2312f94c,406,467,2,temporal-reasoning,LOW48,4.0,1.0,1.0,0.0,1.0,1.0,0.0,0.14053676268173218,0.07847848659851056,0.11115780737033301
gpt4_2312f94c,gpt4_2312f94c,406,467,2,temporal-reasoning,HIGH48,0.25,1.0,1.0,0.0,1.0,1.0,0.0,0.14053676268173218,0.11115780737033303,0.07847848659851056
gpt4_2312f94c,gpt4_2312f94c,406,467,2,temporal-reasoning,HIGH48,0.5,1.0,0.5,0.5,,,,0.14053676268173218,0.11115780737033303,0.07847848659851056
gpt4_2312f94c,gpt4_2312f94c,406,467,2,temporal-reasoning,HIGH48,1.0,1.0,0.5,0.5,1.0,0.5,0.5,0.14053676268173218,0.11115780737033303,0.07847848659851056
gpt4_2312f94c,gpt4_2312f94c,406,467,2,temporal-reasoning,HIGH48,2.0,1.0,0.5,0.5,,,,0.14053676268173218,0.11115780737033303,0.07847848659851056
gpt4_2312f94c,gpt4_2312f94c,406,467,2,temporal-reasoning,HIGH48,4.0,1.0,0.5,0.5,1.0,0.5,0.5,0.14053676268173218,0.11115780737033303,0.07847848659851056
gpt4_2312f94c,gpt4_2312f94c,406,467,2,temporal-reasoning,FULL96,0.25,1.0,0.5,0.5,1.0,0.5,0.5,0.14053676268173218,0.09621572376221224,nan
gpt4_2312f94c,gpt4_2312f94c,406,467,2,temporal-reasoning,FULL96,0.5,1.0,0.5,0.5,,,,0.14053676268173218,0.09621572376221224,nan
gpt4_2312f94c,gpt4_2312f94c,406,467,2,temporal-reasoning,FULL96,1.0,1.0,0.5,0.5,1.0,0.5,0.5,0.14053676268173218,0.09621572376221224,nan
gpt4_2312f94c,gpt4_2312f94c,406,467,2,temporal-reasoning,FULL96,2.0,1.0,0.5,0.5,,,,0.14053676268173218,0.09621572376221224,nan
gpt4_2312f94c,gpt4_2312f94c,406,467,2,temporal-reasoning,FULL96,4.0,1.0,0.5,0.5,1.0,0.5,0.5,0.14053676268173218,0.09621572376221224,nan
gpt4_2487a7cb,gpt4_2487a7cb,407,495,2,temporal-reasoning,LOW48,0.25,0.0,0.0,0.0,0.0,0.0,0.0,0.07263228109005478,0.06822982952264205,0.11741187908928113
gpt4_2487a7cb,gpt4_2487a7cb,407,495,2,temporal-reasoning,LOW48,0.5,0.0,0.0,0.0,,,,0.07263228109005478,0.06822982952264205,0.11741187908928113
gpt4_2487a7cb,gpt4_2487a7cb,407,495,2,temporal-reasoning,LOW48,1.0,0.0,0.0,0.0,0.0,0.0,0.0,0.07263228109005478,0.06822982952264205,0.11741187908928113
gpt4_2487a7cb,gpt4_2487a7cb,407,495,2,temporal-reasoning,LOW48,2.0,0.0,0.0,0.0,,,,0.07263228109005478,0.06822982952264205,0.11741187908928113
gpt4_2487a7cb,gpt4_2487a7cb,407,495,2,temporal-reasoning,LOW48,4.0,0.0,0.0,0.0,0.0,0.0,0.0,0.07263228109005478,0.06822982952264205,0.11741187908928113
gpt4_2487a7cb,gpt4_2487a7cb,407,495,2,temporal-reasoning,HIGH48,0.25,0.0,0.0,0.0,0.0,0.0,0.0,0.07263228109005478,0.11741187908928115,0.06822982952264205
gpt4_2487a7cb,gpt4_2487a7cb,407,495,2,temporal-reasoning,HIGH48,0.5,0.0,0.0,0.0,,,,0.07263228109005478,0.11741187908928115,0.06822982952264205
gpt4_2487a7cb,gpt4_2487a7cb,407,495,2,temporal-reasoning,HIGH48,1.0,0.0,0.0,0.0,0.0,0.0,0.0,0.07263228109005478,0.11741187908928115,0.06822982952264205
gpt4_2487a7cb,gpt4_2487a7cb,407,495,2,temporal-reasoning,HIGH48,2.0,0.0,0.0,0.0,,,,0.07263228109005478,0.11741187908928115,0.06822982952264205
gpt4_2487a7cb,gpt4_2487a7cb,407,495,2,temporal-reasoning,HIGH48,4.0,0.0,0.0,0.0,0.0,0.0,0.0,0.07263228109005478,0.11741187908928115,0.06822982952264205
gpt4_2487a7cb,gpt4_2487a7cb,407,495,2,temporal-reasoning,FULL96,0.25,0.0,0.0,0.0,0.0,0.0,0.0,0.07263228109005478,0.09602306750975197,nan
gpt4_2487a7cb,gpt4_2487a7cb,407,495,2,temporal-reasoning,FULL96,0.5,0.0,0.0,0.0,,,,0.07263228109005478,0.09602306750975197,nan
gpt4_2487a7cb,gpt4_2487a7cb,407,495,2,temporal-reasoning,FULL96,1.0,0.0,0.0,0.0,0.0,0.0,0.0,0.07263228109005478,0.09602306750975197,nan
gpt4_2487a7cb,gpt4_2487a7cb,407,495,2,temporal-reasoning,FULL96,2.0,0.0,0.0,0.0,,,,0.07263228109005478,0.09602306750975197,nan
gpt4_2487a7cb,gpt4_2487a7cb,407,495,2,temporal-reasoning,FULL96,4.0,0.0,0.0,0.0,0.0,0.0,0.0,0.07263228109005478,0.09602306750975197,nan
gpt4_2655b836,gpt4_2655b836,408,465,2,temporal-reasoning,LOW48,0.25,0.5,0.5,0.0,0.5,0.5,0.0,0.11567328762598728,0.07219571451441113,0.11576402310653874
gpt4_2655b836,gpt4_2655b836,408,465,2,temporal-reasoning,LOW48,0.5,0.5,0.5,0.0,,,,0.11567328762598728,0.07219571451441113,0.11576402310653874
gpt4_2655b836,gpt4_2655b836,408,465,2,temporal-reasoning,LOW48,1.0,0.5,0.5,0.0,0.5,0.5,0.0,0.11567328762598728,0.07219571451441113,0.11576402310653874
gpt4_2655b836,gpt4_2655b836,408,465,2,temporal-reasoning,LOW48,2.0,0.5,1.0,-0.5,,,,0.11567328762598728,0.07219571451441113,0.11576402310653874
gpt4_2655b836,gpt4_2655b836,408,465,2,temporal-reasoning,LOW48,4.0,0.5,0.5,0.0,0.5,0.5,0.0,0.11567328762598728,0.07219571451441113,0.11576402310653874
gpt4_2655b836,gpt4_2655b836,408,465,2,temporal-reasoning,HIGH48,0.25,0.5,0.5,0.0,0.5,0.5,0.0,0.11567328762598728,0.11576402310653874,0.07219571451441113
gpt4_2655b836,gpt4_2655b836,408,465,2,temporal-reasoning,HIGH48,0.5,0.5,1.0,-0.5,,,,0.11567328762598728,0.11576402310653874,0.07219571451441113
gpt4_2655b836,gpt4_2655b836,408,465,2,temporal-reasoning,HIGH48,1.0,0.5,0.5,0.0,0.5,0.5,0.0,0.11567328762598728,0.11576402310653874,0.07219571451441113
gpt4_2655b836,gpt4_2655b836,408,465,2,temporal-reasoning,HIGH48,2.0,0.5,0.5,0.0,,,,0.11567328762598728,0.11576402310653874,0.07219571451441113
gpt4_2655b836,gpt4_2655b836,408,465,2,temporal-reasoning,HIGH48,4.0,0.5,0.5,0.0,0.5,0.5,0.0,0.11567328762598728,0.11576402310653874,0.07219571451441113
gpt4_2655b836,gpt4_2655b836,408,465,2,temporal-reasoning,FULL96,0.25,0.5,0.5,0.0,0.5,0.5,0.0,0.11567328762598728,0.09647157674687812,nan
gpt4_2655b836,gpt4_2655b836,408,465,2,temporal-reasoning,FULL96,0.5,0.5,0.5,0.0,,,,0.11567328762598728,0.09647157674687812,nan
gpt4_2655b836,gpt4_2655b836,408,465,2,temporal-reasoning,FULL96,1.0,0.5,0.5,0.0,0.5,0.5,0.0,0.11567328762598728,0.09647157674687812,nan
gpt4_2655b836,gpt4_2655b836,408,465,2,temporal-reasoning,FULL96,2.0,0.5,0.5,0.0,,,,0.11567328762598728,0.09647157674687812,nan
gpt4_2655b836,gpt4_2655b836,408,465,2,temporal-reasoning,FULL96,4.0,0.5,0.5,0.0,0.5,0.5,0.0,0.11567328762598728,0.09647157674687812,nan
gpt4_2ba83207,gpt4_2ba83207,409,502,4,multi-session,LOW48,0.25,0.5,0.0,0.5,0.5,0.0,0.5,0.06924212431119077,0.06293112779431025,0.12098770045834978
gpt4_2ba83207,gpt4_2ba83207,409,502,4,multi-session,LOW48,0.5,0.5,0.25,0.25,,,,0.06924212431119077,0.06293112779431025,0.12098770045834978
gpt4_2ba83207,gpt4_2ba83207,409,502,4,multi-session,LOW48,1.0,0.5,0.25,0.25,0.5,0.25,0.25,0.06924212431119077,0.06293112779431025,0.12098770045834978
gpt4_2ba83207,gpt4_2ba83207,409,502,4,multi-session,LOW48,2.0,0.5,0.25,0.25,,,,0.06924212431119077,0.06293112779431025,0.12098770045834978
gpt4_2ba83207,gpt4_2ba83207,409,502,4,multi-session,LOW48,4.0,0.5,0.5,0.0,0.5,0.5,0.0,0.06924212431119077,0.06293112779431025,0.12098770045834978
gpt4_2ba83207,gpt4_2ba83207,409,502,4,multi-session,HIGH48,0.25,0.5,0.5,0.0,0.5,0.5,0.0,0.06924212431119077,0.12098770045834978,0.06293112779431025
gpt4_2ba83207,gpt4_2ba83207,409,502,4,multi-session,HIGH48,0.5,0.5,0.25,0.25,,,,0.06924212431119077,0.12098770045834978,0.06293112779431025
gpt4_2ba83207,gpt4_2ba83207,409,502,4,multi-session,HIGH48,1.0,0.5,0.25,0.25,0.5,0.25,0.25,0.06924212431119077,0.12098770045834978,0.06293112779431025
gpt4_2ba83207,gpt4_2ba83207,409,502,4,multi-session,HIGH48,2.0,0.5,0.25,0.25,,,,0.06924212431119077,0.12098770045834978,0.06293112779431025
gpt4_2ba83207,gpt4_2ba83207,409,502,4,multi-session,HIGH48,4.0,0.5,0.0,0.5,0.5,0.0,0.5,0.06924212431119077,0.12098770045834978,0.06293112779431025
gpt4_2ba83207,gpt4_2ba83207,409,502,4,multi-session,FULL96,0.25,0.5,0.25,0.25,0.5,0.25,0.25,0.06924212431119077,0.09643223140543616,nan
gpt4_2ba83207,gpt4_2ba83207,409,502,4,multi-session,FULL96,0.5,0.5,0.25,0.25,,,,0.06924212431119077,0.09643223140543616,nan
gpt4_2ba83207,gpt4_2ba83207,409,502,4,multi-session,FULL96,1.0,0.5,0.25,0.25,0.5,0.25,0.25,0.06924212431119077,0.09643223140543616,nan
gpt4_2ba83207,gpt4_2ba83207,409,502,4,multi-session,FULL96,2.0,0.5,0.25,0.25,,,,0.06924212431119077,0.09643223140543616,nan
gpt4_2ba83207,gpt4_2ba83207,409,502,4,multi-session,FULL96,4.0,0.5,0.25,0.25,0.5,0.25,0.25,0.06924212431119077,0.09643223140543616,nan
gpt4_2c50253f,gpt4_2c50253f,410,591,2,temporal-reasoning,LOW48,0.25,0.5,0.5,0.0,0.5,0.5,0.0,0.09073363804729048,0.06918542452718263,0.1166657510955581
gpt4_2c50253f,gpt4_2c50253f,410,591,2,temporal-reasoning,LOW48,0.5,0.5,0.5,0.0,,,,0.09073363804729048,0.06918542452718263,0.1166657510955581
gpt4_2c50253f,gpt4_2c50253f,410,591,2,temporal-reasoning,LOW48,1.0,0.5,0.5,0.0,0.5,0.5,0.0,0.09073363804729048,0.06918542452718263,0.1166657510955581
gpt4_2c50253f,gpt4_2c50253f,410,591,2,temporal-reasoning,LOW48,2.0,0.5,0.5,0.0,,,,0.09073363804729048,0.06918542452718263,0.1166657510955581
gpt4_2c50253f,gpt4_2c50253f,410,591,2,temporal-reasoning,LOW48,4.0,0.5,0.5,0.0,0.5,0.5,0.0,0.09073363804729048,0.06918542452718263,0.1166657510955581
gpt4_2c50253f,gpt4_2c50253f,410,591,2,temporal-reasoning,HIGH48,0.25,0.5,0.5,0.0,0.5,0.5,0.0,0.09073363804729048,0.1166657510955581,0.06918542452718263
gpt4_2c50253f,gpt4_2c50253f,410,591,2,temporal-reasoning,HIGH48,0.5,0.5,0.5,0.0,,,,0.09073363804729048,0.1166657510955581,0.06918542452718263
gpt4_2c50253f,gpt4_2c50253f,410,591,2,temporal-reasoning,HIGH48,1.0,0.5,0.5,0.0,0.5,0.5,0.0,0.09073363804729048,0.1166657510955581,0.06918542452718263
gpt4_2c50253f,gpt4_2c50253f,410,591,2,temporal-reasoning,HIGH48,2.0,0.5,0.5,0.0,,,,0.09073363804729048,0.1166657510955581,0.06918542452718263
gpt4_2c50253f,gpt4_2c50253f,410,591,2,temporal-reasoning,HIGH48,4.0,0.5,0.5,0.0,0.5,0.5,0.0,0.09073363804729048,0.1166657510955581,0.06918542452718263
gpt4_2c50253f,gpt4_2c50253f,410,591,2,temporal-reasoning,FULL96,0.25,0.5,0.5,0.0,0.5,0.5,0.0,0.09073363804729048,0.09591016746335396,nan
gpt4_2c50253f,gpt4_2c50253f,410,591,2,temporal-reasoning,FULL96,0.5,0.5,0.5,0.0,,,,0.09073363804729048,0.09591016746335396,nan
gpt4_2c50253f,gpt4_2c50253f,410,591,2,temporal-reasoning,FULL96,1.0,0.5,0.5,0.0,0.5,0.5,0.0,0.09073363804729048,0.09591016746335396,nan
gpt4_2c50253f,gpt4_2c50253f,410,591,2,temporal-reasoning,FULL96,2.0,0.5,0.5,0.0,,,,0.09073363804729048,0.09591016746335396,nan
gpt4_2c50253f,gpt4_2c50253f,410,591,2,temporal-reasoning,FULL96,4.0,0.5,0.5,0.0,0.5,0.5,0.0,0.09073363804729048,0.09591016746335396,nan
gpt4_2d58bcd6,gpt4_2d58bcd6,411,483,2,temporal-reasoning,LOW48,0.25,1.0,1.0,0.0,1.0,1.0,0.0,0.1446541829068183,0.07615862362928227,0.11260663651755888
gpt4_2d58bcd6,gpt4_2d58bcd6,411,483,2,temporal-reasoning,LOW48,0.5,1.0,1.0,0.0,,,,0.1446541829068183,0.07615862362928227,0.11260663651755888
gpt4_2d58bcd6,gpt4_2d58bcd6,411,483,2,temporal-reasoning,LOW48,1.0,1.0,1.0,0.0,1.0,1.0,0.0,0.1446541829068183,0.07615862362928227,0.11260663651755888
gpt4_2d58bcd6,gpt4_2d58bcd6,411,483,2,temporal-reasoning,LOW48,2.0,1.0,1.0,0.0,,,,0.1446541829068183,0.07615862362928227,0.11260663651755888
gpt4_2d58bcd6,gpt4_2d58bcd6,411,483,2,temporal-reasoning,LOW48,4.0,1.0,1.0,0.0,1.0,1.0,0.0,0.1446541829068183,0.07615862362928227,0.11260663651755888
gpt4_2d58bcd6,gpt4_2d58bcd6,411,483,2,temporal-reasoning,HIGH48,0.25,1.0,1.0,0.0,1.0,1.0,0.0,0.1446541829068183,0.1126066365175589,0.07615862362928227
gpt4_2d58bcd6,gpt4_2d58bcd6,411,483,2,temporal-reasoning,HIGH48,0.5,1.0,1.0,0.0,,,,0.1446541829068183,0.1126066365175589,0.07615862362928227
gpt4_2d58bcd6,gpt4_2d58bcd6,411,483,2,temporal-reasoning,HIGH48,1.0,1.0,1.0,0.0,1.0,1.0,0.0,0.1446541829068183,0.1126066365175589,0.07615862362928227
gpt4_2d58bcd6,gpt4_2d58bcd6,411,483,2,temporal-reasoning,HIGH48,2.0,1.0,1.0,0.0,,,,0.1446541829068183,0.1126066365175589,0.07615862362928227
gpt4_2d58bcd6,gpt4_2d58bcd6,411,483,2,temporal-reasoning,HIGH48,4.0,1.0,1.0,0.0,1.0,1.0,0.0,0.1446541829068183,0.1126066365175589,0.07615862362928227
gpt4_2d58bcd6,gpt4_2d58bcd6,411,483,2,temporal-reasoning,FULL96,0.25,1.0,1.0,0.0,1.0,1.0,0.0,0.1446541829068183,0.09612593443214036,nan
gpt4_2d58bcd6,gpt4_2d58bcd6,411,483,2,temporal-reasoning,FULL96,0.5,1.0,1.0,0.0,,,,0.1446541829068183,0.09612593443214036,nan
gpt4_2d58bcd6,gpt4_2d58bcd6,411,483,2,temporal-reasoning,FULL96,1.0,1.0,1.0,0.0,1.0,1.0,0.0,0.1446541829068183,0.09612593443214036,nan
gpt4_2d58bcd6,gpt4_2d58bcd6,411,483,2,temporal-reasoning,FULL96,2.0,1.0,1.0,0.0,,,,0.1446541829068183,0.09612593443214036,nan
gpt4_2d58bcd6,gpt4_2d58bcd6,411,483,2,temporal-reasoning,FULL96,4.0,1.0,1.0,0.0,1.0,1.0,0.0,0.1446541829068183,0.09612593443214036,nan
gpt4_2f56ae70,gpt4_2f56ae70,412,458,3,temporal-reasoning,LOW48,0.25,0.0,0.0,0.0,0.0,0.0,0.0,0.0780079698526274,0.07806660702573616,0.11215212404819531
gpt4_2f56ae70,gpt4_2f56ae70,412,458,3,temporal-reasoning,LOW48,0.5,0.0,0.0,0.0,,,,0.0780079698526274,0.07806660702573616,0.11215212404819531
gpt4_2f56ae70,gpt4_2f56ae70,412,458,3,temporal-reasoning,LOW48,1.0,0.0,0.0,0.0,0.0,0.0,0.0,0.0780079698526274,0.07806660702573616,0.11215212404819531
gpt4_2f56ae70,gpt4_2f56ae70,412,458,3,temporal-reasoning,LOW48,2.0,0.0,0.0,0.0,,,,0.0780079698526274,0.07806660702573616,0.11215212404819531
gpt4_2f56ae70,gpt4_2f56ae70,412,458,3,temporal-reasoning,LOW48,4.0,0.0,0.0,0.0,0.0,0.0,0.0,0.0780079698526274,0.07806660702573616,0.11215212404819531
gpt4_2f56ae70,gpt4_2f56ae70,412,458,3,temporal-reasoning,HIGH48,0.25,0.0,0.0,0.0,0.0,0.0,0.0,0.0780079698526274,0.11215212404819531,0.07806660702573616
gpt4_2f56ae70,gpt4_2f56ae70,412,458,3,temporal-reasoning,HIGH48,0.5,0.0,0.0,0.0,,,,0.0780079698526274,0.11215212404819531,0.07806660702573616
gpt4_2f56ae70,gpt4_2f56ae70,412,458,3,temporal-reasoning,HIGH48,1.0,0.0,0.0,0.0,0.0,0.0,0.0,0.0780079698526274,0.11215212404819531,0.07806660702573616
gpt4_2f56ae70,gpt4_2f56ae70,412,458,3,temporal-reasoning,HIGH48,2.0,0.0,0.0,0.0,,,,0.0780079698526274,0.11215212404819531,0.07806660702573616
gpt4_2f56ae70,gpt4_2f56ae70,412,458,3,temporal-reasoning,HIGH48,4.0,0.0,0.0,0.0,0.0,0.0,0.0,0.0780079698526274,0.11215212404819531,0.07806660702573616
gpt4_2f56ae70,gpt4_2f56ae70,412,458,3,temporal-reasoning,FULL96,0.25,0.0,0.0,0.0,0.0,0.0,0.0,0.0780079698526274,0.09662425694677426,nan
gpt4_2f56ae70,gpt4_2f56ae70,412,458,3,temporal-reasoning,FULL96,0.5,0.0,0.0,0.0,,,,0.0780079698526274,0.09662425694677426,nan
gpt4_2f56ae70,gpt4_2f56ae70,412,458,3,temporal-reasoning,FULL96,1.0,0.0,0.0,0.0,0.0,0.0,0.0,0.0780079698526274,0.09662425694677426,nan
gpt4_2f56ae70,gpt4_2f56ae70,412,458,3,temporal-reasoning,FULL96,2.0,0.0,0.0,0.0,,,,0.0780079698526274,0.09662425694677426,nan
gpt4_2f56ae70,gpt4_2f56ae70,412,458,3,temporal-reasoning,FULL96,4.0,0.0,0.0,0.0,0.0,0.0,0.0,0.0780079698526274,0.09662425694677426,nan
gpt4_2f584639,gpt4_2f584639,413,472,2,temporal-reasoning,LOW48,0.25,0.0,0.5,-0.5,0.0,0.5,-0.5,0.1715419035437805,0.07271901501912088,0.11507965126846133
gpt4_2f584639,gpt4_2f584639,413,472,2,temporal-reasoning,LOW48,0.5,0.0,0.0,0.0,,,,0.1715419035437805,0.07271901501912088,0.11507965126846133
gpt4_2f584639,gpt4_2f584639,413,472,2,temporal-reasoning,LOW48,1.0,0.0,0.0,0.0,0.0,0.0,0.0,0.1715419035437805,0.07271901501912088,0.11507965126846133
gpt4_2f584639,gpt4_2f584639,413,472,2,temporal-reasoning,LOW48,2.0,0.0,0.0,0.0,,,,0.1715419035437805,0.07271901501912088,0.11507965126846133
gpt4_2f584639,gpt4_2f584639,413,472,2,temporal-reasoning,LOW48,4.0,0.0,0.0,0.0,0.0,0.0,0.0,0.1715419035437805,0.07271901501912088,0.11507965126846133
gpt4_2f584639,gpt4_2f584639,413,472,2,temporal-reasoning,HIGH48,0.25,0.0,0.0,0.0,0.0,0.0,0.0,0.1715419035437805,0.11507965126846133,0.07271901501912088
gpt4_2f584639,gpt4_2f584639,413,472,2,temporal-reasoning,HIGH48,0.5,0.0,0.0,0.0,,,,0.1715419035437805,0.11507965126846133,0.07271901501912088
gpt4_2f584639,gpt4_2f584639,413,472,2,temporal-reasoning,HIGH48,1.0,0.0,0.0,0.0,0.0,0.0,0.0,0.1715419035437805,0.11507965126846133,0.07271901501912088
gpt4_2f584639,gpt4_2f584639,413,472,2,temporal-reasoning,HIGH48,2.0,0.0,0.0,0.0,,,,0.1715419035437805,0.11507965126846133,0.07271901501912088
gpt4_2f584639,gpt4_2f584639,413,472,2,temporal-reasoning,HIGH48,4.0,0.0,0.5,-0.5,0.0,0.5,-0.5,0.1715419035437805,0.11507965126846133,0.07271901501912088
gpt4_2f584639,gpt4_2f584639,413,472,2,temporal-reasoning,FULL96,0.25,0.0,0.0,0.0,0.0,0.0,0.0,0.1715419035437805,0.09625845750224185,nan
gpt4_2f584639,gpt4_2f584639,413,472,2,temporal-reasoning,FULL96,0.5,0.0,0.0,0.0,,,,0.1715419035437805,0.09625845750224185,nan
gpt4_2f584639,gpt4_2f584639,413,472,2,temporal-reasoning,FULL96,1.0,0.0,0.0,0.0,0.0,0.0,0.0,0.1715419035437805,0.09625845750224185,nan
gpt4_2f584639,gpt4_2f584639,413,472,2,temporal-reasoning,FULL96,2.0,0.0,0.0,0.0,,,,0.1715419035437805,0.09625845750224185,nan
gpt4_2f584639,gpt4_2f584639,413,472,2,temporal-reasoning,FULL96,4.0,0.0,0.0,0.0,0.0,0.0,0.0,0.1715419035437805,0.09625845750224185,nan
gpt4_2f8be40d,gpt4_2f8be40d,414,474,3,multi-session,LOW48,0.25,0.3333333333333333,0.3333333333333333,0.0,0.3333333333333332,0.3333333333333332,0.0,0.09998912399444392,0.06318215550730572,0.12017976766167339
gpt4_2f8be40d,gpt4_2f8be40d,414,474,3,multi-session,LOW48,0.5,0.3333333333333333,0.3333333333333333,0.0,,,,0.09998912399444392,0.06318215550730572,0.12017976766167339
gpt4_2f8be40d,gpt4_2f8be40d,414,474,3,multi-session,LOW48,1.0,0.3333333333333333,0.3333333333333333,0.0,0.3333333333333332,0.3333333333333332,0.0,0.09998912399444392,0.06318215550730572,0.12017976766167339
gpt4_2f8be40d,gpt4_2f8be40d,414,474,3,multi-session,LOW48,2.0,0.3333333333333333,0.0,0.3333333333333333,,,,0.09998912399444392,0.06318215550730572,0.12017976766167339
gpt4_2f8be40d,gpt4_2f8be40d,414,474,3,multi-session,LOW48,4.0,0.3333333333333333,0.0,0.3333333333333333,0.3333333333333332,0.0,0.3333333333333332,0.09998912399444392,0.06318215550730572,0.12017976766167339
gpt4_2f8be40d,gpt4_2f8be40d,414,474,3,multi-session,HIGH48,0.25,0.3333333333333333,0.0,0.3333333333333333,0.3333333333333332,0.0,0.3333333333333332,0.09998912399444392,0.12017976766167339,0.06318215550730572
gpt4_2f8be40d,gpt4_2f8be40d,414,474,3,multi-session,HIGH48,0.5,0.3333333333333333,0.0,0.3333333333333333,,,,0.09998912399444392,0.12017976766167339,0.06318215550730572
gpt4_2f8be40d,gpt4_2f8be40d,414,474,3,multi-session,HIGH48,1.0,0.3333333333333333,0.3333333333333333,0.0,0.3333333333333332,0.3333333333333332,0.0,0.09998912399444392,0.12017976766167339,0.06318215550730572
gpt4_2f8be40d,gpt4_2f8be40d,414,474,3,multi-session,HIGH48,2.0,0.3333333333333333,0.3333333333333333,0.0,,,,0.09998912399444392,0.12017976766167339,0.06318215550730572
gpt4_2f8be40d,gpt4_2f8be40d,414,474,3,multi-session,HIGH48,4.0,0.3333333333333333,0.3333333333333333,0.0,0.3333333333333332,0.3333333333333332,0.0,0.09998912399444392,0.12017976766167339,0.06318215550730572
gpt4_2f8be40d,gpt4_2f8be40d,414,474,3,multi-session,FULL96,0.25,0.3333333333333333,0.3333333333333333,0.0,0.3333333333333332,0.3333333333333332,0.0,0.09998912399444392,0.09600823227662084,nan
gpt4_2f8be40d,gpt4_2f8be40d,414,474,3,multi-session,FULL96,0.5,0.3333333333333333,0.3333333333333333,0.0,,,,0.09998912399444392,0.09600823227662084,nan
gpt4_2f8be40d,gpt4_2f8be40d,414,474,3,multi-session,FULL96,1.0,0.3333333333333333,0.3333333333333333,0.0,0.3333333333333332,0.3333333333333332,0.0,0.09998912399444392,0.09600823227662084,nan
gpt4_2f8be40d,gpt4_2f8be40d,414,474,3,multi-session,FULL96,2.0,0.3333333333333333,0.3333333333333333,0.0,,,,0.09998912399444392,0.09600823227662084,nan
gpt4_2f8be40d,gpt4_2f8be40d,414,474,3,multi-session,FULL96,4.0,0.3333333333333333,0.3333333333333333,0.0,0.3333333333333332,0.3333333333333332,0.0,0.09998912399444392,0.09600823227662084,nan
gpt4_2f91af09,gpt4_2f91af09,415,515,3,multi-session,LOW48,0.25,0.3333333333333333,0.3333333333333333,0.0,0.3333333333333332,0.3333333333333332,0.0,0.0917654025071036,0.0802105878307674,0.11099045076787682
gpt4_2f91af09,gpt4_2f91af09,415,515,3,multi-session,LOW48,0.5,0.3333333333333333,0.3333333333333333,0.0,,,,0.0917654025071036,0.0802105878307674,0.11099045076787682
gpt4_2f91af09,gpt4_2f91af09,415,515,3,multi-session,LOW48,1.0,0.3333333333333333,0.3333333333333333,0.0,0.3333333333333332,0.3333333333333332,0.0,0.0917654025071036,0.0802105878307674,0.11099045076787682
gpt4_2f91af09,gpt4_2f91af09,415,515,3,multi-session,LOW48,2.0,0.3333333333333333,0.3333333333333333,0.0,,,,0.0917654025071036,0.0802105878307674,0.11099045076787682
gpt4_2f91af09,gpt4_2f91af09,415,515,3,multi-session,LOW48,4.0,0.3333333333333333,0.3333333333333333,0.0,0.3333333333333332,0.3333333333333332,0.0,0.0917654025071036,0.0802105878307674,0.11099045076787682
gpt4_2f91af09,gpt4_2f91af09,415,515,3,multi-session,HIGH48,0.25,0.3333333333333333,0.3333333333333333,0.0,0.3333333333333332,0.3333333333333332,0.0,0.0917654025071036,0.11099045076787682,0.0802105878307674
gpt4_2f91af09,gpt4_2f91af09,415,515,3,multi-session,HIGH48,0.5,0.3333333333333333,0.3333333333333333,0.0,,,,0.0917654025071036,0.11099045076787682,0.0802105878307674
gpt4_2f91af09,gpt4_2f91af09,415,515,3,multi-session,HIGH48,1.0,0.3333333333333333,0.3333333333333333,0.0,0.3333333333333332,0.3333333333333332,0.0,0.0917654025071036,0.11099045076787682,0.0802105878307674
gpt4_2f91af09,gpt4_2f91af09,415,515,3,multi-session,HIGH48,2.0,0.3333333333333333,0.3333333333333333,0.0,,,,0.0917654025071036,0.11099045076787682,0.0802105878307674
gpt4_2f91af09,gpt4_2f91af09,415,515,3,multi-session,HIGH48,4.0,0.3333333333333333,0.3333333333333333,0.0,0.3333333333333332,0.3333333333333332,0.0,0.0917654025071036,0.11099045076787682,0.0802105878307674
gpt4_2f91af09,gpt4_2f91af09,415,515,3,multi-session,FULL96,0.25,0.3333333333333333,0.3333333333333333,0.0,0.3333333333333332,0.3333333333333332,0.0,0.0917654025071036,0.0968313445166743,nan
gpt4_2f91af09,gpt4_2f91af09,415,515,3,multi-session,FULL96,0.5,0.3333333333333333,0.3333333333333333,0.0,,,,0.0917654025071036,0.0968313445166743,nan
gpt4_2f91af09,gpt4_2f91af09,415,515,3,multi-session,FULL96,1.0,0.3333333333333333,0.3333333333333333,0.0,0.3333333333333332,0.3333333333333332,0.0,0.0917654025071036,0.0968313445166743,nan
gpt4_2f91af09,gpt4_2f91af09,415,515,3,multi-session,FULL96,2.0,0.3333333333333333,0.3333333333333333,0.0,,,,0.0917654025071036,0.0968313445166743,nan
gpt4_2f91af09,gpt4_2f91af09,415,515,3,multi-session,FULL96,4.0,0.3333333333333333,0.3333333333333333,0.0,0.3333333333333332,0.3333333333333332,0.0,0.0917654025071036,0.0968313445166743,nan
gpt4_31ff4165,gpt4_31ff4165,416,457,6,multi-session,LOW48,0.25,0.0,0.0,0.0,0.0,0.0,0.0,0.07654836770209943,0.06620977953523563,0.11968349215003564
gpt4_31ff4165,gpt4_31ff4165,416,457,6,multi-session,LOW48,0.5,0.0,0.0,0.0,,,,0.07654836770209943,0.06620977953523563,0.11968349215003564
gpt4_31ff4165,gpt4_31ff4165,416,457,6,multi-session,LOW48,1.0,0.0,0.0,0.0,0.0,0.0,0.0,0.07654836770209943,0.06620977953523563,0.11968349215003564
gpt4_31ff4165,gpt4_31ff4165,416,457,6,multi-session,LOW48,2.0,0.0,0.0,0.0,,,,0.07654836770209943,0.06620977953523563,0.11968349215003564
gpt4_31ff4165,gpt4_31ff4165,416,457,6,multi-session,LOW48,4.0,0.0,0.0,0.0,0.0,0.0,0.0,0.07654836770209943,0.06620977953523563,0.11968349215003564
gpt4_31ff4165,gpt4_31ff4165,416,457,6,multi-session,HIGH48,0.25,0.0,0.0,0.0,0.0,0.0,0.0,0.07654836770209943,0.11968349215003565,0.06620977953523563
gpt4_31ff4165,gpt4_31ff4165,416,457,6,multi-session,HIGH48,0.5,0.0,0.0,0.0,,,,0.07654836770209943,0.11968349215003565,0.06620977953523563
gpt4_31ff4165,gpt4_31ff4165,416,457,6,multi-session,HIGH48,1.0,0.0,0.0,0.0,0.0,0.0,0.0,0.07654836770209943,0.11968349215003565,0.06620977953523563
gpt4_31ff4165,gpt4_31ff4165,416,457,6,multi-session,HIGH48,2.0,0.0,0.0,0.0,,,,0.07654836770209943,0.11968349215003565,0.06620977953523563
gpt4_31ff4165,gpt4_31ff4165,416,457,6,multi-session,HIGH48,4.0,0.0,0.0,0.0,0.0,0.0,0.0,0.07654836770209943,0.11968349215003565,0.06620977953523563
gpt4_31ff4165,gpt4_31ff4165,416,457,6,multi-session,FULL96,0.25,0.0,0.0,0.0,0.0,0.0,0.0,0.07654836770209943,0.09671575155922676,nan
gpt4_31ff4165,gpt4_31ff4165,416,457,6,multi-session,FULL96,0.5,0.0,0.0,0.0,,,,0.07654836770209943,0.09671575155922676,nan
gpt4_31ff4165,gpt4_31ff4165,416,457,6,multi-session,FULL96,1.0,0.0,0.0,0.0,0.0,0.0,0.0,0.07654836770209943,0.09671575155922676,nan
gpt4_31ff4165,gpt4_31ff4165,416,457,6,multi-session,FULL96,2.0,0.0,0.0,0.0,,,,0.07654836770209943,0.09671575155922676,nan
gpt4_31ff4165,gpt4_31ff4165,416,457,6,multi-session,FULL96,4.0,0.0,0.0,0.0,0.0,0.0,0.0,0.07654836770209943,0.09671575155922676,nan
gpt4_372c3eed,gpt4_372c3eed,417,465,3,multi-session,LOW48,0.25,0.3333333333333333,0.3333333333333333,0.0,0.3333333333333332,0.3333333333333332,0.0,0.07999504241420945,0.08453945136351135,0.1068877281139275
gpt4_372c3eed,gpt4_372c3eed,417,465,3,multi-session,LOW48,0.5,0.3333333333333333,0.3333333333333333,0.0,,,,0.07999504241420945,0.08453945136351135,0.1068877281139275
gpt4_372c3eed,gpt4_372c3eed,417,465,3,multi-session,LOW48,1.0,0.3333333333333333,0.3333333333333333,0.0,0.3333333333333332,0.3333333333333332,0.0,0.07999504241420945,0.08453945136351135,0.1068877281139275
gpt4_372c3eed,gpt4_372c3eed,417,465,3,multi-session,LOW48,2.0,0.3333333333333333,0.3333333333333333,0.0,,,,0.07999504241420945,0.08453945136351135,0.1068877281139275
gpt4_372c3eed,gpt4_372c3eed,417,465,3,multi-session,LOW48,4.0,0.3333333333333333,0.3333333333333333,0.0,0.3333333333333332,0.3333333333333332,0.0,0.07999504241420945,0.08453945136351135,0.1068877281139275
gpt4_372c3eed,gpt4_372c3eed,417,465,3,multi-session,HIGH48,0.25,0.3333333333333333,0.3333333333333333,0.0,0.3333333333333332,0.3333333333333332,0.0,0.07999504241420945,0.10688772811392751,0.08453945136351135
gpt4_372c3eed,gpt4_372c3eed,417,465,3,multi-session,HIGH48,0.5,0.3333333333333333,0.3333333333333333,0.0,,,,0.07999504241420945,0.10688772811392751,0.08453945136351135
gpt4_372c3eed,gpt4_372c3eed,417,465,3,multi-session,HIGH48,1.0,0.3333333333333333,0.3333333333333333,0.0,0.3333333333333332,0.3333333333333332,0.0,0.07999504241420945,0.10688772811392751,0.08453945136351135
gpt4_372c3eed,gpt4_372c3eed,417,465,3,multi-session,HIGH48,2.0,0.3333333333333333,0.3333333333333333,0.0,,,,0.07999504241420945,0.10688772811392751,0.08453945136351135
gpt4_372c3eed,gpt4_372c3eed,417,465,3,multi-session,HIGH48,4.0,0.3333333333333333,0.3333333333333333,0.0,0.3333333333333332,0.3333333333333332,0.0,0.07999504241420945,0.10688772811392751,0.08453945136351135
gpt4_372c3eed,gpt4_372c3eed,417,465,3,multi-session,FULL96,0.25,0.3333333333333333,0.3333333333333333,0.0,0.3333333333333332,0.3333333333333332,0.0,0.07999504241420945,0.09636364786111096,nan
gpt4_372c3eed,gpt4_372c3eed,417,465,3,multi-session,FULL96,0.5,0.3333333333333333,0.3333333333333333,0.0,,,,0.07999504241420945,0.09636364786111096,nan
gpt4_372c3eed,gpt4_372c3eed,417,465,3,multi-session,FULL96,1.0,0.3333333333333333,0.3333333333333333,0.0,0.3333333333333332,0.3333333333333332,0.0,0.07999504241420945,0.09636364786111096,nan
gpt4_372c3eed,gpt4_372c3eed,417,465,3,multi-session,FULL96,2.0,0.3333333333333333,0.3333333333333333,0.0,,,,0.07999504241420945,0.09636364786111096,nan
gpt4_372c3eed,gpt4_372c3eed,417,465,3,multi-session,FULL96,4.0,0.3333333333333333,0.3333333333333333,0.0,0.3333333333333332,0.3333333333333332,0.0,0.07999504241420945,0.09636364786111096,nan
gpt4_385a5000,gpt4_385a5000,419,493,2,temporal-reasoning,LOW48,0.25,1.0,0.5,0.5,1.0,0.5,0.5,0.18062432677912246,0.0686641366811741,0.11753066169280071
gpt4_385a5000,gpt4_385a5000,419,493,2,temporal-reasoning,LOW48,0.5,1.0,1.0,0.0,,,,0.18062432677912246,0.0686641366811741,0.11753066169280071
gpt4_385a5000,gpt4_385a5000,419,493,2,temporal-reasoning,LOW48,1.0,1.0,0.5,0.5,1.0,0.5,0.5,0.18062432677912246,0.0686641366811741,0.11753066169280071
gpt4_385a5000,gpt4_385a5000,419,493,2,temporal-reasoning,LOW48,2.0,1.0,0.5,0.5,,,,0.18062432677912246,0.0686641366811741,0.11753066169280071
gpt4_385a5000,gpt4_385a5000,419,493,2,temporal-reasoning,LOW48,4.0,1.0,0.5,0.5,1.0,0.5,0.5,0.18062432677912246,0.0686641366811741,0.11753066169280071
gpt4_385a5000,gpt4_385a5000,419,493,2,temporal-reasoning,HIGH48,0.25,1.0,0.5,0.5,1.0,0.5,0.5,0.18062432677912246,0.11753066169280071,0.0686641366811741
gpt4_385a5000,gpt4_385a5000,419,493,2,temporal-reasoning,HIGH48,0.5,1.0,0.5,0.5,,,,0.18062432677912246,0.11753066169280071,0.0686641366811741
gpt4_385a5000,gpt4_385a5000,419,493,2,temporal-reasoning,HIGH48,1.0,1.0,0.5,0.5,1.0,0.5,0.5,0.18062432677912246,0.11753066169280071,0.0686641366811741
gpt4_385a5000,gpt4_385a5000,419,493,2,temporal-reasoning,HIGH48,2.0,1.0,1.0,0.0,,,,0.18062432677912246,0.11753066169280071,0.0686641366811741
gpt4_385a5000,gpt4_385a5000,419,493,2,temporal-reasoning,HIGH48,4.0,1.0,0.5,0.5,1.0,0.5,0.5,0.18062432677912246,0.11753066169280071,0.0686641366811741
gpt4_385a5000,gpt4_385a5000,419,493,2,temporal-reasoning,FULL96,0.25,1.0,0.5,0.5,1.0,0.5,0.5,0.18062432677912246,0.09625024702336753,nan
gpt4_385a5000,gpt4_385a5000,419,493,2,temporal-reasoning,FULL96,0.5,1.0,0.5,0.5,,,,0.18062432677912246,0.09625024702336753,nan
gpt4_385a5000,gpt4_385a5000,419,493,2,temporal-reasoning,FULL96,1.0,1.0,0.5,0.5,1.0,0.5,0.5,0.18062432677912246,0.09625024702336753,nan
gpt4_385a5000,gpt4_385a5000,419,493,2,temporal-reasoning,FULL96,2.0,1.0,0.5,0.5,,,,0.18062432677912246,0.09625024702336753,nan
gpt4_385a5000,gpt4_385a5000,419,493,2,temporal-reasoning,FULL96,4.0,1.0,0.5,0.5,1.0,0.5,0.5,0.18062432677912246,0.09625024702336753,nan
gpt4_45189cb4,gpt4_45189cb4,420,501,3,temporal-reasoning,LOW48,0.25,0.0,0.0,0.0,0.0,0.0,0.0,0.06081273547441969,0.07062350203436207,0.1161936818334021
gpt4_45189cb4,gpt4_45189cb4,420,501,3,temporal-reasoning,LOW48,0.5,0.0,0.0,0.0,,,,0.06081273547441969,0.07062350203436207,0.1161936818334021
gpt4_45189cb4,gpt4_45189cb4,420,501,3,temporal-reasoning,LOW48,1.0,0.0,0.0,0.0,0.0,0.0,0.0,0.06081273547441969,0.07062350203436207,0.1161936818334021
gpt4_45189cb4,gpt4_45189cb4,420,501,3,temporal-reasoning,LOW48,2.0,0.0,0.0,0.0,,,,0.06081273547441969,0.07062350203436207,0.1161936818334021
gpt4_45189cb4,gpt4_45189cb4,420,501,3,temporal-reasoning,LOW48,4.0,0.0,0.0,0.0,0.0,0.0,0.0,0.06081273547441969,0.07062350203436207,0.1161936818334021
gpt4_45189cb4,gpt4_45189cb4,420,501,3,temporal-reasoning,HIGH48,0.25,0.0,0.0,0.0,0.0,0.0,0.0,0.06081273547441969,0.1161936818334021,0.07062350203436207
gpt4_45189cb4,gpt4_45189cb4,420,501,3,temporal-reasoning,HIGH48,0.5,0.0,0.0,0.0,,,,0.06081273547441969,0.1161936818334021,0.07062350203436207
gpt4_45189cb4,gpt4_45189cb4,420,501,3,temporal-reasoning,HIGH48,1.0,0.0,0.0,0.0,0.0,0.0,0.0,0.06081273547441969,0.1161936818334021,0.07062350203436207
gpt4_45189cb4,gpt4_45189cb4,420,501,3,temporal-reasoning,HIGH48,2.0,0.0,0.0,0.0,,,,0.06081273547441969,0.1161936818334021,0.07062350203436207
gpt4_45189cb4,gpt4_45189cb4,420,501,3,temporal-reasoning,HIGH48,4.0,0.0,0.0,0.0,0.0,0.0,0.0,0.06081273547441969,0.1161936818334021,0.07062350203436207
gpt4_45189cb4,gpt4_45189cb4,420,501,3,temporal-reasoning,FULL96,0.25,0.0,0.0,0.0,0.0,0.0,0.0,0.06081273547441969,0.09614741477959618,nan
gpt4_45189cb4,gpt4_45189cb4,420,501,3,temporal-reasoning,FULL96,0.5,0.0,0.0,0.0,,,,0.06081273547441969,0.09614741477959618,nan
gpt4_45189cb4,gpt4_45189cb4,420,501,3,temporal-reasoning,FULL96,1.0,0.0,0.0,0.0,0.0,0.0,0.0,0.06081273547441969,0.09614741477959618,nan
gpt4_45189cb4,gpt4_45189cb4,420,501,3,temporal-reasoning,FULL96,2.0,0.0,0.0,0.0,,,,0.06081273547441969,0.09614741477959618,nan
gpt4_45189cb4,gpt4_45189cb4,420,501,3,temporal-reasoning,FULL96,4.0,0.0,0.0,0.0,0.0,0.0,0.0,0.06081273547441969,0.09614741477959618,nan
gpt4_468eb063,gpt4_468eb063,421,498,1,temporal-reasoning,LOW48,0.25,1.0,0.0,1.0,1.0,0.0,1.0,0.09195361396663866,0.0785426758954329,0.11125863938914925
gpt4_468eb063,gpt4_468eb063,421,498,1,temporal-reasoning,LOW48,0.5,1.0,0.0,1.0,,,,0.09195361396663866,0.0785426758954329,0.11125863938914925
gpt4_468eb063,gpt4_468eb063,421,498,1,temporal-reasoning,LOW48,1.0,1.0,0.0,1.0,1.0,0.0,1.0,0.09195361396663866,0.0785426758954329,0.11125863938914925
gpt4_468eb063,gpt4_468eb063,421,498,1,temporal-reasoning,LOW48,2.0,1.0,0.0,1.0,,,,0.09195361396663866,0.0785426758954329,0.11125863938914925
gpt4_468eb063,gpt4_468eb063,421,498,1,temporal-reasoning,LOW48,4.0,1.0,0.0,1.0,1.0,0.0,1.0,0.09195361396663866,0.0785426758954329,0.11125863938914925
gpt4_468eb063,gpt4_468eb063,421,498,1,temporal-reasoning,HIGH48,0.25,1.0,0.0,1.0,1.0,0.0,1.0,0.09195361396663866,0.11125863938914925,0.0785426758954329
gpt4_468eb063,gpt4_468eb063,421,498,1,temporal-reasoning,HIGH48,0.5,1.0,0.0,1.0,,,,0.09195361396663866,0.11125863938914925,0.0785426758954329
gpt4_468eb063,gpt4_468eb063,421,498,1,temporal-reasoning,HIGH48,1.0,1.0,0.0,1.0,1.0,0.0,1.0,0.09195361396663866,0.11125863938914925,0.0785426758954329
gpt4_468eb063,gpt4_468eb063,421,498,1,temporal-reasoning,HIGH48,2.0,1.0,0.0,1.0,,,,0.09195361396663866,0.11125863938914925,0.0785426758954329
gpt4_468eb063,gpt4_468eb063,421,498,1,temporal-reasoning,HIGH48,4.0,1.0,0.0,1.0,1.0,0.0,1.0,0.09195361396663866,0.11125863938914925,0.0785426758954329
gpt4_468eb063,gpt4_468eb063,421,498,1,temporal-reasoning,FULL96,0.25,1.0,0.0,1.0,1.0,0.0,1.0,0.09195361396663866,0.0963001473922542,nan
gpt4_468eb063,gpt4_468eb063,421,498,1,temporal-reasoning,FULL96,0.5,1.0,0.0,1.0,,,,0.09195361396663866,0.0963001473922542,nan
gpt4_468eb063,gpt4_468eb063,421,498,1,temporal-reasoning,FULL96,1.0,1.0,0.0,1.0,1.0,0.0,1.0,0.09195361396663866,0.0963001473922542,nan
gpt4_468eb063,gpt4_468eb063,421,498,1,temporal-reasoning,FULL96,2.0,1.0,0.0,1.0,,,,0.09195361396663866,0.0963001473922542,nan
gpt4_468eb063,gpt4_468eb063,421,498,1,temporal-reasoning,FULL96,4.0,1.0,0.0,1.0,1.0,0.0,1.0,0.09195361396663866,0.0963001473922542,nan
gpt4_468eb064,gpt4_468eb064,422,460,1,temporal-reasoning,LOW48,0.25,0.0,0.0,0.0,0.0,0.0,0.0,0.08364549618654826,0.0689399846466006,0.11779512639456345
gpt4_468eb064,gpt4_468eb064,422,460,1,temporal-reasoning,LOW48,0.5,0.0,0.0,0.0,,,,0.08364549618654826,0.0689399846466006,0.11779512639456345
gpt4_468eb064,gpt4_468eb064,422,460,1,temporal-reasoning,LOW48,1.0,0.0,0.0,0.0,0.0,0.0,0.0,0.08364549618654826,0.0689399846466006,0.11779512639456345
gpt4_468eb064,gpt4_468eb064,422,460,1,temporal-reasoning,LOW48,2.0,0.0,0.0,0.0,,,,0.08364549618654826,0.0689399846466006,0.11779512639456345
gpt4_468eb064,gpt4_468eb064,422,460,1,temporal-reasoning,LOW48,4.0,0.0,0.0,0.0,0.0,0.0,0.0,0.08364549618654826,0.0689399846466006,0.11779512639456345
gpt4_468eb064,gpt4_468eb064,422,460,1,temporal-reasoning,HIGH48,0.25,0.0,0.0,0.0,0.0,0.0,0.0,0.08364549618654826,0.11779512639456345,0.0689399846466006
gpt4_468eb064,gpt4_468eb064,422,460,1,temporal-reasoning,HIGH48,0.5,0.0,0.0,0.0,,,,0.08364549618654826,0.11779512639456345,0.0689399846466006
gpt4_468eb064,gpt4_468eb064,422,460,1,temporal-reasoning,HIGH48,1.0,0.0,0.0,0.0,0.0,0.0,0.0,0.08364549618654826,0.11779512639456345,0.0689399846466006
gpt4_468eb064,gpt4_468eb064,422,460,1,temporal-reasoning,HIGH48,2.0,0.0,0.0,0.0,,,,0.08364549618654826,0.11779512639456345,0.0689399846466006
gpt4_468eb064,gpt4_468eb064,422,460,1,temporal-reasoning,HIGH48,4.0,0.0,0.0,0.0,0.0,0.0,0.0,0.08364549618654826,0.11779512639456345,0.0689399846466006
gpt4_468eb064,gpt4_468eb064,422,460,1,temporal-reasoning,FULL96,0.25,0.0,0.0,0.0,0.0,0.0,0.0,0.08364549618654826,0.0965101375125554,nan
gpt4_468eb064,gpt4_468eb064,422,460,1,temporal-reasoning,FULL96,0.5,0.0,0.0,0.0,,,,0.08364549618654826,0.0965101375125554,nan
gpt4_468eb064,gpt4_468eb064,422,460,1,temporal-reasoning,FULL96,1.0,0.0,0.0,0.0,0.0,0.0,0.0,0.08364549618654826,0.0965101375125554,nan
gpt4_468eb064,gpt4_468eb064,422,460,1,temporal-reasoning,FULL96,2.0,0.0,0.0,0.0,,,,0.08364549618654826,0.0965101375125554,nan
gpt4_468eb064,gpt4_468eb064,422,460,1,temporal-reasoning,FULL96,4.0,0.0,0.0,0.0,0.0,0.0,0.0,0.08364549618654826,0.0965101375125554,nan
gpt4_483dd43c,gpt4_483dd43c,423,532,2,temporal-reasoning,LOW48,0.25,0.75,1.0,-0.25,0.825,1.0,-0.17500000000000004,0.15700026314035234,0.0870555234153246,0.10433032127512622
gpt4_483dd43c,gpt4_483dd43c,423,532,2,temporal-reasoning,LOW48,0.5,0.75,1.0,-0.25,,,,0.15700026314035234,0.0870555234153246,0.10433032127512622
gpt4_483dd43c,gpt4_483dd43c,423,532,2,temporal-reasoning,LOW48,1.0,0.75,1.0,-0.25,0.825,1.0,-0.17500000000000004,0.15700026314035234,0.0870555234153246,0.10433032127512622
gpt4_483dd43c,gpt4_483dd43c,423,532,2,temporal-reasoning,LOW48,2.0,0.75,1.0,-0.25,,,,0.15700026314035234,0.0870555234153246,0.10433032127512622
gpt4_483dd43c,gpt4_483dd43c,423,532,2,temporal-reasoning,LOW48,4.0,0.75,1.0,-0.25,0.825,1.0,-0.17500000000000004,0.15700026314035234,0.0870555234153246,0.10433032127512622
gpt4_483dd43c,gpt4_483dd43c,423,532,2,temporal-reasoning,HIGH48,0.25,0.75,1.0,-0.25,0.825,1.0,-0.17500000000000004,0.15700026314035234,0.10433032127512623,0.0870555234153246
gpt4_483dd43c,gpt4_483dd43c,423,532,2,temporal-reasoning,HIGH48,0.5,0.75,1.0,-0.25,,,,0.15700026314035234,0.10433032127512623,0.0870555234153246
gpt4_483dd43c,gpt4_483dd43c,423,532,2,temporal-reasoning,HIGH48,1.0,0.75,1.0,-0.25,0.825,1.0,-0.17500000000000004,0.15700026314035234,0.10433032127512623,0.0870555234153246
gpt4_483dd43c,gpt4_483dd43c,423,532,2,temporal-reasoning,HIGH48,2.0,0.75,1.0,-0.25,,,,0.15700026314035234,0.10433032127512623,0.0870555234153246
gpt4_483dd43c,gpt4_483dd43c,423,532,2,temporal-reasoning,HIGH48,4.0,0.75,1.0,-0.25,0.825,1.0,-0.17500000000000004,0.15700026314035234,0.10433032127512623,0.0870555234153246
gpt4_483dd43c,gpt4_483dd43c,423,532,2,temporal-reasoning,FULL96,0.25,0.75,1.0,-0.25,0.825,1.0,-0.17500000000000004,0.15700026314035234,0.09608194443933571,nan
gpt4_483dd43c,gpt4_483dd43c,423,532,2,temporal-reasoning,FULL96,0.5,0.75,1.0,-0.25,,,,0.15700026314035234,0.09608194443933571,nan
gpt4_483dd43c,gpt4_483dd43c,423,532,2,temporal-reasoning,FULL96,1.0,0.75,1.0,-0.25,0.825,1.0,-0.17500000000000004,0.15700026314035234,0.09608194443933571,nan
gpt4_483dd43c,gpt4_483dd43c,423,532,2,temporal-reasoning,FULL96,2.0,0.75,1.0,-0.25,,,,0.15700026314035234,0.09608194443933571,nan
gpt4_483dd43c,gpt4_483dd43c,423,532,2,temporal-reasoning,FULL96,4.0,0.75,1.0,-0.25,0.825,1.0,-0.17500000000000004,0.15700026314035234,0.09608194443933571,nan
gpt4_4929293a,gpt4_4929293a,424,486,2,temporal-reasoning,LOW48,0.25,0.75,1.0,-0.25,0.775,1.0,-0.22499999999999998,0.10987962890169602,0.08322516277117593,0.10788585737426193
gpt4_4929293a,gpt4_4929293a,424,486,2,temporal-reasoning,LOW48,0.5,0.75,1.0,-0.25,,,,0.10987962890169602,0.08322516277117593,0.10788585737426193
gpt4_4929293a,gpt4_4929293a,424,486,2,temporal-reasoning,LOW48,1.0,0.75,1.0,-0.25,0.775,1.0,-0.22499999999999998,0.10987962890169602,0.08322516277117593,0.10788585737426193
gpt4_4929293a,gpt4_4929293a,424,486,2,temporal-reasoning,LOW48,2.0,0.75,1.0,-0.25,,,,0.10987962890169602,0.08322516277117593,0.10788585737426193
gpt4_4929293a,gpt4_4929293a,424,486,2,temporal-reasoning,LOW48,4.0,0.75,1.0,-0.25,0.775,1.0,-0.22499999999999998,0.10987962890169602,0.08322516277117593,0.10788585737426193
gpt4_4929293a,gpt4_4929293a,424,486,2,temporal-reasoning,HIGH48,0.25,0.75,1.0,-0.25,0.775,1.0,-0.22499999999999998,0.10987962890169602,0.10788585737426193,0.08322516277117592
gpt4_4929293a,gpt4_4929293a,424,486,2,temporal-reasoning,HIGH48,0.5,0.75,1.0,-0.25,,,,0.10987962890169602,0.10788585737426193,0.08322516277117592
gpt4_4929293a,gpt4_4929293a,424,486,2,temporal-reasoning,HIGH48,1.0,0.75,1.0,-0.25,0.775,1.0,-0.22499999999999998,0.10987962890169602,0.10788585737426193,0.08322516277117592
gpt4_4929293a,gpt4_4929293a,424,486,2,temporal-reasoning,HIGH48,2.0,0.75,1.0,-0.25,,,,0.10987962890169602,0.10788585737426193,0.08322516277117592
gpt4_4929293a,gpt4_4929293a,424,486,2,temporal-reasoning,HIGH48,4.0,0.75,1.0,-0.25,0.775,1.0,-0.22499999999999998,0.10987962890169602,0.10788585737426193,0.08322516277117592
gpt4_4929293a,gpt4_4929293a,424,486,2,temporal-reasoning,FULL96,0.25,0.75,1.0,-0.25,0.775,1.0,-0.22499999999999998,0.10987962890169602,0.09634777096453324,nan
gpt4_4929293a,gpt4_4929293a,424,486,2,temporal-reasoning,FULL96,0.5,0.75,1.0,-0.25,,,,0.10987962890169602,0.09634777096453324,nan
gpt4_4929293a,gpt4_4929293a,424,486,2,temporal-reasoning,FULL96,1.0,0.75,1.0,-0.25,0.775,1.0,-0.22499999999999998,0.10987962890169602,0.09634777096453324,nan
gpt4_4929293a,gpt4_4929293a,424,486,2,temporal-reasoning,FULL96,2.0,0.75,1.0,-0.25,,,,0.10987962890169602,0.09634777096453324,nan
gpt4_4929293a,gpt4_4929293a,424,486,2,temporal-reasoning,FULL96,4.0,0.75,1.0,-0.25,0.775,1.0,-0.22499999999999998,0.10987962890169602,0.09634777096453324,nan
gpt4_4929293b,gpt4_4929293b,425,469,1,temporal-reasoning,LOW48,0.25,0.0,0.0,0.0,0.0,0.0,0.0,0.11300969529840198,0.07329626751637411,0.11542030128518303
gpt4_4929293b,gpt4_4929293b,425,469,1,temporal-reasoning,LOW48,0.5,0.0,0.0,0.0,,,,0.11300969529840198,0.07329626751637411,0.11542030128518303
gpt4_4929293b,gpt4_4929293b,425,469,1,temporal-reasoning,LOW48,1.0,0.0,0.0,0.0,0.0,0.0,0.0,0.11300969529840198,0.07329626751637411,0.11542030128518303
gpt4_4929293b,gpt4_4929293b,425,469,1,temporal-reasoning,LOW48,2.0,0.0,0.0,0.0,,,,0.11300969529840198,0.07329626751637411,0.11542030128518303
gpt4_4929293b,gpt4_4929293b,425,469,1,temporal-reasoning,LOW48,4.0,0.0,0.0,0.0,0.0,0.0,0.0,0.11300969529840198,0.07329626751637411,0.11542030128518303
gpt4_4929293b,gpt4_4929293b,425,469,1,temporal-reasoning,HIGH48,0.25,0.0,0.0,0.0,0.0,0.0,0.0,0.11300969529840198,0.11542030128518303,0.07329626751637411
gpt4_4929293b,gpt4_4929293b,425,469,1,temporal-reasoning,HIGH48,0.5,0.0,0.0,0.0,,,,0.11300969529840198,0.11542030128518303,0.07329626751637411
gpt4_4929293b,gpt4_4929293b,425,469,1,temporal-reasoning,HIGH48,1.0,0.0,0.0,0.0,0.0,0.0,0.0,0.11300969529840198,0.11542030128518303,0.07329626751637411
gpt4_4929293b,gpt4_4929293b,425,469,1,temporal-reasoning,HIGH48,2.0,0.0,0.0,0.0,,,,0.11300969529840198,0.11542030128518303,0.07329626751637411
gpt4_4929293b,gpt4_4929293b,425,469,1,temporal-reasoning,HIGH48,4.0,0.0,0.0,0.0,0.0,0.0,0.0,0.11300969529840198,0.11542030128518303,0.07329626751637411
gpt4_4929293b,gpt4_4929293b,425,469,1,temporal-reasoning,FULL96,0.25,0.0,0.0,0.0,0.0,0.0,0.0,0.11300969529840198,0.09668037231153566,nan
gpt4_4929293b,gpt4_4929293b,425,469,1,temporal-reasoning,FULL96,0.5,0.0,0.0,0.0,,,,0.11300969529840198,0.09668037231153566,nan
gpt4_4929293b,gpt4_4929293b,425,469,1,temporal-reasoning,FULL96,1.0,0.0,0.0,0.0,0.0,0.0,0.0,0.11300969529840198,0.09668037231153566,nan
gpt4_4929293b,gpt4_4929293b,425,469,1,temporal-reasoning,FULL96,2.0,0.0,0.0,0.0,,,,0.11300969529840198,0.09668037231153566,nan
gpt4_4929293b,gpt4_4929293b,425,469,1,temporal-reasoning,FULL96,4.0,0.0,0.0,0.0,0.0,0.0,0.0,0.11300969529840198,0.09668037231153566,nan
gpt4_4cd9eba1,gpt4_4cd9eba1,426,500,2,temporal-reasoning,LOW48,0.25,1.0,0.5,0.5,1.0,0.5,0.5,0.1377830541319799,0.07411591355511561,0.11403109131413129
gpt4_4cd9eba1,gpt4_4cd9eba1,426,500,2,temporal-reasoning,LOW48,0.5,1.0,0.5,0.5,,,,0.1377830541319799,0.07411591355511561,0.11403109131413129
gpt4_4cd9eba1,gpt4_4cd9eba1,426,500,2,temporal-reasoning,LOW48,1.0,1.0,0.5,0.5,1.0,0.5,0.5,0.1377830541319799,0.07411591355511561,0.11403109131413129
gpt4_4cd9eba1,gpt4_4cd9eba1,426,500,2,temporal-reasoning,LOW48,2.0,1.0,1.0,0.0,,,,0.1377830541319799,0.07411591355511561,0.11403109131413129
gpt4_4cd9eba1,gpt4_4cd9eba1,426,500,2,temporal-reasoning,LOW48,4.0,1.0,1.0,0.0,1.0,1.0,0.0,0.1377830541319799,0.07411591355511561,0.11403109131413129
gpt4_4cd9eba1,gpt4_4cd9eba1,426,500,2,temporal-reasoning,HIGH48,0.25,1.0,1.0,0.0,1.0,1.0,0.0,0.1377830541319799,0.1140310913141313,0.07411591355511561
gpt4_4cd9eba1,gpt4_4cd9eba1,426,500,2,temporal-reasoning,HIGH48,0.5,1.0,1.0,0.0,,,,0.1377830541319799,0.1140310913141313,0.07411591355511561
gpt4_4cd9eba1,gpt4_4cd9eba1,426,500,2,temporal-reasoning,HIGH48,1.0,1.0,0.5,0.5,1.0,0.5,0.5,0.1377830541319799,0.1140310913141313,0.07411591355511561
gpt4_4cd9eba1,gpt4_4cd9eba1,426,500,2,temporal-reasoning,HIGH48,2.0,1.0,0.5,0.5,,,,0.1377830541319799,0.1140310913141313,0.07411591355511561
gpt4_4cd9eba1,gpt4_4cd9eba1,426,500,2,temporal-reasoning,HIGH48,4.0,1.0,0.5,0.5,1.0,0.5,0.5,0.1377830541319799,0.1140310913141313,0.07411591355511561
gpt4_4cd9eba1,gpt4_4cd9eba1,426,500,2,temporal-reasoning,FULL96,0.25,1.0,0.5,0.5,1.0,0.5,0.5,0.1377830541319799,0.09616719406429908,nan
gpt4_4cd9eba1,gpt4_4cd9eba1,426,500,2,temporal-reasoning,FULL96,0.5,1.0,0.5,0.5,,,,0.1377830541319799,0.09616719406429908,nan
gpt4_4cd9eba1,gpt4_4cd9eba1,426,500,2,temporal-reasoning,FULL96,1.0,1.0,0.5,0.5,1.0,0.5,0.5,0.1377830541319799,0.09616719406429908,nan
gpt4_4cd9eba1,gpt4_4cd9eba1,426,500,2,temporal-reasoning,FULL96,2.0,1.0,0.5,0.5,,,,0.1377830541319799,0.09616719406429908,nan
gpt4_4cd9eba1,gpt4_4cd9eba1,426,500,2,temporal-reasoning,FULL96,4.0,1.0,0.5,0.5,1.0,0.5,0.5,0.1377830541319799,0.09616719406429908,nan
gpt4_4edbafa2,gpt4_4edbafa2,427,460,2,temporal-reasoning,LOW48,0.25,1.0,1.0,0.0,1.0,1.0,0.0,0.14708956955787536,0.0710784880029981,0.11592537126426282
gpt4_4edbafa2,gpt4_4edbafa2,427,460,2,temporal-reasoning,LOW48,0.5,1.0,1.0,0.0,,,,0.14708956955787536,0.0710784880029981,0.11592537126426282
gpt4_4edbafa2,gpt4_4edbafa2,427,460,2,temporal-reasoning,LOW48,1.0,1.0,1.0,0.0,1.0,1.0,0.0,0.14708956955787536,0.0710784880029981,0.11592537126426282
gpt4_4edbafa2,gpt4_4edbafa2,427,460,2,temporal-reasoning,LOW48,2.0,1.0,1.0,0.0,,,,0.14708956955787536,0.0710784880029981,0.11592537126426282
gpt4_4edbafa2,gpt4_4edbafa2,427,460,2,temporal-reasoning,LOW48,4.0,1.0,1.0,0.0,1.0,1.0,0.0,0.14708956955787536,0.0710784880029981,0.11592537126426282
gpt4_4edbafa2,gpt4_4edbafa2,427,460,2,temporal-reasoning,HIGH48,0.25,1.0,1.0,0.0,1.0,1.0,0.0,0.14708956955787536,0.11592537126426282,0.0710784880029981
gpt4_4edbafa2,gpt4_4edbafa2,427,460,2,temporal-reasoning,HIGH48,0.5,1.0,1.0,0.0,,,,0.14708956955787536,0.11592537126426282,0.0710784880029981
gpt4_4edbafa2,gpt4_4edbafa2,427,460,2,temporal-reasoning,HIGH48,1.0,1.0,1.0,0.0,1.0,1.0,0.0,0.14708956955787536,0.11592537126426282,0.0710784880029981
gpt4_4edbafa2,gpt4_4edbafa2,427,460,2,temporal-reasoning,HIGH48,2.0,1.0,1.0,0.0,,,,0.14708956955787536,0.11592537126426282,0.0710784880029981
gpt4_4edbafa2,gpt4_4edbafa2,427,460,2,temporal-reasoning,HIGH48,4.0,1.0,1.0,0.0,1.0,1.0,0.0,0.14708956955787536,0.11592537126426282,0.0710784880029981
gpt4_4edbafa2,gpt4_4edbafa2,427,460,2,temporal-reasoning,FULL96,0.25,1.0,1.0,0.0,1.0,1.0,0.0,0.14708956955787536,0.09615311528897416,nan
gpt4_4edbafa2,gpt4_4edbafa2,427,460,2,temporal-reasoning,FULL96,0.5,1.0,1.0,0.0,,,,0.14708956955787536,0.09615311528897416,nan
gpt4_4edbafa2,gpt4_4edbafa2,427,460,2,temporal-reasoning,FULL96,1.0,1.0,1.0,0.0,1.0,1.0,0.0,0.14708956955787536,0.09615311528897416,nan
gpt4_4edbafa2,gpt4_4edbafa2,427,460,2,temporal-reasoning,FULL96,2.0,1.0,1.0,0.0,,,,0.14708956955787536,0.09615311528897416,nan
gpt4_4edbafa2,gpt4_4edbafa2,427,460,2,temporal-reasoning,FULL96,4.0,1.0,1.0,0.0,1.0,1.0,0.0,0.14708956955787536,0.09615311528897416,nan
gpt4_4ef30696,gpt4_4ef30696,428,520,2,temporal-reasoning,LOW48,0.25,0.5,0.5,0.0,0.5,0.5,0.0,0.05509181685431061,0.07604677189066347,0.11261504161811885
gpt4_4ef30696,gpt4_4ef30696,428,520,2,temporal-reasoning,LOW48,0.5,0.5,0.5,0.0,,,,0.05509181685431061,0.07604677189066347,0.11261504161811885
gpt4_4ef30696,gpt4_4ef30696,428,520,2,temporal-reasoning,LOW48,1.0,0.5,0.5,0.0,0.5,0.5,0.0,0.05509181685431061,0.07604677189066347,0.11261504161811885
gpt4_4ef30696,gpt4_4ef30696,428,520,2,temporal-reasoning,LOW48,2.0,0.5,0.5,0.0,,,,0.05509181685431061,0.07604677189066347,0.11261504161811885
gpt4_4ef30696,gpt4_4ef30696,428,520,2,temporal-reasoning,LOW48,4.0,0.5,0.5,0.0,0.5,0.5,0.0,0.05509181685431061,0.07604677189066347,0.11261504161811885
gpt4_4ef30696,gpt4_4ef30696,428,520,2,temporal-reasoning,HIGH48,0.25,0.5,0.5,0.0,0.5,0.5,0.0,0.05509181685431061,0.11261504161811885,0.07604677189066347
gpt4_4ef30696,gpt4_4ef30696,428,520,2,temporal-reasoning,HIGH48,0.5,0.5,0.5,0.0,,,,0.05509181685431061,0.11261504161811885,0.07604677189066347
gpt4_4ef30696,gpt4_4ef30696,428,520,2,temporal-reasoning,HIGH48,1.0,0.5,0.5,0.0,0.5,0.5,0.0,0.05509181685431061,0.11261504161811885,0.07604677189066347
gpt4_4ef30696,gpt4_4ef30696,428,520,2,temporal-reasoning,HIGH48,2.0,0.5,0.5,0.0,,,,0.05509181685431061,0.11261504161811885,0.07604677189066347
gpt4_4ef30696,gpt4_4ef30696,428,520,2,temporal-reasoning,HIGH48,4.0,0.5,0.5,0.0,0.5,0.5,0.0,0.05509181685431061,0.11261504161811885,0.07604677189066347
gpt4_4ef30696,gpt4_4ef30696,428,520,2,temporal-reasoning,FULL96,0.25,0.5,0.5,0.0,0.5,0.5,0.0,0.05509181685431061,0.09608657323903597,nan
gpt4_4ef30696,gpt4_4ef30696,428,520,2,temporal-reasoning,FULL96,0.5,0.5,0.5,0.0,,,,0.05509181685431061,0.09608657323903597,nan
gpt4_4ef30696,gpt4_4ef30696,428,520,2,temporal-reasoning,FULL96,1.0,0.5,0.5,0.0,0.5,0.5,0.0,0.05509181685431061,0.09608657323903597,nan
gpt4_4ef30696,gpt4_4ef30696,428,520,2,temporal-reasoning,FULL96,2.0,0.5,0.5,0.0,,,,0.05509181685431061,0.09608657323903597,nan
gpt4_4ef30696,gpt4_4ef30696,428,520,2,temporal-reasoning,FULL96,4.0,0.5,0.5,0.0,0.5,0.5,0.0,0.05509181685431061,0.09608657323903597,nan
gpt4_4fc4f797,gpt4_4fc4f797,429,472,2,temporal-reasoning,LOW48,0.25,0.5,0.5,0.0,0.5,0.5,0.0,0.06996714562958732,0.07394680115119089,0.11456452261310078
gpt4_4fc4f797,gpt4_4fc4f797,429,472,2,temporal-reasoning,LOW48,0.5,0.5,0.5,0.0,,,,0.06996714562958732,0.07394680115119089,0.11456452261310078
gpt4_4fc4f797,gpt4_4fc4f797,429,472,2,temporal-reasoning,LOW48,1.0,0.5,1.0,-0.5,0.5,1.0,-0.5,0.06996714562958732,0.07394680115119089,0.11456452261310078
gpt4_4fc4f797,gpt4_4fc4f797,429,472,2,temporal-reasoning,LOW48,2.0,0.5,1.0,-0.5,,,,0.06996714562958732,0.07394680115119089,0.11456452261310078
gpt4_4fc4f797,gpt4_4fc4f797,429,472,2,temporal-reasoning,LOW48,4.0,0.5,1.0,-0.5,0.5,1.0,-0.5,0.06996714562958732,0.07394680115119089,0.11456452261310078
gpt4_4fc4f797,gpt4_4fc4f797,429,472,2,temporal-reasoning,HIGH48,0.25,0.5,1.0,-0.5,0.5,1.0,-0.5,0.06996714562958732,0.11456452261310078,0.07394680115119089
gpt4_4fc4f797,gpt4_4fc4f797,429,472,2,temporal-reasoning,HIGH48,0.5,0.5,1.0,-0.5,,,,0.06996714562958732,0.11456452261310078,0.07394680115119089
gpt4_4fc4f797,gpt4_4fc4f797,429,472,2,temporal-reasoning,HIGH48,1.0,0.5,1.0,-0.5,0.5,1.0,-0.5,0.06996714562958732,0.11456452261310078,0.07394680115119089
gpt4_4fc4f797,gpt4_4fc4f797,429,472,2,temporal-reasoning,HIGH48,2.0,0.5,0.5,0.0,,,,0.06996714562958732,0.11456452261310078,0.07394680115119089
gpt4_4fc4f797,gpt4_4fc4f797,429,472,2,temporal-reasoning,HIGH48,4.0,0.5,0.5,0.0,0.5,0.5,0.0,0.06996714562958732,0.11456452261310078,0.07394680115119089
gpt4_4fc4f797,gpt4_4fc4f797,429,472,2,temporal-reasoning,FULL96,0.25,0.5,1.0,-0.5,0.5,1.0,-0.5,0.06996714562958732,0.09641877214023586,nan
gpt4_4fc4f797,gpt4_4fc4f797,429,472,2,temporal-reasoning,FULL96,0.5,0.5,1.0,-0.5,,,,0.06996714562958732,0.09641877214023586,nan
gpt4_4fc4f797,gpt4_4fc4f797,429,472,2,temporal-reasoning,FULL96,1.0,0.5,1.0,-0.5,0.5,1.0,-0.5,0.06996714562958732,0.09641877214023586,nan
gpt4_4fc4f797,gpt4_4fc4f797,429,472,2,temporal-reasoning,FULL96,2.0,0.5,1.0,-0.5,,,,0.06996714562958732,0.09641877214023586,nan
gpt4_4fc4f797,gpt4_4fc4f797,429,472,2,temporal-reasoning,FULL96,4.0,0.5,1.0,-0.5,0.5,1.0,-0.5,0.06996714562958732,0.09641877214023586,nan
gpt4_5438fa52,gpt4_5438fa52,430,513,2,temporal-reasoning,LOW48,0.25,0.0,0.5,-0.5,0.0,0.5,-0.5,0.09691234933731825,0.07394187565072972,0.11411425902473067
gpt4_5438fa52,gpt4_5438fa52,430,513,2,temporal-reasoning,LOW48,0.5,0.0,0.5,-0.5,,,,0.09691234933731825,0.07394187565072972,0.11411425902473067
gpt4_5438fa52,gpt4_5438fa52,430,513,2,temporal-reasoning,LOW48,1.0,0.0,0.5,-0.5,0.0,0.5,-0.5,0.09691234933731825,0.07394187565072972,0.11411425902473067
gpt4_5438fa52,gpt4_5438fa52,430,513,2,temporal-reasoning,LOW48,2.0,0.0,0.5,-0.5,,,,0.09691234933731825,0.07394187565072972,0.11411425902473067
gpt4_5438fa52,gpt4_5438fa52,430,513,2,temporal-reasoning,LOW48,4.0,0.0,0.5,-0.5,0.0,0.5,-0.5,0.09691234933731825,0.07394187565072972,0.11411425902473067
gpt4_5438fa52,gpt4_5438fa52,430,513,2,temporal-reasoning,HIGH48,0.25,0.0,0.5,-0.5,0.0,0.5,-0.5,0.09691234933731825,0.11411425902473067,0.07394187565072972
gpt4_5438fa52,gpt4_5438fa52,430,513,2,temporal-reasoning,HIGH48,0.5,0.0,0.5,-0.5,,,,0.09691234933731825,0.11411425902473067,0.07394187565072972
gpt4_5438fa52,gpt4_5438fa52,430,513,2,temporal-reasoning,HIGH48,1.0,0.0,0.5,-0.5,0.0,0.5,-0.5,0.09691234933731825,0.11411425902473067,0.07394187565072972
gpt4_5438fa52,gpt4_5438fa52,430,513,2,temporal-reasoning,HIGH48,2.0,0.0,0.5,-0.5,,,,0.09691234933731825,0.11411425902473067,0.07394187565072972
gpt4_5438fa52,gpt4_5438fa52,430,513,2,temporal-reasoning,HIGH48,4.0,0.0,0.5,-0.5,0.0,0.5,-0.5,0.09691234933731825,0.11411425902473067,0.07394187565072972
gpt4_5438fa52,gpt4_5438fa52,430,513,2,temporal-reasoning,FULL96,0.25,0.0,0.5,-0.5,0.0,0.5,-0.5,0.09691234933731825,0.09614953220767979,nan
gpt4_5438fa52,gpt4_5438fa52,430,513,2,temporal-reasoning,FULL96,0.5,0.0,0.5,-0.5,,,,0.09691234933731825,0.09614953220767979,nan
gpt4_5438fa52,gpt4_5438fa52,430,513,2,temporal-reasoning,FULL96,1.0,0.0,0.5,-0.5,0.0,0.5,-0.5,0.09691234933731825,0.09614953220767979,nan
gpt4_5438fa52,gpt4_5438fa52,430,513,2,temporal-reasoning,FULL96,2.0,0.0,0.5,-0.5,,,,0.09691234933731825,0.09614953220767979,nan
gpt4_5438fa52,gpt4_5438fa52,430,513,2,temporal-reasoning,FULL96,4.0,0.0,0.5,-0.5,0.0,0.5,-0.5,0.09691234933731825,0.09614953220767979,nan
gpt4_5501fe77,gpt4_5501fe77,431,516,3,multi-session,LOW48,0.25,0.6666666666666666,0.3333333333333333,0.3333333333333333,0.6666666666666664,0.3333333333333332,0.3333333333333332,0.12785572391404085,0.08630101435906201,0.10549877441166446
gpt4_5501fe77,gpt4_5501fe77,431,516,3,multi-session,LOW48,0.5,0.6666666666666666,0.3333333333333333,0.3333333333333333,,,,0.12785572391404085,0.08630101435906201,0.10549877441166446
gpt4_5501fe77,gpt4_5501fe77,431,516,3,multi-session,LOW48,1.0,0.6666666666666666,0.3333333333333333,0.3333333333333333,0.6666666666666664,0.3333333333333332,0.3333333333333332,0.12785572391404085,0.08630101435906201,0.10549877441166446
gpt4_5501fe77,gpt4_5501fe77,431,516,3,multi-session,LOW48,2.0,0.6666666666666666,0.3333333333333333,0.3333333333333333,,,,0.12785572391404085,0.08630101435906201,0.10549877441166446
gpt4_5501fe77,gpt4_5501fe77,431,516,3,multi-session,LOW48,4.0,0.6666666666666666,0.3333333333333333,0.3333333333333333,0.6666666666666664,0.3333333333333332,0.3333333333333332,0.12785572391404085,0.08630101435906201,0.10549877441166446
gpt4_5501fe77,gpt4_5501fe77,431,516,3,multi-session,HIGH48,0.25,0.6666666666666666,0.3333333333333333,0.3333333333333333,0.6666666666666664,0.3333333333333332,0.3333333333333332,0.12785572391404085,0.10549877441166446,0.086301014359062
gpt4_5501fe77,gpt4_5501fe77,431,516,3,multi-session,HIGH48,0.5,0.6666666666666666,0.3333333333333333,0.3333333333333333,,,,0.12785572391404085,0.10549877441166446,0.086301014359062
gpt4_5501fe77,gpt4_5501fe77,431,516,3,multi-session,HIGH48,1.0,0.6666666666666666,0.3333333333333333,0.3333333333333333,0.6666666666666664,0.3333333333333332,0.3333333333333332,0.12785572391404085,0.10549877441166446,0.086301014359062
gpt4_5501fe77,gpt4_5501fe77,431,516,3,multi-session,HIGH48,2.0,0.6666666666666666,0.3333333333333333,0.3333333333333333,,,,0.12785572391404085,0.10549877441166446,0.086301014359062
gpt4_5501fe77,gpt4_5501fe77,431,516,3,multi-session,HIGH48,4.0,0.6666666666666666,0.3333333333333333,0.3333333333333333,0.6666666666666664,0.3333333333333332,0.3333333333333332,0.12785572391404085,0.10549877441166446,0.086301014359062
gpt4_5501fe77,gpt4_5501fe77,431,516,3,multi-session,FULL96,0.25,0.6666666666666666,0.3333333333333333,0.3333333333333333,0.6666666666666664,0.3333333333333332,0.3333333333333332,0.12785572391404085,0.09637908611770059,nan
gpt4_5501fe77,gpt4_5501fe77,431,516,3,multi-session,FULL96,0.5,0.6666666666666666,0.3333333333333333,0.3333333333333333,,,,0.12785572391404085,0.09637908611770059,nan
gpt4_5501fe77,gpt4_5501fe77,431,516,3,multi-session,FULL96,1.0,0.6666666666666666,0.3333333333333333,0.3333333333333333,0.6666666666666664,0.3333333333333332,0.3333333333333332,0.12785572391404085,0.09637908611770059,nan
gpt4_5501fe77,gpt4_5501fe77,431,516,3,multi-session,FULL96,2.0,0.6666666666666666,0.3333333333333333,0.3333333333333333,,,,0.12785572391404085,0.09637908611770059,nan
gpt4_5501fe77,gpt4_5501fe77,431,516,3,multi-session,FULL96,4.0,0.6666666666666666,0.3333333333333333,0.3333333333333333,0.6666666666666664,0.3333333333333332,0.3333333333333332,0.12785572391404085,0.09637908611770059,nan
gpt4_59149c77,gpt4_59149c77,432,484,2,temporal-reasoning,LOW48,0.25,0.75,0.5,0.25,0.8,0.5,0.30000000000000004,0.13623883554725652,0.08247699810640592,0.1088126247499439
gpt4_59149c77,gpt4_59149c77,432,484,2,temporal-reasoning,LOW48,0.5,0.75,0.5,0.25,,,,0.13623883554725652,0.08247699810640592,0.1088126247499439
gpt4_59149c77,gpt4_59149c77,432,484,2,temporal-reasoning,LOW48,1.0,0.75,0.0,0.75,0.8,0.0,0.8,0.13623883554725652,0.08247699810640592,0.1088126247499439
gpt4_59149c77,gpt4_59149c77,432,484,2,temporal-reasoning,LOW48,2.0,0.75,0.5,0.25,,,,0.13623883554725652,0.08247699810640592,0.1088126247499439
gpt4_59149c77,gpt4_59149c77,432,484,2,temporal-reasoning,LOW48,4.0,0.75,0.5,0.25,0.8,0.5,0.30000000000000004,0.13623883554725652,0.08247699810640592,0.1088126247499439
gpt4_59149c77,gpt4_59149c77,432,484,2,temporal-reasoning,HIGH48,0.25,0.75,0.5,0.25,0.8,0.5,0.30000000000000004,0.13623883554725652,0.1088126247499439,0.08247699810640592
gpt4_59149c77,gpt4_59149c77,432,484,2,temporal-reasoning,HIGH48,0.5,0.75,0.5,0.25,,,,0.13623883554725652,0.1088126247499439,0.08247699810640592
gpt4_59149c77,gpt4_59149c77,432,484,2,temporal-reasoning,HIGH48,1.0,0.75,0.0,0.75,0.8,0.0,0.8,0.13623883554725652,0.1088126247499439,0.08247699810640592
gpt4_59149c77,gpt4_59149c77,432,484,2,temporal-reasoning,HIGH48,2.0,0.75,0.5,0.25,,,,0.13623883554725652,0.1088126247499439,0.08247699810640592
gpt4_59149c77,gpt4_59149c77,432,484,2,temporal-reasoning,HIGH48,4.0,0.75,0.5,0.25,0.8,0.5,0.30000000000000004,0.13623883554725652,0.1088126247499439,0.08247699810640592
gpt4_59149c77,gpt4_59149c77,432,484,2,temporal-reasoning,FULL96,0.25,0.75,0.0,0.75,0.8,0.0,0.8,0.13623883554725652,0.09654698991065487,nan
gpt4_59149c77,gpt4_59149c77,432,484,2,temporal-reasoning,FULL96,0.5,0.75,0.0,0.75,,,,0.13623883554725652,0.09654698991065487,nan
gpt4_59149c77,gpt4_59149c77,432,484,2,temporal-reasoning,FULL96,1.0,0.75,0.0,0.75,0.8,0.0,0.8,0.13623883554725652,0.09654698991065487,nan
gpt4_59149c77,gpt4_59149c77,432,484,2,temporal-reasoning,FULL96,2.0,0.75,0.0,0.75,,,,0.13623883554725652,0.09654698991065487,nan
gpt4_59149c77,gpt4_59149c77,432,484,2,temporal-reasoning,FULL96,4.0,0.75,0.0,0.75,0.8,0.0,0.8,0.13623883554725652,0.09654698991065487,nan
gpt4_59149c78,gpt4_59149c78,433,497,1,temporal-reasoning,LOW48,0.25,0.0,0.0,0.0,0.0,0.0,0.0,0.0826501982554943,0.07640585133473349,0.11285716004002953
gpt4_59149c78,gpt4_59149c78,433,497,1,temporal-reasoning,LOW48,0.5,0.0,0.0,0.0,,,,0.0826501982554943,0.07640585133473349,0.11285716004002953
gpt4_59149c78,gpt4_59149c78,433,497,1,temporal-reasoning,LOW48,1.0,0.0,0.0,0.0,0.0,0.0,0.0,0.0826501982554943,0.07640585133473349,0.11285716004002953
gpt4_59149c78,gpt4_59149c78,433,497,1,temporal-reasoning,LOW48,2.0,0.0,0.0,0.0,,,,0.0826501982554943,0.07640585133473349,0.11285716004002953
gpt4_59149c78,gpt4_59149c78,433,497,1,temporal-reasoning,LOW48,4.0,0.0,0.0,0.0,0.0,0.0,0.0,0.0826501982554943,0.07640585133473349,0.11285716004002953
gpt4_59149c78,gpt4_59149c78,433,497,1,temporal-reasoning,HIGH48,0.25,0.0,0.0,0.0,0.0,0.0,0.0,0.0826501982554943,0.11285716004002953,0.07640585133473349
gpt4_59149c78,gpt4_59149c78,433,497,1,temporal-reasoning,HIGH48,0.5,0.0,0.0,0.0,,,,0.0826501982554943,0.11285716004002953,0.07640585133473349
gpt4_59149c78,gpt4_59149c78,433,497,1,temporal-reasoning,HIGH48,1.0,0.0,0.0,0.0,0.0,0.0,0.0,0.0826501982554943,0.11285716004002953,0.07640585133473349
gpt4_59149c78,gpt4_59149c78,433,497,1,temporal-reasoning,HIGH48,2.0,0.0,0.0,0.0,,,,0.0826501982554943,0.11285716004002953,0.07640585133473349
gpt4_59149c78,gpt4_59149c78,433,497,1,temporal-reasoning,HIGH48,4.0,0.0,0.0,0.0,0.0,0.0,0.0,0.0826501982554943,0.11285716004002953,0.07640585133473349
gpt4_59149c78,gpt4_59149c78,433,497,1,temporal-reasoning,FULL96,0.25,0.0,0.0,0.0,0.0,0.0,0.0,0.0826501982554943,0.09637061972013627,nan
gpt4_59149c78,gpt4_59149c78,433,497,1,temporal-reasoning,FULL96,0.5,0.0,0.0,0.0,,,,0.0826501982554943,0.09637061972013627,nan
gpt4_59149c78,gpt4_59149c78,433,497,1,temporal-reasoning,FULL96,1.0,0.0,0.0,0.0,0.0,0.0,0.0,0.0826501982554943,0.09637061972013627,nan
gpt4_59149c78,gpt4_59149c78,433,497,1,temporal-reasoning,FULL96,2.0,0.0,0.0,0.0,,,,0.0826501982554943,0.09637061972013627,nan
gpt4_59149c78,gpt4_59149c78,433,497,1,temporal-reasoning,FULL96,4.0,0.0,0.0,0.0,0.0,0.0,0.0,0.0826501982554943,0.09637061972013627,nan
gpt4_59c863d7,gpt4_59c863d7,434,481,5,multi-session,LOW48,0.25,0.2,0.4,-0.2,0.20000000000000004,0.4000000000000001,-0.20000000000000004,0.13820293065886205,0.07094630101177728,0.11680743604213784
gpt4_59c863d7,gpt4_59c863d7,434,481,5,multi-session,LOW48,0.5,0.2,0.4,-0.2,,,,0.13820293065886205,0.07094630101177728,0.11680743604213784
gpt4_59c863d7,gpt4_59c863d7,434,481,5,multi-session,LOW48,1.0,0.2,0.4,-0.2,0.20000000000000004,0.4000000000000001,-0.20000000000000004,0.13820293065886205,0.07094630101177728,0.11680743604213784
gpt4_59c863d7,gpt4_59c863d7,434,481,5,multi-session,LOW48,2.0,0.2,0.4,-0.2,,,,0.13820293065886205,0.07094630101177728,0.11680743604213784
gpt4_59c863d7,gpt4_59c863d7,434,481,5,multi-session,LOW48,4.0,0.2,0.4,-0.2,0.20000000000000004,0.4000000000000001,-0.20000000000000004,0.13820293065886205,0.07094630101177728,0.11680743604213784
gpt4_59c863d7,gpt4_59c863d7,434,481,5,multi-session,HIGH48,0.25,0.2,0.4,-0.2,0.20000000000000004,0.4000000000000001,-0.20000000000000004,0.13820293065886205,0.11680743604213784,0.07094630101177728
gpt4_59c863d7,gpt4_59c863d7,434,481,5,multi-session,HIGH48,0.5,0.2,0.4,-0.2,,,,0.13820293065886205,0.11680743604213784,0.07094630101177728
gpt4_59c863d7,gpt4_59c863d7,434,481,5,multi-session,HIGH48,1.0,0.2,0.4,-0.2,0.20000000000000004,0.4000000000000001,-0.20000000000000004,0.13820293065886205,0.11680743604213784,0.07094630101177728
gpt4_59c863d7,gpt4_59c863d7,434,481,5,multi-session,HIGH48,2.0,0.2,0.4,-0.2,,,,0.13820293065886205,0.11680743604213784,0.07094630101177728
gpt4_59c863d7,gpt4_59c863d7,434,481,5,multi-session,HIGH48,4.0,0.2,0.4,-0.2,0.20000000000000004,0.4000000000000001,-0.20000000000000004,0.13820293065886205,0.11680743604213784,0.07094630101177728
gpt4_59c863d7,gpt4_59c863d7,434,481,5,multi-session,FULL96,0.25,0.2,0.4,-0.2,0.20000000000000004,0.4000000000000001,-0.20000000000000004,0.13820293065886205,0.09663683237252718,nan
gpt4_59c863d7,gpt4_59c863d7,434,481,5,multi-session,FULL96,0.5,0.2,0.4,-0.2,,,,0.13820293065886205,0.09663683237252718,nan
gpt4_59c863d7,gpt4_59c863d7,434,481,5,multi-session,FULL96,1.0,0.2,0.4,-0.2,0.20000000000000004,0.4000000000000001,-0.20000000000000004,0.13820293065886205,0.09663683237252718,nan
gpt4_59c863d7,gpt4_59c863d7,434,481,5,multi-session,FULL96,2.0,0.2,0.4,-0.2,,,,0.13820293065886205,0.09663683237252718,nan
gpt4_59c863d7,gpt4_59c863d7,434,481,5,multi-session,FULL96,4.0,0.2,0.4,-0.2,0.20000000000000004,0.4000000000000001,-0.20000000000000004,0.13820293065886205,0.09663683237252718,nan
gpt4_5dcc0aab,gpt4_5dcc0aab,435,547,1,temporal-reasoning,LOW48,0.25,1.0,0.0,1.0,1.0,0.0,1.0,0.11410171961648134,0.07793215958012698,0.11113539500495277
gpt4_5dcc0aab,gpt4_5dcc0aab,435,547,1,temporal-reasoning,LOW48,0.5,1.0,0.0,1.0,,,,0.11410171961648134,0.07793215958012698,0.11113539500495277
gpt4_5dcc0aab,gpt4_5dcc0aab,435,547,1,temporal-reasoning,LOW48,1.0,1.0,0.0,1.0,1.0,0.0,1.0,0.11410171961648134,0.07793215958012698,0.11113539500495277
gpt4_5dcc0aab,gpt4_5dcc0aab,435,547,1,temporal-reasoning,LOW48,2.0,1.0,0.0,1.0,,,,0.11410171961648134,0.07793215958012698,0.11113539500495277
gpt4_5dcc0aab,gpt4_5dcc0aab,435,547,1,temporal-reasoning,LOW48,4.0,1.0,0.0,1.0,1.0,0.0,1.0,0.11410171961648134,0.07793215958012698,0.11113539500495277
gpt4_5dcc0aab,gpt4_5dcc0aab,435,547,1,temporal-reasoning,HIGH48,0.25,1.0,0.0,1.0,1.0,0.0,1.0,0.11410171961648134,0.11113539500495277,0.07793215958012699
gpt4_5dcc0aab,gpt4_5dcc0aab,435,547,1,temporal-reasoning,HIGH48,0.5,1.0,0.0,1.0,,,,0.11410171961648134,0.11113539500495277,0.07793215958012699
gpt4_5dcc0aab,gpt4_5dcc0aab,435,547,1,temporal-reasoning,HIGH48,1.0,1.0,0.0,1.0,1.0,0.0,1.0,0.11410171961648134,0.11113539500495277,0.07793215958012699
gpt4_5dcc0aab,gpt4_5dcc0aab,435,547,1,temporal-reasoning,HIGH48,2.0,1.0,0.0,1.0,,,,0.11410171961648134,0.11113539500495277,0.07793215958012699
gpt4_5dcc0aab,gpt4_5dcc0aab,435,547,1,temporal-reasoning,HIGH48,4.0,1.0,0.0,1.0,1.0,0.0,1.0,0.11410171961648134,0.11113539500495277,0.07793215958012699
gpt4_5dcc0aab,gpt4_5dcc0aab,435,547,1,temporal-reasoning,FULL96,0.25,1.0,0.0,1.0,1.0,0.0,1.0,0.11410171961648134,0.09598046030242109,nan
gpt4_5dcc0aab,gpt4_5dcc0aab,435,547,1,temporal-reasoning,FULL96,0.5,1.0,0.0,1.0,,,,0.11410171961648134,0.09598046030242109,nan
gpt4_5dcc0aab,gpt4_5dcc0aab,435,547,1,temporal-reasoning,FULL96,1.0,1.0,0.0,1.0,1.0,0.0,1.0,0.11410171961648134,0.09598046030242109,nan
gpt4_5dcc0aab,gpt4_5dcc0aab,435,547,1,temporal-reasoning,FULL96,2.0,1.0,0.0,1.0,,,,0.11410171961648134,0.09598046030242109,nan
gpt4_5dcc0aab,gpt4_5dcc0aab,435,547,1,temporal-reasoning,FULL96,4.0,1.0,0.0,1.0,1.0,0.0,1.0,0.11410171961648134,0.09598046030242109,nan
gpt4_61e13b3c,gpt4_61e13b3c,436,467,2,temporal-reasoning,LOW48,0.25,1.0,0.5,0.5,1.0,0.5,0.5,0.08283432504276597,0.07956012023453995,0.11124715982867378
gpt4_61e13b3c,gpt4_61e13b3c,436,467,2,temporal-reasoning,LOW48,0.5,1.0,0.5,0.5,,,,0.08283432504276597,0.07956012023453995,0.11124715982867378
gpt4_61e13b3c,gpt4_61e13b3c,436,467,2,temporal-reasoning,LOW48,1.0,1.0,0.5,0.5,1.0,0.5,0.5,0.08283432504276597,0.07956012023453995,0.11124715982867378
gpt4_61e13b3c,gpt4_61e13b3c,436,467,2,temporal-reasoning,LOW48,2.0,1.0,0.5,0.5,,,,0.08283432504276597,0.07956012023453995,0.11124715982867378
gpt4_61e13b3c,gpt4_61e13b3c,436,467,2,temporal-reasoning,LOW48,4.0,1.0,0.5,0.5,1.0,0.5,0.5,0.08283432504276597,0.07956012023453995,0.11124715982867378
gpt4_61e13b3c,gpt4_61e13b3c,436,467,2,temporal-reasoning,HIGH48,0.25,1.0,0.5,0.5,1.0,0.5,0.5,0.08283432504276597,0.11124715982867378,0.07956012023453995
gpt4_61e13b3c,gpt4_61e13b3c,436,467,2,temporal-reasoning,HIGH48,0.5,1.0,0.5,0.5,,,,0.08283432504276597,0.11124715982867378,0.07956012023453995
gpt4_61e13b3c,gpt4_61e13b3c,436,467,2,temporal-reasoning,HIGH48,1.0,1.0,0.5,0.5,1.0,0.5,0.5,0.08283432504276597,0.11124715982867378,0.07956012023453995
gpt4_61e13b3c,gpt4_61e13b3c,436,467,2,temporal-reasoning,HIGH48,2.0,1.0,0.5,0.5,,,,0.08283432504276597,0.11124715982867378,0.07956012023453995
gpt4_61e13b3c,gpt4_61e13b3c,436,467,2,temporal-reasoning,HIGH48,4.0,1.0,0.5,0.5,1.0,0.5,0.5,0.08283432504276597,0.11124715982867378,0.07956012023453995
gpt4_61e13b3c,gpt4_61e13b3c,436,467,2,temporal-reasoning,FULL96,0.25,1.0,0.5,0.5,1.0,0.5,0.5,0.08283432504276597,0.09671024584210543,nan
gpt4_61e13b3c,gpt4_61e13b3c,436,467,2,temporal-reasoning,FULL96,0.5,1.0,0.5,0.5,,,,0.08283432504276597,0.09671024584210543,nan
gpt4_61e13b3c,gpt4_61e13b3c,436,467,2,temporal-reasoning,FULL96,1.0,1.0,0.5,0.5,1.0,0.5,0.5,0.08283432504276597,0.09671024584210543,nan
gpt4_61e13b3c,gpt4_61e13b3c,436,467,2,temporal-reasoning,FULL96,2.0,1.0,0.5,0.5,,,,0.08283432504276597,0.09671024584210543,nan
gpt4_61e13b3c,gpt4_61e13b3c,436,467,2,temporal-reasoning,FULL96,4.0,1.0,0.5,0.5,1.0,0.5,0.5,0.08283432504276597,0.09671024584210543,nan
gpt4_65aabe59,gpt4_65aabe59,437,452,3,temporal-reasoning,LOW48,0.25,0.3333333333333333,0.3333333333333333,0.0,0.3333333333333332,0.3333333333333332,0.0,0.1324688448084617,0.0706627685406654,0.11661307035947935
gpt4_65aabe59,gpt4_65aabe59,437,452,3,temporal-reasoning,LOW48,0.5,0.3333333333333333,0.3333333333333333,0.0,,,,0.1324688448084617,0.0706627685406654,0.11661307035947935
gpt4_65aabe59,gpt4_65aabe59,437,452,3,temporal-reasoning,LOW48,1.0,0.3333333333333333,0.3333333333333333,0.0,0.3333333333333332,0.3333333333333332,0.0,0.1324688448084617,0.0706627685406654,0.11661307035947935
gpt4_65aabe59,gpt4_65aabe59,437,452,3,temporal-reasoning,LOW48,2.0,0.3333333333333333,0.0,0.3333333333333333,,,,0.1324688448084617,0.0706627685406654,0.11661307035947935
gpt4_65aabe59,gpt4_65aabe59,437,452,3,temporal-reasoning,LOW48,4.0,0.3333333333333333,0.0,0.3333333333333333,0.3333333333333332,0.0,0.3333333333333332,0.1324688448084617,0.0706627685406654,0.11661307035947935
gpt4_65aabe59,gpt4_65aabe59,437,452,3,temporal-reasoning,HIGH48,0.25,0.3333333333333333,0.0,0.3333333333333333,0.3333333333333332,0.0,0.3333333333333332,0.1324688448084617,0.11661307035947933,0.0706627685406654
gpt4_65aabe59,gpt4_65aabe59,437,452,3,temporal-reasoning,HIGH48,0.5,0.3333333333333333,0.0,0.3333333333333333,,,,0.1324688448084617,0.11661307035947933,0.0706627685406654
gpt4_65aabe59,gpt4_65aabe59,437,452,3,temporal-reasoning,HIGH48,1.0,0.3333333333333333,0.3333333333333333,0.0,0.3333333333333332,0.3333333333333332,0.0,0.1324688448084617,0.11661307035947933,0.0706627685406654
gpt4_65aabe59,gpt4_65aabe59,437,452,3,temporal-reasoning,HIGH48,2.0,0.3333333333333333,0.3333333333333333,0.0,,,,0.1324688448084617,0.11661307035947933,0.0706627685406654
gpt4_65aabe59,gpt4_65aabe59,437,452,3,temporal-reasoning,HIGH48,4.0,0.3333333333333333,0.3333333333333333,0.0,0.3333333333333332,0.3333333333333332,0.0,0.1324688448084617,0.11661307035947933,0.0706627685406654
gpt4_65aabe59,gpt4_65aabe59,437,452,3,temporal-reasoning,FULL96,0.25,0.3333333333333333,0.3333333333333333,0.0,0.3333333333333332,0.3333333333333332,0.0,0.1324688448084617,0.09641533860464456,nan
gpt4_65aabe59,gpt4_65aabe59,437,452,3,temporal-reasoning,FULL96,0.5,0.3333333333333333,0.3333333333333333,0.0,,,,0.1324688448084617,0.09641533860464456,nan
gpt4_65aabe59,gpt4_65aabe59,437,452,3,temporal-reasoning,FULL96,1.0,0.3333333333333333,0.3333333333333333,0.0,0.3333333333333332,0.3333333333333332,0.0,0.1324688448084617,0.09641533860464456,nan
gpt4_65aabe59,gpt4_65aabe59,437,452,3,temporal-reasoning,FULL96,2.0,0.3333333333333333,0.3333333333333333,0.0,,,,0.1324688448084617,0.09641533860464456,nan
gpt4_65aabe59,gpt4_65aabe59,437,452,3,temporal-reasoning,FULL96,4.0,0.3333333333333333,0.3333333333333333,0.0,0.3333333333333332,0.3333333333333332,0.0,0.1324688448084617,0.09641533860464456,nan
gpt4_68e94287,gpt4_68e94287,438,491,2,temporal-reasoning,LOW48,0.25,1.0,0.5,0.5,1.0,0.5,0.5,0.09875396480050636,0.06415122992314537,0.12007636819311224
gpt4_68e94287,gpt4_68e94287,438,491,2,temporal-reasoning,LOW48,0.5,1.0,0.5,0.5,,,,0.09875396480050636,0.06415122992314537,0.12007636819311224
gpt4_68e94287,gpt4_68e94287,438,491,2,temporal-reasoning,LOW48,1.0,1.0,0.5,0.5,1.0,0.5,0.5,0.09875396480050636,0.06415122992314537,0.12007636819311224
gpt4_68e94287,gpt4_68e94287,438,491,2,temporal-reasoning,LOW48,2.0,1.0,0.5,0.5,,,,0.09875396480050636,0.06415122992314537,0.12007636819311224
gpt4_68e94287,gpt4_68e94287,438,491,2,temporal-reasoning,LOW48,4.0,1.0,0.5,0.5,1.0,0.5,0.5,0.09875396480050636,0.06415122992314537,0.12007636819311224
gpt4_68e94287,gpt4_68e94287,438,491,2,temporal-reasoning,HIGH48,0.25,1.0,0.5,0.5,1.0,0.5,0.5,0.09875396480050636,0.12007636819311224,0.06415122992314537
gpt4_68e94287,gpt4_68e94287,438,491,2,temporal-reasoning,HIGH48,0.5,1.0,0.5,0.5,,,,0.09875396480050636,0.12007636819311224,0.06415122992314537
gpt4_68e94287,gpt4_68e94287,438,491,2,temporal-reasoning,HIGH48,1.0,1.0,0.5,0.5,1.0,0.5,0.5,0.09875396480050636,0.12007636819311224,0.06415122992314537
gpt4_68e94287,gpt4_68e94287,438,491,2,temporal-reasoning,HIGH48,2.0,1.0,0.5,0.5,,,,0.09875396480050636,0.12007636819311224,0.06415122992314537
gpt4_68e94287,gpt4_68e94287,438,491,2,temporal-reasoning,HIGH48,4.0,1.0,0.5,0.5,1.0,0.5,0.5,0.09875396480050636,0.12007636819311224,0.06415122992314537
gpt4_68e94287,gpt4_68e94287,438,491,2,temporal-reasoning,FULL96,0.25,1.0,0.5,0.5,1.0,0.5,0.5,0.09875396480050636,0.09626451708469773,nan
gpt4_68e94287,gpt4_68e94287,438,491,2,temporal-reasoning,FULL96,0.5,1.0,0.5,0.5,,,,0.09875396480050636,0.09626451708469773,nan
gpt4_68e94287,gpt4_68e94287,438,491,2,temporal-reasoning,FULL96,1.0,1.0,0.5,0.5,1.0,0.5,0.5,0.09875396480050636,0.09626451708469773,nan
gpt4_68e94287,gpt4_68e94287,438,491,2,temporal-reasoning,FULL96,2.0,1.0,0.5,0.5,,,,0.09875396480050636,0.09626451708469773,nan
gpt4_68e94287,gpt4_68e94287,438,491,2,temporal-reasoning,FULL96,4.0,1.0,0.5,0.5,1.0,0.5,0.5,0.09875396480050636,0.09626451708469773,nan
gpt4_68e94288,gpt4_68e94288,439,459,1,temporal-reasoning,LOW48,0.25,0.0,0.0,0.0,0.0,0.0,0.0,0.08792500289991213,0.07548354946484331,0.11404344653041129
gpt4_68e94288,gpt4_68e94288,439,459,1,temporal-reasoning,LOW48,0.5,0.0,0.0,0.0,,,,0.08792500289991213,0.07548354946484331,0.11404344653041129
gpt4_68e94288,gpt4_68e94288,439,459,1,temporal-reasoning,LOW48,1.0,0.0,0.0,0.0,0.0,0.0,0.0,0.08792500289991213,0.07548354946484331,0.11404344653041129
gpt4_68e94288,gpt4_68e94288,439,459,1,temporal-reasoning,LOW48,2.0,0.0,0.0,0.0,,,,0.08792500289991213,0.07548354946484331,0.11404344653041129
gpt4_68e94288,gpt4_68e94288,439,459,1,temporal-reasoning,LOW48,4.0,0.0,0.0,0.0,0.0,0.0,0.0,0.08792500289991213,0.07548354946484331,0.11404344653041129
gpt4_68e94288,gpt4_68e94288,439,459,1,temporal-reasoning,HIGH48,0.25,0.0,0.0,0.0,0.0,0.0,0.0,0.08792500289991213,0.11404344653041129,0.07548354946484331
gpt4_68e94288,gpt4_68e94288,439,459,1,temporal-reasoning,HIGH48,0.5,0.0,0.0,0.0,,,,0.08792500289991213,0.11404344653041129,0.07548354946484331
gpt4_68e94288,gpt4_68e94288,439,459,1,temporal-reasoning,HIGH48,1.0,0.0,0.0,0.0,0.0,0.0,0.0,0.08792500289991213,0.11404344653041129,0.07548354946484331
gpt4_68e94288,gpt4_68e94288,439,459,1,temporal-reasoning,HIGH48,2.0,0.0,0.0,0.0,,,,0.08792500289991213,0.11404344653041129,0.07548354946484331
gpt4_68e94288,gpt4_68e94288,439,459,1,temporal-reasoning,HIGH48,4.0,0.0,0.0,0.0,0.0,0.0,0.0,0.08792500289991213,0.11404344653041129,0.07548354946484331
gpt4_68e94288,gpt4_68e94288,439,459,1,temporal-reasoning,FULL96,0.25,0.0,0.0,0.0,0.0,0.0,0.0,0.08792500289991213,0.09670489629885921,nan
gpt4_68e94288,gpt4_68e94288,439,459,1,temporal-reasoning,FULL96,0.5,0.0,0.0,0.0,,,,0.08792500289991213,0.09670489629885921,nan
gpt4_68e94288,gpt4_68e94288,439,459,1,temporal-reasoning,FULL96,1.0,0.0,0.0,0.0,0.0,0.0,0.0,0.08792500289991213,0.09670489629885921,nan
gpt4_68e94288,gpt4_68e94288,439,459,1,temporal-reasoning,FULL96,2.0,0.0,0.0,0.0,,,,0.08792500289991213,0.09670489629885921,nan
gpt4_68e94288,gpt4_68e94288,439,459,1,temporal-reasoning,FULL96,4.0,0.0,0.0,0.0,0.0,0.0,0.0,0.08792500289991213,0.09670489629885921,nan
gpt4_6dc9b45b,gpt4_6dc9b45b,440,565,1,temporal-reasoning,LOW48,0.25,1.0,0.0,1.0,1.0,0.0,1.0,0.0677664685672139,0.07892411545064916,0.10996035225744014
gpt4_6dc9b45b,gpt4_6dc9b45b,440,565,1,temporal-reasoning,LOW48,0.5,1.0,0.0,1.0,,,,0.0677664685672139,0.07892411545064916,0.10996035225744014
gpt4_6dc9b45b,gpt4_6dc9b45b,440,565,1,temporal-reasoning,LOW48,1.0,1.0,0.0,1.0,1.0,0.0,1.0,0.0677664685672139,0.07892411545064916,0.10996035225744014
gpt4_6dc9b45b,gpt4_6dc9b45b,440,565,1,temporal-reasoning,LOW48,2.0,1.0,1.0,0.0,,,,0.0677664685672139,0.07892411545064916,0.10996035225744014
gpt4_6dc9b45b,gpt4_6dc9b45b,440,565,1,temporal-reasoning,LOW48,4.0,1.0,1.0,0.0,1.0,1.0,0.0,0.0677664685672139,0.07892411545064916,0.10996035225744014
gpt4_6dc9b45b,gpt4_6dc9b45b,440,565,1,temporal-reasoning,HIGH48,0.25,1.0,1.0,0.0,1.0,1.0,0.0,0.0677664685672139,0.10996035225744015,0.07892411545064917
gpt4_6dc9b45b,gpt4_6dc9b45b,440,565,1,temporal-reasoning,HIGH48,0.5,1.0,1.0,0.0,,,,0.0677664685672139,0.10996035225744015,0.07892411545064917
gpt4_6dc9b45b,gpt4_6dc9b45b,440,565,1,temporal-reasoning,HIGH48,1.0,1.0,0.0,1.0,1.0,0.0,1.0,0.0677664685672139,0.10996035225744015,0.07892411545064917
gpt4_6dc9b45b,gpt4_6dc9b45b,440,565,1,temporal-reasoning,HIGH48,2.0,1.0,0.0,1.0,,,,0.0677664685672139,0.10996035225744015,0.07892411545064917
gpt4_6dc9b45b,gpt4_6dc9b45b,440,565,1,temporal-reasoning,HIGH48,4.0,1.0,0.0,1.0,1.0,0.0,1.0,0.0677664685672139,0.10996035225744015,0.07892411545064917
gpt4_6dc9b45b,gpt4_6dc9b45b,440,565,1,temporal-reasoning,FULL96,0.25,1.0,0.0,1.0,1.0,0.0,1.0,0.0677664685672139,0.09570865966109787,nan
gpt4_6dc9b45b,gpt4_6dc9b45b,440,565,1,temporal-reasoning,FULL96,0.5,1.0,0.0,1.0,,,,0.0677664685672139,0.09570865966109787,nan
gpt4_6dc9b45b,gpt4_6dc9b45b,440,565,1,temporal-reasoning,FULL96,1.0,1.0,0.0,1.0,1.0,0.0,1.0,0.0677664685672139,0.09570865966109787,nan
gpt4_6dc9b45b,gpt4_6dc9b45b,440,565,1,temporal-reasoning,FULL96,2.0,1.0,0.0,1.0,,,,0.0677664685672139,0.09570865966109787,nan
gpt4_6dc9b45b,gpt4_6dc9b45b,440,565,1,temporal-reasoning,FULL96,4.0,1.0,0.0,1.0,1.0,0.0,1.0,0.0677664685672139,0.09570865966109787,nan
gpt4_6ed717ea,gpt4_6ed717ea,441,489,2,temporal-reasoning,LOW48,0.25,0.5,0.5,0.0,0.5,0.5,0.0,0.2855707756539845,0.08327148236698412,0.10746907349086329
gpt4_6ed717ea,gpt4_6ed717ea,441,489,2,temporal-reasoning,LOW48,0.5,0.5,0.5,0.0,,,,0.2855707756539845,0.08327148236698412,0.10746907349086329
gpt4_6ed717ea,gpt4_6ed717ea,441,489,2,temporal-reasoning,LOW48,1.0,0.5,0.5,0.0,0.5,0.5,0.0,0.2855707756539845,0.08327148236698412,0.10746907349086329
gpt4_6ed717ea,gpt4_6ed717ea,441,489,2,temporal-reasoning,LOW48,2.0,0.5,0.5,0.0,,,,0.2855707756539845,0.08327148236698412,0.10746907349086329
gpt4_6ed717ea,gpt4_6ed717ea,441,489,2,temporal-reasoning,LOW48,4.0,0.5,0.5,0.0,0.5,0.5,0.0,0.2855707756539845,0.08327148236698412,0.10746907349086329
gpt4_6ed717ea,gpt4_6ed717ea,441,489,2,temporal-reasoning,HIGH48,0.25,0.5,0.5,0.0,0.5,0.5,0.0,0.2855707756539845,0.10746907349086329,0.08327148236698412
gpt4_6ed717ea,gpt4_6ed717ea,441,489,2,temporal-reasoning,HIGH48,0.5,0.5,0.5,0.0,,,,0.2855707756539845,0.10746907349086329,0.08327148236698412
gpt4_6ed717ea,gpt4_6ed717ea,441,489,2,temporal-reasoning,HIGH48,1.0,0.5,0.5,0.0,0.5,0.5,0.0,0.2855707756539845,0.10746907349086329,0.08327148236698412
gpt4_6ed717ea,gpt4_6ed717ea,441,489,2,temporal-reasoning,HIGH48,2.0,0.5,0.5,0.0,,,,0.2855707756539845,0.10746907349086329,0.08327148236698412
gpt4_6ed717ea,gpt4_6ed717ea,441,489,2,temporal-reasoning,HIGH48,4.0,0.5,0.5,0.0,0.5,0.5,0.0,0.2855707756539845,0.10746907349086329,0.08327148236698412
gpt4_6ed717ea,gpt4_6ed717ea,441,489,2,temporal-reasoning,FULL96,0.25,0.5,0.5,0.0,0.5,0.5,0.0,0.2855707756539845,0.09613464914529912,nan
gpt4_6ed717ea,gpt4_6ed717ea,441,489,2,temporal-reasoning,FULL96,0.5,0.5,0.5,0.0,,,,0.2855707756539845,0.09613464914529912,nan
gpt4_6ed717ea,gpt4_6ed717ea,441,489,2,temporal-reasoning,FULL96,1.0,0.5,0.5,0.0,0.5,0.5,0.0,0.2855707756539845,0.09613464914529912,nan
gpt4_6ed717ea,gpt4_6ed717ea,441,489,2,temporal-reasoning,FULL96,2.0,0.5,0.5,0.0,,,,0.2855707756539845,0.09613464914529912,nan
gpt4_6ed717ea,gpt4_6ed717ea,441,489,2,temporal-reasoning,FULL96,4.0,0.5,0.5,0.0,0.5,0.5,0.0,0.2855707756539845,0.09613464914529912,nan
gpt4_70e84552,gpt4_70e84552,442,467,2,temporal-reasoning,LOW48,0.25,1.0,1.0,0.0,1.0,1.0,0.0,0.0874931498636923,0.06441125429150002,0.11994460189022985
gpt4_70e84552,gpt4_70e84552,442,467,2,temporal-reasoning,LOW48,0.5,1.0,1.0,0.0,,,,0.0874931498636923,0.06441125429150002,0.11994460189022985
gpt4_70e84552,gpt4_70e84552,442,467,2,temporal-reasoning,LOW48,1.0,1.0,1.0,0.0,1.0,1.0,0.0,0.0874931498636923,0.06441125429150002,0.11994460189022985
gpt4_70e84552,gpt4_70e84552,442,467,2,temporal-reasoning,LOW48,2.0,1.0,1.0,0.0,,,,0.0874931498636923,0.06441125429150002,0.11994460189022985
gpt4_70e84552,gpt4_70e84552,442,467,2,temporal-reasoning,LOW48,4.0,1.0,1.0,0.0,1.0,1.0,0.0,0.0874931498636923,0.06441125429150002,0.11994460189022985
gpt4_70e84552,gpt4_70e84552,442,467,2,temporal-reasoning,HIGH48,0.25,1.0,1.0,0.0,1.0,1.0,0.0,0.0874931498636923,0.11994460189022985,0.0644112542915
gpt4_70e84552,gpt4_70e84552,442,467,2,temporal-reasoning,HIGH48,0.5,1.0,1.0,0.0,,,,0.0874931498636923,0.11994460189022985,0.0644112542915
gpt4_70e84552,gpt4_70e84552,442,467,2,temporal-reasoning,HIGH48,1.0,1.0,1.0,0.0,1.0,1.0,0.0,0.0874931498636923,0.11994460189022985,0.0644112542915
gpt4_70e84552,gpt4_70e84552,442,467,2,temporal-reasoning,HIGH48,2.0,1.0,1.0,0.0,,,,0.0874931498636923,0.11994460189022985,0.0644112542915
gpt4_70e84552,gpt4_70e84552,442,467,2,temporal-reasoning,HIGH48,4.0,1.0,1.0,0.0,1.0,1.0,0.0,0.0874931498636923,0.11994460189022985,0.0644112542915
gpt4_70e84552,gpt4_70e84552,442,467,2,temporal-reasoning,FULL96,0.25,1.0,1.0,0.0,1.0,1.0,0.0,0.0874931498636923,0.0962691986099656,nan
gpt4_70e84552,gpt4_70e84552,442,467,2,temporal-reasoning,FULL96,0.5,1.0,1.0,0.0,,,,0.0874931498636923,0.0962691986099656,nan
gpt4_70e84552,gpt4_70e84552,442,467,2,temporal-reasoning,FULL96,1.0,1.0,1.0,0.0,1.0,1.0,0.0,0.0874931498636923,0.0962691986099656,nan
gpt4_70e84552,gpt4_70e84552,442,467,2,temporal-reasoning,FULL96,2.0,1.0,1.0,0.0,,,,0.0874931498636923,0.0962691986099656,nan
gpt4_70e84552,gpt4_70e84552,442,467,2,temporal-reasoning,FULL96,4.0,1.0,1.0,0.0,1.0,1.0,0.0,0.0874931498636923,0.0962691986099656,nan
gpt4_731e37d7,gpt4_731e37d7,444,525,4,multi-session,LOW48,0.25,0.0,0.0,0.0,0.0,0.0,0.0,0.15131703422225107,0.07516629582037876,0.11301493821091613
gpt4_731e37d7,gpt4_731e37d7,444,525,4,multi-session,LOW48,0.5,0.0,0.0,0.0,,,,0.15131703422225107,0.07516629582037876,0.11301493821091613
gpt4_731e37d7,gpt4_731e37d7,444,525,4,multi-session,LOW48,1.0,0.0,0.0,0.0,0.0,0.0,0.0,0.15131703422225107,0.07516629582037876,0.11301493821091613
gpt4_731e37d7,gpt4_731e37d7,444,525,4,multi-session,LOW48,2.0,0.0,0.0,0.0,,,,0.15131703422225107,0.07516629582037876,0.11301493821091613
gpt4_731e37d7,gpt4_731e37d7,444,525,4,multi-session,LOW48,4.0,0.0,0.0,0.0,0.0,0.0,0.0,0.15131703422225107,0.07516629582037876,0.11301493821091613
gpt4_731e37d7,gpt4_731e37d7,444,525,4,multi-session,HIGH48,0.25,0.0,0.0,0.0,0.0,0.0,0.0,0.15131703422225107,0.11301493821091611,0.07516629582037876
gpt4_731e37d7,gpt4_731e37d7,444,525,4,multi-session,HIGH48,0.5,0.0,0.0,0.0,,,,0.15131703422225107,0.11301493821091611,0.07516629582037876
gpt4_731e37d7,gpt4_731e37d7,444,525,4,multi-session,HIGH48,1.0,0.0,0.0,0.0,0.0,0.0,0.0,0.15131703422225107,0.11301493821091611,0.07516629582037876
gpt4_731e37d7,gpt4_731e37d7,444,525,4,multi-session,HIGH48,2.0,0.0,0.0,0.0,,,,0.15131703422225107,0.11301493821091611,0.07516629582037876
gpt4_731e37d7,gpt4_731e37d7,444,525,4,multi-session,HIGH48,4.0,0.0,0.0,0.0,0.0,0.0,0.0,0.15131703422225107,0.11301493821091611,0.07516629582037876
gpt4_731e37d7,gpt4_731e37d7,444,525,4,multi-session,FULL96,0.25,0.0,0.0,0.0,0.0,0.0,0.0,0.15131703422225107,0.09597486203734255,nan
gpt4_731e37d7,gpt4_731e37d7,444,525,4,multi-session,FULL96,0.5,0.0,0.0,0.0,,,,0.15131703422225107,0.09597486203734255,nan
gpt4_731e37d7,gpt4_731e37d7,444,525,4,multi-session,FULL96,1.0,0.0,0.0,0.0,0.0,0.0,0.0,0.15131703422225107,0.09597486203734255,nan
gpt4_731e37d7,gpt4_731e37d7,444,525,4,multi-session,FULL96,2.0,0.0,0.0,0.0,,,,0.15131703422225107,0.09597486203734255,nan
gpt4_731e37d7,gpt4_731e37d7,444,525,4,multi-session,FULL96,4.0,0.0,0.0,0.0,0.0,0.0,0.0,0.15131703422225107,0.09597486203734255,nan
gpt4_74aed68e,gpt4_74aed68e,445,480,2,temporal-reasoning,LOW48,0.25,1.0,1.0,0.0,1.0,1.0,0.0,0.10396238807607693,0.07769133102137656,0.11192981365237324
gpt4_74aed68e,gpt4_74aed68e,445,480,2,temporal-reasoning,LOW48,0.5,1.0,1.0,0.0,,,,0.10396238807607693,0.07769133102137656,0.11192981365237324
gpt4_74aed68e,gpt4_74aed68e,445,480,2,temporal-reasoning,LOW48,1.0,1.0,1.0,0.0,1.0,1.0,0.0,0.10396238807607693,0.07769133102137656,0.11192981365237324
gpt4_74aed68e,gpt4_74aed68e,445,480,2,temporal-reasoning,LOW48,2.0,1.0,1.0,0.0,,,,0.10396238807607693,0.07769133102137656,0.11192981365237324
gpt4_74aed68e,gpt4_74aed68e,445,480,2,temporal-reasoning,LOW48,4.0,1.0,1.0,0.0,1.0,1.0,0.0,0.10396238807607693,0.07769133102137656,0.11192981365237324
gpt4_74aed68e,gpt4_74aed68e,445,480,2,temporal-reasoning,HIGH48,0.25,1.0,1.0,0.0,1.0,1.0,0.0,0.10396238807607693,0.11192981365237324,0.07769133102137656
gpt4_74aed68e,gpt4_74aed68e,445,480,2,temporal-reasoning,HIGH48,0.5,1.0,1.0,0.0,,,,0.10396238807607693,0.11192981365237324,0.07769133102137656
gpt4_74aed68e,gpt4_74aed68e,445,480,2,temporal-reasoning,HIGH48,1.0,1.0,1.0,0.0,1.0,1.0,0.0,0.10396238807607693,0.11192981365237324,0.07769133102137656
gpt4_74aed68e,gpt4_74aed68e,445,480,2,temporal-reasoning,HIGH48,2.0,1.0,1.0,0.0,,,,0.10396238807607693,0.11192981365237324,0.07769133102137656
gpt4_74aed68e,gpt4_74aed68e,445,480,2,temporal-reasoning,HIGH48,4.0,1.0,1.0,0.0,1.0,1.0,0.0,0.10396238807607693,0.11192981365237324,0.07769133102137656
gpt4_74aed68e,gpt4_74aed68e,445,480,2,temporal-reasoning,FULL96,0.25,1.0,1.0,0.0,1.0,1.0,0.0,0.10396238807607693,0.09634372345962167,nan
gpt4_74aed68e,gpt4_74aed68e,445,480,2,temporal-reasoning,FULL96,0.5,1.0,1.0,0.0,,,,0.10396238807607693,0.09634372345962167,nan
gpt4_74aed68e,gpt4_74aed68e,445,480,2,temporal-reasoning,FULL96,1.0,1.0,1.0,0.0,1.0,1.0,0.0,0.10396238807607693,0.09634372345962167,nan
gpt4_74aed68e,gpt4_74aed68e,445,480,2,temporal-reasoning,FULL96,2.0,1.0,1.0,0.0,,,,0.10396238807607693,0.09634372345962167,nan
gpt4_74aed68e,gpt4_74aed68e,445,480,2,temporal-reasoning,FULL96,4.0,1.0,1.0,0.0,1.0,1.0,0.0,0.10396238807607693,0.09634372345962167,nan
gpt4_76048e76,gpt4_76048e76,446,482,2,temporal-reasoning,LOW48,0.25,0.75,0.0,0.75,0.85,0.0,0.85,0.11904582612877941,0.07070427972684286,0.11625918885293487
gpt4_76048e76,gpt4_76048e76,446,482,2,temporal-reasoning,LOW48,0.5,0.75,0.0,0.75,,,,0.11904582612877941,0.07070427972684286,0.11625918885293487
gpt4_76048e76,gpt4_76048e76,446,482,2,temporal-reasoning,LOW48,1.0,0.75,0.0,0.75,0.85,0.0,0.85,0.11904582612877941,0.07070427972684286,0.11625918885293487
gpt4_76048e76,gpt4_76048e76,446,482,2,temporal-reasoning,LOW48,2.0,0.75,0.5,0.25,,,,0.11904582612877941,0.07070427972684286,0.11625918885293487
gpt4_76048e76,gpt4_76048e76,446,482,2,temporal-reasoning,LOW48,4.0,0.75,0.5,0.25,0.85,0.5,0.35,0.11904582612877941,0.07070427972684286,0.11625918885293487
gpt4_76048e76,gpt4_76048e76,446,482,2,temporal-reasoning,HIGH48,0.25,0.75,0.5,0.25,0.85,0.5,0.35,0.11904582612877941,0.11625918885293489,0.07070427972684286
gpt4_76048e76,gpt4_76048e76,446,482,2,temporal-reasoning,HIGH48,0.5,0.75,0.5,0.25,,,,0.11904582612877941,0.11625918885293489,0.07070427972684286
gpt4_76048e76,gpt4_76048e76,446,482,2,temporal-reasoning,HIGH48,1.0,0.75,0.0,0.75,0.85,0.0,0.85,0.11904582612877941,0.11625918885293489,0.07070427972684286
gpt4_76048e76,gpt4_76048e76,446,482,2,temporal-reasoning,HIGH48,2.0,0.75,0.0,0.75,,,,0.11904582612877941,0.11625918885293489,0.07070427972684286
gpt4_76048e76,gpt4_76048e76,446,482,2,temporal-reasoning,HIGH48,4.0,0.75,0.0,0.75,0.85,0.0,0.85,0.11904582612877941,0.11625918885293489,0.07070427972684286
gpt4_76048e76,gpt4_76048e76,446,482,2,temporal-reasoning,FULL96,0.25,0.75,0.0,0.75,0.85,0.0,0.85,0.11904582612877941,0.09621666738261625,nan
gpt4_76048e76,gpt4_76048e76,446,482,2,temporal-reasoning,FULL96,0.5,0.75,0.0,0.75,,,,0.11904582612877941,0.09621666738261625,nan
gpt4_76048e76,gpt4_76048e76,446,482,2,temporal-reasoning,FULL96,1.0,0.75,0.0,0.75,0.85,0.0,0.85,0.11904582612877941,0.09621666738261625,nan
gpt4_76048e76,gpt4_76048e76,446,482,2,temporal-reasoning,FULL96,2.0,0.75,0.0,0.75,,,,0.11904582612877941,0.09621666738261625,nan
gpt4_76048e76,gpt4_76048e76,446,482,2,temporal-reasoning,FULL96,4.0,0.75,0.0,0.75,0.85,0.0,0.85,0.11904582612877941,0.09621666738261625,nan
gpt4_78cf46a3,gpt4_78cf46a3,447,505,2,temporal-reasoning,LOW48,0.25,0.5,0.5,0.0,0.5,0.5,0.0,0.19505289881641275,0.07669289742088727,0.11232183326308304
gpt4_78cf46a3,gpt4_78cf46a3,447,505,2,temporal-reasoning,LOW48,0.5,0.5,0.5,0.0,,,,0.19505289881641275,0.07669289742088727,0.11232183326308304
gpt4_78cf46a3,gpt4_78cf46a3,447,505,2,temporal-reasoning,LOW48,1.0,0.5,0.5,0.0,0.5,0.5,0.0,0.19505289881641275,0.07669289742088727,0.11232183326308304
gpt4_78cf46a3,gpt4_78cf46a3,447,505,2,temporal-reasoning,LOW48,2.0,0.5,0.5,0.0,,,,0.19505289881641275,0.07669289742088727,0.11232183326308304
gpt4_78cf46a3,gpt4_78cf46a3,447,505,2,temporal-reasoning,LOW48,4.0,0.5,0.5,0.0,0.5,0.5,0.0,0.19505289881641275,0.07669289742088727,0.11232183326308304
gpt4_78cf46a3,gpt4_78cf46a3,447,505,2,temporal-reasoning,HIGH48,0.25,0.5,0.5,0.0,0.5,0.5,0.0,0.19505289881641275,0.11232183326308304,0.07669289742088727
gpt4_78cf46a3,gpt4_78cf46a3,447,505,2,temporal-reasoning,HIGH48,0.5,0.5,0.5,0.0,,,,0.19505289881641275,0.11232183326308304,0.07669289742088727
gpt4_78cf46a3,gpt4_78cf46a3,447,505,2,temporal-reasoning,HIGH48,1.0,0.5,0.5,0.0,0.5,0.5,0.0,0.19505289881641275,0.11232183326308304,0.07669289742088727
gpt4_78cf46a3,gpt4_78cf46a3,447,505,2,temporal-reasoning,HIGH48,2.0,0.5,0.5,0.0,,,,0.19505289881641275,0.11232183326308304,0.07669289742088727
gpt4_78cf46a3,gpt4_78cf46a3,447,505,2,temporal-reasoning,HIGH48,4.0,0.5,0.5,0.0,0.5,0.5,0.0,0.19505289881641275,0.11232183326308304,0.07669289742088727
gpt4_78cf46a3,gpt4_78cf46a3,447,505,2,temporal-reasoning,FULL96,0.25,0.5,0.5,0.0,0.5,0.5,0.0,0.19505289881641275,0.09617170774814847,nan
gpt4_78cf46a3,gpt4_78cf46a3,447,505,2,temporal-reasoning,FULL96,0.5,0.5,0.5,0.0,,,,0.19505289881641275,0.09617170774814847,nan
gpt4_78cf46a3,gpt4_78cf46a3,447,505,2,temporal-reasoning,FULL96,1.0,0.5,0.5,0.0,0.5,0.5,0.0,0.19505289881641275,0.09617170774814847,nan
gpt4_78cf46a3,gpt4_78cf46a3,447,505,2,temporal-reasoning,FULL96,2.0,0.5,0.5,0.0,,,,0.19505289881641275,0.09617170774814847,nan
gpt4_78cf46a3,gpt4_78cf46a3,447,505,2,temporal-reasoning,FULL96,4.0,0.5,0.5,0.0,0.5,0.5,0.0,0.19505289881641275,0.09617170774814847,nan
gpt4_7a0daae1,gpt4_7a0daae1,448,561,2,temporal-reasoning,LOW48,0.25,1.0,0.5,0.5,1.0,0.5,0.5,0.10629657945093675,0.07500167474512254,0.1132659247655726
gpt4_7a0daae1,gpt4_7a0daae1,448,561,2,temporal-reasoning,LOW48,0.5,1.0,0.5,0.5,,,,0.10629657945093675,0.07500167474512254,0.1132659247655726
gpt4_7a0daae1,gpt4_7a0daae1,448,561,2,temporal-reasoning,LOW48,1.0,1.0,1.0,0.0,1.0,1.0,0.0,0.10629657945093675,0.07500167474512254,0.1132659247655726
gpt4_7a0daae1,gpt4_7a0daae1,448,561,2,temporal-reasoning,LOW48,2.0,1.0,1.0,0.0,,,,0.10629657945093675,0.07500167474512254,0.1132659247655726
gpt4_7a0daae1,gpt4_7a0daae1,448,561,2,temporal-reasoning,LOW48,4.0,1.0,1.0,0.0,1.0,1.0,0.0,0.10629657945093675,0.07500167474512254,0.1132659247655726
gpt4_7a0daae1,gpt4_7a0daae1,448,561,2,temporal-reasoning,HIGH48,0.25,1.0,1.0,0.0,1.0,1.0,0.0,0.10629657945093675,0.1132659247655726,0.07500167474512254
gpt4_7a0daae1,gpt4_7a0daae1,448,561,2,temporal-reasoning,HIGH48,0.5,1.0,1.0,0.0,,,,0.10629657945093675,0.1132659247655726,0.07500167474512254
gpt4_7a0daae1,gpt4_7a0daae1,448,561,2,temporal-reasoning,HIGH48,1.0,1.0,1.0,0.0,1.0,1.0,0.0,0.10629657945093675,0.1132659247655726,0.07500167474512254
gpt4_7a0daae1,gpt4_7a0daae1,448,561,2,temporal-reasoning,HIGH48,2.0,1.0,0.5,0.5,,,,0.10629657945093675,0.1132659247655726,0.07500167474512254
gpt4_7a0daae1,gpt4_7a0daae1,448,561,2,temporal-reasoning,HIGH48,4.0,1.0,0.5,0.5,1.0,0.5,0.5,0.10629657945093675,0.1132659247655726,0.07500167474512254
gpt4_7a0daae1,gpt4_7a0daae1,448,561,2,temporal-reasoning,FULL96,0.25,1.0,1.0,0.0,1.0,1.0,0.0,0.10629657945093675,0.09605837008708171,nan
gpt4_7a0daae1,gpt4_7a0daae1,448,561,2,temporal-reasoning,FULL96,0.5,1.0,1.0,0.0,,,,0.10629657945093675,0.09605837008708171,nan
gpt4_7a0daae1,gpt4_7a0daae1,448,561,2,temporal-reasoning,FULL96,1.0,1.0,1.0,0.0,1.0,1.0,0.0,0.10629657945093675,0.09605837008708171,nan
gpt4_7a0daae1,gpt4_7a0daae1,448,561,2,temporal-reasoning,FULL96,2.0,1.0,1.0,0.0,,,,0.10629657945093675,0.09605837008708171,nan
gpt4_7a0daae1,gpt4_7a0daae1,448,561,2,temporal-reasoning,FULL96,4.0,1.0,1.0,0.0,1.0,1.0,0.0,0.10629657945093675,0.09605837008708171,nan
gpt4_7abb270c,gpt4_7abb270c,449,467,6,temporal-reasoning,LOW48,0.25,0.16666666666666666,0.0,0.16666666666666666,0.1666666666666666,0.0,0.1666666666666666,0.13904631801420705,0.0658042838823208,0.11959776927880186
gpt4_7abb270c,gpt4_7abb270c,449,467,6,temporal-reasoning,LOW48,0.5,0.16666666666666666,0.0,0.16666666666666666,,,,0.13904631801420705,0.0658042838823208,0.11959776927880186
gpt4_7abb270c,gpt4_7abb270c,449,467,6,temporal-reasoning,LOW48,1.0,0.16666666666666666,0.0,0.16666666666666666,0.1666666666666666,0.0,0.1666666666666666,0.13904631801420705,0.0658042838823208,0.11959776927880186
gpt4_7abb270c,gpt4_7abb270c,449,467,6,temporal-reasoning,LOW48,2.0,0.16666666666666666,0.0,0.16666666666666666,,,,0.13904631801420705,0.0658042838823208,0.11959776927880186
gpt4_7abb270c,gpt4_7abb270c,449,467,6,temporal-reasoning,LOW48,4.0,0.16666666666666666,0.16666666666666666,0.0,0.1666666666666666,0.1666666666666666,0.0,0.13904631801420705,0.0658042838823208,0.11959776927880186
gpt4_7abb270c,gpt4_7abb270c,449,467,6,temporal-reasoning,HIGH48,0.25,0.16666666666666666,0.16666666666666666,0.0,0.1666666666666666,0.1666666666666666,0.0,0.13904631801420705,0.11959776927880186,0.0658042838823208
gpt4_7abb270c,gpt4_7abb270c,449,467,6,temporal-reasoning,HIGH48,0.5,0.16666666666666666,0.0,0.16666666666666666,,,,0.13904631801420705,0.11959776927880186,0.0658042838823208
gpt4_7abb270c,gpt4_7abb270c,449,467,6,temporal-reasoning,HIGH48,1.0,0.16666666666666666,0.0,0.16666666666666666,0.1666666666666666,0.0,0.1666666666666666,0.13904631801420705,0.11959776927880186,0.0658042838823208
gpt4_7abb270c,gpt4_7abb270c,449,467,6,temporal-reasoning,HIGH48,2.0,0.16666666666666666,0.0,0.16666666666666666,,,,0.13904631801420705,0.11959776927880186,0.0658042838823208
gpt4_7abb270c,gpt4_7abb270c,449,467,6,temporal-reasoning,HIGH48,4.0,0.16666666666666666,0.0,0.16666666666666666,0.1666666666666666,0.0,0.1666666666666666,0.13904631801420705,0.11959776927880186,0.0658042838823208
gpt4_7abb270c,gpt4_7abb270c,449,467,6,temporal-reasoning,FULL96,0.25,0.16666666666666666,0.0,0.16666666666666666,0.1666666666666666,0.0,0.1666666666666666,0.13904631801420705,0.09652416845984893,nan
gpt4_7abb270c,gpt4_7abb270c,449,467,6,temporal-reasoning,FULL96,0.5,0.16666666666666666,0.0,0.16666666666666666,,,,0.13904631801420705,0.09652416845984893,nan
gpt4_7abb270c,gpt4_7abb270c,449,467,6,temporal-reasoning,FULL96,1.0,0.16666666666666666,0.0,0.16666666666666666,0.1666666666666666,0.0,0.1666666666666666,0.13904631801420705,0.09652416845984893,nan
gpt4_7abb270c,gpt4_7abb270c,449,467,6,temporal-reasoning,FULL96,2.0,0.16666666666666666,0.0,0.16666666666666666,,,,0.13904631801420705,0.09652416845984893,nan
gpt4_7abb270c,gpt4_7abb270c,449,467,6,temporal-reasoning,FULL96,4.0,0.16666666666666666,0.0,0.16666666666666666,0.1666666666666666,0.0,0.1666666666666666,0.13904631801420705,0.09652416845984893,nan
gpt4_7bc6cf22,gpt4_7bc6cf22,450,519,1,temporal-reasoning,LOW48,0.25,1.0,1.0,0.0,1.0,1.0,0.0,0.13425847339939465,0.07859053079479685,0.11087795398196627
gpt4_7bc6cf22,gpt4_7bc6cf22,450,519,1,temporal-reasoning,LOW48,0.5,1.0,1.0,0.0,,,,0.13425847339939465,0.07859053079479685,0.11087795398196627
gpt4_7bc6cf22,gpt4_7bc6cf22,450,519,1,temporal-reasoning,LOW48,1.0,1.0,1.0,0.0,1.0,1.0,0.0,0.13425847339939465,0.07859053079479685,0.11087795398196627
gpt4_7bc6cf22,gpt4_7bc6cf22,450,519,1,temporal-reasoning,LOW48,2.0,1.0,1.0,0.0,,,,0.13425847339939465,0.07859053079479685,0.11087795398196627
gpt4_7bc6cf22,gpt4_7bc6cf22,450,519,1,temporal-reasoning,LOW48,4.0,1.0,1.0,0.0,1.0,1.0,0.0,0.13425847339939465,0.07859053079479685,0.11087795398196627
gpt4_7bc6cf22,gpt4_7bc6cf22,450,519,1,temporal-reasoning,HIGH48,0.25,1.0,1.0,0.0,1.0,1.0,0.0,0.13425847339939465,0.11087795398196626,0.07859053079479685
gpt4_7bc6cf22,gpt4_7bc6cf22,450,519,1,temporal-reasoning,HIGH48,0.5,1.0,1.0,0.0,,,,0.13425847339939465,0.11087795398196626,0.07859053079479685
gpt4_7bc6cf22,gpt4_7bc6cf22,450,519,1,temporal-reasoning,HIGH48,1.0,1.0,1.0,0.0,1.0,1.0,0.0,0.13425847339939465,0.11087795398196626,0.07859053079479685
gpt4_7bc6cf22,gpt4_7bc6cf22,450,519,1,temporal-reasoning,HIGH48,2.0,1.0,1.0,0.0,,,,0.13425847339939465,0.11087795398196626,0.07859053079479685
gpt4_7bc6cf22,gpt4_7bc6cf22,450,519,1,temporal-reasoning,HIGH48,4.0,1.0,1.0,0.0,1.0,1.0,0.0,0.13425847339939465,0.11087795398196626,0.07859053079479685
gpt4_7bc6cf22,gpt4_7bc6cf22,450,519,1,temporal-reasoning,FULL96,0.25,1.0,1.0,0.0,1.0,1.0,0.0,0.13425847339939465,0.09609992770505851,nan
gpt4_7bc6cf22,gpt4_7bc6cf22,450,519,1,temporal-reasoning,FULL96,0.5,1.0,1.0,0.0,,,,0.13425847339939465,0.09609992770505851,nan
gpt4_7bc6cf22,gpt4_7bc6cf22,450,519,1,temporal-reasoning,FULL96,1.0,1.0,1.0,0.0,1.0,1.0,0.0,0.13425847339939465,0.09609992770505851,nan
gpt4_7bc6cf22,gpt4_7bc6cf22,450,519,1,temporal-reasoning,FULL96,2.0,1.0,1.0,0.0,,,,0.13425847339939465,0.09609992770505851,nan
gpt4_7bc6cf22,gpt4_7bc6cf22,450,519,1,temporal-reasoning,FULL96,4.0,1.0,1.0,0.0,1.0,1.0,0.0,0.13425847339939465,0.09609992770505851,nan
gpt4_7ca326fa,gpt4_7ca326fa,451,516,3,temporal-reasoning,LOW48,0.25,0.6666666666666666,0.0,0.6666666666666666,0.6666666666666664,0.0,0.6666666666666664,0.18164948995625935,0.0759261859493113,0.11353758226576688
gpt4_7ca326fa,gpt4_7ca326fa,451,516,3,temporal-reasoning,LOW48,0.5,0.6666666666666666,0.0,0.6666666666666666,,,,0.18164948995625935,0.0759261859493113,0.11353758226576688
gpt4_7ca326fa,gpt4_7ca326fa,451,516,3,temporal-reasoning,LOW48,1.0,0.6666666666666666,0.0,0.6666666666666666,0.6666666666666664,0.0,0.6666666666666664,0.18164948995625935,0.0759261859493113,0.11353758226576688
gpt4_7ca326fa,gpt4_7ca326fa,451,516,3,temporal-reasoning,LOW48,2.0,0.6666666666666666,0.3333333333333333,0.3333333333333333,,,,0.18164948995625935,0.0759261859493113,0.11353758226576688
gpt4_7ca326fa,gpt4_7ca326fa,451,516,3,temporal-reasoning,LOW48,4.0,0.6666666666666666,0.3333333333333333,0.3333333333333333,0.6666666666666664,0.3333333333333332,0.3333333333333332,0.18164948995625935,0.0759261859493113,0.11353758226576688
gpt4_7ca326fa,gpt4_7ca326fa,451,516,3,temporal-reasoning,HIGH48,0.25,0.6666666666666666,0.3333333333333333,0.3333333333333333,0.6666666666666664,0.3333333333333332,0.3333333333333332,0.18164948995625935,0.11353758226576688,0.0759261859493113
gpt4_7ca326fa,gpt4_7ca326fa,451,516,3,temporal-reasoning,HIGH48,0.5,0.6666666666666666,0.3333333333333333,0.3333333333333333,,,,0.18164948995625935,0.11353758226576688,0.0759261859493113
gpt4_7ca326fa,gpt4_7ca326fa,451,516,3,temporal-reasoning,HIGH48,1.0,0.6666666666666666,0.0,0.6666666666666666,0.6666666666666664,0.0,0.6666666666666664,0.18164948995625935,0.11353758226576688,0.0759261859493113
gpt4_7ca326fa,gpt4_7ca326fa,451,516,3,temporal-reasoning,HIGH48,2.0,0.6666666666666666,0.0,0.6666666666666666,,,,0.18164948995625935,0.11353758226576688,0.0759261859493113
gpt4_7ca326fa,gpt4_7ca326fa,451,516,3,temporal-reasoning,HIGH48,4.0,0.6666666666666666,0.0,0.6666666666666666,0.6666666666666664,0.0,0.6666666666666664,0.18164948995625935,0.11353758226576688,0.0759261859493113
gpt4_7ca326fa,gpt4_7ca326fa,451,516,3,temporal-reasoning,FULL96,0.25,0.6666666666666666,0.0,0.6666666666666666,0.6666666666666664,0.0,0.6666666666666664,0.18164948995625935,0.09658045428440783,nan
gpt4_7ca326fa,gpt4_7ca326fa,451,516,3,temporal-reasoning,FULL96,0.5,0.6666666666666666,0.0,0.6666666666666666,,,,0.18164948995625935,0.09658045428440783,nan
gpt4_7ca326fa,gpt4_7ca326fa,451,516,3,temporal-reasoning,FULL96,1.0,0.6666666666666666,0.0,0.6666666666666666,0.6666666666666664,0.0,0.6666666666666664,0.18164948995625935,0.09658045428440783,nan
gpt4_7ca326fa,gpt4_7ca326fa,451,516,3,temporal-reasoning,FULL96,2.0,0.6666666666666666,0.0,0.6666666666666666,,,,0.18164948995625935,0.09658045428440783,nan
gpt4_7ca326fa,gpt4_7ca326fa,451,516,3,temporal-reasoning,FULL96,4.0,0.6666666666666666,0.0,0.6666666666666666,0.6666666666666664,0.0,0.6666666666666664,0.18164948995625935,0.09658045428440783,nan
gpt4_7ddcf75f,gpt4_7ddcf75f,452,480,1,temporal-reasoning,LOW48,0.25,1.0,1.0,0.0,1.0,1.0,0.0,0.18721257334493857,0.08066333553211397,0.10993000761731482
gpt4_7ddcf75f,gpt4_7ddcf75f,452,480,1,temporal-reasoning,LOW48,0.5,1.0,1.0,0.0,,,,0.18721257334493857,0.08066333553211397,0.10993000761731482
gpt4_7ddcf75f,gpt4_7ddcf75f,452,480,1,temporal-reasoning,LOW48,1.0,1.0,1.0,0.0,1.0,1.0,0.0,0.18721257334493857,0.08066333553211397,0.10993000761731482
gpt4_7ddcf75f,gpt4_7ddcf75f,452,480,1,temporal-reasoning,LOW48,2.0,1.0,1.0,0.0,,,,0.18721257334493857,0.08066333553211397,0.10993000761731482
gpt4_7ddcf75f,gpt4_7ddcf75f,452,480,1,temporal-reasoning,LOW48,4.0,1.0,1.0,0.0,1.0,1.0,0.0,0.18721257334493857,0.08066333553211397,0.10993000761731482
gpt4_7ddcf75f,gpt4_7ddcf75f,452,480,1,temporal-reasoning,HIGH48,0.25,1.0,1.0,0.0,1.0,1.0,0.0,0.18721257334493857,0.10993000761731482,0.08066333553211397
gpt4_7ddcf75f,gpt4_7ddcf75f,452,480,1,temporal-reasoning,HIGH48,0.5,1.0,1.0,0.0,,,,0.18721257334493857,0.10993000761731482,0.08066333553211397
gpt4_7ddcf75f,gpt4_7ddcf75f,452,480,1,temporal-reasoning,HIGH48,1.0,1.0,1.0,0.0,1.0,1.0,0.0,0.18721257334493857,0.10993000761731482,0.08066333553211397
gpt4_7ddcf75f,gpt4_7ddcf75f,452,480,1,temporal-reasoning,HIGH48,2.0,1.0,1.0,0.0,,,,0.18721257334493857,0.10993000761731482,0.08066333553211397
gpt4_7ddcf75f,gpt4_7ddcf75f,452,480,1,temporal-reasoning,HIGH48,4.0,1.0,1.0,0.0,1.0,1.0,0.0,0.18721257334493857,0.10993000761731482,0.08066333553211397
gpt4_7ddcf75f,gpt4_7ddcf75f,452,480,1,temporal-reasoning,FULL96,0.25,1.0,1.0,0.0,1.0,1.0,0.0,0.18721257334493857,0.09641364082407969,nan
gpt4_7ddcf75f,gpt4_7ddcf75f,452,480,1,temporal-reasoning,FULL96,0.5,1.0,1.0,0.0,,,,0.18721257334493857,0.09641364082407969,nan
gpt4_7ddcf75f,gpt4_7ddcf75f,452,480,1,temporal-reasoning,FULL96,1.0,1.0,1.0,0.0,1.0,1.0,0.0,0.18721257334493857,0.09641364082407969,nan
gpt4_7ddcf75f,gpt4_7ddcf75f,452,480,1,temporal-reasoning,FULL96,2.0,1.0,1.0,0.0,,,,0.18721257334493857,0.09641364082407969,nan
gpt4_7ddcf75f,gpt4_7ddcf75f,452,480,1,temporal-reasoning,FULL96,4.0,1.0,1.0,0.0,1.0,1.0,0.0,0.18721257334493857,0.09641364082407969,nan
gpt4_7de946e7,gpt4_7de946e7,453,533,2,temporal-reasoning,LOW48,0.25,0.5,0.0,0.5,0.5,0.0,0.5,0.13553269664047926,0.07085321927121495,0.11543578375899823
gpt4_7de946e7,gpt4_7de946e7,453,533,2,temporal-reasoning,LOW48,0.5,0.5,0.0,0.5,,,,0.13553269664047926,0.07085321927121495,0.11543578375899823
gpt4_7de946e7,gpt4_7de946e7,453,533,2,temporal-reasoning,LOW48,1.0,0.5,0.0,0.5,0.5,0.0,0.5,0.13553269664047926,0.07085321927121495,0.11543578375899823
gpt4_7de946e7,gpt4_7de946e7,453,533,2,temporal-reasoning,LOW48,2.0,0.5,0.0,0.5,,,,0.13553269664047926,0.07085321927121495,0.11543578375899823
gpt4_7de946e7,gpt4_7de946e7,453,533,2,temporal-reasoning,LOW48,4.0,0.5,0.0,0.5,0.5,0.0,0.5,0.13553269664047926,0.07085321927121495,0.11543578375899823
gpt4_7de946e7,gpt4_7de946e7,453,533,2,temporal-reasoning,HIGH48,0.25,0.5,0.0,0.5,0.5,0.0,0.5,0.13553269664047926,0.11543578375899823,0.07085321927121495
gpt4_7de946e7,gpt4_7de946e7,453,533,2,temporal-reasoning,HIGH48,0.5,0.5,0.0,0.5,,,,0.13553269664047926,0.11543578375899823,0.07085321927121495
gpt4_7de946e7,gpt4_7de946e7,453,533,2,temporal-reasoning,HIGH48,1.0,0.5,0.0,0.5,0.5,0.0,0.5,0.13553269664047926,0.11543578375899823,0.07085321927121495
gpt4_7de946e7,gpt4_7de946e7,453,533,2,temporal-reasoning,HIGH48,2.0,0.5,0.0,0.5,,,,0.13553269664047926,0.11543578375899823,0.07085321927121495
gpt4_7de946e7,gpt4_7de946e7,453,533,2,temporal-reasoning,HIGH48,4.0,0.5,0.0,0.5,0.5,0.0,0.5,0.13553269664047926,0.11543578375899823,0.07085321927121495
gpt4_7de946e7,gpt4_7de946e7,453,533,2,temporal-reasoning,FULL96,0.25,0.5,0.0,0.5,0.5,0.0,0.5,0.13553269664047926,0.09577473271471204,nan
gpt4_7de946e7,gpt4_7de946e7,453,533,2,temporal-reasoning,FULL96,0.5,0.5,0.0,0.5,,,,0.13553269664047926,0.09577473271471204,nan
gpt4_7de946e7,gpt4_7de946e7,453,533,2,temporal-reasoning,FULL96,1.0,0.5,0.0,0.5,0.5,0.0,0.5,0.13553269664047926,0.09577473271471204,nan
gpt4_7de946e7,gpt4_7de946e7,453,533,2,temporal-reasoning,FULL96,2.0,0.5,0.0,0.5,,,,0.13553269664047926,0.09577473271471204,nan
gpt4_7de946e7,gpt4_7de946e7,453,533,2,temporal-reasoning,FULL96,4.0,0.5,0.0,0.5,0.5,0.0,0.5,0.13553269664047926,0.09577473271471204,nan
gpt4_7f6b06db,gpt4_7f6b06db,454,558,3,temporal-reasoning,LOW48,0.25,0.0,0.0,0.0,0.0,0.0,0.0,0.08827306520494696,0.0770991579764232,0.11260551799797673
gpt4_7f6b06db,gpt4_7f6b06db,454,558,3,temporal-reasoning,LOW48,0.5,0.0,0.0,0.0,,,,0.08827306520494696,0.0770991579764232,0.11260551799797673
gpt4_7f6b06db,gpt4_7f6b06db,454,558,3,temporal-reasoning,LOW48,1.0,0.0,0.0,0.0,0.0,0.0,0.0,0.08827306520494696,0.0770991579764232,0.11260551799797673
gpt4_7f6b06db,gpt4_7f6b06db,454,558,3,temporal-reasoning,LOW48,2.0,0.0,0.0,0.0,,,,0.08827306520494696,0.0770991579764232,0.11260551799797673
gpt4_7f6b06db,gpt4_7f6b06db,454,558,3,temporal-reasoning,LOW48,4.0,0.0,0.0,0.0,0.0,0.0,0.0,0.08827306520494696,0.0770991579764232,0.11260551799797673
gpt4_7f6b06db,gpt4_7f6b06db,454,558,3,temporal-reasoning,HIGH48,0.25,0.0,0.0,0.0,0.0,0.0,0.0,0.08827306520494696,0.11260551799797672,0.0770991579764232
gpt4_7f6b06db,gpt4_7f6b06db,454,558,3,temporal-reasoning,HIGH48,0.5,0.0,0.0,0.0,,,,0.08827306520494696,0.11260551799797672,0.0770991579764232
gpt4_7f6b06db,gpt4_7f6b06db,454,558,3,temporal-reasoning,HIGH48,1.0,0.0,0.0,0.0,0.0,0.0,0.0,0.08827306520494696,0.11260551799797672,0.0770991579764232
gpt4_7f6b06db,gpt4_7f6b06db,454,558,3,temporal-reasoning,HIGH48,2.0,0.0,0.0,0.0,,,,0.08827306520494696,0.11260551799797672,0.0770991579764232
gpt4_7f6b06db,gpt4_7f6b06db,454,558,3,temporal-reasoning,HIGH48,4.0,0.0,0.0,0.0,0.0,0.0,0.0,0.08827306520494696,0.11260551799797672,0.0770991579764232
gpt4_7f6b06db,gpt4_7f6b06db,454,558,3,temporal-reasoning,FULL96,0.25,0.0,0.0,0.0,0.0,0.0,0.0,0.08827306520494696,0.09649943741873866,nan
gpt4_7f6b06db,gpt4_7f6b06db,454,558,3,temporal-reasoning,FULL96,0.5,0.0,0.0,0.0,,,,0.08827306520494696,0.09649943741873866,nan
gpt4_7f6b06db,gpt4_7f6b06db,454,558,3,temporal-reasoning,FULL96,1.0,0.0,0.0,0.0,0.0,0.0,0.0,0.08827306520494696,0.09649943741873866,nan
gpt4_7f6b06db,gpt4_7f6b06db,454,558,3,temporal-reasoning,FULL96,2.0,0.0,0.0,0.0,,,,0.08827306520494696,0.09649943741873866,nan
gpt4_7f6b06db,gpt4_7f6b06db,454,558,3,temporal-reasoning,FULL96,4.0,0.0,0.0,0.0,0.0,0.0,0.0,0.08827306520494696,0.09649943741873866,nan
gpt4_7fce9456,gpt4_7fce9456,455,497,6,multi-session,LOW48,0.25,0.16666666666666666,0.16666666666666666,0.0,0.1666666666666666,0.1666666666666666,0.0,0.06975484184218136,0.07897797449466407,0.11046970491065428
gpt4_7fce9456,gpt4_7fce9456,455,497,6,multi-session,LOW48,0.5,0.16666666666666666,0.16666666666666666,0.0,,,,0.06975484184218136,0.07897797449466407,0.11046970491065428
gpt4_7fce9456,gpt4_7fce9456,455,497,6,multi-session,LOW48,1.0,0.16666666666666666,0.16666666666666666,0.0,0.1666666666666666,0.1666666666666666,0.0,0.06975484184218136,0.07897797449466407,0.11046970491065428
gpt4_7fce9456,gpt4_7fce9456,455,497,6,multi-session,LOW48,2.0,0.16666666666666666,0.16666666666666666,0.0,,,,0.06975484184218136,0.07897797449466407,0.11046970491065428
gpt4_7fce9456,gpt4_7fce9456,455,497,6,multi-session,LOW48,4.0,0.16666666666666666,0.16666666666666666,0.0,0.1666666666666666,0.1666666666666666,0.0,0.06975484184218136,0.07897797449466407,0.11046970491065428
gpt4_7fce9456,gpt4_7fce9456,455,497,6,multi-session,HIGH48,0.25,0.16666666666666666,0.16666666666666666,0.0,0.1666666666666666,0.1666666666666666,0.0,0.06975484184218136,0.11046970491065428,0.07897797449466407
gpt4_7fce9456,gpt4_7fce9456,455,497,6,multi-session,HIGH48,0.5,0.16666666666666666,0.16666666666666666,0.0,,,,0.06975484184218136,0.11046970491065428,0.07897797449466407
gpt4_7fce9456,gpt4_7fce9456,455,497,6,multi-session,HIGH48,1.0,0.16666666666666666,0.16666666666666666,0.0,0.1666666666666666,0.1666666666666666,0.0,0.06975484184218136,0.11046970491065428,0.07897797449466407
gpt4_7fce9456,gpt4_7fce9456,455,497,6,multi-session,HIGH48,2.0,0.16666666666666666,0.16666666666666666,0.0,,,,0.06975484184218136,0.11046970491065428,0.07897797449466407
gpt4_7fce9456,gpt4_7fce9456,455,497,6,multi-session,HIGH48,4.0,0.16666666666666666,0.16666666666666666,0.0,0.1666666666666666,0.1666666666666666,0.0,0.06975484184218136,0.11046970491065428,0.07897797449466407
gpt4_7fce9456,gpt4_7fce9456,455,497,6,multi-session,FULL96,0.25,0.16666666666666666,0.16666666666666666,0.0,0.1666666666666666,0.1666666666666666,0.0,0.06975484184218136,0.09602363292004433,nan
gpt4_7fce9456,gpt4_7fce9456,455,497,6,multi-session,FULL96,0.5,0.16666666666666666,0.16666666666666666,0.0,,,,0.06975484184218136,0.09602363292004433,nan
gpt4_7fce9456,gpt4_7fce9456,455,497,6,multi-session,FULL96,1.0,0.16666666666666666,0.16666666666666666,0.0,0.1666666666666666,0.1666666666666666,0.0,0.06975484184218136,0.09602363292004433,nan
gpt4_7fce9456,gpt4_7fce9456,455,497,6,multi-session,FULL96,2.0,0.16666666666666666,0.16666666666666666,0.0,,,,0.06975484184218136,0.09602363292004433,nan
gpt4_7fce9456,gpt4_7fce9456,455,497,6,multi-session,FULL96,4.0,0.16666666666666666,0.16666666666666666,0.0,0.1666666666666666,0.1666666666666666,0.0,0.06975484184218136,0.09602363292004433,nan
gpt4_8279ba02,gpt4_8279ba02,456,489,1,temporal-reasoning,LOW48,0.25,0.0,0.0,0.0,0.0,0.0,0.0,0.0886294002956397,0.06473016493315366,0.1199143899068673
gpt4_8279ba02,gpt4_8279ba02,456,489,1,temporal-reasoning,LOW48,0.5,0.0,0.0,0.0,,,,0.0886294002956397,0.06473016493315366,0.1199143899068673
gpt4_8279ba02,gpt4_8279ba02,456,489,1,temporal-reasoning,LOW48,1.0,0.0,0.0,0.0,0.0,0.0,0.0,0.0886294002956397,0.06473016493315366,0.1199143899068673
gpt4_8279ba02,gpt4_8279ba02,456,489,1,temporal-reasoning,LOW48,2.0,0.0,0.0,0.0,,,,0.0886294002956397,0.06473016493315366,0.1199143899068673
gpt4_8279ba02,gpt4_8279ba02,456,489,1,temporal-reasoning,LOW48,4.0,0.0,0.0,0.0,0.0,0.0,0.0,0.0886294002956397,0.06473016493315366,0.1199143899068673
gpt4_8279ba02,gpt4_8279ba02,456,489,1,temporal-reasoning,HIGH48,0.25,0.0,0.0,0.0,0.0,0.0,0.0,0.0886294002956397,0.1199143899068673,0.06473016493315366
gpt4_8279ba02,gpt4_8279ba02,456,489,1,temporal-reasoning,HIGH48,0.5,0.0,0.0,0.0,,,,0.0886294002956397,0.1199143899068673,0.06473016493315366
gpt4_8279ba02,gpt4_8279ba02,456,489,1,temporal-reasoning,HIGH48,1.0,0.0,0.0,0.0,0.0,0.0,0.0,0.0886294002956397,0.1199143899068673,0.06473016493315366
gpt4_8279ba02,gpt4_8279ba02,456,489,1,temporal-reasoning,HIGH48,2.0,0.0,0.0,0.0,,,,0.0886294002956397,0.1199143899068673,0.06473016493315366
gpt4_8279ba02,gpt4_8279ba02,456,489,1,temporal-reasoning,HIGH48,4.0,0.0,0.0,0.0,0.0,0.0,0.0,0.0886294002956397,0.1199143899068673,0.06473016493315366
gpt4_8279ba02,gpt4_8279ba02,456,489,1,temporal-reasoning,FULL96,0.25,0.0,0.0,0.0,0.0,0.0,0.0,0.0886294002956397,0.09635729126280343,nan
gpt4_8279ba02,gpt4_8279ba02,456,489,1,temporal-reasoning,FULL96,0.5,0.0,0.0,0.0,,,,0.0886294002956397,0.09635729126280343,nan
gpt4_8279ba02,gpt4_8279ba02,456,489,1,temporal-reasoning,FULL96,1.0,0.0,0.0,0.0,0.0,0.0,0.0,0.0886294002956397,0.09635729126280343,nan
gpt4_8279ba02,gpt4_8279ba02,456,489,1,temporal-reasoning,FULL96,2.0,0.0,0.0,0.0,,,,0.0886294002956397,0.09635729126280343,nan
gpt4_8279ba02,gpt4_8279ba02,456,489,1,temporal-reasoning,FULL96,4.0,0.0,0.0,0.0,0.0,0.0,0.0,0.0886294002956397,0.09635729126280343,nan
gpt4_8279ba03,gpt4_8279ba03,457,500,1,temporal-reasoning,LOW48,0.25,0.0,0.0,0.0,0.0,0.0,0.0,0.0635547796681308,0.06917911715319788,0.11769523523276128
gpt4_8279ba03,gpt4_8279ba03,457,500,1,temporal-reasoning,LOW48,0.5,0.0,0.0,0.0,,,,0.0635547796681308,0.06917911715319788,0.11769523523276128
gpt4_8279ba03,gpt4_8279ba03,457,500,1,temporal-reasoning,LOW48,1.0,0.0,0.0,0.0,0.0,0.0,0.0,0.0635547796681308,0.06917911715319788,0.11769523523276128
gpt4_8279ba03,gpt4_8279ba03,457,500,1,temporal-reasoning,LOW48,2.0,0.0,0.0,0.0,,,,0.0635547796681308,0.06917911715319788,0.11769523523276128
gpt4_8279ba03,gpt4_8279ba03,457,500,1,temporal-reasoning,LOW48,4.0,0.0,0.0,0.0,0.0,0.0,0.0,0.0635547796681308,0.06917911715319788,0.11769523523276128
gpt4_8279ba03,gpt4_8279ba03,457,500,1,temporal-reasoning,HIGH48,0.25,0.0,0.0,0.0,0.0,0.0,0.0,0.0635547796681308,0.11769523523276128,0.06917911715319788
gpt4_8279ba03,gpt4_8279ba03,457,500,1,temporal-reasoning,HIGH48,0.5,0.0,0.0,0.0,,,,0.0635547796681308,0.11769523523276128,0.06917911715319788
gpt4_8279ba03,gpt4_8279ba03,457,500,1,temporal-reasoning,HIGH48,1.0,0.0,0.0,0.0,0.0,0.0,0.0,0.0635547796681308,0.11769523523276128,0.06917911715319788
gpt4_8279ba03,gpt4_8279ba03,457,500,1,temporal-reasoning,HIGH48,2.0,0.0,0.0,0.0,,,,0.0635547796681308,0.11769523523276128,0.06917911715319788
gpt4_8279ba03,gpt4_8279ba03,457,500,1,temporal-reasoning,HIGH48,4.0,0.0,0.0,0.0,0.0,0.0,0.0,0.0635547796681308,0.11769523523276128,0.06917911715319788
gpt4_8279ba03,gpt4_8279ba03,457,500,1,temporal-reasoning,FULL96,0.25,0.0,0.0,0.0,0.0,0.0,0.0,0.0635547796681308,0.09653475707378895,nan
gpt4_8279ba03,gpt4_8279ba03,457,500,1,temporal-reasoning,FULL96,0.5,0.0,0.0,0.0,,,,0.0635547796681308,0.09653475707378895,nan
gpt4_8279ba03,gpt4_8279ba03,457,500,1,temporal-reasoning,FULL96,1.0,0.0,0.0,0.0,0.0,0.0,0.0,0.0635547796681308,0.09653475707378895,nan
gpt4_8279ba03,gpt4_8279ba03,457,500,1,temporal-reasoning,FULL96,2.0,0.0,0.0,0.0,,,,0.0635547796681308,0.09653475707378895,nan
gpt4_8279ba03,gpt4_8279ba03,457,500,1,temporal-reasoning,FULL96,4.0,0.0,0.0,0.0,0.0,0.0,0.0,0.0635547796681308,0.09653475707378895,nan
gpt4_85da3956,gpt4_85da3956,458,505,1,temporal-reasoning,LOW48,0.25,1.0,1.0,0.0,1.0,1.0,0.0,0.07084634291784399,0.0830141357755708,0.10807465573939976
gpt4_85da3956,gpt4_85da3956,458,505,1,temporal-reasoning,LOW48,0.5,1.0,1.0,0.0,,,,0.07084634291784399,0.0830141357755708,0.10807465573939976
gpt4_85da3956,gpt4_85da3956,458,505,1,temporal-reasoning,LOW48,1.0,1.0,1.0,0.0,1.0,1.0,0.0,0.07084634291784399,0.0830141357755708,0.10807465573939976
gpt4_85da3956,gpt4_85da3956,458,505,1,temporal-reasoning,LOW48,2.0,1.0,1.0,0.0,,,,0.07084634291784399,0.0830141357755708,0.10807465573939976
gpt4_85da3956,gpt4_85da3956,458,505,1,temporal-reasoning,LOW48,4.0,1.0,1.0,0.0,1.0,1.0,0.0,0.07084634291784399,0.0830141357755708,0.10807465573939976
gpt4_85da3956,gpt4_85da3956,458,505,1,temporal-reasoning,HIGH48,0.25,1.0,1.0,0.0,1.0,1.0,0.0,0.07084634291784399,0.10807465573939976,0.08301413577557079
gpt4_85da3956,gpt4_85da3956,458,505,1,temporal-reasoning,HIGH48,0.5,1.0,1.0,0.0,,,,0.07084634291784399,0.10807465573939976,0.08301413577557079
gpt4_85da3956,gpt4_85da3956,458,505,1,temporal-reasoning,HIGH48,1.0,1.0,1.0,0.0,1.0,1.0,0.0,0.07084634291784399,0.10807465573939976,0.08301413577557079
gpt4_85da3956,gpt4_85da3956,458,505,1,temporal-reasoning,HIGH48,2.0,1.0,1.0,0.0,,,,0.07084634291784399,0.10807465573939976,0.08301413577557079
gpt4_85da3956,gpt4_85da3956,458,505,1,temporal-reasoning,HIGH48,4.0,1.0,1.0,0.0,1.0,1.0,0.0,0.07084634291784399,0.10807465573939976,0.08301413577557079
gpt4_85da3956,gpt4_85da3956,458,505,1,temporal-reasoning,FULL96,0.25,1.0,1.0,0.0,1.0,1.0,0.0,0.07084634291784399,0.09636253927682342,nan
gpt4_85da3956,gpt4_85da3956,458,505,1,temporal-reasoning,FULL96,0.5,1.0,1.0,0.0,,,,0.07084634291784399,0.09636253927682342,nan
gpt4_85da3956,gpt4_85da3956,458,505,1,temporal-reasoning,FULL96,1.0,1.0,1.0,0.0,1.0,1.0,0.0,0.07084634291784399,0.09636253927682342,nan
gpt4_85da3956,gpt4_85da3956,458,505,1,temporal-reasoning,FULL96,2.0,1.0,1.0,0.0,,,,0.07084634291784399,0.09636253927682342,nan
gpt4_85da3956,gpt4_85da3956,458,505,1,temporal-reasoning,FULL96,4.0,1.0,1.0,0.0,1.0,1.0,0.0,0.07084634291784399,0.09636253927682342,nan
gpt4_88806d6e,gpt4_88806d6e,459,493,2,temporal-reasoning,LOW48,0.25,0.0,0.0,0.0,0.0,0.0,0.0,0.07945972344873632,0.07428095423661339,0.11407063570629271
gpt4_88806d6e,gpt4_88806d6e,459,493,2,temporal-reasoning,LOW48,0.5,0.0,0.0,0.0,,,,0.07945972344873632,0.07428095423661339,0.11407063570629271
gpt4_88806d6e,gpt4_88806d6e,459,493,2,temporal-reasoning,LOW48,1.0,0.0,0.0,0.0,0.0,0.0,0.0,0.07945972344873632,0.07428095423661339,0.11407063570629271
gpt4_88806d6e,gpt4_88806d6e,459,493,2,temporal-reasoning,LOW48,2.0,0.0,0.0,0.0,,,,0.07945972344873632,0.07428095423661339,0.11407063570629271
gpt4_88806d6e,gpt4_88806d6e,459,493,2,temporal-reasoning,LOW48,4.0,0.0,0.0,0.0,0.0,0.0,0.0,0.07945972344873632,0.07428095423661339,0.11407063570629271
gpt4_88806d6e,gpt4_88806d6e,459,493,2,temporal-reasoning,HIGH48,0.25,0.0,0.0,0.0,0.0,0.0,0.0,0.07945972344873632,0.11407063570629271,0.07428095423661339
gpt4_88806d6e,gpt4_88806d6e,459,493,2,temporal-reasoning,HIGH48,0.5,0.0,0.0,0.0,,,,0.07945972344873632,0.11407063570629271,0.07428095423661339
gpt4_88806d6e,gpt4_88806d6e,459,493,2,temporal-reasoning,HIGH48,1.0,0.0,0.0,0.0,0.0,0.0,0.0,0.07945972344873632,0.11407063570629271,0.07428095423661339
gpt4_88806d6e,gpt4_88806d6e,459,493,2,temporal-reasoning,HIGH48,2.0,0.0,0.0,0.0,,,,0.07945972344873632,0.11407063570629271,0.07428095423661339
gpt4_88806d6e,gpt4_88806d6e,459,493,2,temporal-reasoning,HIGH48,4.0,0.0,0.0,0.0,0.0,0.0,0.0,0.07945972344873632,0.11407063570629271,0.07428095423661339
gpt4_88806d6e,gpt4_88806d6e,459,493,2,temporal-reasoning,FULL96,0.25,0.0,0.0,0.0,0.0,0.0,0.0,0.07945972344873632,0.09625427287331091,nan
gpt4_88806d6e,gpt4_88806d6e,459,493,2,temporal-reasoning,FULL96,0.5,0.0,0.0,0.0,,,,0.07945972344873632,0.09625427287331091,nan
gpt4_88806d6e,gpt4_88806d6e,459,493,2,temporal-reasoning,FULL96,1.0,0.0,0.0,0.0,0.0,0.0,0.0,0.07945972344873632,0.09625427287331091,nan
gpt4_88806d6e,gpt4_88806d6e,459,493,2,temporal-reasoning,FULL96,2.0,0.0,0.0,0.0,,,,0.07945972344873632,0.09625427287331091,nan
gpt4_88806d6e,gpt4_88806d6e,459,493,2,temporal-reasoning,FULL96,4.0,0.0,0.0,0.0,0.0,0.0,0.0,0.07945972344873632,0.09625427287331091,nan
gpt4_8c8961ae,gpt4_8c8961ae,460,485,2,temporal-reasoning,LOW48,0.25,0.5,0.5,0.0,0.5,0.5,0.0,0.3015827893901121,0.07736883010497679,0.11182435961883505
gpt4_8c8961ae,gpt4_8c8961ae,460,485,2,temporal-reasoning,LOW48,0.5,0.5,0.5,0.0,,,,0.3015827893901121,0.07736883010497679,0.11182435961883505
gpt4_8c8961ae,gpt4_8c8961ae,460,485,2,temporal-reasoning,LOW48,1.0,0.5,0.5,0.0,0.5,0.5,0.0,0.3015827893901121,0.07736883010497679,0.11182435961883505
gpt4_8c8961ae,gpt4_8c8961ae,460,485,2,temporal-reasoning,LOW48,2.0,0.5,0.5,0.0,,,,0.3015827893901121,0.07736883010497679,0.11182435961883505
gpt4_8c8961ae,gpt4_8c8961ae,460,485,2,temporal-reasoning,LOW48,4.0,0.5,0.5,0.0,0.5,0.5,0.0,0.3015827893901121,0.07736883010497679,0.11182435961883505
gpt4_8c8961ae,gpt4_8c8961ae,460,485,2,temporal-reasoning,HIGH48,0.25,0.5,0.5,0.0,0.5,0.5,0.0,0.3015827893901121,0.11182435961883505,0.07736883010497679
gpt4_8c8961ae,gpt4_8c8961ae,460,485,2,temporal-reasoning,HIGH48,0.5,0.5,0.5,0.0,,,,0.3015827893901121,0.11182435961883505,0.07736883010497679
gpt4_8c8961ae,gpt4_8c8961ae,460,485,2,temporal-reasoning,HIGH48,1.0,0.5,0.5,0.0,0.5,0.5,0.0,0.3015827893901121,0.11182435961883505,0.07736883010497679
gpt4_8c8961ae,gpt4_8c8961ae,460,485,2,temporal-reasoning,HIGH48,2.0,0.5,0.5,0.0,,,,0.3015827893901121,0.11182435961883505,0.07736883010497679
gpt4_8c8961ae,gpt4_8c8961ae,460,485,2,temporal-reasoning,HIGH48,4.0,0.5,0.5,0.0,0.5,0.5,0.0,0.3015827893901121,0.11182435961883505,0.07736883010497679
gpt4_8c8961ae,gpt4_8c8961ae,460,485,2,temporal-reasoning,FULL96,0.25,0.5,0.5,0.0,0.5,0.5,0.0,0.3015827893901121,0.09615254358563613,nan
gpt4_8c8961ae,gpt4_8c8961ae,460,485,2,temporal-reasoning,FULL96,0.5,0.5,0.5,0.0,,,,0.3015827893901121,0.09615254358563613,nan
gpt4_8c8961ae,gpt4_8c8961ae,460,485,2,temporal-reasoning,FULL96,1.0,0.5,0.5,0.0,0.5,0.5,0.0,0.3015827893901121,0.09615254358563613,nan
gpt4_8c8961ae,gpt4_8c8961ae,460,485,2,temporal-reasoning,FULL96,2.0,0.5,0.5,0.0,,,,0.3015827893901121,0.09615254358563613,nan
gpt4_8c8961ae,gpt4_8c8961ae,460,485,2,temporal-reasoning,FULL96,4.0,0.5,0.5,0.0,0.5,0.5,0.0,0.3015827893901121,0.09615254358563613,nan
gpt4_8e165409,gpt4_8e165409,461,480,2,temporal-reasoning,LOW48,0.25,0.5,0.5,0.0,0.5,0.5,0.0,0.14050041579439043,0.07694330879340158,0.11269286169430665
gpt4_8e165409,gpt4_8e165409,461,480,2,temporal-reasoning,LOW48,0.5,0.5,0.5,0.0,,,,0.14050041579439043,0.07694330879340158,0.11269286169430665
gpt4_8e165409,gpt4_8e165409,461,480,2,temporal-reasoning,LOW48,1.0,0.5,0.5,0.0,0.5,0.5,0.0,0.14050041579439043,0.07694330879340158,0.11269286169430665
gpt4_8e165409,gpt4_8e165409,461,480,2,temporal-reasoning,LOW48,2.0,0.5,0.5,0.0,,,,0.14050041579439043,0.07694330879340158,0.11269286169430665
gpt4_8e165409,gpt4_8e165409,461,480,2,temporal-reasoning,LOW48,4.0,0.5,0.5,0.0,0.5,0.5,0.0,0.14050041579439043,0.07694330879340158,0.11269286169430665
gpt4_8e165409,gpt4_8e165409,461,480,2,temporal-reasoning,HIGH48,0.25,0.5,0.5,0.0,0.5,0.5,0.0,0.14050041579439043,0.11269286169430665,0.07694330879340158
gpt4_8e165409,gpt4_8e165409,461,480,2,temporal-reasoning,HIGH48,0.5,0.5,0.5,0.0,,,,0.14050041579439043,0.11269286169430665,0.07694330879340158
gpt4_8e165409,gpt4_8e165409,461,480,2,temporal-reasoning,HIGH48,1.0,0.5,0.5,0.0,0.5,0.5,0.0,0.14050041579439043,0.11269286169430665,0.07694330879340158
gpt4_8e165409,gpt4_8e165409,461,480,2,temporal-reasoning,HIGH48,2.0,0.5,0.5,0.0,,,,0.14050041579439043,0.11269286169430665,0.07694330879340158
gpt4_8e165409,gpt4_8e165409,461,480,2,temporal-reasoning,HIGH48,4.0,0.5,0.5,0.0,0.5,0.5,0.0,0.14050041579439043,0.11269286169430665,0.07694330879340158
gpt4_8e165409,gpt4_8e165409,461,480,2,temporal-reasoning,FULL96,0.25,0.5,0.5,0.0,0.5,0.5,0.0,0.14050041579439043,0.09648822167738628,nan
gpt4_8e165409,gpt4_8e165409,461,480,2,temporal-reasoning,FULL96,0.5,0.5,0.5,0.0,,,,0.14050041579439043,0.09648822167738628,nan
gpt4_8e165409,gpt4_8e165409,461,480,2,temporal-reasoning,FULL96,1.0,0.5,0.5,0.0,0.5,0.5,0.0,0.14050041579439043,0.09648822167738628,nan
gpt4_8e165409,gpt4_8e165409,461,480,2,temporal-reasoning,FULL96,2.0,0.5,0.5,0.0,,,,0.14050041579439043,0.09648822167738628,nan
gpt4_8e165409,gpt4_8e165409,461,480,2,temporal-reasoning,FULL96,4.0,0.5,0.5,0.0,0.5,0.5,0.0,0.14050041579439043,0.09648822167738628,nan
gpt4_93159ced,gpt4_93159ced,462,444,3,temporal-reasoning,LOW48,0.25,0.5,0.6666666666666666,-0.16666666666666663,0.5333333333333333,0.6666666666666664,-0.13333333333333308,0.07441376209752402,0.06564372389968538,0.1196534768654435
gpt4_93159ced,gpt4_93159ced,462,444,3,temporal-reasoning,LOW48,0.5,0.5,0.6666666666666666,-0.16666666666666663,,,,0.07441376209752402,0.06564372389968538,0.1196534768654435
gpt4_93159ced,gpt4_93159ced,462,444,3,temporal-reasoning,LOW48,1.0,0.5,0.3333333333333333,0.16666666666666669,0.5333333333333333,0.3333333333333332,0.20000000000000012,0.07441376209752402,0.06564372389968538,0.1196534768654435
gpt4_93159ced,gpt4_93159ced,462,444,3,temporal-reasoning,LOW48,2.0,0.5,0.3333333333333333,0.16666666666666669,,,,0.07441376209752402,0.06564372389968538,0.1196534768654435
gpt4_93159ced,gpt4_93159ced,462,444,3,temporal-reasoning,LOW48,4.0,0.5,0.0,0.5,0.5333333333333333,0.0,0.5333333333333333,0.07441376209752402,0.06564372389968538,0.1196534768654435
gpt4_93159ced,gpt4_93159ced,462,444,3,temporal-reasoning,HIGH48,0.25,0.5,0.0,0.5,0.5333333333333333,0.0,0.5333333333333333,0.07441376209752402,0.1196534768654435,0.06564372389968538
gpt4_93159ced,gpt4_93159ced,462,444,3,temporal-reasoning,HIGH48,0.5,0.5,0.3333333333333333,0.16666666666666669,,,,0.07441376209752402,0.1196534768654435,0.06564372389968538
gpt4_93159ced,gpt4_93159ced,462,444,3,temporal-reasoning,HIGH48,1.0,0.5,0.3333333333333333,0.16666666666666669,0.5333333333333333,0.3333333333333332,0.20000000000000012,0.07441376209752402,0.1196534768654435,0.06564372389968538
gpt4_93159ced,gpt4_93159ced,462,444,3,temporal-reasoning,HIGH48,2.0,0.5,0.6666666666666666,-0.16666666666666663,,,,0.07441376209752402,0.1196534768654435,0.06564372389968538
gpt4_93159ced,gpt4_93159ced,462,444,3,temporal-reasoning,HIGH48,4.0,0.5,0.6666666666666666,-0.16666666666666663,0.5333333333333333,0.6666666666666664,-0.13333333333333308,0.07441376209752402,0.1196534768654435,0.06564372389968538
gpt4_93159ced,gpt4_93159ced,462,444,3,temporal-reasoning,FULL96,0.25,0.5,0.3333333333333333,0.16666666666666669,0.5333333333333333,0.3333333333333332,0.20000000000000012,0.07441376209752402,0.09650402326692745,nan
gpt4_93159ced,gpt4_93159ced,462,444,3,temporal-reasoning,FULL96,0.5,0.5,0.3333333333333333,0.16666666666666669,,,,0.07441376209752402,0.09650402326692745,nan
gpt4_93159ced,gpt4_93159ced,462,444,3,temporal-reasoning,FULL96,1.0,0.5,0.3333333333333333,0.16666666666666669,0.5333333333333333,0.3333333333333332,0.20000000000000012,0.07441376209752402,0.09650402326692745,nan
gpt4_93159ced,gpt4_93159ced,462,444,3,temporal-reasoning,FULL96,2.0,0.5,0.3333333333333333,0.16666666666666669,,,,0.07441376209752402,0.09650402326692745,nan
gpt4_93159ced,gpt4_93159ced,462,444,3,temporal-reasoning,FULL96,4.0,0.5,0.3333333333333333,0.16666666666666669,0.5333333333333333,0.3333333333333332,0.20000000000000012,0.07441376209752402,0.09650402326692745,nan
gpt4_93f6379c,gpt4_93f6379c,464,445,2,temporal-reasoning,LOW48,0.25,0.5,0.5,0.0,0.5,0.5,0.0,0.061206832690228634,0.0648387815653209,0.11967838495941388
gpt4_93f6379c,gpt4_93f6379c,464,445,2,temporal-reasoning,LOW48,0.5,0.5,0.5,0.0,,,,0.061206832690228634,0.0648387815653209,0.11967838495941388
gpt4_93f6379c,gpt4_93f6379c,464,445,2,temporal-reasoning,LOW48,1.0,0.5,0.5,0.0,0.5,0.5,0.0,0.061206832690228634,0.0648387815653209,0.11967838495941388
gpt4_93f6379c,gpt4_93f6379c,464,445,2,temporal-reasoning,LOW48,2.0,0.5,0.5,0.0,,,,0.061206832690228634,0.0648387815653209,0.11967838495941388
gpt4_93f6379c,gpt4_93f6379c,464,445,2,temporal-reasoning,LOW48,4.0,0.5,0.5,0.0,0.5,0.5,0.0,0.061206832690228634,0.0648387815653209,0.11967838495941388
gpt4_93f6379c,gpt4_93f6379c,464,445,2,temporal-reasoning,HIGH48,0.25,0.5,0.5,0.0,0.5,0.5,0.0,0.061206832690228634,0.11967838495941388,0.06483878156532089
gpt4_93f6379c,gpt4_93f6379c,464,445,2,temporal-reasoning,HIGH48,0.5,0.5,0.5,0.0,,,,0.061206832690228634,0.11967838495941388,0.06483878156532089
gpt4_93f6379c,gpt4_93f6379c,464,445,2,temporal-reasoning,HIGH48,1.0,0.5,0.5,0.0,0.5,0.5,0.0,0.061206832690228634,0.11967838495941388,0.06483878156532089
gpt4_93f6379c,gpt4_93f6379c,464,445,2,temporal-reasoning,HIGH48,2.0,0.5,0.5,0.0,,,,0.061206832690228634,0.11967838495941388,0.06483878156532089
gpt4_93f6379c,gpt4_93f6379c,464,445,2,temporal-reasoning,HIGH48,4.0,0.5,0.5,0.0,0.5,0.5,0.0,0.061206832690228634,0.11967838495941388,0.06483878156532089
gpt4_93f6379c,gpt4_93f6379c,464,445,2,temporal-reasoning,FULL96,0.25,0.5,0.5,0.0,0.5,0.5,0.0,0.061206832690228634,0.09624703481502445,nan
gpt4_93f6379c,gpt4_93f6379c,464,445,2,temporal-reasoning,FULL96,0.5,0.5,0.5,0.0,,,,0.061206832690228634,0.09624703481502445,nan
gpt4_93f6379c,gpt4_93f6379c,464,445,2,temporal-reasoning,FULL96,1.0,0.5,0.5,0.0,0.5,0.5,0.0,0.061206832690228634,0.09624703481502445,nan
gpt4_93f6379c,gpt4_93f6379c,464,445,2,temporal-reasoning,FULL96,2.0,0.5,0.5,0.0,,,,0.061206832690228634,0.09624703481502445,nan
gpt4_93f6379c,gpt4_93f6379c,464,445,2,temporal-reasoning,FULL96,4.0,0.5,0.5,0.0,0.5,0.5,0.0,0.061206832690228634,0.09624703481502445,nan
gpt4_98f46fc6,gpt4_98f46fc6,465,490,2,temporal-reasoning,LOW48,0.25,0.0,0.0,0.0,0.0,0.0,0.0,0.0856817291214067,0.06899630341187656,0.11764257962168306
gpt4_98f46fc6,gpt4_98f46fc6,465,490,2,temporal-reasoning,LOW48,0.5,0.0,0.0,0.0,,,,0.0856817291214067,0.06899630341187656,0.11764257962168306
gpt4_98f46fc6,gpt4_98f46fc6,465,490,2,temporal-reasoning,LOW48,1.0,0.0,0.0,0.0,0.0,0.0,0.0,0.0856817291214067,0.06899630341187656,0.11764257962168306
gpt4_98f46fc6,gpt4_98f46fc6,465,490,2,temporal-reasoning,LOW48,2.0,0.0,0.0,0.0,,,,0.0856817291214067,0.06899630341187656,0.11764257962168306
gpt4_98f46fc6,gpt4_98f46fc6,465,490,2,temporal-reasoning,LOW48,4.0,0.0,0.0,0.0,0.0,0.0,0.0,0.0856817291214067,0.06899630341187656,0.11764257962168306
gpt4_98f46fc6,gpt4_98f46fc6,465,490,2,temporal-reasoning,HIGH48,0.25,0.0,0.0,0.0,0.0,0.0,0.0,0.0856817291214067,0.11764257962168306,0.06899630341187656
gpt4_98f46fc6,gpt4_98f46fc6,465,490,2,temporal-reasoning,HIGH48,0.5,0.0,0.0,0.0,,,,0.0856817291214067,0.11764257962168306,0.06899630341187656
gpt4_98f46fc6,gpt4_98f46fc6,465,490,2,temporal-reasoning,HIGH48,1.0,0.0,0.0,0.0,0.0,0.0,0.0,0.0856817291214067,0.11764257962168306,0.06899630341187656
gpt4_98f46fc6,gpt4_98f46fc6,465,490,2,temporal-reasoning,HIGH48,2.0,0.0,0.0,0.0,,,,0.0856817291214067,0.11764257962168306,0.06899630341187656
gpt4_98f46fc6,gpt4_98f46fc6,465,490,2,temporal-reasoning,HIGH48,4.0,0.0,0.0,0.0,0.0,0.0,0.0,0.0856817291214067,0.11764257962168306,0.06899630341187656
gpt4_98f46fc6,gpt4_98f46fc6,465,490,2,temporal-reasoning,FULL96,0.25,0.0,0.0,0.0,0.0,0.0,0.0,0.0856817291214067,0.0964371982809221,nan
gpt4_98f46fc6,gpt4_98f46fc6,465,490,2,temporal-reasoning,FULL96,0.5,0.0,0.0,0.0,,,,0.0856817291214067,0.0964371982809221,nan
gpt4_98f46fc6,gpt4_98f46fc6,465,490,2,temporal-reasoning,FULL96,1.0,0.0,0.0,0.0,0.0,0.0,0.0,0.0856817291214067,0.0964371982809221,nan
gpt4_98f46fc6,gpt4_98f46fc6,465,490,2,temporal-reasoning,FULL96,2.0,0.0,0.0,0.0,,,,0.0856817291214067,0.0964371982809221,nan
gpt4_98f46fc6,gpt4_98f46fc6,465,490,2,temporal-reasoning,FULL96,4.0,0.0,0.0,0.0,0.0,0.0,0.0,0.0856817291214067,0.0964371982809221,nan
gpt4_9a159967,gpt4_9a159967,466,470,3,temporal-reasoning,LOW48,0.25,0.0,1.0,-1.0,0.0,1.0,-1.0,0.06643881039983209,0.0652087837067068,0.11940326980000214
gpt4_9a159967,gpt4_9a159967,466,470,3,temporal-reasoning,LOW48,0.5,0.0,1.0,-1.0,,,,0.06643881039983209,0.0652087837067068,0.11940326980000214
gpt4_9a159967,gpt4_9a159967,466,470,3,temporal-reasoning,LOW48,1.0,0.0,0.6666666666666666,-0.6666666666666666,0.0,0.6666666666666664,-0.6666666666666664,0.06643881039983209,0.0652087837067068,0.11940326980000214
gpt4_9a159967,gpt4_9a159967,466,470,3,temporal-reasoning,LOW48,2.0,0.0,0.6666666666666666,-0.6666666666666666,,,,0.06643881039983209,0.0652087837067068,0.11940326980000214
gpt4_9a159967,gpt4_9a159967,466,470,3,temporal-reasoning,LOW48,4.0,0.0,0.3333333333333333,-0.3333333333333333,0.0,0.3333333333333332,-0.3333333333333332,0.06643881039983209,0.0652087837067068,0.11940326980000214
gpt4_9a159967,gpt4_9a159967,466,470,3,temporal-reasoning,HIGH48,0.25,0.0,0.3333333333333333,-0.3333333333333333,0.0,0.3333333333333332,-0.3333333333333332,0.06643881039983209,0.11940326980000214,0.0652087837067068
gpt4_9a159967,gpt4_9a159967,466,470,3,temporal-reasoning,HIGH48,0.5,0.0,0.6666666666666666,-0.6666666666666666,,,,0.06643881039983209,0.11940326980000214,0.0652087837067068
gpt4_9a159967,gpt4_9a159967,466,470,3,temporal-reasoning,HIGH48,1.0,0.0,0.6666666666666666,-0.6666666666666666,0.0,0.6666666666666664,-0.6666666666666664,0.06643881039983209,0.11940326980000214,0.0652087837067068
gpt4_9a159967,gpt4_9a159967,466,470,3,temporal-reasoning,HIGH48,2.0,0.0,1.0,-1.0,,,,0.06643881039983209,0.11940326980000214,0.0652087837067068
gpt4_9a159967,gpt4_9a159967,466,470,3,temporal-reasoning,HIGH48,4.0,0.0,1.0,-1.0,0.0,1.0,-1.0,0.06643881039983209,0.11940326980000214,0.0652087837067068
gpt4_9a159967,gpt4_9a159967,466,470,3,temporal-reasoning,FULL96,0.25,0.0,0.6666666666666666,-0.6666666666666666,0.0,0.6666666666666664,-0.6666666666666664,0.06643881039983209,0.09620115984602311,nan
gpt4_9a159967,gpt4_9a159967,466,470,3,temporal-reasoning,FULL96,0.5,0.0,0.6666666666666666,-0.6666666666666666,,,,0.06643881039983209,0.09620115984602311,nan
gpt4_9a159967,gpt4_9a159967,466,470,3,temporal-reasoning,FULL96,1.0,0.0,0.6666666666666666,-0.6666666666666666,0.0,0.6666666666666664,-0.6666666666666664,0.06643881039983209,0.09620115984602311,nan
gpt4_9a159967,gpt4_9a159967,466,470,3,temporal-reasoning,FULL96,2.0,0.0,0.6666666666666666,-0.6666666666666666,,,,0.06643881039983209,0.09620115984602311,nan
gpt4_9a159967,gpt4_9a159967,466,470,3,temporal-reasoning,FULL96,4.0,0.0,0.6666666666666666,-0.6666666666666666,0.0,0.6666666666666664,-0.6666666666666664,0.06643881039983209,0.09620115984602311,nan
gpt4_a1b77f9c,gpt4_a1b77f9c,467,498,6,temporal-reasoning,LOW48,0.25,0.3333333333333333,0.16666666666666666,0.16666666666666666,0.3333333333333332,0.1666666666666666,0.1666666666666666,0.06946921638113208,0.07674204249388077,0.11289507399696444
gpt4_a1b77f9c,gpt4_a1b77f9c,467,498,6,temporal-reasoning,LOW48,0.5,0.3333333333333333,0.16666666666666666,0.16666666666666666,,,,0.06946921638113208,0.07674204249388077,0.11289507399696444
gpt4_a1b77f9c,gpt4_a1b77f9c,467,498,6,temporal-reasoning,LOW48,1.0,0.3333333333333333,0.16666666666666666,0.16666666666666666,0.3333333333333332,0.1666666666666666,0.1666666666666666,0.06946921638113208,0.07674204249388077,0.11289507399696444
gpt4_a1b77f9c,gpt4_a1b77f9c,467,498,6,temporal-reasoning,LOW48,2.0,0.3333333333333333,0.3333333333333333,0.0,,,,0.06946921638113208,0.07674204249388077,0.11289507399696444
gpt4_a1b77f9c,gpt4_a1b77f9c,467,498,6,temporal-reasoning,LOW48,4.0,0.3333333333333333,0.3333333333333333,0.0,0.3333333333333332,0.3333333333333332,0.0,0.06946921638113208,0.07674204249388077,0.11289507399696444
gpt4_a1b77f9c,gpt4_a1b77f9c,467,498,6,temporal-reasoning,HIGH48,0.25,0.3333333333333333,0.3333333333333333,0.0,0.3333333333333332,0.3333333333333332,0.0,0.06946921638113208,0.11289507399696444,0.07674204249388077
gpt4_a1b77f9c,gpt4_a1b77f9c,467,498,6,temporal-reasoning,HIGH48,0.5,0.3333333333333333,0.3333333333333333,0.0,,,,0.06946921638113208,0.11289507399696444,0.07674204249388077
gpt4_a1b77f9c,gpt4_a1b77f9c,467,498,6,temporal-reasoning,HIGH48,1.0,0.3333333333333333,0.16666666666666666,0.16666666666666666,0.3333333333333332,0.1666666666666666,0.1666666666666666,0.06946921638113208,0.11289507399696444,0.07674204249388077
gpt4_a1b77f9c,gpt4_a1b77f9c,467,498,6,temporal-reasoning,HIGH48,2.0,0.3333333333333333,0.16666666666666666,0.16666666666666666,,,,0.06946921638113208,0.11289507399696444,0.07674204249388077
gpt4_a1b77f9c,gpt4_a1b77f9c,467,498,6,temporal-reasoning,HIGH48,4.0,0.3333333333333333,0.16666666666666666,0.16666666666666666,0.3333333333333332,0.1666666666666666,0.1666666666666666,0.06946921638113208,0.11289507399696444,0.07674204249388077
gpt4_a1b77f9c,gpt4_a1b77f9c,467,498,6,temporal-reasoning,FULL96,0.25,0.3333333333333333,0.16666666666666666,0.16666666666666666,0.3333333333333332,0.1666666666666666,0.1666666666666666,0.06946921638113208,0.09652626279648632,nan
gpt4_a1b77f9c,gpt4_a1b77f9c,467,498,6,temporal-reasoning,FULL96,0.5,0.3333333333333333,0.16666666666666666,0.16666666666666666,,,,0.06946921638113208,0.09652626279648632,nan
gpt4_a1b77f9c,gpt4_a1b77f9c,467,498,6,temporal-reasoning,FULL96,1.0,0.3333333333333333,0.16666666666666666,0.16666666666666666,0.3333333333333332,0.1666666666666666,0.1666666666666666,0.06946921638113208,0.09652626279648632,nan
gpt4_a1b77f9c,gpt4_a1b77f9c,467,498,6,temporal-reasoning,FULL96,2.0,0.3333333333333333,0.16666666666666666,0.16666666666666666,,,,0.06946921638113208,0.09652626279648632,nan
gpt4_a1b77f9c,gpt4_a1b77f9c,467,498,6,temporal-reasoning,FULL96,4.0,0.3333333333333333,0.16666666666666666,0.16666666666666666,0.3333333333333332,0.1666666666666666,0.1666666666666666,0.06946921638113208,0.09652626279648632,nan
gpt4_a2d1d1f6,gpt4_a2d1d1f6,468,476,1,temporal-reasoning,LOW48,0.25,1.0,1.0,0.0,1.0,1.0,0.0,0.05970303414782502,0.08164045281117814,0.10906171077509916
gpt4_a2d1d1f6,gpt4_a2d1d1f6,468,476,1,temporal-reasoning,LOW48,0.5,1.0,1.0,0.0,,,,0.05970303414782502,0.08164045281117814,0.10906171077509916
gpt4_a2d1d1f6,gpt4_a2d1d1f6,468,476,1,temporal-reasoning,LOW48,1.0,1.0,1.0,0.0,1.0,1.0,0.0,0.05970303414782502,0.08164045281117814,0.10906171077509916
gpt4_a2d1d1f6,gpt4_a2d1d1f6,468,476,1,temporal-reasoning,LOW48,2.0,1.0,1.0,0.0,,,,0.05970303414782502,0.08164045281117814,0.10906171077509916
gpt4_a2d1d1f6,gpt4_a2d1d1f6,468,476,1,temporal-reasoning,LOW48,4.0,1.0,1.0,0.0,1.0,1.0,0.0,0.05970303414782502,0.08164045281117814,0.10906171077509916
gpt4_a2d1d1f6,gpt4_a2d1d1f6,468,476,1,temporal-reasoning,HIGH48,0.25,1.0,1.0,0.0,1.0,1.0,0.0,0.05970303414782502,0.10906171077509916,0.08164045281117813
gpt4_a2d1d1f6,gpt4_a2d1d1f6,468,476,1,temporal-reasoning,HIGH48,0.5,1.0,1.0,0.0,,,,0.05970303414782502,0.10906171077509916,0.08164045281117813
gpt4_a2d1d1f6,gpt4_a2d1d1f6,468,476,1,temporal-reasoning,HIGH48,1.0,1.0,1.0,0.0,1.0,1.0,0.0,0.05970303414782502,0.10906171077509916,0.08164045281117813
gpt4_a2d1d1f6,gpt4_a2d1d1f6,468,476,1,temporal-reasoning,HIGH48,2.0,1.0,1.0,0.0,,,,0.05970303414782502,0.10906171077509916,0.08164045281117813
gpt4_a2d1d1f6,gpt4_a2d1d1f6,468,476,1,temporal-reasoning,HIGH48,4.0,1.0,1.0,0.0,1.0,1.0,0.0,0.05970303414782502,0.10906171077509916,0.08164045281117813
gpt4_a2d1d1f6,gpt4_a2d1d1f6,468,476,1,temporal-reasoning,FULL96,0.25,1.0,1.0,0.0,1.0,1.0,0.0,0.05970303414782502,0.09633177121906766,nan
gpt4_a2d1d1f6,gpt4_a2d1d1f6,468,476,1,temporal-reasoning,FULL96,0.5,1.0,1.0,0.0,,,,0.05970303414782502,0.09633177121906766,nan
gpt4_a2d1d1f6,gpt4_a2d1d1f6,468,476,1,temporal-reasoning,FULL96,1.0,1.0,1.0,0.0,1.0,1.0,0.0,0.05970303414782502,0.09633177121906766,nan
gpt4_a2d1d1f6,gpt4_a2d1d1f6,468,476,1,temporal-reasoning,FULL96,2.0,1.0,1.0,0.0,,,,0.05970303414782502,0.09633177121906766,nan
gpt4_a2d1d1f6,gpt4_a2d1d1f6,468,476,1,temporal-reasoning,FULL96,4.0,1.0,1.0,0.0,1.0,1.0,0.0,0.05970303414782502,0.09633177121906766,nan
gpt4_a56e767c,gpt4_a56e767c,469,477,6,multi-session,LOW48,0.25,0.16666666666666666,0.16666666666666666,0.0,0.1666666666666666,0.1666666666666666,0.0,0.19972442860041528,0.07966213503024562,0.11118331842865044
gpt4_a56e767c,gpt4_a56e767c,469,477,6,multi-session,LOW48,0.5,0.16666666666666666,0.16666666666666666,0.0,,,,0.19972442860041528,0.07966213503024562,0.11118331842865044
gpt4_a56e767c,gpt4_a56e767c,469,477,6,multi-session,LOW48,1.0,0.16666666666666666,0.16666666666666666,0.0,0.1666666666666666,0.1666666666666666,0.0,0.19972442860041528,0.07966213503024562,0.11118331842865044
gpt4_a56e767c,gpt4_a56e767c,469,477,6,multi-session,LOW48,2.0,0.16666666666666666,0.16666666666666666,0.0,,,,0.19972442860041528,0.07966213503024562,0.11118331842865044
gpt4_a56e767c,gpt4_a56e767c,469,477,6,multi-session,LOW48,4.0,0.16666666666666666,0.16666666666666666,0.0,0.1666666666666666,0.1666666666666666,0.0,0.19972442860041528,0.07966213503024562,0.11118331842865044
gpt4_a56e767c,gpt4_a56e767c,469,477,6,multi-session,HIGH48,0.25,0.16666666666666666,0.16666666666666666,0.0,0.1666666666666666,0.1666666666666666,0.0,0.19972442860041528,0.11118331842865044,0.07966213503024562
gpt4_a56e767c,gpt4_a56e767c,469,477,6,multi-session,HIGH48,0.5,0.16666666666666666,0.16666666666666666,0.0,,,,0.19972442860041528,0.11118331842865044,0.07966213503024562
gpt4_a56e767c,gpt4_a56e767c,469,477,6,multi-session,HIGH48,1.0,0.16666666666666666,0.16666666666666666,0.0,0.1666666666666666,0.1666666666666666,0.0,0.19972442860041528,0.11118331842865044,0.07966213503024562
gpt4_a56e767c,gpt4_a56e767c,469,477,6,multi-session,HIGH48,2.0,0.16666666666666666,0.16666666666666666,0.0,,,,0.19972442860041528,0.11118331842865044,0.07966213503024562
gpt4_a56e767c,gpt4_a56e767c,469,477,6,multi-session,HIGH48,4.0,0.16666666666666666,0.16666666666666666,0.0,0.1666666666666666,0.1666666666666666,0.0,0.19972442860041528,0.11118331842865044,0.07966213503024562
gpt4_a56e767c,gpt4_a56e767c,469,477,6,multi-session,FULL96,0.25,0.16666666666666666,0.16666666666666666,0.0,0.1666666666666666,0.1666666666666666,0.0,0.19972442860041528,0.09671552629847951,nan
gpt4_a56e767c,gpt4_a56e767c,469,477,6,multi-session,FULL96,0.5,0.16666666666666666,0.16666666666666666,0.0,,,,0.19972442860041528,0.09671552629847951,nan
gpt4_a56e767c,gpt4_a56e767c,469,477,6,multi-session,FULL96,1.0,0.16666666666666666,0.16666666666666666,0.0,0.1666666666666666,0.1666666666666666,0.0,0.19972442860041528,0.09671552629847951,nan
gpt4_a56e767c,gpt4_a56e767c,469,477,6,multi-session,FULL96,2.0,0.16666666666666666,0.16666666666666666,0.0,,,,0.19972442860041528,0.09671552629847951,nan
gpt4_a56e767c,gpt4_a56e767c,469,477,6,multi-session,FULL96,4.0,0.16666666666666666,0.16666666666666666,0.0,0.1666666666666666,0.1666666666666666,0.0,0.19972442860041528,0.09671552629847951,nan
gpt4_ab202e7f,gpt4_ab202e7f,470,481,5,multi-session,LOW48,0.25,0.4,0.2,0.2,0.4000000000000001,0.20000000000000004,0.20000000000000004,0.07804168145555557,0.07298603272450589,0.1157154668580461
gpt4_ab202e7f,gpt4_ab202e7f,470,481,5,multi-session,LOW48,0.5,0.4,0.2,0.2,,,,0.07804168145555557,0.07298603272450589,0.1157154668580461
gpt4_ab202e7f,gpt4_ab202e7f,470,481,5,multi-session,LOW48,1.0,0.4,0.2,0.2,0.4000000000000001,0.20000000000000004,0.20000000000000004,0.07804168145555557,0.07298603272450589,0.1157154668580461
gpt4_ab202e7f,gpt4_ab202e7f,470,481,5,multi-session,LOW48,2.0,0.4,0.2,0.2,,,,0.07804168145555557,0.07298603272450589,0.1157154668580461
gpt4_ab202e7f,gpt4_ab202e7f,470,481,5,multi-session,LOW48,4.0,0.4,0.4,0.0,0.4000000000000001,0.4000000000000001,0.0,0.07804168145555557,0.07298603272450589,0.1157154668580461
gpt4_ab202e7f,gpt4_ab202e7f,470,481,5,multi-session,HIGH48,0.25,0.4,0.4,0.0,0.4000000000000001,0.4000000000000001,0.0,0.07804168145555557,0.1157154668580461,0.07298603272450589
gpt4_ab202e7f,gpt4_ab202e7f,470,481,5,multi-session,HIGH48,0.5,0.4,0.2,0.2,,,,0.07804168145555557,0.1157154668580461,0.07298603272450589
gpt4_ab202e7f,gpt4_ab202e7f,470,481,5,multi-session,HIGH48,1.0,0.4,0.2,0.2,0.4000000000000001,0.20000000000000004,0.20000000000000004,0.07804168145555557,0.1157154668580461,0.07298603272450589
gpt4_ab202e7f,gpt4_ab202e7f,470,481,5,multi-session,HIGH48,2.0,0.4,0.2,0.2,,,,0.07804168145555557,0.1157154668580461,0.07298603272450589
gpt4_ab202e7f,gpt4_ab202e7f,470,481,5,multi-session,HIGH48,4.0,0.4,0.2,0.2,0.4000000000000001,0.20000000000000004,0.20000000000000004,0.07804168145555557,0.1157154668580461,0.07298603272450589
gpt4_ab202e7f,gpt4_ab202e7f,470,481,5,multi-session,FULL96,0.25,0.4,0.2,0.2,0.4000000000000001,0.20000000000000004,0.20000000000000004,0.07804168145555557,0.09673941865402698,nan
gpt4_ab202e7f,gpt4_ab202e7f,470,481,5,multi-session,FULL96,0.5,0.4,0.2,0.2,,,,0.07804168145555557,0.09673941865402698,nan
gpt4_ab202e7f,gpt4_ab202e7f,470,481,5,multi-session,FULL96,1.0,0.4,0.2,0.2,0.4000000000000001,0.20000000000000004,0.20000000000000004,0.07804168145555557,0.09673941865402698,nan
gpt4_ab202e7f,gpt4_ab202e7f,470,481,5,multi-session,FULL96,2.0,0.4,0.2,0.2,,,,0.07804168145555557,0.09673941865402698,nan
gpt4_ab202e7f,gpt4_ab202e7f,470,481,5,multi-session,FULL96,4.0,0.4,0.2,0.2,0.4000000000000001,0.20000000000000004,0.20000000000000004,0.07804168145555557,0.09673941865402698,nan
gpt4_af6db32f,gpt4_af6db32f,471,476,1,temporal-reasoning,LOW48,0.25,1.0,1.0,0.0,1.0,1.0,0.0,0.09563853240838031,0.07008413366924676,0.11772387167927835
gpt4_af6db32f,gpt4_af6db32f,471,476,1,temporal-reasoning,LOW48,0.5,1.0,1.0,0.0,,,,0.09563853240838031,0.07008413366924676,0.11772387167927835
gpt4_af6db32f,gpt4_af6db32f,471,476,1,temporal-reasoning,LOW48,1.0,1.0,1.0,0.0,1.0,1.0,0.0,0.09563853240838031,0.07008413366924676,0.11772387167927835
gpt4_af6db32f,gpt4_af6db32f,471,476,1,temporal-reasoning,LOW48,2.0,1.0,1.0,0.0,,,,0.09563853240838031,0.07008413366924676,0.11772387167927835
gpt4_af6db32f,gpt4_af6db32f,471,476,1,temporal-reasoning,LOW48,4.0,1.0,1.0,0.0,1.0,1.0,0.0,0.09563853240838031,0.07008413366924676,0.11772387167927835
gpt4_af6db32f,gpt4_af6db32f,471,476,1,temporal-reasoning,HIGH48,0.25,1.0,1.0,0.0,1.0,1.0,0.0,0.09563853240838031,0.11772387167927835,0.07008413366924676
gpt4_af6db32f,gpt4_af6db32f,471,476,1,temporal-reasoning,HIGH48,0.5,1.0,1.0,0.0,,,,0.09563853240838031,0.11772387167927835,0.07008413366924676
gpt4_af6db32f,gpt4_af6db32f,471,476,1,temporal-reasoning,HIGH48,1.0,1.0,1.0,0.0,1.0,1.0,0.0,0.09563853240838031,0.11772387167927835,0.07008413366924676
gpt4_af6db32f,gpt4_af6db32f,471,476,1,temporal-reasoning,HIGH48,2.0,1.0,1.0,0.0,,,,0.09563853240838031,0.11772387167927835,0.07008413366924676
gpt4_af6db32f,gpt4_af6db32f,471,476,1,temporal-reasoning,HIGH48,4.0,1.0,1.0,0.0,1.0,1.0,0.0,0.09563853240838031,0.11772387167927835,0.07008413366924676
gpt4_af6db32f,gpt4_af6db32f,471,476,1,temporal-reasoning,FULL96,0.25,1.0,1.0,0.0,1.0,1.0,0.0,0.09563853240838031,0.09687800512842955,nan
gpt4_af6db32f,gpt4_af6db32f,471,476,1,temporal-reasoning,FULL96,0.5,1.0,1.0,0.0,,,,0.09563853240838031,0.09687800512842955,nan
gpt4_af6db32f,gpt4_af6db32f,471,476,1,temporal-reasoning,FULL96,1.0,1.0,1.0,0.0,1.0,1.0,0.0,0.09563853240838031,0.09687800512842955,nan
gpt4_af6db32f,gpt4_af6db32f,471,476,1,temporal-reasoning,FULL96,2.0,1.0,1.0,0.0,,,,0.09563853240838031,0.09687800512842955,nan
gpt4_af6db32f,gpt4_af6db32f,471,476,1,temporal-reasoning,FULL96,4.0,1.0,1.0,0.0,1.0,1.0,0.0,0.09563853240838031,0.09687800512842955,nan
gpt4_b0863698,gpt4_b0863698,472,457,1,temporal-reasoning,LOW48,0.25,1.0,0.0,1.0,1.0,0.0,1.0,0.08238510639903672,0.06940209982044837,0.11755308926101762
gpt4_b0863698,gpt4_b0863698,472,457,1,temporal-reasoning,LOW48,0.5,1.0,0.0,1.0,,,,0.08238510639903672,0.06940209982044837,0.11755308926101762
gpt4_b0863698,gpt4_b0863698,472,457,1,temporal-reasoning,LOW48,1.0,1.0,0.0,1.0,1.0,0.0,1.0,0.08238510639903672,0.06940209982044837,0.11755308926101762
gpt4_b0863698,gpt4_b0863698,472,457,1,temporal-reasoning,LOW48,2.0,1.0,0.0,1.0,,,,0.08238510639903672,0.06940209982044837,0.11755308926101762
gpt4_b0863698,gpt4_b0863698,472,457,1,temporal-reasoning,LOW48,4.0,1.0,1.0,0.0,1.0,1.0,0.0,0.08238510639903672,0.06940209982044837,0.11755308926101762
gpt4_b0863698,gpt4_b0863698,472,457,1,temporal-reasoning,HIGH48,0.25,1.0,1.0,0.0,1.0,1.0,0.0,0.08238510639903672,0.11755308926101765,0.06940209982044837
gpt4_b0863698,gpt4_b0863698,472,457,1,temporal-reasoning,HIGH48,0.5,1.0,0.0,1.0,,,,0.08238510639903672,0.11755308926101765,0.06940209982044837
gpt4_b0863698,gpt4_b0863698,472,457,1,temporal-reasoning,HIGH48,1.0,1.0,0.0,1.0,1.0,0.0,1.0,0.08238510639903672,0.11755308926101765,0.06940209982044837
gpt4_b0863698,gpt4_b0863698,472,457,1,temporal-reasoning,HIGH48,2.0,1.0,0.0,1.0,,,,0.08238510639903672,0.11755308926101765,0.06940209982044837
gpt4_b0863698,gpt4_b0863698,472,457,1,temporal-reasoning,HIGH48,4.0,1.0,0.0,1.0,1.0,0.0,1.0,0.08238510639903672,0.11755308926101765,0.06940209982044837
gpt4_b0863698,gpt4_b0863698,472,457,1,temporal-reasoning,FULL96,0.25,1.0,0.0,1.0,1.0,0.0,1.0,0.08238510639903672,0.0965281830718269,nan
gpt4_b0863698,gpt4_b0863698,472,457,1,temporal-reasoning,FULL96,0.5,1.0,0.0,1.0,,,,0.08238510639903672,0.0965281830718269,nan
gpt4_b0863698,gpt4_b0863698,472,457,1,temporal-reasoning,FULL96,1.0,1.0,0.0,1.0,1.0,0.0,1.0,0.08238510639903672,0.0965281830718269,nan
gpt4_b0863698,gpt4_b0863698,472,457,1,temporal-reasoning,FULL96,2.0,1.0,0.0,1.0,,,,0.08238510639903672,0.0965281830718269,nan
gpt4_b0863698,gpt4_b0863698,472,457,1,temporal-reasoning,FULL96,4.0,1.0,0.0,1.0,1.0,0.0,1.0,0.08238510639903672,0.0965281830718269,nan
gpt4_b4a80587,gpt4_b4a80587,473,542,2,temporal-reasoning,LOW48,0.25,0.0,0.0,0.0,0.0,0.0,0.0,0.07357291616205688,0.07004615988649582,0.11645784345354576
gpt4_b4a80587,gpt4_b4a80587,473,542,2,temporal-reasoning,LOW48,0.5,0.0,0.0,0.0,,,,0.07357291616205688,0.07004615988649582,0.11645784345354576
gpt4_b4a80587,gpt4_b4a80587,473,542,2,temporal-reasoning,LOW48,1.0,0.0,0.0,0.0,0.0,0.0,0.0,0.07357291616205688,0.07004615988649582,0.11645784345354576
gpt4_b4a80587,gpt4_b4a80587,473,542,2,temporal-reasoning,LOW48,2.0,0.0,0.0,0.0,,,,0.07357291616205688,0.07004615988649582,0.11645784345354576
gpt4_b4a80587,gpt4_b4a80587,473,542,2,temporal-reasoning,LOW48,4.0,0.0,0.5,-0.5,0.0,0.5,-0.5,0.07357291616205688,0.07004615988649582,0.11645784345354576
gpt4_b4a80587,gpt4_b4a80587,473,542,2,temporal-reasoning,HIGH48,0.25,0.0,0.5,-0.5,0.0,0.5,-0.5,0.07357291616205688,0.11645784345354575,0.07004615988649582
gpt4_b4a80587,gpt4_b4a80587,473,542,2,temporal-reasoning,HIGH48,0.5,0.0,0.0,0.0,,,,0.07357291616205688,0.11645784345354575,0.07004615988649582
gpt4_b4a80587,gpt4_b4a80587,473,542,2,temporal-reasoning,HIGH48,1.0,0.0,0.0,0.0,0.0,0.0,0.0,0.07357291616205688,0.11645784345354575,0.07004615988649582
gpt4_b4a80587,gpt4_b4a80587,473,542,2,temporal-reasoning,HIGH48,2.0,0.0,0.0,0.0,,,,0.07357291616205688,0.11645784345354575,0.07004615988649582
gpt4_b4a80587,gpt4_b4a80587,473,542,2,temporal-reasoning,HIGH48,4.0,0.0,0.0,0.0,0.0,0.0,0.0,0.07357291616205688,0.11645784345354575,0.07004615988649582
gpt4_b4a80587,gpt4_b4a80587,473,542,2,temporal-reasoning,FULL96,0.25,0.0,0.0,0.0,0.0,0.0,0.0,0.07357291616205688,0.09609602961802093,nan
gpt4_b4a80587,gpt4_b4a80587,473,542,2,temporal-reasoning,FULL96,0.5,0.0,0.0,0.0,,,,0.07357291616205688,0.09609602961802093,nan
gpt4_b4a80587,gpt4_b4a80587,473,542,2,temporal-reasoning,FULL96,1.0,0.0,0.0,0.0,0.0,0.0,0.0,0.07357291616205688,0.09609602961802093,nan
gpt4_b4a80587,gpt4_b4a80587,473,542,2,temporal-reasoning,FULL96,2.0,0.0,0.0,0.0,,,,0.07357291616205688,0.09609602961802093,nan
gpt4_b4a80587,gpt4_b4a80587,473,542,2,temporal-reasoning,FULL96,4.0,0.0,0.0,0.0,0.0,0.0,0.0,0.07357291616205688,0.09609602961802093,nan
gpt4_b5700ca0,gpt4_b5700ca0,474,500,1,temporal-reasoning,LOW48,0.25,0.0,0.0,0.0,0.0,0.0,0.0,0.09930640887826009,0.0713935141374416,0.1162168625285512
gpt4_b5700ca0,gpt4_b5700ca0,474,500,1,temporal-reasoning,LOW48,0.5,0.0,0.0,0.0,,,,0.09930640887826009,0.0713935141374416,0.1162168625285512
gpt4_b5700ca0,gpt4_b5700ca0,474,500,1,temporal-reasoning,LOW48,1.0,0.0,0.0,0.0,0.0,0.0,0.0,0.09930640887826009,0.0713935141374416,0.1162168625285512
gpt4_b5700ca0,gpt4_b5700ca0,474,500,1,temporal-reasoning,LOW48,2.0,0.0,0.0,0.0,,,,0.09930640887826009,0.0713935141374416,0.1162168625285512
gpt4_b5700ca0,gpt4_b5700ca0,474,500,1,temporal-reasoning,LOW48,4.0,0.0,0.0,0.0,0.0,0.0,0.0,0.09930640887826009,0.0713935141374416,0.1162168625285512
gpt4_b5700ca0,gpt4_b5700ca0,474,500,1,temporal-reasoning,HIGH48,0.25,0.0,0.0,0.0,0.0,0.0,0.0,0.09930640887826009,0.1162168625285512,0.0713935141374416
gpt4_b5700ca0,gpt4_b5700ca0,474,500,1,temporal-reasoning,HIGH48,0.5,0.0,0.0,0.0,,,,0.09930640887826009,0.1162168625285512,0.0713935141374416
gpt4_b5700ca0,gpt4_b5700ca0,474,500,1,temporal-reasoning,HIGH48,1.0,0.0,0.0,0.0,0.0,0.0,0.0,0.09930640887826009,0.1162168625285512,0.0713935141374416
gpt4_b5700ca0,gpt4_b5700ca0,474,500,1,temporal-reasoning,HIGH48,2.0,0.0,0.0,0.0,,,,0.09930640887826009,0.1162168625285512,0.0713935141374416
gpt4_b5700ca0,gpt4_b5700ca0,474,500,1,temporal-reasoning,HIGH48,4.0,0.0,0.0,0.0,0.0,0.0,0.0,0.09930640887826009,0.1162168625285512,0.0713935141374416
gpt4_b5700ca0,gpt4_b5700ca0,474,500,1,temporal-reasoning,FULL96,0.25,0.0,0.0,0.0,0.0,0.0,0.0,0.09930640887826009,0.09644530314347413,nan
gpt4_b5700ca0,gpt4_b5700ca0,474,500,1,temporal-reasoning,FULL96,0.5,0.0,0.0,0.0,,,,0.09930640887826009,0.09644530314347413,nan
gpt4_b5700ca0,gpt4_b5700ca0,474,500,1,temporal-reasoning,FULL96,1.0,0.0,0.0,0.0,0.0,0.0,0.0,0.09930640887826009,0.09644530314347413,nan
gpt4_b5700ca0,gpt4_b5700ca0,474,500,1,temporal-reasoning,FULL96,2.0,0.0,0.0,0.0,,,,0.09930640887826009,0.09644530314347413,nan
gpt4_b5700ca0,gpt4_b5700ca0,474,500,1,temporal-reasoning,FULL96,4.0,0.0,0.0,0.0,0.0,0.0,0.0,0.09930640887826009,0.09644530314347413,nan
gpt4_b5700ca9,gpt4_b5700ca9,475,537,1,temporal-reasoning,LOW48,0.25,1.0,1.0,0.0,1.0,1.0,0.0,0.06116028128375902,0.06668143524286872,0.1183189908935908
gpt4_b5700ca9,gpt4_b5700ca9,475,537,1,temporal-reasoning,LOW48,0.5,1.0,1.0,0.0,,,,0.06116028128375902,0.06668143524286872,0.1183189908935908
gpt4_b5700ca9,gpt4_b5700ca9,475,537,1,temporal-reasoning,LOW48,1.0,1.0,1.0,0.0,1.0,1.0,0.0,0.06116028128375902,0.06668143524286872,0.1183189908935908
gpt4_b5700ca9,gpt4_b5700ca9,475,537,1,temporal-reasoning,LOW48,2.0,1.0,1.0,0.0,,,,0.06116028128375902,0.06668143524286872,0.1183189908935908
gpt4_b5700ca9,gpt4_b5700ca9,475,537,1,temporal-reasoning,LOW48,4.0,1.0,1.0,0.0,1.0,1.0,0.0,0.06116028128375902,0.06668143524286872,0.1183189908935908
gpt4_b5700ca9,gpt4_b5700ca9,475,537,1,temporal-reasoning,HIGH48,0.25,1.0,1.0,0.0,1.0,1.0,0.0,0.06116028128375902,0.1183189908935908,0.06668143524286872
gpt4_b5700ca9,gpt4_b5700ca9,475,537,1,temporal-reasoning,HIGH48,0.5,1.0,1.0,0.0,,,,0.06116028128375902,0.1183189908935908,0.06668143524286872
gpt4_b5700ca9,gpt4_b5700ca9,475,537,1,temporal-reasoning,HIGH48,1.0,1.0,1.0,0.0,1.0,1.0,0.0,0.06116028128375902,0.1183189908935908,0.06668143524286872
gpt4_b5700ca9,gpt4_b5700ca9,475,537,1,temporal-reasoning,HIGH48,2.0,1.0,1.0,0.0,,,,0.06116028128375902,0.1183189908935908,0.06668143524286872
gpt4_b5700ca9,gpt4_b5700ca9,475,537,1,temporal-reasoning,HIGH48,4.0,1.0,1.0,0.0,1.0,1.0,0.0,0.06116028128375902,0.1183189908935908,0.06668143524286872
gpt4_b5700ca9,gpt4_b5700ca9,475,537,1,temporal-reasoning,FULL96,0.25,1.0,1.0,0.0,1.0,1.0,0.0,0.06116028128375902,0.09603592403920139,nan
gpt4_b5700ca9,gpt4_b5700ca9,475,537,1,temporal-reasoning,FULL96,0.5,1.0,1.0,0.0,,,,0.06116028128375902,0.09603592403920139,nan
gpt4_b5700ca9,gpt4_b5700ca9,475,537,1,temporal-reasoning,FULL96,1.0,1.0,1.0,0.0,1.0,1.0,0.0,0.06116028128375902,0.09603592403920139,nan
gpt4_b5700ca9,gpt4_b5700ca9,475,537,1,temporal-reasoning,FULL96,2.0,1.0,1.0,0.0,,,,0.06116028128375902,0.09603592403920139,nan
gpt4_b5700ca9,gpt4_b5700ca9,475,537,1,temporal-reasoning,FULL96,4.0,1.0,1.0,0.0,1.0,1.0,0.0,0.06116028128375902,0.09603592403920139,nan
gpt4_c27434e8,gpt4_c27434e8,476,500,2,temporal-reasoning,LOW48,0.25,0.5,0.5,0.0,0.5,0.5,0.0,0.15189288452406435,0.0753276813113474,0.11296635318010906
gpt4_c27434e8,gpt4_c27434e8,476,500,2,temporal-reasoning,LOW48,0.5,0.5,0.5,0.0,,,,0.15189288452406435,0.0753276813113474,0.11296635318010906
gpt4_c27434e8,gpt4_c27434e8,476,500,2,temporal-reasoning,LOW48,1.0,0.5,0.5,0.0,0.5,0.5,0.0,0.15189288452406435,0.0753276813113474,0.11296635318010906
gpt4_c27434e8,gpt4_c27434e8,476,500,2,temporal-reasoning,LOW48,2.0,0.5,0.5,0.0,,,,0.15189288452406435,0.0753276813113474,0.11296635318010906
gpt4_c27434e8,gpt4_c27434e8,476,500,2,temporal-reasoning,LOW48,4.0,0.5,0.5,0.0,0.5,0.5,0.0,0.15189288452406435,0.0753276813113474,0.11296635318010906
gpt4_c27434e8,gpt4_c27434e8,476,500,2,temporal-reasoning,HIGH48,0.25,0.5,0.5,0.0,0.5,0.5,0.0,0.15189288452406435,0.11296635318010906,0.0753276813113474
gpt4_c27434e8,gpt4_c27434e8,476,500,2,temporal-reasoning,HIGH48,0.5,0.5,0.5,0.0,,,,0.15189288452406435,0.11296635318010906,0.0753276813113474
gpt4_c27434e8,gpt4_c27434e8,476,500,2,temporal-reasoning,HIGH48,1.0,0.5,0.5,0.0,0.5,0.5,0.0,0.15189288452406435,0.11296635318010906,0.0753276813113474
gpt4_c27434e8,gpt4_c27434e8,476,500,2,temporal-reasoning,HIGH48,2.0,0.5,0.5,0.0,,,,0.15189288452406435,0.11296635318010906,0.0753276813113474
gpt4_c27434e8,gpt4_c27434e8,476,500,2,temporal-reasoning,HIGH48,4.0,0.5,0.5,0.0,0.5,0.5,0.0,0.15189288452406435,0.11296635318010906,0.0753276813113474
gpt4_c27434e8,gpt4_c27434e8,476,500,2,temporal-reasoning,FULL96,0.25,0.5,0.5,0.0,0.5,0.5,0.0,0.15189288452406435,0.09600952172195487,nan
gpt4_c27434e8,gpt4_c27434e8,476,500,2,temporal-reasoning,FULL96,0.5,0.5,0.5,0.0,,,,0.15189288452406435,0.09600952172195487,nan
gpt4_c27434e8,gpt4_c27434e8,476,500,2,temporal-reasoning,FULL96,1.0,0.5,0.5,0.0,0.5,0.5,0.0,0.15189288452406435,0.09600952172195487,nan
gpt4_c27434e8,gpt4_c27434e8,476,500,2,temporal-reasoning,FULL96,2.0,0.5,0.5,0.0,,,,0.15189288452406435,0.09600952172195487,nan
gpt4_c27434e8,gpt4_c27434e8,476,500,2,temporal-reasoning,FULL96,4.0,0.5,0.5,0.0,0.5,0.5,0.0,0.15189288452406435,0.09600952172195487,nan
gpt4_cd90e484,gpt4_cd90e484,478,508,2,temporal-reasoning,LOW48,0.25,1.0,0.5,0.5,1.0,0.5,0.5,0.09047553931050127,0.07459756285974546,0.1136038771473623
gpt4_cd90e484,gpt4_cd90e484,478,508,2,temporal-reasoning,LOW48,0.5,1.0,0.5,0.5,,,,0.09047553931050127,0.07459756285974546,0.1136038771473623
gpt4_cd90e484,gpt4_cd90e484,478,508,2,temporal-reasoning,LOW48,1.0,1.0,0.5,0.5,1.0,0.5,0.5,0.09047553931050127,0.07459756285974546,0.1136038771473623
gpt4_cd90e484,gpt4_cd90e484,478,508,2,temporal-reasoning,LOW48,2.0,1.0,0.5,0.5,,,,0.09047553931050127,0.07459756285974546,0.1136038771473623
gpt4_cd90e484,gpt4_cd90e484,478,508,2,temporal-reasoning,LOW48,4.0,1.0,1.0,0.0,1.0,1.0,0.0,0.09047553931050127,0.07459756285974546,0.1136038771473623
gpt4_cd90e484,gpt4_cd90e484,478,508,2,temporal-reasoning,HIGH48,0.25,1.0,1.0,0.0,1.0,1.0,0.0,0.09047553931050127,0.11360387714736231,0.07459756285974545
gpt4_cd90e484,gpt4_cd90e484,478,508,2,temporal-reasoning,HIGH48,0.5,1.0,0.5,0.5,,,,0.09047553931050127,0.11360387714736231,0.07459756285974545
gpt4_cd90e484,gpt4_cd90e484,478,508,2,temporal-reasoning,HIGH48,1.0,1.0,0.5,0.5,1.0,0.5,0.5,0.09047553931050127,0.11360387714736231,0.07459756285974545
gpt4_cd90e484,gpt4_cd90e484,478,508,2,temporal-reasoning,HIGH48,2.0,1.0,0.5,0.5,,,,0.09047553931050127,0.11360387714736231,0.07459756285974545
gpt4_cd90e484,gpt4_cd90e484,478,508,2,temporal-reasoning,HIGH48,4.0,1.0,0.5,0.5,1.0,0.5,0.5,0.09047553931050127,0.11360387714736231,0.07459756285974545
gpt4_cd90e484,gpt4_cd90e484,478,508,2,temporal-reasoning,FULL96,0.25,1.0,0.5,0.5,1.0,0.5,0.5,0.09047553931050127,0.09610056526245478,nan
gpt4_cd90e484,gpt4_cd90e484,478,508,2,temporal-reasoning,FULL96,0.5,1.0,0.5,0.5,,,,0.09047553931050127,0.09610056526245478,nan
gpt4_cd90e484,gpt4_cd90e484,478,508,2,temporal-reasoning,FULL96,1.0,1.0,0.5,0.5,1.0,0.5,0.5,0.09047553931050127,0.09610056526245478,nan
gpt4_cd90e484,gpt4_cd90e484,478,508,2,temporal-reasoning,FULL96,2.0,1.0,0.5,0.5,,,,0.09047553931050127,0.09610056526245478,nan
gpt4_cd90e484,gpt4_cd90e484,478,508,2,temporal-reasoning,FULL96,4.0,1.0,0.5,0.5,1.0,0.5,0.5,0.09047553931050127,0.09610056526245478,nan
gpt4_d12ceb0e,gpt4_d12ceb0e,479,477,3,multi-session,LOW48,0.25,0.0,0.0,0.0,0.0,0.0,0.0,0.10797081159230407,0.07159315968003471,0.11621118786222488
gpt4_d12ceb0e,gpt4_d12ceb0e,479,477,3,multi-session,LOW48,0.5,0.0,0.0,0.0,,,,0.10797081159230407,0.07159315968003471,0.11621118786222488
gpt4_d12ceb0e,gpt4_d12ceb0e,479,477,3,multi-session,LOW48,1.0,0.0,0.0,0.0,0.0,0.0,0.0,0.10797081159230407,0.07159315968003471,0.11621118786222488
gpt4_d12ceb0e,gpt4_d12ceb0e,479,477,3,multi-session,LOW48,2.0,0.0,0.0,0.0,,,,0.10797081159230407,0.07159315968003471,0.11621118786222488
gpt4_d12ceb0e,gpt4_d12ceb0e,479,477,3,multi-session,LOW48,4.0,0.0,0.0,0.0,0.0,0.0,0.0,0.10797081159230407,0.07159315968003471,0.11621118786222488
gpt4_d12ceb0e,gpt4_d12ceb0e,479,477,3,multi-session,HIGH48,0.25,0.0,0.0,0.0,0.0,0.0,0.0,0.10797081159230407,0.11621118786222488,0.07159315968003471
gpt4_d12ceb0e,gpt4_d12ceb0e,479,477,3,multi-session,HIGH48,0.5,0.0,0.0,0.0,,,,0.10797081159230407,0.11621118786222488,0.07159315968003471
gpt4_d12ceb0e,gpt4_d12ceb0e,479,477,3,multi-session,HIGH48,1.0,0.0,0.0,0.0,0.0,0.0,0.0,0.10797081159230407,0.11621118786222488,0.07159315968003471
gpt4_d12ceb0e,gpt4_d12ceb0e,479,477,3,multi-session,HIGH48,2.0,0.0,0.0,0.0,,,,0.10797081159230407,0.11621118786222488,0.07159315968003471
gpt4_d12ceb0e,gpt4_d12ceb0e,479,477,3,multi-session,HIGH48,4.0,0.0,0.0,0.0,0.0,0.0,0.0,0.10797081159230407,0.11621118786222488,0.07159315968003471
gpt4_d12ceb0e,gpt4_d12ceb0e,479,477,3,multi-session,FULL96,0.25,0.0,0.0,0.0,0.0,0.0,0.0,0.10797081159230407,0.0965158554262466,nan
gpt4_d12ceb0e,gpt4_d12ceb0e,479,477,3,multi-session,FULL96,0.5,0.0,0.0,0.0,,,,0.10797081159230407,0.0965158554262466,nan
gpt4_d12ceb0e,gpt4_d12ceb0e,479,477,3,multi-session,FULL96,1.0,0.0,0.0,0.0,0.0,0.0,0.0,0.10797081159230407,0.0965158554262466,nan
gpt4_d12ceb0e,gpt4_d12ceb0e,479,477,3,multi-session,FULL96,2.0,0.0,0.0,0.0,,,,0.10797081159230407,0.0965158554262466,nan
gpt4_d12ceb0e,gpt4_d12ceb0e,479,477,3,multi-session,FULL96,4.0,0.0,0.0,0.0,0.0,0.0,0.0,0.10797081159230407,0.0965158554262466,nan
gpt4_d31cdae3,gpt4_d31cdae3,480,480,2,temporal-reasoning,LOW48,0.25,1.0,0.5,0.5,1.0,0.5,0.5,0.08916974746699771,0.06998569406843523,0.11650522334645058
gpt4_d31cdae3,gpt4_d31cdae3,480,480,2,temporal-reasoning,LOW48,0.5,1.0,0.5,0.5,,,,0.08916974746699771,0.06998569406843523,0.11650522334645058
gpt4_d31cdae3,gpt4_d31cdae3,480,480,2,temporal-reasoning,LOW48,1.0,1.0,0.5,0.5,1.0,0.5,0.5,0.08916974746699771,0.06998569406843523,0.11650522334645058
gpt4_d31cdae3,gpt4_d31cdae3,480,480,2,temporal-reasoning,LOW48,2.0,1.0,0.5,0.5,,,,0.08916974746699771,0.06998569406843523,0.11650522334645058
gpt4_d31cdae3,gpt4_d31cdae3,480,480,2,temporal-reasoning,LOW48,4.0,1.0,0.5,0.5,1.0,0.5,0.5,0.08916974746699771,0.06998569406843523,0.11650522334645058
gpt4_d31cdae3,gpt4_d31cdae3,480,480,2,temporal-reasoning,HIGH48,0.25,1.0,0.5,0.5,1.0,0.5,0.5,0.08916974746699771,0.11650522334645058,0.06998569406843523
gpt4_d31cdae3,gpt4_d31cdae3,480,480,2,temporal-reasoning,HIGH48,0.5,1.0,0.5,0.5,,,,0.08916974746699771,0.11650522334645058,0.06998569406843523
gpt4_d31cdae3,gpt4_d31cdae3,480,480,2,temporal-reasoning,HIGH48,1.0,1.0,0.5,0.5,1.0,0.5,0.5,0.08916974746699771,0.11650522334645058,0.06998569406843523
gpt4_d31cdae3,gpt4_d31cdae3,480,480,2,temporal-reasoning,HIGH48,2.0,1.0,0.5,0.5,,,,0.08916974746699771,0.11650522334645058,0.06998569406843523
gpt4_d31cdae3,gpt4_d31cdae3,480,480,2,temporal-reasoning,HIGH48,4.0,1.0,0.5,0.5,1.0,0.5,0.5,0.08916974746699771,0.11650522334645058,0.06998569406843523
gpt4_d31cdae3,gpt4_d31cdae3,480,480,2,temporal-reasoning,FULL96,0.25,1.0,0.5,0.5,1.0,0.5,0.5,0.08916974746699771,0.09610271703039136,nan
gpt4_d31cdae3,gpt4_d31cdae3,480,480,2,temporal-reasoning,FULL96,0.5,1.0,0.5,0.5,,,,0.08916974746699771,0.09610271703039136,nan
gpt4_d31cdae3,gpt4_d31cdae3,480,480,2,temporal-reasoning,FULL96,1.0,1.0,0.5,0.5,1.0,0.5,0.5,0.08916974746699771,0.09610271703039136,nan
gpt4_d31cdae3,gpt4_d31cdae3,480,480,2,temporal-reasoning,FULL96,2.0,1.0,0.5,0.5,,,,0.08916974746699771,0.09610271703039136,nan
gpt4_d31cdae3,gpt4_d31cdae3,480,480,2,temporal-reasoning,FULL96,4.0,1.0,0.5,0.5,1.0,0.5,0.5,0.08916974746699771,0.09610271703039136,nan
gpt4_d6585ce8,gpt4_d6585ce8,481,491,5,temporal-reasoning,LOW48,0.25,0.1,0.0,0.1,0.12,0.0,0.12,0.07725431504647334,0.06309465543445461,0.12141496337096155
gpt4_d6585ce8,gpt4_d6585ce8,481,491,5,temporal-reasoning,LOW48,0.5,0.1,0.0,0.1,,,,0.07725431504647334,0.06309465543445461,0.12141496337096155
gpt4_d6585ce8,gpt4_d6585ce8,481,491,5,temporal-reasoning,LOW48,1.0,0.1,0.0,0.1,0.12,0.0,0.12,0.07725431504647334,0.06309465543445461,0.12141496337096155
gpt4_d6585ce8,gpt4_d6585ce8,481,491,5,temporal-reasoning,LOW48,2.0,0.1,0.0,0.1,,,,0.07725431504647334,0.06309465543445461,0.12141496337096155
gpt4_d6585ce8,gpt4_d6585ce8,481,491,5,temporal-reasoning,LOW48,4.0,0.1,0.0,0.1,0.12,0.0,0.12,0.07725431504647334,0.06309465543445461,0.12141496337096155
gpt4_d6585ce8,gpt4_d6585ce8,481,491,5,temporal-reasoning,HIGH48,0.25,0.1,0.0,0.1,0.12,0.0,0.12,0.07725431504647334,0.12141496337096157,0.06309465543445461
gpt4_d6585ce8,gpt4_d6585ce8,481,491,5,temporal-reasoning,HIGH48,0.5,0.1,0.0,0.1,,,,0.07725431504647334,0.12141496337096157,0.06309465543445461
gpt4_d6585ce8,gpt4_d6585ce8,481,491,5,temporal-reasoning,HIGH48,1.0,0.1,0.0,0.1,0.12,0.0,0.12,0.07725431504647334,0.12141496337096157,0.06309465543445461
gpt4_d6585ce8,gpt4_d6585ce8,481,491,5,temporal-reasoning,HIGH48,2.0,0.1,0.0,0.1,,,,0.07725431504647334,0.12141496337096157,0.06309465543445461
gpt4_d6585ce8,gpt4_d6585ce8,481,491,5,temporal-reasoning,HIGH48,4.0,0.1,0.0,0.1,0.12,0.0,0.12,0.07725431504647334,0.12141496337096157,0.06309465543445461
gpt4_d6585ce8,gpt4_d6585ce8,481,491,5,temporal-reasoning,FULL96,0.25,0.1,0.0,0.1,0.12,0.0,0.12,0.07725431504647334,0.0967536275153663,nan
gpt4_d6585ce8,gpt4_d6585ce8,481,491,5,temporal-reasoning,FULL96,0.5,0.1,0.0,0.1,,,,0.07725431504647334,0.0967536275153663,nan
gpt4_d6585ce8,gpt4_d6585ce8,481,491,5,temporal-reasoning,FULL96,1.0,0.1,0.0,0.1,0.12,0.0,0.12,0.07725431504647334,0.0967536275153663,nan
gpt4_d6585ce8,gpt4_d6585ce8,481,491,5,temporal-reasoning,FULL96,2.0,0.1,0.0,0.1,,,,0.07725431504647334,0.0967536275153663,nan
gpt4_d6585ce8,gpt4_d6585ce8,481,491,5,temporal-reasoning,FULL96,4.0,0.1,0.0,0.1,0.12,0.0,0.12,0.07725431504647334,0.0967536275153663,nan
gpt4_d6585ce9,gpt4_d6585ce9,482,438,1,temporal-reasoning,LOW48,0.25,0.0,0.0,0.0,0.0,0.0,0.0,0.09645872638892579,0.07260644719878818,0.11536900005773391
gpt4_d6585ce9,gpt4_d6585ce9,482,438,1,temporal-reasoning,LOW48,0.5,0.0,0.0,0.0,,,,0.09645872638892579,0.07260644719878818,0.11536900005773391
gpt4_d6585ce9,gpt4_d6585ce9,482,438,1,temporal-reasoning,LOW48,1.0,0.0,0.0,0.0,0.0,0.0,0.0,0.09645872638892579,0.07260644719878818,0.11536900005773391
gpt4_d6585ce9,gpt4_d6585ce9,482,438,1,temporal-reasoning,LOW48,2.0,0.0,0.0,0.0,,,,0.09645872638892579,0.07260644719878818,0.11536900005773391
gpt4_d6585ce9,gpt4_d6585ce9,482,438,1,temporal-reasoning,LOW48,4.0,0.0,0.0,0.0,0.0,0.0,0.0,0.09645872638892579,0.07260644719878818,0.11536900005773391
gpt4_d6585ce9,gpt4_d6585ce9,482,438,1,temporal-reasoning,HIGH48,0.25,0.0,0.0,0.0,0.0,0.0,0.0,0.09645872638892579,0.11536900005773393,0.07260644719878818
gpt4_d6585ce9,gpt4_d6585ce9,482,438,1,temporal-reasoning,HIGH48,0.5,0.0,0.0,0.0,,,,0.09645872638892579,0.11536900005773393,0.07260644719878818
gpt4_d6585ce9,gpt4_d6585ce9,482,438,1,temporal-reasoning,HIGH48,1.0,0.0,0.0,0.0,0.0,0.0,0.0,0.09645872638892579,0.11536900005773393,0.07260644719878818
gpt4_d6585ce9,gpt4_d6585ce9,482,438,1,temporal-reasoning,HIGH48,2.0,0.0,0.0,0.0,,,,0.09645872638892579,0.11536900005773393,0.07260644719878818
gpt4_d6585ce9,gpt4_d6585ce9,482,438,1,temporal-reasoning,HIGH48,4.0,0.0,0.0,0.0,0.0,0.0,0.0,0.09645872638892579,0.11536900005773393,0.07260644719878818
gpt4_d6585ce9,gpt4_d6585ce9,482,438,1,temporal-reasoning,FULL96,0.25,0.0,0.0,0.0,0.0,0.0,0.0,0.09645872638892579,0.09638906148819955,nan
gpt4_d6585ce9,gpt4_d6585ce9,482,438,1,temporal-reasoning,FULL96,0.5,0.0,0.0,0.0,,,,0.09645872638892579,0.09638906148819955,nan
gpt4_d6585ce9,gpt4_d6585ce9,482,438,1,temporal-reasoning,FULL96,1.0,0.0,0.0,0.0,0.0,0.0,0.0,0.09645872638892579,0.09638906148819955,nan
gpt4_d6585ce9,gpt4_d6585ce9,482,438,1,temporal-reasoning,FULL96,2.0,0.0,0.0,0.0,,,,0.09645872638892579,0.09638906148819955,nan
gpt4_d6585ce9,gpt4_d6585ce9,482,438,1,temporal-reasoning,FULL96,4.0,0.0,0.0,0.0,0.0,0.0,0.0,0.09645872638892579,0.09638906148819955,nan
gpt4_d84a3211,gpt4_d84a3211,483,495,4,multi-session,LOW48,0.25,0.0,0.0,0.0,0.0,0.0,0.0,0.11349255739125765,0.07003693396066123,0.11657000328771244
gpt4_d84a3211,gpt4_d84a3211,483,495,4,multi-session,LOW48,0.5,0.0,0.0,0.0,,,,0.11349255739125765,0.07003693396066123,0.11657000328771244
gpt4_d84a3211,gpt4_d84a3211,483,495,4,multi-session,LOW48,1.0,0.0,0.0,0.0,0.0,0.0,0.0,0.11349255739125765,0.07003693396066123,0.11657000328771244
gpt4_d84a3211,gpt4_d84a3211,483,495,4,multi-session,LOW48,2.0,0.0,0.0,0.0,,,,0.11349255739125765,0.07003693396066123,0.11657000328771244
gpt4_d84a3211,gpt4_d84a3211,483,495,4,multi-session,LOW48,4.0,0.0,0.0,0.0,0.0,0.0,0.0,0.11349255739125765,0.07003693396066123,0.11657000328771244
gpt4_d84a3211,gpt4_d84a3211,483,495,4,multi-session,HIGH48,0.25,0.0,0.0,0.0,0.0,0.0,0.0,0.11349255739125765,0.11657000328771244,0.07003693396066123
gpt4_d84a3211,gpt4_d84a3211,483,495,4,multi-session,HIGH48,0.5,0.0,0.0,0.0,,,,0.11349255739125765,0.11657000328771244,0.07003693396066123
gpt4_d84a3211,gpt4_d84a3211,483,495,4,multi-session,HIGH48,1.0,0.0,0.0,0.0,0.0,0.0,0.0,0.11349255739125765,0.11657000328771244,0.07003693396066123
gpt4_d84a3211,gpt4_d84a3211,483,495,4,multi-session,HIGH48,2.0,0.0,0.0,0.0,,,,0.11349255739125765,0.11657000328771244,0.07003693396066123
gpt4_d84a3211,gpt4_d84a3211,483,495,4,multi-session,HIGH48,4.0,0.0,0.0,0.0,0.0,0.0,0.0,0.11349255739125765,0.11657000328771244,0.07003693396066123
gpt4_d84a3211,gpt4_d84a3211,483,495,4,multi-session,FULL96,0.25,0.0,0.0,0.0,0.0,0.0,0.0,0.11349255739125765,0.09616064107811291,nan
gpt4_d84a3211,gpt4_d84a3211,483,495,4,multi-session,FULL96,0.5,0.0,0.0,0.0,,,,0.11349255739125765,0.09616064107811291,nan
gpt4_d84a3211,gpt4_d84a3211,483,495,4,multi-session,FULL96,1.0,0.0,0.0,0.0,0.0,0.0,0.0,0.11349255739125765,0.09616064107811291,nan
gpt4_d84a3211,gpt4_d84a3211,483,495,4,multi-session,FULL96,2.0,0.0,0.0,0.0,,,,0.11349255739125765,0.09616064107811291,nan
gpt4_d84a3211,gpt4_d84a3211,483,495,4,multi-session,FULL96,4.0,0.0,0.0,0.0,0.0,0.0,0.0,0.11349255739125765,0.09616064107811291,nan
gpt4_d9af6064,gpt4_d9af6064,484,534,2,temporal-reasoning,LOW48,0.25,0.0,0.0,0.0,0.0,0.0,0.0,0.20536485446506295,0.07012731923171335,0.11664304215391168
gpt4_d9af6064,gpt4_d9af6064,484,534,2,temporal-reasoning,LOW48,0.5,0.0,0.0,0.0,,,,0.20536485446506295,0.07012731923171335,0.11664304215391168
gpt4_d9af6064,gpt4_d9af6064,484,534,2,temporal-reasoning,LOW48,1.0,0.0,0.5,-0.5,0.0,0.5,-0.5,0.20536485446506295,0.07012731923171335,0.11664304215391168
gpt4_d9af6064,gpt4_d9af6064,484,534,2,temporal-reasoning,LOW48,2.0,0.0,0.5,-0.5,,,,0.20536485446506295,0.07012731923171335,0.11664304215391168
gpt4_d9af6064,gpt4_d9af6064,484,534,2,temporal-reasoning,LOW48,4.0,0.0,0.5,-0.5,0.0,0.5,-0.5,0.20536485446506295,0.07012731923171335,0.11664304215391168
gpt4_d9af6064,gpt4_d9af6064,484,534,2,temporal-reasoning,HIGH48,0.25,0.0,0.5,-0.5,0.0,0.5,-0.5,0.20536485446506295,0.11664304215391168,0.07012731923171334
gpt4_d9af6064,gpt4_d9af6064,484,534,2,temporal-reasoning,HIGH48,0.5,0.0,0.5,-0.5,,,,0.20536485446506295,0.11664304215391168,0.07012731923171334
gpt4_d9af6064,gpt4_d9af6064,484,534,2,temporal-reasoning,HIGH48,1.0,0.0,0.5,-0.5,0.0,0.5,-0.5,0.20536485446506295,0.11664304215391168,0.07012731923171334
gpt4_d9af6064,gpt4_d9af6064,484,534,2,temporal-reasoning,HIGH48,2.0,0.0,0.0,0.0,,,,0.20536485446506295,0.11664304215391168,0.07012731923171334
gpt4_d9af6064,gpt4_d9af6064,484,534,2,temporal-reasoning,HIGH48,4.0,0.0,0.0,0.0,0.0,0.0,0.0,0.20536485446506295,0.11664304215391168,0.07012731923171334
gpt4_d9af6064,gpt4_d9af6064,484,534,2,temporal-reasoning,FULL96,0.25,0.0,0.5,-0.5,0.0,0.5,-0.5,0.20536485446506295,0.09623783088148301,nan
gpt4_d9af6064,gpt4_d9af6064,484,534,2,temporal-reasoning,FULL96,0.5,0.0,0.5,-0.5,,,,0.20536485446506295,0.09623783088148301,nan
gpt4_d9af6064,gpt4_d9af6064,484,534,2,temporal-reasoning,FULL96,1.0,0.0,0.5,-0.5,0.0,0.5,-0.5,0.20536485446506295,0.09623783088148301,nan
gpt4_d9af6064,gpt4_d9af6064,484,534,2,temporal-reasoning,FULL96,2.0,0.0,0.5,-0.5,,,,0.20536485446506295,0.09623783088148301,nan
gpt4_d9af6064,gpt4_d9af6064,484,534,2,temporal-reasoning,FULL96,4.0,0.0,0.5,-0.5,0.0,0.5,-0.5,0.20536485446506295,0.09623783088148301,nan
gpt4_e05b82a6,gpt4_e05b82a6,485,497,4,multi-session,LOW48,0.25,0.5,0.25,0.25,0.5,0.25,0.25,0.11801432917403933,0.08460550541792937,0.10674176769793757
gpt4_e05b82a6,gpt4_e05b82a6,485,497,4,multi-session,LOW48,0.5,0.5,0.25,0.25,,,,0.11801432917403933,0.08460550541792937,0.10674176769793757
gpt4_e05b82a6,gpt4_e05b82a6,485,497,4,multi-session,LOW48,1.0,0.5,0.25,0.25,0.5,0.25,0.25,0.11801432917403933,0.08460550541792937,0.10674176769793757
gpt4_e05b82a6,gpt4_e05b82a6,485,497,4,multi-session,LOW48,2.0,0.5,0.5,0.0,,,,0.11801432917403933,0.08460550541792937,0.10674176769793757
gpt4_e05b82a6,gpt4_e05b82a6,485,497,4,multi-session,LOW48,4.0,0.5,0.5,0.0,0.5,0.5,0.0,0.11801432917403933,0.08460550541792937,0.10674176769793757
gpt4_e05b82a6,gpt4_e05b82a6,485,497,4,multi-session,HIGH48,0.25,0.5,0.5,0.0,0.5,0.5,0.0,0.11801432917403933,0.10674176769793757,0.08460550541792937
gpt4_e05b82a6,gpt4_e05b82a6,485,497,4,multi-session,HIGH48,0.5,0.5,0.5,0.0,,,,0.11801432917403933,0.10674176769793757,0.08460550541792937
gpt4_e05b82a6,gpt4_e05b82a6,485,497,4,multi-session,HIGH48,1.0,0.5,0.25,0.25,0.5,0.25,0.25,0.11801432917403933,0.10674176769793757,0.08460550541792937
gpt4_e05b82a6,gpt4_e05b82a6,485,497,4,multi-session,HIGH48,2.0,0.5,0.25,0.25,,,,0.11801432917403933,0.10674176769793757,0.08460550541792937
gpt4_e05b82a6,gpt4_e05b82a6,485,497,4,multi-session,HIGH48,4.0,0.5,0.25,0.25,0.5,0.25,0.25,0.11801432917403933,0.10674176769793757,0.08460550541792937
gpt4_e05b82a6,gpt4_e05b82a6,485,497,4,multi-session,FULL96,0.25,0.5,0.25,0.25,0.5,0.25,0.25,0.11801432917403933,0.09631172441168247,nan
gpt4_e05b82a6,gpt4_e05b82a6,485,497,4,multi-session,FULL96,0.5,0.5,0.25,0.25,,,,0.11801432917403933,0.09631172441168247,nan
gpt4_e05b82a6,gpt4_e05b82a6,485,497,4,multi-session,FULL96,1.0,0.5,0.25,0.25,0.5,0.25,0.25,0.11801432917403933,0.09631172441168247,nan
gpt4_e05b82a6,gpt4_e05b82a6,485,497,4,multi-session,FULL96,2.0,0.5,0.25,0.25,,,,0.11801432917403933,0.09631172441168247,nan
gpt4_e05b82a6,gpt4_e05b82a6,485,497,4,multi-session,FULL96,4.0,0.5,0.25,0.25,0.5,0.25,0.25,0.11801432917403933,0.09631172441168247,nan
gpt4_e061b84f,gpt4_e061b84f,486,467,3,temporal-reasoning,LOW48,0.25,0.0,0.0,0.0,0.0,0.0,0.0,0.09247469542713357,0.0678234833065216,0.11844426236253672
gpt4_e061b84f,gpt4_e061b84f,486,467,3,temporal-reasoning,LOW48,0.5,0.0,0.0,0.0,,,,0.09247469542713357,0.0678234833065216,0.11844426236253672
gpt4_e061b84f,gpt4_e061b84f,486,467,3,temporal-reasoning,LOW48,1.0,0.0,0.0,0.0,0.0,0.0,0.0,0.09247469542713357,0.0678234833065216,0.11844426236253672
gpt4_e061b84f,gpt4_e061b84f,486,467,3,temporal-reasoning,LOW48,2.0,0.0,0.0,0.0,,,,0.09247469542713357,0.0678234833065216,0.11844426236253672
gpt4_e061b84f,gpt4_e061b84f,486,467,3,temporal-reasoning,LOW48,4.0,0.0,0.0,0.0,0.0,0.0,0.0,0.09247469542713357,0.0678234833065216,0.11844426236253672
gpt4_e061b84f,gpt4_e061b84f,486,467,3,temporal-reasoning,HIGH48,0.25,0.0,0.0,0.0,0.0,0.0,0.0,0.09247469542713357,0.11844426236253672,0.06782348330652159
gpt4_e061b84f,gpt4_e061b84f,486,467,3,temporal-reasoning,HIGH48,0.5,0.0,0.0,0.0,,,,0.09247469542713357,0.11844426236253672,0.06782348330652159
gpt4_e061b84f,gpt4_e061b84f,486,467,3,temporal-reasoning,HIGH48,1.0,0.0,0.0,0.0,0.0,0.0,0.0,0.09247469542713357,0.11844426236253672,0.06782348330652159
gpt4_e061b84f,gpt4_e061b84f,486,467,3,temporal-reasoning,HIGH48,2.0,0.0,0.0,0.0,,,,0.09247469542713357,0.11844426236253672,0.06782348330652159
gpt4_e061b84f,gpt4_e061b84f,486,467,3,temporal-reasoning,HIGH48,4.0,0.0,0.0,0.0,0.0,0.0,0.0,0.09247469542713357,0.11844426236253672,0.06782348330652159
gpt4_e061b84f,gpt4_e061b84f,486,467,3,temporal-reasoning,FULL96,0.25,0.0,0.0,0.0,0.0,0.0,0.0,0.09247469542713357,0.09651183392319163,nan
gpt4_e061b84f,gpt4_e061b84f,486,467,3,temporal-reasoning,FULL96,0.5,0.0,0.0,0.0,,,,0.09247469542713357,0.09651183392319163,nan
gpt4_e061b84f,gpt4_e061b84f,486,467,3,temporal-reasoning,FULL96,1.0,0.0,0.0,0.0,0.0,0.0,0.0,0.09247469542713357,0.09651183392319163,nan
gpt4_e061b84f,gpt4_e061b84f,486,467,3,temporal-reasoning,FULL96,2.0,0.0,0.0,0.0,,,,0.09247469542713357,0.09651183392319163,nan
gpt4_e061b84f,gpt4_e061b84f,486,467,3,temporal-reasoning,FULL96,4.0,0.0,0.0,0.0,0.0,0.0,0.0,0.09247469542713357,0.09651183392319163,nan
gpt4_e061b84g,gpt4_e061b84g,487,566,1,temporal-reasoning,LOW48,0.25,0.0,0.0,0.0,0.0,0.0,0.0,0.13337006543771432,0.06854673215309888,0.11764208209292598
gpt4_e061b84g,gpt4_e061b84g,487,566,1,temporal-reasoning,LOW48,0.5,0.0,0.0,0.0,,,,0.13337006543771432,0.06854673215309888,0.11764208209292598
gpt4_e061b84g,gpt4_e061b84g,487,566,1,temporal-reasoning,LOW48,1.0,0.0,0.0,0.0,0.0,0.0,0.0,0.13337006543771432,0.06854673215309888,0.11764208209292598
gpt4_e061b84g,gpt4_e061b84g,487,566,1,temporal-reasoning,LOW48,2.0,0.0,0.0,0.0,,,,0.13337006543771432,0.06854673215309888,0.11764208209292598
gpt4_e061b84g,gpt4_e061b84g,487,566,1,temporal-reasoning,LOW48,4.0,0.0,0.0,0.0,0.0,0.0,0.0,0.13337006543771432,0.06854673215309888,0.11764208209292598
gpt4_e061b84g,gpt4_e061b84g,487,566,1,temporal-reasoning,HIGH48,0.25,0.0,0.0,0.0,0.0,0.0,0.0,0.13337006543771432,0.11764208209292597,0.06854673215309888
gpt4_e061b84g,gpt4_e061b84g,487,566,1,temporal-reasoning,HIGH48,0.5,0.0,0.0,0.0,,,,0.13337006543771432,0.11764208209292597,0.06854673215309888
gpt4_e061b84g,gpt4_e061b84g,487,566,1,temporal-reasoning,HIGH48,1.0,0.0,0.0,0.0,0.0,0.0,0.0,0.13337006543771432,0.11764208209292597,0.06854673215309888
gpt4_e061b84g,gpt4_e061b84g,487,566,1,temporal-reasoning,HIGH48,2.0,0.0,0.0,0.0,,,,0.13337006543771432,0.11764208209292597,0.06854673215309888
gpt4_e061b84g,gpt4_e061b84g,487,566,1,temporal-reasoning,HIGH48,4.0,0.0,0.0,0.0,0.0,0.0,0.0,0.13337006543771432,0.11764208209292597,0.06854673215309888
gpt4_e061b84g,gpt4_e061b84g,487,566,1,temporal-reasoning,FULL96,0.25,0.0,0.0,0.0,0.0,0.0,0.0,0.13337006543771432,0.09627646121463805,nan
gpt4_e061b84g,gpt4_e061b84g,487,566,1,temporal-reasoning,FULL96,0.5,0.0,0.0,0.0,,,,0.13337006543771432,0.09627646121463805,nan
gpt4_e061b84g,gpt4_e061b84g,487,566,1,temporal-reasoning,FULL96,1.0,0.0,0.0,0.0,0.0,0.0,0.0,0.13337006543771432,0.09627646121463805,nan
gpt4_e061b84g,gpt4_e061b84g,487,566,1,temporal-reasoning,FULL96,2.0,0.0,0.0,0.0,,,,0.13337006543771432,0.09627646121463805,nan
gpt4_e061b84g,gpt4_e061b84g,487,566,1,temporal-reasoning,FULL96,4.0,0.0,0.0,0.0,0.0,0.0,0.0,0.13337006543771432,0.09627646121463805,nan
gpt4_e072b769,gpt4_e072b769,488,444,1,temporal-reasoning,LOW48,0.25,1.0,0.0,1.0,1.0,0.0,1.0,0.10520088694238541,0.07922492001564212,0.11091511991712591
gpt4_e072b769,gpt4_e072b769,488,444,1,temporal-reasoning,LOW48,0.5,1.0,0.0,1.0,,,,0.10520088694238541,0.07922492001564212,0.11091511991712591
gpt4_e072b769,gpt4_e072b769,488,444,1,temporal-reasoning,LOW48,1.0,1.0,0.0,1.0,1.0,0.0,1.0,0.10520088694238541,0.07922492001564212,0.11091511991712591
gpt4_e072b769,gpt4_e072b769,488,444,1,temporal-reasoning,LOW48,2.0,1.0,1.0,0.0,,,,0.10520088694238541,0.07922492001564212,0.11091511991712591
gpt4_e072b769,gpt4_e072b769,488,444,1,temporal-reasoning,LOW48,4.0,1.0,1.0,0.0,1.0,1.0,0.0,0.10520088694238541,0.07922492001564212,0.11091511991712591
gpt4_e072b769,gpt4_e072b769,488,444,1,temporal-reasoning,HIGH48,0.25,1.0,1.0,0.0,1.0,1.0,0.0,0.10520088694238541,0.1109151199171259,0.07922492001564212
gpt4_e072b769,gpt4_e072b769,488,444,1,temporal-reasoning,HIGH48,0.5,1.0,1.0,0.0,,,,0.10520088694238541,0.1109151199171259,0.07922492001564212
gpt4_e072b769,gpt4_e072b769,488,444,1,temporal-reasoning,HIGH48,1.0,1.0,0.0,1.0,1.0,0.0,1.0,0.10520088694238541,0.1109151199171259,0.07922492001564212
gpt4_e072b769,gpt4_e072b769,488,444,1,temporal-reasoning,HIGH48,2.0,1.0,0.0,1.0,,,,0.10520088694238541,0.1109151199171259,0.07922492001564212
gpt4_e072b769,gpt4_e072b769,488,444,1,temporal-reasoning,HIGH48,4.0,1.0,0.0,1.0,1.0,0.0,1.0,0.10520088694238541,0.1109151199171259,0.07922492001564212
gpt4_e072b769,gpt4_e072b769,488,444,1,temporal-reasoning,FULL96,0.25,1.0,0.0,1.0,1.0,0.0,1.0,0.10520088694238541,0.09638140841914303,nan
gpt4_e072b769,gpt4_e072b769,488,444,1,temporal-reasoning,FULL96,0.5,1.0,0.0,1.0,,,,0.10520088694238541,0.09638140841914303,nan
gpt4_e072b769,gpt4_e072b769,488,444,1,temporal-reasoning,FULL96,1.0,1.0,0.0,1.0,1.0,0.0,1.0,0.10520088694238541,0.09638140841914303,nan
gpt4_e072b769,gpt4_e072b769,488,444,1,temporal-reasoning,FULL96,2.0,1.0,0.0,1.0,,,,0.10520088694238541,0.09638140841914303,nan
gpt4_e072b769,gpt4_e072b769,488,444,1,temporal-reasoning,FULL96,4.0,1.0,0.0,1.0,1.0,0.0,1.0,0.10520088694238541,0.09638140841914303,nan
gpt4_e414231e,gpt4_e414231e,489,507,2,temporal-reasoning,LOW48,0.25,1.0,0.5,0.5,1.0,0.5,0.5,0.07918438413179416,0.07388751883062519,0.1146561022725405
gpt4_e414231e,gpt4_e414231e,489,507,2,temporal-reasoning,LOW48,0.5,1.0,0.5,0.5,,,,0.07918438413179416,0.07388751883062519,0.1146561022725405
gpt4_e414231e,gpt4_e414231e,489,507,2,temporal-reasoning,LOW48,1.0,1.0,0.5,0.5,1.0,0.5,0.5,0.07918438413179416,0.07388751883062519,0.1146561022725405
gpt4_e414231e,gpt4_e414231e,489,507,2,temporal-reasoning,LOW48,2.0,1.0,0.5,0.5,,,,0.07918438413179416,0.07388751883062519,0.1146561022725405
gpt4_e414231e,gpt4_e414231e,489,507,2,temporal-reasoning,LOW48,4.0,1.0,0.5,0.5,1.0,0.5,0.5,0.07918438413179416,0.07388751883062519,0.1146561022725405
gpt4_e414231e,gpt4_e414231e,489,507,2,temporal-reasoning,HIGH48,0.25,1.0,0.5,0.5,1.0,0.5,0.5,0.07918438413179416,0.1146561022725405,0.07388751883062519
gpt4_e414231e,gpt4_e414231e,489,507,2,temporal-reasoning,HIGH48,0.5,1.0,0.5,0.5,,,,0.07918438413179416,0.1146561022725405,0.07388751883062519
gpt4_e414231e,gpt4_e414231e,489,507,2,temporal-reasoning,HIGH48,1.0,1.0,0.5,0.5,1.0,0.5,0.5,0.07918438413179416,0.1146561022725405,0.07388751883062519
gpt4_e414231e,gpt4_e414231e,489,507,2,temporal-reasoning,HIGH48,2.0,1.0,0.5,0.5,,,,0.07918438413179416,0.1146561022725405,0.07388751883062519
gpt4_e414231e,gpt4_e414231e,489,507,2,temporal-reasoning,HIGH48,4.0,1.0,0.5,0.5,1.0,0.5,0.5,0.07918438413179416,0.1146561022725405,0.07388751883062519
gpt4_e414231e,gpt4_e414231e,489,507,2,temporal-reasoning,FULL96,0.25,1.0,0.5,0.5,1.0,0.5,0.5,0.07918438413179416,0.09645047233496905,nan
gpt4_e414231e,gpt4_e414231e,489,507,2,temporal-reasoning,FULL96,0.5,1.0,0.5,0.5,,,,0.07918438413179416,0.09645047233496905,nan
gpt4_e414231e,gpt4_e414231e,489,507,2,temporal-reasoning,FULL96,1.0,1.0,0.5,0.5,1.0,0.5,0.5,0.07918438413179416,0.09645047233496905,nan
gpt4_e414231e,gpt4_e414231e,489,507,2,temporal-reasoning,FULL96,2.0,1.0,0.5,0.5,,,,0.07918438413179416,0.09645047233496905,nan
gpt4_e414231e,gpt4_e414231e,489,507,2,temporal-reasoning,FULL96,4.0,1.0,0.5,0.5,1.0,0.5,0.5,0.07918438413179416,0.09645047233496905,nan
gpt4_e414231f,gpt4_e414231f,490,490,1,temporal-reasoning,LOW48,0.25,0.0,0.0,0.0,0.0,0.0,0.0,0.12792190967777453,0.08063478389418503,0.11043332933246956
gpt4_e414231f,gpt4_e414231f,490,490,1,temporal-reasoning,LOW48,0.5,0.0,0.0,0.0,,,,0.12792190967777453,0.08063478389418503,0.11043332933246956
gpt4_e414231f,gpt4_e414231f,490,490,1,temporal-reasoning,LOW48,1.0,0.0,0.0,0.0,0.0,0.0,0.0,0.12792190967777453,0.08063478389418503,0.11043332933246956
gpt4_e414231f,gpt4_e414231f,490,490,1,temporal-reasoning,LOW48,2.0,0.0,0.0,0.0,,,,0.12792190967777453,0.08063478389418503,0.11043332933246956
gpt4_e414231f,gpt4_e414231f,490,490,1,temporal-reasoning,LOW48,4.0,0.0,0.0,0.0,0.0,0.0,0.0,0.12792190967777453,0.08063478389418503,0.11043332933246956
gpt4_e414231f,gpt4_e414231f,490,490,1,temporal-reasoning,HIGH48,0.25,0.0,0.0,0.0,0.0,0.0,0.0,0.12792190967777453,0.11043332933246956,0.08063478389418503
gpt4_e414231f,gpt4_e414231f,490,490,1,temporal-reasoning,HIGH48,0.5,0.0,0.0,0.0,,,,0.12792190967777453,0.11043332933246956,0.08063478389418503
gpt4_e414231f,gpt4_e414231f,490,490,1,temporal-reasoning,HIGH48,1.0,0.0,0.0,0.0,0.0,0.0,0.0,0.12792190967777453,0.11043332933246956,0.08063478389418503
gpt4_e414231f,gpt4_e414231f,490,490,1,temporal-reasoning,HIGH48,2.0,0.0,0.0,0.0,,,,0.12792190967777453,0.11043332933246956,0.08063478389418503
gpt4_e414231f,gpt4_e414231f,490,490,1,temporal-reasoning,HIGH48,4.0,0.0,0.0,0.0,0.0,0.0,0.0,0.12792190967777453,0.11043332933246956,0.08063478389418503
gpt4_e414231f,gpt4_e414231f,490,490,1,temporal-reasoning,FULL96,0.25,0.0,0.0,0.0,0.0,0.0,0.0,0.12792190967777453,0.09668890474381123,nan
gpt4_e414231f,gpt4_e414231f,490,490,1,temporal-reasoning,FULL96,0.5,0.0,0.0,0.0,,,,0.12792190967777453,0.09668890474381123,nan
gpt4_e414231f,gpt4_e414231f,490,490,1,temporal-reasoning,FULL96,1.0,0.0,0.0,0.0,0.0,0.0,0.0,0.12792190967777453,0.09668890474381123,nan
gpt4_e414231f,gpt4_e414231f,490,490,1,temporal-reasoning,FULL96,2.0,0.0,0.0,0.0,,,,0.12792190967777453,0.09668890474381123,nan
gpt4_e414231f,gpt4_e414231f,490,490,1,temporal-reasoning,FULL96,4.0,0.0,0.0,0.0,0.0,0.0,0.0,0.12792190967777453,0.09668890474381123,nan
gpt4_ec93e27f,gpt4_ec93e27f,491,516,2,temporal-reasoning,LOW48,0.25,0.0,0.0,0.0,0.0,0.0,0.0,0.13597340537115735,0.06815726831678717,0.11776368284276457
gpt4_ec93e27f,gpt4_ec93e27f,491,516,2,temporal-reasoning,LOW48,0.5,0.0,0.0,0.0,,,,0.13597340537115735,0.06815726831678717,0.11776368284276457
gpt4_ec93e27f,gpt4_ec93e27f,491,516,2,temporal-reasoning,LOW48,1.0,0.0,0.0,0.0,0.0,0.0,0.0,0.13597340537115735,0.06815726831678717,0.11776368284276457
gpt4_ec93e27f,gpt4_ec93e27f,491,516,2,temporal-reasoning,LOW48,2.0,0.0,0.0,0.0,,,,0.13597340537115735,0.06815726831678717,0.11776368284276457
gpt4_ec93e27f,gpt4_ec93e27f,491,516,2,temporal-reasoning,LOW48,4.0,0.0,0.0,0.0,0.0,0.0,0.0,0.13597340537115735,0.06815726831678717,0.11776368284276457
gpt4_ec93e27f,gpt4_ec93e27f,491,516,2,temporal-reasoning,HIGH48,0.25,0.0,0.0,0.0,0.0,0.0,0.0,0.13597340537115735,0.11776368284276457,0.06815726831678717
gpt4_ec93e27f,gpt4_ec93e27f,491,516,2,temporal-reasoning,HIGH48,0.5,0.0,0.0,0.0,,,,0.13597340537115735,0.11776368284276457,0.06815726831678717
gpt4_ec93e27f,gpt4_ec93e27f,491,516,2,temporal-reasoning,HIGH48,1.0,0.0,0.0,0.0,0.0,0.0,0.0,0.13597340537115735,0.11776368284276457,0.06815726831678717
gpt4_ec93e27f,gpt4_ec93e27f,491,516,2,temporal-reasoning,HIGH48,2.0,0.0,0.0,0.0,,,,0.13597340537115735,0.11776368284276457,0.06815726831678717
gpt4_ec93e27f,gpt4_ec93e27f,491,516,2,temporal-reasoning,HIGH48,4.0,0.0,0.0,0.0,0.0,0.0,0.0,0.13597340537115735,0.11776368284276457,0.06815726831678717
gpt4_ec93e27f,gpt4_ec93e27f,491,516,2,temporal-reasoning,FULL96,0.25,0.0,0.0,0.0,0.0,0.0,0.0,0.13597340537115735,0.0962125205498166,nan
gpt4_ec93e27f,gpt4_ec93e27f,491,516,2,temporal-reasoning,FULL96,0.5,0.0,0.0,0.0,,,,0.13597340537115735,0.0962125205498166,nan
gpt4_ec93e27f,gpt4_ec93e27f,491,516,2,temporal-reasoning,FULL96,1.0,0.0,0.0,0.0,0.0,0.0,0.0,0.13597340537115735,0.0962125205498166,nan
gpt4_ec93e27f,gpt4_ec93e27f,491,516,2,temporal-reasoning,FULL96,2.0,0.0,0.0,0.0,,,,0.13597340537115735,0.0962125205498166,nan
gpt4_ec93e27f,gpt4_ec93e27f,491,516,2,temporal-reasoning,FULL96,4.0,0.0,0.0,0.0,0.0,0.0,0.0,0.13597340537115735,0.0962125205498166,nan
gpt4_f2262a51,gpt4_f2262a51,492,479,5,multi-session,LOW48,0.25,0.0,0.0,0.0,0.0,0.0,0.0,0.06375553009217015,0.07732506450673998,0.11248803293268966
gpt4_f2262a51,gpt4_f2262a51,492,479,5,multi-session,LOW48,0.5,0.0,0.0,0.0,,,,0.06375553009217015,0.07732506450673998,0.11248803293268966
gpt4_f2262a51,gpt4_f2262a51,492,479,5,multi-session,LOW48,1.0,0.0,0.0,0.0,0.0,0.0,0.0,0.06375553009217015,0.07732506450673998,0.11248803293268966
gpt4_f2262a51,gpt4_f2262a51,492,479,5,multi-session,LOW48,2.0,0.0,0.0,0.0,,,,0.06375553009217015,0.07732506450673998,0.11248803293268966
gpt4_f2262a51,gpt4_f2262a51,492,479,5,multi-session,LOW48,4.0,0.0,0.0,0.0,0.0,0.0,0.0,0.06375553009217015,0.07732506450673998,0.11248803293268966
gpt4_f2262a51,gpt4_f2262a51,492,479,5,multi-session,HIGH48,0.25,0.0,0.0,0.0,0.0,0.0,0.0,0.06375553009217015,0.11248803293268966,0.07732506450673998
gpt4_f2262a51,gpt4_f2262a51,492,479,5,multi-session,HIGH48,0.5,0.0,0.0,0.0,,,,0.06375553009217015,0.11248803293268966,0.07732506450673998
gpt4_f2262a51,gpt4_f2262a51,492,479,5,multi-session,HIGH48,1.0,0.0,0.0,0.0,0.0,0.0,0.0,0.06375553009217015,0.11248803293268966,0.07732506450673998
gpt4_f2262a51,gpt4_f2262a51,492,479,5,multi-session,HIGH48,2.0,0.0,0.0,0.0,,,,0.06375553009217015,0.11248803293268966,0.07732506450673998
gpt4_f2262a51,gpt4_f2262a51,492,479,5,multi-session,HIGH48,4.0,0.0,0.0,0.0,0.0,0.0,0.0,0.06375553009217015,0.11248803293268966,0.07732506450673998
gpt4_f2262a51,gpt4_f2262a51,492,479,5,multi-session,FULL96,0.25,0.0,0.0,0.0,0.0,0.0,0.0,0.06375553009217015,0.0965213011568881,nan
gpt4_f2262a51,gpt4_f2262a51,492,479,5,multi-session,FULL96,0.5,0.0,0.0,0.0,,,,0.06375553009217015,0.0965213011568881,nan
gpt4_f2262a51,gpt4_f2262a51,492,479,5,multi-session,FULL96,1.0,0.0,0.0,0.0,0.0,0.0,0.0,0.06375553009217015,0.0965213011568881,nan
gpt4_f2262a51,gpt4_f2262a51,492,479,5,multi-session,FULL96,2.0,0.0,0.0,0.0,,,,0.06375553009217015,0.0965213011568881,nan
gpt4_f2262a51,gpt4_f2262a51,492,479,5,multi-session,FULL96,4.0,0.0,0.0,0.0,0.0,0.0,0.0,0.06375553009217015,0.0965213011568881,nan
gpt4_f420262c,gpt4_f420262c,493,495,5,temporal-reasoning,LOW48,0.25,0.4,0.4,0.0,0.4000000000000001,0.4000000000000001,0.0,0.14698128461549181,0.06459285923880066,0.12045517422158414
gpt4_f420262c,gpt4_f420262c,493,495,5,temporal-reasoning,LOW48,0.5,0.4,0.4,0.0,,,,0.14698128461549181,0.06459285923880066,0.12045517422158414
gpt4_f420262c,gpt4_f420262c,493,495,5,temporal-reasoning,LOW48,1.0,0.4,0.4,0.0,0.4000000000000001,0.4000000000000001,0.0,0.14698128461549181,0.06459285923880066,0.12045517422158414
gpt4_f420262c,gpt4_f420262c,493,495,5,temporal-reasoning,LOW48,2.0,0.4,0.2,0.2,,,,0.14698128461549181,0.06459285923880066,0.12045517422158414
gpt4_f420262c,gpt4_f420262c,493,495,5,temporal-reasoning,LOW48,4.0,0.4,0.4,0.0,0.4000000000000001,0.4000000000000001,0.0,0.14698128461549181,0.06459285923880066,0.12045517422158414
gpt4_f420262c,gpt4_f420262c,493,495,5,temporal-reasoning,HIGH48,0.25,0.4,0.4,0.0,0.4000000000000001,0.4000000000000001,0.0,0.14698128461549181,0.12045517422158414,0.06459285923880066
gpt4_f420262c,gpt4_f420262c,493,495,5,temporal-reasoning,HIGH48,0.5,0.4,0.2,0.2,,,,0.14698128461549181,0.12045517422158414,0.06459285923880066
gpt4_f420262c,gpt4_f420262c,493,495,5,temporal-reasoning,HIGH48,1.0,0.4,0.4,0.0,0.4000000000000001,0.4000000000000001,0.0,0.14698128461549181,0.12045517422158414,0.06459285923880066
gpt4_f420262c,gpt4_f420262c,493,495,5,temporal-reasoning,HIGH48,2.0,0.4,0.4,0.0,,,,0.14698128461549181,0.12045517422158414,0.06459285923880066
gpt4_f420262c,gpt4_f420262c,493,495,5,temporal-reasoning,HIGH48,4.0,0.4,0.4,0.0,0.4000000000000001,0.4000000000000001,0.0,0.14698128461549181,0.12045517422158414,0.06459285923880066
gpt4_f420262c,gpt4_f420262c,493,495,5,temporal-reasoning,FULL96,0.25,0.4,0.4,0.0,0.4000000000000001,0.4000000000000001,0.0,0.14698128461549181,0.096648037904025,nan
gpt4_f420262c,gpt4_f420262c,493,495,5,temporal-reasoning,FULL96,0.5,0.4,0.4,0.0,,,,0.14698128461549181,0.096648037904025,nan
gpt4_f420262c,gpt4_f420262c,493,495,5,temporal-reasoning,FULL96,1.0,0.4,0.4,0.0,0.4000000000000001,0.4000000000000001,0.0,0.14698128461549181,0.096648037904025,nan
gpt4_f420262c,gpt4_f420262c,493,495,5,temporal-reasoning,FULL96,2.0,0.4,0.4,0.0,,,,0.14698128461549181,0.096648037904025,nan
gpt4_f420262c,gpt4_f420262c,493,495,5,temporal-reasoning,FULL96,4.0,0.4,0.4,0.0,0.4000000000000001,0.4000000000000001,0.0,0.14698128461549181,0.096648037904025,nan
gpt4_f420262d,gpt4_f420262d,494,454,3,temporal-reasoning,LOW48,0.25,0.0,0.0,0.0,0.0,0.0,0.0,0.0769067725214817,0.06959575144313876,0.11773758574440452
gpt4_f420262d,gpt4_f420262d,494,454,3,temporal-reasoning,LOW48,0.5,0.0,0.0,0.0,,,,0.0769067725214817,0.06959575144313876,0.11773758574440452
gpt4_f420262d,gpt4_f420262d,494,454,3,temporal-reasoning,LOW48,1.0,0.0,0.0,0.0,0.0,0.0,0.0,0.0769067725214817,0.06959575144313876,0.11773758574440452
gpt4_f420262d,gpt4_f420262d,494,454,3,temporal-reasoning,LOW48,2.0,0.0,0.0,0.0,,,,0.0769067725214817,0.06959575144313876,0.11773758574440452
gpt4_f420262d,gpt4_f420262d,494,454,3,temporal-reasoning,LOW48,4.0,0.0,0.0,0.0,0.0,0.0,0.0,0.0769067725214817,0.06959575144313876,0.11773758574440452
gpt4_f420262d,gpt4_f420262d,494,454,3,temporal-reasoning,HIGH48,0.25,0.0,0.0,0.0,0.0,0.0,0.0,0.0769067725214817,0.1177375857444045,0.06959575144313875
gpt4_f420262d,gpt4_f420262d,494,454,3,temporal-reasoning,HIGH48,0.5,0.0,0.0,0.0,,,,0.0769067725214817,0.1177375857444045,0.06959575144313875
gpt4_f420262d,gpt4_f420262d,494,454,3,temporal-reasoning,HIGH48,1.0,0.0,0.0,0.0,0.0,0.0,0.0,0.0769067725214817,0.1177375857444045,0.06959575144313875
gpt4_f420262d,gpt4_f420262d,494,454,3,temporal-reasoning,HIGH48,2.0,0.0,0.0,0.0,,,,0.0769067725214817,0.1177375857444045,0.06959575144313875
gpt4_f420262d,gpt4_f420262d,494,454,3,temporal-reasoning,HIGH48,4.0,0.0,0.0,0.0,0.0,0.0,0.0,0.0769067725214817,0.1177375857444045,0.06959575144313875
gpt4_f420262d,gpt4_f420262d,494,454,3,temporal-reasoning,FULL96,0.25,0.0,0.0,0.0,0.0,0.0,0.0,0.0769067725214817,0.0967101538512274,nan
gpt4_f420262d,gpt4_f420262d,494,454,3,temporal-reasoning,FULL96,0.5,0.0,0.0,0.0,,,,0.0769067725214817,0.0967101538512274,nan
gpt4_f420262d,gpt4_f420262d,494,454,3,temporal-reasoning,FULL96,1.0,0.0,0.0,0.0,0.0,0.0,0.0,0.0769067725214817,0.0967101538512274,nan
gpt4_f420262d,gpt4_f420262d,494,454,3,temporal-reasoning,FULL96,2.0,0.0,0.0,0.0,,,,0.0769067725214817,0.0967101538512274,nan
gpt4_f420262d,gpt4_f420262d,494,454,3,temporal-reasoning,FULL96,4.0,0.0,0.0,0.0,0.0,0.0,0.0,0.0769067725214817,0.0967101538512274,nan
gpt4_f49edff3,gpt4_f49edff3,495,498,3,temporal-reasoning,LOW48,0.25,0.6666666666666666,0.6666666666666666,0.0,0.6666666666666664,0.6666666666666664,0.0,0.06072179212356953,0.08254084480988036,0.10911698181562371
gpt4_f49edff3,gpt4_f49edff3,495,498,3,temporal-reasoning,LOW48,0.5,0.6666666666666666,0.6666666666666666,0.0,,,,0.06072179212356953,0.08254084480988036,0.10911698181562371
gpt4_f49edff3,gpt4_f49edff3,495,498,3,temporal-reasoning,LOW48,1.0,0.6666666666666666,0.6666666666666666,0.0,0.6666666666666664,0.6666666666666664,0.0,0.06072179212356953,0.08254084480988036,0.10911698181562371
gpt4_f49edff3,gpt4_f49edff3,495,498,3,temporal-reasoning,LOW48,2.0,0.6666666666666666,0.6666666666666666,0.0,,,,0.06072179212356953,0.08254084480988036,0.10911698181562371
gpt4_f49edff3,gpt4_f49edff3,495,498,3,temporal-reasoning,LOW48,4.0,0.6666666666666666,0.6666666666666666,0.0,0.6666666666666664,0.6666666666666664,0.0,0.06072179212356953,0.08254084480988036,0.10911698181562371
gpt4_f49edff3,gpt4_f49edff3,495,498,3,temporal-reasoning,HIGH48,0.25,0.6666666666666666,0.6666666666666666,0.0,0.6666666666666664,0.6666666666666664,0.0,0.06072179212356953,0.10911698181562371,0.08254084480988036
gpt4_f49edff3,gpt4_f49edff3,495,498,3,temporal-reasoning,HIGH48,0.5,0.6666666666666666,0.6666666666666666,0.0,,,,0.06072179212356953,0.10911698181562371,0.08254084480988036
gpt4_f49edff3,gpt4_f49edff3,495,498,3,temporal-reasoning,HIGH48,1.0,0.6666666666666666,0.6666666666666666,0.0,0.6666666666666664,0.6666666666666664,0.0,0.06072179212356953,0.10911698181562371,0.08254084480988036
gpt4_f49edff3,gpt4_f49edff3,495,498,3,temporal-reasoning,HIGH48,2.0,0.6666666666666666,0.6666666666666666,0.0,,,,0.06072179212356953,0.10911698181562371,0.08254084480988036
gpt4_f49edff3,gpt4_f49edff3,495,498,3,temporal-reasoning,HIGH48,4.0,0.6666666666666666,0.6666666666666666,0.0,0.6666666666666664,0.6666666666666664,0.0,0.06072179212356953,0.10911698181562371,0.08254084480988036
gpt4_f49edff3,gpt4_f49edff3,495,498,3,temporal-reasoning,FULL96,0.25,0.6666666666666666,0.6666666666666666,0.0,0.6666666666666664,0.6666666666666664,0.0,0.06072179212356953,0.09674581846901681,nan
gpt4_f49edff3,gpt4_f49edff3,495,498,3,temporal-reasoning,FULL96,0.5,0.6666666666666666,0.6666666666666666,0.0,,,,0.06072179212356953,0.09674581846901681,nan
gpt4_f49edff3,gpt4_f49edff3,495,498,3,temporal-reasoning,FULL96,1.0,0.6666666666666666,0.6666666666666666,0.0,0.6666666666666664,0.6666666666666664,0.0,0.06072179212356953,0.09674581846901681,nan
gpt4_f49edff3,gpt4_f49edff3,495,498,3,temporal-reasoning,FULL96,2.0,0.6666666666666666,0.6666666666666666,0.0,,,,0.06072179212356953,0.09674581846901681,nan
gpt4_f49edff3,gpt4_f49edff3,495,498,3,temporal-reasoning,FULL96,4.0,0.6666666666666666,0.6666666666666666,0.0,0.6666666666666664,0.6666666666666664,0.0,0.06072179212356953,0.09674581846901681,nan
gpt4_fa19884c,gpt4_fa19884c,496,507,2,temporal-reasoning,LOW48,0.25,0.5,0.5,0.0,0.5,0.5,0.0,0.1494844956872673,0.08577290635708054,0.10653563294101584
gpt4_fa19884c,gpt4_fa19884c,496,507,2,temporal-reasoning,LOW48,0.5,0.5,0.5,0.0,,,,0.1494844956872673,0.08577290635708054,0.10653563294101584
gpt4_fa19884c,gpt4_fa19884c,496,507,2,temporal-reasoning,LOW48,1.0,0.5,0.5,0.0,0.5,0.5,0.0,0.1494844956872673,0.08577290635708054,0.10653563294101584
gpt4_fa19884c,gpt4_fa19884c,496,507,2,temporal-reasoning,LOW48,2.0,0.5,0.5,0.0,,,,0.1494844956872673,0.08577290635708054,0.10653563294101584
gpt4_fa19884c,gpt4_fa19884c,496,507,2,temporal-reasoning,LOW48,4.0,0.5,0.5,0.0,0.5,0.5,0.0,0.1494844956872673,0.08577290635708054,0.10653563294101584
gpt4_fa19884c,gpt4_fa19884c,496,507,2,temporal-reasoning,HIGH48,0.25,0.5,0.5,0.0,0.5,0.5,0.0,0.1494844956872673,0.10653563294101584,0.08577290635708054
gpt4_fa19884c,gpt4_fa19884c,496,507,2,temporal-reasoning,HIGH48,0.5,0.5,0.5,0.0,,,,0.1494844956872673,0.10653563294101584,0.08577290635708054
gpt4_fa19884c,gpt4_fa19884c,496,507,2,temporal-reasoning,HIGH48,1.0,0.5,0.5,0.0,0.5,0.5,0.0,0.1494844956872673,0.10653563294101584,0.08577290635708054
gpt4_fa19884c,gpt4_fa19884c,496,507,2,temporal-reasoning,HIGH48,2.0,0.5,0.5,0.0,,,,0.1494844956872673,0.10653563294101584,0.08577290635708054
gpt4_fa19884c,gpt4_fa19884c,496,507,2,temporal-reasoning,HIGH48,4.0,0.5,0.5,0.0,0.5,0.5,0.0,0.1494844956872673,0.10653563294101584,0.08577290635708054
gpt4_fa19884c,gpt4_fa19884c,496,507,2,temporal-reasoning,FULL96,0.25,0.5,0.5,0.0,0.5,0.5,0.0,0.1494844956872673,0.09671306155603639,nan
gpt4_fa19884c,gpt4_fa19884c,496,507,2,temporal-reasoning,FULL96,0.5,0.5,0.5,0.0,,,,0.1494844956872673,0.09671306155603639,nan
gpt4_fa19884c,gpt4_fa19884c,496,507,2,temporal-reasoning,FULL96,1.0,0.5,0.5,0.0,0.5,0.5,0.0,0.1494844956872673,0.09671306155603639,nan
gpt4_fa19884c,gpt4_fa19884c,496,507,2,temporal-reasoning,FULL96,2.0,0.5,0.5,0.0,,,,0.1494844956872673,0.09671306155603639,nan
gpt4_fa19884c,gpt4_fa19884c,496,507,2,temporal-reasoning,FULL96,4.0,0.5,0.5,0.0,0.5,0.5,0.0,0.1494844956872673,0.09671306155603639,nan
gpt4_fa19884d,gpt4_fa19884d,497,556,1,temporal-reasoning,LOW48,0.25,0.0,0.0,0.0,0.0,0.0,0.0,0.18151957998204457,0.06748010388171793,0.11872052043606073
gpt4_fa19884d,gpt4_fa19884d,497,556,1,temporal-reasoning,LOW48,0.5,0.0,0.0,0.0,,,,0.18151957998204457,0.06748010388171793,0.11872052043606073
gpt4_fa19884d,gpt4_fa19884d,497,556,1,temporal-reasoning,LOW48,1.0,0.0,0.0,0.0,0.0,0.0,0.0,0.18151957998204457,0.06748010388171793,0.11872052043606073
gpt4_fa19884d,gpt4_fa19884d,497,556,1,temporal-reasoning,LOW48,2.0,0.0,0.0,0.0,,,,0.18151957998204457,0.06748010388171793,0.11872052043606073
gpt4_fa19884d,gpt4_fa19884d,497,556,1,temporal-reasoning,LOW48,4.0,0.0,0.0,0.0,0.0,0.0,0.0,0.18151957998204457,0.06748010388171793,0.11872052043606073
gpt4_fa19884d,gpt4_fa19884d,497,556,1,temporal-reasoning,HIGH48,0.25,0.0,0.0,0.0,0.0,0.0,0.0,0.18151957998204457,0.11872052043606071,0.06748010388171792
gpt4_fa19884d,gpt4_fa19884d,497,556,1,temporal-reasoning,HIGH48,0.5,0.0,0.0,0.0,,,,0.18151957998204457,0.11872052043606071,0.06748010388171792
gpt4_fa19884d,gpt4_fa19884d,497,556,1,temporal-reasoning,HIGH48,1.0,0.0,0.0,0.0,0.0,0.0,0.0,0.18151957998204457,0.11872052043606071,0.06748010388171792
gpt4_fa19884d,gpt4_fa19884d,497,556,1,temporal-reasoning,HIGH48,2.0,0.0,0.0,0.0,,,,0.18151957998204457,0.11872052043606071,0.06748010388171792
gpt4_fa19884d,gpt4_fa19884d,497,556,1,temporal-reasoning,HIGH48,4.0,0.0,0.0,0.0,0.0,0.0,0.0,0.18151957998204457,0.11872052043606071,0.06748010388171792
gpt4_fa19884d,gpt4_fa19884d,497,556,1,temporal-reasoning,FULL96,0.25,0.0,0.0,0.0,0.0,0.0,0.0,0.18151957998204457,0.09656118887134871,nan
gpt4_fa19884d,gpt4_fa19884d,497,556,1,temporal-reasoning,FULL96,0.5,0.0,0.0,0.0,,,,0.18151957998204457,0.09656118887134871,nan
gpt4_fa19884d,gpt4_fa19884d,497,556,1,temporal-reasoning,FULL96,1.0,0.0,0.0,0.0,0.0,0.0,0.0,0.18151957998204457,0.09656118887134871,nan
gpt4_fa19884d,gpt4_fa19884d,497,556,1,temporal-reasoning,FULL96,2.0,0.0,0.0,0.0,,,,0.18151957998204457,0.09656118887134871,nan
gpt4_fa19884d,gpt4_fa19884d,497,556,1,temporal-reasoning,FULL96,4.0,0.0,0.0,0.0,0.0,0.0,0.0,0.18151957998204457,0.09656118887134871,nan
gpt4_fe651585,gpt4_fe651585,498,471,2,temporal-reasoning,LOW48,0.25,0.7,0.5,0.19999999999999996,0.6,0.5,0.09999999999999998,0.10719392821825863,0.06240252518093664,0.12124570886504539
gpt4_fe651585,gpt4_fe651585,498,471,2,temporal-reasoning,LOW48,0.5,0.7,0.5,0.19999999999999996,,,,0.10719392821825863,0.06240252518093664,0.12124570886504539
gpt4_fe651585,gpt4_fe651585,498,471,2,temporal-reasoning,LOW48,1.0,0.7,0.5,0.19999999999999996,0.6,0.5,0.09999999999999998,0.10719392821825863,0.06240252518093664,0.12124570886504539
gpt4_fe651585,gpt4_fe651585,498,471,2,temporal-reasoning,LOW48,2.0,0.7,0.0,0.7,,,,0.10719392821825863,0.06240252518093664,0.12124570886504539
gpt4_fe651585,gpt4_fe651585,498,471,2,temporal-reasoning,LOW48,4.0,0.7,0.0,0.7,0.6,0.0,0.6,0.10719392821825863,0.06240252518093664,0.12124570886504539
gpt4_fe651585,gpt4_fe651585,498,471,2,temporal-reasoning,HIGH48,0.25,0.7,0.0,0.7,0.6,0.0,0.6,0.10719392821825863,0.12124570886504539,0.06240252518093664
gpt4_fe651585,gpt4_fe651585,498,471,2,temporal-reasoning,HIGH48,0.5,0.7,0.0,0.7,,,,0.10719392821825863,0.12124570886504539,0.06240252518093664
gpt4_fe651585,gpt4_fe651585,498,471,2,temporal-reasoning,HIGH48,1.0,0.7,0.5,0.19999999999999996,0.6,0.5,0.09999999999999998,0.10719392821825863,0.12124570886504539,0.06240252518093664
gpt4_fe651585,gpt4_fe651585,498,471,2,temporal-reasoning,HIGH48,2.0,0.7,0.5,0.19999999999999996,,,,0.10719392821825863,0.12124570886504539,0.06240252518093664
gpt4_fe651585,gpt4_fe651585,498,471,2,temporal-reasoning,HIGH48,4.0,0.7,0.5,0.19999999999999996,0.6,0.5,0.09999999999999998,0.10719392821825863,0.12124570886504539,0.06240252518093664
gpt4_fe651585,gpt4_fe651585,498,471,2,temporal-reasoning,FULL96,0.25,0.7,0.5,0.19999999999999996,0.6,0.5,0.09999999999999998,0.10719392821825863,0.09642250014168056,nan
gpt4_fe651585,gpt4_fe651585,498,471,2,temporal-reasoning,FULL96,0.5,0.7,0.5,0.19999999999999996,,,,0.10719392821825863,0.09642250014168056,nan
gpt4_fe651585,gpt4_fe651585,498,471,2,temporal-reasoning,FULL96,1.0,0.7,0.5,0.19999999999999996,0.6,0.5,0.09999999999999998,0.10719392821825863,0.09642250014168056,nan
gpt4_fe651585,gpt4_fe651585,498,471,2,temporal-reasoning,FULL96,2.0,0.7,0.5,0.19999999999999996,,,,0.10719392821825863,0.09642250014168056,nan
gpt4_fe651585,gpt4_fe651585,498,471,2,temporal-reasoning,FULL96,4.0,0.7,0.5,0.19999999999999996,0.6,0.5,0.09999999999999998,0.10719392821825863,0.09642250014168056,nan
