source_row_ordinal_1based,N_archive,arm,marginal_bytes_per_vector,shared_state_bytes_per_archive,effective_package_bytes_per_vector,shared_to_code_volume_ratio
1,514,SIGN96,12,33,12.06420233463035,0.005350194552529183
2,486,SIGN96,12,33,12.067901234567902,0.0056584362139917698
3,486,SIGN96,12,33,12.067901234567902,0.0056584362139917698
4,487,SIGN96,12,33,12.067761806981519,0.0056468172484599594
5,494,SIGN96,12,33,12.066801619433198,0.005566801619433198
6,443,SIGN96,12,33,12.0744920993228,0.006207674943566591
7,479,SIGN96,12,33,12.068893528183716,0.0057411273486430063
8,503,SIGN96,12,33,12.065606361829026,0.0054671968190854875
9,513,SIGN96,12,33,12.064327485380117,0.005360623781676413
10,527,SIGN96,12,33,12.062618595825427,0.005218216318785579
11,551,SIGN96,12,33,12.059891107078039,0.0049909255898366606
12,524,SIGN96,12,33,12.062977099236642,0.0052480916030534352
13,490,SIGN96,12,33,12.067346938775509,0.0056122448979591833
14,484,SIGN96,12,33,12.068181818181818,0.005681818181818182
15,480,SIGN96,12,33,12.06875,0.0057291666666666663
16,484,SIGN96,12,33,12.068181818181818,0.005681818181818182
17,466,SIGN96,12,33,12.070815450643776,0.0059012875536480691
18,479,SIGN96,12,33,12.068893528183716,0.0057411273486430063
19,481,SIGN96,12,33,12.068607068607069,0.0057172557172557176
20,485,SIGN96,12,33,12.068041237113402,0.005670103092783505
21,484,SIGN96,12,33,12.068181818181818,0.005681818181818182
22,463,SIGN96,12,33,12.071274298056155,0.0059395248380129592
23,443,SIGN96,12,33,12.0744920993228,0.006207674943566591
24,486,SIGN96,12,33,12.067901234567902,0.0056584362139917698
25,462,SIGN96,12,33,12.071428571428571,0.0059523809523809521
26,483,SIGN96,12,33,12.06832298136646,0.005693581780538302
27,481,SIGN96,12,33,12.068607068607069,0.0057172557172557176
28,450,SIGN96,12,33,12.073333333333334,0.0061111111111111114
29,460,SIGN96,12,33,12.071739130434782,0.0059782608695652176
30,475,SIGN96,12,33,12.069473684210527,0.0057894736842105266
31,489,SIGN96,12,33,12.067484662576687,0.0056237218813905933
32,466,SIGN96,12,33,12.070815450643776,0.0059012875536480691
33,472,SIGN96,12,33,12.069915254237289,0.0058262711864406781
34,485,SIGN96,12,33,12.068041237113402,0.005670103092783505
35,467,SIGN96,12,33,12.070663811563168,0.0058886509635974306
36,451,SIGN96,12,33,12.073170731707316,0.0060975609756097563
37,478,SIGN96,12,33,12.069037656903765,0.0057531380753138078
38,474,SIGN96,12,33,12.069620253164556,0.0058016877637130804
39,503,SIGN96,12,33,12.065606361829026,0.0054671968190854875
40,509,SIGN96,12,33,12.06483300589391,0.0054027504911591355
41,473,SIGN96,12,33,12.069767441860465,0.0058139534883720929
42,436,SIGN96,12,33,12.075688073394495,0.0063073394495412848
43,503,SIGN96,12,33,12.065606361829026,0.0054671968190854875
44,486,SIGN96,12,33,12.067901234567902,0.0056584362139917698
45,515,SIGN96,12,33,12.064077669902913,0.0053398058252427183
46,482,SIGN96,12,33,12.068464730290456,0.005705394190871369
47,532,SIGN96,12,33,12.06203007518797,0.0051691729323308268
48,501,SIGN96,12,33,12.065868263473053,0.0054890219560878245
49,466,SIGN96,12,33,12.070815450643776,0.0059012875536480691
50,548,SIGN96,12,33,12.06021897810219,0.0050182481751824817
51,462,SIGN96,12,33,12.071428571428571,0.0059523809523809521
52,485,SIGN96,12,33,12.068041237113402,0.005670103092783505
53,506,SIGN96,12,33,12.065217391304348,0.005434782608695652
54,474,SIGN96,12,33,12.069620253164556,0.0058016877637130804
55,462,SIGN96,12,33,12.071428571428571,0.0059523809523809521
56,473,SIGN96,12,33,12.069767441860465,0.0058139534883720929
57,510,SIGN96,12,33,12.064705882352941,0.005392156862745098
58,522,SIGN96,12,33,12.063218390804598,0.0052681992337164753
59,494,SIGN96,12,33,12.066801619433198,0.005566801619433198
60,523,SIGN96,12,33,12.063097514340344,0.0052581261950286808
61,512,SIGN96,12,33,12.064453125,0.00537109375
62,497,SIGN96,12,33,12.066398390342052,0.005533199195171026
63,473,SIGN96,12,33,12.069767441860465,0.0058139534883720929
64,493,SIGN96,12,33,12.066937119675456,0.0055780933062880324
65,523,SIGN96,12,33,12.063097514340344,0.0052581261950286808
66,506,SIGN96,12,33,12.065217391304348,0.005434782608695652
67,478,SIGN96,12,33,12.069037656903765,0.0057531380753138078
68,498,SIGN96,12,33,12.066265060240964,0.0055220883534136548
69,491,SIGN96,12,33,12.067209775967413,0.0056008146639511197
70,475,SIGN96,12,33,12.069473684210527,0.0057894736842105266
71,500,SIGN96,12,33,12.066000000000001,0.0054999999999999997
72,431,SIGN96,12,33,12.076566125290023,0.0063805104408352666
73,496,SIGN96,12,33,12.066532258064516,0.0055443548387096777
74,479,SIGN96,12,33,12.068893528183716,0.0057411273486430063
75,491,SIGN96,12,33,12.067209775967413,0.0056008146639511197
76,478,SIGN96,12,33,12.069037656903765,0.0057531380753138078
77,529,SIGN96,12,33,12.062381852551985,0.0051984877126654066
78,480,SIGN96,12,33,12.06875,0.0057291666666666663
79,494,SIGN96,12,33,12.066801619433198,0.005566801619433198
80,485,SIGN96,12,33,12.068041237113402,0.005670103092783505
81,487,SIGN96,12,33,12.067761806981519,0.0056468172484599594
82,500,SIGN96,12,33,12.066000000000001,0.0054999999999999997
83,524,SIGN96,12,33,12.062977099236642,0.0052480916030534352
84,475,SIGN96,12,33,12.069473684210527,0.0057894736842105266
85,539,SIGN96,12,33,12.061224489795919,0.0051020408163265302
86,519,SIGN96,12,33,12.063583815028903,0.0052986512524084775
87,545,SIGN96,12,33,12.060550458715596,0.0050458715596330278
88,490,SIGN96,12,33,12.067346938775509,0.0056122448979591833
89,498,SIGN96,12,33,12.066265060240964,0.0055220883534136548
90,533,SIGN96,12,33,12.061913696060037,0.0051594746716697934
91,567,SIGN96,12,33,12.058201058201059,0.0048500881834215165
92,538,SIGN96,12,33,12.061338289962825,0.0051115241635687732
93,479,SIGN96,12,33,12.068893528183716,0.0057411273486430063
94,470,SIGN96,12,33,12.070212765957447,0.0058510638297872338
95,431,SIGN96,12,33,12.076566125290023,0.0063805104408352666
96,542,SIGN96,12,33,12.060885608856088,0.0050738007380073799
97,526,SIGN96,12,33,12.062737642585551,0.0052281368821292772
98,490,SIGN96,12,33,12.067346938775509,0.0056122448979591833
99,515,SIGN96,12,33,12.064077669902913,0.0053398058252427183
100,453,SIGN96,12,33,12.072847682119205,0.0060706401766004413
101,449,SIGN96,12,33,12.073496659242762,0.006124721603563474
102,523,SIGN96,12,33,12.063097514340344,0.0052581261950286808
103,531,SIGN96,12,33,12.062146892655367,0.0051789077212806029
104,476,SIGN96,12,33,12.069327731092438,0.0057773109243697482
105,521,SIGN96,12,33,12.063339731285989,0.0052783109404990402
106,477,SIGN96,12,33,12.069182389937106,0.0057651991614255764
107,485,SIGN96,12,33,12.068041237113402,0.005670103092783505
108,503,SIGN96,12,33,12.065606361829026,0.0054671968190854875
109,509,SIGN96,12,33,12.06483300589391,0.0054027504911591355
110,490,SIGN96,12,33,12.067346938775509,0.0056122448979591833
111,514,SIGN96,12,33,12.06420233463035,0.005350194552529183
112,514,SIGN96,12,33,12.06420233463035,0.005350194552529183
113,530,SIGN96,12,33,12.062264150943395,0.0051886792452830186
114,521,SIGN96,12,33,12.063339731285989,0.0052783109404990402
115,516,SIGN96,12,33,12.063953488372093,0.0053294573643410852
116,521,SIGN96,12,33,12.063339731285989,0.0052783109404990402
117,455,SIGN96,12,33,12.072527472527472,0.0060439560439560442
118,491,SIGN96,12,33,12.067209775967413,0.0056008146639511197
119,554,SIGN96,12,33,12.059566787003611,0.0049638989169675093
120,446,SIGN96,12,33,12.073991031390134,0.0061659192825112103
121,501,SIGN96,12,33,12.065868263473053,0.0054890219560878245
122,531,SIGN96,12,33,12.062146892655367,0.0051789077212806029
123,529,SIGN96,12,33,12.062381852551985,0.0051984877126654066
124,481,SIGN96,12,33,12.068607068607069,0.0057172557172557176
125,490,SIGN96,12,33,12.067346938775509,0.0056122448979591833
126,472,SIGN96,12,33,12.069915254237289,0.0058262711864406781
127,461,SIGN96,12,33,12.071583514099784,0.0059652928416485899
128,514,SIGN96,12,33,12.06420233463035,0.005350194552529183
129,495,SIGN96,12,33,12.066666666666666,0.0055555555555555558
130,487,SIGN96,12,33,12.067761806981519,0.0056468172484599594
131,495,SIGN96,12,33,12.066666666666666,0.0055555555555555558
132,606,SIGN96,12,33,12.054455445544555,0.0045379537953795382
133,422,SIGN96,12,33,12.078199052132701,0.0065165876777251181
134,471,SIGN96,12,33,12.070063694267516,0.0058386411889596599
135,616,SIGN96,12,33,12.053571428571429,0.004464285714285714
136,518,SIGN96,12,33,12.063706563706564,0.0053088803088803087
137,528,SIGN96,12,33,12.0625,0.005208333333333333
138,487,SIGN96,12,33,12.067761806981519,0.0056468172484599594
139,419,SIGN96,12,33,12.078758949880669,0.0065632458233890216
140,479,SIGN96,12,33,12.068893528183716,0.0057411273486430063
141,510,SIGN96,12,33,12.064705882352941,0.005392156862745098
142,445,SIGN96,12,33,12.074157303370786,0.0061797752808988764
143,483,SIGN96,12,33,12.06832298136646,0.005693581780538302
144,448,SIGN96,12,33,12.073660714285714,0.006138392857142857
145,472,SIGN96,12,33,12.069915254237289,0.0058262711864406781
146,454,SIGN96,12,33,12.072687224669604,0.0060572687224669606
147,482,SIGN96,12,33,12.068464730290456,0.005705394190871369
148,494,SIGN96,12,33,12.066801619433198,0.005566801619433198
149,541,SIGN96,12,33,12.060998151571164,0.0050831792975970427
150,506,SIGN96,12,33,12.065217391304348,0.005434782608695652
151,459,SIGN96,12,33,12.071895424836601,0.0059912854030501088
152,497,SIGN96,12,33,12.066398390342052,0.005533199195171026
153,488,SIGN96,12,33,12.067622950819672,0.0056352459016393444
154,489,SIGN96,12,33,12.067484662576687,0.0056237218813905933
155,452,SIGN96,12,33,12.073008849557523,0.0060840707964601769
156,507,SIGN96,12,33,12.065088757396449,0.0054240631163708086
157,510,SIGN96,12,33,12.064705882352941,0.005392156862745098
158,476,SIGN96,12,33,12.069327731092438,0.0057773109243697482
159,483,SIGN96,12,33,12.06832298136646,0.005693581780538302
160,413,SIGN96,12,33,12.079903147699758,0.0066585956416464892
161,493,SIGN96,12,33,12.066937119675456,0.0055780933062880324
162,513,SIGN96,12,33,12.064327485380117,0.005360623781676413
163,454,SIGN96,12,33,12.072687224669604,0.0060572687224669606
164,468,SIGN96,12,33,12.070512820512821,0.005876068376068376
165,482,SIGN96,12,33,12.068464730290456,0.005705394190871369
166,471,SIGN96,12,33,12.070063694267516,0.0058386411889596599
167,429,SIGN96,12,33,12.076923076923077,0.00641025641025641
168,470,SIGN96,12,33,12.070212765957447,0.0058510638297872338
169,505,SIGN96,12,33,12.065346534653465,0.0054455445544554452
170,513,SIGN96,12,33,12.064327485380117,0.005360623781676413
171,460,SIGN96,12,33,12.071739130434782,0.0059782608695652176
172,500,SIGN96,12,33,12.066000000000001,0.0054999999999999997
173,483,SIGN96,12,33,12.06832298136646,0.005693581780538302
174,495,SIGN96,12,33,12.066666666666666,0.0055555555555555558
175,614,SIGN96,12,33,12.053745928338762,0.0044788273615635182
176,493,SIGN96,12,33,12.066937119675456,0.0055780933062880324
177,514,SIGN96,12,33,12.06420233463035,0.005350194552529183
178,550,SIGN96,12,33,12.06,0.0050000000000000001
179,439,SIGN96,12,33,12.075170842824601,0.0062642369020501137
180,466,SIGN96,12,33,12.070815450643776,0.0059012875536480691
181,501,SIGN96,12,33,12.065868263473053,0.0054890219560878245
182,496,SIGN96,12,33,12.066532258064516,0.0055443548387096777
183,516,SIGN96,12,33,12.063953488372093,0.0053294573643410852
184,446,SIGN96,12,33,12.073991031390134,0.0061659192825112103
185,469,SIGN96,12,33,12.070362473347547,0.0058635394456289982
186,490,SIGN96,12,33,12.067346938775509,0.0056122448979591833
187,491,SIGN96,12,33,12.067209775967413,0.0056008146639511197
188,474,SIGN96,12,33,12.069620253164556,0.0058016877637130804
189,466,SIGN96,12,33,12.070815450643776,0.0059012875536480691
190,489,SIGN96,12,33,12.067484662576687,0.0056237218813905933
191,542,SIGN96,12,33,12.060885608856088,0.0050738007380073799
192,527,SIGN96,12,33,12.062618595825427,0.005218216318785579
193,506,SIGN96,12,33,12.065217391304348,0.005434782608695652
194,489,SIGN96,12,33,12.067484662576687,0.0056237218813905933
195,564,SIGN96,12,33,12.058510638297872,0.0048758865248226951
196,502,SIGN96,12,33,12.065737051792828,0.0054780876494023908
197,554,SIGN96,12,33,12.059566787003611,0.0049638989169675093
198,487,SIGN96,12,33,12.067761806981519,0.0056468172484599594
199,510,SIGN96,12,33,12.064705882352941,0.005392156862745098
200,511,SIGN96,12,33,12.064579256360078,0.0053816046966731895
201,484,SIGN96,12,33,12.068181818181818,0.005681818181818182
202,396,SIGN96,12,33,12.083333333333334,0.0069444444444444441
203,512,SIGN96,12,33,12.064453125,0.00537109375
204,453,SIGN96,12,33,12.072847682119205,0.0060706401766004413
205,493,SIGN96,12,33,12.066937119675456,0.0055780933062880324
206,485,SIGN96,12,33,12.068041237113402,0.005670103092783505
207,503,SIGN96,12,33,12.065606361829026,0.0054671968190854875
208,493,SIGN96,12,33,12.066937119675456,0.0055780933062880324
209,474,SIGN96,12,33,12.069620253164556,0.0058016877637130804
210,479,SIGN96,12,33,12.068893528183716,0.0057411273486430063
211,467,SIGN96,12,33,12.070663811563168,0.0058886509635974306
212,469,SIGN96,12,33,12.070362473347547,0.0058635394456289982
213,528,SIGN96,12,33,12.0625,0.005208333333333333
214,523,SIGN96,12,33,12.063097514340344,0.0052581261950286808
215,512,SIGN96,12,33,12.064453125,0.00537109375
216,508,SIGN96,12,33,12.064960629921259,0.0054133858267716535
217,492,SIGN96,12,33,12.067073170731707,0.0055894308943089431
218,537,SIGN96,12,33,12.061452513966481,0.005121042830540037
219,434,SIGN96,12,33,12.076036866359447,0.0063364055299539174
220,468,SIGN96,12,33,12.070512820512821,0.005876068376068376
221,454,SIGN96,12,33,12.072687224669604,0.0060572687224669606
222,498,SIGN96,12,33,12.066265060240964,0.0055220883534136548
223,486,SIGN96,12,33,12.067901234567902,0.0056584362139917698
224,487,SIGN96,12,33,12.067761806981519,0.0056468172484599594
225,485,SIGN96,12,33,12.068041237113402,0.005670103092783505
226,489,SIGN96,12,33,12.067484662576687,0.0056237218813905933
227,455,SIGN96,12,33,12.072527472527472,0.0060439560439560442
228,489,SIGN96,12,33,12.067484662576687,0.0056237218813905933
229,510,SIGN96,12,33,12.064705882352941,0.005392156862745098
230,507,SIGN96,12,33,12.065088757396449,0.0054240631163708086
231,487,SIGN96,12,33,12.067761806981519,0.0056468172484599594
232,473,SIGN96,12,33,12.069767441860465,0.0058139534883720929
233,486,SIGN96,12,33,12.067901234567902,0.0056584362139917698
234,530,SIGN96,12,33,12.062264150943395,0.0051886792452830186
235,532,SIGN96,12,33,12.06203007518797,0.0051691729323308268
236,541,SIGN96,12,33,12.060998151571164,0.0050831792975970427
237,459,SIGN96,12,33,12.071895424836601,0.0059912854030501088
238,493,SIGN96,12,33,12.066937119675456,0.0055780933062880324
239,537,SIGN96,12,33,12.061452513966481,0.005121042830540037
240,476,SIGN96,12,33,12.069327731092438,0.0057773109243697482
241,534,SIGN96,12,33,12.061797752808989,0.0051498127340823966
242,560,SIGN96,12,33,12.058928571428572,0.0049107142857142856
243,457,SIGN96,12,33,12.072210065645514,0.0060175054704595188
244,492,SIGN96,12,33,12.067073170731707,0.0055894308943089431
245,474,SIGN96,12,33,12.069620253164556,0.0058016877637130804
246,448,SIGN96,12,33,12.073660714285714,0.006138392857142857
247,584,SIGN96,12,33,12.056506849315069,0.0047089041095890408
248,467,SIGN96,12,33,12.070663811563168,0.0058886509635974306
249,478,SIGN96,12,33,12.069037656903765,0.0057531380753138078
250,484,SIGN96,12,33,12.068181818181818,0.005681818181818182
251,529,SIGN96,12,33,12.062381852551985,0.0051984877126654066
252,512,SIGN96,12,33,12.064453125,0.00537109375
253,476,SIGN96,12,33,12.069327731092438,0.0057773109243697482
254,496,SIGN96,12,33,12.066532258064516,0.0055443548387096777
255,489,SIGN96,12,33,12.067484662576687,0.0056237218813905933
256,476,SIGN96,12,33,12.069327731092438,0.0057773109243697482
257,485,SIGN96,12,33,12.068041237113402,0.005670103092783505
258,529,SIGN96,12,33,12.062381852551985,0.0051984877126654066
259,466,SIGN96,12,33,12.070815450643776,0.0059012875536480691
260,495,SIGN96,12,33,12.066666666666666,0.0055555555555555558
261,495,SIGN96,12,33,12.066666666666666,0.0055555555555555558
262,502,SIGN96,12,33,12.065737051792828,0.0054780876494023908
263,484,SIGN96,12,33,12.068181818181818,0.005681818181818182
264,503,SIGN96,12,33,12.065606361829026,0.0054671968190854875
265,502,SIGN96,12,33,12.065737051792828,0.0054780876494023908
266,494,SIGN96,12,33,12.066801619433198,0.005566801619433198
267,463,SIGN96,12,33,12.071274298056155,0.0059395248380129592
268,502,SIGN96,12,33,12.065737051792828,0.0054780876494023908
269,478,SIGN96,12,33,12.069037656903765,0.0057531380753138078
270,457,SIGN96,12,33,12.072210065645514,0.0060175054704595188
271,516,SIGN96,12,33,12.063953488372093,0.0053294573643410852
272,510,SIGN96,12,33,12.064705882352941,0.005392156862745098
273,460,SIGN96,12,33,12.071739130434782,0.0059782608695652176
274,516,SIGN96,12,33,12.063953488372093,0.0053294573643410852
275,456,SIGN96,12,33,12.072368421052632,0.0060307017543859646
276,492,SIGN96,12,33,12.067073170731707,0.0055894308943089431
277,409,SIGN96,12,33,12.080684596577017,0.0067237163814180927
278,454,SIGN96,12,33,12.072687224669604,0.0060572687224669606
279,495,SIGN96,12,33,12.066666666666666,0.0055555555555555558
280,487,SIGN96,12,33,12.067761806981519,0.0056468172484599594
281,467,SIGN96,12,33,12.070663811563168,0.0058886509635974306
282,537,SIGN96,12,33,12.061452513966481,0.005121042830540037
283,453,SIGN96,12,33,12.072847682119205,0.0060706401766004413
284,516,SIGN96,12,33,12.063953488372093,0.0053294573643410852
285,492,SIGN96,12,33,12.067073170731707,0.0055894308943089431
286,509,SIGN96,12,33,12.06483300589391,0.0054027504911591355
287,478,SIGN96,12,33,12.069037656903765,0.0057531380753138078
288,528,SIGN96,12,33,12.0625,0.005208333333333333
289,488,SIGN96,12,33,12.067622950819672,0.0056352459016393444
290,490,SIGN96,12,33,12.067346938775509,0.0056122448979591833
291,485,SIGN96,12,33,12.068041237113402,0.005670103092783505
292,469,SIGN96,12,33,12.070362473347547,0.0058635394456289982
293,477,SIGN96,12,33,12.069182389937106,0.0057651991614255764
294,520,SIGN96,12,33,12.063461538461539,0.0052884615384615388
295,478,SIGN96,12,33,12.069037656903765,0.0057531380753138078
296,459,SIGN96,12,33,12.071895424836601,0.0059912854030501088
297,487,SIGN96,12,33,12.067761806981519,0.0056468172484599594
298,504,SIGN96,12,33,12.06547619047619,0.005456349206349206
299,504,SIGN96,12,33,12.06547619047619,0.005456349206349206
300,511,SIGN96,12,33,12.064579256360078,0.0053816046966731895
301,493,SIGN96,12,33,12.066937119675456,0.0055780933062880324
302,466,SIGN96,12,33,12.070815450643776,0.0059012875536480691
303,462,SIGN96,12,33,12.071428571428571,0.0059523809523809521
304,496,SIGN96,12,33,12.066532258064516,0.0055443548387096777
305,493,SIGN96,12,33,12.066937119675456,0.0055780933062880324
306,457,SIGN96,12,33,12.072210065645514,0.0060175054704595188
307,471,SIGN96,12,33,12.070063694267516,0.0058386411889596599
308,521,SIGN96,12,33,12.063339731285989,0.0052783109404990402
309,493,SIGN96,12,33,12.066937119675456,0.0055780933062880324
310,550,SIGN96,12,33,12.06,0.0050000000000000001
311,429,SIGN96,12,33,12.076923076923077,0.00641025641025641
312,512,SIGN96,12,33,12.064453125,0.00537109375
313,485,SIGN96,12,33,12.068041237113402,0.005670103092783505
314,530,SIGN96,12,33,12.062264150943395,0.0051886792452830186
315,479,SIGN96,12,33,12.068893528183716,0.0057411273486430063
316,474,SIGN96,12,33,12.069620253164556,0.0058016877637130804
317,532,SIGN96,12,33,12.06203007518797,0.0051691729323308268
318,437,SIGN96,12,33,12.075514874141877,0.0062929061784897022
319,469,SIGN96,12,33,12.070362473347547,0.0058635394456289982
320,520,SIGN96,12,33,12.063461538461539,0.0052884615384615388
321,533,SIGN96,12,33,12.061913696060037,0.0051594746716697934
322,504,SIGN96,12,33,12.06547619047619,0.005456349206349206
323,521,SIGN96,12,33,12.063339731285989,0.0052783109404990402
324,475,SIGN96,12,33,12.069473684210527,0.0057894736842105266
325,476,SIGN96,12,33,12.069327731092438,0.0057773109243697482
326,505,SIGN96,12,33,12.065346534653465,0.0054455445544554452
327,470,SIGN96,12,33,12.070212765957447,0.0058510638297872338
328,516,SIGN96,12,33,12.063953488372093,0.0053294573643410852
329,480,SIGN96,12,33,12.06875,0.0057291666666666663
330,523,SIGN96,12,33,12.063097514340344,0.0052581261950286808
331,530,SIGN96,12,33,12.062264150943395,0.0051886792452830186
332,458,SIGN96,12,33,12.072052401746724,0.0060043668122270744
333,519,SIGN96,12,33,12.063583815028903,0.0052986512524084775
334,550,SIGN96,12,33,12.06,0.0050000000000000001
335,530,SIGN96,12,33,12.062264150943395,0.0051886792452830186
336,506,SIGN96,12,33,12.065217391304348,0.005434782608695652
337,461,SIGN96,12,33,12.071583514099784,0.0059652928416485899
338,448,SIGN96,12,33,12.073660714285714,0.006138392857142857
339,493,SIGN96,12,33,12.066937119675456,0.0055780933062880324
340,496,SIGN96,12,33,12.066532258064516,0.0055443548387096777
341,506,SIGN96,12,33,12.065217391304348,0.005434782608695652
342,481,SIGN96,12,33,12.068607068607069,0.0057172557172557176
343,483,SIGN96,12,33,12.06832298136646,0.005693581780538302
344,533,SIGN96,12,33,12.061913696060037,0.0051594746716697934
345,589,SIGN96,12,33,12.056027164685908,0.0046689303904923598
346,464,SIGN96,12,33,12.071120689655173,0.0059267241379310342
347,476,SIGN96,12,33,12.069327731092438,0.0057773109243697482
348,513,SIGN96,12,33,12.064327485380117,0.005360623781676413
349,489,SIGN96,12,33,12.067484662576687,0.0056237218813905933
350,495,SIGN96,12,33,12.066666666666666,0.0055555555555555558
351,543,SIGN96,12,33,12.060773480662984,0.0050644567219152855
352,482,SIGN96,12,33,12.068464730290456,0.005705394190871369
353,513,SIGN96,12,33,12.064327485380117,0.005360623781676413
354,445,SIGN96,12,33,12.074157303370786,0.0061797752808988764
355,522,SIGN96,12,33,12.063218390804598,0.0052681992337164753
356,497,SIGN96,12,33,12.066398390342052,0.005533199195171026
357,500,SIGN96,12,33,12.066000000000001,0.0054999999999999997
358,508,SIGN96,12,33,12.064960629921259,0.0054133858267716535
359,515,SIGN96,12,33,12.064077669902913,0.0053398058252427183
360,585,SIGN96,12,33,12.056410256410256,0.0047008547008547006
361,484,SIGN96,12,33,12.068181818181818,0.005681818181818182
362,424,SIGN96,12,33,12.077830188679245,0.0064858490566037739
363,487,SIGN96,12,33,12.067761806981519,0.0056468172484599594
364,504,SIGN96,12,33,12.06547619047619,0.005456349206349206
365,473,SIGN96,12,33,12.069767441860465,0.0058139534883720929
366,442,SIGN96,12,33,12.074660633484163,0.0062217194570135742
367,459,SIGN96,12,33,12.071895424836601,0.0059912854030501088
368,527,SIGN96,12,33,12.062618595825427,0.005218216318785579
369,506,SIGN96,12,33,12.065217391304348,0.005434782608695652
370,497,SIGN96,12,33,12.066398390342052,0.005533199195171026
371,470,SIGN96,12,33,12.070212765957447,0.0058510638297872338
372,495,SIGN96,12,33,12.066666666666666,0.0055555555555555558
373,533,SIGN96,12,33,12.061913696060037,0.0051594746716697934
374,474,SIGN96,12,33,12.069620253164556,0.0058016877637130804
375,453,SIGN96,12,33,12.072847682119205,0.0060706401766004413
376,483,SIGN96,12,33,12.06832298136646,0.005693581780538302
377,517,SIGN96,12,33,12.063829787234043,0.0053191489361702126
378,479,SIGN96,12,33,12.068893528183716,0.0057411273486430063
379,498,SIGN96,12,33,12.066265060240964,0.0055220883534136548
380,446,SIGN96,12,33,12.073991031390134,0.0061659192825112103
381,511,SIGN96,12,33,12.064579256360078,0.0053816046966731895
382,467,SIGN96,12,33,12.070663811563168,0.0058886509635974306
383,495,SIGN96,12,33,12.066666666666666,0.0055555555555555558
384,465,SIGN96,12,33,12.070967741935483,0.0059139784946236557
385,502,SIGN96,12,33,12.065737051792828,0.0054780876494023908
386,591,SIGN96,12,33,12.055837563451776,0.0046531302876480539
387,483,SIGN96,12,33,12.06832298136646,0.005693581780538302
388,458,SIGN96,12,33,12.072052401746724,0.0060043668122270744
389,472,SIGN96,12,33,12.069915254237289,0.0058262711864406781
390,474,SIGN96,12,33,12.069620253164556,0.0058016877637130804
391,515,SIGN96,12,33,12.064077669902913,0.0053398058252427183
392,457,SIGN96,12,33,12.072210065645514,0.0060175054704595188
393,465,SIGN96,12,33,12.070967741935483,0.0059139784946236557
394,493,SIGN96,12,33,12.066937119675456,0.0055780933062880324
395,501,SIGN96,12,33,12.065868263473053,0.0054890219560878245
396,498,SIGN96,12,33,12.066265060240964,0.0055220883534136548
397,460,SIGN96,12,33,12.071739130434782,0.0059782608695652176
398,532,SIGN96,12,33,12.06203007518797,0.0051691729323308268
399,486,SIGN96,12,33,12.067901234567902,0.0056584362139917698
400,469,SIGN96,12,33,12.070362473347547,0.0058635394456289982
401,500,SIGN96,12,33,12.066000000000001,0.0054999999999999997
402,460,SIGN96,12,33,12.071739130434782,0.0059782608695652176
403,520,SIGN96,12,33,12.063461538461539,0.0052884615384615388
404,472,SIGN96,12,33,12.069915254237289,0.0058262711864406781
405,513,SIGN96,12,33,12.064327485380117,0.005360623781676413
406,516,SIGN96,12,33,12.063953488372093,0.0053294573643410852
407,484,SIGN96,12,33,12.068181818181818,0.005681818181818182
408,497,SIGN96,12,33,12.066398390342052,0.005533199195171026
409,481,SIGN96,12,33,12.068607068607069,0.0057172557172557176
410,547,SIGN96,12,33,12.060329067641682,0.0050274223034734921
411,467,SIGN96,12,33,12.070663811563168,0.0058886509635974306
412,452,SIGN96,12,33,12.073008849557523,0.0060840707964601769
413,491,SIGN96,12,33,12.067209775967413,0.0056008146639511197
414,459,SIGN96,12,33,12.071895424836601,0.0059912854030501088
415,565,SIGN96,12,33,12.058407079646019,0.0048672566371681415
416,489,SIGN96,12,33,12.067484662576687,0.0056237218813905933
417,467,SIGN96,12,33,12.070663811563168,0.0058886509635974306
418,525,SIGN96,12,33,12.062857142857142,0.0052380952380952379
419,480,SIGN96,12,33,12.06875,0.0057291666666666663
420,482,SIGN96,12,33,12.068464730290456,0.005705394190871369
421,505,SIGN96,12,33,12.065346534653465,0.0054455445544554452
422,561,SIGN96,12,33,12.058823529411764,0.0049019607843137254
423,467,SIGN96,12,33,12.070663811563168,0.0058886509635974306
424,519,SIGN96,12,33,12.063583815028903,0.0052986512524084775
425,516,SIGN96,12,33,12.063953488372093,0.0053294573643410852
426,480,SIGN96,12,33,12.06875,0.0057291666666666663
427,533,SIGN96,12,33,12.061913696060037,0.0051594746716697934
428,558,SIGN96,12,33,12.059139784946236,0.0049283154121863796
429,497,SIGN96,12,33,12.066398390342052,0.005533199195171026
430,489,SIGN96,12,33,12.067484662576687,0.0056237218813905933
431,500,SIGN96,12,33,12.066000000000001,0.0054999999999999997
432,505,SIGN96,12,33,12.065346534653465,0.0054455445544554452
433,493,SIGN96,12,33,12.066937119675456,0.0055780933062880324
434,485,SIGN96,12,33,12.068041237113402,0.005670103092783505
435,480,SIGN96,12,33,12.06875,0.0057291666666666663
436,444,SIGN96,12,33,12.074324324324325,0.0061936936936936937
437,445,SIGN96,12,33,12.074157303370786,0.0061797752808988764
438,490,SIGN96,12,33,12.067346938775509,0.0056122448979591833
439,470,SIGN96,12,33,12.070212765957447,0.0058510638297872338
440,498,SIGN96,12,33,12.066265060240964,0.0055220883534136548
441,476,SIGN96,12,33,12.069327731092438,0.0057773109243697482
442,477,SIGN96,12,33,12.069182389937106,0.0057651991614255764
443,481,SIGN96,12,33,12.068607068607069,0.0057172557172557176
444,476,SIGN96,12,33,12.069327731092438,0.0057773109243697482
445,457,SIGN96,12,33,12.072210065645514,0.0060175054704595188
446,542,SIGN96,12,33,12.060885608856088,0.0050738007380073799
447,500,SIGN96,12,33,12.066000000000001,0.0054999999999999997
448,537,SIGN96,12,33,12.061452513966481,0.005121042830540037
449,500,SIGN96,12,33,12.066000000000001,0.0054999999999999997
450,508,SIGN96,12,33,12.064960629921259,0.0054133858267716535
451,477,SIGN96,12,33,12.069182389937106,0.0057651991614255764
452,480,SIGN96,12,33,12.06875,0.0057291666666666663
453,491,SIGN96,12,33,12.067209775967413,0.0056008146639511197
454,438,SIGN96,12,33,12.075342465753424,0.0062785388127853878
455,495,SIGN96,12,33,12.066666666666666,0.0055555555555555558
456,534,SIGN96,12,33,12.061797752808989,0.0051498127340823966
457,497,SIGN96,12,33,12.066398390342052,0.005533199195171026
458,467,SIGN96,12,33,12.070663811563168,0.0058886509635974306
459,566,SIGN96,12,33,12.058303886925795,0.0048586572438162542
460,444,SIGN96,12,33,12.074324324324325,0.0061936936936936937
461,507,SIGN96,12,33,12.065088757396449,0.0054240631163708086
462,490,SIGN96,12,33,12.067346938775509,0.0056122448979591833
463,516,SIGN96,12,33,12.063953488372093,0.0053294573643410852
464,479,SIGN96,12,33,12.068893528183716,0.0057411273486430063
465,495,SIGN96,12,33,12.066666666666666,0.0055555555555555558
466,454,SIGN96,12,33,12.072687224669604,0.0060572687224669606
467,498,SIGN96,12,33,12.066265060240964,0.0055220883534136548
468,507,SIGN96,12,33,12.065088757396449,0.0054240631163708086
469,556,SIGN96,12,33,12.059352517985612,0.0049460431654676255
470,471,SIGN96,12,33,12.070063694267516,0.0058386411889596599
1,514,SIGN32,4,33,4.06420233463035,0.016050583657587547
2,486,SIGN32,4,33,4.0679012345679011,0.016975308641975308
3,486,SIGN32,4,33,4.0679012345679011,0.016975308641975308
4,487,SIGN32,4,33,4.0677618069815198,0.016940451745379878
5,494,SIGN32,4,33,4.066801619433198,0.016700404858299597
6,443,SIGN32,4,33,4.0744920993227991,0.018623024830699775
7,479,SIGN32,4,33,4.0688935281837164,0.01722338204592902
8,503,SIGN32,4,33,4.0656063618290261,0.016401590457256462
9,513,SIGN32,4,33,4.064327485380117,0.016081871345029239
10,527,SIGN32,4,33,4.0626185958254268,0.015654648956356737
11,551,SIGN32,4,33,4.0598911070780401,0.014972776769509982
12,524,SIGN32,4,33,4.0629770992366412,0.015744274809160304
13,490,SIGN32,4,33,4.0673469387755103,0.016836734693877552
14,484,SIGN32,4,33,4.0681818181818183,0.017045454545454544
15,480,SIGN32,4,33,4.0687499999999996,0.017187500000000001
16,484,SIGN32,4,33,4.0681818181818183,0.017045454545454544
17,466,SIGN32,4,33,4.070815450643777,0.017703862660944206
18,479,SIGN32,4,33,4.0688935281837164,0.01722338204592902
19,481,SIGN32,4,33,4.0686070686070686,0.017151767151767153
20,485,SIGN32,4,33,4.0680412371134018,0.017010309278350514
21,484,SIGN32,4,33,4.0681818181818183,0.017045454545454544
22,463,SIGN32,4,33,4.0712742980561556,0.017818574514038878
23,443,SIGN32,4,33,4.0744920993227991,0.018623024830699775
24,486,SIGN32,4,33,4.0679012345679011,0.016975308641975308
25,462,SIGN32,4,33,4.0714285714285712,0.017857142857142856
26,483,SIGN32,4,33,4.0683229813664594,0.017080745341614908
27,481,SIGN32,4,33,4.0686070686070686,0.017151767151767153
28,450,SIGN32,4,33,4.0733333333333333,0.018333333333333333
29,460,SIGN32,4,33,4.071739130434783,0.017934782608695653
30,475,SIGN32,4,33,4.0694736842105259,0.017368421052631578
31,489,SIGN32,4,33,4.0674846625766872,0.016871165644171779
32,466,SIGN32,4,33,4.070815450643777,0.017703862660944206
33,472,SIGN32,4,33,4.0699152542372881,0.017478813559322032
34,485,SIGN32,4,33,4.0680412371134018,0.017010309278350514
35,467,SIGN32,4,33,4.0706638115631693,0.017665952890792293
36,451,SIGN32,4,33,4.0731707317073171,0.018292682926829267
37,478,SIGN32,4,33,4.0690376569037658,0.017259414225941423
38,474,SIGN32,4,33,4.0696202531645573,0.01740506329113924
39,503,SIGN32,4,33,4.0656063618290261,0.016401590457256462
40,509,SIGN32,4,33,4.0648330058939095,0.016208251473477406
41,473,SIGN32,4,33,4.0697674418604652,0.017441860465116279
42,436,SIGN32,4,33,4.0756880733944953,0.018922018348623854
43,503,SIGN32,4,33,4.0656063618290261,0.016401590457256462
44,486,SIGN32,4,33,4.0679012345679011,0.016975308641975308
45,515,SIGN32,4,33,4.0640776699029129,0.016019417475728156
46,482,SIGN32,4,33,4.0684647302904562,0.01711618257261411
47,532,SIGN32,4,33,4.0620300751879697,0.01550751879699248
48,501,SIGN32,4,33,4.0658682634730541,0.016467065868263474
49,466,SIGN32,4,33,4.070815450643777,0.017703862660944206
50,548,SIGN32,4,33,4.0602189781021893,0.015054744525547446
51,462,SIGN32,4,33,4.0714285714285712,0.017857142857142856
52,485,SIGN32,4,33,4.0680412371134018,0.017010309278350514
53,506,SIGN32,4,33,4.0652173913043477,0.016304347826086956
54,474,SIGN32,4,33,4.0696202531645573,0.01740506329113924
55,462,SIGN32,4,33,4.0714285714285712,0.017857142857142856
56,473,SIGN32,4,33,4.0697674418604652,0.017441860465116279
57,510,SIGN32,4,33,4.0647058823529409,0.016176470588235296
58,522,SIGN32,4,33,4.0632183908045976,0.015804597701149427
59,494,SIGN32,4,33,4.066801619433198,0.016700404858299597
60,523,SIGN32,4,33,4.0630975143403445,0.015774378585086041
61,512,SIGN32,4,33,4.064453125,0.01611328125
62,497,SIGN32,4,33,4.0663983903420524,0.01659959758551308
63,473,SIGN32,4,33,4.0697674418604652,0.017441860465116279
64,493,SIGN32,4,33,4.0669371196754565,0.016734279918864097
65,523,SIGN32,4,33,4.0630975143403445,0.015774378585086041
66,506,SIGN32,4,33,4.0652173913043477,0.016304347826086956
67,478,SIGN32,4,33,4.0690376569037658,0.017259414225941423
68,498,SIGN32,4,33,4.0662650602409638,0.016566265060240965
69,491,SIGN32,4,33,4.0672097759674131,0.01680244399185336
70,475,SIGN32,4,33,4.0694736842105259,0.017368421052631578
71,500,SIGN32,4,33,4.0659999999999998,0.016500000000000001
72,431,SIGN32,4,33,4.0765661252900234,0.0191415313225058
73,496,SIGN32,4,33,4.066532258064516,0.016633064516129031
74,479,SIGN32,4,33,4.0688935281837164,0.01722338204592902
75,491,SIGN32,4,33,4.0672097759674131,0.01680244399185336
76,478,SIGN32,4,33,4.0690376569037658,0.017259414225941423
77,529,SIGN32,4,33,4.0623818525519848,0.015595463137996219
78,480,SIGN32,4,33,4.0687499999999996,0.017187500000000001
79,494,SIGN32,4,33,4.066801619433198,0.016700404858299597
80,485,SIGN32,4,33,4.0680412371134018,0.017010309278350514
81,487,SIGN32,4,33,4.0677618069815198,0.016940451745379878
82,500,SIGN32,4,33,4.0659999999999998,0.016500000000000001
83,524,SIGN32,4,33,4.0629770992366412,0.015744274809160304
84,475,SIGN32,4,33,4.0694736842105259,0.017368421052631578
85,539,SIGN32,4,33,4.0612244897959187,0.015306122448979591
86,519,SIGN32,4,33,4.0635838150289016,0.015895953757225433
87,545,SIGN32,4,33,4.0605504587155963,0.015137614678899083
88,490,SIGN32,4,33,4.0673469387755103,0.016836734693877552
89,498,SIGN32,4,33,4.0662650602409638,0.016566265060240965
90,533,SIGN32,4,33,4.0619136960600377,0.01547842401500938
91,567,SIGN32,4,33,4.0582010582010586,0.014550264550264549
92,538,SIGN32,4,33,4.0613382899628254,0.015334572490706321
93,479,SIGN32,4,33,4.0688935281837164,0.01722338204592902
94,470,SIGN32,4,33,4.0702127659574465,0.017553191489361703
95,431,SIGN32,4,33,4.0765661252900234,0.0191415313225058
96,542,SIGN32,4,33,4.060885608856089,0.01522140221402214
97,526,SIGN32,4,33,4.0627376425855513,0.015684410646387831
98,490,SIGN32,4,33,4.0673469387755103,0.016836734693877552
99,515,SIGN32,4,33,4.0640776699029129,0.016019417475728156
100,453,SIGN32,4,33,4.072847682119205,0.018211920529801324
101,449,SIGN32,4,33,4.0734966592427613,0.018374164810690423
102,523,SIGN32,4,33,4.0630975143403445,0.015774378585086041
103,531,SIGN32,4,33,4.0621468926553677,0.015536723163841809
104,476,SIGN32,4,33,4.0693277310924367,0.017331932773109245
105,521,SIGN32,4,33,4.0633397312859882,0.01583493282149712
106,477,SIGN32,4,33,4.0691823899371071,0.017295597484276729
107,485,SIGN32,4,33,4.0680412371134018,0.017010309278350514
108,503,SIGN32,4,33,4.0656063618290261,0.016401590457256462
109,509,SIGN32,4,33,4.0648330058939095,0.016208251473477406
110,490,SIGN32,4,33,4.0673469387755103,0.016836734693877552
111,514,SIGN32,4,33,4.06420233463035,0.016050583657587547
112,514,SIGN32,4,33,4.06420233463035,0.016050583657587547
113,530,SIGN32,4,33,4.0622641509433963,0.015566037735849057
114,521,SIGN32,4,33,4.0633397312859882,0.01583493282149712
115,516,SIGN32,4,33,4.0639534883720927,0.015988372093023256
116,521,SIGN32,4,33,4.0633397312859882,0.01583493282149712
117,455,SIGN32,4,33,4.0725274725274723,0.018131868131868133
118,491,SIGN32,4,33,4.0672097759674131,0.01680244399185336
119,554,SIGN32,4,33,4.0595667870036101,0.014891696750902527
120,446,SIGN32,4,33,4.0739910313901344,0.018497757847533634
121,501,SIGN32,4,33,4.0658682634730541,0.016467065868263474
122,531,SIGN32,4,33,4.0621468926553677,0.015536723163841809
123,529,SIGN32,4,33,4.0623818525519848,0.015595463137996219
124,481,SIGN32,4,33,4.0686070686070686,0.017151767151767153
125,490,SIGN32,4,33,4.0673469387755103,0.016836734693877552
126,472,SIGN32,4,33,4.0699152542372881,0.017478813559322032
127,461,SIGN32,4,33,4.0715835140997827,0.017895878524945771
128,514,SIGN32,4,33,4.06420233463035,0.016050583657587547
129,495,SIGN32,4,33,4.0666666666666664,0.016666666666666666
130,487,SIGN32,4,33,4.0677618069815198,0.016940451745379878
131,495,SIGN32,4,33,4.0666666666666664,0.016666666666666666
132,606,SIGN32,4,33,4.0544554455445541,0.013613861386138614
133,422,SIGN32,4,33,4.0781990521327014,0.019549763033175356
134,471,SIGN32,4,33,4.0700636942675157,0.01751592356687898
135,616,SIGN32,4,33,4.0535714285714288,0.013392857142857142
136,518,SIGN32,4,33,4.0637065637065639,0.015926640926640926
137,528,SIGN32,4,33,4.0625,0.015625
138,487,SIGN32,4,33,4.0677618069815198,0.016940451745379878
139,419,SIGN32,4,33,4.078758949880668,0.019689737470167064
140,479,SIGN32,4,33,4.0688935281837164,0.01722338204592902
141,510,SIGN32,4,33,4.0647058823529409,0.016176470588235296
142,445,SIGN32,4,33,4.0741573033707867,0.01853932584269663
143,483,SIGN32,4,33,4.0683229813664594,0.017080745341614908
144,448,SIGN32,4,33,4.0736607142857144,0.018415178571428572
145,472,SIGN32,4,33,4.0699152542372881,0.017478813559322032
146,454,SIGN32,4,33,4.0726872246696031,0.01817180616740088
147,482,SIGN32,4,33,4.0684647302904562,0.01711618257261411
148,494,SIGN32,4,33,4.066801619433198,0.016700404858299597
149,541,SIGN32,4,33,4.0609981515711642,0.015249537892791128
150,506,SIGN32,4,33,4.0652173913043477,0.016304347826086956
151,459,SIGN32,4,33,4.0718954248366011,0.017973856209150325
152,497,SIGN32,4,33,4.0663983903420524,0.01659959758551308
153,488,SIGN32,4,33,4.067622950819672,0.016905737704918034
154,489,SIGN32,4,33,4.0674846625766872,0.016871165644171779
155,452,SIGN32,4,33,4.0730088495575218,0.018252212389380532
156,507,SIGN32,4,33,4.0650887573964498,0.016272189349112426
157,510,SIGN32,4,33,4.0647058823529409,0.016176470588235296
158,476,SIGN32,4,33,4.0693277310924367,0.017331932773109245
159,483,SIGN32,4,33,4.0683229813664594,0.017080745341614908
160,413,SIGN32,4,33,4.079903147699758,0.019975786924939468
161,493,SIGN32,4,33,4.0669371196754565,0.016734279918864097
162,513,SIGN32,4,33,4.064327485380117,0.016081871345029239
163,454,SIGN32,4,33,4.0726872246696031,0.01817180616740088
164,468,SIGN32,4,33,4.0705128205128203,0.017628205128205128
165,482,SIGN32,4,33,4.0684647302904562,0.01711618257261411
166,471,SIGN32,4,33,4.0700636942675157,0.01751592356687898
167,429,SIGN32,4,33,4.0769230769230766,0.019230769230769232
168,470,SIGN32,4,33,4.0702127659574465,0.017553191489361703
169,505,SIGN32,4,33,4.0653465346534654,0.016336633663366337
170,513,SIGN32,4,33,4.064327485380117,0.016081871345029239
171,460,SIGN32,4,33,4.071739130434783,0.017934782608695653
172,500,SIGN32,4,33,4.0659999999999998,0.016500000000000001
173,483,SIGN32,4,33,4.0683229813664594,0.017080745341614908
174,495,SIGN32,4,33,4.0666666666666664,0.016666666666666666
175,614,SIGN32,4,33,4.0537459283387625,0.013436482084690555
176,493,SIGN32,4,33,4.0669371196754565,0.016734279918864097
177,514,SIGN32,4,33,4.06420233463035,0.016050583657587547
178,550,SIGN32,4,33,4.0599999999999996,0.014999999999999999
179,439,SIGN32,4,33,4.0751708428246012,0.01879271070615034
180,466,SIGN32,4,33,4.070815450643777,0.017703862660944206
181,501,SIGN32,4,33,4.0658682634730541,0.016467065868263474
182,496,SIGN32,4,33,4.066532258064516,0.016633064516129031
183,516,SIGN32,4,33,4.0639534883720927,0.015988372093023256
184,446,SIGN32,4,33,4.0739910313901344,0.018497757847533634
185,469,SIGN32,4,33,4.0703624733475481,0.017590618336886993
186,490,SIGN32,4,33,4.0673469387755103,0.016836734693877552
187,491,SIGN32,4,33,4.0672097759674131,0.01680244399185336
188,474,SIGN32,4,33,4.0696202531645573,0.01740506329113924
189,466,SIGN32,4,33,4.070815450643777,0.017703862660944206
190,489,SIGN32,4,33,4.0674846625766872,0.016871165644171779
191,542,SIGN32,4,33,4.060885608856089,0.01522140221402214
192,527,SIGN32,4,33,4.0626185958254268,0.015654648956356737
193,506,SIGN32,4,33,4.0652173913043477,0.016304347826086956
194,489,SIGN32,4,33,4.0674846625766872,0.016871165644171779
195,564,SIGN32,4,33,4.0585106382978724,0.014627659574468085
196,502,SIGN32,4,33,4.0657370517928291,0.016434262948207171
197,554,SIGN32,4,33,4.0595667870036101,0.014891696750902527
198,487,SIGN32,4,33,4.0677618069815198,0.016940451745379878
199,510,SIGN32,4,33,4.0647058823529409,0.016176470588235296
200,511,SIGN32,4,33,4.0645792563600782,0.016144814090019569
201,484,SIGN32,4,33,4.0681818181818183,0.017045454545454544
202,396,SIGN32,4,33,4.083333333333333,0.020833333333333332
203,512,SIGN32,4,33,4.064453125,0.01611328125
204,453,SIGN32,4,33,4.072847682119205,0.018211920529801324
205,493,SIGN32,4,33,4.0669371196754565,0.016734279918864097
206,485,SIGN32,4,33,4.0680412371134018,0.017010309278350514
207,503,SIGN32,4,33,4.0656063618290261,0.016401590457256462
208,493,SIGN32,4,33,4.0669371196754565,0.016734279918864097
209,474,SIGN32,4,33,4.0696202531645573,0.01740506329113924
210,479,SIGN32,4,33,4.0688935281837164,0.01722338204592902
211,467,SIGN32,4,33,4.0706638115631693,0.017665952890792293
212,469,SIGN32,4,33,4.0703624733475481,0.017590618336886993
213,528,SIGN32,4,33,4.0625,0.015625
214,523,SIGN32,4,33,4.0630975143403445,0.015774378585086041
215,512,SIGN32,4,33,4.064453125,0.01611328125
216,508,SIGN32,4,33,4.0649606299212602,0.01624015748031496
217,492,SIGN32,4,33,4.0670731707317076,0.01676829268292683
218,537,SIGN32,4,33,4.0614525139664801,0.015363128491620111
219,434,SIGN32,4,33,4.0760368663594466,0.019009216589861752
220,468,SIGN32,4,33,4.0705128205128203,0.017628205128205128
221,454,SIGN32,4,33,4.0726872246696031,0.01817180616740088
222,498,SIGN32,4,33,4.0662650602409638,0.016566265060240965
223,486,SIGN32,4,33,4.0679012345679011,0.016975308641975308
224,487,SIGN32,4,33,4.0677618069815198,0.016940451745379878
225,485,SIGN32,4,33,4.0680412371134018,0.017010309278350514
226,489,SIGN32,4,33,4.0674846625766872,0.016871165644171779
227,455,SIGN32,4,33,4.0725274725274723,0.018131868131868133
228,489,SIGN32,4,33,4.0674846625766872,0.016871165644171779
229,510,SIGN32,4,33,4.0647058823529409,0.016176470588235296
230,507,SIGN32,4,33,4.0650887573964498,0.016272189349112426
231,487,SIGN32,4,33,4.0677618069815198,0.016940451745379878
232,473,SIGN32,4,33,4.0697674418604652,0.017441860465116279
233,486,SIGN32,4,33,4.0679012345679011,0.016975308641975308
234,530,SIGN32,4,33,4.0622641509433963,0.015566037735849057
235,532,SIGN32,4,33,4.0620300751879697,0.01550751879699248
236,541,SIGN32,4,33,4.0609981515711642,0.015249537892791128
237,459,SIGN32,4,33,4.0718954248366011,0.017973856209150325
238,493,SIGN32,4,33,4.0669371196754565,0.016734279918864097
239,537,SIGN32,4,33,4.0614525139664801,0.015363128491620111
240,476,SIGN32,4,33,4.0693277310924367,0.017331932773109245
241,534,SIGN32,4,33,4.0617977528089888,0.015449438202247191
242,560,SIGN32,4,33,4.058928571428571,0.014732142857142857
243,457,SIGN32,4,33,4.072210065645514,0.018052516411378557
244,492,SIGN32,4,33,4.0670731707317076,0.01676829268292683
245,474,SIGN32,4,33,4.0696202531645573,0.01740506329113924
246,448,SIGN32,4,33,4.0736607142857144,0.018415178571428572
247,584,SIGN32,4,33,4.0565068493150687,0.014126712328767123
248,467,SIGN32,4,33,4.0706638115631693,0.017665952890792293
249,478,SIGN32,4,33,4.0690376569037658,0.017259414225941423
250,484,SIGN32,4,33,4.0681818181818183,0.017045454545454544
251,529,SIGN32,4,33,4.0623818525519848,0.015595463137996219
252,512,SIGN32,4,33,4.064453125,0.01611328125
253,476,SIGN32,4,33,4.0693277310924367,0.017331932773109245
254,496,SIGN32,4,33,4.066532258064516,0.016633064516129031
255,489,SIGN32,4,33,4.0674846625766872,0.016871165644171779
256,476,SIGN32,4,33,4.0693277310924367,0.017331932773109245
257,485,SIGN32,4,33,4.0680412371134018,0.017010309278350514
258,529,SIGN32,4,33,4.0623818525519848,0.015595463137996219
259,466,SIGN32,4,33,4.070815450643777,0.017703862660944206
260,495,SIGN32,4,33,4.0666666666666664,0.016666666666666666
261,495,SIGN32,4,33,4.0666666666666664,0.016666666666666666
262,502,SIGN32,4,33,4.0657370517928291,0.016434262948207171
263,484,SIGN32,4,33,4.0681818181818183,0.017045454545454544
264,503,SIGN32,4,33,4.0656063618290261,0.016401590457256462
265,502,SIGN32,4,33,4.0657370517928291,0.016434262948207171
266,494,SIGN32,4,33,4.066801619433198,0.016700404858299597
267,463,SIGN32,4,33,4.0712742980561556,0.017818574514038878
268,502,SIGN32,4,33,4.0657370517928291,0.016434262948207171
269,478,SIGN32,4,33,4.0690376569037658,0.017259414225941423
270,457,SIGN32,4,33,4.072210065645514,0.018052516411378557
271,516,SIGN32,4,33,4.0639534883720927,0.015988372093023256
272,510,SIGN32,4,33,4.0647058823529409,0.016176470588235296
273,460,SIGN32,4,33,4.071739130434783,0.017934782608695653
274,516,SIGN32,4,33,4.0639534883720927,0.015988372093023256
275,456,SIGN32,4,33,4.0723684210526319,0.018092105263157895
276,492,SIGN32,4,33,4.0670731707317076,0.01676829268292683
277,409,SIGN32,4,33,4.0806845965770169,0.020171149144254278
278,454,SIGN32,4,33,4.0726872246696031,0.01817180616740088
279,495,SIGN32,4,33,4.0666666666666664,0.016666666666666666
280,487,SIGN32,4,33,4.0677618069815198,0.016940451745379878
281,467,SIGN32,4,33,4.0706638115631693,0.017665952890792293
282,537,SIGN32,4,33,4.0614525139664801,0.015363128491620111
283,453,SIGN32,4,33,4.072847682119205,0.018211920529801324
284,516,SIGN32,4,33,4.0639534883720927,0.015988372093023256
285,492,SIGN32,4,33,4.0670731707317076,0.01676829268292683
286,509,SIGN32,4,33,4.0648330058939095,0.016208251473477406
287,478,SIGN32,4,33,4.0690376569037658,0.017259414225941423
288,528,SIGN32,4,33,4.0625,0.015625
289,488,SIGN32,4,33,4.067622950819672,0.016905737704918034
290,490,SIGN32,4,33,4.0673469387755103,0.016836734693877552
291,485,SIGN32,4,33,4.0680412371134018,0.017010309278350514
292,469,SIGN32,4,33,4.0703624733475481,0.017590618336886993
293,477,SIGN32,4,33,4.0691823899371071,0.017295597484276729
294,520,SIGN32,4,33,4.0634615384615387,0.015865384615384615
295,478,SIGN32,4,33,4.0690376569037658,0.017259414225941423
296,459,SIGN32,4,33,4.0718954248366011,0.017973856209150325
297,487,SIGN32,4,33,4.0677618069815198,0.016940451745379878
298,504,SIGN32,4,33,4.0654761904761907,0.01636904761904762
299,504,SIGN32,4,33,4.0654761904761907,0.01636904761904762
300,511,SIGN32,4,33,4.0645792563600782,0.016144814090019569
301,493,SIGN32,4,33,4.0669371196754565,0.016734279918864097
302,466,SIGN32,4,33,4.070815450643777,0.017703862660944206
303,462,SIGN32,4,33,4.0714285714285712,0.017857142857142856
304,496,SIGN32,4,33,4.066532258064516,0.016633064516129031
305,493,SIGN32,4,33,4.0669371196754565,0.016734279918864097
306,457,SIGN32,4,33,4.072210065645514,0.018052516411378557
307,471,SIGN32,4,33,4.0700636942675157,0.01751592356687898
308,521,SIGN32,4,33,4.0633397312859882,0.01583493282149712
309,493,SIGN32,4,33,4.0669371196754565,0.016734279918864097
310,550,SIGN32,4,33,4.0599999999999996,0.014999999999999999
311,429,SIGN32,4,33,4.0769230769230766,0.019230769230769232
312,512,SIGN32,4,33,4.064453125,0.01611328125
313,485,SIGN32,4,33,4.0680412371134018,0.017010309278350514
314,530,SIGN32,4,33,4.0622641509433963,0.015566037735849057
315,479,SIGN32,4,33,4.0688935281837164,0.01722338204592902
316,474,SIGN32,4,33,4.0696202531645573,0.01740506329113924
317,532,SIGN32,4,33,4.0620300751879697,0.01550751879699248
318,437,SIGN32,4,33,4.0755148741418763,0.018878718535469109
319,469,SIGN32,4,33,4.0703624733475481,0.017590618336886993
320,520,SIGN32,4,33,4.0634615384615387,0.015865384615384615
321,533,SIGN32,4,33,4.0619136960600377,0.01547842401500938
322,504,SIGN32,4,33,4.0654761904761907,0.01636904761904762
323,521,SIGN32,4,33,4.0633397312859882,0.01583493282149712
324,475,SIGN32,4,33,4.0694736842105259,0.017368421052631578
325,476,SIGN32,4,33,4.0693277310924367,0.017331932773109245
326,505,SIGN32,4,33,4.0653465346534654,0.016336633663366337
327,470,SIGN32,4,33,4.0702127659574465,0.017553191489361703
328,516,SIGN32,4,33,4.0639534883720927,0.015988372093023256
329,480,SIGN32,4,33,4.0687499999999996,0.017187500000000001
330,523,SIGN32,4,33,4.0630975143403445,0.015774378585086041
331,530,SIGN32,4,33,4.0622641509433963,0.015566037735849057
332,458,SIGN32,4,33,4.072052401746725,0.018013100436681223
333,519,SIGN32,4,33,4.0635838150289016,0.015895953757225433
334,550,SIGN32,4,33,4.0599999999999996,0.014999999999999999
335,530,SIGN32,4,33,4.0622641509433963,0.015566037735849057
336,506,SIGN32,4,33,4.0652173913043477,0.016304347826086956
337,461,SIGN32,4,33,4.0715835140997827,0.017895878524945771
338,448,SIGN32,4,33,4.0736607142857144,0.018415178571428572
339,493,SIGN32,4,33,4.0669371196754565,0.016734279918864097
340,496,SIGN32,4,33,4.066532258064516,0.016633064516129031
341,506,SIGN32,4,33,4.0652173913043477,0.016304347826086956
342,481,SIGN32,4,33,4.0686070686070686,0.017151767151767153
343,483,SIGN32,4,33,4.0683229813664594,0.017080745341614908
344,533,SIGN32,4,33,4.0619136960600377,0.01547842401500938
345,589,SIGN32,4,33,4.0560271646859087,0.01400679117147708
346,464,SIGN32,4,33,4.0711206896551726,0.017780172413793104
347,476,SIGN32,4,33,4.0693277310924367,0.017331932773109245
348,513,SIGN32,4,33,4.064327485380117,0.016081871345029239
349,489,SIGN32,4,33,4.0674846625766872,0.016871165644171779
350,495,SIGN32,4,33,4.0666666666666664,0.016666666666666666
351,543,SIGN32,4,33,4.0607734806629834,0.015193370165745856
352,482,SIGN32,4,33,4.0684647302904562,0.01711618257261411
353,513,SIGN32,4,33,4.064327485380117,0.016081871345029239
354,445,SIGN32,4,33,4.0741573033707867,0.01853932584269663
355,522,SIGN32,4,33,4.0632183908045976,0.015804597701149427
356,497,SIGN32,4,33,4.0663983903420524,0.01659959758551308
357,500,SIGN32,4,33,4.0659999999999998,0.016500000000000001
358,508,SIGN32,4,33,4.0649606299212602,0.01624015748031496
359,515,SIGN32,4,33,4.0640776699029129,0.016019417475728156
360,585,SIGN32,4,33,4.0564102564102562,0.014102564102564103
361,484,SIGN32,4,33,4.0681818181818183,0.017045454545454544
362,424,SIGN32,4,33,4.0778301886792452,0.01945754716981132
363,487,SIGN32,4,33,4.0677618069815198,0.016940451745379878
364,504,SIGN32,4,33,4.0654761904761907,0.01636904761904762
365,473,SIGN32,4,33,4.0697674418604652,0.017441860465116279
366,442,SIGN32,4,33,4.0746606334841626,0.018665158371040724
367,459,SIGN32,4,33,4.0718954248366011,0.017973856209150325
368,527,SIGN32,4,33,4.0626185958254268,0.015654648956356737
369,506,SIGN32,4,33,4.0652173913043477,0.016304347826086956
370,497,SIGN32,4,33,4.0663983903420524,0.01659959758551308
371,470,SIGN32,4,33,4.0702127659574465,0.017553191489361703
372,495,SIGN32,4,33,4.0666666666666664,0.016666666666666666
373,533,SIGN32,4,33,4.0619136960600377,0.01547842401500938
374,474,SIGN32,4,33,4.0696202531645573,0.01740506329113924
375,453,SIGN32,4,33,4.072847682119205,0.018211920529801324
376,483,SIGN32,4,33,4.0683229813664594,0.017080745341614908
377,517,SIGN32,4,33,4.0638297872340425,0.015957446808510637
378,479,SIGN32,4,33,4.0688935281837164,0.01722338204592902
379,498,SIGN32,4,33,4.0662650602409638,0.016566265060240965
380,446,SIGN32,4,33,4.0739910313901344,0.018497757847533634
381,511,SIGN32,4,33,4.0645792563600782,0.016144814090019569
382,467,SIGN32,4,33,4.0706638115631693,0.017665952890792293
383,495,SIGN32,4,33,4.0666666666666664,0.016666666666666666
384,465,SIGN32,4,33,4.0709677419354842,0.017741935483870968
385,502,SIGN32,4,33,4.0657370517928291,0.016434262948207171
386,591,SIGN32,4,33,4.0558375634517763,0.013959390862944163
387,483,SIGN32,4,33,4.0683229813664594,0.017080745341614908
388,458,SIGN32,4,33,4.072052401746725,0.018013100436681223
389,472,SIGN32,4,33,4.0699152542372881,0.017478813559322032
390,474,SIGN32,4,33,4.0696202531645573,0.01740506329113924
391,515,SIGN32,4,33,4.0640776699029129,0.016019417475728156
392,457,SIGN32,4,33,4.072210065645514,0.018052516411378557
393,465,SIGN32,4,33,4.0709677419354842,0.017741935483870968
394,493,SIGN32,4,33,4.0669371196754565,0.016734279918864097
395,501,SIGN32,4,33,4.0658682634730541,0.016467065868263474
396,498,SIGN32,4,33,4.0662650602409638,0.016566265060240965
397,460,SIGN32,4,33,4.071739130434783,0.017934782608695653
398,532,SIGN32,4,33,4.0620300751879697,0.01550751879699248
399,486,SIGN32,4,33,4.0679012345679011,0.016975308641975308
400,469,SIGN32,4,33,4.0703624733475481,0.017590618336886993
401,500,SIGN32,4,33,4.0659999999999998,0.016500000000000001
402,460,SIGN32,4,33,4.071739130434783,0.017934782608695653
403,520,SIGN32,4,33,4.0634615384615387,0.015865384615384615
404,472,SIGN32,4,33,4.0699152542372881,0.017478813559322032
405,513,SIGN32,4,33,4.064327485380117,0.016081871345029239
406,516,SIGN32,4,33,4.0639534883720927,0.015988372093023256
407,484,SIGN32,4,33,4.0681818181818183,0.017045454545454544
408,497,SIGN32,4,33,4.0663983903420524,0.01659959758551308
409,481,SIGN32,4,33,4.0686070686070686,0.017151767151767153
410,547,SIGN32,4,33,4.0603290676416819,0.015082266910420476
411,467,SIGN32,4,33,4.0706638115631693,0.017665952890792293
412,452,SIGN32,4,33,4.0730088495575218,0.018252212389380532
413,491,SIGN32,4,33,4.0672097759674131,0.01680244399185336
414,459,SIGN32,4,33,4.0718954248366011,0.017973856209150325
415,565,SIGN32,4,33,4.0584070796460177,0.014601769911504425
416,489,SIGN32,4,33,4.0674846625766872,0.016871165644171779
417,467,SIGN32,4,33,4.0706638115631693,0.017665952890792293
418,525,SIGN32,4,33,4.0628571428571432,0.015714285714285715
419,480,SIGN32,4,33,4.0687499999999996,0.017187500000000001
420,482,SIGN32,4,33,4.0684647302904562,0.01711618257261411
421,505,SIGN32,4,33,4.0653465346534654,0.016336633663366337
422,561,SIGN32,4,33,4.0588235294117645,0.014705882352941176
423,467,SIGN32,4,33,4.0706638115631693,0.017665952890792293
424,519,SIGN32,4,33,4.0635838150289016,0.015895953757225433
425,516,SIGN32,4,33,4.0639534883720927,0.015988372093023256
426,480,SIGN32,4,33,4.0687499999999996,0.017187500000000001
427,533,SIGN32,4,33,4.0619136960600377,0.01547842401500938
428,558,SIGN32,4,33,4.059139784946237,0.014784946236559141
429,497,SIGN32,4,33,4.0663983903420524,0.01659959758551308
430,489,SIGN32,4,33,4.0674846625766872,0.016871165644171779
431,500,SIGN32,4,33,4.0659999999999998,0.016500000000000001
432,505,SIGN32,4,33,4.0653465346534654,0.016336633663366337
433,493,SIGN32,4,33,4.0669371196754565,0.016734279918864097
434,485,SIGN32,4,33,4.0680412371134018,0.017010309278350514
435,480,SIGN32,4,33,4.0687499999999996,0.017187500000000001
436,444,SIGN32,4,33,4.0743243243243246,0.018581081081081082
437,445,SIGN32,4,33,4.0741573033707867,0.01853932584269663
438,490,SIGN32,4,33,4.0673469387755103,0.016836734693877552
439,470,SIGN32,4,33,4.0702127659574465,0.017553191489361703
440,498,SIGN32,4,33,4.0662650602409638,0.016566265060240965
441,476,SIGN32,4,33,4.0693277310924367,0.017331932773109245
442,477,SIGN32,4,33,4.0691823899371071,0.017295597484276729
443,481,SIGN32,4,33,4.0686070686070686,0.017151767151767153
444,476,SIGN32,4,33,4.0693277310924367,0.017331932773109245
445,457,SIGN32,4,33,4.072210065645514,0.018052516411378557
446,542,SIGN32,4,33,4.060885608856089,0.01522140221402214
447,500,SIGN32,4,33,4.0659999999999998,0.016500000000000001
448,537,SIGN32,4,33,4.0614525139664801,0.015363128491620111
449,500,SIGN32,4,33,4.0659999999999998,0.016500000000000001
450,508,SIGN32,4,33,4.0649606299212602,0.01624015748031496
451,477,SIGN32,4,33,4.0691823899371071,0.017295597484276729
452,480,SIGN32,4,33,4.0687499999999996,0.017187500000000001
453,491,SIGN32,4,33,4.0672097759674131,0.01680244399185336
454,438,SIGN32,4,33,4.0753424657534243,0.018835616438356163
455,495,SIGN32,4,33,4.0666666666666664,0.016666666666666666
456,534,SIGN32,4,33,4.0617977528089888,0.015449438202247191
457,497,SIGN32,4,33,4.0663983903420524,0.01659959758551308
458,467,SIGN32,4,33,4.0706638115631693,0.017665952890792293
459,566,SIGN32,4,33,4.0583038869257955,0.014575971731448763
460,444,SIGN32,4,33,4.0743243243243246,0.018581081081081082
461,507,SIGN32,4,33,4.0650887573964498,0.016272189349112426
462,490,SIGN32,4,33,4.0673469387755103,0.016836734693877552
463,516,SIGN32,4,33,4.0639534883720927,0.015988372093023256
464,479,SIGN32,4,33,4.0688935281837164,0.01722338204592902
465,495,SIGN32,4,33,4.0666666666666664,0.016666666666666666
466,454,SIGN32,4,33,4.0726872246696031,0.01817180616740088
467,498,SIGN32,4,33,4.0662650602409638,0.016566265060240965
468,507,SIGN32,4,33,4.0650887573964498,0.016272189349112426
469,556,SIGN32,4,33,4.0593525179856114,0.014838129496402877
470,471,SIGN32,4,33,4.0700636942675157,0.01751592356687898
1,514,QUIVER_STYLE48X2_COMPACT,12,0,12,0
2,486,QUIVER_STYLE48X2_COMPACT,12,0,12,0
3,486,QUIVER_STYLE48X2_COMPACT,12,0,12,0
4,487,QUIVER_STYLE48X2_COMPACT,12,0,12,0
5,494,QUIVER_STYLE48X2_COMPACT,12,0,12,0
6,443,QUIVER_STYLE48X2_COMPACT,12,0,12,0
7,479,QUIVER_STYLE48X2_COMPACT,12,0,12,0
8,503,QUIVER_STYLE48X2_COMPACT,12,0,12,0
9,513,QUIVER_STYLE48X2_COMPACT,12,0,12,0
10,527,QUIVER_STYLE48X2_COMPACT,12,0,12,0
11,551,QUIVER_STYLE48X2_COMPACT,12,0,12,0
12,524,QUIVER_STYLE48X2_COMPACT,12,0,12,0
13,490,QUIVER_STYLE48X2_COMPACT,12,0,12,0
14,484,QUIVER_STYLE48X2_COMPACT,12,0,12,0
15,480,QUIVER_STYLE48X2_COMPACT,12,0,12,0
16,484,QUIVER_STYLE48X2_COMPACT,12,0,12,0
17,466,QUIVER_STYLE48X2_COMPACT,12,0,12,0
18,479,QUIVER_STYLE48X2_COMPACT,12,0,12,0
19,481,QUIVER_STYLE48X2_COMPACT,12,0,12,0
20,485,QUIVER_STYLE48X2_COMPACT,12,0,12,0
21,484,QUIVER_STYLE48X2_COMPACT,12,0,12,0
22,463,QUIVER_STYLE48X2_COMPACT,12,0,12,0
23,443,QUIVER_STYLE48X2_COMPACT,12,0,12,0
24,486,QUIVER_STYLE48X2_COMPACT,12,0,12,0
25,462,QUIVER_STYLE48X2_COMPACT,12,0,12,0
26,483,QUIVER_STYLE48X2_COMPACT,12,0,12,0
27,481,QUIVER_STYLE48X2_COMPACT,12,0,12,0
28,450,QUIVER_STYLE48X2_COMPACT,12,0,12,0
29,460,QUIVER_STYLE48X2_COMPACT,12,0,12,0
30,475,QUIVER_STYLE48X2_COMPACT,12,0,12,0
31,489,QUIVER_STYLE48X2_COMPACT,12,0,12,0
32,466,QUIVER_STYLE48X2_COMPACT,12,0,12,0
33,472,QUIVER_STYLE48X2_COMPACT,12,0,12,0
34,485,QUIVER_STYLE48X2_COMPACT,12,0,12,0
35,467,QUIVER_STYLE48X2_COMPACT,12,0,12,0
36,451,QUIVER_STYLE48X2_COMPACT,12,0,12,0
37,478,QUIVER_STYLE48X2_COMPACT,12,0,12,0
38,474,QUIVER_STYLE48X2_COMPACT,12,0,12,0
39,503,QUIVER_STYLE48X2_COMPACT,12,0,12,0
40,509,QUIVER_STYLE48X2_COMPACT,12,0,12,0
41,473,QUIVER_STYLE48X2_COMPACT,12,0,12,0
42,436,QUIVER_STYLE48X2_COMPACT,12,0,12,0
43,503,QUIVER_STYLE48X2_COMPACT,12,0,12,0
44,486,QUIVER_STYLE48X2_COMPACT,12,0,12,0
45,515,QUIVER_STYLE48X2_COMPACT,12,0,12,0
46,482,QUIVER_STYLE48X2_COMPACT,12,0,12,0
47,532,QUIVER_STYLE48X2_COMPACT,12,0,12,0
48,501,QUIVER_STYLE48X2_COMPACT,12,0,12,0
49,466,QUIVER_STYLE48X2_COMPACT,12,0,12,0
50,548,QUIVER_STYLE48X2_COMPACT,12,0,12,0
51,462,QUIVER_STYLE48X2_COMPACT,12,0,12,0
52,485,QUIVER_STYLE48X2_COMPACT,12,0,12,0
53,506,QUIVER_STYLE48X2_COMPACT,12,0,12,0
54,474,QUIVER_STYLE48X2_COMPACT,12,0,12,0
55,462,QUIVER_STYLE48X2_COMPACT,12,0,12,0
56,473,QUIVER_STYLE48X2_COMPACT,12,0,12,0
57,510,QUIVER_STYLE48X2_COMPACT,12,0,12,0
58,522,QUIVER_STYLE48X2_COMPACT,12,0,12,0
59,494,QUIVER_STYLE48X2_COMPACT,12,0,12,0
60,523,QUIVER_STYLE48X2_COMPACT,12,0,12,0
61,512,QUIVER_STYLE48X2_COMPACT,12,0,12,0
62,497,QUIVER_STYLE48X2_COMPACT,12,0,12,0
63,473,QUIVER_STYLE48X2_COMPACT,12,0,12,0
64,493,QUIVER_STYLE48X2_COMPACT,12,0,12,0
65,523,QUIVER_STYLE48X2_COMPACT,12,0,12,0
66,506,QUIVER_STYLE48X2_COMPACT,12,0,12,0
67,478,QUIVER_STYLE48X2_COMPACT,12,0,12,0
68,498,QUIVER_STYLE48X2_COMPACT,12,0,12,0
69,491,QUIVER_STYLE48X2_COMPACT,12,0,12,0
70,475,QUIVER_STYLE48X2_COMPACT,12,0,12,0
71,500,QUIVER_STYLE48X2_COMPACT,12,0,12,0
72,431,QUIVER_STYLE48X2_COMPACT,12,0,12,0
73,496,QUIVER_STYLE48X2_COMPACT,12,0,12,0
74,479,QUIVER_STYLE48X2_COMPACT,12,0,12,0
75,491,QUIVER_STYLE48X2_COMPACT,12,0,12,0
76,478,QUIVER_STYLE48X2_COMPACT,12,0,12,0
77,529,QUIVER_STYLE48X2_COMPACT,12,0,12,0
78,480,QUIVER_STYLE48X2_COMPACT,12,0,12,0
79,494,QUIVER_STYLE48X2_COMPACT,12,0,12,0
80,485,QUIVER_STYLE48X2_COMPACT,12,0,12,0
81,487,QUIVER_STYLE48X2_COMPACT,12,0,12,0
82,500,QUIVER_STYLE48X2_COMPACT,12,0,12,0
83,524,QUIVER_STYLE48X2_COMPACT,12,0,12,0
84,475,QUIVER_STYLE48X2_COMPACT,12,0,12,0
85,539,QUIVER_STYLE48X2_COMPACT,12,0,12,0
86,519,QUIVER_STYLE48X2_COMPACT,12,0,12,0
87,545,QUIVER_STYLE48X2_COMPACT,12,0,12,0
88,490,QUIVER_STYLE48X2_COMPACT,12,0,12,0
89,498,QUIVER_STYLE48X2_COMPACT,12,0,12,0
90,533,QUIVER_STYLE48X2_COMPACT,12,0,12,0
91,567,QUIVER_STYLE48X2_COMPACT,12,0,12,0
92,538,QUIVER_STYLE48X2_COMPACT,12,0,12,0
93,479,QUIVER_STYLE48X2_COMPACT,12,0,12,0
94,470,QUIVER_STYLE48X2_COMPACT,12,0,12,0
95,431,QUIVER_STYLE48X2_COMPACT,12,0,12,0
96,542,QUIVER_STYLE48X2_COMPACT,12,0,12,0
97,526,QUIVER_STYLE48X2_COMPACT,12,0,12,0
98,490,QUIVER_STYLE48X2_COMPACT,12,0,12,0
99,515,QUIVER_STYLE48X2_COMPACT,12,0,12,0
100,453,QUIVER_STYLE48X2_COMPACT,12,0,12,0
101,449,QUIVER_STYLE48X2_COMPACT,12,0,12,0
102,523,QUIVER_STYLE48X2_COMPACT,12,0,12,0
103,531,QUIVER_STYLE48X2_COMPACT,12,0,12,0
104,476,QUIVER_STYLE48X2_COMPACT,12,0,12,0
105,521,QUIVER_STYLE48X2_COMPACT,12,0,12,0
106,477,QUIVER_STYLE48X2_COMPACT,12,0,12,0
107,485,QUIVER_STYLE48X2_COMPACT,12,0,12,0
108,503,QUIVER_STYLE48X2_COMPACT,12,0,12,0
109,509,QUIVER_STYLE48X2_COMPACT,12,0,12,0
110,490,QUIVER_STYLE48X2_COMPACT,12,0,12,0
111,514,QUIVER_STYLE48X2_COMPACT,12,0,12,0
112,514,QUIVER_STYLE48X2_COMPACT,12,0,12,0
113,530,QUIVER_STYLE48X2_COMPACT,12,0,12,0
114,521,QUIVER_STYLE48X2_COMPACT,12,0,12,0
115,516,QUIVER_STYLE48X2_COMPACT,12,0,12,0
116,521,QUIVER_STYLE48X2_COMPACT,12,0,12,0
117,455,QUIVER_STYLE48X2_COMPACT,12,0,12,0
118,491,QUIVER_STYLE48X2_COMPACT,12,0,12,0
119,554,QUIVER_STYLE48X2_COMPACT,12,0,12,0
120,446,QUIVER_STYLE48X2_COMPACT,12,0,12,0
121,501,QUIVER_STYLE48X2_COMPACT,12,0,12,0
122,531,QUIVER_STYLE48X2_COMPACT,12,0,12,0
123,529,QUIVER_STYLE48X2_COMPACT,12,0,12,0
124,481,QUIVER_STYLE48X2_COMPACT,12,0,12,0
125,490,QUIVER_STYLE48X2_COMPACT,12,0,12,0
126,472,QUIVER_STYLE48X2_COMPACT,12,0,12,0
127,461,QUIVER_STYLE48X2_COMPACT,12,0,12,0
128,514,QUIVER_STYLE48X2_COMPACT,12,0,12,0
129,495,QUIVER_STYLE48X2_COMPACT,12,0,12,0
130,487,QUIVER_STYLE48X2_COMPACT,12,0,12,0
131,495,QUIVER_STYLE48X2_COMPACT,12,0,12,0
132,606,QUIVER_STYLE48X2_COMPACT,12,0,12,0
133,422,QUIVER_STYLE48X2_COMPACT,12,0,12,0
134,471,QUIVER_STYLE48X2_COMPACT,12,0,12,0
135,616,QUIVER_STYLE48X2_COMPACT,12,0,12,0
136,518,QUIVER_STYLE48X2_COMPACT,12,0,12,0
137,528,QUIVER_STYLE48X2_COMPACT,12,0,12,0
138,487,QUIVER_STYLE48X2_COMPACT,12,0,12,0
139,419,QUIVER_STYLE48X2_COMPACT,12,0,12,0
140,479,QUIVER_STYLE48X2_COMPACT,12,0,12,0
141,510,QUIVER_STYLE48X2_COMPACT,12,0,12,0
142,445,QUIVER_STYLE48X2_COMPACT,12,0,12,0
143,483,QUIVER_STYLE48X2_COMPACT,12,0,12,0
144,448,QUIVER_STYLE48X2_COMPACT,12,0,12,0
145,472,QUIVER_STYLE48X2_COMPACT,12,0,12,0
146,454,QUIVER_STYLE48X2_COMPACT,12,0,12,0
147,482,QUIVER_STYLE48X2_COMPACT,12,0,12,0
148,494,QUIVER_STYLE48X2_COMPACT,12,0,12,0
149,541,QUIVER_STYLE48X2_COMPACT,12,0,12,0
150,506,QUIVER_STYLE48X2_COMPACT,12,0,12,0
151,459,QUIVER_STYLE48X2_COMPACT,12,0,12,0
152,497,QUIVER_STYLE48X2_COMPACT,12,0,12,0
153,488,QUIVER_STYLE48X2_COMPACT,12,0,12,0
154,489,QUIVER_STYLE48X2_COMPACT,12,0,12,0
155,452,QUIVER_STYLE48X2_COMPACT,12,0,12,0
156,507,QUIVER_STYLE48X2_COMPACT,12,0,12,0
157,510,QUIVER_STYLE48X2_COMPACT,12,0,12,0
158,476,QUIVER_STYLE48X2_COMPACT,12,0,12,0
159,483,QUIVER_STYLE48X2_COMPACT,12,0,12,0
160,413,QUIVER_STYLE48X2_COMPACT,12,0,12,0
161,493,QUIVER_STYLE48X2_COMPACT,12,0,12,0
162,513,QUIVER_STYLE48X2_COMPACT,12,0,12,0
163,454,QUIVER_STYLE48X2_COMPACT,12,0,12,0
164,468,QUIVER_STYLE48X2_COMPACT,12,0,12,0
165,482,QUIVER_STYLE48X2_COMPACT,12,0,12,0
166,471,QUIVER_STYLE48X2_COMPACT,12,0,12,0
167,429,QUIVER_STYLE48X2_COMPACT,12,0,12,0
168,470,QUIVER_STYLE48X2_COMPACT,12,0,12,0
169,505,QUIVER_STYLE48X2_COMPACT,12,0,12,0
170,513,QUIVER_STYLE48X2_COMPACT,12,0,12,0
171,460,QUIVER_STYLE48X2_COMPACT,12,0,12,0
172,500,QUIVER_STYLE48X2_COMPACT,12,0,12,0
173,483,QUIVER_STYLE48X2_COMPACT,12,0,12,0
174,495,QUIVER_STYLE48X2_COMPACT,12,0,12,0
175,614,QUIVER_STYLE48X2_COMPACT,12,0,12,0
176,493,QUIVER_STYLE48X2_COMPACT,12,0,12,0
177,514,QUIVER_STYLE48X2_COMPACT,12,0,12,0
178,550,QUIVER_STYLE48X2_COMPACT,12,0,12,0
179,439,QUIVER_STYLE48X2_COMPACT,12,0,12,0
180,466,QUIVER_STYLE48X2_COMPACT,12,0,12,0
181,501,QUIVER_STYLE48X2_COMPACT,12,0,12,0
182,496,QUIVER_STYLE48X2_COMPACT,12,0,12,0
183,516,QUIVER_STYLE48X2_COMPACT,12,0,12,0
184,446,QUIVER_STYLE48X2_COMPACT,12,0,12,0
185,469,QUIVER_STYLE48X2_COMPACT,12,0,12,0
186,490,QUIVER_STYLE48X2_COMPACT,12,0,12,0
187,491,QUIVER_STYLE48X2_COMPACT,12,0,12,0
188,474,QUIVER_STYLE48X2_COMPACT,12,0,12,0
189,466,QUIVER_STYLE48X2_COMPACT,12,0,12,0
190,489,QUIVER_STYLE48X2_COMPACT,12,0,12,0
191,542,QUIVER_STYLE48X2_COMPACT,12,0,12,0
192,527,QUIVER_STYLE48X2_COMPACT,12,0,12,0
193,506,QUIVER_STYLE48X2_COMPACT,12,0,12,0
194,489,QUIVER_STYLE48X2_COMPACT,12,0,12,0
195,564,QUIVER_STYLE48X2_COMPACT,12,0,12,0
196,502,QUIVER_STYLE48X2_COMPACT,12,0,12,0
197,554,QUIVER_STYLE48X2_COMPACT,12,0,12,0
198,487,QUIVER_STYLE48X2_COMPACT,12,0,12,0
199,510,QUIVER_STYLE48X2_COMPACT,12,0,12,0
200,511,QUIVER_STYLE48X2_COMPACT,12,0,12,0
201,484,QUIVER_STYLE48X2_COMPACT,12,0,12,0
202,396,QUIVER_STYLE48X2_COMPACT,12,0,12,0
203,512,QUIVER_STYLE48X2_COMPACT,12,0,12,0
204,453,QUIVER_STYLE48X2_COMPACT,12,0,12,0
205,493,QUIVER_STYLE48X2_COMPACT,12,0,12,0
206,485,QUIVER_STYLE48X2_COMPACT,12,0,12,0
207,503,QUIVER_STYLE48X2_COMPACT,12,0,12,0
208,493,QUIVER_STYLE48X2_COMPACT,12,0,12,0
209,474,QUIVER_STYLE48X2_COMPACT,12,0,12,0
210,479,QUIVER_STYLE48X2_COMPACT,12,0,12,0
211,467,QUIVER_STYLE48X2_COMPACT,12,0,12,0
212,469,QUIVER_STYLE48X2_COMPACT,12,0,12,0
213,528,QUIVER_STYLE48X2_COMPACT,12,0,12,0
214,523,QUIVER_STYLE48X2_COMPACT,12,0,12,0
215,512,QUIVER_STYLE48X2_COMPACT,12,0,12,0
216,508,QUIVER_STYLE48X2_COMPACT,12,0,12,0
217,492,QUIVER_STYLE48X2_COMPACT,12,0,12,0
218,537,QUIVER_STYLE48X2_COMPACT,12,0,12,0
219,434,QUIVER_STYLE48X2_COMPACT,12,0,12,0
220,468,QUIVER_STYLE48X2_COMPACT,12,0,12,0
221,454,QUIVER_STYLE48X2_COMPACT,12,0,12,0
222,498,QUIVER_STYLE48X2_COMPACT,12,0,12,0
223,486,QUIVER_STYLE48X2_COMPACT,12,0,12,0
224,487,QUIVER_STYLE48X2_COMPACT,12,0,12,0
225,485,QUIVER_STYLE48X2_COMPACT,12,0,12,0
226,489,QUIVER_STYLE48X2_COMPACT,12,0,12,0
227,455,QUIVER_STYLE48X2_COMPACT,12,0,12,0
228,489,QUIVER_STYLE48X2_COMPACT,12,0,12,0
229,510,QUIVER_STYLE48X2_COMPACT,12,0,12,0
230,507,QUIVER_STYLE48X2_COMPACT,12,0,12,0
231,487,QUIVER_STYLE48X2_COMPACT,12,0,12,0
232,473,QUIVER_STYLE48X2_COMPACT,12,0,12,0
233,486,QUIVER_STYLE48X2_COMPACT,12,0,12,0
234,530,QUIVER_STYLE48X2_COMPACT,12,0,12,0
235,532,QUIVER_STYLE48X2_COMPACT,12,0,12,0
236,541,QUIVER_STYLE48X2_COMPACT,12,0,12,0
237,459,QUIVER_STYLE48X2_COMPACT,12,0,12,0
238,493,QUIVER_STYLE48X2_COMPACT,12,0,12,0
239,537,QUIVER_STYLE48X2_COMPACT,12,0,12,0
240,476,QUIVER_STYLE48X2_COMPACT,12,0,12,0
241,534,QUIVER_STYLE48X2_COMPACT,12,0,12,0
242,560,QUIVER_STYLE48X2_COMPACT,12,0,12,0
243,457,QUIVER_STYLE48X2_COMPACT,12,0,12,0
244,492,QUIVER_STYLE48X2_COMPACT,12,0,12,0
245,474,QUIVER_STYLE48X2_COMPACT,12,0,12,0
246,448,QUIVER_STYLE48X2_COMPACT,12,0,12,0
247,584,QUIVER_STYLE48X2_COMPACT,12,0,12,0
248,467,QUIVER_STYLE48X2_COMPACT,12,0,12,0
249,478,QUIVER_STYLE48X2_COMPACT,12,0,12,0
250,484,QUIVER_STYLE48X2_COMPACT,12,0,12,0
251,529,QUIVER_STYLE48X2_COMPACT,12,0,12,0
252,512,QUIVER_STYLE48X2_COMPACT,12,0,12,0
253,476,QUIVER_STYLE48X2_COMPACT,12,0,12,0
254,496,QUIVER_STYLE48X2_COMPACT,12,0,12,0
255,489,QUIVER_STYLE48X2_COMPACT,12,0,12,0
256,476,QUIVER_STYLE48X2_COMPACT,12,0,12,0
257,485,QUIVER_STYLE48X2_COMPACT,12,0,12,0
258,529,QUIVER_STYLE48X2_COMPACT,12,0,12,0
259,466,QUIVER_STYLE48X2_COMPACT,12,0,12,0
260,495,QUIVER_STYLE48X2_COMPACT,12,0,12,0
261,495,QUIVER_STYLE48X2_COMPACT,12,0,12,0
262,502,QUIVER_STYLE48X2_COMPACT,12,0,12,0
263,484,QUIVER_STYLE48X2_COMPACT,12,0,12,0
264,503,QUIVER_STYLE48X2_COMPACT,12,0,12,0
265,502,QUIVER_STYLE48X2_COMPACT,12,0,12,0
266,494,QUIVER_STYLE48X2_COMPACT,12,0,12,0
267,463,QUIVER_STYLE48X2_COMPACT,12,0,12,0
268,502,QUIVER_STYLE48X2_COMPACT,12,0,12,0
269,478,QUIVER_STYLE48X2_COMPACT,12,0,12,0
270,457,QUIVER_STYLE48X2_COMPACT,12,0,12,0
271,516,QUIVER_STYLE48X2_COMPACT,12,0,12,0
272,510,QUIVER_STYLE48X2_COMPACT,12,0,12,0
273,460,QUIVER_STYLE48X2_COMPACT,12,0,12,0
274,516,QUIVER_STYLE48X2_COMPACT,12,0,12,0
275,456,QUIVER_STYLE48X2_COMPACT,12,0,12,0
276,492,QUIVER_STYLE48X2_COMPACT,12,0,12,0
277,409,QUIVER_STYLE48X2_COMPACT,12,0,12,0
278,454,QUIVER_STYLE48X2_COMPACT,12,0,12,0
279,495,QUIVER_STYLE48X2_COMPACT,12,0,12,0
280,487,QUIVER_STYLE48X2_COMPACT,12,0,12,0
281,467,QUIVER_STYLE48X2_COMPACT,12,0,12,0
282,537,QUIVER_STYLE48X2_COMPACT,12,0,12,0
283,453,QUIVER_STYLE48X2_COMPACT,12,0,12,0
284,516,QUIVER_STYLE48X2_COMPACT,12,0,12,0
285,492,QUIVER_STYLE48X2_COMPACT,12,0,12,0
286,509,QUIVER_STYLE48X2_COMPACT,12,0,12,0
287,478,QUIVER_STYLE48X2_COMPACT,12,0,12,0
288,528,QUIVER_STYLE48X2_COMPACT,12,0,12,0
289,488,QUIVER_STYLE48X2_COMPACT,12,0,12,0
290,490,QUIVER_STYLE48X2_COMPACT,12,0,12,0
291,485,QUIVER_STYLE48X2_COMPACT,12,0,12,0
292,469,QUIVER_STYLE48X2_COMPACT,12,0,12,0
293,477,QUIVER_STYLE48X2_COMPACT,12,0,12,0
294,520,QUIVER_STYLE48X2_COMPACT,12,0,12,0
295,478,QUIVER_STYLE48X2_COMPACT,12,0,12,0
296,459,QUIVER_STYLE48X2_COMPACT,12,0,12,0
297,487,QUIVER_STYLE48X2_COMPACT,12,0,12,0
298,504,QUIVER_STYLE48X2_COMPACT,12,0,12,0
299,504,QUIVER_STYLE48X2_COMPACT,12,0,12,0
300,511,QUIVER_STYLE48X2_COMPACT,12,0,12,0
301,493,QUIVER_STYLE48X2_COMPACT,12,0,12,0
302,466,QUIVER_STYLE48X2_COMPACT,12,0,12,0
303,462,QUIVER_STYLE48X2_COMPACT,12,0,12,0
304,496,QUIVER_STYLE48X2_COMPACT,12,0,12,0
305,493,QUIVER_STYLE48X2_COMPACT,12,0,12,0
306,457,QUIVER_STYLE48X2_COMPACT,12,0,12,0
307,471,QUIVER_STYLE48X2_COMPACT,12,0,12,0
308,521,QUIVER_STYLE48X2_COMPACT,12,0,12,0
309,493,QUIVER_STYLE48X2_COMPACT,12,0,12,0
310,550,QUIVER_STYLE48X2_COMPACT,12,0,12,0
311,429,QUIVER_STYLE48X2_COMPACT,12,0,12,0
312,512,QUIVER_STYLE48X2_COMPACT,12,0,12,0
313,485,QUIVER_STYLE48X2_COMPACT,12,0,12,0
314,530,QUIVER_STYLE48X2_COMPACT,12,0,12,0
315,479,QUIVER_STYLE48X2_COMPACT,12,0,12,0
316,474,QUIVER_STYLE48X2_COMPACT,12,0,12,0
317,532,QUIVER_STYLE48X2_COMPACT,12,0,12,0
318,437,QUIVER_STYLE48X2_COMPACT,12,0,12,0
319,469,QUIVER_STYLE48X2_COMPACT,12,0,12,0
320,520,QUIVER_STYLE48X2_COMPACT,12,0,12,0
321,533,QUIVER_STYLE48X2_COMPACT,12,0,12,0
322,504,QUIVER_STYLE48X2_COMPACT,12,0,12,0
323,521,QUIVER_STYLE48X2_COMPACT,12,0,12,0
324,475,QUIVER_STYLE48X2_COMPACT,12,0,12,0
325,476,QUIVER_STYLE48X2_COMPACT,12,0,12,0
326,505,QUIVER_STYLE48X2_COMPACT,12,0,12,0
327,470,QUIVER_STYLE48X2_COMPACT,12,0,12,0
328,516,QUIVER_STYLE48X2_COMPACT,12,0,12,0
329,480,QUIVER_STYLE48X2_COMPACT,12,0,12,0
330,523,QUIVER_STYLE48X2_COMPACT,12,0,12,0
331,530,QUIVER_STYLE48X2_COMPACT,12,0,12,0
332,458,QUIVER_STYLE48X2_COMPACT,12,0,12,0
333,519,QUIVER_STYLE48X2_COMPACT,12,0,12,0
334,550,QUIVER_STYLE48X2_COMPACT,12,0,12,0
335,530,QUIVER_STYLE48X2_COMPACT,12,0,12,0
336,506,QUIVER_STYLE48X2_COMPACT,12,0,12,0
337,461,QUIVER_STYLE48X2_COMPACT,12,0,12,0
338,448,QUIVER_STYLE48X2_COMPACT,12,0,12,0
339,493,QUIVER_STYLE48X2_COMPACT,12,0,12,0
340,496,QUIVER_STYLE48X2_COMPACT,12,0,12,0
341,506,QUIVER_STYLE48X2_COMPACT,12,0,12,0
342,481,QUIVER_STYLE48X2_COMPACT,12,0,12,0
343,483,QUIVER_STYLE48X2_COMPACT,12,0,12,0
344,533,QUIVER_STYLE48X2_COMPACT,12,0,12,0
345,589,QUIVER_STYLE48X2_COMPACT,12,0,12,0
346,464,QUIVER_STYLE48X2_COMPACT,12,0,12,0
347,476,QUIVER_STYLE48X2_COMPACT,12,0,12,0
348,513,QUIVER_STYLE48X2_COMPACT,12,0,12,0
349,489,QUIVER_STYLE48X2_COMPACT,12,0,12,0
350,495,QUIVER_STYLE48X2_COMPACT,12,0,12,0
351,543,QUIVER_STYLE48X2_COMPACT,12,0,12,0
352,482,QUIVER_STYLE48X2_COMPACT,12,0,12,0
353,513,QUIVER_STYLE48X2_COMPACT,12,0,12,0
354,445,QUIVER_STYLE48X2_COMPACT,12,0,12,0
355,522,QUIVER_STYLE48X2_COMPACT,12,0,12,0
356,497,QUIVER_STYLE48X2_COMPACT,12,0,12,0
357,500,QUIVER_STYLE48X2_COMPACT,12,0,12,0
358,508,QUIVER_STYLE48X2_COMPACT,12,0,12,0
359,515,QUIVER_STYLE48X2_COMPACT,12,0,12,0
360,585,QUIVER_STYLE48X2_COMPACT,12,0,12,0
361,484,QUIVER_STYLE48X2_COMPACT,12,0,12,0
362,424,QUIVER_STYLE48X2_COMPACT,12,0,12,0
363,487,QUIVER_STYLE48X2_COMPACT,12,0,12,0
364,504,QUIVER_STYLE48X2_COMPACT,12,0,12,0
365,473,QUIVER_STYLE48X2_COMPACT,12,0,12,0
366,442,QUIVER_STYLE48X2_COMPACT,12,0,12,0
367,459,QUIVER_STYLE48X2_COMPACT,12,0,12,0
368,527,QUIVER_STYLE48X2_COMPACT,12,0,12,0
369,506,QUIVER_STYLE48X2_COMPACT,12,0,12,0
370,497,QUIVER_STYLE48X2_COMPACT,12,0,12,0
371,470,QUIVER_STYLE48X2_COMPACT,12,0,12,0
372,495,QUIVER_STYLE48X2_COMPACT,12,0,12,0
373,533,QUIVER_STYLE48X2_COMPACT,12,0,12,0
374,474,QUIVER_STYLE48X2_COMPACT,12,0,12,0
375,453,QUIVER_STYLE48X2_COMPACT,12,0,12,0
376,483,QUIVER_STYLE48X2_COMPACT,12,0,12,0
377,517,QUIVER_STYLE48X2_COMPACT,12,0,12,0
378,479,QUIVER_STYLE48X2_COMPACT,12,0,12,0
379,498,QUIVER_STYLE48X2_COMPACT,12,0,12,0
380,446,QUIVER_STYLE48X2_COMPACT,12,0,12,0
381,511,QUIVER_STYLE48X2_COMPACT,12,0,12,0
382,467,QUIVER_STYLE48X2_COMPACT,12,0,12,0
383,495,QUIVER_STYLE48X2_COMPACT,12,0,12,0
384,465,QUIVER_STYLE48X2_COMPACT,12,0,12,0
385,502,QUIVER_STYLE48X2_COMPACT,12,0,12,0
386,591,QUIVER_STYLE48X2_COMPACT,12,0,12,0
387,483,QUIVER_STYLE48X2_COMPACT,12,0,12,0
388,458,QUIVER_STYLE48X2_COMPACT,12,0,12,0
389,472,QUIVER_STYLE48X2_COMPACT,12,0,12,0
390,474,QUIVER_STYLE48X2_COMPACT,12,0,12,0
391,515,QUIVER_STYLE48X2_COMPACT,12,0,12,0
392,457,QUIVER_STYLE48X2_COMPACT,12,0,12,0
393,465,QUIVER_STYLE48X2_COMPACT,12,0,12,0
394,493,QUIVER_STYLE48X2_COMPACT,12,0,12,0
395,501,QUIVER_STYLE48X2_COMPACT,12,0,12,0
396,498,QUIVER_STYLE48X2_COMPACT,12,0,12,0
397,460,QUIVER_STYLE48X2_COMPACT,12,0,12,0
398,532,QUIVER_STYLE48X2_COMPACT,12,0,12,0
399,486,QUIVER_STYLE48X2_COMPACT,12,0,12,0
400,469,QUIVER_STYLE48X2_COMPACT,12,0,12,0
401,500,QUIVER_STYLE48X2_COMPACT,12,0,12,0
402,460,QUIVER_STYLE48X2_COMPACT,12,0,12,0
403,520,QUIVER_STYLE48X2_COMPACT,12,0,12,0
404,472,QUIVER_STYLE48X2_COMPACT,12,0,12,0
405,513,QUIVER_STYLE48X2_COMPACT,12,0,12,0
406,516,QUIVER_STYLE48X2_COMPACT,12,0,12,0
407,484,QUIVER_STYLE48X2_COMPACT,12,0,12,0
408,497,QUIVER_STYLE48X2_COMPACT,12,0,12,0
409,481,QUIVER_STYLE48X2_COMPACT,12,0,12,0
410,547,QUIVER_STYLE48X2_COMPACT,12,0,12,0
411,467,QUIVER_STYLE48X2_COMPACT,12,0,12,0
412,452,QUIVER_STYLE48X2_COMPACT,12,0,12,0
413,491,QUIVER_STYLE48X2_COMPACT,12,0,12,0
414,459,QUIVER_STYLE48X2_COMPACT,12,0,12,0
415,565,QUIVER_STYLE48X2_COMPACT,12,0,12,0
416,489,QUIVER_STYLE48X2_COMPACT,12,0,12,0
417,467,QUIVER_STYLE48X2_COMPACT,12,0,12,0
418,525,QUIVER_STYLE48X2_COMPACT,12,0,12,0
419,480,QUIVER_STYLE48X2_COMPACT,12,0,12,0
420,482,QUIVER_STYLE48X2_COMPACT,12,0,12,0
421,505,QUIVER_STYLE48X2_COMPACT,12,0,12,0
422,561,QUIVER_STYLE48X2_COMPACT,12,0,12,0
423,467,QUIVER_STYLE48X2_COMPACT,12,0,12,0
424,519,QUIVER_STYLE48X2_COMPACT,12,0,12,0
425,516,QUIVER_STYLE48X2_COMPACT,12,0,12,0
426,480,QUIVER_STYLE48X2_COMPACT,12,0,12,0
427,533,QUIVER_STYLE48X2_COMPACT,12,0,12,0
428,558,QUIVER_STYLE48X2_COMPACT,12,0,12,0
429,497,QUIVER_STYLE48X2_COMPACT,12,0,12,0
430,489,QUIVER_STYLE48X2_COMPACT,12,0,12,0
431,500,QUIVER_STYLE48X2_COMPACT,12,0,12,0
432,505,QUIVER_STYLE48X2_COMPACT,12,0,12,0
433,493,QUIVER_STYLE48X2_COMPACT,12,0,12,0
434,485,QUIVER_STYLE48X2_COMPACT,12,0,12,0
435,480,QUIVER_STYLE48X2_COMPACT,12,0,12,0
436,444,QUIVER_STYLE48X2_COMPACT,12,0,12,0
437,445,QUIVER_STYLE48X2_COMPACT,12,0,12,0
438,490,QUIVER_STYLE48X2_COMPACT,12,0,12,0
439,470,QUIVER_STYLE48X2_COMPACT,12,0,12,0
440,498,QUIVER_STYLE48X2_COMPACT,12,0,12,0
441,476,QUIVER_STYLE48X2_COMPACT,12,0,12,0
442,477,QUIVER_STYLE48X2_COMPACT,12,0,12,0
443,481,QUIVER_STYLE48X2_COMPACT,12,0,12,0
444,476,QUIVER_STYLE48X2_COMPACT,12,0,12,0
445,457,QUIVER_STYLE48X2_COMPACT,12,0,12,0
446,542,QUIVER_STYLE48X2_COMPACT,12,0,12,0
447,500,QUIVER_STYLE48X2_COMPACT,12,0,12,0
448,537,QUIVER_STYLE48X2_COMPACT,12,0,12,0
449,500,QUIVER_STYLE48X2_COMPACT,12,0,12,0
450,508,QUIVER_STYLE48X2_COMPACT,12,0,12,0
451,477,QUIVER_STYLE48X2_COMPACT,12,0,12,0
452,480,QUIVER_STYLE48X2_COMPACT,12,0,12,0
453,491,QUIVER_STYLE48X2_COMPACT,12,0,12,0
454,438,QUIVER_STYLE48X2_COMPACT,12,0,12,0
455,495,QUIVER_STYLE48X2_COMPACT,12,0,12,0
456,534,QUIVER_STYLE48X2_COMPACT,12,0,12,0
457,497,QUIVER_STYLE48X2_COMPACT,12,0,12,0
458,467,QUIVER_STYLE48X2_COMPACT,12,0,12,0
459,566,QUIVER_STYLE48X2_COMPACT,12,0,12,0
460,444,QUIVER_STYLE48X2_COMPACT,12,0,12,0
461,507,QUIVER_STYLE48X2_COMPACT,12,0,12,0
462,490,QUIVER_STYLE48X2_COMPACT,12,0,12,0
463,516,QUIVER_STYLE48X2_COMPACT,12,0,12,0
464,479,QUIVER_STYLE48X2_COMPACT,12,0,12,0
465,495,QUIVER_STYLE48X2_COMPACT,12,0,12,0
466,454,QUIVER_STYLE48X2_COMPACT,12,0,12,0
467,498,QUIVER_STYLE48X2_COMPACT,12,0,12,0
468,507,QUIVER_STYLE48X2_COMPACT,12,0,12,0
469,556,QUIVER_STYLE48X2_COMPACT,12,0,12,0
470,471,QUIVER_STYLE48X2_COMPACT,12,0,12,0
1,514,ITQ96_MATRIX_SURROGATE,12,36935,83.857976653696497,5.9881647211413744
2,486,ITQ96_MATRIX_SURROGATE,12,36935,87.997942386831269,6.3331618655692727
3,486,ITQ96_MATRIX_SURROGATE,12,36935,87.997942386831269,6.3331618655692727
4,487,ITQ96_MATRIX_SURROGATE,12,36935,87.841889117043124,6.32015742642026
5,494,ITQ96_MATRIX_SURROGATE,12,36935,86.767206477732799,6.230600539811066
6,443,ITQ96_MATRIX_SURROGATE,12,36935,95.374717832957117,6.9478931527464258
7,479,ITQ96_MATRIX_SURROGATE,12,36935,89.108559498956154,6.4257132915796795
8,503,ITQ96_MATRIX_SURROGATE,12,36935,85.429423459244532,6.119118621603711
9,513,ITQ96_MATRIX_SURROGATE,12,36935,83.998050682261209,5.999837556855101
10,527,ITQ96_MATRIX_SURROGATE,12,36935,82.085388994307394,5.8404490828589504
11,551,ITQ96_MATRIX_SURROGATE,12,36935,79.032667876588022,5.5860556563823351
12,524,ITQ96_MATRIX_SURROGATE,12,36935,82.486641221374043,5.8738867684478375
13,490,ITQ96_MATRIX_SURROGATE,12,36935,87.377551020408163,6.2814625850340136
14,484,ITQ96_MATRIX_SURROGATE,12,36935,88.311983471074385,6.3593319559228654
15,480,ITQ96_MATRIX_SURROGATE,12,36935,88.947916666666671,6.4123263888888893
16,484,ITQ96_MATRIX_SURROGATE,12,36935,88.311983471074385,6.3593319559228654
17,466,ITQ96_MATRIX_SURROGATE,12,36935,91.259656652360519,6.6049713876967093
18,479,ITQ96_MATRIX_SURROGATE,12,36935,89.108559498956154,6.4257132915796795
19,481,ITQ96_MATRIX_SURROGATE,12,36935,88.78794178794179,6.3989951489951489
20,485,ITQ96_MATRIX_SURROGATE,12,36935,88.154639175257728,6.3462199312714773
21,484,ITQ96_MATRIX_SURROGATE,12,36935,88.311983471074385,6.3593319559228654
22,463,ITQ96_MATRIX_SURROGATE,12,36935,91.7732181425486,6.6477681785457161
23,443,ITQ96_MATRIX_SURROGATE,12,36935,95.374717832957117,6.9478931527464258
24,486,ITQ96_MATRIX_SURROGATE,12,36935,87.997942386831269,6.3331618655692727
25,462,ITQ96_MATRIX_SURROGATE,12,36935,91.94588744588745,6.6621572871572869
26,483,ITQ96_MATRIX_SURROGATE,12,36935,88.469979296066256,6.3724982746721874
27,481,ITQ96_MATRIX_SURROGATE,12,36935,88.78794178794179,6.3989951489951489
28,450,ITQ96_MATRIX_SURROGATE,12,36935,94.077777777777783,6.8398148148148152
29,460,ITQ96_MATRIX_SURROGATE,12,36935,92.293478260869563,6.6911231884057969
30,475,ITQ96_MATRIX_SURROGATE,12,36935,89.757894736842104,6.4798245614035084
31,489,ITQ96_MATRIX_SURROGATE,12,36935,87.531697341513294,6.2943081117927742
32,466,ITQ96_MATRIX_SURROGATE,12,36935,91.259656652360519,6.6049713876967093
33,472,ITQ96_MATRIX_SURROGATE,12,36935,90.252118644067792,6.5210098870056497
34,485,ITQ96_MATRIX_SURROGATE,12,36935,88.154639175257728,6.3462199312714773
35,467,ITQ96_MATRIX_SURROGATE,12,36935,91.089935760171301,6.5908279800142759
36,451,ITQ96_MATRIX_SURROGATE,12,36935,93.895787139689574,6.8246489283074645
37,478,ITQ96_MATRIX_SURROGATE,12,36935,89.269874476987454,6.4391562064156203
38,474,ITQ96_MATRIX_SURROGATE,12,36935,89.921940928270047,6.4934950773558366
39,503,ITQ96_MATRIX_SURROGATE,12,36935,85.429423459244532,6.119118621603711
40,509,ITQ96_MATRIX_SURROGATE,12,36935,84.563850687622789,6.0469875573018994
41,473,ITQ96_MATRIX_SURROGATE,12,36935,90.086680761099359,6.5072233967582802
42,436,ITQ96_MATRIX_SURROGATE,12,36935,96.713302752293572,7.0594418960244649
43,503,ITQ96_MATRIX_SURROGATE,12,36935,85.429423459244532,6.119118621603711
44,486,ITQ96_MATRIX_SURROGATE,12,36935,87.997942386831269,6.3331618655692727
45,515,ITQ96_MATRIX_SURROGATE,12,36935,83.71844660194175,5.9765372168284792
46,482,ITQ96_MATRIX_SURROGATE,12,36935,88.628630705394187,6.3857192254495159
47,532,ITQ96_MATRIX_SURROGATE,12,36935,81.426691729323309,5.7855576441102761
48,501,ITQ96_MATRIX_SURROGATE,12,36935,85.722554890219556,6.1435462408516299
49,466,ITQ96_MATRIX_SURROGATE,12,36935,91.259656652360519,6.6049713876967093
50,548,ITQ96_MATRIX_SURROGATE,12,36935,79.399635036496349,5.6166362530413627
51,462,ITQ96_MATRIX_SURROGATE,12,36935,91.94588744588745,6.6621572871572869
52,485,ITQ96_MATRIX_SURROGATE,12,36935,88.154639175257728,6.3462199312714773
53,506,ITQ96_MATRIX_SURROGATE,12,36935,84.994071146245062,6.0828392621870879
54,474,ITQ96_MATRIX_SURROGATE,12,36935,89.921940928270047,6.4934950773558366
55,462,ITQ96_MATRIX_SURROGATE,12,36935,91.94588744588745,6.6621572871572869
56,473,ITQ96_MATRIX_SURROGATE,12,36935,90.086680761099359,6.5072233967582802
57,510,ITQ96_MATRIX_SURROGATE,12,36935,84.421568627450981,6.0351307189542487
58,522,ITQ96_MATRIX_SURROGATE,12,36935,82.756704980842912,5.8963920817369093
59,494,ITQ96_MATRIX_SURROGATE,12,36935,86.767206477732799,6.230600539811066
60,523,ITQ96_MATRIX_SURROGATE,12,36935,82.621414913957935,5.8851179094964943
61,512,ITQ96_MATRIX_SURROGATE,12,36935,84.138671875,6.011555989583333
62,497,ITQ96_MATRIX_SURROGATE,12,36935,86.315895372233399,6.1929912810194496
63,473,ITQ96_MATRIX_SURROGATE,12,36935,90.086680761099359,6.5072233967582802
64,493,ITQ96_MATRIX_SURROGATE,12,36935,86.918864097363084,6.2432386747802573
65,523,ITQ96_MATRIX_SURROGATE,12,36935,82.621414913957935,5.8851179094964943
66,506,ITQ96_MATRIX_SURROGATE,12,36935,84.994071146245062,6.0828392621870879
67,478,ITQ96_MATRIX_SURROGATE,12,36935,89.269874476987454,6.4391562064156203
68,498,ITQ96_MATRIX_SURROGATE,12,36935,86.166666666666671,6.1805555555555554
69,491,ITQ96_MATRIX_SURROGATE,12,36935,87.224032586558039,6.2686693822131705
70,475,ITQ96_MATRIX_SURROGATE,12,36935,89.757894736842104,6.4798245614035084
71,500,ITQ96_MATRIX_SURROGATE,12,36935,85.870000000000005,6.1558333333333337
72,431,ITQ96_MATRIX_SURROGATE,12,36935,97.696055684454763,7.1413379737045632
73,496,ITQ96_MATRIX_SURROGATE,12,36935,86.465725806451616,6.205477150537634
74,479,ITQ96_MATRIX_SURROGATE,12,36935,89.108559498956154,6.4257132915796795
75,491,ITQ96_MATRIX_SURROGATE,12,36935,87.224032586558039,6.2686693822131705
76,478,ITQ96_MATRIX_SURROGATE,12,36935,89.269874476987454,6.4391562064156203
77,529,ITQ96_MATRIX_SURROGATE,12,36935,81.82041587901702,5.8183679899180847
78,480,ITQ96_MATRIX_SURROGATE,12,36935,88.947916666666671,6.4123263888888893
79,494,ITQ96_MATRIX_SURROGATE,12,36935,86.767206477732799,6.230600539811066
80,485,ITQ96_MATRIX_SURROGATE,12,36935,88.154639175257728,6.3462199312714773
81,487,ITQ96_MATRIX_SURROGATE,12,36935,87.841889117043124,6.32015742642026
82,500,ITQ96_MATRIX_SURROGATE,12,36935,85.870000000000005,6.1558333333333337
83,524,ITQ96_MATRIX_SURROGATE,12,36935,82.486641221374043,5.8738867684478375
84,475,ITQ96_MATRIX_SURROGATE,12,36935,89.757894736842104,6.4798245614035084
85,539,ITQ96_MATRIX_SURROGATE,12,36935,80.525046382189245,5.7104205318491035
86,519,ITQ96_MATRIX_SURROGATE,12,36935,83.165703275529864,5.9304752729608223
87,545,ITQ96_MATRIX_SURROGATE,12,36935,79.77064220183486,5.6475535168195723
88,490,ITQ96_MATRIX_SURROGATE,12,36935,87.377551020408163,6.2814625850340136
89,498,ITQ96_MATRIX_SURROGATE,12,36935,86.166666666666671,6.1805555555555554
90,533,ITQ96_MATRIX_SURROGATE,12,36935,81.296435272045031,5.7747029393370859
91,567,ITQ96_MATRIX_SURROGATE,12,36935,77.14109347442681,5.4284244562022339
92,538,ITQ96_MATRIX_SURROGATE,12,36935,80.652416356877325,5.721034696406444
93,479,ITQ96_MATRIX_SURROGATE,12,36935,89.108559498956154,6.4257132915796795
94,470,ITQ96_MATRIX_SURROGATE,12,36935,90.585106382978722,6.5487588652482271
95,431,ITQ96_MATRIX_SURROGATE,12,36935,97.696055684454763,7.1413379737045632
96,542,ITQ96_MATRIX_SURROGATE,12,36935,80.145756457564573,5.6788130381303814
97,526,ITQ96_MATRIX_SURROGATE,12,36935,82.218631178707227,5.8515525982256023
98,490,ITQ96_MATRIX_SURROGATE,12,36935,87.377551020408163,6.2814625850340136
99,515,ITQ96_MATRIX_SURROGATE,12,36935,83.71844660194175,5.9765372168284792
100,453,ITQ96_MATRIX_SURROGATE,12,36935,93.534216335540833,6.794518027961737
101,449,ITQ96_MATRIX_SURROGATE,12,36935,94.260579064587972,6.8550482553823313
102,523,ITQ96_MATRIX_SURROGATE,12,36935,82.621414913957935,5.8851179094964943
103,531,ITQ96_MATRIX_SURROGATE,12,36935,81.557438794726934,5.7964532328939109
104,476,ITQ96_MATRIX_SURROGATE,12,36935,89.594537815126046,6.4662114845938374
105,521,ITQ96_MATRIX_SURROGATE,12,36935,82.892514395393476,5.9077095329494558
106,477,ITQ96_MATRIX_SURROGATE,12,36935,89.431865828092242,6.4526554856743532
107,485,ITQ96_MATRIX_SURROGATE,12,36935,88.154639175257728,6.3462199312714773
108,503,ITQ96_MATRIX_SURROGATE,12,36935,85.429423459244532,6.119118621603711
109,509,ITQ96_MATRIX_SURROGATE,12,36935,84.563850687622789,6.0469875573018994
110,490,ITQ96_MATRIX_SURROGATE,12,36935,87.377551020408163,6.2814625850340136
111,514,ITQ96_MATRIX_SURROGATE,12,36935,83.857976653696497,5.9881647211413744
112,514,ITQ96_MATRIX_SURROGATE,12,36935,83.857976653696497,5.9881647211413744
113,530,ITQ96_MATRIX_SURROGATE,12,36935,81.688679245283012,5.807389937106918
114,521,ITQ96_MATRIX_SURROGATE,12,36935,82.892514395393476,5.9077095329494558
115,516,ITQ96_MATRIX_SURROGATE,12,36935,83.579457364341081,5.9649547803617571
116,521,ITQ96_MATRIX_SURROGATE,12,36935,82.892514395393476,5.9077095329494558
117,455,ITQ96_MATRIX_SURROGATE,12,36935,93.175824175824175,6.7646520146520146
118,491,ITQ96_MATRIX_SURROGATE,12,36935,87.224032586558039,6.2686693822131705
119,554,ITQ96_MATRIX_SURROGATE,12,36935,78.66967509025271,5.5558062575210592
120,446,ITQ96_MATRIX_SURROGATE,12,36935,94.813901345291484,6.9011584454409567
121,501,ITQ96_MATRIX_SURROGATE,12,36935,85.722554890219556,6.1435462408516299
122,531,ITQ96_MATRIX_SURROGATE,12,36935,81.557438794726934,5.7964532328939109
123,529,ITQ96_MATRIX_SURROGATE,12,36935,81.82041587901702,5.8183679899180847
124,481,ITQ96_MATRIX_SURROGATE,12,36935,88.78794178794179,6.3989951489951489
125,490,ITQ96_MATRIX_SURROGATE,12,36935,87.377551020408163,6.2814625850340136
126,472,ITQ96_MATRIX_SURROGATE,12,36935,90.252118644067792,6.5210098870056497
127,461,ITQ96_MATRIX_SURROGATE,12,36935,92.119305856832966,6.6766088214027475
128,514,ITQ96_MATRIX_SURROGATE,12,36935,83.857976653696497,5.9881647211413744
129,495,ITQ96_MATRIX_SURROGATE,12,36935,86.616161616161619,6.218013468013468
130,487,ITQ96_MATRIX_SURROGATE,12,36935,87.841889117043124,6.32015742642026
131,495,ITQ96_MATRIX_SURROGATE,12,36935,86.616161616161619,6.218013468013468
132,606,ITQ96_MATRIX_SURROGATE,12,36935,72.948844884488452,5.079070407040704
133,422,ITQ96_MATRIX_SURROGATE,12,36935,99.523696682464461,7.2936413902053712
134,471,ITQ96_MATRIX_SURROGATE,12,36935,90.418259023354565,6.5348549186128801
135,616,ITQ96_MATRIX_SURROGATE,12,36935,71.959415584415581,4.9966179653679657
136,518,ITQ96_MATRIX_SURROGATE,12,36935,83.303088803088798,5.9419240669240665
137,528,ITQ96_MATRIX_SURROGATE,12,36935,81.952651515151516,5.8293876262626263
138,487,ITQ96_MATRIX_SURROGATE,12,36935,87.841889117043124,6.32015742642026
139,419,ITQ96_MATRIX_SURROGATE,12,36935,100.15035799522673,7.3458631662688942
140,479,ITQ96_MATRIX_SURROGATE,12,36935,89.108559498956154,6.4257132915796795
141,510,ITQ96_MATRIX_SURROGATE,12,36935,84.421568627450981,6.0351307189542487
142,445,ITQ96_MATRIX_SURROGATE,12,36935,95,6.916666666666667
143,483,ITQ96_MATRIX_SURROGATE,12,36935,88.469979296066256,6.3724982746721874
144,448,ITQ96_MATRIX_SURROGATE,12,36935,94.444196428571431,6.8703497023809526
145,472,ITQ96_MATRIX_SURROGATE,12,36935,90.252118644067792,6.5210098870056497
146,454,ITQ96_MATRIX_SURROGATE,12,36935,93.354625550660799,6.7795521292217327
147,482,ITQ96_MATRIX_SURROGATE,12,36935,88.628630705394187,6.3857192254495159
148,494,ITQ96_MATRIX_SURROGATE,12,36935,86.767206477732799,6.230600539811066
149,541,ITQ96_MATRIX_SURROGATE,12,36935,80.271719038817011,5.689309919901417
150,506,ITQ96_MATRIX_SURROGATE,12,36935,84.994071146245062,6.0828392621870879
151,459,ITQ96_MATRIX_SURROGATE,12,36935,92.468409586056652,6.7057007988380537
152,497,ITQ96_MATRIX_SURROGATE,12,36935,86.315895372233399,6.1929912810194496
153,488,ITQ96_MATRIX_SURROGATE,12,36935,87.686475409836063,6.3072062841530059
154,489,ITQ96_MATRIX_SURROGATE,12,36935,87.531697341513294,6.2943081117927742
155,452,ITQ96_MATRIX_SURROGATE,12,36935,93.714601769911511,6.809550147492625
156,507,ITQ96_MATRIX_SURROGATE,12,36935,84.850098619329387,6.0708415516107825
157,510,ITQ96_MATRIX_SURROGATE,12,36935,84.421568627450981,6.0351307189542487
158,476,ITQ96_MATRIX_SURROGATE,12,36935,89.594537815126046,6.4662114845938374
159,483,ITQ96_MATRIX_SURROGATE,12,36935,88.469979296066256,6.3724982746721874
160,413,ITQ96_MATRIX_SURROGATE,12,36935,101.43099273607749,7.4525827280064565
161,493,ITQ96_MATRIX_SURROGATE,12,36935,86.918864097363084,6.2432386747802573
162,513,ITQ96_MATRIX_SURROGATE,12,36935,83.998050682261209,5.999837556855101
163,454,ITQ96_MATRIX_SURROGATE,12,36935,93.354625550660799,6.7795521292217327
164,468,ITQ96_MATRIX_SURROGATE,12,36935,90.92094017094017,6.5767450142450139
165,482,ITQ96_MATRIX_SURROGATE,12,36935,88.628630705394187,6.3857192254495159
166,471,ITQ96_MATRIX_SURROGATE,12,36935,90.418259023354565,6.5348549186128801
167,429,ITQ96_MATRIX_SURROGATE,12,36935,98.095571095571103,7.1746309246309243
168,470,ITQ96_MATRIX_SURROGATE,12,36935,90.585106382978722,6.5487588652482271
169,505,ITQ96_MATRIX_SURROGATE,12,36935,85.138613861386133,6.0948844884488445
170,513,ITQ96_MATRIX_SURROGATE,12,36935,83.998050682261209,5.999837556855101
171,460,ITQ96_MATRIX_SURROGATE,12,36935,92.293478260869563,6.6911231884057969
172,500,ITQ96_MATRIX_SURROGATE,12,36935,85.870000000000005,6.1558333333333337
173,483,ITQ96_MATRIX_SURROGATE,12,36935,88.469979296066256,6.3724982746721874
174,495,ITQ96_MATRIX_SURROGATE,12,36935,86.616161616161619,6.218013468013468
175,614,ITQ96_MATRIX_SURROGATE,12,36935,72.154723127035822,5.0128935939196522
176,493,ITQ96_MATRIX_SURROGATE,12,36935,86.918864097363084,6.2432386747802573
177,514,ITQ96_MATRIX_SURROGATE,12,36935,83.857976653696497,5.9881647211413744
178,550,ITQ96_MATRIX_SURROGATE,12,36935,79.154545454545456,5.5962121212121216
179,439,ITQ96_MATRIX_SURROGATE,12,36935,96.134396355353076,7.011199696279423
180,466,ITQ96_MATRIX_SURROGATE,12,36935,91.259656652360519,6.6049713876967093
181,501,ITQ96_MATRIX_SURROGATE,12,36935,85.722554890219556,6.1435462408516299
182,496,ITQ96_MATRIX_SURROGATE,12,36935,86.465725806451616,6.205477150537634
183,516,ITQ96_MATRIX_SURROGATE,12,36935,83.579457364341081,5.9649547803617571
184,446,ITQ96_MATRIX_SURROGATE,12,36935,94.813901345291484,6.9011584454409567
185,469,ITQ96_MATRIX_SURROGATE,12,36935,90.752665245202564,6.5627221037668795
186,490,ITQ96_MATRIX_SURROGATE,12,36935,87.377551020408163,6.2814625850340136
187,491,ITQ96_MATRIX_SURROGATE,12,36935,87.224032586558039,6.2686693822131705
188,474,ITQ96_MATRIX_SURROGATE,12,36935,89.921940928270047,6.4934950773558366
189,466,ITQ96_MATRIX_SURROGATE,12,36935,91.259656652360519,6.6049713876967093
190,489,ITQ96_MATRIX_SURROGATE,12,36935,87.531697341513294,6.2943081117927742
191,542,ITQ96_MATRIX_SURROGATE,12,36935,80.145756457564573,5.6788130381303814
192,527,ITQ96_MATRIX_SURROGATE,12,36935,82.085388994307394,5.8404490828589504
193,506,ITQ96_MATRIX_SURROGATE,12,36935,84.994071146245062,6.0828392621870879
194,489,ITQ96_MATRIX_SURROGATE,12,36935,87.531697341513294,6.2943081117927742
195,564,ITQ96_MATRIX_SURROGATE,12,36935,77.487588652482273,5.4572990543735225
196,502,ITQ96_MATRIX_SURROGATE,12,36935,85.575697211155372,6.1313081009296146
197,554,ITQ96_MATRIX_SURROGATE,12,36935,78.66967509025271,5.5558062575210592
198,487,ITQ96_MATRIX_SURROGATE,12,36935,87.841889117043124,6.32015742642026
199,510,ITQ96_MATRIX_SURROGATE,12,36935,84.421568627450981,6.0351307189542487
200,511,ITQ96_MATRIX_SURROGATE,12,36935,84.279843444227012,6.0233202870189171
201,484,ITQ96_MATRIX_SURROGATE,12,36935,88.311983471074385,6.3593319559228654
202,396,ITQ96_MATRIX_SURROGATE,12,36935,105.27020202020202,7.7725168350168348
203,512,ITQ96_MATRIX_SURROGATE,12,36935,84.138671875,6.011555989583333
204,453,ITQ96_MATRIX_SURROGATE,12,36935,93.534216335540833,6.794518027961737
205,493,ITQ96_MATRIX_SURROGATE,12,36935,86.918864097363084,6.2432386747802573
206,485,ITQ96_MATRIX_SURROGATE,12,36935,88.154639175257728,6.3462199312714773
207,503,ITQ96_MATRIX_SURROGATE,12,36935,85.429423459244532,6.119118621603711
208,493,ITQ96_MATRIX_SURROGATE,12,36935,86.918864097363084,6.2432386747802573
209,474,ITQ96_MATRIX_SURROGATE,12,36935,89.921940928270047,6.4934950773558366
210,479,ITQ96_MATRIX_SURROGATE,12,36935,89.108559498956154,6.4257132915796795
211,467,ITQ96_MATRIX_SURROGATE,12,36935,91.089935760171301,6.5908279800142759
212,469,ITQ96_MATRIX_SURROGATE,12,36935,90.752665245202564,6.5627221037668795
213,528,ITQ96_MATRIX_SURROGATE,12,36935,81.952651515151516,5.8293876262626263
214,523,ITQ96_MATRIX_SURROGATE,12,36935,82.621414913957935,5.8851179094964943
215,512,ITQ96_MATRIX_SURROGATE,12,36935,84.138671875,6.011555989583333
216,508,ITQ96_MATRIX_SURROGATE,12,36935,84.706692913385822,6.0588910761154855
217,492,ITQ96_MATRIX_SURROGATE,12,36935,87.07113821138212,6.2559281842818431
218,537,ITQ96_MATRIX_SURROGATE,12,36935,80.780260707635009,5.7316883923029174
219,434,ITQ96_MATRIX_SURROGATE,12,36935,97.103686635944698,7.0919738863287254
220,468,ITQ96_MATRIX_SURROGATE,12,36935,90.92094017094017,6.5767450142450139
221,454,ITQ96_MATRIX_SURROGATE,12,36935,93.354625550660799,6.7795521292217327
222,498,ITQ96_MATRIX_SURROGATE,12,36935,86.166666666666671,6.1805555555555554
223,486,ITQ96_MATRIX_SURROGATE,12,36935,87.997942386831269,6.3331618655692727
224,487,ITQ96_MATRIX_SURROGATE,12,36935,87.841889117043124,6.32015742642026
225,485,ITQ96_MATRIX_SURROGATE,12,36935,88.154639175257728,6.3462199312714773
226,489,ITQ96_MATRIX_SURROGATE,12,36935,87.531697341513294,6.2943081117927742
227,455,ITQ96_MATRIX_SURROGATE,12,36935,93.175824175824175,6.7646520146520146
228,489,ITQ96_MATRIX_SURROGATE,12,36935,87.531697341513294,6.2943081117927742
229,510,ITQ96_MATRIX_SURROGATE,12,36935,84.421568627450981,6.0351307189542487
230,507,ITQ96_MATRIX_SURROGATE,12,36935,84.850098619329387,6.0708415516107825
231,487,ITQ96_MATRIX_SURROGATE,12,36935,87.841889117043124,6.32015742642026
232,473,ITQ96_MATRIX_SURROGATE,12,36935,90.086680761099359,6.5072233967582802
233,486,ITQ96_MATRIX_SURROGATE,12,36935,87.997942386831269,6.3331618655692727
234,530,ITQ96_MATRIX_SURROGATE,12,36935,81.688679245283012,5.807389937106918
235,532,ITQ96_MATRIX_SURROGATE,12,36935,81.426691729323309,5.7855576441102761
236,541,ITQ96_MATRIX_SURROGATE,12,36935,80.271719038817011,5.689309919901417
237,459,ITQ96_MATRIX_SURROGATE,12,36935,92.468409586056652,6.7057007988380537
238,493,ITQ96_MATRIX_SURROGATE,12,36935,86.918864097363084,6.2432386747802573
239,537,ITQ96_MATRIX_SURROGATE,12,36935,80.780260707635009,5.7316883923029174
240,476,ITQ96_MATRIX_SURROGATE,12,36935,89.594537815126046,6.4662114845938374
241,534,ITQ96_MATRIX_SURROGATE,12,36935,81.166666666666671,5.7638888888888893
242,560,ITQ96_MATRIX_SURROGATE,12,36935,77.955357142857139,5.4962797619047619
243,457,ITQ96_MATRIX_SURROGATE,12,36935,92.820568927789935,6.7350474106491616
244,492,ITQ96_MATRIX_SURROGATE,12,36935,87.07113821138212,6.2559281842818431
245,474,ITQ96_MATRIX_SURROGATE,12,36935,89.921940928270047,6.4934950773558366
246,448,ITQ96_MATRIX_SURROGATE,12,36935,94.444196428571431,6.8703497023809526
247,584,ITQ96_MATRIX_SURROGATE,12,36935,75.24486301369862,5.2704052511415522
248,467,ITQ96_MATRIX_SURROGATE,12,36935,91.089935760171301,6.5908279800142759
249,478,ITQ96_MATRIX_SURROGATE,12,36935,89.269874476987454,6.4391562064156203
250,484,ITQ96_MATRIX_SURROGATE,12,36935,88.311983471074385,6.3593319559228654
251,529,ITQ96_MATRIX_SURROGATE,12,36935,81.82041587901702,5.8183679899180847
252,512,ITQ96_MATRIX_SURROGATE,12,36935,84.138671875,6.011555989583333
253,476,ITQ96_MATRIX_SURROGATE,12,36935,89.594537815126046,6.4662114845938374
254,496,ITQ96_MATRIX_SURROGATE,12,36935,86.465725806451616,6.205477150537634
255,489,ITQ96_MATRIX_SURROGATE,12,36935,87.531697341513294,6.2943081117927742
256,476,ITQ96_MATRIX_SURROGATE,12,36935,89.594537815126046,6.4662114845938374
257,485,ITQ96_MATRIX_SURROGATE,12,36935,88.154639175257728,6.3462199312714773
258,529,ITQ96_MATRIX_SURROGATE,12,36935,81.82041587901702,5.8183679899180847
259,466,ITQ96_MATRIX_SURROGATE,12,36935,91.259656652360519,6.6049713876967093
260,495,ITQ96_MATRIX_SURROGATE,12,36935,86.616161616161619,6.218013468013468
261,495,ITQ96_MATRIX_SURROGATE,12,36935,86.616161616161619,6.218013468013468
262,502,ITQ96_MATRIX_SURROGATE,12,36935,85.575697211155372,6.1313081009296146
263,484,ITQ96_MATRIX_SURROGATE,12,36935,88.311983471074385,6.3593319559228654
264,503,ITQ96_MATRIX_SURROGATE,12,36935,85.429423459244532,6.119118621603711
265,502,ITQ96_MATRIX_SURROGATE,12,36935,85.575697211155372,6.1313081009296146
266,494,ITQ96_MATRIX_SURROGATE,12,36935,86.767206477732799,6.230600539811066
267,463,ITQ96_MATRIX_SURROGATE,12,36935,91.7732181425486,6.6477681785457161
268,502,ITQ96_MATRIX_SURROGATE,12,36935,85.575697211155372,6.1313081009296146
269,478,ITQ96_MATRIX_SURROGATE,12,36935,89.269874476987454,6.4391562064156203
270,457,ITQ96_MATRIX_SURROGATE,12,36935,92.820568927789935,6.7350474106491616
271,516,ITQ96_MATRIX_SURROGATE,12,36935,83.579457364341081,5.9649547803617571
272,510,ITQ96_MATRIX_SURROGATE,12,36935,84.421568627450981,6.0351307189542487
273,460,ITQ96_MATRIX_SURROGATE,12,36935,92.293478260869563,6.6911231884057969
274,516,ITQ96_MATRIX_SURROGATE,12,36935,83.579457364341081,5.9649547803617571
275,456,ITQ96_MATRIX_SURROGATE,12,36935,92.997807017543863,6.7498172514619883
276,492,ITQ96_MATRIX_SURROGATE,12,36935,87.07113821138212,6.2559281842818431
277,409,ITQ96_MATRIX_SURROGATE,12,36935,102.30562347188264,7.525468622656887
278,454,ITQ96_MATRIX_SURROGATE,12,36935,93.354625550660799,6.7795521292217327
279,495,ITQ96_MATRIX_SURROGATE,12,36935,86.616161616161619,6.218013468013468
280,487,ITQ96_MATRIX_SURROGATE,12,36935,87.841889117043124,6.32015742642026
281,467,ITQ96_MATRIX_SURROGATE,12,36935,91.089935760171301,6.5908279800142759
282,537,ITQ96_MATRIX_SURROGATE,12,36935,80.780260707635009,5.7316883923029174
283,453,ITQ96_MATRIX_SURROGATE,12,36935,93.534216335540833,6.794518027961737
284,516,ITQ96_MATRIX_SURROGATE,12,36935,83.579457364341081,5.9649547803617571
285,492,ITQ96_MATRIX_SURROGATE,12,36935,87.07113821138212,6.2559281842818431
286,509,ITQ96_MATRIX_SURROGATE,12,36935,84.563850687622789,6.0469875573018994
287,478,ITQ96_MATRIX_SURROGATE,12,36935,89.269874476987454,6.4391562064156203
288,528,ITQ96_MATRIX_SURROGATE,12,36935,81.952651515151516,5.8293876262626263
289,488,ITQ96_MATRIX_SURROGATE,12,36935,87.686475409836063,6.3072062841530059
290,490,ITQ96_MATRIX_SURROGATE,12,36935,87.377551020408163,6.2814625850340136
291,485,ITQ96_MATRIX_SURROGATE,12,36935,88.154639175257728,6.3462199312714773
292,469,ITQ96_MATRIX_SURROGATE,12,36935,90.752665245202564,6.5627221037668795
293,477,ITQ96_MATRIX_SURROGATE,12,36935,89.431865828092242,6.4526554856743532
294,520,ITQ96_MATRIX_SURROGATE,12,36935,83.02884615384616,5.9190705128205128
295,478,ITQ96_MATRIX_SURROGATE,12,36935,89.269874476987454,6.4391562064156203
296,459,ITQ96_MATRIX_SURROGATE,12,36935,92.468409586056652,6.7057007988380537
297,487,ITQ96_MATRIX_SURROGATE,12,36935,87.841889117043124,6.32015742642026
298,504,ITQ96_MATRIX_SURROGATE,12,36935,85.283730158730165,6.1069775132275135
299,504,ITQ96_MATRIX_SURROGATE,12,36935,85.283730158730165,6.1069775132275135
300,511,ITQ96_MATRIX_SURROGATE,12,36935,84.279843444227012,6.0233202870189171
301,493,ITQ96_MATRIX_SURROGATE,12,36935,86.918864097363084,6.2432386747802573
302,466,ITQ96_MATRIX_SURROGATE,12,36935,91.259656652360519,6.6049713876967093
303,462,ITQ96_MATRIX_SURROGATE,12,36935,91.94588744588745,6.6621572871572869
304,496,ITQ96_MATRIX_SURROGATE,12,36935,86.465725806451616,6.205477150537634
305,493,ITQ96_MATRIX_SURROGATE,12,36935,86.918864097363084,6.2432386747802573
306,457,ITQ96_MATRIX_SURROGATE,12,36935,92.820568927789935,6.7350474106491616
307,471,ITQ96_MATRIX_SURROGATE,12,36935,90.418259023354565,6.5348549186128801
308,521,ITQ96_MATRIX_SURROGATE,12,36935,82.892514395393476,5.9077095329494558
309,493,ITQ96_MATRIX_SURROGATE,12,36935,86.918864097363084,6.2432386747802573
310,550,ITQ96_MATRIX_SURROGATE,12,36935,79.154545454545456,5.5962121212121216
311,429,ITQ96_MATRIX_SURROGATE,12,36935,98.095571095571103,7.1746309246309243
312,512,ITQ96_MATRIX_SURROGATE,12,36935,84.138671875,6.011555989583333
313,485,ITQ96_MATRIX_SURROGATE,12,36935,88.154639175257728,6.3462199312714773
314,530,ITQ96_MATRIX_SURROGATE,12,36935,81.688679245283012,5.807389937106918
315,479,ITQ96_MATRIX_SURROGATE,12,36935,89.108559498956154,6.4257132915796795
316,474,ITQ96_MATRIX_SURROGATE,12,36935,89.921940928270047,6.4934950773558366
317,532,ITQ96_MATRIX_SURROGATE,12,36935,81.426691729323309,5.7855576441102761
318,437,ITQ96_MATRIX_SURROGATE,12,36935,96.519450800915337,7.0432875667429444
319,469,ITQ96_MATRIX_SURROGATE,12,36935,90.752665245202564,6.5627221037668795
320,520,ITQ96_MATRIX_SURROGATE,12,36935,83.02884615384616,5.9190705128205128
321,533,ITQ96_MATRIX_SURROGATE,12,36935,81.296435272045031,5.7747029393370859
322,504,ITQ96_MATRIX_SURROGATE,12,36935,85.283730158730165,6.1069775132275135
323,521,ITQ96_MATRIX_SURROGATE,12,36935,82.892514395393476,5.9077095329494558
324,475,ITQ96_MATRIX_SURROGATE,12,36935,89.757894736842104,6.4798245614035084
325,476,ITQ96_MATRIX_SURROGATE,12,36935,89.594537815126046,6.4662114845938374
326,505,ITQ96_MATRIX_SURROGATE,12,36935,85.138613861386133,6.0948844884488445
327,470,ITQ96_MATRIX_SURROGATE,12,36935,90.585106382978722,6.5487588652482271
328,516,ITQ96_MATRIX_SURROGATE,12,36935,83.579457364341081,5.9649547803617571
329,480,ITQ96_MATRIX_SURROGATE,12,36935,88.947916666666671,6.4123263888888893
330,523,ITQ96_MATRIX_SURROGATE,12,36935,82.621414913957935,5.8851179094964943
331,530,ITQ96_MATRIX_SURROGATE,12,36935,81.688679245283012,5.807389937106918
332,458,ITQ96_MATRIX_SURROGATE,12,36935,92.644104803493448,6.7203420669577874
333,519,ITQ96_MATRIX_SURROGATE,12,36935,83.165703275529864,5.9304752729608223
334,550,ITQ96_MATRIX_SURROGATE,12,36935,79.154545454545456,5.5962121212121216
335,530,ITQ96_MATRIX_SURROGATE,12,36935,81.688679245283012,5.807389937106918
336,506,ITQ96_MATRIX_SURROGATE,12,36935,84.994071146245062,6.0828392621870879
337,461,ITQ96_MATRIX_SURROGATE,12,36935,92.119305856832966,6.6766088214027475
338,448,ITQ96_MATRIX_SURROGATE,12,36935,94.444196428571431,6.8703497023809526
339,493,ITQ96_MATRIX_SURROGATE,12,36935,86.918864097363084,6.2432386747802573
340,496,ITQ96_MATRIX_SURROGATE,12,36935,86.465725806451616,6.205477150537634
341,506,ITQ96_MATRIX_SURROGATE,12,36935,84.994071146245062,6.0828392621870879
342,481,ITQ96_MATRIX_SURROGATE,12,36935,88.78794178794179,6.3989951489951489
343,483,ITQ96_MATRIX_SURROGATE,12,36935,88.469979296066256,6.3724982746721874
344,533,ITQ96_MATRIX_SURROGATE,12,36935,81.296435272045031,5.7747029393370859
345,589,ITQ96_MATRIX_SURROGATE,12,36935,74.707979626485567,5.2256649688737973
346,464,ITQ96_MATRIX_SURROGATE,12,36935,91.60129310344827,6.6334410919540234
347,476,ITQ96_MATRIX_SURROGATE,12,36935,89.594537815126046,6.4662114845938374
348,513,ITQ96_MATRIX_SURROGATE,12,36935,83.998050682261209,5.999837556855101
349,489,ITQ96_MATRIX_SURROGATE,12,36935,87.531697341513294,6.2943081117927742
350,495,ITQ96_MATRIX_SURROGATE,12,36935,86.616161616161619,6.218013468013468
351,543,ITQ96_MATRIX_SURROGATE,12,36935,80.020257826887658,5.6683548189073054
352,482,ITQ96_MATRIX_SURROGATE,12,36935,88.628630705394187,6.3857192254495159
353,513,ITQ96_MATRIX_SURROGATE,12,36935,83.998050682261209,5.999837556855101
354,445,ITQ96_MATRIX_SURROGATE,12,36935,95,6.916666666666667
355,522,ITQ96_MATRIX_SURROGATE,12,36935,82.756704980842912,5.8963920817369093
356,497,ITQ96_MATRIX_SURROGATE,12,36935,86.315895372233399,6.1929912810194496
357,500,ITQ96_MATRIX_SURROGATE,12,36935,85.870000000000005,6.1558333333333337
358,508,ITQ96_MATRIX_SURROGATE,12,36935,84.706692913385822,6.0588910761154855
359,515,ITQ96_MATRIX_SURROGATE,12,36935,83.71844660194175,5.9765372168284792
360,585,ITQ96_MATRIX_SURROGATE,12,36935,75.136752136752136,5.2613960113960117
361,484,ITQ96_MATRIX_SURROGATE,12,36935,88.311983471074385,6.3593319559228654
362,424,ITQ96_MATRIX_SURROGATE,12,36935,99.110849056603769,7.2592374213836477
363,487,ITQ96_MATRIX_SURROGATE,12,36935,87.841889117043124,6.32015742642026
364,504,ITQ96_MATRIX_SURROGATE,12,36935,85.283730158730165,6.1069775132275135
365,473,ITQ96_MATRIX_SURROGATE,12,36935,90.086680761099359,6.5072233967582802
366,442,ITQ96_MATRIX_SURROGATE,12,36935,95.5633484162896,6.9636123680241324
367,459,ITQ96_MATRIX_SURROGATE,12,36935,92.468409586056652,6.7057007988380537
368,527,ITQ96_MATRIX_SURROGATE,12,36935,82.085388994307394,5.8404490828589504
369,506,ITQ96_MATRIX_SURROGATE,12,36935,84.994071146245062,6.0828392621870879
370,497,ITQ96_MATRIX_SURROGATE,12,36935,86.315895372233399,6.1929912810194496
371,470,ITQ96_MATRIX_SURROGATE,12,36935,90.585106382978722,6.5487588652482271
372,495,ITQ96_MATRIX_SURROGATE,12,36935,86.616161616161619,6.218013468013468
373,533,ITQ96_MATRIX_SURROGATE,12,36935,81.296435272045031,5.7747029393370859
374,474,ITQ96_MATRIX_SURROGATE,12,36935,89.921940928270047,6.4934950773558366
375,453,ITQ96_MATRIX_SURROGATE,12,36935,93.534216335540833,6.794518027961737
376,483,ITQ96_MATRIX_SURROGATE,12,36935,88.469979296066256,6.3724982746721874
377,517,ITQ96_MATRIX_SURROGATE,12,36935,83.441005802707934,5.9534171502256612
378,479,ITQ96_MATRIX_SURROGATE,12,36935,89.108559498956154,6.4257132915796795
379,498,ITQ96_MATRIX_SURROGATE,12,36935,86.166666666666671,6.1805555555555554
380,446,ITQ96_MATRIX_SURROGATE,12,36935,94.813901345291484,6.9011584454409567
381,511,ITQ96_MATRIX_SURROGATE,12,36935,84.279843444227012,6.0233202870189171
382,467,ITQ96_MATRIX_SURROGATE,12,36935,91.089935760171301,6.5908279800142759
383,495,ITQ96_MATRIX_SURROGATE,12,36935,86.616161616161619,6.218013468013468
384,465,ITQ96_MATRIX_SURROGATE,12,36935,91.430107526881727,6.6191756272401436
385,502,ITQ96_MATRIX_SURROGATE,12,36935,85.575697211155372,6.1313081009296146
386,591,ITQ96_MATRIX_SURROGATE,12,36935,74.495769881556683,5.2079808234630569
387,483,ITQ96_MATRIX_SURROGATE,12,36935,88.469979296066256,6.3724982746721874
388,458,ITQ96_MATRIX_SURROGATE,12,36935,92.644104803493448,6.7203420669577874
389,472,ITQ96_MATRIX_SURROGATE,12,36935,90.252118644067792,6.5210098870056497
390,474,ITQ96_MATRIX_SURROGATE,12,36935,89.921940928270047,6.4934950773558366
391,515,ITQ96_MATRIX_SURROGATE,12,36935,83.71844660194175,5.9765372168284792
392,457,ITQ96_MATRIX_SURROGATE,12,36935,92.820568927789935,6.7350474106491616
393,465,ITQ96_MATRIX_SURROGATE,12,36935,91.430107526881727,6.6191756272401436
394,493,ITQ96_MATRIX_SURROGATE,12,36935,86.918864097363084,6.2432386747802573
395,501,ITQ96_MATRIX_SURROGATE,12,36935,85.722554890219556,6.1435462408516299
396,498,ITQ96_MATRIX_SURROGATE,12,36935,86.166666666666671,6.1805555555555554
397,460,ITQ96_MATRIX_SURROGATE,12,36935,92.293478260869563,6.6911231884057969
398,532,ITQ96_MATRIX_SURROGATE,12,36935,81.426691729323309,5.7855576441102761
399,486,ITQ96_MATRIX_SURROGATE,12,36935,87.997942386831269,6.3331618655692727
400,469,ITQ96_MATRIX_SURROGATE,12,36935,90.752665245202564,6.5627221037668795
401,500,ITQ96_MATRIX_SURROGATE,12,36935,85.870000000000005,6.1558333333333337
402,460,ITQ96_MATRIX_SURROGATE,12,36935,92.293478260869563,6.6911231884057969
403,520,ITQ96_MATRIX_SURROGATE,12,36935,83.02884615384616,5.9190705128205128
404,472,ITQ96_MATRIX_SURROGATE,12,36935,90.252118644067792,6.5210098870056497
405,513,ITQ96_MATRIX_SURROGATE,12,36935,83.998050682261209,5.999837556855101
406,516,ITQ96_MATRIX_SURROGATE,12,36935,83.579457364341081,5.9649547803617571
407,484,ITQ96_MATRIX_SURROGATE,12,36935,88.311983471074385,6.3593319559228654
408,497,ITQ96_MATRIX_SURROGATE,12,36935,86.315895372233399,6.1929912810194496
409,481,ITQ96_MATRIX_SURROGATE,12,36935,88.78794178794179,6.3989951489951489
410,547,ITQ96_MATRIX_SURROGATE,12,36935,79.522851919561248,5.626904326630104
411,467,ITQ96_MATRIX_SURROGATE,12,36935,91.089935760171301,6.5908279800142759
412,452,ITQ96_MATRIX_SURROGATE,12,36935,93.714601769911511,6.809550147492625
413,491,ITQ96_MATRIX_SURROGATE,12,36935,87.224032586558039,6.2686693822131705
414,459,ITQ96_MATRIX_SURROGATE,12,36935,92.468409586056652,6.7057007988380537
415,565,ITQ96_MATRIX_SURROGATE,12,36935,77.371681415929203,5.4476401179941005
416,489,ITQ96_MATRIX_SURROGATE,12,36935,87.531697341513294,6.2943081117927742
417,467,ITQ96_MATRIX_SURROGATE,12,36935,91.089935760171301,6.5908279800142759
418,525,ITQ96_MATRIX_SURROGATE,12,36935,82.352380952380955,5.8626984126984123
419,480,ITQ96_MATRIX_SURROGATE,12,36935,88.947916666666671,6.4123263888888893
420,482,ITQ96_MATRIX_SURROGATE,12,36935,88.628630705394187,6.3857192254495159
421,505,ITQ96_MATRIX_SURROGATE,12,36935,85.138613861386133,6.0948844884488445
422,561,ITQ96_MATRIX_SURROGATE,12,36935,77.837789661319079,5.486482471776589
423,467,ITQ96_MATRIX_SURROGATE,12,36935,91.089935760171301,6.5908279800142759
424,519,ITQ96_MATRIX_SURROGATE,12,36935,83.165703275529864,5.9304752729608223
425,516,ITQ96_MATRIX_SURROGATE,12,36935,83.579457364341081,5.9649547803617571
426,480,ITQ96_MATRIX_SURROGATE,12,36935,88.947916666666671,6.4123263888888893
427,533,ITQ96_MATRIX_SURROGATE,12,36935,81.296435272045031,5.7747029393370859
428,558,ITQ96_MATRIX_SURROGATE,12,36935,78.191756272401435,5.5159796893667865
429,497,ITQ96_MATRIX_SURROGATE,12,36935,86.315895372233399,6.1929912810194496
430,489,ITQ96_MATRIX_SURROGATE,12,36935,87.531697341513294,6.2943081117927742
431,500,ITQ96_MATRIX_SURROGATE,12,36935,85.870000000000005,6.1558333333333337
432,505,ITQ96_MATRIX_SURROGATE,12,36935,85.138613861386133,6.0948844884488445
433,493,ITQ96_MATRIX_SURROGATE,12,36935,86.918864097363084,6.2432386747802573
434,485,ITQ96_MATRIX_SURROGATE,12,36935,88.154639175257728,6.3462199312714773
435,480,ITQ96_MATRIX_SURROGATE,12,36935,88.947916666666671,6.4123263888888893
436,444,ITQ96_MATRIX_SURROGATE,12,36935,95.186936936936931,6.9322447447447448
437,445,ITQ96_MATRIX_SURROGATE,12,36935,95,6.916666666666667
438,490,ITQ96_MATRIX_SURROGATE,12,36935,87.377551020408163,6.2814625850340136
439,470,ITQ96_MATRIX_SURROGATE,12,36935,90.585106382978722,6.5487588652482271
440,498,ITQ96_MATRIX_SURROGATE,12,36935,86.166666666666671,6.1805555555555554
441,476,ITQ96_MATRIX_SURROGATE,12,36935,89.594537815126046,6.4662114845938374
442,477,ITQ96_MATRIX_SURROGATE,12,36935,89.431865828092242,6.4526554856743532
443,481,ITQ96_MATRIX_SURROGATE,12,36935,88.78794178794179,6.3989951489951489
444,476,ITQ96_MATRIX_SURROGATE,12,36935,89.594537815126046,6.4662114845938374
445,457,ITQ96_MATRIX_SURROGATE,12,36935,92.820568927789935,6.7350474106491616
446,542,ITQ96_MATRIX_SURROGATE,12,36935,80.145756457564573,5.6788130381303814
447,500,ITQ96_MATRIX_SURROGATE,12,36935,85.870000000000005,6.1558333333333337
448,537,ITQ96_MATRIX_SURROGATE,12,36935,80.780260707635009,5.7316883923029174
449,500,ITQ96_MATRIX_SURROGATE,12,36935,85.870000000000005,6.1558333333333337
450,508,ITQ96_MATRIX_SURROGATE,12,36935,84.706692913385822,6.0588910761154855
451,477,ITQ96_MATRIX_SURROGATE,12,36935,89.431865828092242,6.4526554856743532
452,480,ITQ96_MATRIX_SURROGATE,12,36935,88.947916666666671,6.4123263888888893
453,491,ITQ96_MATRIX_SURROGATE,12,36935,87.224032586558039,6.2686693822131705
454,438,ITQ96_MATRIX_SURROGATE,12,36935,96.326484018264836,7.0272070015220702
455,495,ITQ96_MATRIX_SURROGATE,12,36935,86.616161616161619,6.218013468013468
456,534,ITQ96_MATRIX_SURROGATE,12,36935,81.166666666666671,5.7638888888888893
457,497,ITQ96_MATRIX_SURROGATE,12,36935,86.315895372233399,6.1929912810194496
458,467,ITQ96_MATRIX_SURROGATE,12,36935,91.089935760171301,6.5908279800142759
459,566,ITQ96_MATRIX_SURROGATE,12,36935,77.256183745583044,5.4380153121319195
460,444,ITQ96_MATRIX_SURROGATE,12,36935,95.186936936936931,6.9322447447447448
461,507,ITQ96_MATRIX_SURROGATE,12,36935,84.850098619329387,6.0708415516107825
462,490,ITQ96_MATRIX_SURROGATE,12,36935,87.377551020408163,6.2814625850340136
463,516,ITQ96_MATRIX_SURROGATE,12,36935,83.579457364341081,5.9649547803617571
464,479,ITQ96_MATRIX_SURROGATE,12,36935,89.108559498956154,6.4257132915796795
465,495,ITQ96_MATRIX_SURROGATE,12,36935,86.616161616161619,6.218013468013468
466,454,ITQ96_MATRIX_SURROGATE,12,36935,93.354625550660799,6.7795521292217327
467,498,ITQ96_MATRIX_SURROGATE,12,36935,86.166666666666671,6.1805555555555554
468,507,ITQ96_MATRIX_SURROGATE,12,36935,84.850098619329387,6.0708415516107825
469,556,ITQ96_MATRIX_SURROGATE,12,36935,78.42985611510791,5.5358213429256597
470,471,ITQ96_MATRIX_SURROGATE,12,36935,90.418259023354565,6.5348549186128801
1,514,PQ96_M12X8,12,98390,203.42023346303503,15.951686121919584
2,486,PQ96_M12X8,12,98390,214.44855967078189,16.870713305898491
3,486,PQ96_M12X8,12,98390,214.44855967078189,16.870713305898491
4,487,PQ96_M12X8,12,98390,214.03285420944559,16.836071184120467
5,494,PQ96_M12X8,12,98390,211.17004048582996,16.597503373819162
6,443,PQ96_M12X8,12,98390,234.09932279909705,18.508276899924756
7,479,PQ96_M12X8,12,98390,217.4070981210856,17.117258176757133
8,503,PQ96_M12X8,12,98390,207.60636182902584,16.300530152418819
9,513,PQ96_M12X8,12,98390,203.7933723196881,15.982781026640676
10,527,PQ96_M12X8,12,98390,198.69829222011384,15.558191018342821
11,551,PQ96_M12X8,12,98390,190.56624319419237,14.880520266182698
12,524,PQ96_M12X8,12,98390,199.76717557251908,15.647264631043257
13,490,PQ96_M12X8,12,98390,212.79591836734693,16.732993197278912
14,484,PQ96_M12X8,12,98390,215.28512396694214,16.940426997245179
15,480,PQ96_M12X8,12,98390,216.97916666666666,17.081597222222221
16,484,PQ96_M12X8,12,98390,215.28512396694214,16.940426997245179
17,466,PQ96_M12X8,12,98390,223.137339055794,17.594778254649498
18,479,PQ96_M12X8,12,98390,217.4070981210856,17.117258176757133
19,481,PQ96_M12X8,12,98390,216.55301455301455,17.046084546084547
20,485,PQ96_M12X8,12,98390,214.86597938144331,16.90549828178694
21,484,PQ96_M12X8,12,98390,215.28512396694214,16.940426997245179
22,463,PQ96_M12X8,12,98390,224.50539956803456,17.708783297336215
23,443,PQ96_M12X8,12,98390,234.09932279909705,18.508276899924756
24,486,PQ96_M12X8,12,98390,214.44855967078189,16.870713305898491
25,462,PQ96_M12X8,12,98390,224.96536796536796,17.747113997113996
26,483,PQ96_M12X8,12,98390,215.70600414078675,16.975500345065562
27,481,PQ96_M12X8,12,98390,216.55301455301455,17.046084546084547
28,450,PQ96_M12X8,12,98390,230.64444444444445,18.220370370370372
29,460,PQ96_M12X8,12,98390,225.89130434782609,17.82427536231884
30,475,PQ96_M12X8,12,98390,219.13684210526316,17.261403508771931
31,489,PQ96_M12X8,12,98390,213.20654396728017,16.767211997273346
32,466,PQ96_M12X8,12,98390,223.137339055794,17.594778254649498
33,472,PQ96_M12X8,12,98390,220.45338983050848,17.371115819209038
34,485,PQ96_M12X8,12,98390,214.86597938144331,16.90549828178694
35,467,PQ96_M12X8,12,98390,222.68522483940043,17.557102069950037
36,451,PQ96_M12X8,12,98390,230.15964523281596,18.179970436067997
37,478,PQ96_M12X8,12,98390,217.836820083682,17.153068340306834
38,474,PQ96_M12X8,12,98390,219.57383966244726,17.297819971870606
39,503,PQ96_M12X8,12,98390,207.60636182902584,16.300530152418819
40,509,PQ96_M12X8,12,98390,205.30058939096267,16.108382449246889
41,473,PQ96_M12X8,12,98390,220.01268498942918,17.334390415785766
42,436,PQ96_M12X8,12,98390,237.66513761467891,18.805428134556575
43,503,PQ96_M12X8,12,98390,207.60636182902584,16.300530152418819
44,486,PQ96_M12X8,12,98390,214.44855967078189,16.870713305898491
45,515,PQ96_M12X8,12,98390,203.04854368932038,15.920711974110032
46,482,PQ96_M12X8,12,98390,216.12863070539419,17.010719225449517
47,532,PQ96_M12X8,12,98390,196.94360902255639,15.411967418546366
48,501,PQ96_M12X8,12,98390,208.38722554890219,16.365602129075182
49,466,PQ96_M12X8,12,98390,223.137339055794,17.594778254649498
50,548,PQ96_M12X8,12,98390,191.54379562043795,14.96198296836983
51,462,PQ96_M12X8,12,98390,224.96536796536796,17.747113997113996
52,485,PQ96_M12X8,12,98390,214.86597938144331,16.90549828178694
53,506,PQ96_M12X8,12,98390,206.44664031620553,16.203886693017129
54,474,PQ96_M12X8,12,98390,219.57383966244726,17.297819971870606
55,462,PQ96_M12X8,12,98390,224.96536796536796,17.747113997113996
56,473,PQ96_M12X8,12,98390,220.01268498942918,17.334390415785766
57,510,PQ96_M12X8,12,98390,204.92156862745097,16.076797385620914
58,522,PQ96_M12X8,12,98390,200.48659003831418,15.707215836526181
59,494,PQ96_M12X8,12,98390,211.17004048582996,16.597503373819162
60,523,PQ96_M12X8,12,98390,200.12619502868068,15.677182919056724
61,512,PQ96_M12X8,12,98390,204.16796875,16.013997395833332
62,497,PQ96_M12X8,12,98390,209.96780684104627,16.497317236753858
63,473,PQ96_M12X8,12,98390,220.01268498942918,17.334390415785766
64,493,PQ96_M12X8,12,98390,211.57403651115618,16.631169709263016
65,523,PQ96_M12X8,12,98390,200.12619502868068,15.677182919056724
66,506,PQ96_M12X8,12,98390,206.44664031620553,16.203886693017129
67,478,PQ96_M12X8,12,98390,217.836820083682,17.153068340306834
68,498,PQ96_M12X8,12,98390,209.570281124498,16.464190093708165
69,491,PQ96_M12X8,12,98390,212.38696537678209,16.698913781398506
70,475,PQ96_M12X8,12,98390,219.13684210526316,17.261403508771931
71,500,PQ96_M12X8,12,98390,208.78,16.398333333333333
72,431,PQ96_M12X8,12,98390,240.2830626450116,19.023588553750965
73,496,PQ96_M12X8,12,98390,210.36693548387098,16.530577956989248
74,479,PQ96_M12X8,12,98390,217.4070981210856,17.117258176757133
75,491,PQ96_M12X8,12,98390,212.38696537678209,16.698913781398506
76,478,PQ96_M12X8,12,98390,217.836820083682,17.153068340306834
77,529,PQ96_M12X8,12,98390,197.99243856332703,15.499369880277253
78,480,PQ96_M12X8,12,98390,216.97916666666666,17.081597222222221
79,494,PQ96_M12X8,12,98390,211.17004048582996,16.597503373819162
80,485,PQ96_M12X8,12,98390,214.86597938144331,16.90549828178694
81,487,PQ96_M12X8,12,98390,214.03285420944559,16.836071184120467
82,500,PQ96_M12X8,12,98390,208.78,16.398333333333333
83,524,PQ96_M12X8,12,98390,199.76717557251908,15.647264631043257
84,475,PQ96_M12X8,12,98390,219.13684210526316,17.261403508771931
85,539,PQ96_M12X8,12,98390,194.54174397031539,15.211811997526283
86,519,PQ96_M12X8,12,98390,201.57610789980731,15.79800899165061
87,545,PQ96_M12X8,12,98390,192.53211009174311,15.044342507645259
88,490,PQ96_M12X8,12,98390,212.79591836734693,16.732993197278912
89,498,PQ96_M12X8,12,98390,209.570281124498,16.464190093708165
90,533,PQ96_M12X8,12,98390,196.59662288930582,15.383051907442152
91,567,PQ96_M12X8,12,98390,185.5273368606702,14.46061140505585
92,538,PQ96_M12X8,12,98390,194.88104089219331,15.240086741016109
93,479,PQ96_M12X8,12,98390,217.4070981210856,17.117258176757133
94,470,PQ96_M12X8,12,98390,221.34042553191489,17.445035460992909
95,431,PQ96_M12X8,12,98390,240.2830626450116,19.023588553750965
96,542,PQ96_M12X8,12,98390,193.53136531365314,15.127613776137762
97,526,PQ96_M12X8,12,98390,199.05323193916351,15.587769328263624
98,490,PQ96_M12X8,12,98390,212.79591836734693,16.732993197278912
99,515,PQ96_M12X8,12,98390,203.04854368932038,15.920711974110032
100,453,PQ96_M12X8,12,98390,229.19646799116998,18.099705665930831
101,449,PQ96_M12X8,12,98390,231.13140311804008,18.260950259836672
102,523,PQ96_M12X8,12,98390,200.12619502868068,15.677182919056724
103,531,PQ96_M12X8,12,98390,197.2919020715631,15.440991839296924
104,476,PQ96_M12X8,12,98390,218.70168067226891,17.225140056022408
105,521,PQ96_M12X8,12,98390,200.84836852207295,15.737364043506078
106,477,PQ96_M12X8,12,98390,218.26834381551362,17.189028651292801
107,485,PQ96_M12X8,12,98390,214.86597938144331,16.90549828178694
108,503,PQ96_M12X8,12,98390,207.60636182902584,16.300530152418819
109,509,PQ96_M12X8,12,98390,205.30058939096267,16.108382449246889
110,490,PQ96_M12X8,12,98390,212.79591836734693,16.732993197278912
111,514,PQ96_M12X8,12,98390,203.42023346303503,15.951686121919584
112,514,PQ96_M12X8,12,98390,203.42023346303503,15.951686121919584
113,530,PQ96_M12X8,12,98390,197.64150943396226,15.470125786163521
114,521,PQ96_M12X8,12,98390,200.84836852207295,15.737364043506078
115,516,PQ96_M12X8,12,98390,202.6782945736434,15.889857881136951
116,521,PQ96_M12X8,12,98390,200.84836852207295,15.737364043506078
117,455,PQ96_M12X8,12,98390,228.24175824175825,18.020146520146522
118,491,PQ96_M12X8,12,98390,212.38696537678209,16.698913781398506
119,554,PQ96_M12X8,12,98390,189.59927797833936,14.799939831528279
120,446,PQ96_M12X8,12,98390,232.60538116591928,18.383781763826608
121,501,PQ96_M12X8,12,98390,208.38722554890219,16.365602129075182
122,531,PQ96_M12X8,12,98390,197.2919020715631,15.440991839296924
123,529,PQ96_M12X8,12,98390,197.99243856332703,15.499369880277253
124,481,PQ96_M12X8,12,98390,216.55301455301455,17.046084546084547
125,490,PQ96_M12X8,12,98390,212.79591836734693,16.732993197278912
126,472,PQ96_M12X8,12,98390,220.45338983050848,17.371115819209038
127,461,PQ96_M12X8,12,98390,225.42733188720175,17.785610990600144
128,514,PQ96_M12X8,12,98390,203.42023346303503,15.951686121919584
129,495,PQ96_M12X8,12,98390,210.76767676767676,16.563973063973062
130,487,PQ96_M12X8,12,98390,214.03285420944559,16.836071184120467
131,495,PQ96_M12X8,12,98390,210.76767676767676,16.563973063973062
132,606,PQ96_M12X8,12,98390,174.35973597359737,13.529977997799779
133,422,PQ96_M12X8,12,98390,245.15165876777252,19.429304897314378
134,471,PQ96_M12X8,12,98390,220.89596602972398,17.407997169143666
135,616,PQ96_M12X8,12,98390,171.72402597402598,13.310335497835498
136,518,PQ96_M12X8,12,98390,201.94208494208493,15.828507078507078
137,528,PQ96_M12X8,12,98390,198.34469696969697,15.528724747474747
138,487,PQ96_M12X8,12,98390,214.03285420944559,16.836071184120467
139,419,PQ96_M12X8,12,98390,246.82100238663483,19.568416865552905
140,479,PQ96_M12X8,12,98390,217.4070981210856,17.117258176757133
141,510,PQ96_M12X8,12,98390,204.92156862745097,16.076797385620914
142,445,PQ96_M12X8,12,98390,233.10112359550561,18.425093632958802
143,483,PQ96_M12X8,12,98390,215.70600414078675,16.975500345065562
144,448,PQ96_M12X8,12,98390,231.62053571428572,18.30171130952381
145,472,PQ96_M12X8,12,98390,220.45338983050848,17.371115819209038
146,454,PQ96_M12X8,12,98390,228.71806167400882,18.059838472834066
147,482,PQ96_M12X8,12,98390,216.12863070539419,17.010719225449517
148,494,PQ96_M12X8,12,98390,211.17004048582996,16.597503373819162
149,541,PQ96_M12X8,12,98390,193.86691312384474,15.155576093653728
150,506,PQ96_M12X8,12,98390,206.44664031620553,16.203886693017129
151,459,PQ96_M12X8,12,98390,226.35729847494554,17.86310820624546
152,497,PQ96_M12X8,12,98390,209.96780684104627,16.497317236753858
153,488,PQ96_M12X8,12,98390,213.61885245901638,16.801571038251367
154,489,PQ96_M12X8,12,98390,213.20654396728017,16.767211997273346
155,452,PQ96_M12X8,12,98390,229.67699115044249,18.139749262536874
156,507,PQ96_M12X8,12,98390,206.06311637080867,16.171926364234057
157,510,PQ96_M12X8,12,98390,204.92156862745097,16.076797385620914
158,476,PQ96_M12X8,12,98390,218.70168067226891,17.225140056022408
159,483,PQ96_M12X8,12,98390,215.70600414078675,16.975500345065562
160,413,PQ96_M12X8,12,98390,250.23244552058111,19.85270379338176
161,493,PQ96_M12X8,12,98390,211.57403651115618,16.631169709263016
162,513,PQ96_M12X8,12,98390,203.7933723196881,15.982781026640676
163,454,PQ96_M12X8,12,98390,228.71806167400882,18.059838472834066
164,468,PQ96_M12X8,12,98390,222.23504273504273,17.519586894586894
165,482,PQ96_M12X8,12,98390,216.12863070539419,17.010719225449517
166,471,PQ96_M12X8,12,98390,220.89596602972398,17.407997169143666
167,429,PQ96_M12X8,12,98390,241.34731934731934,19.112276612276613
168,470,PQ96_M12X8,12,98390,221.34042553191489,17.445035460992909
169,505,PQ96_M12X8,12,98390,206.83168316831683,16.235973597359735
170,513,PQ96_M12X8,12,98390,203.7933723196881,15.982781026640676
171,460,PQ96_M12X8,12,98390,225.89130434782609,17.82427536231884
172,500,PQ96_M12X8,12,98390,208.78,16.398333333333333
173,483,PQ96_M12X8,12,98390,215.70600414078675,16.975500345065562
174,495,PQ96_M12X8,12,98390,210.76767676767676,16.563973063973062
175,614,PQ96_M12X8,12,98390,172.2442996742671,13.353691639522259
176,493,PQ96_M12X8,12,98390,211.57403651115618,16.631169709263016
177,514,PQ96_M12X8,12,98390,203.42023346303503,15.951686121919584
178,550,PQ96_M12X8,12,98390,190.8909090909091,14.907575757575758
179,439,PQ96_M12X8,12,98390,236.12300683371299,18.676917236142749
180,466,PQ96_M12X8,12,98390,223.137339055794,17.594778254649498
181,501,PQ96_M12X8,12,98390,208.38722554890219,16.365602129075182
182,496,PQ96_M12X8,12,98390,210.36693548387098,16.530577956989248
183,516,PQ96_M12X8,12,98390,202.6782945736434,15.889857881136951
184,446,PQ96_M12X8,12,98390,232.60538116591928,18.383781763826608
185,469,PQ96_M12X8,12,98390,221.7867803837953,17.48223169864961
186,490,PQ96_M12X8,12,98390,212.79591836734693,16.732993197278912
187,491,PQ96_M12X8,12,98390,212.38696537678209,16.698913781398506
188,474,PQ96_M12X8,12,98390,219.57383966244726,17.297819971870606
189,466,PQ96_M12X8,12,98390,223.137339055794,17.594778254649498
190,489,PQ96_M12X8,12,98390,213.20654396728017,16.767211997273346
191,542,PQ96_M12X8,12,98390,193.53136531365314,15.127613776137762
192,527,PQ96_M12X8,12,98390,198.69829222011384,15.558191018342821
193,506,PQ96_M12X8,12,98390,206.44664031620553,16.203886693017129
194,489,PQ96_M12X8,12,98390,213.20654396728017,16.767211997273346
195,564,PQ96_M12X8,12,98390,186.45035460992906,14.537529550827424
196,502,PQ96_M12X8,12,98390,207.99601593625499,16.333001328021247
197,554,PQ96_M12X8,12,98390,189.59927797833936,14.799939831528279
198,487,PQ96_M12X8,12,98390,214.03285420944559,16.836071184120467
199,510,PQ96_M12X8,12,98390,204.92156862745097,16.076797385620914
200,511,PQ96_M12X8,12,98390,204.54403131115461,16.045335942596218
201,484,PQ96_M12X8,12,98390,215.28512396694214,16.940426997245179
202,396,PQ96_M12X8,12,98390,260.45959595959596,20.704966329966329
203,512,PQ96_M12X8,12,98390,204.16796875,16.013997395833332
204,453,PQ96_M12X8,12,98390,229.19646799116998,18.099705665930831
205,493,PQ96_M12X8,12,98390,211.57403651115618,16.631169709263016
206,485,PQ96_M12X8,12,98390,214.86597938144331,16.90549828178694
207,503,PQ96_M12X8,12,98390,207.60636182902584,16.300530152418819
208,493,PQ96_M12X8,12,98390,211.57403651115618,16.631169709263016
209,474,PQ96_M12X8,12,98390,219.57383966244726,17.297819971870606
210,479,PQ96_M12X8,12,98390,217.4070981210856,17.117258176757133
211,467,PQ96_M12X8,12,98390,222.68522483940043,17.557102069950037
212,469,PQ96_M12X8,12,98390,221.7867803837953,17.48223169864961
213,528,PQ96_M12X8,12,98390,198.34469696969697,15.528724747474747
214,523,PQ96_M12X8,12,98390,200.12619502868068,15.677182919056724
215,512,PQ96_M12X8,12,98390,204.16796875,16.013997395833332
216,508,PQ96_M12X8,12,98390,205.68110236220471,16.14009186351706
217,492,PQ96_M12X8,12,98390,211.97967479674796,16.664972899728998
218,537,PQ96_M12X8,12,98390,195.22160148975792,15.268466790813159
219,434,PQ96_M12X8,12,98390,238.70506912442397,18.892089093701998
220,468,PQ96_M12X8,12,98390,222.23504273504273,17.519586894586894
221,454,PQ96_M12X8,12,98390,228.71806167400882,18.059838472834066
222,498,PQ96_M12X8,12,98390,209.570281124498,16.464190093708165
223,486,PQ96_M12X8,12,98390,214.44855967078189,16.870713305898491
224,487,PQ96_M12X8,12,98390,214.03285420944559,16.836071184120467
225,485,PQ96_M12X8,12,98390,214.86597938144331,16.90549828178694
226,489,PQ96_M12X8,12,98390,213.20654396728017,16.767211997273346
227,455,PQ96_M12X8,12,98390,228.24175824175825,18.020146520146522
228,489,PQ96_M12X8,12,98390,213.20654396728017,16.767211997273346
229,510,PQ96_M12X8,12,98390,204.92156862745097,16.076797385620914
230,507,PQ96_M12X8,12,98390,206.06311637080867,16.171926364234057
231,487,PQ96_M12X8,12,98390,214.03285420944559,16.836071184120467
232,473,PQ96_M12X8,12,98390,220.01268498942918,17.334390415785766
233,486,PQ96_M12X8,12,98390,214.44855967078189,16.870713305898491
234,530,PQ96_M12X8,12,98390,197.64150943396226,15.470125786163521
235,532,PQ96_M12X8,12,98390,196.94360902255639,15.411967418546366
236,541,PQ96_M12X8,12,98390,193.86691312384474,15.155576093653728
237,459,PQ96_M12X8,12,98390,226.35729847494554,17.86310820624546
238,493,PQ96_M12X8,12,98390,211.57403651115618,16.631169709263016
239,537,PQ96_M12X8,12,98390,195.22160148975792,15.268466790813159
240,476,PQ96_M12X8,12,98390,218.70168067226891,17.225140056022408
241,534,PQ96_M12X8,12,98390,196.25093632958803,15.354244694132335
242,560,PQ96_M12X8,12,98390,187.69642857142858,14.641369047619047
243,457,PQ96_M12X8,12,98390,227.29540481400437,17.941283734500363
244,492,PQ96_M12X8,12,98390,211.97967479674796,16.664972899728998
245,474,PQ96_M12X8,12,98390,219.57383966244726,17.297819971870606
246,448,PQ96_M12X8,12,98390,231.62053571428572,18.30171130952381
247,584,PQ96_M12X8,12,98390,180.47602739726028,14.03966894977169
248,467,PQ96_M12X8,12,98390,222.68522483940043,17.557102069950037
249,478,PQ96_M12X8,12,98390,217.836820083682,17.153068340306834
250,484,PQ96_M12X8,12,98390,215.28512396694214,16.940426997245179
251,529,PQ96_M12X8,12,98390,197.99243856332703,15.499369880277253
252,512,PQ96_M12X8,12,98390,204.16796875,16.013997395833332
253,476,PQ96_M12X8,12,98390,218.70168067226891,17.225140056022408
254,496,PQ96_M12X8,12,98390,210.36693548387098,16.530577956989248
255,489,PQ96_M12X8,12,98390,213.20654396728017,16.767211997273346
256,476,PQ96_M12X8,12,98390,218.70168067226891,17.225140056022408
257,485,PQ96_M12X8,12,98390,214.86597938144331,16.90549828178694
258,529,PQ96_M12X8,12,98390,197.99243856332703,15.499369880277253
259,466,PQ96_M12X8,12,98390,223.137339055794,17.594778254649498
260,495,PQ96_M12X8,12,98390,210.76767676767676,16.563973063973062
261,495,PQ96_M12X8,12,98390,210.76767676767676,16.563973063973062
262,502,PQ96_M12X8,12,98390,207.99601593625499,16.333001328021247
263,484,PQ96_M12X8,12,98390,215.28512396694214,16.940426997245179
264,503,PQ96_M12X8,12,98390,207.60636182902584,16.300530152418819
265,502,PQ96_M12X8,12,98390,207.99601593625499,16.333001328021247
266,494,PQ96_M12X8,12,98390,211.17004048582996,16.597503373819162
267,463,PQ96_M12X8,12,98390,224.50539956803456,17.708783297336215
268,502,PQ96_M12X8,12,98390,207.99601593625499,16.333001328021247
269,478,PQ96_M12X8,12,98390,217.836820083682,17.153068340306834
270,457,PQ96_M12X8,12,98390,227.29540481400437,17.941283734500363
271,516,PQ96_M12X8,12,98390,202.6782945736434,15.889857881136951
272,510,PQ96_M12X8,12,98390,204.92156862745097,16.076797385620914
273,460,PQ96_M12X8,12,98390,225.89130434782609,17.82427536231884
274,516,PQ96_M12X8,12,98390,202.6782945736434,15.889857881136951
275,456,PQ96_M12X8,12,98390,227.76754385964912,17.980628654970761
276,492,PQ96_M12X8,12,98390,211.97967479674796,16.664972899728998
277,409,PQ96_M12X8,12,98390,252.56234718826406,20.04686226568867
278,454,PQ96_M12X8,12,98390,228.71806167400882,18.059838472834066
279,495,PQ96_M12X8,12,98390,210.76767676767676,16.563973063973062
280,487,PQ96_M12X8,12,98390,214.03285420944559,16.836071184120467
281,467,PQ96_M12X8,12,98390,222.68522483940043,17.557102069950037
282,537,PQ96_M12X8,12,98390,195.22160148975792,15.268466790813159
283,453,PQ96_M12X8,12,98390,229.19646799116998,18.099705665930831
284,516,PQ96_M12X8,12,98390,202.6782945736434,15.889857881136951
285,492,PQ96_M12X8,12,98390,211.97967479674796,16.664972899728998
286,509,PQ96_M12X8,12,98390,205.30058939096267,16.108382449246889
287,478,PQ96_M12X8,12,98390,217.836820083682,17.153068340306834
288,528,PQ96_M12X8,12,98390,198.34469696969697,15.528724747474747
289,488,PQ96_M12X8,12,98390,213.61885245901638,16.801571038251367
290,490,PQ96_M12X8,12,98390,212.79591836734693,16.732993197278912
291,485,PQ96_M12X8,12,98390,214.86597938144331,16.90549828178694
292,469,PQ96_M12X8,12,98390,221.7867803837953,17.48223169864961
293,477,PQ96_M12X8,12,98390,218.26834381551362,17.189028651292801
294,520,PQ96_M12X8,12,98390,201.21153846153845,15.767628205128204
295,478,PQ96_M12X8,12,98390,217.836820083682,17.153068340306834
296,459,PQ96_M12X8,12,98390,226.35729847494554,17.86310820624546
297,487,PQ96_M12X8,12,98390,214.03285420944559,16.836071184120467
298,504,PQ96_M12X8,12,98390,207.21825396825398,16.268187830687829
299,504,PQ96_M12X8,12,98390,207.21825396825398,16.268187830687829
300,511,PQ96_M12X8,12,98390,204.54403131115461,16.045335942596218
301,493,PQ96_M12X8,12,98390,211.57403651115618,16.631169709263016
302,466,PQ96_M12X8,12,98390,223.137339055794,17.594778254649498
303,462,PQ96_M12X8,12,98390,224.96536796536796,17.747113997113996
304,496,PQ96_M12X8,12,98390,210.36693548387098,16.530577956989248
305,493,PQ96_M12X8,12,98390,211.57403651115618,16.631169709263016
306,457,PQ96_M12X8,12,98390,227.29540481400437,17.941283734500363
307,471,PQ96_M12X8,12,98390,220.89596602972398,17.407997169143666
308,521,PQ96_M12X8,12,98390,200.84836852207295,15.737364043506078
309,493,PQ96_M12X8,12,98390,211.57403651115618,16.631169709263016
310,550,PQ96_M12X8,12,98390,190.8909090909091,14.907575757575758
311,429,PQ96_M12X8,12,98390,241.34731934731934,19.112276612276613
312,512,PQ96_M12X8,12,98390,204.16796875,16.013997395833332
313,485,PQ96_M12X8,12,98390,214.86597938144331,16.90549828178694
314,530,PQ96_M12X8,12,98390,197.64150943396226,15.470125786163521
315,479,PQ96_M12X8,12,98390,217.4070981210856,17.117258176757133
316,474,PQ96_M12X8,12,98390,219.57383966244726,17.297819971870606
317,532,PQ96_M12X8,12,98390,196.94360902255639,15.411967418546366
318,437,PQ96_M12X8,12,98390,237.1487414187643,18.762395118230359
319,469,PQ96_M12X8,12,98390,221.7867803837953,17.48223169864961
320,520,PQ96_M12X8,12,98390,201.21153846153845,15.767628205128204
321,533,PQ96_M12X8,12,98390,196.59662288930582,15.383051907442152
322,504,PQ96_M12X8,12,98390,207.21825396825398,16.268187830687829
323,521,PQ96_M12X8,12,98390,200.84836852207295,15.737364043506078
324,475,PQ96_M12X8,12,98390,219.13684210526316,17.261403508771931
325,476,PQ96_M12X8,12,98390,218.70168067226891,17.225140056022408
326,505,PQ96_M12X8,12,98390,206.83168316831683,16.235973597359735
327,470,PQ96_M12X8,12,98390,221.34042553191489,17.445035460992909
328,516,PQ96_M12X8,12,98390,202.6782945736434,15.889857881136951
329,480,PQ96_M12X8,12,98390,216.97916666666666,17.081597222222221
330,523,PQ96_M12X8,12,98390,200.12619502868068,15.677182919056724
331,530,PQ96_M12X8,12,98390,197.64150943396226,15.470125786163521
332,458,PQ96_M12X8,12,98390,226.82532751091702,17.902110625909753
333,519,PQ96_M12X8,12,98390,201.57610789980731,15.79800899165061
334,550,PQ96_M12X8,12,98390,190.8909090909091,14.907575757575758
335,530,PQ96_M12X8,12,98390,197.64150943396226,15.470125786163521
336,506,PQ96_M12X8,12,98390,206.44664031620553,16.203886693017129
337,461,PQ96_M12X8,12,98390,225.42733188720175,17.785610990600144
338,448,PQ96_M12X8,12,98390,231.62053571428572,18.30171130952381
339,493,PQ96_M12X8,12,98390,211.57403651115618,16.631169709263016
340,496,PQ96_M12X8,12,98390,210.36693548387098,16.530577956989248
341,506,PQ96_M12X8,12,98390,206.44664031620553,16.203886693017129
342,481,PQ96_M12X8,12,98390,216.55301455301455,17.046084546084547
343,483,PQ96_M12X8,12,98390,215.70600414078675,16.975500345065562
344,533,PQ96_M12X8,12,98390,196.59662288930582,15.383051907442152
345,589,PQ96_M12X8,12,98390,179.04584040747028,13.920486700622524
346,464,PQ96_M12X8,12,98390,224.04741379310346,17.670617816091955
347,476,PQ96_M12X8,12,98390,218.70168067226891,17.225140056022408
348,513,PQ96_M12X8,12,98390,203.7933723196881,15.982781026640676
349,489,PQ96_M12X8,12,98390,213.20654396728017,16.767211997273346
350,495,PQ96_M12X8,12,98390,210.76767676767676,16.563973063973062
351,543,PQ96_M12X8,12,98390,193.19705340699815,15.09975445058318
352,482,PQ96_M12X8,12,98390,216.12863070539419,17.010719225449517
353,513,PQ96_M12X8,12,98390,203.7933723196881,15.982781026640676
354,445,PQ96_M12X8,12,98390,233.10112359550561,18.425093632958802
355,522,PQ96_M12X8,12,98390,200.48659003831418,15.707215836526181
356,497,PQ96_M12X8,12,98390,209.96780684104627,16.497317236753858
357,500,PQ96_M12X8,12,98390,208.78,16.398333333333333
358,508,PQ96_M12X8,12,98390,205.68110236220471,16.14009186351706
359,515,PQ96_M12X8,12,98390,203.04854368932038,15.920711974110032
360,585,PQ96_M12X8,12,98390,180.18803418803418,14.015669515669515
361,484,PQ96_M12X8,12,98390,215.28512396694214,16.940426997245179
362,424,PQ96_M12X8,12,98390,244.05188679245282,19.337657232704402
363,487,PQ96_M12X8,12,98390,214.03285420944559,16.836071184120467
364,504,PQ96_M12X8,12,98390,207.21825396825398,16.268187830687829
365,473,PQ96_M12X8,12,98390,220.01268498942918,17.334390415785766
366,442,PQ96_M12X8,12,98390,234.60180995475113,18.550150829562593
367,459,PQ96_M12X8,12,98390,226.35729847494554,17.86310820624546
368,527,PQ96_M12X8,12,98390,198.69829222011384,15.558191018342821
369,506,PQ96_M12X8,12,98390,206.44664031620553,16.203886693017129
370,497,PQ96_M12X8,12,98390,209.96780684104627,16.497317236753858
371,470,PQ96_M12X8,12,98390,221.34042553191489,17.445035460992909
372,495,PQ96_M12X8,12,98390,210.76767676767676,16.563973063973062
373,533,PQ96_M12X8,12,98390,196.59662288930582,15.383051907442152
374,474,PQ96_M12X8,12,98390,219.57383966244726,17.297819971870606
375,453,PQ96_M12X8,12,98390,229.19646799116998,18.099705665930831
376,483,PQ96_M12X8,12,98390,215.70600414078675,16.975500345065562
377,517,PQ96_M12X8,12,98390,202.30947775628627,15.85912314635719
378,479,PQ96_M12X8,12,98390,217.4070981210856,17.117258176757133
379,498,PQ96_M12X8,12,98390,209.570281124498,16.464190093708165
380,446,PQ96_M12X8,12,98390,232.60538116591928,18.383781763826608
381,511,PQ96_M12X8,12,98390,204.54403131115461,16.045335942596218
382,467,PQ96_M12X8,12,98390,222.68522483940043,17.557102069950037
383,495,PQ96_M12X8,12,98390,210.76767676767676,16.563973063973062
384,465,PQ96_M12X8,12,98390,223.59139784946237,17.632616487455198
385,502,PQ96_M12X8,12,98390,207.99601593625499,16.333001328021247
386,591,PQ96_M12X8,12,98390,178.48054145516073,13.873378454596729
387,483,PQ96_M12X8,12,98390,215.70600414078675,16.975500345065562
388,458,PQ96_M12X8,12,98390,226.82532751091702,17.902110625909753
389,472,PQ96_M12X8,12,98390,220.45338983050848,17.371115819209038
390,474,PQ96_M12X8,12,98390,219.57383966244726,17.297819971870606
391,515,PQ96_M12X8,12,98390,203.04854368932038,15.920711974110032
392,457,PQ96_M12X8,12,98390,227.29540481400437,17.941283734500363
393,465,PQ96_M12X8,12,98390,223.59139784946237,17.632616487455198
394,493,PQ96_M12X8,12,98390,211.57403651115618,16.631169709263016
395,501,PQ96_M12X8,12,98390,208.38722554890219,16.365602129075182
396,498,PQ96_M12X8,12,98390,209.570281124498,16.464190093708165
397,460,PQ96_M12X8,12,98390,225.89130434782609,17.82427536231884
398,532,PQ96_M12X8,12,98390,196.94360902255639,15.411967418546366
399,486,PQ96_M12X8,12,98390,214.44855967078189,16.870713305898491
400,469,PQ96_M12X8,12,98390,221.7867803837953,17.48223169864961
401,500,PQ96_M12X8,12,98390,208.78,16.398333333333333
402,460,PQ96_M12X8,12,98390,225.89130434782609,17.82427536231884
403,520,PQ96_M12X8,12,98390,201.21153846153845,15.767628205128204
404,472,PQ96_M12X8,12,98390,220.45338983050848,17.371115819209038
405,513,PQ96_M12X8,12,98390,203.7933723196881,15.982781026640676
406,516,PQ96_M12X8,12,98390,202.6782945736434,15.889857881136951
407,484,PQ96_M12X8,12,98390,215.28512396694214,16.940426997245179
408,497,PQ96_M12X8,12,98390,209.96780684104627,16.497317236753858
409,481,PQ96_M12X8,12,98390,216.55301455301455,17.046084546084547
410,547,PQ96_M12X8,12,98390,191.87202925045705,14.989335770871421
411,467,PQ96_M12X8,12,98390,222.68522483940043,17.557102069950037
412,452,PQ96_M12X8,12,98390,229.67699115044249,18.139749262536874
413,491,PQ96_M12X8,12,98390,212.38696537678209,16.698913781398506
414,459,PQ96_M12X8,12,98390,226.35729847494554,17.86310820624546
415,565,PQ96_M12X8,12,98390,186.14159292035399,14.511799410029498
416,489,PQ96_M12X8,12,98390,213.20654396728017,16.767211997273346
417,467,PQ96_M12X8,12,98390,222.68522483940043,17.557102069950037
418,525,PQ96_M12X8,12,98390,199.40952380952382,15.617460317460317
419,480,PQ96_M12X8,12,98390,216.97916666666666,17.081597222222221
420,482,PQ96_M12X8,12,98390,216.12863070539419,17.010719225449517
421,505,PQ96_M12X8,12,98390,206.83168316831683,16.235973597359735
422,561,PQ96_M12X8,12,98390,187.38324420677361,14.615270350564469
423,467,PQ96_M12X8,12,98390,222.68522483940043,17.557102069950037
424,519,PQ96_M12X8,12,98390,201.57610789980731,15.79800899165061
425,516,PQ96_M12X8,12,98390,202.6782945736434,15.889857881136951
426,480,PQ96_M12X8,12,98390,216.97916666666666,17.081597222222221
427,533,PQ96_M12X8,12,98390,196.59662288930582,15.383051907442152
428,558,PQ96_M12X8,12,98390,188.32616487455198,14.693847072879331
429,497,PQ96_M12X8,12,98390,209.96780684104627,16.497317236753858
430,489,PQ96_M12X8,12,98390,213.20654396728017,16.767211997273346
431,500,PQ96_M12X8,12,98390,208.78,16.398333333333333
432,505,PQ96_M12X8,12,98390,206.83168316831683,16.235973597359735
433,493,PQ96_M12X8,12,98390,211.57403651115618,16.631169709263016
434,485,PQ96_M12X8,12,98390,214.86597938144331,16.90549828178694
435,480,PQ96_M12X8,12,98390,216.97916666666666,17.081597222222221
436,444,PQ96_M12X8,12,98390,233.59909909909911,18.466591591591591
437,445,PQ96_M12X8,12,98390,233.10112359550561,18.425093632958802
438,490,PQ96_M12X8,12,98390,212.79591836734693,16.732993197278912
439,470,PQ96_M12X8,12,98390,221.34042553191489,17.445035460992909
440,498,PQ96_M12X8,12,98390,209.570281124498,16.464190093708165
441,476,PQ96_M12X8,12,98390,218.70168067226891,17.225140056022408
442,477,PQ96_M12X8,12,98390,218.26834381551362,17.189028651292801
443,481,PQ96_M12X8,12,98390,216.55301455301455,17.046084546084547
444,476,PQ96_M12X8,12,98390,218.70168067226891,17.225140056022408
445,457,PQ96_M12X8,12,98390,227.29540481400437,17.941283734500363
446,542,PQ96_M12X8,12,98390,193.53136531365314,15.127613776137762
447,500,PQ96_M12X8,12,98390,208.78,16.398333333333333
448,537,PQ96_M12X8,12,98390,195.22160148975792,15.268466790813159
449,500,PQ96_M12X8,12,98390,208.78,16.398333333333333
450,508,PQ96_M12X8,12,98390,205.68110236220471,16.14009186351706
451,477,PQ96_M12X8,12,98390,218.26834381551362,17.189028651292801
452,480,PQ96_M12X8,12,98390,216.97916666666666,17.081597222222221
453,491,PQ96_M12X8,12,98390,212.38696537678209,16.698913781398506
454,438,PQ96_M12X8,12,98390,236.63470319634703,18.719558599695585
455,495,PQ96_M12X8,12,98390,210.76767676767676,16.563973063973062
456,534,PQ96_M12X8,12,98390,196.25093632958803,15.354244694132335
457,497,PQ96_M12X8,12,98390,209.96780684104627,16.497317236753858
458,467,PQ96_M12X8,12,98390,222.68522483940043,17.557102069950037
459,566,PQ96_M12X8,12,98390,185.8339222614841,14.486160188457008
460,444,PQ96_M12X8,12,98390,233.59909909909911,18.466591591591591
461,507,PQ96_M12X8,12,98390,206.06311637080867,16.171926364234057
462,490,PQ96_M12X8,12,98390,212.79591836734693,16.732993197278912
463,516,PQ96_M12X8,12,98390,202.6782945736434,15.889857881136951
464,479,PQ96_M12X8,12,98390,217.4070981210856,17.117258176757133
465,495,PQ96_M12X8,12,98390,210.76767676767676,16.563973063973062
466,454,PQ96_M12X8,12,98390,228.71806167400882,18.059838472834066
467,498,PQ96_M12X8,12,98390,209.570281124498,16.464190093708165
468,507,PQ96_M12X8,12,98390,206.06311637080867,16.171926364234057
469,556,PQ96_M12X8,12,98390,188.96043165467626,14.746702637889689
470,471,PQ96_M12X8,12,98390,220.89596602972398,17.407997169143666
1,514,RQ32_PLAIN_NO_ROTATION,12,202,12.392996108949417,0.032749675745784697
2,486,RQ32_PLAIN_NO_ROTATION,12,202,12.415637860082304,0.034636488340192041
3,486,RQ32_PLAIN_NO_ROTATION,12,202,12.415637860082304,0.034636488340192041
4,487,RQ32_PLAIN_NO_ROTATION,12,202,12.414784394250514,0.03456536618754278
5,494,RQ32_PLAIN_NO_ROTATION,12,202,12.408906882591094,0.034075573549257762
6,443,RQ32_PLAIN_NO_ROTATION,12,202,12.455981941309256,0.037998495109104587
7,479,RQ32_PLAIN_NO_ROTATION,12,202,12.421711899791232,0.035142658315935979
8,503,RQ32_PLAIN_NO_ROTATION,12,202,12.401590457256461,0.033465871438038433
9,513,RQ32_PLAIN_NO_ROTATION,12,202,12.393762183235868,0.032813515269655619
10,527,RQ32_PLAIN_NO_ROTATION,12,202,12.383301707779886,0.031941808981657181
11,551,RQ32_PLAIN_NO_ROTATION,12,202,12.366606170598912,0.030550514216575921
12,524,RQ32_PLAIN_NO_ROTATION,12,202,12.385496183206106,0.032124681933842242
13,490,RQ32_PLAIN_NO_ROTATION,12,202,12.412244897959184,0.034353741496598637
14,484,RQ32_PLAIN_NO_ROTATION,12,202,12.417355371900827,0.034779614325068868
15,480,RQ32_PLAIN_NO_ROTATION,12,202,12.420833333333333,0.035069444444444445
16,484,RQ32_PLAIN_NO_ROTATION,12,202,12.417355371900827,0.034779614325068868
17,466,RQ32_PLAIN_NO_ROTATION,12,202,12.433476394849786,0.036123032904148783
18,479,RQ32_PLAIN_NO_ROTATION,12,202,12.421711899791232,0.035142658315935979
19,481,RQ32_PLAIN_NO_ROTATION,12,202,12.419958419958419,0.034996534996534996
20,485,RQ32_PLAIN_NO_ROTATION,12,202,12.416494845360825,0.03470790378006873
21,484,RQ32_PLAIN_NO_ROTATION,12,202,12.417355371900827,0.034779614325068868
22,463,RQ32_PLAIN_NO_ROTATION,12,202,12.436285097192224,0.036357091432685389
23,443,RQ32_PLAIN_NO_ROTATION,12,202,12.455981941309256,0.037998495109104587
24,486,RQ32_PLAIN_NO_ROTATION,12,202,12.415637860082304,0.034636488340192041
25,462,RQ32_PLAIN_NO_ROTATION,12,202,12.437229437229437,0.036435786435786433
26,483,RQ32_PLAIN_NO_ROTATION,12,202,12.418219461697722,0.034851621808143544
27,481,RQ32_PLAIN_NO_ROTATION,12,202,12.419958419958419,0.034996534996534996
28,450,RQ32_PLAIN_NO_ROTATION,12,202,12.448888888888888,0.03740740740740741
29,460,RQ32_PLAIN_NO_ROTATION,12,202,12.439130434782609,0.036594202898550726
30,475,RQ32_PLAIN_NO_ROTATION,12,202,12.425263157894737,0.035438596491228068
31,489,RQ32_PLAIN_NO_ROTATION,12,202,12.413087934560327,0.034423994546693933
32,466,RQ32_PLAIN_NO_ROTATION,12,202,12.433476394849786,0.036123032904148783
33,472,RQ32_PLAIN_NO_ROTATION,12,202,12.427966101694915,0.035663841807909602
34,485,RQ32_PLAIN_NO_ROTATION,12,202,12.416494845360825,0.03470790378006873
35,467,RQ32_PLAIN_NO_ROTATION,12,202,12.432548179871521,0.036045681655960025
36,451,RQ32_PLAIN_NO_ROTATION,12,202,12.447893569844789,0.037324464153732445
37,478,RQ32_PLAIN_NO_ROTATION,12,202,12.422594142259415,0.035216178521617854
38,474,RQ32_PLAIN_NO_ROTATION,12,202,12.426160337552743,0.03551336146272855
39,503,RQ32_PLAIN_NO_ROTATION,12,202,12.401590457256461,0.033465871438038433
40,509,RQ32_PLAIN_NO_ROTATION,12,202,12.396856581532417,0.03307138179436804
41,473,RQ32_PLAIN_NO_ROTATION,12,202,12.427061310782241,0.035588442565186749
42,436,RQ32_PLAIN_NO_ROTATION,12,202,12.463302752293577,0.038608562691131498
43,503,RQ32_PLAIN_NO_ROTATION,12,202,12.401590457256461,0.033465871438038433
44,486,RQ32_PLAIN_NO_ROTATION,12,202,12.415637860082304,0.034636488340192041
45,515,RQ32_PLAIN_NO_ROTATION,12,202,12.392233009708738,0.032686084142394822
46,482,RQ32_PLAIN_NO_ROTATION,12,202,12.419087136929461,0.034923928077455049
47,532,RQ32_PLAIN_NO_ROTATION,12,202,12.3796992481203,0.031641604010025061
48,501,RQ32_PLAIN_NO_ROTATION,12,202,12.403193612774452,0.033599467731204258
49,466,RQ32_PLAIN_NO_ROTATION,12,202,12.433476394849786,0.036123032904148783
50,548,RQ32_PLAIN_NO_ROTATION,12,202,12.368613138686131,0.030717761557177616
51,462,RQ32_PLAIN_NO_ROTATION,12,202,12.437229437229437,0.036435786435786433
52,485,RQ32_PLAIN_NO_ROTATION,12,202,12.416494845360825,0.03470790378006873
53,506,RQ32_PLAIN_NO_ROTATION,12,202,12.399209486166008,0.033267457180500656
54,474,RQ32_PLAIN_NO_ROTATION,12,202,12.426160337552743,0.03551336146272855
55,462,RQ32_PLAIN_NO_ROTATION,12,202,12.437229437229437,0.036435786435786433
56,473,RQ32_PLAIN_NO_ROTATION,12,202,12.427061310782241,0.035588442565186749
57,510,RQ32_PLAIN_NO_ROTATION,12,202,12.396078431372549,0.033006535947712419
58,522,RQ32_PLAIN_NO_ROTATION,12,202,12.386973180076629,0.032247765006385695
59,494,RQ32_PLAIN_NO_ROTATION,12,202,12.408906882591094,0.034075573549257762
60,523,RQ32_PLAIN_NO_ROTATION,12,202,12.38623326959847,0.032186105799872529
61,512,RQ32_PLAIN_NO_ROTATION,12,202,12.39453125,0.032877604166666664
62,497,RQ32_PLAIN_NO_ROTATION,12,202,12.406438631790744,0.033869885982562041
63,473,RQ32_PLAIN_NO_ROTATION,12,202,12.427061310782241,0.035588442565186749
64,493,RQ32_PLAIN_NO_ROTATION,12,202,12.409736308316431,0.034144692359702501
65,523,RQ32_PLAIN_NO_ROTATION,12,202,12.38623326959847,0.032186105799872529
66,506,RQ32_PLAIN_NO_ROTATION,12,202,12.399209486166008,0.033267457180500656
67,478,RQ32_PLAIN_NO_ROTATION,12,202,12.422594142259415,0.035216178521617854
68,498,RQ32_PLAIN_NO_ROTATION,12,202,12.405622489959839,0.033801874163319943
69,491,RQ32_PLAIN_NO_ROTATION,12,202,12.411405295315681,0.034283774609640189
70,475,RQ32_PLAIN_NO_ROTATION,12,202,12.425263157894737,0.035438596491228068
71,500,RQ32_PLAIN_NO_ROTATION,12,202,12.404,0.033666666666666664
72,431,RQ32_PLAIN_NO_ROTATION,12,202,12.468677494199536,0.039056457849961333
73,496,RQ32_PLAIN_NO_ROTATION,12,202,12.40725806451613,0.03393817204301075
74,479,RQ32_PLAIN_NO_ROTATION,12,202,12.421711899791232,0.035142658315935979
75,491,RQ32_PLAIN_NO_ROTATION,12,202,12.411405295315681,0.034283774609640189
76,478,RQ32_PLAIN_NO_ROTATION,12,202,12.422594142259415,0.035216178521617854
77,529,RQ32_PLAIN_NO_ROTATION,12,202,12.381852551984878,0.031821045998739764
78,480,RQ32_PLAIN_NO_ROTATION,12,202,12.420833333333333,0.035069444444444445
79,494,RQ32_PLAIN_NO_ROTATION,12,202,12.408906882591094,0.034075573549257762
80,485,RQ32_PLAIN_NO_ROTATION,12,202,12.416494845360825,0.03470790378006873
81,487,RQ32_PLAIN_NO_ROTATION,12,202,12.414784394250514,0.03456536618754278
82,500,RQ32_PLAIN_NO_ROTATION,12,202,12.404,0.033666666666666664
83,524,RQ32_PLAIN_NO_ROTATION,12,202,12.385496183206106,0.032124681933842242
84,475,RQ32_PLAIN_NO_ROTATION,12,202,12.425263157894737,0.035438596491228068
85,539,RQ32_PLAIN_NO_ROTATION,12,202,12.374768089053804,0.031230674087816945
86,519,RQ32_PLAIN_NO_ROTATION,12,202,12.389210019267823,0.032434168272318563
87,545,RQ32_PLAIN_NO_ROTATION,12,202,12.370642201834862,0.030886850152905199
88,490,RQ32_PLAIN_NO_ROTATION,12,202,12.412244897959184,0.034353741496598637
89,498,RQ32_PLAIN_NO_ROTATION,12,202,12.405622489959839,0.033801874163319943
90,533,RQ32_PLAIN_NO_ROTATION,12,202,12.378986866791745,0.031582238899312068
91,567,RQ32_PLAIN_NO_ROTATION,12,202,12.35626102292769,0.029688418577307467
92,538,RQ32_PLAIN_NO_ROTATION,12,202,12.375464684014871,0.031288723667905825
93,479,RQ32_PLAIN_NO_ROTATION,12,202,12.421711899791232,0.035142658315935979
94,470,RQ32_PLAIN_NO_ROTATION,12,202,12.429787234042553,0.035815602836879436
95,431,RQ32_PLAIN_NO_ROTATION,12,202,12.468677494199536,0.039056457849961333
96,542,RQ32_PLAIN_NO_ROTATION,12,202,12.372693726937269,0.03105781057810578
97,526,RQ32_PLAIN_NO_ROTATION,12,202,12.384030418250951,0.032002534854245882
98,490,RQ32_PLAIN_NO_ROTATION,12,202,12.412244897959184,0.034353741496598637
99,515,RQ32_PLAIN_NO_ROTATION,12,202,12.392233009708738,0.032686084142394822
100,453,RQ32_PLAIN_NO_ROTATION,12,202,12.445916114790286,0.037159676232523912
101,449,RQ32_PLAIN_NO_ROTATION,12,202,12.449888641425389,0.037490720118782482
102,523,RQ32_PLAIN_NO_ROTATION,12,202,12.38623326959847,0.032186105799872529
103,531,RQ32_PLAIN_NO_ROTATION,12,202,12.380414312617702,0.031701192718141868
104,476,RQ32_PLAIN_NO_ROTATION,12,202,12.42436974789916,0.035364145658263305
105,521,RQ32_PLAIN_NO_ROTATION,12,202,12.387715930902111,0.032309660908509279
106,477,RQ32_PLAIN_NO_ROTATION,12,202,12.423480083857442,0.035290006988120196
107,485,RQ32_PLAIN_NO_ROTATION,12,202,12.416494845360825,0.03470790378006873
108,503,RQ32_PLAIN_NO_ROTATION,12,202,12.401590457256461,0.033465871438038433
109,509,RQ32_PLAIN_NO_ROTATION,12,202,12.396856581532417,0.03307138179436804
110,490,RQ32_PLAIN_NO_ROTATION,12,202,12.412244897959184,0.034353741496598637
111,514,RQ32_PLAIN_NO_ROTATION,12,202,12.392996108949417,0.032749675745784697
112,514,RQ32_PLAIN_NO_ROTATION,12,202,12.392996108949417,0.032749675745784697
113,530,RQ32_PLAIN_NO_ROTATION,12,202,12.381132075471697,0.031761006289308176
114,521,RQ32_PLAIN_NO_ROTATION,12,202,12.387715930902111,0.032309660908509279
115,516,RQ32_PLAIN_NO_ROTATION,12,202,12.391472868217054,0.032622739018087855
116,521,RQ32_PLAIN_NO_ROTATION,12,202,12.387715930902111,0.032309660908509279
117,455,RQ32_PLAIN_NO_ROTATION,12,202,12.443956043956044,0.036996336996336997
118,491,RQ32_PLAIN_NO_ROTATION,12,202,12.411405295315681,0.034283774609640189
119,554,RQ32_PLAIN_NO_ROTATION,12,202,12.364620938628159,0.030385078219013237
120,446,RQ32_PLAIN_NO_ROTATION,12,202,12.452914798206278,0.037742899850523169
121,501,RQ32_PLAIN_NO_ROTATION,12,202,12.403193612774452,0.033599467731204258
122,531,RQ32_PLAIN_NO_ROTATION,12,202,12.380414312617702,0.031701192718141868
123,529,RQ32_PLAIN_NO_ROTATION,12,202,12.381852551984878,0.031821045998739764
124,481,RQ32_PLAIN_NO_ROTATION,12,202,12.419958419958419,0.034996534996534996
125,490,RQ32_PLAIN_NO_ROTATION,12,202,12.412244897959184,0.034353741496598637
126,472,RQ32_PLAIN_NO_ROTATION,12,202,12.427966101694915,0.035663841807909602
127,461,RQ32_PLAIN_NO_ROTATION,12,202,12.43817787418655,0.036514822848879247
128,514,RQ32_PLAIN_NO_ROTATION,12,202,12.392996108949417,0.032749675745784697
129,495,RQ32_PLAIN_NO_ROTATION,12,202,12.408080808080808,0.034006734006734006
130,487,RQ32_PLAIN_NO_ROTATION,12,202,12.414784394250514,0.03456536618754278
131,495,RQ32_PLAIN_NO_ROTATION,12,202,12.408080808080808,0.034006734006734006
132,606,RQ32_PLAIN_NO_ROTATION,12,202,12.333333333333334,0.027777777777777776
133,422,RQ32_PLAIN_NO_ROTATION,12,202,12.478672985781991,0.039889415481832544
134,471,RQ32_PLAIN_NO_ROTATION,12,202,12.428874734607218,0.03573956121726822
135,616,RQ32_PLAIN_NO_ROTATION,12,202,12.327922077922079,0.027326839826839828
136,518,RQ32_PLAIN_NO_ROTATION,12,202,12.389961389961391,0.032496782496782499
137,528,RQ32_PLAIN_NO_ROTATION,12,202,12.382575757575758,0.031881313131313128
138,487,RQ32_PLAIN_NO_ROTATION,12,202,12.414784394250514,0.03456536618754278
139,419,RQ32_PLAIN_NO_ROTATION,12,202,12.482100238663485,0.040175019888623709
140,479,RQ32_PLAIN_NO_ROTATION,12,202,12.421711899791232,0.035142658315935979
141,510,RQ32_PLAIN_NO_ROTATION,12,202,12.396078431372549,0.033006535947712419
142,445,RQ32_PLAIN_NO_ROTATION,12,202,12.453932584269664,0.037827715355805244
143,483,RQ32_PLAIN_NO_ROTATION,12,202,12.418219461697722,0.034851621808143544
144,448,RQ32_PLAIN_NO_ROTATION,12,202,12.450892857142858,0.03757440476190476
145,472,RQ32_PLAIN_NO_ROTATION,12,202,12.427966101694915,0.035663841807909602
146,454,RQ32_PLAIN_NO_ROTATION,12,202,12.444933920704846,0.037077826725403815
147,482,RQ32_PLAIN_NO_ROTATION,12,202,12.419087136929461,0.034923928077455049
148,494,RQ32_PLAIN_NO_ROTATION,12,202,12.408906882591094,0.034075573549257762
149,541,RQ32_PLAIN_NO_ROTATION,12,202,12.373382624768947,0.031115218730745534
150,506,RQ32_PLAIN_NO_ROTATION,12,202,12.399209486166008,0.033267457180500656
151,459,RQ32_PLAIN_NO_ROTATION,12,202,12.4400871459695,0.036673928830791576
152,497,RQ32_PLAIN_NO_ROTATION,12,202,12.406438631790744,0.033869885982562041
153,488,RQ32_PLAIN_NO_ROTATION,12,202,12.413934426229508,0.03449453551912568
154,489,RQ32_PLAIN_NO_ROTATION,12,202,12.413087934560327,0.034423994546693933
155,452,RQ32_PLAIN_NO_ROTATION,12,202,12.446902654867257,0.037241887905604718
156,507,RQ32_PLAIN_NO_ROTATION,12,202,12.398422090729783,0.033201840894148585
157,510,RQ32_PLAIN_NO_ROTATION,12,202,12.396078431372549,0.033006535947712419
158,476,RQ32_PLAIN_NO_ROTATION,12,202,12.42436974789916,0.035364145658263305
159,483,RQ32_PLAIN_NO_ROTATION,12,202,12.418219461697722,0.034851621808143544
160,413,RQ32_PLAIN_NO_ROTATION,12,202,12.489104116222761,0.040758676351896693
161,493,RQ32_PLAIN_NO_ROTATION,12,202,12.409736308316431,0.034144692359702501
162,513,RQ32_PLAIN_NO_ROTATION,12,202,12.393762183235868,0.032813515269655619
163,454,RQ32_PLAIN_NO_ROTATION,12,202,12.444933920704846,0.037077826725403815
164,468,RQ32_PLAIN_NO_ROTATION,12,202,12.431623931623932,0.03596866096866097
165,482,RQ32_PLAIN_NO_ROTATION,12,202,12.419087136929461,0.034923928077455049
166,471,RQ32_PLAIN_NO_ROTATION,12,202,12.428874734607218,0.03573956121726822
167,429,RQ32_PLAIN_NO_ROTATION,12,202,12.470862470862471,0.03923853923853924
168,470,RQ32_PLAIN_NO_ROTATION,12,202,12.429787234042553,0.035815602836879436
169,505,RQ32_PLAIN_NO_ROTATION,12,202,12.4,0.033333333333333333
170,513,RQ32_PLAIN_NO_ROTATION,12,202,12.393762183235868,0.032813515269655619
171,460,RQ32_PLAIN_NO_ROTATION,12,202,12.439130434782609,0.036594202898550726
172,500,RQ32_PLAIN_NO_ROTATION,12,202,12.404,0.033666666666666664
173,483,RQ32_PLAIN_NO_ROTATION,12,202,12.418219461697722,0.034851621808143544
174,495,RQ32_PLAIN_NO_ROTATION,12,202,12.408080808080808,0.034006734006734006
175,614,RQ32_PLAIN_NO_ROTATION,12,202,12.32899022801303,0.027415852334419108
176,493,RQ32_PLAIN_NO_ROTATION,12,202,12.409736308316431,0.034144692359702501
177,514,RQ32_PLAIN_NO_ROTATION,12,202,12.392996108949417,0.032749675745784697
178,550,RQ32_PLAIN_NO_ROTATION,12,202,12.367272727272727,0.030606060606060605
179,439,RQ32_PLAIN_NO_ROTATION,12,202,12.460136674259681,0.038344722854973423
180,466,RQ32_PLAIN_NO_ROTATION,12,202,12.433476394849786,0.036123032904148783
181,501,RQ32_PLAIN_NO_ROTATION,12,202,12.403193612774452,0.033599467731204258
182,496,RQ32_PLAIN_NO_ROTATION,12,202,12.40725806451613,0.03393817204301075
183,516,RQ32_PLAIN_NO_ROTATION,12,202,12.391472868217054,0.032622739018087855
184,446,RQ32_PLAIN_NO_ROTATION,12,202,12.452914798206278,0.037742899850523169
185,469,RQ32_PLAIN_NO_ROTATION,12,202,12.430703624733475,0.035891968727789623
186,490,RQ32_PLAIN_NO_ROTATION,12,202,12.412244897959184,0.034353741496598637
187,491,RQ32_PLAIN_NO_ROTATION,12,202,12.411405295315681,0.034283774609640189
188,474,RQ32_PLAIN_NO_ROTATION,12,202,12.426160337552743,0.03551336146272855
189,466,RQ32_PLAIN_NO_ROTATION,12,202,12.433476394849786,0.036123032904148783
190,489,RQ32_PLAIN_NO_ROTATION,12,202,12.413087934560327,0.034423994546693933
191,542,RQ32_PLAIN_NO_ROTATION,12,202,12.372693726937269,0.03105781057810578
192,527,RQ32_PLAIN_NO_ROTATION,12,202,12.383301707779886,0.031941808981657181
193,506,RQ32_PLAIN_NO_ROTATION,12,202,12.399209486166008,0.033267457180500656
194,489,RQ32_PLAIN_NO_ROTATION,12,202,12.413087934560327,0.034423994546693933
195,564,RQ32_PLAIN_NO_ROTATION,12,202,12.358156028368795,0.029846335697399529
196,502,RQ32_PLAIN_NO_ROTATION,12,202,12.402390438247012,0.033532536520584327
197,554,RQ32_PLAIN_NO_ROTATION,12,202,12.364620938628159,0.030385078219013237
198,487,RQ32_PLAIN_NO_ROTATION,12,202,12.414784394250514,0.03456536618754278
199,510,RQ32_PLAIN_NO_ROTATION,12,202,12.396078431372549,0.033006535947712419
200,511,RQ32_PLAIN_NO_ROTATION,12,202,12.395303326810176,0.032941943900848009
201,484,RQ32_PLAIN_NO_ROTATION,12,202,12.417355371900827,0.034779614325068868
202,396,RQ32_PLAIN_NO_ROTATION,12,202,12.51010101010101,0.042508417508417509
203,512,RQ32_PLAIN_NO_ROTATION,12,202,12.39453125,0.032877604166666664
204,453,RQ32_PLAIN_NO_ROTATION,12,202,12.445916114790286,0.037159676232523912
205,493,RQ32_PLAIN_NO_ROTATION,12,202,12.409736308316431,0.034144692359702501
206,485,RQ32_PLAIN_NO_ROTATION,12,202,12.416494845360825,0.03470790378006873
207,503,RQ32_PLAIN_NO_ROTATION,12,202,12.401590457256461,0.033465871438038433
208,493,RQ32_PLAIN_NO_ROTATION,12,202,12.409736308316431,0.034144692359702501
209,474,RQ32_PLAIN_NO_ROTATION,12,202,12.426160337552743,0.03551336146272855
210,479,RQ32_PLAIN_NO_ROTATION,12,202,12.421711899791232,0.035142658315935979
211,467,RQ32_PLAIN_NO_ROTATION,12,202,12.432548179871521,0.036045681655960025
212,469,RQ32_PLAIN_NO_ROTATION,12,202,12.430703624733475,0.035891968727789623
213,528,RQ32_PLAIN_NO_ROTATION,12,202,12.382575757575758,0.031881313131313128
214,523,RQ32_PLAIN_NO_ROTATION,12,202,12.38623326959847,0.032186105799872529
215,512,RQ32_PLAIN_NO_ROTATION,12,202,12.39453125,0.032877604166666664
216,508,RQ32_PLAIN_NO_ROTATION,12,202,12.397637795275591,0.033136482939632547
217,492,RQ32_PLAIN_NO_ROTATION,12,202,12.410569105691057,0.034214092140921408
218,537,RQ32_PLAIN_NO_ROTATION,12,202,12.376163873370578,0.031346989447548108
219,434,RQ32_PLAIN_NO_ROTATION,12,202,12.465437788018432,0.038786482334869435
220,468,RQ32_PLAIN_NO_ROTATION,12,202,12.431623931623932,0.03596866096866097
221,454,RQ32_PLAIN_NO_ROTATION,12,202,12.444933920704846,0.037077826725403815
222,498,RQ32_PLAIN_NO_ROTATION,12,202,12.405622489959839,0.033801874163319943
223,486,RQ32_PLAIN_NO_ROTATION,12,202,12.415637860082304,0.034636488340192041
224,487,RQ32_PLAIN_NO_ROTATION,12,202,12.414784394250514,0.03456536618754278
225,485,RQ32_PLAIN_NO_ROTATION,12,202,12.416494845360825,0.03470790378006873
226,489,RQ32_PLAIN_NO_ROTATION,12,202,12.413087934560327,0.034423994546693933
227,455,RQ32_PLAIN_NO_ROTATION,12,202,12.443956043956044,0.036996336996336997
228,489,RQ32_PLAIN_NO_ROTATION,12,202,12.413087934560327,0.034423994546693933
229,510,RQ32_PLAIN_NO_ROTATION,12,202,12.396078431372549,0.033006535947712419
230,507,RQ32_PLAIN_NO_ROTATION,12,202,12.398422090729783,0.033201840894148585
231,487,RQ32_PLAIN_NO_ROTATION,12,202,12.414784394250514,0.03456536618754278
232,473,RQ32_PLAIN_NO_ROTATION,12,202,12.427061310782241,0.035588442565186749
233,486,RQ32_PLAIN_NO_ROTATION,12,202,12.415637860082304,0.034636488340192041
234,530,RQ32_PLAIN_NO_ROTATION,12,202,12.381132075471697,0.031761006289308176
235,532,RQ32_PLAIN_NO_ROTATION,12,202,12.3796992481203,0.031641604010025061
236,541,RQ32_PLAIN_NO_ROTATION,12,202,12.373382624768947,0.031115218730745534
237,459,RQ32_PLAIN_NO_ROTATION,12,202,12.4400871459695,0.036673928830791576
238,493,RQ32_PLAIN_NO_ROTATION,12,202,12.409736308316431,0.034144692359702501
239,537,RQ32_PLAIN_NO_ROTATION,12,202,12.376163873370578,0.031346989447548108
240,476,RQ32_PLAIN_NO_ROTATION,12,202,12.42436974789916,0.035364145658263305
241,534,RQ32_PLAIN_NO_ROTATION,12,202,12.378277153558052,0.031523096129837704
242,560,RQ32_PLAIN_NO_ROTATION,12,202,12.360714285714286,0.03005952380952381
243,457,RQ32_PLAIN_NO_ROTATION,12,202,12.442013129102845,0.03683442742523705
244,492,RQ32_PLAIN_NO_ROTATION,12,202,12.410569105691057,0.034214092140921408
245,474,RQ32_PLAIN_NO_ROTATION,12,202,12.426160337552743,0.03551336146272855
246,448,RQ32_PLAIN_NO_ROTATION,12,202,12.450892857142858,0.03757440476190476
247,584,RQ32_PLAIN_NO_ROTATION,12,202,12.345890410958905,0.028824200913242008
248,467,RQ32_PLAIN_NO_ROTATION,12,202,12.432548179871521,0.036045681655960025
249,478,RQ32_PLAIN_NO_ROTATION,12,202,12.422594142259415,0.035216178521617854
250,484,RQ32_PLAIN_NO_ROTATION,12,202,12.417355371900827,0.034779614325068868
251,529,RQ32_PLAIN_NO_ROTATION,12,202,12.381852551984878,0.031821045998739764
252,512,RQ32_PLAIN_NO_ROTATION,12,202,12.39453125,0.032877604166666664
253,476,RQ32_PLAIN_NO_ROTATION,12,202,12.42436974789916,0.035364145658263305
254,496,RQ32_PLAIN_NO_ROTATION,12,202,12.40725806451613,0.03393817204301075
255,489,RQ32_PLAIN_NO_ROTATION,12,202,12.413087934560327,0.034423994546693933
256,476,RQ32_PLAIN_NO_ROTATION,12,202,12.42436974789916,0.035364145658263305
257,485,RQ32_PLAIN_NO_ROTATION,12,202,12.416494845360825,0.03470790378006873
258,529,RQ32_PLAIN_NO_ROTATION,12,202,12.381852551984878,0.031821045998739764
259,466,RQ32_PLAIN_NO_ROTATION,12,202,12.433476394849786,0.036123032904148783
260,495,RQ32_PLAIN_NO_ROTATION,12,202,12.408080808080808,0.034006734006734006
261,495,RQ32_PLAIN_NO_ROTATION,12,202,12.408080808080808,0.034006734006734006
262,502,RQ32_PLAIN_NO_ROTATION,12,202,12.402390438247012,0.033532536520584327
263,484,RQ32_PLAIN_NO_ROTATION,12,202,12.417355371900827,0.034779614325068868
264,503,RQ32_PLAIN_NO_ROTATION,12,202,12.401590457256461,0.033465871438038433
265,502,RQ32_PLAIN_NO_ROTATION,12,202,12.402390438247012,0.033532536520584327
266,494,RQ32_PLAIN_NO_ROTATION,12,202,12.408906882591094,0.034075573549257762
267,463,RQ32_PLAIN_NO_ROTATION,12,202,12.436285097192224,0.036357091432685389
268,502,RQ32_PLAIN_NO_ROTATION,12,202,12.402390438247012,0.033532536520584327
269,478,RQ32_PLAIN_NO_ROTATION,12,202,12.422594142259415,0.035216178521617854
270,457,RQ32_PLAIN_NO_ROTATION,12,202,12.442013129102845,0.03683442742523705
271,516,RQ32_PLAIN_NO_ROTATION,12,202,12.391472868217054,0.032622739018087855
272,510,RQ32_PLAIN_NO_ROTATION,12,202,12.396078431372549,0.033006535947712419
273,460,RQ32_PLAIN_NO_ROTATION,12,202,12.439130434782609,0.036594202898550726
274,516,RQ32_PLAIN_NO_ROTATION,12,202,12.391472868217054,0.032622739018087855
275,456,RQ32_PLAIN_NO_ROTATION,12,202,12.442982456140351,0.036915204678362575
276,492,RQ32_PLAIN_NO_ROTATION,12,202,12.410569105691057,0.034214092140921408
277,409,RQ32_PLAIN_NO_ROTATION,12,202,12.493887530562347,0.041157294213528935
278,454,RQ32_PLAIN_NO_ROTATION,12,202,12.444933920704846,0.037077826725403815
279,495,RQ32_PLAIN_NO_ROTATION,12,202,12.408080808080808,0.034006734006734006
280,487,RQ32_PLAIN_NO_ROTATION,12,202,12.414784394250514,0.03456536618754278
281,467,RQ32_PLAIN_NO_ROTATION,12,202,12.432548179871521,0.036045681655960025
282,537,RQ32_PLAIN_NO_ROTATION,12,202,12.376163873370578,0.031346989447548108
283,453,RQ32_PLAIN_NO_ROTATION,12,202,12.445916114790286,0.037159676232523912
284,516,RQ32_PLAIN_NO_ROTATION,12,202,12.391472868217054,0.032622739018087855
285,492,RQ32_PLAIN_NO_ROTATION,12,202,12.410569105691057,0.034214092140921408
286,509,RQ32_PLAIN_NO_ROTATION,12,202,12.396856581532417,0.03307138179436804
287,478,RQ32_PLAIN_NO_ROTATION,12,202,12.422594142259415,0.035216178521617854
288,528,RQ32_PLAIN_NO_ROTATION,12,202,12.382575757575758,0.031881313131313128
289,488,RQ32_PLAIN_NO_ROTATION,12,202,12.413934426229508,0.03449453551912568
290,490,RQ32_PLAIN_NO_ROTATION,12,202,12.412244897959184,0.034353741496598637
291,485,RQ32_PLAIN_NO_ROTATION,12,202,12.416494845360825,0.03470790378006873
292,469,RQ32_PLAIN_NO_ROTATION,12,202,12.430703624733475,0.035891968727789623
293,477,RQ32_PLAIN_NO_ROTATION,12,202,12.423480083857442,0.035290006988120196
294,520,RQ32_PLAIN_NO_ROTATION,12,202,12.388461538461538,0.032371794871794875
295,478,RQ32_PLAIN_NO_ROTATION,12,202,12.422594142259415,0.035216178521617854
296,459,RQ32_PLAIN_NO_ROTATION,12,202,12.4400871459695,0.036673928830791576
297,487,RQ32_PLAIN_NO_ROTATION,12,202,12.414784394250514,0.03456536618754278
298,504,RQ32_PLAIN_NO_ROTATION,12,202,12.40079365079365,0.033399470899470901
299,504,RQ32_PLAIN_NO_ROTATION,12,202,12.40079365079365,0.033399470899470901
300,511,RQ32_PLAIN_NO_ROTATION,12,202,12.395303326810176,0.032941943900848009
301,493,RQ32_PLAIN_NO_ROTATION,12,202,12.409736308316431,0.034144692359702501
302,466,RQ32_PLAIN_NO_ROTATION,12,202,12.433476394849786,0.036123032904148783
303,462,RQ32_PLAIN_NO_ROTATION,12,202,12.437229437229437,0.036435786435786433
304,496,RQ32_PLAIN_NO_ROTATION,12,202,12.40725806451613,0.03393817204301075
305,493,RQ32_PLAIN_NO_ROTATION,12,202,12.409736308316431,0.034144692359702501
306,457,RQ32_PLAIN_NO_ROTATION,12,202,12.442013129102845,0.03683442742523705
307,471,RQ32_PLAIN_NO_ROTATION,12,202,12.428874734607218,0.03573956121726822
308,521,RQ32_PLAIN_NO_ROTATION,12,202,12.387715930902111,0.032309660908509279
309,493,RQ32_PLAIN_NO_ROTATION,12,202,12.409736308316431,0.034144692359702501
310,550,RQ32_PLAIN_NO_ROTATION,12,202,12.367272727272727,0.030606060606060605
311,429,RQ32_PLAIN_NO_ROTATION,12,202,12.470862470862471,0.03923853923853924
312,512,RQ32_PLAIN_NO_ROTATION,12,202,12.39453125,0.032877604166666664
313,485,RQ32_PLAIN_NO_ROTATION,12,202,12.416494845360825,0.03470790378006873
314,530,RQ32_PLAIN_NO_ROTATION,12,202,12.381132075471697,0.031761006289308176
315,479,RQ32_PLAIN_NO_ROTATION,12,202,12.421711899791232,0.035142658315935979
316,474,RQ32_PLAIN_NO_ROTATION,12,202,12.426160337552743,0.03551336146272855
317,532,RQ32_PLAIN_NO_ROTATION,12,202,12.3796992481203,0.031641604010025061
318,437,RQ32_PLAIN_NO_ROTATION,12,202,12.462242562929061,0.038520213577421816
319,469,RQ32_PLAIN_NO_ROTATION,12,202,12.430703624733475,0.035891968727789623
320,520,RQ32_PLAIN_NO_ROTATION,12,202,12.388461538461538,0.032371794871794875
321,533,RQ32_PLAIN_NO_ROTATION,12,202,12.378986866791745,0.031582238899312068
322,504,RQ32_PLAIN_NO_ROTATION,12,202,12.40079365079365,0.033399470899470901
323,521,RQ32_PLAIN_NO_ROTATION,12,202,12.387715930902111,0.032309660908509279
324,475,RQ32_PLAIN_NO_ROTATION,12,202,12.425263157894737,0.035438596491228068
325,476,RQ32_PLAIN_NO_ROTATION,12,202,12.42436974789916,0.035364145658263305
326,505,RQ32_PLAIN_NO_ROTATION,12,202,12.4,0.033333333333333333
327,470,RQ32_PLAIN_NO_ROTATION,12,202,12.429787234042553,0.035815602836879436
328,516,RQ32_PLAIN_NO_ROTATION,12,202,12.391472868217054,0.032622739018087855
329,480,RQ32_PLAIN_NO_ROTATION,12,202,12.420833333333333,0.035069444444444445
330,523,RQ32_PLAIN_NO_ROTATION,12,202,12.38623326959847,0.032186105799872529
331,530,RQ32_PLAIN_NO_ROTATION,12,202,12.381132075471697,0.031761006289308176
332,458,RQ32_PLAIN_NO_ROTATION,12,202,12.441048034934498,0.036754002911208151
333,519,RQ32_PLAIN_NO_ROTATION,12,202,12.389210019267823,0.032434168272318563
334,550,RQ32_PLAIN_NO_ROTATION,12,202,12.367272727272727,0.030606060606060605
335,530,RQ32_PLAIN_NO_ROTATION,12,202,12.381132075471697,0.031761006289308176
336,506,RQ32_PLAIN_NO_ROTATION,12,202,12.399209486166008,0.033267457180500656
337,461,RQ32_PLAIN_NO_ROTATION,12,202,12.43817787418655,0.036514822848879247
338,448,RQ32_PLAIN_NO_ROTATION,12,202,12.450892857142858,0.03757440476190476
339,493,RQ32_PLAIN_NO_ROTATION,12,202,12.409736308316431,0.034144692359702501
340,496,RQ32_PLAIN_NO_ROTATION,12,202,12.40725806451613,0.03393817204301075
341,506,RQ32_PLAIN_NO_ROTATION,12,202,12.399209486166008,0.033267457180500656
342,481,RQ32_PLAIN_NO_ROTATION,12,202,12.419958419958419,0.034996534996534996
343,483,RQ32_PLAIN_NO_ROTATION,12,202,12.418219461697722,0.034851621808143544
344,533,RQ32_PLAIN_NO_ROTATION,12,202,12.378986866791745,0.031582238899312068
345,589,RQ32_PLAIN_NO_ROTATION,12,202,12.34295415959253,0.028579513299377475
346,464,RQ32_PLAIN_NO_ROTATION,12,202,12.435344827586206,0.036278735632183909
347,476,RQ32_PLAIN_NO_ROTATION,12,202,12.42436974789916,0.035364145658263305
348,513,RQ32_PLAIN_NO_ROTATION,12,202,12.393762183235868,0.032813515269655619
349,489,RQ32_PLAIN_NO_ROTATION,12,202,12.413087934560327,0.034423994546693933
350,495,RQ32_PLAIN_NO_ROTATION,12,202,12.408080808080808,0.034006734006734006
351,543,RQ32_PLAIN_NO_ROTATION,12,202,12.372007366482505,0.031000613873542051
352,482,RQ32_PLAIN_NO_ROTATION,12,202,12.419087136929461,0.034923928077455049
353,513,RQ32_PLAIN_NO_ROTATION,12,202,12.393762183235868,0.032813515269655619
354,445,RQ32_PLAIN_NO_ROTATION,12,202,12.453932584269664,0.037827715355805244
355,522,RQ32_PLAIN_NO_ROTATION,12,202,12.386973180076629,0.032247765006385695
356,497,RQ32_PLAIN_NO_ROTATION,12,202,12.406438631790744,0.033869885982562041
357,500,RQ32_PLAIN_NO_ROTATION,12,202,12.404,0.033666666666666664
358,508,RQ32_PLAIN_NO_ROTATION,12,202,12.397637795275591,0.033136482939632547
359,515,RQ32_PLAIN_NO_ROTATION,12,202,12.392233009708738,0.032686084142394822
360,585,RQ32_PLAIN_NO_ROTATION,12,202,12.345299145299146,0.028774928774928776
361,484,RQ32_PLAIN_NO_ROTATION,12,202,12.417355371900827,0.034779614325068868
362,424,RQ32_PLAIN_NO_ROTATION,12,202,12.476415094339623,0.039701257861635218
363,487,RQ32_PLAIN_NO_ROTATION,12,202,12.414784394250514,0.03456536618754278
364,504,RQ32_PLAIN_NO_ROTATION,12,202,12.40079365079365,0.033399470899470901
365,473,RQ32_PLAIN_NO_ROTATION,12,202,12.427061310782241,0.035588442565186749
366,442,RQ32_PLAIN_NO_ROTATION,12,202,12.457013574660634,0.038084464555052787
367,459,RQ32_PLAIN_NO_ROTATION,12,202,12.4400871459695,0.036673928830791576
368,527,RQ32_PLAIN_NO_ROTATION,12,202,12.383301707779886,0.031941808981657181
369,506,RQ32_PLAIN_NO_ROTATION,12,202,12.399209486166008,0.033267457180500656
370,497,RQ32_PLAIN_NO_ROTATION,12,202,12.406438631790744,0.033869885982562041
371,470,RQ32_PLAIN_NO_ROTATION,12,202,12.429787234042553,0.035815602836879436
372,495,RQ32_PLAIN_NO_ROTATION,12,202,12.408080808080808,0.034006734006734006
373,533,RQ32_PLAIN_NO_ROTATION,12,202,12.378986866791745,0.031582238899312068
374,474,RQ32_PLAIN_NO_ROTATION,12,202,12.426160337552743,0.03551336146272855
375,453,RQ32_PLAIN_NO_ROTATION,12,202,12.445916114790286,0.037159676232523912
376,483,RQ32_PLAIN_NO_ROTATION,12,202,12.418219461697722,0.034851621808143544
377,517,RQ32_PLAIN_NO_ROTATION,12,202,12.390715667311412,0.032559638942617666
378,479,RQ32_PLAIN_NO_ROTATION,12,202,12.421711899791232,0.035142658315935979
379,498,RQ32_PLAIN_NO_ROTATION,12,202,12.405622489959839,0.033801874163319943
380,446,RQ32_PLAIN_NO_ROTATION,12,202,12.452914798206278,0.037742899850523169
381,511,RQ32_PLAIN_NO_ROTATION,12,202,12.395303326810176,0.032941943900848009
382,467,RQ32_PLAIN_NO_ROTATION,12,202,12.432548179871521,0.036045681655960025
383,495,RQ32_PLAIN_NO_ROTATION,12,202,12.408080808080808,0.034006734006734006
384,465,RQ32_PLAIN_NO_ROTATION,12,202,12.434408602150537,0.036200716845878139
385,502,RQ32_PLAIN_NO_ROTATION,12,202,12.402390438247012,0.033532536520584327
386,591,RQ32_PLAIN_NO_ROTATION,12,202,12.341793570219966,0.028482797518330515
387,483,RQ32_PLAIN_NO_ROTATION,12,202,12.418219461697722,0.034851621808143544
388,458,RQ32_PLAIN_NO_ROTATION,12,202,12.441048034934498,0.036754002911208151
389,472,RQ32_PLAIN_NO_ROTATION,12,202,12.427966101694915,0.035663841807909602
390,474,RQ32_PLAIN_NO_ROTATION,12,202,12.426160337552743,0.03551336146272855
391,515,RQ32_PLAIN_NO_ROTATION,12,202,12.392233009708738,0.032686084142394822
392,457,RQ32_PLAIN_NO_ROTATION,12,202,12.442013129102845,0.03683442742523705
393,465,RQ32_PLAIN_NO_ROTATION,12,202,12.434408602150537,0.036200716845878139
394,493,RQ32_PLAIN_NO_ROTATION,12,202,12.409736308316431,0.034144692359702501
395,501,RQ32_PLAIN_NO_ROTATION,12,202,12.403193612774452,0.033599467731204258
396,498,RQ32_PLAIN_NO_ROTATION,12,202,12.405622489959839,0.033801874163319943
397,460,RQ32_PLAIN_NO_ROTATION,12,202,12.439130434782609,0.036594202898550726
398,532,RQ32_PLAIN_NO_ROTATION,12,202,12.3796992481203,0.031641604010025061
399,486,RQ32_PLAIN_NO_ROTATION,12,202,12.415637860082304,0.034636488340192041
400,469,RQ32_PLAIN_NO_ROTATION,12,202,12.430703624733475,0.035891968727789623
401,500,RQ32_PLAIN_NO_ROTATION,12,202,12.404,0.033666666666666664
402,460,RQ32_PLAIN_NO_ROTATION,12,202,12.439130434782609,0.036594202898550726
403,520,RQ32_PLAIN_NO_ROTATION,12,202,12.388461538461538,0.032371794871794875
404,472,RQ32_PLAIN_NO_ROTATION,12,202,12.427966101694915,0.035663841807909602
405,513,RQ32_PLAIN_NO_ROTATION,12,202,12.393762183235868,0.032813515269655619
406,516,RQ32_PLAIN_NO_ROTATION,12,202,12.391472868217054,0.032622739018087855
407,484,RQ32_PLAIN_NO_ROTATION,12,202,12.417355371900827,0.034779614325068868
408,497,RQ32_PLAIN_NO_ROTATION,12,202,12.406438631790744,0.033869885982562041
409,481,RQ32_PLAIN_NO_ROTATION,12,202,12.419958419958419,0.034996534996534996
410,547,RQ32_PLAIN_NO_ROTATION,12,202,12.36928702010969,0.030773918342474102
411,467,RQ32_PLAIN_NO_ROTATION,12,202,12.432548179871521,0.036045681655960025
412,452,RQ32_PLAIN_NO_ROTATION,12,202,12.446902654867257,0.037241887905604718
413,491,RQ32_PLAIN_NO_ROTATION,12,202,12.411405295315681,0.034283774609640189
414,459,RQ32_PLAIN_NO_ROTATION,12,202,12.4400871459695,0.036673928830791576
415,565,RQ32_PLAIN_NO_ROTATION,12,202,12.357522123893805,0.029793510324483775
416,489,RQ32_PLAIN_NO_ROTATION,12,202,12.413087934560327,0.034423994546693933
417,467,RQ32_PLAIN_NO_ROTATION,12,202,12.432548179871521,0.036045681655960025
418,525,RQ32_PLAIN_NO_ROTATION,12,202,12.384761904761906,0.032063492063492065
419,480,RQ32_PLAIN_NO_ROTATION,12,202,12.420833333333333,0.035069444444444445
420,482,RQ32_PLAIN_NO_ROTATION,12,202,12.419087136929461,0.034923928077455049
421,505,RQ32_PLAIN_NO_ROTATION,12,202,12.4,0.033333333333333333
422,561,RQ32_PLAIN_NO_ROTATION,12,202,12.360071301247771,0.030005941770647655
423,467,RQ32_PLAIN_NO_ROTATION,12,202,12.432548179871521,0.036045681655960025
424,519,RQ32_PLAIN_NO_ROTATION,12,202,12.389210019267823,0.032434168272318563
425,516,RQ32_PLAIN_NO_ROTATION,12,202,12.391472868217054,0.032622739018087855
426,480,RQ32_PLAIN_NO_ROTATION,12,202,12.420833333333333,0.035069444444444445
427,533,RQ32_PLAIN_NO_ROTATION,12,202,12.378986866791745,0.031582238899312068
428,558,RQ32_PLAIN_NO_ROTATION,12,202,12.362007168458781,0.030167264038231782
429,497,RQ32_PLAIN_NO_ROTATION,12,202,12.406438631790744,0.033869885982562041
430,489,RQ32_PLAIN_NO_ROTATION,12,202,12.413087934560327,0.034423994546693933
431,500,RQ32_PLAIN_NO_ROTATION,12,202,12.404,0.033666666666666664
432,505,RQ32_PLAIN_NO_ROTATION,12,202,12.4,0.033333333333333333
433,493,RQ32_PLAIN_NO_ROTATION,12,202,12.409736308316431,0.034144692359702501
434,485,RQ32_PLAIN_NO_ROTATION,12,202,12.416494845360825,0.03470790378006873
435,480,RQ32_PLAIN_NO_ROTATION,12,202,12.420833333333333,0.035069444444444445
436,444,RQ32_PLAIN_NO_ROTATION,12,202,12.454954954954955,0.037912912912912912
437,445,RQ32_PLAIN_NO_ROTATION,12,202,12.453932584269664,0.037827715355805244
438,490,RQ32_PLAIN_NO_ROTATION,12,202,12.412244897959184,0.034353741496598637
439,470,RQ32_PLAIN_NO_ROTATION,12,202,12.429787234042553,0.035815602836879436
440,498,RQ32_PLAIN_NO_ROTATION,12,202,12.405622489959839,0.033801874163319943
441,476,RQ32_PLAIN_NO_ROTATION,12,202,12.42436974789916,0.035364145658263305
442,477,RQ32_PLAIN_NO_ROTATION,12,202,12.423480083857442,0.035290006988120196
443,481,RQ32_PLAIN_NO_ROTATION,12,202,12.419958419958419,0.034996534996534996
444,476,RQ32_PLAIN_NO_ROTATION,12,202,12.42436974789916,0.035364145658263305
445,457,RQ32_PLAIN_NO_ROTATION,12,202,12.442013129102845,0.03683442742523705
446,542,RQ32_PLAIN_NO_ROTATION,12,202,12.372693726937269,0.03105781057810578
447,500,RQ32_PLAIN_NO_ROTATION,12,202,12.404,0.033666666666666664
448,537,RQ32_PLAIN_NO_ROTATION,12,202,12.376163873370578,0.031346989447548108
449,500,RQ32_PLAIN_NO_ROTATION,12,202,12.404,0.033666666666666664
450,508,RQ32_PLAIN_NO_ROTATION,12,202,12.397637795275591,0.033136482939632547
451,477,RQ32_PLAIN_NO_ROTATION,12,202,12.423480083857442,0.035290006988120196
452,480,RQ32_PLAIN_NO_ROTATION,12,202,12.420833333333333,0.035069444444444445
453,491,RQ32_PLAIN_NO_ROTATION,12,202,12.411405295315681,0.034283774609640189
454,438,RQ32_PLAIN_NO_ROTATION,12,202,12.461187214611872,0.038432267884322677
455,495,RQ32_PLAIN_NO_ROTATION,12,202,12.408080808080808,0.034006734006734006
456,534,RQ32_PLAIN_NO_ROTATION,12,202,12.378277153558052,0.031523096129837704
457,497,RQ32_PLAIN_NO_ROTATION,12,202,12.406438631790744,0.033869885982562041
458,467,RQ32_PLAIN_NO_ROTATION,12,202,12.432548179871521,0.036045681655960025
459,566,RQ32_PLAIN_NO_ROTATION,12,202,12.356890459363958,0.029740871613663133
460,444,RQ32_PLAIN_NO_ROTATION,12,202,12.454954954954955,0.037912912912912912
461,507,RQ32_PLAIN_NO_ROTATION,12,202,12.398422090729783,0.033201840894148585
462,490,RQ32_PLAIN_NO_ROTATION,12,202,12.412244897959184,0.034353741496598637
463,516,RQ32_PLAIN_NO_ROTATION,12,202,12.391472868217054,0.032622739018087855
464,479,RQ32_PLAIN_NO_ROTATION,12,202,12.421711899791232,0.035142658315935979
465,495,RQ32_PLAIN_NO_ROTATION,12,202,12.408080808080808,0.034006734006734006
466,454,RQ32_PLAIN_NO_ROTATION,12,202,12.444933920704846,0.037077826725403815
467,498,RQ32_PLAIN_NO_ROTATION,12,202,12.405622489959839,0.033801874163319943
468,507,RQ32_PLAIN_NO_ROTATION,12,202,12.398422090729783,0.033201840894148585
469,556,RQ32_PLAIN_NO_ROTATION,12,202,12.363309352517986,0.0302757793764988
470,471,RQ32_PLAIN_NO_ROTATION,12,202,12.428874734607218,0.03573956121726822
1,514,RQ32_RANDOM_ROTATION_WRAPPER,12,4369,20.5,0.70833333333333337
2,486,RQ32_RANDOM_ROTATION_WRAPPER,12,4369,20.989711934156379,0.74914266117969819
3,486,RQ32_RANDOM_ROTATION_WRAPPER,12,4369,20.989711934156379,0.74914266117969819
4,487,RQ32_RANDOM_ROTATION_WRAPPER,12,4369,20.971252566735114,0.74760438056125944
5,494,RQ32_RANDOM_ROTATION_WRAPPER,12,4369,20.844129554655872,0.73701079622132248
6,443,RQ32_RANDOM_ROTATION_WRAPPER,12,4369,21.862302483069975,0.82185854025583149
7,479,RQ32_RANDOM_ROTATION_WRAPPER,12,4369,21.121085594989562,0.76009046624913013
8,503,RQ32_RANDOM_ROTATION_WRAPPER,12,4369,20.685884691848905,0.72382372432074227
9,513,RQ32_RANDOM_ROTATION_WRAPPER,12,4369,20.516569200779728,0.70971410006497726
10,527,RQ32_RANDOM_ROTATION_WRAPPER,12,4369,20.29032258064516,0.69086021505376349
11,551,RQ32_RANDOM_ROTATION_WRAPPER,12,4369,19.929219600725954,0.66076830006049603
12,524,RQ32_RANDOM_ROTATION_WRAPPER,12,4369,20.337786259541986,0.69481552162849869
13,490,RQ32_RANDOM_ROTATION_WRAPPER,12,4369,20.916326530612245,0.74302721088435375
14,484,RQ32_RANDOM_ROTATION_WRAPPER,12,4369,21.026859504132233,0.75223829201101933
15,480,RQ32_RANDOM_ROTATION_WRAPPER,12,4369,21.102083333333333,0.75850694444444444
16,484,RQ32_RANDOM_ROTATION_WRAPPER,12,4369,21.026859504132233,0.75223829201101933
17,466,RQ32_RANDOM_ROTATION_WRAPPER,12,4369,21.375536480686698,0.78129470672389123
18,479,RQ32_RANDOM_ROTATION_WRAPPER,12,4369,21.121085594989562,0.76009046624913013
19,481,RQ32_RANDOM_ROTATION_WRAPPER,12,4369,21.083160083160081,0.75693000693000689
20,485,RQ32_RANDOM_ROTATION_WRAPPER,12,4369,21.008247422680412,0.7506872852233677
21,484,RQ32_RANDOM_ROTATION_WRAPPER,12,4369,21.026859504132233,0.75223829201101933
22,463,RQ32_RANDOM_ROTATION_WRAPPER,12,4369,21.436285097192226,0.7863570914326854
23,443,RQ32_RANDOM_ROTATION_WRAPPER,12,4369,21.862302483069975,0.82185854025583149
24,486,RQ32_RANDOM_ROTATION_WRAPPER,12,4369,20.989711934156379,0.74914266117969819
25,462,RQ32_RANDOM_ROTATION_WRAPPER,12,4369,21.456709956709958,0.78805916305916301
26,483,RQ32_RANDOM_ROTATION_WRAPPER,12,4369,21.045548654244307,0.75379572118702554
27,481,RQ32_RANDOM_ROTATION_WRAPPER,12,4369,21.083160083160081,0.75693000693000689
28,450,RQ32_RANDOM_ROTATION_WRAPPER,12,4369,21.70888888888889,0.80907407407407406
29,460,RQ32_RANDOM_ROTATION_WRAPPER,12,4369,21.497826086956522,0.79148550724637678
30,475,RQ32_RANDOM_ROTATION_WRAPPER,12,4369,21.197894736842105,0.76649122807017545
31,489,RQ32_RANDOM_ROTATION_WRAPPER,12,4369,20.934560327198362,0.74454669393319695
32,466,RQ32_RANDOM_ROTATION_WRAPPER,12,4369,21.375536480686698,0.78129470672389123
33,472,RQ32_RANDOM_ROTATION_WRAPPER,12,4369,21.256355932203391,0.77136299435028244
34,485,RQ32_RANDOM_ROTATION_WRAPPER,12,4369,21.008247422680412,0.7506872852233677
35,467,RQ32_RANDOM_ROTATION_WRAPPER,12,4369,21.355460385438974,0.77962169878658105
36,451,RQ32_RANDOM_ROTATION_WRAPPER,12,4369,21.687361419068736,0.80728011825572799
37,478,RQ32_RANDOM_ROTATION_WRAPPER,12,4369,21.140167364016737,0.76168061366806139
38,474,RQ32_RANDOM_ROTATION_WRAPPER,12,4369,21.21729957805907,0.76810829817158932
39,503,RQ32_RANDOM_ROTATION_WRAPPER,12,4369,20.685884691848905,0.72382372432074227
40,509,RQ32_RANDOM_ROTATION_WRAPPER,12,4369,20.583497053045186,0.71529142108709887
41,473,RQ32_RANDOM_ROTATION_WRAPPER,12,4369,21.236786469344608,0.76973220577871737
42,436,RQ32_RANDOM_ROTATION_WRAPPER,12,4369,22.02064220183486,0.83505351681957185
43,503,RQ32_RANDOM_ROTATION_WRAPPER,12,4369,20.685884691848905,0.72382372432074227
44,486,RQ32_RANDOM_ROTATION_WRAPPER,12,4369,20.989711934156379,0.74914266117969819
45,515,RQ32_RANDOM_ROTATION_WRAPPER,12,4369,20.483495145631068,0.70695792880258901
46,482,RQ32_RANDOM_ROTATION_WRAPPER,12,4369,21.064315352697093,0.75535961272475793
47,532,RQ32_RANDOM_ROTATION_WRAPPER,12,4369,20.212406015037594,0.68436716791979946
48,501,RQ32_RANDOM_ROTATION_WRAPPER,12,4369,20.72055888223553,0.72671324018629413
49,466,RQ32_RANDOM_ROTATION_WRAPPER,12,4369,21.375536480686698,0.78129470672389123
50,548,RQ32_RANDOM_ROTATION_WRAPPER,12,4369,19.972627737226276,0.66438564476885642
51,462,RQ32_RANDOM_ROTATION_WRAPPER,12,4369,21.456709956709958,0.78805916305916301
52,485,RQ32_RANDOM_ROTATION_WRAPPER,12,4369,21.008247422680412,0.7506872852233677
53,506,RQ32_RANDOM_ROTATION_WRAPPER,12,4369,20.634387351778656,0.71953227931488806
54,474,RQ32_RANDOM_ROTATION_WRAPPER,12,4369,21.21729957805907,0.76810829817158932
55,462,RQ32_RANDOM_ROTATION_WRAPPER,12,4369,21.456709956709958,0.78805916305916301
56,473,RQ32_RANDOM_ROTATION_WRAPPER,12,4369,21.236786469344608,0.76973220577871737
57,510,RQ32_RANDOM_ROTATION_WRAPPER,12,4369,20.566666666666666,0.71388888888888891
58,522,RQ32_RANDOM_ROTATION_WRAPPER,12,4369,20.369731800766282,0.69747765006385698
59,494,RQ32_RANDOM_ROTATION_WRAPPER,12,4369,20.844129554655872,0.73701079622132248
60,523,RQ32_RANDOM_ROTATION_WRAPPER,12,4369,20.35372848948375,0.69614404079031234
61,512,RQ32_RANDOM_ROTATION_WRAPPER,12,4369,20.533203125,0.71110026041666663
62,497,RQ32_RANDOM_ROTATION_WRAPPER,12,4369,20.790744466800803,0.7325620389000671
63,473,RQ32_RANDOM_ROTATION_WRAPPER,12,4369,21.236786469344608,0.76973220577871737
64,493,RQ32_RANDOM_ROTATION_WRAPPER,12,4369,20.862068965517242,0.7385057471264368
65,523,RQ32_RANDOM_ROTATION_WRAPPER,12,4369,20.35372848948375,0.69614404079031234
66,506,RQ32_RANDOM_ROTATION_WRAPPER,12,4369,20.634387351778656,0.71953227931488806
67,478,RQ32_RANDOM_ROTATION_WRAPPER,12,4369,21.140167364016737,0.76168061366806139
68,498,RQ32_RANDOM_ROTATION_WRAPPER,12,4369,20.773092369477911,0.73109103078982596
69,491,RQ32_RANDOM_ROTATION_WRAPPER,12,4369,20.898167006109979,0.74151391717583159
70,475,RQ32_RANDOM_ROTATION_WRAPPER,12,4369,21.197894736842105,0.76649122807017545
71,500,RQ32_RANDOM_ROTATION_WRAPPER,12,4369,20.738,0.72816666666666663
72,431,RQ32_RANDOM_ROTATION_WRAPPER,12,4369,22.136890951276101,0.84474091260634188
73,496,RQ32_RANDOM_ROTATION_WRAPPER,12,4369,20.808467741935484,0.73403897849462363
74,479,RQ32_RANDOM_ROTATION_WRAPPER,12,4369,21.121085594989562,0.76009046624913013
75,491,RQ32_RANDOM_ROTATION_WRAPPER,12,4369,20.898167006109979,0.74151391717583159
76,478,RQ32_RANDOM_ROTATION_WRAPPER,12,4369,21.140167364016737,0.76168061366806139
77,529,RQ32_RANDOM_ROTATION_WRAPPER,12,4369,20.258979206049148,0.68824826717076248
78,480,RQ32_RANDOM_ROTATION_WRAPPER,12,4369,21.102083333333333,0.75850694444444444
79,494,RQ32_RANDOM_ROTATION_WRAPPER,12,4369,20.844129554655872,0.73701079622132248
80,485,RQ32_RANDOM_ROTATION_WRAPPER,12,4369,21.008247422680412,0.7506872852233677
81,487,RQ32_RANDOM_ROTATION_WRAPPER,12,4369,20.971252566735114,0.74760438056125944
82,500,RQ32_RANDOM_ROTATION_WRAPPER,12,4369,20.738,0.72816666666666663
83,524,RQ32_RANDOM_ROTATION_WRAPPER,12,4369,20.337786259541986,0.69481552162849869
84,475,RQ32_RANDOM_ROTATION_WRAPPER,12,4369,21.197894736842105,0.76649122807017545
85,539,RQ32_RANDOM_ROTATION_WRAPPER,12,4369,20.105751391465677,0.67547928262213974
86,519,RQ32_RANDOM_ROTATION_WRAPPER,12,4369,20.418111753371868,0.70150931278098905
87,545,RQ32_RANDOM_ROTATION_WRAPPER,12,4369,20.016513761467891,0.66804281345565752
88,490,RQ32_RANDOM_ROTATION_WRAPPER,12,4369,20.916326530612245,0.74302721088435375
89,498,RQ32_RANDOM_ROTATION_WRAPPER,12,4369,20.773092369477911,0.73109103078982596
90,533,RQ32_RANDOM_ROTATION_WRAPPER,12,4369,20.196998123827392,0.68308317698561605
91,567,RQ32_RANDOM_ROTATION_WRAPPER,12,4369,19.705467372134038,0.64212228101116986
92,538,RQ32_RANDOM_ROTATION_WRAPPER,12,4369,20.12081784386617,0.67673482032218091
93,479,RQ32_RANDOM_ROTATION_WRAPPER,12,4369,21.121085594989562,0.76009046624913013
94,470,RQ32_RANDOM_ROTATION_WRAPPER,12,4369,21.295744680851065,0.77464539007092204
95,431,RQ32_RANDOM_ROTATION_WRAPPER,12,4369,22.136890951276101,0.84474091260634188
96,542,RQ32_RANDOM_ROTATION_WRAPPER,12,4369,20.06088560885609,0.67174046740467408
97,526,RQ32_RANDOM_ROTATION_WRAPPER,12,4369,20.306083650190114,0.69217363751584282
98,490,RQ32_RANDOM_ROTATION_WRAPPER,12,4369,20.916326530612245,0.74302721088435375
99,515,RQ32_RANDOM_ROTATION_WRAPPER,12,4369,20.483495145631068,0.70695792880258901
100,453,RQ32_RANDOM_ROTATION_WRAPPER,12,4369,21.644591611479029,0.80371596762325237
101,449,RQ32_RANDOM_ROTATION_WRAPPER,12,4369,21.730512249443208,0.81087602078693388
102,523,RQ32_RANDOM_ROTATION_WRAPPER,12,4369,20.35372848948375,0.69614404079031234
103,531,RQ32_RANDOM_ROTATION_WRAPPER,12,4369,20.227871939736346,0.68565599497802887
104,476,RQ32_RANDOM_ROTATION_WRAPPER,12,4369,21.178571428571431,0.76488095238095233
105,521,RQ32_RANDOM_ROTATION_WRAPPER,12,4369,20.385796545105567,0.69881637875879721
106,477,RQ32_RANDOM_ROTATION_WRAPPER,12,4369,21.159329140461217,0.76327742837176804
107,485,RQ32_RANDOM_ROTATION_WRAPPER,12,4369,21.008247422680412,0.7506872852233677
108,503,RQ32_RANDOM_ROTATION_WRAPPER,12,4369,20.685884691848905,0.72382372432074227
109,509,RQ32_RANDOM_ROTATION_WRAPPER,12,4369,20.583497053045186,0.71529142108709887
110,490,RQ32_RANDOM_ROTATION_WRAPPER,12,4369,20.916326530612245,0.74302721088435375
111,514,RQ32_RANDOM_ROTATION_WRAPPER,12,4369,20.5,0.70833333333333337
112,514,RQ32_RANDOM_ROTATION_WRAPPER,12,4369,20.5,0.70833333333333337
113,530,RQ32_RANDOM_ROTATION_WRAPPER,12,4369,20.243396226415094,0.68694968553459124
114,521,RQ32_RANDOM_ROTATION_WRAPPER,12,4369,20.385796545105567,0.69881637875879721
115,516,RQ32_RANDOM_ROTATION_WRAPPER,12,4369,20.467054263565892,0.70558785529715762
116,521,RQ32_RANDOM_ROTATION_WRAPPER,12,4369,20.385796545105567,0.69881637875879721
117,455,RQ32_RANDOM_ROTATION_WRAPPER,12,4369,21.6021978021978,0.80018315018315023
118,491,RQ32_RANDOM_ROTATION_WRAPPER,12,4369,20.898167006109979,0.74151391717583159
119,554,RQ32_RANDOM_ROTATION_WRAPPER,12,4369,19.886281588447652,0.65719013237063784
120,446,RQ32_RANDOM_ROTATION_WRAPPER,12,4369,21.795964125560538,0.81633034379671154
121,501,RQ32_RANDOM_ROTATION_WRAPPER,12,4369,20.72055888223553,0.72671324018629413
122,531,RQ32_RANDOM_ROTATION_WRAPPER,12,4369,20.227871939736346,0.68565599497802887
123,529,RQ32_RANDOM_ROTATION_WRAPPER,12,4369,20.258979206049148,0.68824826717076248
124,481,RQ32_RANDOM_ROTATION_WRAPPER,12,4369,21.083160083160081,0.75693000693000689
125,490,RQ32_RANDOM_ROTATION_WRAPPER,12,4369,20.916326530612245,0.74302721088435375
126,472,RQ32_RANDOM_ROTATION_WRAPPER,12,4369,21.256355932203391,0.77136299435028244
127,461,RQ32_RANDOM_ROTATION_WRAPPER,12,4369,21.477223427331886,0.78976861894432393
128,514,RQ32_RANDOM_ROTATION_WRAPPER,12,4369,20.5,0.70833333333333337
129,495,RQ32_RANDOM_ROTATION_WRAPPER,12,4369,20.826262626262626,0.73552188552188558
130,487,RQ32_RANDOM_ROTATION_WRAPPER,12,4369,20.971252566735114,0.74760438056125944
131,495,RQ32_RANDOM_ROTATION_WRAPPER,12,4369,20.826262626262626,0.73552188552188558
132,606,RQ32_RANDOM_ROTATION_WRAPPER,12,4369,19.20957095709571,0.60079757975797576
133,422,RQ32_RANDOM_ROTATION_WRAPPER,12,4369,22.35308056872038,0.86275671406003163
134,471,RQ32_RANDOM_ROTATION_WRAPPER,12,4369,21.276008492569002,0.77300070771408347
135,616,RQ32_RANDOM_ROTATION_WRAPPER,12,4369,19.092532467532468,0.59104437229437234
136,518,RQ32_RANDOM_ROTATION_WRAPPER,12,4369,20.434362934362934,0.70286357786357789
137,528,RQ32_RANDOM_ROTATION_WRAPPER,12,4369,20.274621212121211,0.68955176767676762
138,487,RQ32_RANDOM_ROTATION_WRAPPER,12,4369,20.971252566735114,0.74760438056125944
139,419,RQ32_RANDOM_ROTATION_WRAPPER,12,4369,22.427207637231504,0.86893396976929194
140,479,RQ32_RANDOM_ROTATION_WRAPPER,12,4369,21.121085594989562,0.76009046624913013
141,510,RQ32_RANDOM_ROTATION_WRAPPER,12,4369,20.566666666666666,0.71388888888888891
142,445,RQ32_RANDOM_ROTATION_WRAPPER,12,4369,21.817977528089887,0.81816479400749065
143,483,RQ32_RANDOM_ROTATION_WRAPPER,12,4369,21.045548654244307,0.75379572118702554
144,448,RQ32_RANDOM_ROTATION_WRAPPER,12,4369,21.752232142857142,0.81268601190476186
145,472,RQ32_RANDOM_ROTATION_WRAPPER,12,4369,21.256355932203391,0.77136299435028244
146,454,RQ32_RANDOM_ROTATION_WRAPPER,12,4369,21.623348017621147,0.80194566813509549
147,482,RQ32_RANDOM_ROTATION_WRAPPER,12,4369,21.064315352697093,0.75535961272475793
148,494,RQ32_RANDOM_ROTATION_WRAPPER,12,4369,20.844129554655872,0.73701079622132248
149,541,RQ32_RANDOM_ROTATION_WRAPPER,12,4369,20.075785582255083,0.67298213185459022
150,506,RQ32_RANDOM_ROTATION_WRAPPER,12,4369,20.634387351778656,0.71953227931488806
151,459,RQ32_RANDOM_ROTATION_WRAPPER,12,4369,21.518518518518519,0.79320987654320985
152,497,RQ32_RANDOM_ROTATION_WRAPPER,12,4369,20.790744466800803,0.7325620389000671
153,488,RQ32_RANDOM_ROTATION_WRAPPER,12,4369,20.952868852459016,0.74607240437158473
154,489,RQ32_RANDOM_ROTATION_WRAPPER,12,4369,20.934560327198362,0.74454669393319695
155,452,RQ32_RANDOM_ROTATION_WRAPPER,12,4369,21.665929203539825,0.80549410029498525
156,507,RQ32_RANDOM_ROTATION_WRAPPER,12,4369,20.617357001972387,0.71811308349769887
157,510,RQ32_RANDOM_ROTATION_WRAPPER,12,4369,20.566666666666666,0.71388888888888891
158,476,RQ32_RANDOM_ROTATION_WRAPPER,12,4369,21.178571428571431,0.76488095238095233
159,483,RQ32_RANDOM_ROTATION_WRAPPER,12,4369,21.045548654244307,0.75379572118702554
160,413,RQ32_RANDOM_ROTATION_WRAPPER,12,4369,22.578692493946733,0.88155770782889431
161,493,RQ32_RANDOM_ROTATION_WRAPPER,12,4369,20.862068965517242,0.7385057471264368
162,513,RQ32_RANDOM_ROTATION_WRAPPER,12,4369,20.516569200779728,0.70971410006497726
163,454,RQ32_RANDOM_ROTATION_WRAPPER,12,4369,21.623348017621147,0.80194566813509549
164,468,RQ32_RANDOM_ROTATION_WRAPPER,12,4369,21.335470085470085,0.77795584045584043
165,482,RQ32_RANDOM_ROTATION_WRAPPER,12,4369,21.064315352697093,0.75535961272475793
166,471,RQ32_RANDOM_ROTATION_WRAPPER,12,4369,21.276008492569002,0.77300070771408347
167,429,RQ32_RANDOM_ROTATION_WRAPPER,12,4369,22.184149184149184,0.84867909867909863
168,470,RQ32_RANDOM_ROTATION_WRAPPER,12,4369,21.295744680851065,0.77464539007092204
169,505,RQ32_RANDOM_ROTATION_WRAPPER,12,4369,20.651485148514851,0.72095709570957101
170,513,RQ32_RANDOM_ROTATION_WRAPPER,12,4369,20.516569200779728,0.70971410006497726
171,460,RQ32_RANDOM_ROTATION_WRAPPER,12,4369,21.497826086956522,0.79148550724637678
172,500,RQ32_RANDOM_ROTATION_WRAPPER,12,4369,20.738,0.72816666666666663
173,483,RQ32_RANDOM_ROTATION_WRAPPER,12,4369,21.045548654244307,0.75379572118702554
174,495,RQ32_RANDOM_ROTATION_WRAPPER,12,4369,20.826262626262626,0.73552188552188558
175,614,RQ32_RANDOM_ROTATION_WRAPPER,12,4369,19.115635179153095,0.59296959826275786
176,493,RQ32_RANDOM_ROTATION_WRAPPER,12,4369,20.862068965517242,0.7385057471264368
177,514,RQ32_RANDOM_ROTATION_WRAPPER,12,4369,20.5,0.70833333333333337
178,550,RQ32_RANDOM_ROTATION_WRAPPER,12,4369,19.943636363636365,0.66196969696969699
179,439,RQ32_RANDOM_ROTATION_WRAPPER,12,4369,21.95216400911162,0.82934700075930146
180,466,RQ32_RANDOM_ROTATION_WRAPPER,12,4369,21.375536480686698,0.78129470672389123
181,501,RQ32_RANDOM_ROTATION_WRAPPER,12,4369,20.72055888223553,0.72671324018629413
182,496,RQ32_RANDOM_ROTATION_WRAPPER,12,4369,20.808467741935484,0.73403897849462363
183,516,RQ32_RANDOM_ROTATION_WRAPPER,12,4369,20.467054263565892,0.70558785529715762
184,446,RQ32_RANDOM_ROTATION_WRAPPER,12,4369,21.795964125560538,0.81633034379671154
185,469,RQ32_RANDOM_ROTATION_WRAPPER,12,4369,21.315565031982942,0.7762970859985785
186,490,RQ32_RANDOM_ROTATION_WRAPPER,12,4369,20.916326530612245,0.74302721088435375
187,491,RQ32_RANDOM_ROTATION_WRAPPER,12,4369,20.898167006109979,0.74151391717583159
188,474,RQ32_RANDOM_ROTATION_WRAPPER,12,4369,21.21729957805907,0.76810829817158932
189,466,RQ32_RANDOM_ROTATION_WRAPPER,12,4369,21.375536480686698,0.78129470672389123
190,489,RQ32_RANDOM_ROTATION_WRAPPER,12,4369,20.934560327198362,0.74454669393319695
191,542,RQ32_RANDOM_ROTATION_WRAPPER,12,4369,20.06088560885609,0.67174046740467408
192,527,RQ32_RANDOM_ROTATION_WRAPPER,12,4369,20.29032258064516,0.69086021505376349
193,506,RQ32_RANDOM_ROTATION_WRAPPER,12,4369,20.634387351778656,0.71953227931488806
194,489,RQ32_RANDOM_ROTATION_WRAPPER,12,4369,20.934560327198362,0.74454669393319695
195,564,RQ32_RANDOM_ROTATION_WRAPPER,12,4369,19.74645390070922,0.64553782505910162
196,502,RQ32_RANDOM_ROTATION_WRAPPER,12,4369,20.703187250996017,0.72526560424966802
197,554,RQ32_RANDOM_ROTATION_WRAPPER,12,4369,19.886281588447652,0.65719013237063784
198,487,RQ32_RANDOM_ROTATION_WRAPPER,12,4369,20.971252566735114,0.74760438056125944
199,510,RQ32_RANDOM_ROTATION_WRAPPER,12,4369,20.566666666666666,0.71388888888888891
200,511,RQ32_RANDOM_ROTATION_WRAPPER,12,4369,20.549902152641877,0.71249184605348992
201,484,RQ32_RANDOM_ROTATION_WRAPPER,12,4369,21.026859504132233,0.75223829201101933
202,396,RQ32_RANDOM_ROTATION_WRAPPER,12,4369,23.032828282828284,0.91940235690235694
203,512,RQ32_RANDOM_ROTATION_WRAPPER,12,4369,20.533203125,0.71110026041666663
204,453,RQ32_RANDOM_ROTATION_WRAPPER,12,4369,21.644591611479029,0.80371596762325237
205,493,RQ32_RANDOM_ROTATION_WRAPPER,12,4369,20.862068965517242,0.7385057471264368
206,485,RQ32_RANDOM_ROTATION_WRAPPER,12,4369,21.008247422680412,0.7506872852233677
207,503,RQ32_RANDOM_ROTATION_WRAPPER,12,4369,20.685884691848905,0.72382372432074227
208,493,RQ32_RANDOM_ROTATION_WRAPPER,12,4369,20.862068965517242,0.7385057471264368
209,474,RQ32_RANDOM_ROTATION_WRAPPER,12,4369,21.21729957805907,0.76810829817158932
210,479,RQ32_RANDOM_ROTATION_WRAPPER,12,4369,21.121085594989562,0.76009046624913013
211,467,RQ32_RANDOM_ROTATION_WRAPPER,12,4369,21.355460385438974,0.77962169878658105
212,469,RQ32_RANDOM_ROTATION_WRAPPER,12,4369,21.315565031982942,0.7762970859985785
213,528,RQ32_RANDOM_ROTATION_WRAPPER,12,4369,20.274621212121211,0.68955176767676762
214,523,RQ32_RANDOM_ROTATION_WRAPPER,12,4369,20.35372848948375,0.69614404079031234
215,512,RQ32_RANDOM_ROTATION_WRAPPER,12,4369,20.533203125,0.71110026041666663
216,508,RQ32_RANDOM_ROTATION_WRAPPER,12,4369,20.6003937007874,0.71669947506561682
217,492,RQ32_RANDOM_ROTATION_WRAPPER,12,4369,20.880081300813011,0.7400067750677507
218,537,RQ32_RANDOM_ROTATION_WRAPPER,12,4369,20.135940409683428,0.6779950341402855
219,434,RQ32_RANDOM_ROTATION_WRAPPER,12,4369,22.066820276497694,0.83890168970814127
220,468,RQ32_RANDOM_ROTATION_WRAPPER,12,4369,21.335470085470085,0.77795584045584043
221,454,RQ32_RANDOM_ROTATION_WRAPPER,12,4369,21.623348017621147,0.80194566813509549
222,498,RQ32_RANDOM_ROTATION_WRAPPER,12,4369,20.773092369477911,0.73109103078982596
223,486,RQ32_RANDOM_ROTATION_WRAPPER,12,4369,20.989711934156379,0.74914266117969819
224,487,RQ32_RANDOM_ROTATION_WRAPPER,12,4369,20.971252566735114,0.74760438056125944
225,485,RQ32_RANDOM_ROTATION_WRAPPER,12,4369,21.008247422680412,0.7506872852233677
226,489,RQ32_RANDOM_ROTATION_WRAPPER,12,4369,20.934560327198362,0.74454669393319695
227,455,RQ32_RANDOM_ROTATION_WRAPPER,12,4369,21.6021978021978,0.80018315018315023
228,489,RQ32_RANDOM_ROTATION_WRAPPER,12,4369,20.934560327198362,0.74454669393319695
229,510,RQ32_RANDOM_ROTATION_WRAPPER,12,4369,20.566666666666666,0.71388888888888891
230,507,RQ32_RANDOM_ROTATION_WRAPPER,12,4369,20.617357001972387,0.71811308349769887
231,487,RQ32_RANDOM_ROTATION_WRAPPER,12,4369,20.971252566735114,0.74760438056125944
232,473,RQ32_RANDOM_ROTATION_WRAPPER,12,4369,21.236786469344608,0.76973220577871737
233,486,RQ32_RANDOM_ROTATION_WRAPPER,12,4369,20.989711934156379,0.74914266117969819
234,530,RQ32_RANDOM_ROTATION_WRAPPER,12,4369,20.243396226415094,0.68694968553459124
235,532,RQ32_RANDOM_ROTATION_WRAPPER,12,4369,20.212406015037594,0.68436716791979946
236,541,RQ32_RANDOM_ROTATION_WRAPPER,12,4369,20.075785582255083,0.67298213185459022
237,459,RQ32_RANDOM_ROTATION_WRAPPER,12,4369,21.518518518518519,0.79320987654320985
238,493,RQ32_RANDOM_ROTATION_WRAPPER,12,4369,20.862068965517242,0.7385057471264368
239,537,RQ32_RANDOM_ROTATION_WRAPPER,12,4369,20.135940409683428,0.6779950341402855
240,476,RQ32_RANDOM_ROTATION_WRAPPER,12,4369,21.178571428571431,0.76488095238095233
241,534,RQ32_RANDOM_ROTATION_WRAPPER,12,4369,20.181647940074907,0.68180399500624222
242,560,RQ32_RANDOM_ROTATION_WRAPPER,12,4369,19.801785714285714,0.65014880952380949
243,457,RQ32_RANDOM_ROTATION_WRAPPER,12,4369,21.560175054704594,0.7966812545587163
244,492,RQ32_RANDOM_ROTATION_WRAPPER,12,4369,20.880081300813011,0.7400067750677507
245,474,RQ32_RANDOM_ROTATION_WRAPPER,12,4369,21.21729957805907,0.76810829817158932
246,448,RQ32_RANDOM_ROTATION_WRAPPER,12,4369,21.752232142857142,0.81268601190476186
247,584,RQ32_RANDOM_ROTATION_WRAPPER,12,4369,19.481164383561644,0.62343036529680362
248,467,RQ32_RANDOM_ROTATION_WRAPPER,12,4369,21.355460385438974,0.77962169878658105
249,478,RQ32_RANDOM_ROTATION_WRAPPER,12,4369,21.140167364016737,0.76168061366806139
250,484,RQ32_RANDOM_ROTATION_WRAPPER,12,4369,21.026859504132233,0.75223829201101933
251,529,RQ32_RANDOM_ROTATION_WRAPPER,12,4369,20.258979206049148,0.68824826717076248
252,512,RQ32_RANDOM_ROTATION_WRAPPER,12,4369,20.533203125,0.71110026041666663
253,476,RQ32_RANDOM_ROTATION_WRAPPER,12,4369,21.178571428571431,0.76488095238095233
254,496,RQ32_RANDOM_ROTATION_WRAPPER,12,4369,20.808467741935484,0.73403897849462363
255,489,RQ32_RANDOM_ROTATION_WRAPPER,12,4369,20.934560327198362,0.74454669393319695
256,476,RQ32_RANDOM_ROTATION_WRAPPER,12,4369,21.178571428571431,0.76488095238095233
257,485,RQ32_RANDOM_ROTATION_WRAPPER,12,4369,21.008247422680412,0.7506872852233677
258,529,RQ32_RANDOM_ROTATION_WRAPPER,12,4369,20.258979206049148,0.68824826717076248
259,466,RQ32_RANDOM_ROTATION_WRAPPER,12,4369,21.375536480686698,0.78129470672389123
260,495,RQ32_RANDOM_ROTATION_WRAPPER,12,4369,20.826262626262626,0.73552188552188558
261,495,RQ32_RANDOM_ROTATION_WRAPPER,12,4369,20.826262626262626,0.73552188552188558
262,502,RQ32_RANDOM_ROTATION_WRAPPER,12,4369,20.703187250996017,0.72526560424966802
263,484,RQ32_RANDOM_ROTATION_WRAPPER,12,4369,21.026859504132233,0.75223829201101933
264,503,RQ32_RANDOM_ROTATION_WRAPPER,12,4369,20.685884691848905,0.72382372432074227
265,502,RQ32_RANDOM_ROTATION_WRAPPER,12,4369,20.703187250996017,0.72526560424966802
266,494,RQ32_RANDOM_ROTATION_WRAPPER,12,4369,20.844129554655872,0.73701079622132248
267,463,RQ32_RANDOM_ROTATION_WRAPPER,12,4369,21.436285097192226,0.7863570914326854
268,502,RQ32_RANDOM_ROTATION_WRAPPER,12,4369,20.703187250996017,0.72526560424966802
269,478,RQ32_RANDOM_ROTATION_WRAPPER,12,4369,21.140167364016737,0.76168061366806139
270,457,RQ32_RANDOM_ROTATION_WRAPPER,12,4369,21.560175054704594,0.7966812545587163
271,516,RQ32_RANDOM_ROTATION_WRAPPER,12,4369,20.467054263565892,0.70558785529715762
272,510,RQ32_RANDOM_ROTATION_WRAPPER,12,4369,20.566666666666666,0.71388888888888891
273,460,RQ32_RANDOM_ROTATION_WRAPPER,12,4369,21.497826086956522,0.79148550724637678
274,516,RQ32_RANDOM_ROTATION_WRAPPER,12,4369,20.467054263565892,0.70558785529715762
275,456,RQ32_RANDOM_ROTATION_WRAPPER,12,4369,21.581140350877192,0.79842836257309946
276,492,RQ32_RANDOM_ROTATION_WRAPPER,12,4369,20.880081300813011,0.7400067750677507
277,409,RQ32_RANDOM_ROTATION_WRAPPER,12,4369,22.682151589242054,0.89017929910350446
278,454,RQ32_RANDOM_ROTATION_WRAPPER,12,4369,21.623348017621147,0.80194566813509549
279,495,RQ32_RANDOM_ROTATION_WRAPPER,12,4369,20.826262626262626,0.73552188552188558
280,487,RQ32_RANDOM_ROTATION_WRAPPER,12,4369,20.971252566735114,0.74760438056125944
281,467,RQ32_RANDOM_ROTATION_WRAPPER,12,4369,21.355460385438974,0.77962169878658105
282,537,RQ32_RANDOM_ROTATION_WRAPPER,12,4369,20.135940409683428,0.6779950341402855
283,453,RQ32_RANDOM_ROTATION_WRAPPER,12,4369,21.644591611479029,0.80371596762325237
284,516,RQ32_RANDOM_ROTATION_WRAPPER,12,4369,20.467054263565892,0.70558785529715762
285,492,RQ32_RANDOM_ROTATION_WRAPPER,12,4369,20.880081300813011,0.7400067750677507
286,509,RQ32_RANDOM_ROTATION_WRAPPER,12,4369,20.583497053045186,0.71529142108709887
287,478,RQ32_RANDOM_ROTATION_WRAPPER,12,4369,21.140167364016737,0.76168061366806139
288,528,RQ32_RANDOM_ROTATION_WRAPPER,12,4369,20.274621212121211,0.68955176767676762
289,488,RQ32_RANDOM_ROTATION_WRAPPER,12,4369,20.952868852459016,0.74607240437158473
290,490,RQ32_RANDOM_ROTATION_WRAPPER,12,4369,20.916326530612245,0.74302721088435375
291,485,RQ32_RANDOM_ROTATION_WRAPPER,12,4369,21.008247422680412,0.7506872852233677
292,469,RQ32_RANDOM_ROTATION_WRAPPER,12,4369,21.315565031982942,0.7762970859985785
293,477,RQ32_RANDOM_ROTATION_WRAPPER,12,4369,21.159329140461217,0.76327742837176804
294,520,RQ32_RANDOM_ROTATION_WRAPPER,12,4369,20.401923076923076,0.70016025641025637
295,478,RQ32_RANDOM_ROTATION_WRAPPER,12,4369,21.140167364016737,0.76168061366806139
296,459,RQ32_RANDOM_ROTATION_WRAPPER,12,4369,21.518518518518519,0.79320987654320985
297,487,RQ32_RANDOM_ROTATION_WRAPPER,12,4369,20.971252566735114,0.74760438056125944
298,504,RQ32_RANDOM_ROTATION_WRAPPER,12,4369,20.668650793650794,0.72238756613756616
299,504,RQ32_RANDOM_ROTATION_WRAPPER,12,4369,20.668650793650794,0.72238756613756616
300,511,RQ32_RANDOM_ROTATION_WRAPPER,12,4369,20.549902152641877,0.71249184605348992
301,493,RQ32_RANDOM_ROTATION_WRAPPER,12,4369,20.862068965517242,0.7385057471264368
302,466,RQ32_RANDOM_ROTATION_WRAPPER,12,4369,21.375536480686698,0.78129470672389123
303,462,RQ32_RANDOM_ROTATION_WRAPPER,12,4369,21.456709956709958,0.78805916305916301
304,496,RQ32_RANDOM_ROTATION_WRAPPER,12,4369,20.808467741935484,0.73403897849462363
305,493,RQ32_RANDOM_ROTATION_WRAPPER,12,4369,20.862068965517242,0.7385057471264368
306,457,RQ32_RANDOM_ROTATION_WRAPPER,12,4369,21.560175054704594,0.7966812545587163
307,471,RQ32_RANDOM_ROTATION_WRAPPER,12,4369,21.276008492569002,0.77300070771408347
308,521,RQ32_RANDOM_ROTATION_WRAPPER,12,4369,20.385796545105567,0.69881637875879721
309,493,RQ32_RANDOM_ROTATION_WRAPPER,12,4369,20.862068965517242,0.7385057471264368
310,550,RQ32_RANDOM_ROTATION_WRAPPER,12,4369,19.943636363636365,0.66196969696969699
311,429,RQ32_RANDOM_ROTATION_WRAPPER,12,4369,22.184149184149184,0.84867909867909863
312,512,RQ32_RANDOM_ROTATION_WRAPPER,12,4369,20.533203125,0.71110026041666663
313,485,RQ32_RANDOM_ROTATION_WRAPPER,12,4369,21.008247422680412,0.7506872852233677
314,530,RQ32_RANDOM_ROTATION_WRAPPER,12,4369,20.243396226415094,0.68694968553459124
315,479,RQ32_RANDOM_ROTATION_WRAPPER,12,4369,21.121085594989562,0.76009046624913013
316,474,RQ32_RANDOM_ROTATION_WRAPPER,12,4369,21.21729957805907,0.76810829817158932
317,532,RQ32_RANDOM_ROTATION_WRAPPER,12,4369,20.212406015037594,0.68436716791979946
318,437,RQ32_RANDOM_ROTATION_WRAPPER,12,4369,21.997711670480548,0.83314263920671239
319,469,RQ32_RANDOM_ROTATION_WRAPPER,12,4369,21.315565031982942,0.7762970859985785
320,520,RQ32_RANDOM_ROTATION_WRAPPER,12,4369,20.401923076923076,0.70016025641025637
321,533,RQ32_RANDOM_ROTATION_WRAPPER,12,4369,20.196998123827392,0.68308317698561605
322,504,RQ32_RANDOM_ROTATION_WRAPPER,12,4369,20.668650793650794,0.72238756613756616
323,521,RQ32_RANDOM_ROTATION_WRAPPER,12,4369,20.385796545105567,0.69881637875879721
324,475,RQ32_RANDOM_ROTATION_WRAPPER,12,4369,21.197894736842105,0.76649122807017545
325,476,RQ32_RANDOM_ROTATION_WRAPPER,12,4369,21.178571428571431,0.76488095238095233
326,505,RQ32_RANDOM_ROTATION_WRAPPER,12,4369,20.651485148514851,0.72095709570957101
327,470,RQ32_RANDOM_ROTATION_WRAPPER,12,4369,21.295744680851065,0.77464539007092204
328,516,RQ32_RANDOM_ROTATION_WRAPPER,12,4369,20.467054263565892,0.70558785529715762
329,480,RQ32_RANDOM_ROTATION_WRAPPER,12,4369,21.102083333333333,0.75850694444444444
330,523,RQ32_RANDOM_ROTATION_WRAPPER,12,4369,20.35372848948375,0.69614404079031234
331,530,RQ32_RANDOM_ROTATION_WRAPPER,12,4369,20.243396226415094,0.68694968553459124
332,458,RQ32_RANDOM_ROTATION_WRAPPER,12,4369,21.539301310043669,0.79494177583697234
333,519,RQ32_RANDOM_ROTATION_WRAPPER,12,4369,20.418111753371868,0.70150931278098905
334,550,RQ32_RANDOM_ROTATION_WRAPPER,12,4369,19.943636363636365,0.66196969696969699
335,530,RQ32_RANDOM_ROTATION_WRAPPER,12,4369,20.243396226415094,0.68694968553459124
336,506,RQ32_RANDOM_ROTATION_WRAPPER,12,4369,20.634387351778656,0.71953227931488806
337,461,RQ32_RANDOM_ROTATION_WRAPPER,12,4369,21.477223427331886,0.78976861894432393
338,448,RQ32_RANDOM_ROTATION_WRAPPER,12,4369,21.752232142857142,0.81268601190476186
339,493,RQ32_RANDOM_ROTATION_WRAPPER,12,4369,20.862068965517242,0.7385057471264368
340,496,RQ32_RANDOM_ROTATION_WRAPPER,12,4369,20.808467741935484,0.73403897849462363
341,506,RQ32_RANDOM_ROTATION_WRAPPER,12,4369,20.634387351778656,0.71953227931488806
342,481,RQ32_RANDOM_ROTATION_WRAPPER,12,4369,21.083160083160081,0.75693000693000689
343,483,RQ32_RANDOM_ROTATION_WRAPPER,12,4369,21.045548654244307,0.75379572118702554
344,533,RQ32_RANDOM_ROTATION_WRAPPER,12,4369,20.196998123827392,0.68308317698561605
345,589,RQ32_RANDOM_ROTATION_WRAPPER,12,4369,19.417657045840407,0.61813808715336727
346,464,RQ32_RANDOM_ROTATION_WRAPPER,12,4369,21.415948275862071,0.78466235632183912
347,476,RQ32_RANDOM_ROTATION_WRAPPER,12,4369,21.178571428571431,0.76488095238095233
348,513,RQ32_RANDOM_ROTATION_WRAPPER,12,4369,20.516569200779728,0.70971410006497726
349,489,RQ32_RANDOM_ROTATION_WRAPPER,12,4369,20.934560327198362,0.74454669393319695
350,495,RQ32_RANDOM_ROTATION_WRAPPER,12,4369,20.826262626262626,0.73552188552188558
351,543,RQ32_RANDOM_ROTATION_WRAPPER,12,4369,20.046040515653775,0.67050337630448131
352,482,RQ32_RANDOM_ROTATION_WRAPPER,12,4369,21.064315352697093,0.75535961272475793
353,513,RQ32_RANDOM_ROTATION_WRAPPER,12,4369,20.516569200779728,0.70971410006497726
354,445,RQ32_RANDOM_ROTATION_WRAPPER,12,4369,21.817977528089887,0.81816479400749065
355,522,RQ32_RANDOM_ROTATION_WRAPPER,12,4369,20.369731800766282,0.69747765006385698
356,497,RQ32_RANDOM_ROTATION_WRAPPER,12,4369,20.790744466800803,0.7325620389000671
357,500,RQ32_RANDOM_ROTATION_WRAPPER,12,4369,20.738,0.72816666666666663
358,508,RQ32_RANDOM_ROTATION_WRAPPER,12,4369,20.6003937007874,0.71669947506561682
359,515,RQ32_RANDOM_ROTATION_WRAPPER,12,4369,20.483495145631068,0.70695792880258901
360,585,RQ32_RANDOM_ROTATION_WRAPPER,12,4369,19.468376068376067,0.62236467236467241
361,484,RQ32_RANDOM_ROTATION_WRAPPER,12,4369,21.026859504132233,0.75223829201101933
362,424,RQ32_RANDOM_ROTATION_WRAPPER,12,4369,22.304245283018869,0.85868710691823902
363,487,RQ32_RANDOM_ROTATION_WRAPPER,12,4369,20.971252566735114,0.74760438056125944
364,504,RQ32_RANDOM_ROTATION_WRAPPER,12,4369,20.668650793650794,0.72238756613756616
365,473,RQ32_RANDOM_ROTATION_WRAPPER,12,4369,21.236786469344608,0.76973220577871737
366,442,RQ32_RANDOM_ROTATION_WRAPPER,12,4369,21.884615384615387,0.82371794871794868
367,459,RQ32_RANDOM_ROTATION_WRAPPER,12,4369,21.518518518518519,0.79320987654320985
368,527,RQ32_RANDOM_ROTATION_WRAPPER,12,4369,20.29032258064516,0.69086021505376349
369,506,RQ32_RANDOM_ROTATION_WRAPPER,12,4369,20.634387351778656,0.71953227931488806
370,497,RQ32_RANDOM_ROTATION_WRAPPER,12,4369,20.790744466800803,0.7325620389000671
371,470,RQ32_RANDOM_ROTATION_WRAPPER,12,4369,21.295744680851065,0.77464539007092204
372,495,RQ32_RANDOM_ROTATION_WRAPPER,12,4369,20.826262626262626,0.73552188552188558
373,533,RQ32_RANDOM_ROTATION_WRAPPER,12,4369,20.196998123827392,0.68308317698561605
374,474,RQ32_RANDOM_ROTATION_WRAPPER,12,4369,21.21729957805907,0.76810829817158932
375,453,RQ32_RANDOM_ROTATION_WRAPPER,12,4369,21.644591611479029,0.80371596762325237
376,483,RQ32_RANDOM_ROTATION_WRAPPER,12,4369,21.045548654244307,0.75379572118702554
377,517,RQ32_RANDOM_ROTATION_WRAPPER,12,4369,20.450676982591876,0.70422308188265637
378,479,RQ32_RANDOM_ROTATION_WRAPPER,12,4369,21.121085594989562,0.76009046624913013
379,498,RQ32_RANDOM_ROTATION_WRAPPER,12,4369,20.773092369477911,0.73109103078982596
380,446,RQ32_RANDOM_ROTATION_WRAPPER,12,4369,21.795964125560538,0.81633034379671154
381,511,RQ32_RANDOM_ROTATION_WRAPPER,12,4369,20.549902152641877,0.71249184605348992
382,467,RQ32_RANDOM_ROTATION_WRAPPER,12,4369,21.355460385438974,0.77962169878658105
383,495,RQ32_RANDOM_ROTATION_WRAPPER,12,4369,20.826262626262626,0.73552188552188558
384,465,RQ32_RANDOM_ROTATION_WRAPPER,12,4369,21.395698924731185,0.78297491039426526
385,502,RQ32_RANDOM_ROTATION_WRAPPER,12,4369,20.703187250996017,0.72526560424966802
386,591,RQ32_RANDOM_ROTATION_WRAPPER,12,4369,19.392554991539761,0.61604624929498031
387,483,RQ32_RANDOM_ROTATION_WRAPPER,12,4369,21.045548654244307,0.75379572118702554
388,458,RQ32_RANDOM_ROTATION_WRAPPER,12,4369,21.539301310043669,0.79494177583697234
389,472,RQ32_RANDOM_ROTATION_WRAPPER,12,4369,21.256355932203391,0.77136299435028244
390,474,RQ32_RANDOM_ROTATION_WRAPPER,12,4369,21.21729957805907,0.76810829817158932
391,515,RQ32_RANDOM_ROTATION_WRAPPER,12,4369,20.483495145631068,0.70695792880258901
392,457,RQ32_RANDOM_ROTATION_WRAPPER,12,4369,21.560175054704594,0.7966812545587163
393,465,RQ32_RANDOM_ROTATION_WRAPPER,12,4369,21.395698924731185,0.78297491039426526
394,493,RQ32_RANDOM_ROTATION_WRAPPER,12,4369,20.862068965517242,0.7385057471264368
395,501,RQ32_RANDOM_ROTATION_WRAPPER,12,4369,20.72055888223553,0.72671324018629413
396,498,RQ32_RANDOM_ROTATION_WRAPPER,12,4369,20.773092369477911,0.73109103078982596
397,460,RQ32_RANDOM_ROTATION_WRAPPER,12,4369,21.497826086956522,0.79148550724637678
398,532,RQ32_RANDOM_ROTATION_WRAPPER,12,4369,20.212406015037594,0.68436716791979946
399,486,RQ32_RANDOM_ROTATION_WRAPPER,12,4369,20.989711934156379,0.74914266117969819
400,469,RQ32_RANDOM_ROTATION_WRAPPER,12,4369,21.315565031982942,0.7762970859985785
401,500,RQ32_RANDOM_ROTATION_WRAPPER,12,4369,20.738,0.72816666666666663
402,460,RQ32_RANDOM_ROTATION_WRAPPER,12,4369,21.497826086956522,0.79148550724637678
403,520,RQ32_RANDOM_ROTATION_WRAPPER,12,4369,20.401923076923076,0.70016025641025637
404,472,RQ32_RANDOM_ROTATION_WRAPPER,12,4369,21.256355932203391,0.77136299435028244
405,513,RQ32_RANDOM_ROTATION_WRAPPER,12,4369,20.516569200779728,0.70971410006497726
406,516,RQ32_RANDOM_ROTATION_WRAPPER,12,4369,20.467054263565892,0.70558785529715762
407,484,RQ32_RANDOM_ROTATION_WRAPPER,12,4369,21.026859504132233,0.75223829201101933
408,497,RQ32_RANDOM_ROTATION_WRAPPER,12,4369,20.790744466800803,0.7325620389000671
409,481,RQ32_RANDOM_ROTATION_WRAPPER,12,4369,21.083160083160081,0.75693000693000689
410,547,RQ32_RANDOM_ROTATION_WRAPPER,12,4369,19.987202925045704,0.66560024375380866
411,467,RQ32_RANDOM_ROTATION_WRAPPER,12,4369,21.355460385438974,0.77962169878658105
412,452,RQ32_RANDOM_ROTATION_WRAPPER,12,4369,21.665929203539825,0.80549410029498525
413,491,RQ32_RANDOM_ROTATION_WRAPPER,12,4369,20.898167006109979,0.74151391717583159
414,459,RQ32_RANDOM_ROTATION_WRAPPER,12,4369,21.518518518518519,0.79320987654320985
415,565,RQ32_RANDOM_ROTATION_WRAPPER,12,4369,19.732743362831858,0.64439528023598824
416,489,RQ32_RANDOM_ROTATION_WRAPPER,12,4369,20.934560327198362,0.74454669393319695
417,467,RQ32_RANDOM_ROTATION_WRAPPER,12,4369,21.355460385438974,0.77962169878658105
418,525,RQ32_RANDOM_ROTATION_WRAPPER,12,4369,20.321904761904761,0.69349206349206349
419,480,RQ32_RANDOM_ROTATION_WRAPPER,12,4369,21.102083333333333,0.75850694444444444
420,482,RQ32_RANDOM_ROTATION_WRAPPER,12,4369,21.064315352697093,0.75535961272475793
421,505,RQ32_RANDOM_ROTATION_WRAPPER,12,4369,20.651485148514851,0.72095709570957101
422,561,RQ32_RANDOM_ROTATION_WRAPPER,12,4369,19.787878787878789,0.64898989898989901
423,467,RQ32_RANDOM_ROTATION_WRAPPER,12,4369,21.355460385438974,0.77962169878658105
424,519,RQ32_RANDOM_ROTATION_WRAPPER,12,4369,20.418111753371868,0.70150931278098905
425,516,RQ32_RANDOM_ROTATION_WRAPPER,12,4369,20.467054263565892,0.70558785529715762
426,480,RQ32_RANDOM_ROTATION_WRAPPER,12,4369,21.102083333333333,0.75850694444444444
427,533,RQ32_RANDOM_ROTATION_WRAPPER,12,4369,20.196998123827392,0.68308317698561605
428,558,RQ32_RANDOM_ROTATION_WRAPPER,12,4369,19.829749103942653,0.65247909199522103
429,497,RQ32_RANDOM_ROTATION_WRAPPER,12,4369,20.790744466800803,0.7325620389000671
430,489,RQ32_RANDOM_ROTATION_WRAPPER,12,4369,20.934560327198362,0.74454669393319695
431,500,RQ32_RANDOM_ROTATION_WRAPPER,12,4369,20.738,0.72816666666666663
432,505,RQ32_RANDOM_ROTATION_WRAPPER,12,4369,20.651485148514851,0.72095709570957101
433,493,RQ32_RANDOM_ROTATION_WRAPPER,12,4369,20.862068965517242,0.7385057471264368
434,485,RQ32_RANDOM_ROTATION_WRAPPER,12,4369,21.008247422680412,0.7506872852233677
435,480,RQ32_RANDOM_ROTATION_WRAPPER,12,4369,21.102083333333333,0.75850694444444444
436,444,RQ32_RANDOM_ROTATION_WRAPPER,12,4369,21.84009009009009,0.8200075075075075
437,445,RQ32_RANDOM_ROTATION_WRAPPER,12,4369,21.817977528089887,0.81816479400749065
438,490,RQ32_RANDOM_ROTATION_WRAPPER,12,4369,20.916326530612245,0.74302721088435375
439,470,RQ32_RANDOM_ROTATION_WRAPPER,12,4369,21.295744680851065,0.77464539007092204
440,498,RQ32_RANDOM_ROTATION_WRAPPER,12,4369,20.773092369477911,0.73109103078982596
441,476,RQ32_RANDOM_ROTATION_WRAPPER,12,4369,21.178571428571431,0.76488095238095233
442,477,RQ32_RANDOM_ROTATION_WRAPPER,12,4369,21.159329140461217,0.76327742837176804
443,481,RQ32_RANDOM_ROTATION_WRAPPER,12,4369,21.083160083160081,0.75693000693000689
444,476,RQ32_RANDOM_ROTATION_WRAPPER,12,4369,21.178571428571431,0.76488095238095233
445,457,RQ32_RANDOM_ROTATION_WRAPPER,12,4369,21.560175054704594,0.7966812545587163
446,542,RQ32_RANDOM_ROTATION_WRAPPER,12,4369,20.06088560885609,0.67174046740467408
447,500,RQ32_RANDOM_ROTATION_WRAPPER,12,4369,20.738,0.72816666666666663
448,537,RQ32_RANDOM_ROTATION_WRAPPER,12,4369,20.135940409683428,0.6779950341402855
449,500,RQ32_RANDOM_ROTATION_WRAPPER,12,4369,20.738,0.72816666666666663
450,508,RQ32_RANDOM_ROTATION_WRAPPER,12,4369,20.6003937007874,0.71669947506561682
451,477,RQ32_RANDOM_ROTATION_WRAPPER,12,4369,21.159329140461217,0.76327742837176804
452,480,RQ32_RANDOM_ROTATION_WRAPPER,12,4369,21.102083333333333,0.75850694444444444
453,491,RQ32_RANDOM_ROTATION_WRAPPER,12,4369,20.898167006109979,0.74151391717583159
454,438,RQ32_RANDOM_ROTATION_WRAPPER,12,4369,21.974885844748858,0.83124048706240483
455,495,RQ32_RANDOM_ROTATION_WRAPPER,12,4369,20.826262626262626,0.73552188552188558
456,534,RQ32_RANDOM_ROTATION_WRAPPER,12,4369,20.181647940074907,0.68180399500624222
457,497,RQ32_RANDOM_ROTATION_WRAPPER,12,4369,20.790744466800803,0.7325620389000671
458,467,RQ32_RANDOM_ROTATION_WRAPPER,12,4369,21.355460385438974,0.77962169878658105
459,566,RQ32_RANDOM_ROTATION_WRAPPER,12,4369,19.719081272084807,0.64325677267373382
460,444,RQ32_RANDOM_ROTATION_WRAPPER,12,4369,21.84009009009009,0.8200075075075075
461,507,RQ32_RANDOM_ROTATION_WRAPPER,12,4369,20.617357001972387,0.71811308349769887
462,490,RQ32_RANDOM_ROTATION_WRAPPER,12,4369,20.916326530612245,0.74302721088435375
463,516,RQ32_RANDOM_ROTATION_WRAPPER,12,4369,20.467054263565892,0.70558785529715762
464,479,RQ32_RANDOM_ROTATION_WRAPPER,12,4369,21.121085594989562,0.76009046624913013
465,495,RQ32_RANDOM_ROTATION_WRAPPER,12,4369,20.826262626262626,0.73552188552188558
466,454,RQ32_RANDOM_ROTATION_WRAPPER,12,4369,21.623348017621147,0.80194566813509549
467,498,RQ32_RANDOM_ROTATION_WRAPPER,12,4369,20.773092369477911,0.73109103078982596
468,507,RQ32_RANDOM_ROTATION_WRAPPER,12,4369,20.617357001972387,0.71811308349769887
469,556,RQ32_RANDOM_ROTATION_WRAPPER,12,4369,19.85791366906475,0.654826139088729
470,471,RQ32_RANDOM_ROTATION_WRAPPER,12,4369,21.276008492569002,0.77300070771408347
